panorama,representation,N,samples,codec,quality,bytes,samplePsnr,viewPsnr,viewSsim,bitsPerSample
northrop-mall,equirect,1280,3276800,raw,,9830400,,31.38455,0.9511098,24
northrop-mall,equirect,1280,3276800,png,,5323577,,31.38455,0.9511098,12.99701
northrop-mall,equirect,1280,3276800,jpeg,40,406718,26.9506,27.88888,0.9120768,0.9929639
northrop-mall,equirect,1280,3276800,jpeg,60,540361,28.31357,28.65492,0.9268478,1.319241
northrop-mall,equirect,1280,3276800,jpeg,75,711745,29.95674,29.36763,0.9372175,1.737659
northrop-mall,equirect,1280,3276800,jpeg,85,948791,31.97622,29.93143,0.9436764,2.316384
northrop-mall,equirect,1280,3276800,jpeg,92,1276057,34.13021,30.35272,0.9474416,3.115374
northrop-mall,equirect,1280,3276800,jpeg444,40,489605,27.80795,28.60443,0.9124181,1.195325
northrop-mall,equirect,1280,3276800,jpeg444,60,657802,29.45087,29.4254,0.9272019,1.605962
northrop-mall,equirect,1280,3276800,jpeg444,75,873015,31.52906,30.18715,0.9376185,2.131384
northrop-mall,equirect,1280,3276800,jpeg444,80,1003199,32.69433,30.40914,0.940922,2.449216
northrop-mall,equirect,1280,3276800,jpeg444,85,1183059,34.28378,30.68002,0.9440899,2.888328
northrop-mall,equirect,1280,3276800,jpeg444,92,1615477,38.10607,31.01822,0.9478439,3.944036
northrop-mall,equirect,1280,3276800,jpegjs,80,1007806,32.69584,30.40364,0.940753,2.460464
northrop-mall,equirect,1280,3276800,webp,40,402054,28.84973,28.70085,0.9204235,0.9815771
northrop-mall,equirect,1280,3276800,webp,60,523716,30.56857,29.31789,0.9314637,1.278604
northrop-mall,equirect,1280,3276800,webp,75,608664,31.54686,29.55973,0.9357801,1.485996
northrop-mall,equirect,1280,3276800,webp,85,843648,33.60576,30.01761,0.9425487,2.059687
northrop-mall,equirect,1280,3276800,webp,92,1135824,34.96009,30.27862,0.9462229,2.773008
northrop-mall,equirect,1280,3276800,avif,35,318799,28.33251,28.19405,0.9122925,0.7783179
northrop-mall,equirect,1280,3276800,avif,55,592247,31.79228,29.39041,0.9360769,1.445916
northrop-mall,equirect,1280,3276800,avif,75,897934,33.50164,29.80725,0.9431986,2.192222
walter-study,equirect,1280,3276800,raw,,9830400,,31.14823,0.9516403,24
walter-study,equirect,1280,3276800,png,,5852299,,31.14823,0.9516403,14.28784
walter-study,equirect,1280,3276800,jpeg,40,413419,28.91743,27.89175,0.9077222,1.009324
walter-study,equirect,1280,3276800,jpeg,60,549397,30.35913,28.64983,0.9238297,1.341301
walter-study,equirect,1280,3276800,jpeg,75,722073,31.99613,29.30301,0.9355133,1.762874
walter-study,equirect,1280,3276800,jpeg,85,962519,33.99608,29.86896,0.9437267,2.3499
walter-study,equirect,1280,3276800,jpeg,92,1299293,36.45494,30.30926,0.9485914,3.172102
walter-study,equirect,1280,3276800,jpeg444,40,495207,29.82361,28.80541,0.9078841,1.209001
walter-study,equirect,1280,3276800,jpeg444,60,670108,31.4725,29.56589,0.9239797,1.636006
walter-study,equirect,1280,3276800,jpeg444,75,887647,33.38428,30.17164,0.9356539,2.167107
walter-study,equirect,1280,3276800,jpeg444,80,1018768,34.4319,30.40442,0.9399136,2.487227
walter-study,equirect,1280,3276800,jpeg444,85,1200109,35.8332,30.63108,0.9438606,2.929954
walter-study,equirect,1280,3276800,jpeg444,92,1629089,39.12057,30.92741,0.948698,3.977268
walter-study,equirect,1280,3276800,jpegjs,80,1030683,34.43267,30.39506,0.9396992,2.516316
walter-study,equirect,1280,3276800,webp,40,379364,30.42523,28.34766,0.9076036,0.9261816
walter-study,equirect,1280,3276800,webp,60,489080,32.00471,29.07813,0.9248146,1.194043
walter-study,equirect,1280,3276800,webp,75,590750,33.23133,29.48285,0.9328949,1.442261
walter-study,equirect,1280,3276800,webp,85,851276,35.80523,30.06798,0.9429011,2.078311
walter-study,equirect,1280,3276800,webp,92,1175748,38.00313,30.43066,0.9481439,2.870479
walter-study,equirect,1280,3276800,avif,35,229851,29.07442,27.56834,0.8847632,0.5611597
walter-study,equirect,1280,3276800,avif,55,483478,32.9865,29.27025,0.9296878,1.180366
walter-study,equirect,1280,3276800,avif,75,804630,35.60035,29.93476,0.9436999,1.964429
bookstore,equirect,1280,3276800,raw,,9830400,,41.38231,0.9877687,24
bookstore,equirect,1280,3276800,png,,2649743,,41.38231,0.9877687,6.469099
bookstore,equirect,1280,3276800,jpeg,40,146101,36.04667,35.9634,0.9596057,0.3566919
bookstore,equirect,1280,3276800,jpeg,60,193811,37.46925,36.86823,0.9693537,0.4731714
bookstore,equirect,1280,3276800,jpeg,75,259313,39.05939,37.70443,0.9760896,0.6330884
bookstore,equirect,1280,3276800,jpeg,85,361874,40.92544,38.73739,0.980742,0.8834814
bookstore,equirect,1280,3276800,jpeg,92,522389,42.99114,39.48643,0.9841094,1.275364
bookstore,equirect,1280,3276800,jpeg444,40,172795,36.63913,36.59386,0.9596063,0.4218628
bookstore,equirect,1280,3276800,jpeg444,60,228706,38.22435,37.57613,0.9693592,0.5583643
bookstore,equirect,1280,3276800,jpeg444,75,307826,40.1358,38.50476,0.9761168,0.7515283
bookstore,equirect,1280,3276800,jpeg444,80,359582,41.17564,39.14526,0.9784642,0.8778857
bookstore,equirect,1280,3276800,jpeg444,85,439156,42.46188,39.65652,0.9808437,1.072158
bookstore,equirect,1280,3276800,jpeg444,92,643593,45.11154,40.35413,0.9842274,1.571272
bookstore,equirect,1280,3276800,jpegjs,80,382257,41.17598,39.12828,0.9783734,0.9332446
bookstore,equirect,1280,3276800,webp,40,87016,36.31365,35.59587,0.952115,0.2124414
bookstore,equirect,1280,3276800,webp,60,111530,37.93946,36.58708,0.9624107,0.27229
bookstore,equirect,1280,3276800,webp,75,133720,38.91946,37.15016,0.9675707,0.3264648
bookstore,equirect,1280,3276800,webp,85,198736,41.04626,38.16063,0.9752728,0.4851953
bookstore,equirect,1280,3276800,webp,92,323946,43.34859,39.12864,0.9816972,0.7908838
bookstore,equirect,1280,3276800,avif,35,51741,35.41496,34.66784,0.9393496,0.1263208
bookstore,equirect,1280,3276800,avif,55,101536,38.78491,36.88189,0.9665516,0.2478906
bookstore,equirect,1280,3276800,avif,75,179519,41.32833,38.14674,0.9778038,0.4382788
gardens,equirect,1280,3276800,raw,,9830400,,35.04486,0.971813,24
gardens,equirect,1280,3276800,png,,5303417,,35.04486,0.971813,12.9478
gardens,equirect,1280,3276800,jpeg,40,380658,28.06935,29.22451,0.9365308,0.9293408
gardens,equirect,1280,3276800,jpeg,60,504967,29.21865,30.14158,0.9500956,1.23283
gardens,equirect,1280,3276800,jpeg,75,663740,30.59943,31.04352,0.9596025,1.620459
gardens,equirect,1280,3276800,jpeg,85,889196,32.37358,31.95893,0.9658718,2.170889
gardens,equirect,1280,3276800,jpeg,92,1207788,34.43931,32.7912,0.9694131,2.948701
gardens,equirect,1280,3276800,jpeg444,40,472134,29.29712,30.64038,0.9367957,1.152671
gardens,equirect,1280,3276800,jpeg444,60,637033,30.76671,31.73613,0.9503691,1.555256
gardens,equirect,1280,3276800,jpeg444,75,846766,32.54319,32.7621,0.9598917,2.0673
gardens,equirect,1280,3276800,jpeg444,80,973884,33.55746,33.20022,0.9631161,2.377646
gardens,equirect,1280,3276800,jpeg444,85,1152483,34.95581,33.67067,0.9661472,2.813679
gardens,equirect,1280,3276800,jpeg444,92,1580329,38.45431,34.34741,0.9696703,3.858225
gardens,equirect,1280,3276800,jpegjs,80,979469,33.55942,33.18675,0.9629546,2.391282
gardens,equirect,1280,3276800,webp,40,351410,29.17437,29.7963,0.9357046,0.8579346
gardens,equirect,1280,3276800,webp,60,472300,30.79912,30.80302,0.9498442,1.153076
gardens,equirect,1280,3276800,webp,75,557518,31.73308,31.3196,0.9555825,1.361128
gardens,equirect,1280,3276800,webp,85,806718,33.8599,32.35629,0.9646656,1.969526
gardens,equirect,1280,3276800,webp,92,1108276,35.39389,32.9625,0.9683689,2.705752
gardens,equirect,1280,3276800,avif,35,251514,28.62943,29.15055,0.9217566,0.6140479
gardens,equirect,1280,3276800,avif,55,506570,31.85537,31.0841,0.9553992,1.236743
gardens,equirect,1280,3276800,avif,75,817177,33.65944,31.94477,0.9653964,1.995061
stadium,equirect,1280,3276800,raw,,9830400,,36.17748,0.9452613,24
stadium,equirect,1280,3276800,png,,4340981,,36.17748,0.9452613,10.5981
stadium,equirect,1280,3276800,jpeg,40,309897,29.54354,31.52285,0.904918,0.7565845
stadium,equirect,1280,3276800,jpeg,60,416359,31.06031,32.3824,0.9198777,1.016501
stadium,equirect,1280,3276800,jpeg,75,553376,32.95803,33.36709,0.9308023,1.351016
stadium,equirect,1280,3276800,jpeg,85,746665,35.34886,34.05329,0.9380187,1.822913
stadium,equirect,1280,3276800,jpeg,92,1016164,38.29384,34.62443,0.9422319,2.480869
stadium,equirect,1280,3276800,jpeg444,40,348058,29.90502,31.92453,0.9049538,0.849751
stadium,equirect,1280,3276800,jpeg444,60,472382,31.54957,32.78504,0.9199166,1.153276
stadium,equirect,1280,3276800,jpeg444,75,632468,33.67128,33.96513,0.930876,1.544111
stadium,equirect,1280,3276800,jpeg444,80,730359,34.84101,34.21234,0.9345618,1.783103
stadium,equirect,1280,3276800,jpeg444,85,868638,36.45923,34.61929,0.9380969,2.120698
stadium,equirect,1280,3276800,jpeg444,92,1192854,40.27174,35.17286,0.9423163,2.912241
stadium,equirect,1280,3276800,jpegjs,80,741778,34.84271,34.20421,0.9343613,1.810981
stadium,equirect,1280,3276800,webp,40,288816,31.27457,32.25907,0.9077483,0.7051172
stadium,equirect,1280,3276800,webp,60,378224,33.10412,32.80335,0.9211726,0.9233984
stadium,equirect,1280,3276800,webp,75,452468,34.38299,33.1606,0.9270834,1.104658
stadium,equirect,1280,3276800,webp,85,652004,37.46267,33.78039,0.9365355,1.591807
stadium,equirect,1280,3276800,webp,92,908874,40.00988,34.18844,0.9406166,2.218931
stadium,equirect,1280,3276800,avif,35,204778,30.37156,31.25796,0.8975176,0.4999463
stadium,equirect,1280,3276800,avif,55,415492,34.91981,32.7982,0.9286836,1.014385
stadium,equirect,1280,3276800,avif,75,656009,38.02449,33.4296,0.9374153,1.601584
superblock,equirect,1280,3276800,raw,,9830400,,31.27627,0.9558185,24
superblock,equirect,1280,3276800,png,,6728723,,31.27627,0.9558185,16.42755
superblock,equirect,1280,3276800,jpeg,40,500405,26.08168,26.27729,0.9061289,1.221692
superblock,equirect,1280,3276800,jpeg,60,664643,27.20793,27.08635,0.9244205,1.622664
superblock,equirect,1280,3276800,jpeg,75,877415,28.56124,27.91132,0.9381937,2.142126
superblock,equirect,1280,3276800,jpeg,85,1172126,30.23606,28.72364,0.9475277,2.861636
superblock,equirect,1280,3276800,jpeg,92,1585485,32.09133,29.38787,0.9529077,3.870813
superblock,equirect,1280,3276800,jpeg444,40,633137,27.53379,27.74854,0.9063316,1.545745
superblock,equirect,1280,3276800,jpeg444,60,851211,28.9792,28.69373,0.9246202,2.078152
superblock,equirect,1280,3276800,jpeg444,75,1135872,30.7615,29.57798,0.9384017,2.773125
superblock,equirect,1280,3276800,jpeg444,80,1305868,31.77563,29.9558,0.9432349,3.188154
superblock,equirect,1280,3276800,jpeg444,85,1536516,33.18238,30.35234,0.9477276,3.75126
superblock,equirect,1280,3276800,jpeg444,92,2099069,36.73214,30.90383,0.9530746,5.12468
superblock,equirect,1280,3276800,jpegjs,80,1316050,31.77785,29.94383,0.9429704,3.213013
superblock,equirect,1280,3276800,webp,40,534638,27.72397,27.21654,0.9172553,1.305269
superblock,equirect,1280,3276800,webp,60,692690,29.14018,28.01912,0.932203,1.691138
superblock,equirect,1280,3276800,webp,75,811452,29.99755,28.40967,0.9386839,1.981084
superblock,equirect,1280,3276800,webp,85,1146880,31.82882,29.15127,0.9486845,2.8
superblock,equirect,1280,3276800,webp,92,1517162,32.91779,29.51227,0.9523187,3.704009
superblock,equirect,1280,3276800,avif,35,357301,26.81622,26.509,0.889268,0.8723169
superblock,equirect,1280,3276800,avif,55,717574,29.75073,28.22469,0.9358982,1.75189
superblock,equirect,1280,3276800,avif,75,1154039,31.30848,28.92842,0.9492253,2.817478
northrop-mall,equirect,640,819200,raw,,2457600,,26.38841,0.8274039,24
northrop-mall,equirect,640,819200,png,,1420077,,26.38841,0.8274039,13.86794
northrop-mall,equirect,640,819200,jpeg,40,103930,25.93871,24.26977,0.7681172,1.014941
northrop-mall,equirect,640,819200,jpeg,60,140606,27.13698,24.72761,0.7907139,1.373105
northrop-mall,equirect,640,819200,jpeg,75,187625,28.61978,25.14421,0.8080922,1.832275
northrop-mall,equirect,640,819200,jpeg,85,250024,30.38974,25.49138,0.8183545,2.441641
northrop-mall,equirect,640,819200,jpeg,92,333908,32.09645,25.70755,0.8233113,3.26082
northrop-mall,equirect,640,819200,jpeg444,40,125208,26.69575,24.71199,0.7683698,1.222734
northrop-mall,equirect,640,819200,jpeg444,60,171438,28.13653,25.2003,0.7910149,1.674199
northrop-mall,equirect,640,819200,jpeg444,75,232497,30.05048,25.6448,0.808426,2.270479
northrop-mall,equirect,640,819200,jpeg444,80,269282,31.14867,25.78519,0.8139023,2.629707
northrop-mall,equirect,640,819200,jpeg444,85,321161,32.69162,25.94705,0.8187502,3.136338
northrop-mall,equirect,640,819200,jpeg444,92,446362,36.52148,26.14863,0.823727,4.359004
northrop-mall,equirect,640,819200,jpegjs,80,270894,31.14992,25.7835,0.8136388,2.645449
northrop-mall,equirect,640,819200,webp,40,108804,27.90594,24.95144,0.7898299,1.062539
northrop-mall,equirect,640,819200,webp,60,140936,29.37431,25.24064,0.804466,1.376328
northrop-mall,equirect,640,819200,webp,75,163156,30.24531,25.36914,0.8098076,1.59332
northrop-mall,equirect,640,819200,webp,85,227970,31.89309,25.58401,0.8181819,2.22627
northrop-mall,equirect,640,819200,webp,92,303802,32.69223,25.67714,0.8218349,2.966816
northrop-mall,equirect,640,819200,avif,35,87253,27.34694,24.56245,0.7790287,0.8520801
northrop-mall,equirect,640,819200,avif,55,164848,30.36579,25.22844,0.8112638,1.609844
northrop-mall,equirect,640,819200,avif,75,248165,31.68098,25.45058,0.8199702,2.423486
walter-study,equirect,640,819200,raw,,2457600,,25.69304,0.8231957,24
walter-study,equirect,640,819200,png,,1628271,,25.69304,0.8231957,15.90108
walter-study,equirect,640,819200,jpeg,40,114037,27.15061,23.62723,0.7464752,1.113643
walter-study,equirect,640,819200,jpeg,60,152565,28.35763,24.06481,0.7713904,1.489893
walter-study,equirect,640,819200,jpeg,75,202487,29.71658,24.44998,0.7921719,1.977412
walter-study,equirect,640,819200,jpeg,85,272853,31.39735,24.79905,0.8076896,2.66458
walter-study,equirect,640,819200,jpeg,92,373361,33.37478,25.05996,0.8177663,3.646104
walter-study,equirect,640,819200,jpeg444,40,141114,28.25293,24.23721,0.7466153,1.378066
walter-study,equirect,640,819200,jpeg444,60,191359,29.69617,24.67247,0.7715705,1.86874
walter-study,equirect,640,819200,jpeg444,75,256386,31.39172,25.03223,0.7923961,2.50377
walter-study,equirect,640,819200,jpeg444,80,296107,32.34321,25.17704,0.8001688,2.89167
walter-study,equirect,640,819200,jpeg444,85,351007,33.64303,25.32657,0.8078896,3.427803
walter-study,equirect,640,819200,jpeg444,92,486692,36.88569,25.53583,0.8179254,4.752852
walter-study,equirect,640,819200,jpegjs,80,299271,32.344,25.17215,0.7998035,2.922568
walter-study,equirect,640,819200,webp,40,113438,28.79769,24.09916,0.7618118,1.107793
walter-study,equirect,640,819200,webp,60,149724,30.26514,24.4941,0.7848869,1.462148
walter-study,equirect,640,819200,webp,75,176508,31.18176,24.67529,0.7956307,1.723711
walter-study,equirect,640,819200,webp,85,255646,33.15928,24.97901,0.8113843,2.496543
walter-study,equirect,640,819200,webp,92,351642,34.54519,25.13084,0.8176727,3.434004
walter-study,equirect,640,819200,avif,35,69180,27.58937,23.6628,0.7278573,0.6755859
walter-study,equirect,640,819200,avif,55,150955,30.91821,24.60261,0.7920667,1.47417
walter-study,equirect,640,819200,avif,75,250729,32.79225,24.91648,0.8125051,2.448525
bookstore,equirect,640,819200,raw,,2457600,,34.7382,0.9440246,24
bookstore,equirect,640,819200,png,,877092,,34.7382,0.9440246,8.565352
bookstore,equirect,640,819200,jpeg,40,47567,33.66511,31.73586,0.8911564,0.4645215
bookstore,equirect,640,819200,jpeg,60,64087,35.01368,32.30317,0.9069133,0.6258496
bookstore,equirect,640,819200,jpeg,75,85529,36.57457,32.81263,0.9197906,0.8352441
bookstore,equirect,640,819200,jpeg,85,117360,38.37319,33.36876,0.92956,1.146094
bookstore,equirect,640,819200,jpeg,92,165747,40.4448,33.75437,0.936928,1.618623
bookstore,equirect,640,819200,jpeg444,40,55017,34.15588,32.03845,0.8911418,0.5372754
bookstore,equirect,640,819200,jpeg444,60,73902,35.63931,32.62752,0.906903,0.7216992
bookstore,equirect,640,819200,jpeg444,75,99510,37.43095,33.16914,0.9197956,0.9717773
bookstore,equirect,640,819200,jpeg444,80,115961,38.3746,33.48753,0.9246468,1.132432
bookstore,equirect,640,819200,jpeg444,85,140797,39.60657,33.76115,0.9295953,1.374971
bookstore,equirect,640,819200,jpeg444,92,204950,42.35223,34.15668,0.9369985,2.001465
bookstore,equirect,640,819200,jpegjs,80,121060,38.3756,33.47748,0.924482,1.182227
bookstore,equirect,640,819200,webp,40,32778,34.37894,31.59807,0.8892571,0.3200977
bookstore,equirect,640,819200,webp,60,42924,35.69541,32.21026,0.9040011,0.4191797
bookstore,equirect,640,819200,webp,75,50912,37.29169,32.65474,0.9142458,0.4971875
bookstore,equirect,640,819200,webp,85,75532,39.44321,33.20151,0.9274371,0.7376172
bookstore,equirect,640,819200,webp,92,116710,41.4376,33.66618,0.9356615,1.139746
bookstore,equirect,640,819200,avif,35,21110,33.51986,31.00087,0.8751868,0.2061523
bookstore,equirect,640,819200,avif,55,41583,37.08264,32.39803,0.9113863,0.406084
bookstore,equirect,640,819200,avif,75,72437,39.59361,33.18189,0.9298439,0.7073926
gardens,equirect,640,819200,raw,,2457600,,28.47285,0.8702829,24
gardens,equirect,640,819200,png,,1491771,,28.47285,0.8702829,14.56808
gardens,equirect,640,819200,jpeg,40,106605,26.37041,25.18753,0.8001303,1.041064
gardens,equirect,640,819200,jpeg,60,143878,27.43968,25.77471,0.8264737,1.405059
gardens,equirect,640,819200,jpeg,75,191878,28.74139,26.32774,0.8456576,1.873809
gardens,equirect,640,819200,jpeg,85,257990,30.35535,26.86237,0.8589471,2.519434
gardens,equirect,640,819200,jpeg,92,348882,32.00612,27.28896,0.8659703,3.407051
gardens,equirect,640,819200,jpeg444,40,132182,27.38449,26.02137,0.8003911,1.29084
gardens,equirect,640,819200,jpeg444,60,181124,28.70213,26.66509,0.8267629,1.768789
gardens,equirect,640,819200,jpeg444,75,244816,30.38408,27.23373,0.846019,2.390781
gardens,equirect,640,819200,jpeg444,80,284189,31.36579,27.4825,0.8529537,2.775283
gardens,equirect,640,819200,jpeg444,85,339146,32.74178,27.74663,0.8593111,3.311973
gardens,equirect,640,819200,jpeg444,92,476053,36.25906,28.12576,0.8662872,4.648955
gardens,equirect,640,819200,jpegjs,80,286038,31.36803,27.47602,0.8526203,2.79334
gardens,equirect,640,819200,webp,40,107598,27.866,25.86237,0.8162833,1.050762
gardens,equirect,640,819200,webp,60,142736,29.30379,26.41776,0.8381701,1.393906
gardens,equirect,640,819200,webp,75,167032,30.12612,26.69207,0.8461985,1.631172
gardens,equirect,640,819200,webp,85,238150,31.75112,27.17138,0.8596826,2.325684
gardens,equirect,640,819200,webp,92,323166,32.65454,27.40353,0.8651452,3.155918
gardens,equirect,640,819200,avif,35,78825,27.36529,25.42817,0.7953223,0.7697754
gardens,equirect,640,819200,avif,55,156760,30.16889,26.54802,0.8449959,1.530859
gardens,equirect,640,819200,avif,75,247691,31.49356,26.9627,0.8609492,2.418857
stadium,equirect,640,819200,raw,,2457600,,31.56246,0.8301579,24
stadium,equirect,640,819200,png,,1210720,,31.56246,0.8301579,11.82344
stadium,equirect,640,819200,jpeg,40,77863,29.06112,28.36439,0.7732828,0.7603809
stadium,equirect,640,819200,jpeg,60,105978,30.32466,28.94843,0.7923375,1.034941
stadium,equirect,640,819200,jpeg,75,142591,31.93989,29.57881,0.8082514,1.39249
stadium,equirect,640,819200,jpeg,85,194445,34.03809,30.04842,0.8195471,1.898877
stadium,equirect,640,819200,jpeg,92,266621,36.45616,30.41171,0.825862,2.603721
stadium,equirect,640,819200,jpeg444,40,88372,29.53592,28.72135,0.7733133,0.8630078
stadium,equirect,640,819200,jpeg444,60,121578,30.92034,29.30785,0.7923631,1.187285
stadium,equirect,640,819200,jpeg444,75,165451,32.73516,30.00004,0.8082829,1.615732
stadium,equirect,640,819200,jpeg444,80,192525,33.79046,30.18775,0.8139842,1.880127
stadium,equirect,640,819200,jpeg444,85,230770,35.27871,30.45485,0.8195534,2.253613
stadium,equirect,640,819200,jpeg444,92,323848,38.79492,30.81269,0.8258791,3.162578
stadium,equirect,640,819200,jpegjs,80,194746,33.79257,30.18425,0.813742,1.901816
stadium,equirect,640,819200,webp,40,73356,30.55018,29.02639,0.7835112,0.7163672
stadium,equirect,640,819200,webp,60,97734,31.98433,29.31959,0.7977696,0.9544336
stadium,equirect,640,819200,webp,75,117090,33.44588,29.60712,0.8096516,1.143457
stadium,equirect,640,819200,webp,85,168626,35.87113,29.95117,0.8201007,1.646738
stadium,equirect,640,819200,webp,92,238544,37.82945,30.21908,0.8250147,2.329531
stadium,equirect,640,819200,avif,35,51680,29.64478,28.20907,0.7687209,0.5046875
stadium,equirect,640,819200,avif,55,111730,33.80884,29.27915,0.8106461,1.091113
stadium,equirect,640,819200,avif,75,178110,36.27974,29.75249,0.8219834,1.739355
superblock,equirect,640,819200,raw,,2457600,,25.1579,0.8052422,24
superblock,equirect,640,819200,png,,1804194,,25.1579,0.8052422,17.61908
superblock,equirect,640,819200,jpeg,40,129770,24.48185,22.48764,0.7108561,1.267285
superblock,equirect,640,819200,jpeg,60,177402,25.46731,22.96794,0.7441348,1.732441
superblock,equirect,640,819200,jpeg,75,239397,26.66268,23.43223,0.7717267,2.337861
superblock,equirect,640,819200,jpeg,85,323939,28.10668,23.85447,0.7909631,3.163467
superblock,equirect,640,819200,jpeg,92,437428,29.51423,24.13966,0.8007664,4.271758
superblock,equirect,640,819200,jpeg444,40,164614,25.64757,23.18197,0.7110085,1.607559
superblock,equirect,640,819200,jpeg444,60,227735,26.91942,23.70816,0.7442976,2.223975
superblock,equirect,640,819200,jpeg444,75,312869,28.57919,24.20854,0.7718978,3.055361
superblock,equirect,640,819200,jpeg444,80,364034,29.56521,24.42344,0.7819539,3.55502
superblock,equirect,640,819200,jpeg444,85,435670,30.97045,24.64553,0.7911245,4.25459
superblock,equirect,640,819200,jpeg444,92,614795,34.5723,24.94923,0.8008771,6.003857
superblock,equirect,640,819200,jpegjs,80,368511,29.56818,24.41871,0.78145,3.59874
superblock,equirect,640,819200,webp,40,157888,26.44969,23.26679,0.7548693,1.541875
superblock,equirect,640,819200,webp,60,200870,27.58221,23.62969,0.774389,1.961621
superblock,equirect,640,819200,webp,75,235542,28.23798,23.80605,0.7848123,2.300215
superblock,equirect,640,819200,webp,85,322742,29.42031,24.07415,0.7959969,3.151777
superblock,equirect,640,819200,webp,92,424472,30.06882,24.21053,0.8014526,4.145234
superblock,equirect,640,819200,avif,35,105065,25.4944,22.81228,0.7110392,1.026025
superblock,equirect,640,819200,avif,55,214551,27.98739,23.69607,0.7787008,2.095225
superblock,equirect,640,819200,avif,75,336909,29.06542,23.98186,0.7965186,3.290127
northrop-mall,cube,768,3538944,raw,,10616832,,32.58736,0.9617821,24
northrop-mall,cube,768,3538944,png,,6288251,,32.58736,0.9617821,14.21498
northrop-mall,cube,768,3538944,jpeg,40,467843,26.91034,28.73624,0.9274583,1.057588
northrop-mall,cube,768,3538944,jpeg,60,624669,28.28643,29.52953,0.9402592,1.412103
northrop-mall,cube,768,3538944,jpeg,75,824578,29.92848,30.28573,0.9491032,1.864009
northrop-mall,cube,768,3538944,jpeg,85,1103698,32.04247,30.91706,0.9547016,2.494977
northrop-mall,cube,768,3538944,jpeg,92,1486990,34.50534,31.39858,0.9581629,3.361432
northrop-mall,cube,768,3538944,jpeg444,40,559597,27.69706,29.55752,0.9277826,1.265003
northrop-mall,cube,768,3538944,jpeg444,60,751847,29.33661,30.42708,0.9406005,1.699596
northrop-mall,cube,768,3538944,jpeg444,75,998689,31.35471,31.22162,0.9494788,2.257598
northrop-mall,cube,768,3538944,jpeg444,80,1146531,32.4754,31.474,0.9524002,2.591804
northrop-mall,cube,768,3538944,jpeg444,85,1351496,34.00689,31.75075,0.9550876,3.05514
northrop-mall,cube,768,3538944,jpeg444,92,1844404,37.72396,32.12055,0.9585407,4.169388
northrop-mall,cube,768,3538944,jpegjs,80,1159449,32.4773,31.46675,0.9522455,2.621006
northrop-mall,cube,768,3538944,webp,40,518858,29.40402,29.67422,0.9375891,1.17291
northrop-mall,cube,768,3538944,webp,60,646358,30.98585,30.26116,0.9449507,1.461132
northrop-mall,cube,768,3538944,webp,75,752756,32.13645,30.5812,0.9485896,1.701651
northrop-mall,cube,768,3538944,webp,85,1029044,34.29607,31.03674,0.9536842,2.326217
northrop-mall,cube,768,3538944,webp,92,1352872,35.6605,31.31386,0.9567625,3.05825
northrop-mall,cube,768,3538944,avif,35,370386,28.10006,28.92412,0.9257869,0.8372803
northrop-mall,cube,768,3538944,avif,55,707874,31.87923,30.30981,0.9473807,1.600193
northrop-mall,cube,768,3538944,avif,75,1079262,33.9191,30.81209,0.9540494,2.439738
walter-study,cube,768,3538944,raw,,10616832,,32.06998,0.9623787,24
walter-study,cube,768,3538944,png,,6569294,,32.06998,0.9623787,14.85029
walter-study,cube,768,3538944,jpeg,40,444325,28.9882,28.22504,0.9165802,1.004424
walter-study,cube,768,3538944,jpeg,60,595755,30.36886,29.06486,0.9331483,1.346741
walter-study,cube,768,3538944,jpeg,75,790115,31.96585,29.81948,0.9456776,1.786103
walter-study,cube,768,3538944,jpeg,85,1062819,34.00972,30.49803,0.954353,2.402568
walter-study,cube,768,3538944,jpeg,92,1444637,36.63222,31.03119,0.9594026,3.265691
walter-study,cube,768,3538944,jpeg444,40,531251,29.7751,29.20792,0.9167166,1.200925
walter-study,cube,768,3538944,jpeg444,60,720851,31.30723,30.05999,0.9333089,1.629528
walter-study,cube,768,3538944,jpeg444,75,962740,33.11881,30.79485,0.945843,2.176333
walter-study,cube,768,3538944,jpeg444,80,1108788,34.14444,31.08849,0.9503008,2.506483
walter-study,cube,768,3538944,jpeg444,85,1307174,35.53722,31.38255,0.9545122,2.954947
walter-study,cube,768,3538944,jpeg444,92,1783531,38.89297,31.76738,0.9595279,4.031781
walter-study,cube,768,3538944,jpegjs,80,1122197,34.14515,31.07612,0.9500615,2.536795
walter-study,cube,768,3538944,webp,40,403878,30.43363,28.76776,0.9207637,0.912991
walter-study,cube,768,3538944,webp,60,528698,32.04354,29.54901,0.9361111,1.195154
walter-study,cube,768,3538944,webp,75,632766,33.24456,29.99067,0.9438149,1.430406
walter-study,cube,768,3538944,webp,85,925538,35.99564,30.74678,0.9543254,2.092235
walter-study,cube,768,3538944,webp,92,1293100,38.42696,31.16588,0.9588998,2.923132
walter-study,cube,768,3538944,avif,35,243367,29.0051,27.84415,0.8926045,0.550146
walter-study,cube,768,3538944,avif,55,537915,33.08161,29.8218,0.9397438,1.21599
walter-study,cube,768,3538944,avif,75,913108,35.97534,30.63268,0.9544661,2.064137
bookstore,cube,768,3538944,raw,,10616832,,41.87491,0.9905419,24
bookstore,cube,768,3538944,png,,3015597,,41.87491,0.9905419,6.816942
bookstore,cube,768,3538944,jpeg,40,156349,36.37712,36.51429,0.9676807,0.3534365
bookstore,cube,768,3538944,jpeg,60,206824,37.87567,37.40157,0.9755882,0.4675383
bookstore,cube,768,3538944,jpeg,75,274510,39.48138,38.26692,0.9809134,0.6205467
bookstore,cube,768,3538944,jpeg,85,379132,41.30072,39.26163,0.9845157,0.8570511
bookstore,cube,768,3538944,jpeg,92,545399,43.33314,39.97695,0.9871484,1.232908
bookstore,cube,768,3538944,jpeg444,40,187145,37.07374,37.21396,0.9676707,0.4230528
bookstore,cube,768,3538944,jpeg444,60,246146,38.77304,38.19049,0.9755902,0.5564281
bookstore,cube,768,3538944,jpeg444,75,328389,40.68387,39.10818,0.9809543,0.7423435
bookstore,cube,768,3538944,jpeg444,80,381913,41.73339,39.69807,0.9827916,0.8633378
bookstore,cube,768,3538944,jpeg444,85,464157,42.94978,40.18261,0.9845998,1.049255
bookstore,cube,768,3538944,jpeg444,92,675064,45.47281,40.8282,0.9872641,1.526024
bookstore,cube,768,3538944,jpegjs,80,407063,41.73449,39.68097,0.982718,0.9201909
bookstore,cube,768,3538944,webp,40,92616,36.57032,36.02159,0.9597691,0.2093641
bookstore,cube,768,3538944,webp,60,118080,38.02248,37.0232,0.9682421,0.2669271
bookstore,cube,768,3538944,webp,75,141364,39.0343,37.60474,0.9727457,0.319562
bookstore,cube,768,3538944,webp,85,213128,41.26074,38.70794,0.9797085,0.4817889
bookstore,cube,768,3538944,webp,92,344882,43.47788,39.6471,0.9848535,0.7796269
bookstore,cube,768,3538944,avif,35,52092,35.38436,34.99831,0.9487654,0.1177572
bookstore,cube,768,3538944,avif,55,101264,38.83083,37.37666,0.9719179,0.2289135
bookstore,cube,768,3538944,avif,75,181201,41.4085,38.65161,0.9813763,0.409616
gardens,cube,768,3538944,raw,,10616832,,35.66488,0.9776967,24
gardens,cube,768,3538944,png,,6159451,,35.66488,0.9776967,13.92382
gardens,cube,768,3538944,jpeg,40,438954,27.94305,29.52367,0.9444144,0.9922824
gardens,cube,768,3538944,jpeg,60,578326,29.11498,30.46047,0.9566624,1.307341
gardens,cube,768,3538944,jpeg,75,758579,30.49946,31.37899,0.9654182,1.714814
gardens,cube,768,3538944,jpeg,85,1012381,32.30998,32.33378,0.9715368,2.288549
gardens,cube,768,3538944,jpeg,92,1376902,34.48638,33.25795,0.9752004,3.112571
gardens,cube,768,3538944,jpeg444,40,552974,29.33574,31.04609,0.9446304,1.250032
gardens,cube,768,3538944,jpeg444,60,735196,30.84171,32.16028,0.9568806,1.661956
gardens,cube,768,3538944,jpeg444,75,971171,32.60874,33.19964,0.9656305,2.195392
gardens,cube,768,3538944,jpeg444,80,1113978,33.59492,33.65987,0.9687774,2.518216
gardens,cube,768,3538944,jpeg444,85,1307849,34.93741,34.14433,0.9717417,2.956473
gardens,cube,768,3538944,jpeg444,92,1783305,38.25112,34.87659,0.9753871,4.03127
gardens,cube,768,3538944,jpegjs,80,1124468,33.59695,33.64507,0.9686208,2.541929
gardens,cube,768,3538944,webp,40,421450,29.05203,29.90227,0.945909,0.9527136
gardens,cube,768,3538944,webp,60,552914,30.65251,30.97045,0.9575588,1.249896
gardens,cube,768,3538944,webp,75,657576,31.72768,31.60117,0.9632477,1.486491
gardens,cube,768,3538944,webp,85,936418,33.96218,32.69322,0.9704188,2.11683
gardens,cube,768,3538944,webp,92,1270530,35.46465,33.40426,0.9739489,2.872111
gardens,cube,768,3538944,avif,35,293559,28.37445,29.45185,0.9264191,0.6636081
gardens,cube,768,3538944,avif,55,593550,31.66568,31.54053,0.96094,1.341756
gardens,cube,768,3538944,avif,75,965040,33.5956,32.49041,0.9713032,2.181532
stadium,cube,768,3538944,raw,,10616832,,37.21706,0.9567271,24
stadium,cube,768,3538944,png,,5133444,,37.21706,0.9567271,11.60447
stadium,cube,768,3538944,jpeg,40,350057,29.27335,32.04609,0.9186663,0.7913253
stadium,cube,768,3538944,jpeg,60,474408,30.78102,32.94836,0.9329594,1.072428
stadium,cube,768,3538944,jpeg,75,635705,32.66455,33.99359,0.9431869,1.43705
stadium,cube,768,3538944,jpeg,85,863894,35.13023,34.73987,0.9500197,1.952885
stadium,cube,768,3538944,jpeg,92,1176313,38.31814,35.33258,0.9538643,2.659128
stadium,cube,768,3538944,jpeg444,40,392832,29.59767,32.49792,0.9186908,0.8880208
stadium,cube,768,3538944,jpeg444,60,535279,31.20027,33.39224,0.932999,1.210031
stadium,cube,768,3538944,jpeg444,75,722290,33.24972,34.59685,0.9432564,1.632781
stadium,cube,768,3538944,jpeg444,80,836781,34.40827,34.89717,0.9468507,1.891595
stadium,cube,768,3538944,jpeg444,85,993316,36.02125,35.3236,0.9501021,2.245452
stadium,cube,768,3538944,jpeg444,92,1362009,39.90175,35.89747,0.9539455,3.078905
stadium,cube,768,3538944,jpegjs,80,851806,34.40961,34.88866,0.9466733,1.92556
stadium,cube,768,3538944,webp,40,359366,31.45566,32.59332,0.9259072,0.8123689
stadium,cube,768,3538944,webp,60,461076,33.29426,33.32563,0.9363393,1.042291
stadium,cube,768,3538944,webp,75,545222,34.64491,33.67666,0.941292,1.232508
stadium,cube,768,3538944,webp,85,770066,37.74,34.28057,0.9482714,1.740781
stadium,cube,768,3538944,webp,92,1057440,40.47476,34.76365,0.9521181,2.390408
stadium,cube,768,3538944,avif,35,235197,29.98303,31.77733,0.9116331,0.5316772
stadium,cube,768,3538944,avif,55,494193,34.76518,33.39641,0.9408867,1.117154
stadium,cube,768,3538944,avif,75,782825,38.17352,34.09142,0.9490004,1.769624
superblock,cube,768,3538944,raw,,10616832,,31.47424,0.9596498,24
superblock,cube,768,3538944,png,,7117244,,31.47424,0.9596498,16.08897
superblock,cube,768,3538944,jpeg,40,506628,26.62879,26.39005,0.9115377,1.145264
superblock,cube,768,3538944,jpeg,60,679494,27.7814,27.21062,0.9300675,1.536038
superblock,cube,768,3538944,jpeg,75,901150,29.16244,28.04475,0.9432422,2.037105
superblock,cube,768,3538944,jpeg,85,1211402,30.90929,28.87418,0.9520395,2.738449
superblock,cube,768,3538944,jpeg,92,1652832,32.99327,29.56311,0.9570282,3.736328
superblock,cube,768,3538944,jpeg444,40,634689,27.94627,27.78506,0.9117408,1.434753
superblock,cube,768,3538944,jpeg444,60,860090,29.40879,28.76388,0.9302889,1.944286
superblock,cube,768,3538944,jpeg444,75,1149679,31.15765,29.6715,0.9434784,2.59892
superblock,cube,768,3538944,jpeg444,80,1323536,32.14225,30.06057,0.9480854,2.991934
superblock,cube,768,3538944,jpeg444,85,1561145,33.49033,30.47292,0.9522697,3.529064
superblock,cube,768,3538944,jpeg444,92,2147176,36.9122,31.06316,0.9572236,4.853823
superblock,cube,768,3538944,jpegjs,80,1337933,32.14428,30.04946,0.9478368,3.02448
superblock,cube,768,3538944,webp,40,545668,28.2122,27.29019,0.9227541,1.233516
superblock,cube,768,3538944,webp,60,709522,29.71044,28.12015,0.9369683,1.603918
superblock,cube,768,3538944,webp,75,838996,30.6971,28.55793,0.9433143,1.896602
superblock,cube,768,3538944,webp,85,1189266,32.71759,29.30188,0.9526647,2.688409
superblock,cube,768,3538944,webp,92,1592128,34.06972,29.71933,0.9565261,3.599103
superblock,cube,768,3538944,avif,35,356438,27.20361,26.56599,0.8959458,0.80575
superblock,cube,768,3538944,avif,55,745182,30.4212,28.36077,0.940948,1.68453
superblock,cube,768,3538944,avif,75,1220676,32.30478,29.12107,0.9534418,2.759413
northrop-mall,cube,384,884736,raw,,2654208,,27.05255,0.8496942,24
northrop-mall,cube,384,884736,png,,1662122,,27.05255,0.8496942,15.02931
northrop-mall,cube,384,884736,jpeg,40,121731,25.574,24.75666,0.7923326,1.100722
northrop-mall,cube,384,884736,jpeg,60,165531,26.80243,25.27122,0.8145759,1.496772
northrop-mall,cube,384,884736,jpeg,75,221575,28.36258,25.73908,0.8312099,2.003536
northrop-mall,cube,384,884736,jpeg,85,295039,30.30952,26.09851,0.8407505,2.667815
northrop-mall,cube,384,884736,jpeg,92,391777,32.26241,26.32557,0.8454957,3.542544
northrop-mall,cube,384,884736,jpeg444,40,146229,26.2955,25.21998,0.7926009,1.322238
northrop-mall,cube,384,884736,jpeg444,60,199958,27.74408,25.75475,0.8148295,1.808069
northrop-mall,cube,384,884736,jpeg444,75,270681,29.66859,26.2263,0.8315166,2.447564
northrop-mall,cube,384,884736,jpeg444,80,313121,30.80181,26.37975,0.8366832,2.831317
northrop-mall,cube,384,884736,jpeg444,85,371704,32.36431,26.56273,0.8411439,3.361039
northrop-mall,cube,384,884736,jpeg444,92,514025,36.25265,26.77929,0.845914,4.64794
northrop-mall,cube,384,884736,jpegjs,80,317756,30.8031,26.37731,0.8364452,2.873228
northrop-mall,cube,384,884736,webp,40,142676,28.28287,25.49387,0.8193189,1.290111
northrop-mall,cube,384,884736,webp,60,178288,29.7161,25.79872,0.8297752,1.612124
northrop-mall,cube,384,884736,webp,75,206336,30.61916,25.93462,0.8344509,1.865741
northrop-mall,cube,384,884736,webp,85,277382,32.17201,26.15031,0.8408599,2.508156
northrop-mall,cube,384,884736,webp,92,361060,33.04263,26.28313,0.8445603,3.264793
northrop-mall,cube,384,884736,avif,35,105250,27.08262,25.09365,0.8022971,0.9516963
northrop-mall,cube,384,884736,avif,55,199464,30.35295,25.80391,0.8338847,1.803602
northrop-mall,cube,384,884736,avif,75,298345,31.82216,26.06916,0.8421962,2.697709
walter-study,cube,384,884736,raw,,2654208,,26.19374,0.8444349,24
walter-study,cube,384,884736,png,,1829842,,26.19374,0.8444349,16.54588
walter-study,cube,384,884736,jpeg,40,125438,27.06467,23.84185,0.7570756,1.134241
walter-study,cube,384,884736,jpeg,60,168807,28.24245,24.32476,0.7843723,1.526394
walter-study,cube,384,884736,jpeg,75,225653,29.62847,24.77511,0.8088615,2.04041
walter-study,cube,384,884736,jpeg,85,306382,31.45206,25.18412,0.8278503,2.770381
walter-study,cube,384,884736,jpeg,92,418771,33.72191,25.49705,0.838722,3.78663
walter-study,cube,384,884736,jpeg444,40,154485,28.02289,24.45449,0.7571934,1.396891
walter-study,cube,384,884736,jpeg444,60,210327,29.39646,24.94422,0.7845876,1.901828
walter-study,cube,384,884736,jpeg444,75,283485,31.07571,25.38527,0.8090562,2.563341
walter-study,cube,384,884736,jpeg444,80,327907,32.05231,25.57093,0.8187348,2.965016
walter-study,cube,384,884736,jpeg444,85,388537,33.4258,25.75815,0.8280687,3.513247
walter-study,cube,384,884736,jpeg444,92,536566,36.82492,26.0061,0.8389047,4.851761
walter-study,cube,384,884736,jpegjs,80,333959,32.05345,25.56528,0.8183398,3.019739
walter-study,cube,384,884736,webp,40,126364,28.87261,24.40901,0.7833888,1.142614
walter-study,cube,384,884736,webp,60,164790,30.37223,24.83651,0.8057402,1.490072
walter-study,cube,384,884736,webp,75,195024,31.37038,25.04472,0.8164409,1.763455
walter-study,cube,384,884736,webp,85,280900,33.55798,25.3898,0.8314715,2.539967
walter-study,cube,384,884736,webp,92,382806,35.09549,25.56842,0.838666,3.461426
walter-study,cube,384,884736,avif,35,76821,27.57381,23.89343,0.7397975,0.6946343
walter-study,cube,384,884736,avif,55,172493,31.18928,24.99022,0.8113439,1.559724
walter-study,cube,384,884736,avif,75,284734,33.31627,25.35674,0.8331831,2.574635
bookstore,cube,384,884736,raw,,2654208,,35.04815,0.9528481,24
bookstore,cube,384,884736,png,,969159,,35.04815,0.9528481,8.763373
bookstore,cube,384,884736,jpeg,40,53864,33.76694,32.13302,0.9076388,0.4870515
bookstore,cube,384,884736,jpeg,60,71839,35.30402,32.71156,0.9225874,0.6495859
bookstore,cube,384,884736,jpeg,75,94639,36.82409,33.192,0.93301,0.8557491
bookstore,cube,384,884736,jpeg,85,128008,38.55258,33.73943,0.9410029,1.15748
bookstore,cube,384,884736,jpeg,92,179070,40.51377,34.10923,0.946881,1.619195
bookstore,cube,384,884736,jpeg444,40,62713,34.3459,32.47289,0.9076236,0.5670663
bookstore,cube,384,884736,jpeg444,60,83569,36.03689,33.063,0.9225921,0.7556514
bookstore,cube,384,884736,jpeg444,75,111243,37.84509,33.57593,0.9330319,1.005887
bookstore,cube,384,884736,jpeg444,80,128888,38.78783,33.88063,0.9368952,1.165437
bookstore,cube,384,884736,jpeg444,85,155010,39.96691,34.14208,0.9410413,1.401638
bookstore,cube,384,884736,jpeg444,92,222764,42.66175,34.51657,0.9469487,2.014287
bookstore,cube,384,884736,jpegjs,80,135793,38.789,33.87395,0.936761,1.227874
bookstore,cube,384,884736,webp,40,36832,34.91444,32.10411,0.9088975,0.333044
bookstore,cube,384,884736,webp,60,47086,36.28757,32.72563,0.9207793,0.4257632
bookstore,cube,384,884736,webp,75,56180,37.29098,33.06016,0.9281782,0.5079933
bookstore,cube,384,884736,webp,85,82902,39.53262,33.6694,0.9400153,0.7496202
bookstore,cube,384,884736,webp,92,126944,41.40378,34.0532,0.9458855,1.147859
bookstore,cube,384,884736,avif,35,23949,33.48461,31.38655,0.8881459,0.2165527
bookstore,cube,384,884736,avif,55,45557,37.05909,32.91642,0.9252002,0.4119376
bookstore,cube,384,884736,avif,75,78175,39.57281,33.60844,0.9404552,0.7068775
gardens,cube,384,884736,raw,,2654208,,28.81821,0.8902575,24
gardens,cube,384,884736,png,,1719518,,28.81821,0.8902575,15.5483
gardens,cube,384,884736,jpeg,40,125803,25.75809,25.36307,0.8216113,1.137542
gardens,cube,384,884736,jpeg,60,169874,26.83845,25.98083,0.8462062,1.536042
gardens,cube,384,884736,jpeg,75,226377,28.15932,26.55427,0.8652147,2.046956
gardens,cube,384,884736,jpeg,85,303686,29.84323,27.11328,0.8782802,2.746003
gardens,cube,384,884736,jpeg,92,408722,31.5692,27.58469,0.8857469,3.695765
gardens,cube,384,884736,jpeg444,40,158139,26.83019,26.18901,0.8219028,1.429932
gardens,cube,384,884736,jpeg444,60,215248,28.16949,26.85246,0.8464745,1.946325
gardens,cube,384,884736,jpeg444,75,290789,29.88008,27.47756,0.8655231,2.629385
gardens,cube,384,884736,jpeg444,80,336417,30.89051,27.74455,0.8723597,3.041965
gardens,cube,384,884736,jpeg444,85,399042,32.30054,28.01918,0.8785905,3.608236
gardens,cube,384,884736,jpeg444,92,556037,35.89697,28.44331,0.8860502,5.027823
gardens,cube,384,884736,jpegjs,80,340819,30.89222,27.73764,0.8720482,3.081769
gardens,cube,384,884736,webp,40,138136,27.62633,25.93515,0.8417545,1.24906
gardens,cube,384,884736,webp,60,175692,28.94719,26.54256,0.8587211,1.58865
gardens,cube,384,884736,webp,75,205492,29.77317,26.87606,0.8675155,1.858109
gardens,cube,384,884736,webp,85,285284,31.36167,27.41154,0.8788618,2.579608
gardens,cube,384,884736,webp,92,373618,32.20356,27.69659,0.8845712,3.378346
gardens,cube,384,884736,avif,35,100131,26.88654,25.68959,0.8144254,0.9054091
gardens,cube,384,884736,avif,55,195526,29.7166,26.86777,0.8645246,1.767994
gardens,cube,384,884736,avif,75,303152,31.04022,27.32123,0.8807651,2.741175
stadium,cube,384,884736,raw,,2654208,,32.22066,0.8488359,24
stadium,cube,384,884736,png,,1414180,,32.22066,0.8488359,12.78736
stadium,cube,384,884736,jpeg,40,89759,28.60084,28.64666,0.7894455,0.8116229
stadium,cube,384,884736,jpeg,60,122680,29.84221,29.28562,0.8096312,1.109303
stadium,cube,384,884736,jpeg,75,166305,31.51131,29.95954,0.8267691,1.503771
stadium,cube,384,884736,jpeg,85,226862,33.78862,30.46511,0.8383389,2.051342
stadium,cube,384,884736,jpeg,92,309369,36.46841,30.86095,0.8443923,2.79739
stadium,cube,384,884736,jpeg444,40,102413,29.06068,29.02303,0.7894829,0.9260435
stadium,cube,384,884736,jpeg444,60,140916,30.417,29.66637,0.8096856,1.274197
stadium,cube,384,884736,jpeg444,75,192912,32.27366,30.40285,0.8268107,1.744358
stadium,cube,384,884736,jpeg444,80,224025,33.38934,30.63027,0.8328901,2.025689
stadium,cube,384,884736,jpeg444,85,267049,34.94903,30.91067,0.8383581,2.414723
stadium,cube,384,884736,jpeg444,92,371586,38.64369,31.2763,0.8444153,3.359972
stadium,cube,384,884736,jpegjs,80,228485,33.39074,30.62447,0.8325962,2.066017
stadium,cube,384,884736,webp,40,93278,30.6361,29.11842,0.8079587,0.8434426
stadium,cube,384,884736,webp,60,121200,32.38701,29.63553,0.8226916,1.09592
stadium,cube,384,884736,webp,75,143094,33.5877,29.84234,0.8291942,1.293891
stadium,cube,384,884736,webp,85,202808,36.14632,30.26565,0.8384717,1.83384
stadium,cube,384,884736,webp,92,278790,38.08174,30.57979,0.8432144,2.520888
stadium,cube,384,884736,avif,35,61821,29.31879,28.55124,0.7870594,0.5590007
stadium,cube,384,884736,avif,55,133264,33.68723,29.66017,0.8292944,1.205006
stadium,cube,384,884736,avif,75,211007,36.32313,30.17788,0.8403912,1.907977
superblock,cube,384,884736,raw,,2654208,,25.29924,0.8140633,24
superblock,cube,384,884736,png,,1909539,,25.29924,0.8140633,17.26652
superblock,cube,384,884736,jpeg,40,131839,24.86909,22.58335,0.7164142,1.192121
superblock,cube,384,884736,jpeg,60,182215,25.86235,23.07123,0.7516926,1.647633
superblock,cube,384,884736,jpeg,75,247682,27.13076,23.56454,0.7804993,2.239601
superblock,cube,384,884736,jpeg,85,337171,28.75312,24.00257,0.8001409,3.048783
superblock,cube,384,884736,jpeg,92,457907,30.41301,24.30225,0.8096658,4.140507
superblock,cube,384,884736,jpeg444,40,166283,25.96142,23.24844,0.7165617,1.503572
superblock,cube,384,884736,jpeg444,60,231642,27.21517,23.78784,0.7518511,2.094564
superblock,cube,384,884736,jpeg444,75,318698,28.85314,24.3092,0.7806869,2.881746
superblock,cube,384,884736,jpeg444,80,371737,29.8323,24.536,0.7914229,3.361337
superblock,cube,384,884736,jpeg444,85,444936,31.23089,24.76238,0.8003156,4.02322
superblock,cube,384,884736,jpeg444,92,629060,34.84926,25.08177,0.809841,5.688115
superblock,cube,384,884736,jpegjs,80,377337,29.83443,24.53102,0.7908998,3.411974
superblock,cube,384,884736,webp,40,161592,26.93858,23.36786,0.7620882,1.461155
superblock,cube,384,884736,webp,60,204910,28.13127,23.73215,0.78195,1.852846
superblock,cube,384,884736,webp,75,242350,28.9628,23.94346,0.7914981,2.191388
superblock,cube,384,884736,webp,85,334772,30.34601,24.22901,0.8036422,3.027091
superblock,cube,384,884736,webp,92,440390,31.11818,24.37177,0.8094581,3.982114
superblock,cube,384,884736,avif,35,106979,25.89415,22.92047,0.7181447,0.9673304
superblock,cube,384,884736,avif,55,223975,28.70125,23.85233,0.7872662,2.025237
superblock,cube,384,884736,avif,75,353982,29.98547,24.16046,0.8052821,3.200792
northrop-mall,eac,768,3538944,raw,,10616832,,33.00897,0.9671226,24
northrop-mall,eac,768,3538944,png,,6268437,,33.00897,0.9671226,14.17019
northrop-mall,eac,768,3538944,jpeg,40,463471,26.84217,28.9823,0.9337122,1.047705
northrop-mall,eac,768,3538944,jpeg,60,621321,28.20271,29.81245,0.9463104,1.404534
northrop-mall,eac,768,3538944,jpeg,75,823692,29.86484,30.61691,0.9548928,1.862006
northrop-mall,eac,768,3538944,jpeg,85,1102512,32.01577,31.28278,0.960348,2.492296
northrop-mall,eac,768,3538944,jpeg,92,1484044,34.52287,31.80297,0.9636024,3.354772
northrop-mall,eac,768,3538944,jpeg444,40,554381,27.62122,29.83989,0.9340438,1.253212
northrop-mall,eac,768,3538944,jpeg444,60,751057,29.253,30.75525,0.9466466,1.69781
northrop-mall,eac,768,3538944,jpeg444,75,1001376,31.35923,31.64292,0.9553011,2.263672
northrop-mall,eac,768,3538944,jpeg444,80,1145809,32.54201,31.91011,0.9581482,2.590172
northrop-mall,eac,768,3538944,jpeg444,85,1346228,34.13479,32.1925,0.9607374,3.043231
northrop-mall,eac,768,3538944,jpeg444,92,1820346,37.9486,32.56058,0.9639859,4.115004
northrop-mall,eac,768,3538944,jpegjs,80,1159799,32.54359,31.90251,0.958002,2.621797
northrop-mall,eac,768,3538944,webp,40,517480,29.44178,29.95424,0.9434347,1.169795
northrop-mall,eac,768,3538944,webp,60,646500,31.053,30.59241,0.9506035,1.461453
northrop-mall,eac,768,3538944,webp,75,750204,32.15848,30.92634,0.9540999,1.695882
northrop-mall,eac,768,3538944,webp,85,1029972,34.34514,31.43379,0.959175,2.328315
northrop-mall,eac,768,3538944,webp,92,1361470,35.71285,31.72771,0.9622498,3.077686
northrop-mall,eac,768,3538944,avif,35,369018,28.10729,29.17998,0.931874,0.8341878
northrop-mall,eac,768,3538944,avif,55,704203,31.89901,30.65244,0.9529196,1.591894
northrop-mall,eac,768,3538944,avif,75,1074538,33.93894,31.19573,0.9594792,2.429059
walter-study,eac,768,3538944,raw,,10616832,,32.7789,0.9671811,24
walter-study,eac,768,3538944,png,,6564645,,32.7789,0.9671811,14.83978
walter-study,eac,768,3538944,jpeg,40,446478,28.85889,28.73149,0.9232741,1.009291
walter-study,eac,768,3538944,jpeg,60,598377,30.26838,29.6382,0.9395885,1.352668
walter-study,eac,768,3538944,jpeg,75,792881,31.89565,30.44729,0.9515337,1.792356
walter-study,eac,768,3538944,jpeg,85,1063882,33.94594,31.15441,0.9597034,2.404971
walter-study,eac,768,3538944,jpeg,92,1445047,36.59179,31.73455,0.964447,3.266617
walter-study,eac,768,3538944,jpeg444,40,536954,29.69351,29.73842,0.9234191,1.213817
walter-study,eac,768,3538944,jpeg444,60,727689,31.25757,30.66635,0.9397411,1.644986
walter-study,eac,768,3538944,jpeg444,75,975318,33.15846,31.49119,0.9517071,2.204766
walter-study,eac,768,3538944,jpeg444,80,1118178,34.25044,31.81346,0.9559097,2.52771
walter-study,eac,768,3538944,jpeg444,85,1310051,35.68576,32.11241,0.9598628,2.961451
walter-study,eac,768,3538944,jpeg444,92,1772928,39.09682,32.49891,0.9645666,4.007813
walter-study,eac,768,3538944,jpegjs,80,1132909,34.25151,31.79937,0.9556754,2.56101
walter-study,eac,768,3538944,webp,40,411616,30.43761,29.26418,0.9267788,0.9304832
walter-study,eac,768,3538944,webp,60,535640,32.0704,30.12344,0.942507,1.210847
walter-study,eac,768,3538944,webp,75,639572,33.28983,30.61318,0.9496505,1.445792
walter-study,eac,768,3538944,webp,85,923998,36.03306,31.40547,0.9592318,2.088754
walter-study,eac,768,3538944,webp,92,1291096,38.49612,31.88455,0.9639026,2.918602
walter-study,eac,768,3538944,avif,35,245464,28.97274,28.28159,0.8993799,0.5548864
walter-study,eac,768,3538944,avif,55,539498,33.04384,30.39289,0.9452277,1.219568
walter-study,eac,768,3538944,avif,75,911291,35.8914,31.28425,0.9595902,2.060029
bookstore,eac,768,3538944,raw,,10616832,,43.05598,0.9920681,24
bookstore,eac,768,3538944,png,,3113371,,43.05598,0.9920681,7.037966
bookstore,eac,768,3538944,jpeg,40,165232,36.20164,37.13879,0.970495,0.3735171
bookstore,eac,768,3538944,jpeg,60,218357,37.70814,38.10455,0.9778291,0.4936094
bookstore,eac,768,3538944,jpeg,75,289097,39.30796,39.02743,0.9829305,0.6535215
bookstore,eac,768,3538944,jpeg,85,397666,41.15009,40.11381,0.986298,0.8989484
bookstore,eac,768,3538944,jpeg,92,568862,43.25598,40.93643,0.9888403,1.285947
bookstore,eac,768,3538944,jpeg444,40,198258,36.96566,37.93357,0.970505,0.4481744
bookstore,eac,768,3538944,jpeg444,60,261124,38.65729,38.96132,0.9778434,0.5902868
bookstore,eac,768,3538944,jpeg444,75,351185,40.73344,40.05573,0.9829818,0.7938752
bookstore,eac,768,3538944,jpeg444,80,404929,41.93628,40.76727,0.9847377,0.9153668
bookstore,eac,768,3538944,jpeg444,85,485505,43.1734,41.25359,0.9864079,1.097514
bookstore,eac,768,3538944,jpeg444,92,690056,45.75456,41.9488,0.9889643,1.559914
bookstore,eac,768,3538944,jpegjs,80,428911,41.93689,40.74782,0.9846641,0.9695796
bookstore,eac,768,3538944,webp,40,97348,36.46682,36.6505,0.9635242,0.2200611
bookstore,eac,768,3538944,webp,60,123660,37.84433,37.65596,0.9707588,0.279541
bookstore,eac,768,3538944,webp,75,149588,38.89066,38.25836,0.9751012,0.3381529
bookstore,eac,768,3538944,webp,85,223764,41.22374,39.56022,0.9821978,0.5058322
bookstore,eac,768,3538944,webp,92,360460,43.54588,40.54512,0.9863775,0.8148419
bookstore,eac,768,3538944,avif,35,56315,35.12808,35.43989,0.951193,0.1273035
bookstore,eac,768,3538944,avif,55,109521,38.63717,37.97292,0.9740496,0.2475789
bookstore,eac,768,3538944,avif,75,195815,41.27495,39.38224,0.9829857,0.4426518
gardens,eac,768,3538944,raw,,10616832,,36.7297,0.9821879,24
gardens,eac,768,3538944,png,,6320185,,36.7297,0.9821879,14.28717
gardens,eac,768,3538944,jpeg,40,449294,27.78098,30.05129,0.9522754,1.015657
gardens,eac,768,3538944,jpeg,60,593051,28.94833,31.0461,0.9635227,1.340628
gardens,eac,768,3538944,jpeg,75,779692,30.33909,32.01648,0.9712433,1.762542
gardens,eac,768,3538944,jpeg,85,1041114,32.14127,33.05739,0.9766319,2.353502
gardens,eac,768,3538944,jpeg,92,1417476,34.35566,34.07446,0.9798681,3.204291
gardens,eac,768,3538944,jpeg444,40,566285,29.18563,31.71471,0.9525017,1.280122
gardens,eac,768,3538944,jpeg444,60,753447,30.7107,32.92921,0.9637457,1.703213
gardens,eac,768,3538944,jpeg444,75,1004959,32.5407,34.10108,0.9714776,2.271771
gardens,eac,768,3538944,jpeg444,80,1151205,33.63047,34.63754,0.9742282,2.60237
gardens,eac,768,3538944,jpeg444,85,1345728,35.09373,35.16677,0.9768548,3.042101
gardens,eac,768,3538944,jpeg444,92,1818560,38.49596,35.89834,0.9800594,4.110966
gardens,eac,768,3538944,jpegjs,80,1162704,33.63225,34.62187,0.9740874,2.628364
gardens,eac,768,3538944,webp,40,436094,28.90371,30.4212,0.9531052,0.9858172
gardens,eac,768,3538944,webp,60,575186,30.53356,31.55206,0.9637537,1.300243
gardens,eac,768,3538944,webp,75,679430,31.57586,32.19602,0.968564,1.535893
gardens,eac,768,3538944,webp,85,970528,33.88845,33.42813,0.9753577,2.193938
gardens,eac,768,3538944,webp,92,1312118,35.44989,34.24195,0.9786032,2.966123
gardens,eac,768,3538944,avif,35,300811,28.20823,29.8894,0.9340059,0.6800017
gardens,eac,768,3538944,avif,55,613064,31.52275,32.11174,0.9662275,1.385869
gardens,eac,768,3538944,avif,75,1001871,33.50913,33.17572,0.9760836,2.264791
stadium,eac,768,3538944,raw,,10616832,,37.85967,0.9644819,24
stadium,eac,768,3538944,png,,5234129,,37.85967,0.9644819,11.83207
stadium,eac,768,3538944,jpeg,40,353728,29.15826,32.50251,0.92761,0.7996238
stadium,eac,768,3538944,jpeg,60,480969,30.666,33.50016,0.941582,1.08726
stadium,eac,768,3538944,jpeg,75,645752,32.57157,34.60054,0.9516292,1.459762
stadium,eac,768,3538944,jpeg,85,875944,35.07408,35.40258,0.958125,1.980125
stadium,eac,768,3538944,jpeg,92,1191756,38.30727,36.04564,0.9618012,2.694038
stadium,eac,768,3538944,jpeg444,40,398104,29.49743,32.9934,0.9276351,0.8999385
stadium,eac,768,3538944,jpeg444,60,547301,31.10501,33.98498,0.9416229,1.237207
stadium,eac,768,3538944,jpeg444,75,737906,33.22377,35.29447,0.9517324,1.668082
stadium,eac,768,3538944,jpeg444,80,850275,34.41586,35.60172,0.955069,1.922099
stadium,eac,768,3538944,jpeg444,85,1005276,36.05823,36.04134,0.9582177,2.272488
stadium,eac,768,3538944,jpeg444,92,1365310,40.00534,36.63953,0.9618882,3.086367
stadium,eac,768,3538944,jpegjs,80,864941,34.41739,35.59168,0.9548914,1.955252
stadium,eac,768,3538944,webp,40,365394,31.40566,33.04686,0.9335491,0.8259956
stadium,eac,768,3538944,webp,60,468450,33.25154,33.87335,0.9443131,1.05896
stadium,eac,768,3538944,webp,75,554938,34.61549,34.23588,0.949108,1.254471
stadium,eac,768,3538944,webp,85,785092,37.75858,34.9401,0.9561481,1.774749
stadium,eac,768,3538944,webp,92,1080418,40.71141,35.47757,0.96003,2.442351
stadium,eac,768,3538944,avif,35,237849,29.92894,32.17146,0.9200373,0.5376723
stadium,eac,768,3538944,avif,55,499434,34.71702,33.99388,0.9489171,1.129001
stadium,eac,768,3538944,avif,75,795775,38.16606,34.74364,0.9568802,1.798898
superblock,eac,768,3538944,raw,,10616832,,32.40823,0.9672649,24
superblock,eac,768,3538944,png,,7216792,,32.40823,0.9672649,16.314
superblock,eac,768,3538944,jpeg,40,513835,26.49016,26.82864,0.9225084,1.161556
superblock,eac,768,3538944,jpeg,60,689503,27.61289,27.69709,0.9396401,1.558664
superblock,eac,768,3538944,jpeg,75,916790,28.97931,28.5981,0.9519247,2.07246
superblock,eac,768,3538944,jpeg,85,1236400,30.73861,29.51604,0.9602,2.794958
superblock,eac,768,3538944,jpeg,92,1690468,32.87875,30.30466,0.9648295,3.821407
superblock,eac,768,3538944,jpeg444,40,645331,27.81433,28.37797,0.9227138,1.45881
superblock,eac,768,3538944,jpeg444,60,873827,29.24454,29.42799,0.9398615,1.97534
superblock,eac,768,3538944,jpeg444,75,1177868,31.00425,30.45206,0.9521613,2.662643
superblock,eac,768,3538944,jpeg444,80,1356466,32.0473,30.9097,0.9564248,3.066375
superblock,eac,768,3538944,jpeg444,85,1595268,33.46894,31.36652,0.9604235,3.606201
superblock,eac,768,3538944,jpeg444,92,2181321,37.00499,31.99245,0.9650129,4.93101
superblock,eac,768,3538944,jpegjs,80,1371478,32.04914,30.89503,0.9561909,3.10031
superblock,eac,768,3538944,webp,40,559488,28.13273,27.80861,0.9323576,1.264757
superblock,eac,768,3538944,webp,60,727352,29.61428,28.6826,0.9457765,1.644224
superblock,eac,768,3538944,webp,75,859904,30.60418,29.18051,0.9523284,1.943866
superblock,eac,768,3538944,webp,85,1217590,32.65163,30.01497,0.9608261,2.752437
superblock,eac,768,3538944,webp,92,1614896,33.97403,30.47743,0.9643078,3.650571
superblock,eac,768,3538944,avif,35,363751,27.08846,26.97239,0.9052389,0.8222814
superblock,eac,768,3538944,avif,55,765146,30.32159,28.92589,0.9491526,1.729659
superblock,eac,768,3538944,avif,75,1253243,32.22103,29.79174,0.961269,2.833033
northrop-mall,eac,384,884736,raw,,2654208,,27.30189,0.8601388,24
northrop-mall,eac,384,884736,png,,1662146,,27.30189,0.8601388,15.02953
northrop-mall,eac,384,884736,jpeg,40,121918,25.5633,24.97059,0.8024914,1.102412
northrop-mall,eac,384,884736,jpeg,60,166194,26.79529,25.48323,0.8250704,1.502767
northrop-mall,eac,384,884736,jpeg,75,222101,28.35309,25.96156,0.8416238,2.008292
northrop-mall,eac,384,884736,jpeg,85,295354,30.27302,26.30388,0.8511237,2.670663
northrop-mall,eac,384,884736,jpeg,92,392509,32.21257,26.55685,0.8558409,3.549163
northrop-mall,eac,384,884736,jpeg444,40,146071,26.24899,25.41545,0.8027823,1.32081
northrop-mall,eac,384,884736,jpeg444,60,200210,27.69541,25.96328,0.8253538,1.810348
northrop-mall,eac,384,884736,jpeg444,75,271126,29.62565,26.4554,0.8420051,2.451588
northrop-mall,eac,384,884736,jpeg444,80,313899,30.7527,26.61569,0.8472133,2.838352
northrop-mall,eac,384,884736,jpeg444,85,372806,32.30038,26.79594,0.8515733,3.371003
northrop-mall,eac,384,884736,jpeg444,92,516814,36.2034,27.02437,0.8563305,4.673159
northrop-mall,eac,384,884736,jpegjs,80,318645,30.75382,26.61321,0.8469602,2.881266
northrop-mall,eac,384,884736,webp,40,144104,28.36715,25.69786,0.8303729,1.303024
northrop-mall,eac,384,884736,webp,60,177702,29.70685,26.01603,0.8397579,1.606825
northrop-mall,eac,384,884736,webp,75,207072,30.62997,26.16281,0.84489,1.872396
northrop-mall,eac,384,884736,webp,85,279112,32.14515,26.3812,0.8511194,2.523799
northrop-mall,eac,384,884736,webp,92,363352,32.98807,26.51898,0.8547964,3.285518
northrop-mall,eac,384,884736,avif,35,105155,27.09055,25.28554,0.8129603,0.9508373
northrop-mall,eac,384,884736,avif,55,198499,30.32179,26.01687,0.8441962,1.794877
northrop-mall,eac,384,884736,avif,75,297277,31.77163,26.27621,0.8524527,2.688052
walter-study,eac,384,884736,raw,,2654208,,26.6103,0.8540542,24
walter-study,eac,384,884736,png,,1828102,,26.6103,0.8540542,16.53015
walter-study,eac,384,884736,jpeg,40,126697,26.92634,24.16926,0.7687344,1.145625
walter-study,eac,384,884736,jpeg,60,170226,28.12869,24.68466,0.79603,1.539225
walter-study,eac,384,884736,jpeg,75,227098,29.51282,25.14796,0.8194705,2.053476
walter-study,eac,384,884736,jpeg,85,307329,31.31125,25.58212,0.837844,2.778944
walter-study,eac,384,884736,jpeg,92,419594,33.51041,25.90912,0.8485347,3.794072
walter-study,eac,384,884736,jpeg444,40,156932,27.95375,24.81268,0.7688928,1.419018
walter-study,eac,384,884736,jpeg444,60,213327,29.35642,25.33446,0.7962123,1.928955
walter-study,eac,384,884736,jpeg444,75,286590,31.05029,25.77836,0.8196958,2.591417
walter-study,eac,384,884736,jpeg444,80,330964,32.02861,25.96813,0.8291063,2.992658
walter-study,eac,384,884736,jpeg444,85,391698,33.37669,26.15793,0.8380644,3.541829
walter-study,eac,384,884736,jpeg444,92,541077,36.74653,26.41728,0.8487025,4.892551
walter-study,eac,384,884736,jpegjs,80,337165,32.02912,25.96209,0.8287156,3.048729
walter-study,eac,384,884736,webp,40,128082,28.79226,24.76524,0.7944688,1.158149
walter-study,eac,384,884736,webp,60,165870,30.24089,25.20922,0.8159669,1.499837
walter-study,eac,384,884736,webp,75,197638,31.2672,25.44206,0.8268158,1.787091
walter-study,eac,384,884736,webp,85,282550,33.36214,25.79663,0.8417002,2.554886
walter-study,eac,384,884736,webp,92,383676,34.81394,25.98466,0.8486729,3.469293
walter-study,eac,384,884736,avif,35,78143,27.47551,24.21976,0.7493322,0.7065882
walter-study,eac,384,884736,avif,55,172810,30.99023,25.36101,0.8213504,1.56259
walter-study,eac,384,884736,avif,75,284788,32.9783,25.75096,0.8428584,2.575123
bookstore,eac,384,884736,raw,,2654208,,35.85928,0.9577913,24
bookstore,eac,384,884736,png,,1001780,,35.85928,0.9577913,9.058341
bookstore,eac,384,884736,jpeg,40,56794,33.45059,32.66542,0.913981,0.5135453
bookstore,eac,384,884736,jpeg,60,75609,34.94143,33.27675,0.9283189,0.6836751
bookstore,eac,384,884736,jpeg,75,99548,36.43023,33.80164,0.9385023,0.9001374
bookstore,eac,384,884736,jpeg,85,134056,38.15207,34.39802,0.9460986,1.212167
bookstore,eac,384,884736,jpeg,92,187491,40.10801,34.80934,0.9517643,1.69534
bookstore,eac,384,884736,jpeg444,40,66118,34.07423,33.03034,0.9139666,0.5978552
bookstore,eac,384,884736,jpeg444,60,88119,35.73592,33.68353,0.9283377,0.7967936
bookstore,eac,384,884736,jpeg444,75,117372,37.49214,34.23203,0.9385031,1.061306
bookstore,eac,384,884736,jpeg444,80,135871,38.4349,34.57651,0.9423825,1.228579
bookstore,eac,384,884736,jpeg444,85,162866,39.61915,34.85821,0.9461601,1.472674
bookstore,eac,384,884736,jpeg444,92,233919,42.32454,35.27045,0.9518395,2.115153
bookstore,eac,384,884736,jpegjs,80,142849,38.43727,34.56909,0.9422451,1.291676
bookstore,eac,384,884736,webp,40,39016,34.54394,32.59975,0.9137771,0.3527922
bookstore,eac,384,884736,webp,60,49830,35.97051,33.2636,0.9259418,0.4505751
bookstore,eac,384,884736,webp,75,59578,36.97288,33.65807,0.933411,0.5387189
bookstore,eac,384,884736,webp,85,87592,39.19049,34.30172,0.944791,0.7920284
bookstore,eac,384,884736,webp,92,134490,41.09689,34.74614,0.9508194,1.216092
bookstore,eac,384,884736,avif,35,25304,33.14057,31.83317,0.8930624,0.228805
bookstore,eac,384,884736,avif,55,49124,36.72802,33.48963,0.9300945,0.4441913
bookstore,eac,384,884736,avif,75,84409,39.24101,34.23724,0.9453424,0.7632469
gardens,eac,384,884736,raw,,2654208,,29.47999,0.9029667,24
gardens,eac,384,884736,png,,1762744,,29.47999,0.9029667,15.93916
gardens,eac,384,884736,jpeg,40,128825,25.56006,25.72079,0.8366406,1.164867
gardens,eac,384,884736,jpeg,60,174299,26.63025,26.36624,0.8605646,1.576054
gardens,eac,384,884736,jpeg,75,232441,27.94761,26.96866,0.8785344,2.101789
gardens,eac,384,884736,jpeg,85,311692,29.63359,27.5759,0.8912938,2.818396
gardens,eac,384,884736,jpeg,92,419351,31.34516,28.1083,0.8984963,3.791875
gardens,eac,384,884736,jpeg444,40,161348,26.58852,26.61444,0.836961,1.458948
gardens,eac,384,884736,jpeg444,60,220545,27.93583,27.33947,0.8609371,1.994222
gardens,eac,384,884736,jpeg444,75,298441,29.64388,27.99174,0.8789245,2.698577
gardens,eac,384,884736,jpeg444,80,345372,30.65432,28.27938,0.8855662,3.122938
gardens,eac,384,884736,jpeg444,85,410210,32.06033,28.58914,0.8916602,3.709219
gardens,eac,384,884736,jpeg444,92,572605,35.66588,29.05749,0.8988354,5.177635
gardens,eac,384,884736,jpegjs,80,350081,30.6569,28.27173,0.8852974,3.165518
gardens,eac,384,884736,webp,40,143768,27.50237,26.37213,0.856143,1.299986
gardens,eac,384,884736,webp,60,181268,28.80221,26.97954,0.871969,1.63907
gardens,eac,384,884736,webp,75,212044,29.60801,27.32656,0.8806409,1.917354
gardens,eac,384,884736,webp,85,294452,31.16524,27.91933,0.8920068,2.662507
gardens,eac,384,884736,webp,92,387306,32.00877,28.24039,0.8974739,3.502116
gardens,eac,384,884736,avif,35,103391,26.71579,26.0444,0.8274607,0.9348868
gardens,eac,384,884736,avif,55,201804,29.55415,27.31997,0.8775267,1.824761
gardens,eac,384,884736,avif,75,313031,30.85671,27.80922,0.8936031,2.830503
stadium,eac,384,884736,raw,,2654208,,32.52296,0.8607429,24
stadium,eac,384,884736,png,,1442435,,32.52296,0.8607429,13.04285
stadium,eac,384,884736,jpeg,40,91561,28.51772,28.92306,0.8013621,0.827917
stadium,eac,384,884736,jpeg,60,125126,29.75538,29.59514,0.8218676,1.13142
stadium,eac,384,884736,jpeg,75,169336,31.40424,30.2826,0.838854,1.531178
stadium,eac,384,884736,jpeg,85,230891,33.63584,30.80705,0.8502932,2.087773
stadium,eac,384,884736,jpeg,92,315107,36.28913,31.19098,0.8564591,2.849275
stadium,eac,384,884736,jpeg444,40,104803,29.00912,29.30443,0.8014119,0.9476544
stadium,eac,384,884736,jpeg444,60,144306,30.3579,29.97751,0.8219043,1.30485
stadium,eac,384,884736,jpeg444,75,197008,32.19415,30.73343,0.8388757,1.781395
stadium,eac,384,884736,jpeg444,80,229081,33.28922,30.9557,0.8446786,2.071407
stadium,eac,384,884736,jpeg444,85,272860,34.82894,31.24084,0.8503242,2.467267
stadium,eac,384,884736,jpeg444,92,380409,38.48913,31.63265,0.8564874,3.439752
stadium,eac,384,884736,jpegjs,80,233624,33.29108,30.94925,0.8443874,2.112486
stadium,eac,384,884736,webp,40,95354,30.51363,29.40381,0.8180075,0.8622143
stadium,eac,384,884736,webp,60,123754,32.22488,29.91479,0.8340122,1.119014
stadium,eac,384,884736,webp,75,146124,33.40143,30.17538,0.8404285,1.321289
stadium,eac,384,884736,webp,85,208446,36.01598,30.61272,0.8504603,1.88482
stadium,eac,384,884736,webp,92,287526,37.93075,30.93427,0.8549853,2.599881
stadium,eac,384,884736,avif,35,62755,29.20978,28.83579,0.7985784,0.5674461
stadium,eac,384,884736,avif,55,135203,33.5277,30.0279,0.8410924,1.222539
stadium,eac,384,884736,avif,75,215171,36.14623,30.53537,0.8522423,1.945629
superblock,eac,384,884736,raw,,2654208,,25.80299,0.833229,24
superblock,eac,384,884736,png,,1941586,,25.80299,0.833229,17.5563
superblock,eac,384,884736,jpeg,40,134935,24.73271,22.86459,0.7366127,1.220115
superblock,eac,384,884736,jpeg,60,186547,25.70351,23.37637,0.7716254,1.686804
superblock,eac,384,884736,jpeg,75,253773,26.98068,23.90685,0.8002405,2.294678
superblock,eac,384,884736,jpeg,85,344914,28.59087,24.38683,0.8193791,3.118797
superblock,eac,384,884736,jpeg,92,467391,30.23962,24.71353,0.8289257,4.226264
superblock,eac,384,884736,jpeg444,40,169771,25.7756,23.56802,0.7367671,1.535111
superblock,eac,384,884736,jpeg444,60,236866,27.01916,24.15194,0.7717974,2.1418
superblock,eac,384,884736,jpeg444,75,326178,28.66392,24.71979,0.8004481,2.949382
superblock,eac,384,884736,jpeg444,80,380070,29.64661,24.96418,0.8106052,3.436686
superblock,eac,384,884736,jpeg444,85,455097,31.03156,25.21608,0.8195952,4.115099
superblock,eac,384,884736,jpeg444,92,644987,34.65346,25.56506,0.8291101,5.832131
superblock,eac,384,884736,jpegjs,80,386070,29.64832,24.95953,0.8101577,3.49094
superblock,eac,384,884736,webp,40,166680,26.87117,23.73097,0.783026,1.507161
superblock,eac,384,884736,webp,60,210602,28.05012,24.11322,0.8013032,1.904315
superblock,eac,384,884736,webp,75,248198,28.84002,24.32902,0.8112077,2.244267
superblock,eac,384,884736,webp,85,341684,30.17236,24.63101,0.8228368,3.089591
superblock,eac,384,884736,webp,92,451128,30.92618,24.7853,0.8286787,4.07921
superblock,eac,384,884736,avif,35,110869,25.80219,23.22364,0.7382051,1.002505
superblock,eac,384,884736,avif,55,230075,28.58902,24.22633,0.8066932,2.080395
superblock,eac,384,884736,avif,75,362350,29.8359,24.5548,0.8244406,3.276458
northrop-mall,qsc,768,3538944,raw,,10616832,,32.9129,0.9665304,24
northrop-mall,qsc,768,3538944,png,,6252776,,32.9129,0.9665304,14.13478
northrop-mall,qsc,768,3538944,jpeg,40,462291,26.89959,28.94917,0.9339267,1.045037
northrop-mall,qsc,768,3538944,jpeg,60,619004,28.27224,29.78638,0.9464279,1.399297
northrop-mall,qsc,768,3538944,jpeg,75,819849,29.92711,30.56973,0.9547935,1.853319
northrop-mall,qsc,768,3538944,jpeg,85,1096538,32.07797,31.23255,0.9600437,2.478791
northrop-mall,qsc,768,3538944,jpeg,92,1475799,34.52753,31.72949,0.9631257,3.336134
northrop-mall,qsc,768,3538944,jpeg444,40,552238,27.66822,29.7894,0.934245,1.248368
northrop-mall,qsc,768,3538944,jpeg444,60,744041,29.30792,30.69624,0.946766,1.68195
northrop-mall,qsc,768,3538944,jpeg444,75,992051,31.3491,31.53035,0.9551799,2.242592
northrop-mall,qsc,768,3538944,jpeg444,80,1138840,32.49219,31.78828,0.9579475,2.574418
northrop-mall,qsc,768,3538944,jpeg444,85,1342274,34.04854,32.08227,0.9604332,3.034293
northrop-mall,qsc,768,3538944,jpeg444,92,1831585,37.7858,32.46197,0.9635127,4.14041
northrop-mall,qsc,768,3538944,jpegjs,80,1152969,32.49381,31.77961,0.9577908,2.606357
northrop-mall,qsc,768,3538944,webp,40,515222,29.46488,29.91658,0.9430527,1.164691
northrop-mall,qsc,768,3538944,webp,60,643870,31.07023,30.54531,0.9502307,1.455508
northrop-mall,qsc,768,3538944,webp,75,745954,32.15861,30.84975,0.9536553,1.686275
northrop-mall,qsc,768,3538944,webp,85,1023844,34.31578,31.34785,0.9584421,2.314462
northrop-mall,qsc,768,3538944,webp,92,1354654,35.67749,31.64137,0.9616455,3.062278
northrop-mall,qsc,768,3538944,avif,35,366324,28.14844,29.1453,0.9320358,0.8280979
northrop-mall,qsc,768,3538944,avif,55,697740,31.91705,30.59983,0.952642,1.577284
northrop-mall,qsc,768,3538944,avif,75,1066065,33.93483,31.11317,0.9590383,2.409905
walter-study,qsc,768,3538944,raw,,10616832,,32.70133,0.9656055,24
walter-study,qsc,768,3538944,png,,6562094,,32.70133,0.9656055,14.83402
walter-study,qsc,768,3538944,jpeg,40,445311,28.87451,28.75766,0.9224134,1.006653
walter-study,qsc,768,3538944,jpeg,60,597082,30.29189,29.64448,0.9386361,1.34974
walter-study,qsc,768,3538944,jpeg,75,790236,31.92453,30.4401,0.9504042,1.786377
walter-study,qsc,768,3538944,jpeg,85,1059672,33.97454,31.13745,0.9583792,2.395454
walter-study,qsc,768,3538944,jpeg,92,1439011,36.58279,31.68768,0.9629345,3.252973
walter-study,qsc,768,3538944,jpeg444,40,536177,29.69258,29.72601,0.9225611,1.212061
walter-study,qsc,768,3538944,jpeg444,60,727491,31.28746,30.65575,0.9387667,1.644538
walter-study,qsc,768,3538944,jpeg444,75,969487,33.1562,31.4266,0.9505549,2.191585
walter-study,qsc,768,3538944,jpeg444,80,1114377,34.19598,31.73062,0.954712,2.519118
walter-study,qsc,768,3538944,jpeg444,85,1312322,35.59393,32.02388,0.958528,2.966584
walter-study,qsc,768,3538944,jpeg444,92,1787910,38.91469,32.4052,0.9630457,4.04168
walter-study,qsc,768,3538944,jpegjs,80,1129079,34.1967,31.71713,0.9544843,2.552352
walter-study,qsc,768,3538944,webp,40,416354,30.46641,29.30765,0.9270288,0.9411938
walter-study,qsc,768,3538944,webp,60,540398,32.08063,30.10592,0.940919,1.221603
walter-study,qsc,768,3538944,webp,75,643980,33.26898,30.57805,0.9480732,1.455756
walter-study,qsc,768,3538944,webp,85,929894,35.99149,31.36324,0.9576987,2.102082
walter-study,qsc,768,3538944,webp,92,1299148,38.39077,31.82266,0.9623079,2.936804
walter-study,qsc,768,3538944,avif,35,246559,29.00139,28.28949,0.8982891,0.5573617
walter-study,qsc,768,3538944,avif,55,535908,33.03088,30.37049,0.943853,1.211453
walter-study,qsc,768,3538944,avif,75,904677,35.83753,31.24524,0.958079,2.045078
bookstore,qsc,768,3538944,raw,,10616832,,43.10496,0.9919564,24
bookstore,qsc,768,3538944,png,,3194425,,43.10496,0.9919564,7.221194
bookstore,qsc,768,3538944,jpeg,40,170530,36.0957,37.15397,0.969949,0.3854935
bookstore,qsc,768,3538944,jpeg,60,225445,37.62535,38.14789,0.9776372,0.5096323
bookstore,qsc,768,3538944,jpeg,75,298493,39.23149,39.06614,0.9828246,0.6747617
bookstore,qsc,768,3538944,jpeg,85,409825,41.06515,40.14331,0.9861993,0.9264346
bookstore,qsc,768,3538944,jpeg,92,584553,43.12968,40.96537,0.9887562,1.321418
bookstore,qsc,768,3538944,jpeg444,40,203647,36.82461,37.91126,0.969951,0.4603565
bookstore,qsc,768,3538944,jpeg444,60,268107,38.54893,38.97297,0.9776527,0.6060723
bookstore,qsc,768,3538944,jpeg444,75,357397,40.47047,39.98827,0.9828569,0.8079178
bookstore,qsc,768,3538944,jpeg444,80,414931,41.51579,40.63788,0.9845933,0.937977
bookstore,qsc,768,3538944,jpeg444,85,501564,42.7411,41.17956,0.9863018,1.133816
bookstore,qsc,768,3538944,jpeg444,92,722410,45.25737,41.91061,0.9888763,1.633052
bookstore,qsc,768,3538944,jpegjs,80,437629,41.51655,40.61941,0.9845254,0.9892872
bookstore,qsc,768,3538944,webp,40,102002,36.23489,36.59362,0.962314,0.2305818
bookstore,qsc,768,3538944,webp,60,131178,37.67435,37.6882,0.9707947,0.2965359
bookstore,qsc,768,3538944,webp,75,156338,38.75581,38.27911,0.9748933,0.3534116
bookstore,qsc,768,3538944,webp,85,234868,41.04298,39.47125,0.9817667,0.5309335
bookstore,qsc,768,3538944,webp,92,377870,43.27026,40.50889,0.9861884,0.8541983
bookstore,qsc,768,3538944,avif,35,59469,35.02091,35.46,0.9506073,0.1344333
bookstore,qsc,768,3538944,avif,55,115688,38.51557,37.95845,0.9735445,0.2615198
bookstore,qsc,768,3538944,avif,75,205801,41.15946,39.38248,0.9828399,0.4652258
gardens,qsc,768,3538944,raw,,10616832,,36.72582,0.9820356,24
gardens,qsc,768,3538944,png,,6340792,,36.72582,0.9820356,14.33375
gardens,qsc,768,3538944,jpeg,40,451141,27.79517,30.10672,0.9528718,1.019832
gardens,qsc,768,3538944,jpeg,60,596265,28.97883,31.12232,0.96406,1.347894
gardens,qsc,768,3538944,jpeg,75,782319,30.37722,32.08964,0.9715534,1.76848
gardens,qsc,768,3538944,jpeg,85,1042619,32.18128,33.10919,0.9766545,2.356904
gardens,qsc,768,3538944,jpeg,92,1418017,34.34835,34.0973,0.9797907,3.205514
gardens,qsc,768,3538944,jpeg444,40,566969,29.18821,31.78343,0.953093,1.281668
gardens,qsc,768,3538944,jpeg444,60,756229,30.71701,32.99489,0.964289,1.709502
gardens,qsc,768,3538944,jpeg444,75,1000231,32.50064,34.09112,0.9717816,2.261084
gardens,qsc,768,3538944,jpeg444,80,1147109,33.48876,34.57116,0.9743801,2.59311
gardens,qsc,768,3538944,jpeg444,85,1345113,34.81877,35.08081,0.9768638,3.04071
gardens,qsc,768,3538944,jpeg444,92,1835484,38.10539,35.84593,0.9799883,4.149224
gardens,qsc,768,3538944,jpegjs,80,1157994,33.49079,34.55592,0.9742483,2.617716
gardens,qsc,768,3538944,webp,40,436698,28.90377,30.46408,0.953453,0.9871826
gardens,qsc,768,3538944,webp,60,574646,30.5298,31.583,0.963711,1.299023
gardens,qsc,768,3538944,webp,75,680980,31.56899,32.22685,0.9686292,1.539397
gardens,qsc,768,3538944,webp,85,970080,33.8345,33.40416,0.9752289,2.192925
gardens,qsc,768,3538944,webp,92,1308686,35.36918,34.22207,0.9784553,2.958365
gardens,qsc,768,3538944,avif,35,302372,28.22388,29.94755,0.9345842,0.6835305
gardens,qsc,768,3538944,avif,55,613335,31.52192,32.14117,0.9662651,1.386481
gardens,qsc,768,3538944,avif,75,1000709,33.48921,33.18697,0.9759595,2.262164
stadium,qsc,768,3538944,raw,,10616832,,37.79868,0.9638593,24
stadium,qsc,768,3538944,png,,5229678,,37.79868,0.9638593,11.82201
stadium,qsc,768,3538944,jpeg,40,352826,29.24724,32.58947,0.9280609,0.7975848
stadium,qsc,768,3538944,jpeg,60,479189,30.76615,33.55735,0.94176,1.083236
stadium,qsc,768,3538944,jpeg,75,642417,32.67762,34.65984,0.9514899,1.452223
stadium,qsc,768,3538944,jpeg,85,870210,35.14698,35.42466,0.9576869,1.967163
stadium,qsc,768,3538944,jpeg,92,1184816,38.29874,36.03945,0.9611969,2.678349
stadium,qsc,768,3538944,jpeg444,40,396262,29.57325,33.03605,0.9280995,0.8957746
stadium,qsc,768,3538944,jpeg444,60,541683,31.18625,34.02201,0.9418059,1.224508
stadium,qsc,768,3538944,jpeg444,75,732392,33.26863,35.28461,0.951571,1.655617
stadium,qsc,768,3538944,jpeg444,80,847142,34.44309,35.58776,0.9548123,1.915016
stadium,qsc,768,3538944,jpeg444,85,1004375,36.05695,36.02387,0.9577712,2.270451
stadium,qsc,768,3538944,jpeg444,92,1376727,39.88058,36.61354,0.9612901,3.112176
stadium,qsc,768,3538944,jpegjs,80,862385,34.44463,35.57774,0.9546425,1.949474
stadium,qsc,768,3538944,webp,40,362394,31.48067,33.11309,0.9335579,0.8192139
stadium,qsc,768,3538944,webp,60,465640,33.29039,33.90535,0.9441575,1.052608
stadium,qsc,768,3538944,webp,75,551334,34.64522,34.26794,0.9488973,1.246324
stadium,qsc,768,3538944,webp,85,778750,37.75062,34.95902,0.9556317,1.760412
stadium,qsc,768,3538944,webp,92,1073838,40.589,35.48786,0.9593784,2.427477
stadium,qsc,768,3538944,avif,35,235200,29.96561,32.22588,0.920082,0.531684
stadium,qsc,768,3538944,avif,55,494196,34.72834,34.02561,0.9485478,1.11716
stadium,qsc,768,3538944,avif,75,788725,38.13227,34.79436,0.9563972,1.782961
superblock,qsc,768,3538944,raw,,10616832,,32.43489,0.9671078,24
superblock,qsc,768,3538944,png,,7229597,,32.43489,0.9671078,16.34295
superblock,qsc,768,3538944,jpeg,40,516057,26.50029,26.88451,0.9234928,1.166579
superblock,qsc,768,3538944,jpeg,60,692243,27.62599,27.75442,0.9404599,1.564858
superblock,qsc,768,3538944,jpeg,75,919758,28.9915,28.65019,0.9524452,2.079169
superblock,qsc,768,3538944,jpeg,85,1238905,30.75843,29.55847,0.9603369,2.800621
superblock,qsc,768,3538944,jpeg,92,1691211,32.8636,30.33274,0.9647856,3.823086
superblock,qsc,768,3538944,jpeg444,40,646338,27.81645,28.43919,0.923699,1.461087
superblock,qsc,768,3538944,jpeg444,60,875878,29.24755,29.49412,0.9406778,1.979976
superblock,qsc,768,3538944,jpeg444,75,1173570,30.98319,30.47496,0.9526635,2.652927
superblock,qsc,768,3538944,jpeg444,80,1352855,31.9704,30.89731,0.956826,3.058212
superblock,qsc,768,3538944,jpeg444,85,1596040,33.32799,31.34147,0.9605452,3.607946
superblock,qsc,768,3538944,jpeg444,92,2196391,36.76064,31.98238,0.9649559,4.965077
superblock,qsc,768,3538944,jpegjs,80,1367437,31.9725,30.88316,0.9565906,3.091175
superblock,qsc,768,3538944,webp,40,565918,28.18904,27.89586,0.9339827,1.279292
superblock,qsc,768,3538944,webp,60,732622,29.67526,28.7708,0.9466819,1.656137
superblock,qsc,768,3538944,webp,75,866390,30.64223,29.24784,0.9528784,1.958528
superblock,qsc,768,3538944,webp,85,1216292,32.61393,30.02906,0.9607113,2.749503
superblock,qsc,768,3538944,webp,92,1617518,33.92785,30.48921,0.9641661,3.656499
superblock,qsc,768,3538944,avif,35,365587,27.09663,27.00417,0.9061236,0.8264318
superblock,qsc,768,3538944,avif,55,764673,30.31074,28.95095,0.9492728,1.72859
superblock,qsc,768,3538944,avif,75,1249278,32.18389,29.80425,0.9612336,2.82407
northrop-mall,qsc,384,884736,raw,,2654208,,27.24441,0.8595237,24
northrop-mall,qsc,384,884736,png,,1657161,,27.24441,0.8595237,14.98446
northrop-mall,qsc,384,884736,jpeg,40,120772,25.67588,24.90964,0.8018595,1.09205
northrop-mall,qsc,384,884736,jpeg,60,164650,26.90306,25.44294,0.8245219,1.488806
northrop-mall,qsc,384,884736,jpeg,75,220051,28.44735,25.88745,0.840835,1.989755
northrop-mall,qsc,384,884736,jpeg,85,292991,30.35979,26.25753,0.8504947,2.649297
northrop-mall,qsc,384,884736,jpeg,92,389629,32.28696,26.4968,0.8552725,3.523121
northrop-mall,qsc,384,884736,jpeg444,40,144901,26.39063,25.38244,0.8021454,1.31023
northrop-mall,qsc,384,884736,jpeg444,60,198723,27.82844,25.93288,0.8248227,1.796902
northrop-mall,qsc,384,884736,jpeg444,75,268775,29.75417,26.41454,0.8412059,2.430329
northrop-mall,qsc,384,884736,jpeg444,80,311141,30.86938,26.57095,0.8465398,2.813413
northrop-mall,qsc,384,884736,jpeg444,85,369307,32.41022,26.75099,0.8509277,3.339365
northrop-mall,qsc,384,884736,jpeg444,92,511232,36.28551,26.97704,0.8557587,4.622685
northrop-mall,qsc,384,884736,jpegjs,80,315924,30.87056,26.56832,0.8463049,2.856662
northrop-mall,qsc,384,884736,webp,40,142300,28.395,25.62385,0.8282282,1.286712
northrop-mall,qsc,384,884736,webp,60,177034,29.75764,25.95801,0.8388282,1.600785
northrop-mall,qsc,384,884736,webp,75,205084,30.66071,26.10709,0.8435018,1.85442
northrop-mall,qsc,384,884736,webp,85,277870,32.23167,26.32759,0.85055,2.512569
northrop-mall,qsc,384,884736,webp,92,361410,33.09862,26.46253,0.8543445,3.267958
northrop-mall,qsc,384,884736,avif,35,103552,27.16917,25.22965,0.8115046,0.9363426
northrop-mall,qsc,384,884736,avif,55,196263,30.39422,25.96523,0.8430292,1.774658
northrop-mall,qsc,384,884736,avif,75,295114,31.8896,26.22735,0.8516915,2.668493
walter-study,qsc,384,884736,raw,,2654208,,26.59309,0.8519382,24
walter-study,qsc,384,884736,png,,1817971,,26.59309,0.8519382,16.43854
walter-study,qsc,384,884736,jpeg,40,126367,26.99323,24.19711,0.7679885,1.142641
walter-study,qsc,384,884736,jpeg,60,169725,28.18923,24.69718,0.7953344,1.534695
walter-study,qsc,384,884736,jpeg,75,225935,29.5825,25.15596,0.8184031,2.04296
walter-study,qsc,384,884736,jpeg,85,305324,31.36529,25.58025,0.8360789,2.760815
walter-study,qsc,384,884736,jpeg,92,416163,33.54725,25.90274,0.8463893,3.763048
walter-study,qsc,384,884736,jpeg444,40,156616,28.04222,24.83305,0.7681712,1.41616
walter-study,qsc,384,884736,jpeg444,60,212770,29.46437,25.34618,0.7955385,1.923919
walter-study,qsc,384,884736,jpeg444,75,285521,31.16071,25.78585,0.8186347,2.581751
walter-study,qsc,384,884736,jpeg444,80,329225,32.13729,25.96787,0.8274833,2.976933
walter-study,qsc,384,884736,jpeg444,85,389937,33.4797,26.15571,0.8362901,3.525906
walter-study,qsc,384,884736,jpeg444,92,537393,36.79119,26.40113,0.8465527,4.859239
walter-study,qsc,384,884736,jpegjs,80,335538,32.13681,25.96203,0.8270845,3.034017
walter-study,qsc,384,884736,webp,40,128214,28.83643,24.77103,0.7922354,1.159342
walter-study,qsc,384,884736,webp,60,166868,30.29233,25.21744,0.8148438,1.508861
walter-study,qsc,384,884736,webp,75,197896,31.29829,25.44896,0.8251713,1.789424
walter-study,qsc,384,884736,webp,85,282374,33.38682,25.79456,0.8398217,2.553295
walter-study,qsc,384,884736,webp,92,383472,34.83588,25.98029,0.8466376,3.467448
walter-study,qsc,384,884736,avif,35,78347,27.53792,24.2319,0.7486762,0.7084328
walter-study,qsc,384,884736,avif,55,170983,31.02742,25.36865,0.8193059,1.54607
walter-study,qsc,384,884736,avif,75,282246,33.01163,25.75384,0.8407881,2.552138
bookstore,qsc,384,884736,raw,,2654208,,35.87107,0.9576921,24
bookstore,qsc,384,884736,png,,1024406,,35.87107,0.9576921,9.26293
bookstore,qsc,384,884736,jpeg,40,58440,33.30928,32.64339,0.9122062,0.5284288
bookstore,qsc,384,884736,jpeg,60,77828,34.79241,33.27141,0.9270919,0.7037399
bookstore,qsc,384,884736,jpeg,75,102788,36.3177,33.81319,0.9375711,0.9294343
bookstore,qsc,384,884736,jpeg,85,138311,38.05683,34.40499,0.9456449,1.250642
bookstore,qsc,384,884736,jpeg,92,193207,40.08284,34.82578,0.9516444,1.747025
bookstore,qsc,384,884736,jpeg444,40,68101,33.91435,32.99773,0.9121911,0.615786
bookstore,qsc,384,884736,jpeg444,60,90741,35.57635,33.66345,0.9271036,0.8205024
bookstore,qsc,384,884736,jpeg444,75,121087,37.36133,34.2311,0.9375979,1.094898
bookstore,qsc,384,884736,jpeg444,80,139967,38.31866,34.56378,0.9415164,1.265616
bookstore,qsc,384,884736,jpeg444,85,167551,39.52384,34.85458,0.9456988,1.515037
bookstore,qsc,384,884736,jpeg444,92,239751,42.22953,35.2766,0.9517216,2.167887
bookstore,qsc,384,884736,jpegjs,80,146746,38.31935,34.55361,0.9413564,1.326913
bookstore,qsc,384,884736,webp,40,41018,34.45042,32.60621,0.9121781,0.3708948
bookstore,qsc,384,884736,webp,60,52610,35.86589,33.23261,0.9243809,0.4757125
bookstore,qsc,384,884736,webp,75,62636,36.80547,33.5995,0.931268,0.5663701
bookstore,qsc,384,884736,webp,85,92902,39.13487,34.30516,0.9442029,0.8400427
bookstore,qsc,384,884736,webp,92,141816,41.12939,34.75247,0.9505718,1.282335
bookstore,qsc,384,884736,avif,35,26437,33.02504,31.76055,0.8919806,0.2390498
bookstore,qsc,384,884736,avif,55,51553,36.63557,33.44784,0.9289164,0.4661549
bookstore,qsc,384,884736,avif,75,89033,39.20972,34.24966,0.9450162,0.8050582
gardens,qsc,384,884736,raw,,2654208,,29.48099,0.9022981,24
gardens,qsc,384,884736,png,,1760795,,29.48099,0.9022981,15.92154
gardens,qsc,384,884736,jpeg,40,128487,25.65693,25.75602,0.8367222,1.161811
gardens,qsc,384,884736,jpeg,60,173724,26.73261,26.39456,0.8603168,1.570855
gardens,qsc,384,884736,jpeg,75,231118,28.03946,26.97942,0.8779082,2.089826
gardens,qsc,384,884736,jpeg,85,310641,29.69429,27.59365,0.8906974,2.808892
gardens,qsc,384,884736,jpeg,92,418378,31.43434,28.11888,0.8979174,3.783077
gardens,qsc,384,884736,jpeg444,40,160972,26.71849,26.64108,0.8370477,1.455548
gardens,qsc,384,884736,jpeg444,60,219829,28.05493,27.37083,0.8606504,1.987748
gardens,qsc,384,884736,jpeg444,75,296685,29.75699,28.01108,0.8782496,2.682699
gardens,qsc,384,884736,jpeg444,80,343440,30.75205,28.29311,0.8849373,3.105469
gardens,qsc,384,884736,jpeg444,85,408282,32.15056,28.60426,0.8910556,3.691786
gardens,qsc,384,884736,jpeg444,92,569013,35.74209,29.06335,0.8982631,5.145155
gardens,qsc,384,884736,jpegjs,80,348082,30.75457,28.2846,0.8846369,3.147443
gardens,qsc,384,884736,webp,40,142982,27.54075,26.35949,0.8555054,1.292878
gardens,qsc,384,884736,webp,60,180340,28.82348,26.98916,0.871661,1.630679
gardens,qsc,384,884736,webp,75,213370,29.71801,27.34066,0.8807114,1.929344
gardens,qsc,384,884736,webp,85,294978,31.25093,27.91713,0.8916479,2.667263
gardens,qsc,384,884736,webp,92,387274,32.10274,28.23809,0.8969502,3.501827
gardens,qsc,384,884736,avif,35,101826,26.74758,26.04635,0.8267015,0.9207357
gardens,qsc,384,884736,avif,55,200483,29.60532,27.31773,0.8767914,1.812816
gardens,qsc,384,884736,avif,75,311853,30.9371,27.81834,0.892773,2.819851
stadium,qsc,384,884736,raw,,2654208,,32.49868,0.8617661,24
stadium,qsc,384,884736,png,,1436585,,32.49868,0.8617661,12.98995
stadium,qsc,384,884736,jpeg,40,91456,28.64983,28.98531,0.8034036,0.8269676
stadium,qsc,384,884736,jpeg,60,124660,29.89854,29.66251,0.8235553,1.127206
stadium,qsc,384,884736,jpeg,75,168144,31.52014,30.32794,0.8397425,1.520399
stadium,qsc,384,884736,jpeg,85,229396,33.71596,30.85431,0.8513538,2.074255
stadium,qsc,384,884736,jpeg,92,313573,36.35789,31.24332,0.8573954,2.835404
stadium,qsc,384,884736,jpeg444,40,104617,29.15564,29.39137,0.8034344,0.9459726
stadium,qsc,384,884736,jpeg444,60,143722,30.51716,30.02875,0.823602,1.29957
stadium,qsc,384,884736,jpeg444,75,195863,32.32813,30.77644,0.8397926,1.771041
stadium,qsc,384,884736,jpeg444,80,227307,33.39992,30.99315,0.845775,2.055366
stadium,qsc,384,884736,jpeg444,85,270896,34.91073,31.27162,0.8513865,2.449508
stadium,qsc,384,884736,jpeg444,92,377946,38.51013,31.64941,0.8574382,3.41748
stadium,qsc,384,884736,jpegjs,80,231975,33.40101,30.98906,0.8455051,2.097575
stadium,qsc,384,884736,webp,40,94448,30.6747,29.46628,0.8211884,0.854022
stadium,qsc,384,884736,webp,60,122240,32.36088,30.00247,0.8352196,1.105324
stadium,qsc,384,884736,webp,75,144678,33.52935,30.23964,0.8418797,1.308214
stadium,qsc,384,884736,webp,85,206770,36.05059,30.63352,0.8509537,1.869665
stadium,qsc,384,884736,webp,92,284178,38.00589,30.97869,0.8560857,2.569607
stadium,qsc,384,884736,avif,35,61423,29.2785,28.88564,0.7992136,0.5554018
stadium,qsc,384,884736,avif,55,133258,33.56889,30.061,0.8420843,1.204952
stadium,qsc,384,884736,avif,75,212807,36.20794,30.59058,0.8532603,1.924253
superblock,qsc,384,884736,raw,,2654208,,25.80722,0.8332021,24
superblock,qsc,384,884736,png,,1937832,,25.80722,0.8332021,17.52235
superblock,qsc,384,884736,jpeg,40,135100,24.79433,22.88113,0.736982,1.221607
superblock,qsc,384,884736,jpeg,60,186258,25.76069,23.39062,0.7718547,1.684191
superblock,qsc,384,884736,jpeg,75,253330,27.03085,23.92153,0.8002045,2.290672
superblock,qsc,384,884736,jpeg,85,344419,28.6259,24.39514,0.8193978,3.114321
superblock,qsc,384,884736,jpeg,92,466884,30.26814,24.7202,0.8287763,4.22168
superblock,qsc,384,884736,jpeg444,40,170032,25.84795,23.58865,0.737122,1.537471
superblock,qsc,384,884736,jpeg444,60,236719,27.08506,24.16697,0.7720232,2.140471
superblock,qsc,384,884736,jpeg444,75,325465,28.71715,24.72995,0.8003838,2.942934
superblock,qsc,384,884736,jpeg444,80,379721,29.69482,24.97333,0.810531,3.43353
superblock,qsc,384,884736,jpeg444,85,454884,31.09017,25.22455,0.819596,4.113173
superblock,qsc,384,884736,jpeg444,92,642930,34.70532,25.5704,0.8289651,5.813531
superblock,qsc,384,884736,jpegjs,80,385709,29.69696,24.96796,0.8100536,3.487675
superblock,qsc,384,884736,webp,40,165914,26.88399,23.72827,0.782845,1.500235
superblock,qsc,384,884736,webp,60,210308,28.0702,24.11604,0.8017164,1.901657
superblock,qsc,384,884736,webp,75,246676,28.8256,24.32281,0.8116061,2.230505
superblock,qsc,384,884736,webp,85,341510,30.20355,24.64239,0.8234184,3.088017
superblock,qsc,384,884736,webp,92,448812,30.94818,24.79068,0.8286158,4.058268
superblock,qsc,384,884736,avif,35,110056,25.81527,23.21475,0.7370432,0.9951534
superblock,qsc,384,884736,avif,55,228956,28.5985,24.22419,0.8062364,2.070276
superblock,qsc,384,884736,avif,75,361430,29.85879,24.56001,0.8244061,3.268139
northrop-mall,oct,1792,3211264,raw,,9633792,,31.4057,0.9499406,24
northrop-mall,oct,1792,3211264,png,,6001240,,31.4057,0.9499406,14.95047
northrop-mall,oct,1792,3211264,jpeg,40,430580,26.70962,27.87855,0.909395,1.072674
northrop-mall,oct,1792,3211264,jpeg,60,574734,28.01515,28.63762,0.9247219,1.431795
northrop-mall,oct,1792,3211264,jpeg,75,762634,29.64296,29.37222,0.9358691,1.899897
northrop-mall,oct,1792,3211264,jpeg,85,1021920,31.79323,29.9568,0.9426088,2.545839
northrop-mall,oct,1792,3211264,jpeg,92,1375044,34.22365,30.37868,0.9462929,3.425552
northrop-mall,oct,1792,3211264,jpeg444,40,516237,27.47647,28.58739,0.9097435,1.286066
northrop-mall,oct,1792,3211264,jpeg444,60,695815,29.013,29.40359,0.9250894,1.733436
northrop-mall,oct,1792,3211264,jpeg444,75,928305,30.98908,30.17838,0.9362783,2.312622
northrop-mall,oct,1792,3211264,jpeg444,80,1068539,32.13463,30.42473,0.9399181,2.661977
northrop-mall,oct,1792,3211264,jpeg444,85,1260782,33.70045,30.68795,0.9430338,3.140899
northrop-mall,oct,1792,3211264,jpeg444,92,1726050,37.48317,31.02652,0.9467227,4.299989
northrop-mall,oct,1792,3211264,jpegjs,80,1072173,32.13607,30.41869,0.9397506,2.67103
northrop-mall,oct,1792,3211264,webp,40,428264,28.74716,28.80386,0.920273,1.066904
northrop-mall,oct,1792,3211264,webp,60,557280,30.50392,29.39933,0.931254,1.388313
northrop-mall,oct,1792,3211264,webp,75,649512,31.63941,29.6558,0.9353672,1.618084
northrop-mall,oct,1792,3211264,webp,85,902334,33.83842,30.10345,0.9416098,2.247922
northrop-mall,oct,1792,3211264,webp,92,1229158,35.26073,30.29842,0.9446243,3.062116
northrop-mall,oct,1792,3211264,avif,35,334577,28.04171,28.23458,0.9103636,0.8335085
northrop-mall,oct,1792,3211264,avif,55,640106,31.75081,29.48372,0.9349215,1.594652
northrop-mall,oct,1792,3211264,avif,75,983515,33.75339,29.91877,0.9421784,2.450163
walter-study,oct,1792,3211264,raw,,9633792,,31.33992,0.9482605,24
walter-study,oct,1792,3211264,png,,6498572,,31.33992,0.9482605,16.18944
walter-study,oct,1792,3211264,jpeg,40,430060,28.16397,27.61645,0.8905493,1.071379
walter-study,oct,1792,3211264,jpeg,60,574740,29.48479,28.42647,0.9101694,1.43181
walter-study,oct,1792,3211264,jpeg,75,764415,31.06292,29.19009,0.9260962,1.904334
walter-study,oct,1792,3211264,jpeg,85,1029778,33.14473,29.88943,0.9378401,2.565415
walter-study,oct,1792,3211264,jpeg,92,1402346,35.9184,30.44256,0.9447216,3.493568
walter-study,oct,1792,3211264,jpeg444,40,524820,28.97452,28.46731,0.8907123,1.307448
walter-study,oct,1792,3211264,jpeg444,60,710086,30.45881,29.30786,0.9103367,1.768988
walter-study,oct,1792,3211264,jpeg444,75,948898,32.25053,30.05861,0.9262609,2.363924
walter-study,oct,1792,3211264,jpeg444,80,1093949,33.2743,30.36099,0.9322023,2.72528
walter-study,oct,1792,3211264,jpeg444,85,1289062,34.68537,30.66843,0.9380055,3.211351
walter-study,oct,1792,3211264,jpeg444,92,1759099,38.15261,31.06832,0.9448504,4.382322
walter-study,oct,1792,3211264,jpegjs,80,1106146,33.27473,30.34917,0.9319075,2.755665
walter-study,oct,1792,3211264,webp,40,384772,29.68168,28.11193,0.8949905,0.9585559
walter-study,oct,1792,3211264,webp,60,509846,31.36498,28.97463,0.917566,1.270144
walter-study,oct,1792,3211264,webp,75,612926,32.61832,29.43859,0.9268396,1.52694
walter-study,oct,1792,3211264,webp,85,889856,35.3456,30.13468,0.9385435,2.216837
walter-study,oct,1792,3211264,webp,92,1249344,37.82112,30.54303,0.9437096,3.112404
walter-study,oct,1792,3211264,avif,35,243508,28.60553,27.40577,0.8670592,0.6066346
walter-study,oct,1792,3211264,avif,55,530948,32.60541,29.31803,0.922496,1.322714
walter-study,oct,1792,3211264,avif,75,888176,35.3695,30.0897,0.9394782,2.212651
bookstore,oct,1792,3211264,raw,,9633792,,41.87377,0.9866541,24
bookstore,oct,1792,3211264,png,,3611381,,41.87377,0.9866541,8.996784
bookstore,oct,1792,3211264,jpeg,40,183938,34.83983,36.06405,0.9528155,0.458232
bookstore,oct,1792,3211264,jpeg,60,246117,36.27298,37.06548,0.9637988,0.6131343
bookstore,oct,1792,3211264,jpeg,75,327214,37.82548,37.98544,0.971887,0.8151656
bookstore,oct,1792,3211264,jpeg,85,449152,39.6243,39.04416,0.9775152,1.118941
bookstore,oct,1792,3211264,jpeg,92,638277,41.81262,39.87535,0.9819648,1.590095
bookstore,oct,1792,3211264,jpeg444,40,217521,35.47311,36.67721,0.952815,0.541895
bookstore,oct,1792,3211264,jpeg444,60,290223,37.03811,37.72997,0.9638019,0.7230125
bookstore,oct,1792,3211264,jpeg444,75,389399,38.81563,38.72649,0.9719084,0.9700828
bookstore,oct,1792,3211264,jpeg444,80,454039,39.76875,39.34281,0.9747284,1.131116
bookstore,oct,1792,3211264,jpeg444,85,547426,40.94099,39.88967,0.9776077,1.363765
bookstore,oct,1792,3211264,jpeg444,92,787302,43.5575,40.70688,0.9820826,1.961351
bookstore,oct,1792,3211264,jpegjs,80,465948,39.76883,39.3216,0.9746086,1.160784
bookstore,oct,1792,3211264,webp,40,113648,35.12279,35.75104,0.9476457,0.2831234
bookstore,oct,1792,3211264,webp,60,148056,36.47215,36.67387,0.9570692,0.3688417
bookstore,oct,1792,3211264,webp,75,179230,37.74853,37.42774,0.9645988,0.4465033
bookstore,oct,1792,3211264,webp,85,268340,40.04923,38.51305,0.9729267,0.6684969
bookstore,oct,1792,3211264,webp,92,421316,42.50997,39.52156,0.9793109,1.049595
bookstore,oct,1792,3211264,avif,35,68140,34.16623,34.6821,0.9310093,0.1697525
bookstore,oct,1792,3211264,avif,55,136694,37.67983,37.01822,0.9603225,0.3405363
bookstore,oct,1792,3211264,avif,75,248429,40.49738,38.49667,0.9744477,0.618894
gardens,oct,1792,3211264,raw,,9633792,,35.23291,0.9732272,24
gardens,oct,1792,3211264,png,,6174774,,35.23291,0.9732272,15.38279
gardens,oct,1792,3211264,jpeg,40,430356,27.27647,29.23276,0.9363925,1.072116
gardens,oct,1792,3211264,jpeg,60,568070,28.40653,30.15518,0.9499029,1.415194
gardens,oct,1792,3211264,jpeg,75,749271,29.75164,31.06013,0.9596621,1.866607
gardens,oct,1792,3211264,jpeg,85,1008117,31.56128,32.01972,0.966601,2.511452
gardens,oct,1792,3211264,jpeg,92,1373123,33.74147,32.90884,0.9705691,3.420766
gardens,oct,1792,3211264,jpeg444,40,542545,28.55742,30.69621,0.9366671,1.351605
gardens,oct,1792,3211264,jpeg444,60,723117,29.97991,31.77493,0.9501772,1.801451
gardens,oct,1792,3211264,jpeg444,75,961799,31.6718,32.79205,0.9599543,2.396063
gardens,oct,1792,3211264,jpeg444,80,1108584,32.64462,33.24483,0.9635189,2.761739
gardens,oct,1792,3211264,jpeg444,85,1306824,33.99728,33.7242,0.9668647,3.2556
gardens,oct,1792,3211264,jpeg444,92,1794606,37.41063,34.45706,0.9708136,4.470778
gardens,oct,1792,3211264,jpegjs,80,1116021,32.64659,33.23091,0.9633389,2.780266
gardens,oct,1792,3211264,webp,40,405390,28.35267,29.91878,0.9386042,1.00992
gardens,oct,1792,3211264,webp,60,549714,30.10043,30.99134,0.9524098,1.369464
gardens,oct,1792,3211264,webp,75,650018,31.06226,31.4887,0.9578767,1.619345
gardens,oct,1792,3211264,webp,85,921498,33.25187,32.50326,0.9659944,2.295664
gardens,oct,1792,3211264,webp,92,1260056,34.70494,33.04749,0.969337,3.13909
gardens,oct,1792,3211264,avif,35,295156,27.82944,29.22261,0.9200787,0.7353017
gardens,oct,1792,3211264,avif,55,604608,31.11324,31.24733,0.955392,1.506218
gardens,oct,1792,3211264,avif,75,980198,33.00225,32.18918,0.9663619,2.4419
stadium,oct,1792,3211264,raw,,9633792,,36.19217,0.9449747,24
stadium,oct,1792,3211264,png,,5530661,,36.19217,0.9449747,13.77815
stadium,oct,1792,3211264,jpeg,40,354918,28.39751,31.3157,0.8955065,0.8841827
stadium,oct,1792,3211264,jpeg,60,480920,29.72678,32.21651,0.9132687,1.198083
stadium,oct,1792,3211264,jpeg,75,646990,31.47633,33.25877,0.927354,1.611801
stadium,oct,1792,3211264,jpeg,85,882388,33.95311,34.03526,0.9369684,2.198232
stadium,oct,1792,3211264,jpeg,92,1203478,37.21233,34.63092,0.9418326,2.998142
stadium,oct,1792,3211264,jpeg444,40,408993,28.79067,31.76835,0.8955416,1.018896
stadium,oct,1792,3211264,jpeg444,60,557721,30.21785,32.67151,0.9133234,1.389412
stadium,oct,1792,3211264,jpeg444,75,756373,32.13939,33.87172,0.9274208,1.8843
stadium,oct,1792,3211264,jpeg444,80,877097,33.2972,34.18174,0.9324759,2.185051
stadium,oct,1792,3211264,jpeg444,85,1038860,34.93468,34.60241,0.9370488,2.58804
stadium,oct,1792,3211264,jpeg444,92,1427557,38.89446,35.16119,0.9419252,3.556374
stadium,oct,1792,3211264,jpegjs,80,882060,33.29822,34.17266,0.9322317,2.197415
stadium,oct,1792,3211264,webp,40,318410,30.04976,32.17893,0.9043122,0.7932328
stadium,oct,1792,3211264,webp,60,425394,31.96952,32.84315,0.9196295,1.059755
stadium,oct,1792,3211264,webp,75,506870,33.28726,33.17427,0.9262925,1.26273
stadium,oct,1792,3211264,webp,85,732814,36.34994,33.84276,0.9354945,1.825609
stadium,oct,1792,3211264,webp,92,1028186,39.28216,34.23736,0.9399028,2.561449
stadium,oct,1792,3211264,avif,35,230735,29.36495,31.2042,0.8902587,0.5748142
stadium,oct,1792,3211264,avif,55,493676,34.02317,32.90605,0.9269509,1.229861
stadium,oct,1792,3211264,avif,75,792701,37.36047,33.5955,0.936933,1.974801
superblock,oct,1792,3211264,raw,,9633792,,30.94436,0.9509983,24
superblock,oct,1792,3211264,png,,6892261,,30.94436,0.9509983,17.17021
superblock,oct,1792,3211264,jpeg,40,486326,26.16049,25.94847,0.8951882,1.21155
superblock,oct,1792,3211264,jpeg,60,650805,27.24966,26.74726,0.9157308,1.621306
superblock,oct,1792,3211264,jpeg,75,866683,28.58783,27.57749,0.9311348,2.159107
superblock,oct,1792,3211264,jpeg,85,1169553,30.332,28.41227,0.941989,2.913627
superblock,oct,1792,3211264,jpeg,92,1596717,32.40103,29.08552,0.9480685,3.977791
superblock,oct,1792,3211264,jpeg444,40,613928,27.44002,27.30844,0.8953905,1.529436
superblock,oct,1792,3211264,jpeg444,60,829516,28.81909,28.24559,0.9159359,2.066516
superblock,oct,1792,3211264,jpeg444,75,1113095,30.49894,29.13784,0.9313336,2.772977
superblock,oct,1792,3211264,jpeg444,80,1284115,31.4669,29.53517,0.9369619,3.199027
superblock,oct,1792,3211264,jpeg444,85,1517748,32.81827,29.95379,0.9421925,3.781061
superblock,oct,1792,3211264,jpeg444,92,2095522,36.27544,30.54595,0.9482409,5.220429
superblock,oct,1792,3211264,jpegjs,80,1295436,31.46883,29.52304,0.936677,3.22723
superblock,oct,1792,3211264,webp,40,519210,27.82261,26.93222,0.9093468,1.293472
superblock,oct,1792,3211264,webp,60,673918,29.2627,27.71755,0.9256923,1.678885
superblock,oct,1792,3211264,webp,75,797924,30.19224,28.15645,0.9343876,1.987813
superblock,oct,1792,3211264,webp,85,1138782,32.13274,28.84376,0.9439595,2.836969
superblock,oct,1792,3211264,webp,92,1486212,33.36412,29.19475,0.9471624,3.702497
superblock,oct,1792,3211264,avif,35,346188,26.86976,26.24163,0.8802105,0.8624342
superblock,oct,1792,3211264,avif,55,722588,30.01708,27.98661,0.930333,1.800134
superblock,oct,1792,3211264,avif,75,1178236,31.78619,28.69772,0.9442695,2.935258
northrop-mall,oct,896,802816,raw,,2408448,,26.57768,0.8306408,24
northrop-mall,oct,896,802816,png,,1589694,,26.57768,0.8306408,15.84118
northrop-mall,oct,896,802816,jpeg,40,113593,25.48368,24.38779,0.7665584,1.131946
northrop-mall,oct,896,802816,jpeg,60,154262,26.69018,24.90507,0.7906952,1.537209
northrop-mall,oct,896,802816,jpeg,75,206946,28.23458,25.32843,0.8094458,2.062201
northrop-mall,oct,896,802816,jpeg,85,276594,30.16435,25.67836,0.8209321,2.756238
northrop-mall,oct,896,802816,jpeg,92,368085,32.17046,25.89752,0.8263667,3.667939
northrop-mall,oct,896,802816,jpeg444,40,137193,26.22324,24.82263,0.7668083,1.367118
northrop-mall,oct,896,802816,jpeg444,60,187823,27.62622,25.33193,0.7909703,1.871642
northrop-mall,oct,896,802816,jpeg444,75,254314,29.51564,25.79363,0.8097853,2.53422
northrop-mall,oct,896,802816,jpeg444,80,294579,30.62597,25.9509,0.8159506,2.935457
northrop-mall,oct,896,802816,jpeg444,85,350458,32.17935,26.11442,0.8213419,3.492287
northrop-mall,oct,896,802816,jpeg444,92,484868,36.06719,26.33023,0.8268148,4.831673
northrop-mall,oct,896,802816,jpegjs,80,296497,30.62752,25.94838,0.8156741,2.95457
northrop-mall,oct,896,802816,webp,40,119866,27.73441,25.09806,0.7923827,1.194456
northrop-mall,oct,896,802816,webp,60,154146,29.23176,25.39537,0.8065127,1.536053
northrop-mall,oct,896,802816,webp,75,180116,30.23022,25.53478,0.8119874,1.794842
northrop-mall,oct,896,802816,webp,85,248258,32.00773,25.76026,0.8206971,2.473872
northrop-mall,oct,896,802816,webp,92,328798,32.98751,25.87045,0.8247992,3.276447
northrop-mall,oct,896,802816,avif,35,93243,27.02099,24.73451,0.778689,0.9291594
northrop-mall,oct,896,802816,avif,55,179982,30.28873,25.40527,0.8134139,1.793507
northrop-mall,oct,896,802816,avif,75,274007,31.81877,25.65326,0.8228384,2.730459
walter-study,oct,896,802816,raw,,2408448,,25.99132,0.8221276,24
walter-study,oct,896,802816,png,,1774630,,25.99132,0.8221276,17.68405
walter-study,oct,896,802816,jpeg,40,121750,26.27014,23.59397,0.7262367,1.213229
walter-study,oct,896,802816,jpeg,60,163545,27.43713,24.08543,0.7545926,1.629713
walter-study,oct,896,802816,jpeg,75,218511,28.86056,24.55648,0.780953,2.177445
walter-study,oct,896,802816,jpeg,85,296730,30.73574,24.99897,0.802896,2.956892
walter-study,oct,896,802816,jpeg,92,404820,33.0623,25.33272,0.8158782,4.034
walter-study,oct,896,802816,jpeg444,40,153170,27.28782,24.19533,0.726358,1.526327
walter-study,oct,896,802816,jpeg444,60,207601,28.65435,24.69283,0.7547613,2.068728
walter-study,oct,896,802816,jpeg444,75,279353,30.34774,25.15117,0.7811888,2.783731
walter-study,oct,896,802816,jpeg444,80,322959,31.33141,25.3433,0.7920783,3.218262
walter-study,oct,896,802816,jpeg444,85,382217,32.70306,25.53913,0.8031262,3.808763
walter-study,oct,896,802816,jpeg444,92,528446,36.13441,25.8044,0.8160467,5.265924
walter-study,oct,896,802816,jpegjs,80,327552,31.33235,25.3367,0.7916314,3.264031
walter-study,oct,896,802816,webp,40,123152,28.28651,24.2017,0.7564316,1.2272
walter-study,oct,896,802816,webp,60,160072,29.75472,24.62667,0.7800603,1.595105
walter-study,oct,896,802816,webp,75,187566,30.66988,24.8378,0.7909879,1.869081
walter-study,oct,896,802816,webp,85,269522,32.8613,25.21445,0.8083474,2.685766
walter-study,oct,896,802816,webp,92,362348,34.32519,25.3904,0.8152915,3.61077
walter-study,oct,896,802816,avif,35,76008,27.13744,23.70909,0.7092718,0.7574139
walter-study,oct,896,802816,avif,55,167313,30.55697,24.80259,0.7865073,1.667261
walter-study,oct,896,802816,avif,75,275371,32.5562,25.18592,0.8102819,2.744051
bookstore,oct,896,802816,raw,,2408448,,35.42902,0.9455787,24
bookstore,oct,896,802816,png,,1123826,,35.42902,0.9455787,11.19884
bookstore,oct,896,802816,jpeg,40,60495,32.10126,31.99504,0.8850625,0.602828
bookstore,oct,896,802816,jpeg,60,81314,33.4063,32.65035,0.9020217,0.8102878
bookstore,oct,896,802816,jpeg,75,108956,34.86886,33.25873,0.9155646,1.085738
bookstore,oct,896,802816,jpeg,85,148973,36.71726,33.90096,0.9272388,1.484505
bookstore,oct,896,802816,jpeg,92,208773,38.99941,34.36472,0.9363141,2.080407
bookstore,oct,896,802816,jpeg444,40,70568,32.6621,32.31718,0.8850539,0.7032047
bookstore,oct,896,802816,jpeg444,60,95270,34.09831,33.00878,0.9020182,0.9493583
bookstore,oct,896,802816,jpeg444,75,128828,35.75646,33.6352,0.915579,1.283761
bookstore,oct,896,802816,jpeg444,80,150451,36.69423,33.98781,0.9213972,1.499233
bookstore,oct,896,802816,jpeg444,85,180396,37.92454,34.30864,0.9272904,1.797632
bookstore,oct,896,802816,jpeg444,92,257767,40.80184,34.7771,0.9363927,2.568628
bookstore,oct,896,802816,jpegjs,80,152569,36.69476,33.97703,0.9212579,1.520338
bookstore,oct,896,802816,webp,40,44274,33.12963,32.07311,0.8916232,0.441187
bookstore,oct,896,802816,webp,60,58184,34.58695,32.72694,0.9044791,0.5797991
bookstore,oct,896,802816,webp,75,69488,35.76323,33.15368,0.9137017,0.6924426
bookstore,oct,896,802816,webp,85,104450,38.21941,33.90751,0.928884,1.040836
bookstore,oct,896,802816,webp,92,158994,40.42778,34.36497,0.937031,1.584363
bookstore,oct,896,802816,avif,35,26859,32.08825,31.2196,0.8731031,0.2676479
bookstore,oct,896,802816,avif,55,56597,35.77976,32.86068,0.9073856,0.5639848
bookstore,oct,896,802816,avif,75,101636,38.56885,33.77309,0.9282424,1.012795
gardens,oct,896,802816,raw,,2408448,,28.69005,0.8795489,24
gardens,oct,896,802816,png,,1691357,,28.69005,0.8795489,16.85424
gardens,oct,896,802816,jpeg,40,120241,25.36276,25.15431,0.8054793,1.198192
gardens,oct,896,802816,jpeg,60,162885,26.39057,25.76106,0.8315739,1.623137
gardens,oct,896,802816,jpeg,75,218934,27.71592,26.37433,0.8525594,2.181661
gardens,oct,896,802816,jpeg,85,295198,29.4156,26.94563,0.8667255,2.941625
gardens,oct,896,802816,jpeg,92,397494,31.20164,27.4384,0.8746236,3.960997
gardens,oct,896,802816,jpeg444,40,151743,26.39347,26.02957,0.8057564,1.512107
gardens,oct,896,802816,jpeg444,60,207177,27.67017,26.67859,0.8319142,2.064503
gardens,oct,896,802816,jpeg444,75,281974,29.35432,27.31813,0.8528845,2.809849
gardens,oct,896,802816,jpeg444,80,327243,30.3608,27.57927,0.8602836,3.260951
gardens,oct,896,802816,jpeg444,85,389293,31.7837,27.87289,0.8671093,3.879275
gardens,oct,896,802816,jpeg444,92,544230,35.36139,28.30353,0.8749576,5.42321
gardens,oct,896,802816,jpegjs,80,330570,30.36221,27.57305,0.8599805,3.294105
gardens,oct,896,802816,webp,40,129472,27.07863,25.9776,0.8295096,1.290179
gardens,oct,896,802816,webp,60,167874,28.47636,26.52899,0.8480939,1.672852
gardens,oct,896,802816,webp,75,196758,29.35553,26.81496,0.8561359,1.960678
gardens,oct,896,802816,webp,85,274892,30.91483,27.30501,0.8686768,2.739278
gardens,oct,896,802816,webp,92,363478,31.83702,27.56334,0.8741007,3.62203
gardens,oct,896,802816,avif,35,94494,26.49118,25.51105,0.7998298,0.9416255
gardens,oct,896,802816,avif,55,189856,29.38456,26.73726,0.8528885,1.891901
gardens,oct,896,802816,avif,75,296980,30.73421,27.19499,0.869567,2.959383
stadium,oct,896,802816,raw,,2408448,,31.6046,0.8330611,24
stadium,oct,896,802816,png,,1489651,,31.6046,0.8330611,14.84426
stadium,oct,896,802816,jpeg,40,92759,27.5967,28.21739,0.7624933,0.9243363
stadium,oct,896,802816,jpeg,60,126041,28.74511,28.84245,0.7847719,1.255989
stadium,oct,896,802816,jpeg,75,171245,30.298,29.51764,0.8051277,1.706443
stadium,oct,896,802816,jpeg,85,235126,32.54643,30.06414,0.8207551,2.343013
stadium,oct,896,802816,jpeg,92,320343,35.34418,30.45775,0.8286019,3.192193
stadium,oct,896,802816,jpeg444,40,109457,28.1198,28.5854,0.7625408,1.090731
stadium,oct,896,802816,jpeg444,60,150217,29.3843,29.21639,0.7848212,1.496901
stadium,oct,896,802816,jpeg444,75,205108,31.13518,29.95159,0.8051491,2.043886
stadium,oct,896,802816,jpeg444,80,238825,32.22254,30.1911,0.8132701,2.379873
stadium,oct,896,802816,jpeg444,85,284475,33.77531,30.47461,0.8207934,2.834772
stadium,oct,896,802816,jpeg444,92,395702,37.54288,30.85441,0.8286349,3.94314
stadium,oct,896,802816,jpegjs,80,240681,32.22329,30.18429,0.8129224,2.398368
stadium,oct,896,802816,webp,40,84708,29.23405,28.94034,0.7805346,0.8441087
stadium,oct,896,802816,webp,60,114972,31.05673,29.4306,0.8030979,1.145687
stadium,oct,896,802816,webp,75,137112,32.23254,29.63459,0.8091088,1.366311
stadium,oct,896,802816,webp,85,196564,34.8056,30.04452,0.8216462,1.958745
stadium,oct,896,802816,webp,92,270662,36.77852,30.27224,0.8268939,2.697126
stadium,oct,896,802816,avif,35,59216,28.52755,28.19687,0.7613197,0.5900829
stadium,oct,896,802816,avif,55,133246,32.79221,29.40248,0.8110515,1.327786
stadium,oct,896,802816,avif,75,214593,35.41201,29.87888,0.8243732,2.138403
superblock,oct,896,802816,raw,,2408448,,25.10348,0.7995589,24
superblock,oct,896,802816,png,,1831842,,25.10348,0.7995589,18.25417
superblock,oct,896,802816,jpeg,40,127727,24.56523,22.36778,0.6968041,1.27279
superblock,oct,896,802816,jpeg,60,175872,25.53568,22.84475,0.7322682,1.752551
superblock,oct,896,802816,jpeg,75,238896,26.77636,23.34107,0.7626215,2.38058
superblock,oct,896,802816,jpeg,85,325311,28.3744,23.79446,0.7845383,3.241699
superblock,oct,896,802816,jpeg,92,440882,30.04427,24.10381,0.7949376,4.393355
superblock,oct,896,802816,jpeg444,40,162144,25.60603,23.02488,0.6969194,1.615753
superblock,oct,896,802816,jpeg444,60,224904,26.82181,23.56039,0.7323941,2.241151
superblock,oct,896,802816,jpeg444,75,309847,28.4383,24.09211,0.7627495,3.087602
superblock,oct,896,802816,jpeg444,80,360643,29.41437,24.32472,0.7743891,3.59378
superblock,oct,896,802816,jpeg444,85,432446,30.80384,24.5644,0.7846689,4.309291
superblock,oct,896,802816,jpeg444,92,611655,34.41933,24.88487,0.7950491,6.095095
superblock,oct,896,802816,jpegjs,80,365096,29.41671,24.31991,0.7739018,3.638154
superblock,oct,896,802816,webp,40,153490,26.63917,23.17954,0.746842,1.529516
superblock,oct,896,802816,webp,60,195586,27.83096,23.54941,0.7673722,1.949
superblock,oct,896,802816,webp,75,228908,28.56426,23.72764,0.7763257,2.281051
superblock,oct,896,802816,webp,85,318280,29.96231,24.02076,0.788593,3.171636
superblock,oct,896,802816,webp,92,409838,30.6232,24.15347,0.7953489,4.084004
superblock,oct,896,802816,avif,35,101889,25.6393,22.72497,0.699713,1.015316
superblock,oct,896,802816,avif,55,214161,28.40427,23.66852,0.7717883,2.134098
superblock,oct,896,802816,avif,75,339641,29.65927,23.97476,0.7906366,3.384497
northrop-mall,oct-ea,1792,3211264,raw,,9633792,,31.32421,0.9519639,24
northrop-mall,oct-ea,1792,3211264,png,,6036206,,31.32421,0.9519639,15.03758
northrop-mall,oct-ea,1792,3211264,jpeg,40,437249,26.46532,27.82104,0.9127298,1.089288
northrop-mall,oct-ea,1792,3211264,jpeg,60,584012,27.77912,28.57118,0.9273001,1.454909
northrop-mall,oct-ea,1792,3211264,jpeg,75,774470,29.40335,29.29145,0.9376728,1.929384
northrop-mall,oct-ea,1792,3211264,jpeg,85,1039831,31.53155,29.86777,0.9443689,2.590459
northrop-mall,oct-ea,1792,3211264,jpeg,92,1399452,33.94239,30.28464,0.9482477,3.486358
northrop-mall,oct-ea,1792,3211264,jpeg444,40,525327,27.24402,28.55969,0.913082,1.308711
northrop-mall,oct-ea,1792,3211264,jpeg444,60,707970,28.79461,29.35522,0.9276579,1.763717
northrop-mall,oct-ea,1792,3211264,jpeg444,75,944867,30.76733,30.10139,0.9380758,2.353882
northrop-mall,oct-ea,1792,3211264,jpeg444,80,1088297,31.90703,30.33896,0.9415728,2.711199
northrop-mall,oct-ea,1792,3211264,jpeg444,85,1284861,33.47525,30.59803,0.9447731,3.200885
northrop-mall,oct-ea,1792,3211264,jpeg444,92,1761238,37.30141,30.93228,0.9486564,4.38765
northrop-mall,oct-ea,1792,3211264,jpegjs,80,1092467,31.9088,30.33333,0.9414009,2.721588
northrop-mall,oct-ea,1792,3211264,webp,40,438084,28.52719,28.74825,0.922301,1.091368
northrop-mall,oct-ea,1792,3211264,webp,60,569610,30.26903,29.31425,0.9328304,1.41903
northrop-mall,oct-ea,1792,3211264,webp,75,665694,31.39699,29.56846,0.9370372,1.658397
northrop-mall,oct-ea,1792,3211264,webp,85,928052,33.59318,29.97987,0.9433911,2.311992
northrop-mall,oct-ea,1792,3211264,webp,92,1243078,34.95324,30.18905,0.9465804,3.096794
northrop-mall,oct-ea,1792,3211264,avif,35,346583,27.85915,28.15505,0.9122927,0.8634183
northrop-mall,oct-ea,1792,3211264,avif,55,664481,31.55508,29.37877,0.9366087,1.655376
northrop-mall,oct-ea,1792,3211264,avif,75,1014744,33.51382,29.80647,0.9440938,2.527962
walter-study,oct-ea,1792,3211264,raw,,9633792,,31.35741,0.9534331,24
walter-study,oct-ea,1792,3211264,png,,6545374,,31.35741,0.9534331,16.30604
walter-study,oct-ea,1792,3211264,jpeg,40,431188,28.00266,27.58581,0.8986771,1.074189
walter-study,oct-ea,1792,3211264,jpeg,60,578555,29.30243,28.41038,0.9179291,1.441314
walter-study,oct-ea,1792,3211264,jpeg,75,771762,30.86205,29.18456,0.9326834,1.922637
walter-study,oct-ea,1792,3211264,jpeg,85,1044613,32.94303,29.87738,0.9437137,2.602372
walter-study,oct-ea,1792,3211264,jpeg,92,1427067,35.70667,30.41708,0.9500333,3.555153
walter-study,oct-ea,1792,3211264,jpeg444,40,524768,28.80076,28.48764,0.8988362,1.307318
walter-study,oct-ea,1792,3211264,jpeg444,60,712706,30.25147,29.33932,0.9180952,1.775515
walter-study,oct-ea,1792,3211264,jpeg444,75,954862,32.00953,30.08521,0.9328603,2.378782
walter-study,oct-ea,1792,3211264,jpeg444,80,1103139,33.03144,30.39667,0.9385822,2.748174
walter-study,oct-ea,1792,3211264,jpeg444,85,1303392,34.44663,30.69614,0.9438773,3.24705
walter-study,oct-ea,1792,3211264,jpeg444,92,1786706,37.95966,31.08621,0.9501618,4.451097
walter-study,oct-ea,1792,3211264,jpegjs,80,1115646,33.0318,30.38415,0.9382942,2.779332
walter-study,oct-ea,1792,3211264,webp,40,396144,29.55991,28.13841,0.9033435,0.9868862
walter-study,oct-ea,1792,3211264,webp,60,525504,31.21761,28.9372,0.9226785,1.309152
walter-study,oct-ea,1792,3211264,webp,75,632754,32.41156,29.37409,0.9311893,1.576336
walter-study,oct-ea,1792,3211264,webp,85,908482,35.10379,30.10682,0.9441638,2.263238
walter-study,oct-ea,1792,3211264,webp,92,1281880,37.61475,30.52508,0.9491615,3.193459
walter-study,oct-ea,1792,3211264,avif,35,247228,28.45,27.37702,0.8751035,0.615902
walter-study,oct-ea,1792,3211264,avif,55,548116,32.46668,29.2795,0.9285834,1.365483
walter-study,oct-ea,1792,3211264,avif,75,919587,35.19316,30.04294,0.9448555,2.290904
bookstore,oct-ea,1792,3211264,raw,,9633792,,41.35953,0.9875517,24
bookstore,oct-ea,1792,3211264,png,,3523384,,41.35953,0.9875517,8.777563
bookstore,oct-ea,1792,3211264,jpeg,40,178116,34.73412,35.87502,0.9558453,0.4437281
bookstore,oct-ea,1792,3211264,jpeg,60,238996,36.1404,36.79484,0.9663557,0.5953942
bookstore,oct-ea,1792,3211264,jpeg,75,317934,37.63048,37.66534,0.973859,0.792047
bookstore,oct-ea,1792,3211264,jpeg,85,438666,39.40545,38.6849,0.9791281,1.092818
bookstore,oct-ea,1792,3211264,jpeg,92,627097,41.60781,39.47767,0.9831235,1.562243
bookstore,oct-ea,1792,3211264,jpeg444,40,210548,35.30109,36.46228,0.9558349,0.5245237
bookstore,oct-ea,1792,3211264,jpeg444,60,281653,36.84708,37.45504,0.9663685,0.7016626
bookstore,oct-ea,1792,3211264,jpeg444,75,377917,38.56686,38.40539,0.9738868,0.9414785
bookstore,oct-ea,1792,3211264,jpeg444,80,441188,39.5145,39.01255,0.9765276,1.099101
bookstore,oct-ea,1792,3211264,jpeg444,85,533266,40.68368,39.53603,0.9792187,1.328489
bookstore,oct-ea,1792,3211264,jpeg444,92,773172,43.36263,40.29239,0.9832371,1.92615
bookstore,oct-ea,1792,3211264,jpegjs,80,454573,39.51514,38.99483,0.97642,1.132446
bookstore,oct-ea,1792,3211264,webp,40,108924,35.13922,35.50436,0.949,0.2713548
bookstore,oct-ea,1792,3211264,webp,60,142958,36.6948,36.56654,0.9602325,0.3561414
bookstore,oct-ea,1792,3211264,webp,75,171142,37.81164,37.16707,0.9658276,0.4263542
bookstore,oct-ea,1792,3211264,webp,85,260120,40.05635,38.22185,0.9743855,0.648019
bookstore,oct-ea,1792,3211264,webp,92,413596,42.50138,39.14053,0.9804751,1.030363
bookstore,oct-ea,1792,3211264,avif,35,65610,34.17326,34.51199,0.9334326,0.1634497
bookstore,oct-ea,1792,3211264,avif,55,133291,37.71182,36.81647,0.9624643,0.3320587
bookstore,oct-ea,1792,3211264,avif,75,242567,40.50853,38.20162,0.9759193,0.6042904
gardens,oct-ea,1792,3211264,raw,,9633792,,34.88489,0.9725019,24
gardens,oct-ea,1792,3211264,png,,6082579,,34.88489,0.9725019,15.15311
gardens,oct-ea,1792,3211264,jpeg,40,426415,27.11577,29.0886,0.9357854,1.062298
gardens,oct-ea,1792,3211264,jpeg,60,563703,28.23774,29.99,0.9492226,1.404314
gardens,oct-ea,1792,3211264,jpeg,75,745735,29.58129,30.86998,0.9589995,1.857798
gardens,oct-ea,1792,3211264,jpeg,85,1003045,31.38212,31.79819,0.9659677,2.498817
gardens,oct-ea,1792,3211264,jpeg,92,1366529,33.5422,32.65966,0.9699559,3.404339
gardens,oct-ea,1792,3211264,jpeg444,40,539596,28.37192,30.50847,0.9360258,1.344258
gardens,oct-ea,1792,3211264,jpeg444,60,719764,29.77905,31.56427,0.9494583,1.793098
gardens,oct-ea,1792,3211264,jpeg444,75,959503,31.46859,32.55817,0.9592478,2.390343
gardens,oct-ea,1792,3211264,jpeg444,80,1105845,32.44211,33.00387,0.9628866,2.754915
gardens,oct-ea,1792,3211264,jpeg444,85,1304571,33.80526,33.47344,0.9662022,3.249988
gardens,oct-ea,1792,3211264,jpeg444,92,1794694,37.27971,34.17275,0.9701704,4.470997
gardens,oct-ea,1792,3211264,jpegjs,80,1112938,32.44395,32.99127,0.9627193,2.772585
gardens,oct-ea,1792,3211264,webp,40,401842,28.2373,29.75908,0.9379923,1.001081
gardens,oct-ea,1792,3211264,webp,60,545522,29.96933,30.78483,0.9512873,1.359021
gardens,oct-ea,1792,3211264,webp,75,643864,30.93855,31.3305,0.9577481,1.604014
gardens,oct-ea,1792,3211264,webp,85,909906,33.06132,32.26859,0.9651476,2.266786
gardens,oct-ea,1792,3211264,webp,92,1241230,34.44958,32.78462,0.968748,3.09219
gardens,oct-ea,1792,3211264,avif,35,297637,27.77727,29.08966,0.9188071,0.7414825
gardens,oct-ea,1792,3211264,avif,55,608649,31.00099,31.05342,0.95479,1.516285
gardens,oct-ea,1792,3211264,avif,75,978177,32.79169,31.95397,0.9657407,2.436865
stadium,oct-ea,1792,3211264,raw,,9633792,,35.96926,0.9436319,24
stadium,oct-ea,1792,3211264,png,,5442846,,35.96926,0.9436319,13.55939
stadium,oct-ea,1792,3211264,jpeg,40,349345,28.29288,31.03323,0.8943251,0.870299
stadium,oct-ea,1792,3211264,jpeg,60,473591,29.60919,31.93076,0.9120983,1.179825
stadium,oct-ea,1792,3211264,jpeg,75,640269,31.35026,32.95662,0.9260981,1.595058
stadium,oct-ea,1792,3211264,jpeg,85,874923,33.81761,33.70576,0.9355609,2.179635
stadium,oct-ea,1792,3211264,jpeg,92,1194196,37.05088,34.29853,0.9405333,2.975018
stadium,oct-ea,1792,3211264,jpeg444,40,402685,28.67483,31.47695,0.8943604,1.003181
stadium,oct-ea,1792,3211264,jpeg444,60,549290,30.0879,32.36741,0.9121352,1.368408
stadium,oct-ea,1792,3211264,jpeg444,75,748121,32.01093,33.56159,0.9261715,1.863742
stadium,oct-ea,1792,3211264,jpeg444,80,868661,33.16497,33.86214,0.9310218,2.164035
stadium,oct-ea,1792,3211264,jpeg444,85,1029566,34.80269,34.28443,0.9356421,2.564887
stadium,oct-ea,1792,3211264,jpeg444,92,1420227,38.82036,34.84852,0.9406123,3.538113
stadium,oct-ea,1792,3211264,jpegjs,80,873255,33.16616,33.85205,0.9307989,2.17548
stadium,oct-ea,1792,3211264,webp,40,312520,29.97847,31.89652,0.9026564,0.7785595
stadium,oct-ea,1792,3211264,webp,60,417042,31.88252,32.52584,0.9175313,1.038948
stadium,oct-ea,1792,3211264,webp,75,499534,33.18813,32.85278,0.9243813,1.244455
stadium,oct-ea,1792,3211264,webp,85,722460,36.21736,33.48139,0.9339764,1.799815
stadium,oct-ea,1792,3211264,webp,92,1013284,39.02392,33.87283,0.9385671,2.524324
stadium,oct-ea,1792,3211264,avif,35,229501,29.34266,30.97674,0.8890183,0.57174
stadium,oct-ea,1792,3211264,avif,55,493861,33.97593,32.56782,0.9254947,1.230322
stadium,oct-ea,1792,3211264,avif,75,787923,37.21832,33.21501,0.9355178,1.962898
superblock,oct-ea,1792,3211264,raw,,9633792,,30.80726,0.9527026,24
superblock,oct-ea,1792,3211264,png,,6869787,,30.80726,0.9527026,17.11423
superblock,oct-ea,1792,3211264,jpeg,40,484347,26.03788,25.93222,0.9001329,1.20662
superblock,oct-ea,1792,3211264,jpeg,60,649208,27.14824,26.72419,0.9198128,1.617327
superblock,oct-ea,1792,3211264,jpeg,75,864745,28.49358,27.54176,0.9340981,2.154279
superblock,oct-ea,1792,3211264,jpeg,85,1167514,30.20503,28.3401,0.9440988,2.908547
superblock,oct-ea,1792,3211264,jpeg,92,1597725,32.21553,28.9821,0.9498279,3.980302
superblock,oct-ea,1792,3211264,jpeg444,40,611941,27.30796,27.30374,0.9003269,1.524486
superblock,oct-ea,1792,3211264,jpeg444,60,828217,28.7086,28.23076,0.9200246,2.06328
superblock,oct-ea,1792,3211264,jpeg444,75,1112917,30.40817,29.10409,0.9343116,2.772533
superblock,oct-ea,1792,3211264,jpeg444,80,1283639,31.37683,29.48027,0.9394421,3.197841
superblock,oct-ea,1792,3211264,jpeg444,85,1518987,32.7203,29.87791,0.9443042,3.784147
superblock,oct-ea,1792,3211264,jpeg444,92,2103565,36.20637,30.43641,0.9500093,5.240466
superblock,oct-ea,1792,3211264,jpegjs,80,1294643,31.37865,29.46887,0.939165,3.225255
superblock,oct-ea,1792,3211264,webp,40,517534,27.72074,26.90027,0.9140009,1.289297
superblock,oct-ea,1792,3211264,webp,60,672212,29.14296,27.65923,0.9287377,1.674635
superblock,oct-ea,1792,3211264,webp,75,797144,30.04958,28.06963,0.9361097,1.98587
superblock,oct-ea,1792,3211264,webp,85,1126590,31.92504,28.728,0.945084,2.806596
superblock,oct-ea,1792,3211264,webp,92,1507602,33.1485,29.0892,0.9494004,3.755785
superblock,oct-ea,1792,3211264,avif,35,347332,26.79837,26.20292,0.8840028,0.8652842
superblock,oct-ea,1792,3211264,avif,55,726903,29.89445,27.90317,0.9324421,1.810883
superblock,oct-ea,1792,3211264,avif,75,1186881,31.62788,28.59649,0.9461136,2.956795
northrop-mall,oct-ea,896,802816,raw,,2408448,,26.4495,0.8326872,24
northrop-mall,oct-ea,896,802816,png,,1584377,,26.4495,0.8326872,15.7882
northrop-mall,oct-ea,896,802816,jpeg,40,113772,25.33055,24.26415,0.7688161,1.133729
northrop-mall,oct-ea,896,802816,jpeg,60,154532,26.51454,24.77776,0.7931333,1.5399
northrop-mall,oct-ea,896,802816,jpeg,75,207741,28.07259,25.21641,0.8114433,2.070123
northrop-mall,oct-ea,896,802816,jpeg,85,277423,29.99369,25.54371,0.8228414,2.764499
northrop-mall,oct-ea,896,802816,jpeg,92,368874,31.95137,25.77471,0.8284394,3.675801
northrop-mall,oct-ea,896,802816,jpeg444,40,137685,26.05682,24.69609,0.7690596,1.37202
northrop-mall,oct-ea,896,802816,jpeg444,60,188705,27.44705,25.21496,0.7934127,1.880431
northrop-mall,oct-ea,896,802816,jpeg444,75,256016,29.3569,25.67903,0.8118023,2.55118
northrop-mall,oct-ea,896,802816,jpeg444,80,296887,30.47566,25.82171,0.8179603,2.958456
northrop-mall,oct-ea,896,802816,jpeg444,85,353013,32.03764,25.99214,0.8232529,3.517748
northrop-mall,oct-ea,896,802816,jpeg444,92,488604,35.93859,26.2049,0.8288563,4.868901
northrop-mall,oct-ea,896,802816,jpegjs,80,298768,30.47688,25.81882,0.8177135,2.9772
northrop-mall,oct-ea,896,802816,webp,40,122562,27.71597,25.01372,0.795555,1.221321
northrop-mall,oct-ea,896,802816,webp,60,155230,29.13871,25.28353,0.8085014,1.546855
northrop-mall,oct-ea,896,802816,webp,75,179662,30.0445,25.42332,0.8138678,1.790318
northrop-mall,oct-ea,896,802816,webp,85,247156,31.76815,25.64232,0.8225105,2.462891
northrop-mall,oct-ea,896,802816,webp,92,326944,32.72741,25.73909,0.8267593,3.257972
northrop-mall,oct-ea,896,802816,avif,35,94686,26.904,24.54675,0.7816672,0.9435387
northrop-mall,oct-ea,896,802816,avif,55,182901,30.13823,25.29903,0.8156356,1.822594
northrop-mall,oct-ea,896,802816,avif,75,276698,31.61195,25.52782,0.8249995,2.757274
walter-study,oct-ea,896,802816,raw,,2408448,,25.92568,0.8292343,24
walter-study,oct-ea,896,802816,png,,1778104,,25.92568,0.8292343,17.71867
walter-study,oct-ea,896,802816,jpeg,40,120307,26.28984,23.533,0.7333206,1.19885
walter-study,oct-ea,896,802816,jpeg,60,162151,27.41535,24.01309,0.7625531,1.615822
walter-study,oct-ea,896,802816,jpeg,75,217865,28.82195,24.4908,0.7887756,2.171008
walter-study,oct-ea,896,802816,jpeg,85,296642,30.69411,24.92721,0.8103944,2.956015
walter-study,oct-ea,896,802816,jpeg,92,405490,32.98942,25.2514,0.8230246,4.040677
walter-study,oct-ea,896,802816,jpeg444,40,150970,27.25498,24.12507,0.733409,1.504404
walter-study,oct-ea,896,802816,jpeg444,60,205443,28.589,24.6308,0.7627101,2.047224
walter-study,oct-ea,896,802816,jpeg444,75,277644,30.27325,25.09468,0.7889862,2.766701
walter-study,oct-ea,896,802816,jpeg444,80,321959,31.26248,25.28587,0.7996946,3.208297
walter-study,oct-ea,896,802816,jpeg444,85,381496,32.64171,25.48101,0.8106003,3.801578
walter-study,oct-ea,896,802816,jpeg444,92,528957,36.09592,25.73969,0.823205,5.271016
walter-study,oct-ea,896,802816,jpegjs,80,326331,31.26308,25.27973,0.7992436,3.251863
walter-study,oct-ea,896,802816,webp,40,123804,28.24745,24.13867,0.7634229,1.233697
walter-study,oct-ea,896,802816,webp,60,159902,29.69304,24.55311,0.7871672,1.593411
walter-study,oct-ea,896,802816,webp,75,191296,30.72167,24.79308,0.7998307,1.90625
walter-study,oct-ea,896,802816,webp,85,270600,32.76649,25.13331,0.8154184,2.696508
walter-study,oct-ea,896,802816,webp,92,364314,34.21058,25.30564,0.822315,3.630361
walter-study,oct-ea,896,802816,avif,35,75260,27.09704,23.63787,0.716646,0.7499601
walter-study,oct-ea,896,802816,avif,55,168991,30.53344,24.72727,0.7938479,1.683982
walter-study,oct-ea,896,802816,avif,75,279194,32.50613,25.10138,0.8174029,2.782147
bookstore,oct-ea,896,802816,raw,,2408448,,34.94575,0.9455134,24
bookstore,oct-ea,896,802816,png,,1093019,,34.94575,0.9455134,10.89185
bookstore,oct-ea,896,802816,jpeg,40,57772,32.23886,31.71256,0.8848611,0.5756936
bookstore,oct-ea,896,802816,jpeg,60,78319,33.51428,32.35634,0.9026119,0.7804428
bookstore,oct-ea,896,802816,jpeg,75,105208,34.97353,32.91633,0.9165398,1.04839
bookstore,oct-ea,896,802816,jpeg,85,144305,36.78879,33.52761,0.9278697,1.437988
bookstore,oct-ea,896,802816,jpeg,92,203017,39.06057,33.95878,0.9366235,2.023049
bookstore,oct-ea,896,802816,jpeg444,40,67277,32.73813,32.01523,0.8848698,0.6704102
bookstore,oct-ea,896,802816,jpeg444,60,91211,34.12788,32.68256,0.9026075,0.9089106
bookstore,oct-ea,896,802816,jpeg444,75,123639,35.75405,33.26791,0.9165493,1.232053
bookstore,oct-ea,896,802816,jpeg444,80,144757,36.68223,33.61548,0.9221657,1.442492
bookstore,oct-ea,896,802816,jpeg444,85,174311,37.89404,33.91272,0.9279316,1.736996
bookstore,oct-ea,896,802816,jpeg444,92,250679,40.78435,34.34621,0.9366977,2.497997
bookstore,oct-ea,896,802816,jpegjs,80,147414,36.68326,33.60676,0.9219919,1.468969
bookstore,oct-ea,896,802816,webp,40,41174,33.35825,31.80008,0.8915034,0.4102958
bookstore,oct-ea,896,802816,webp,60,53994,34.82166,32.4479,0.9050045,0.5380461
bookstore,oct-ea,896,802816,webp,75,65676,35.88609,32.79727,0.9133512,0.6544563
bookstore,oct-ea,896,802816,webp,85,99978,38.4911,33.49188,0.9281882,0.9962731
bookstore,oct-ea,896,802816,webp,92,148536,40.53227,33.94408,0.9370458,1.48015
bookstore,oct-ea,896,802816,avif,35,25219,32.27149,31.02422,0.8708246,0.2513054
bookstore,oct-ea,896,802816,avif,55,53387,35.91535,32.53911,0.9075607,0.5319974
bookstore,oct-ea,896,802816,avif,75,96243,38.7235,33.41032,0.9285919,0.9590541
gardens,oct-ea,896,802816,raw,,2408448,,28.43965,0.8780348,24
gardens,oct-ea,896,802816,png,,1663232,,28.43965,0.8780348,16.57398
gardens,oct-ea,896,802816,jpeg,40,118732,25.32265,25.03983,0.8038317,1.183155
gardens,oct-ea,896,802816,jpeg,60,160849,26.36112,25.63792,0.8302361,1.602848
gardens,oct-ea,896,802816,jpeg,75,216111,27.68454,26.23359,0.851289,2.15353
gardens,oct-ea,896,802816,jpeg,85,291214,29.38893,26.79913,0.8655341,2.901925
gardens,oct-ea,896,802816,jpeg,92,390805,31.12634,27.25421,0.8733275,3.894342
gardens,oct-ea,896,802816,jpeg444,40,150484,26.35402,25.88141,0.8041538,1.499562
gardens,oct-ea,896,802816,jpeg444,60,205300,27.63333,26.53535,0.8305055,2.045799
gardens,oct-ea,896,802816,jpeg444,75,279382,29.32269,27.14645,0.8516066,2.78402
gardens,oct-ea,896,802816,jpeg444,80,324079,30.34474,27.40906,0.859187,3.229422
gardens,oct-ea,896,802816,jpeg444,85,385396,31.77395,27.68263,0.8658444,3.840442
gardens,oct-ea,896,802816,jpeg444,92,539256,35.38942,28.08331,0.8736308,5.373645
gardens,oct-ea,896,802816,jpegjs,80,327253,30.34704,27.4025,0.8588547,3.261051
gardens,oct-ea,896,802816,webp,40,127658,27.09369,25.85386,0.8275162,1.272102
gardens,oct-ea,896,802816,webp,60,164780,28.47194,26.39659,0.8466548,1.64202
gardens,oct-ea,896,802816,webp,75,193222,29.3308,26.67032,0.854833,1.925442
gardens,oct-ea,896,802816,webp,85,268550,30.8288,27.1386,0.8671838,2.67608
gardens,oct-ea,896,802816,webp,92,353400,31.70659,27.36453,0.8724231,3.521604
gardens,oct-ea,896,802816,avif,35,94366,26.5085,25.41358,0.7989886,0.94035
gardens,oct-ea,896,802816,avif,55,187247,29.33383,26.56888,0.8513923,1.865902
gardens,oct-ea,896,802816,avif,75,291172,30.63298,27.00977,0.8680908,2.901507
stadium,oct-ea,896,802816,raw,,2408448,,31.45805,0.8283214,24
stadium,oct-ea,896,802816,png,,1462814,,31.45805,0.8283214,14.57683
stadium,oct-ea,896,802816,jpeg,40,90232,27.68221,27.99013,0.7558711,0.899155
stadium,oct-ea,896,802816,jpeg,60,122729,28.77999,28.653,0.7789542,1.222985
stadium,oct-ea,896,802816,jpeg,75,167211,30.3064,29.31056,0.8003559,1.666245
stadium,oct-ea,896,802816,jpeg,85,230157,32.58966,29.85332,0.8159164,2.293497
stadium,oct-ea,896,802816,jpeg,92,313250,35.35445,30.24381,0.8239607,3.121512
stadium,oct-ea,896,802816,jpeg444,40,106291,28.20616,28.37372,0.7559071,1.059182
stadium,oct-ea,896,802816,jpeg444,60,145918,29.42725,29.02574,0.7789937,1.454062
stadium,oct-ea,896,802816,jpeg444,75,199987,31.14465,29.76017,0.8003935,1.992855
stadium,oct-ea,896,802816,jpeg444,80,233107,32.2272,29.97648,0.8084747,2.322893
stadium,oct-ea,896,802816,jpeg444,85,278246,33.78219,30.26394,0.8159196,2.7727
stadium,oct-ea,896,802816,jpeg444,92,387684,37.57896,30.64865,0.8239841,3.863241
stadium,oct-ea,896,802816,jpegjs,80,234954,32.2275,29.97348,0.8081278,2.341299
stadium,oct-ea,896,802816,webp,40,81616,29.24888,28.73466,0.7744942,0.8132972
stadium,oct-ea,896,802816,webp,60,110456,31.00204,29.17447,0.7956998,1.100686
stadium,oct-ea,896,802816,webp,75,132598,32.21583,29.38327,0.8040763,1.321329
stadium,oct-ea,896,802816,webp,85,190534,34.82409,29.8166,0.8166853,1.898657
stadium,oct-ea,896,802816,webp,92,262846,36.71532,30.04341,0.8219658,2.61924
stadium,oct-ea,896,802816,avif,35,57065,28.60311,28.04285,0.7561836,0.5686484
stadium,oct-ea,896,802816,avif,55,130119,32.85951,29.13731,0.8065614,1.296626
stadium,oct-ea,896,802816,avif,75,208711,35.43159,29.65525,0.8196552,2.079789
superblock,oct-ea,896,802816,raw,,2408448,,24.98008,0.8006373,24
superblock,oct-ea,896,802816,png,,1816631,,24.98008,0.8006373,18.10259
superblock,oct-ea,896,802816,jpeg,40,124887,24.52709,22.2737,0.6977882,1.244489
superblock,oct-ea,896,802816,jpeg,60,172527,25.49453,22.76161,0.7343024,1.719218
superblock,oct-ea,896,802816,jpeg,75,234855,26.75169,23.26044,0.7640349,2.340312
superblock,oct-ea,896,802816,jpeg,85,320433,28.33336,23.69971,0.7856958,3.19309
superblock,oct-ea,896,802816,jpeg,92,434761,29.97011,24.00178,0.7962711,4.33236
superblock,oct-ea,896,802816,jpeg444,40,159104,25.58787,22.9462,0.6979013,1.585459
superblock,oct-ea,896,802816,jpeg444,60,221130,26.81324,23.48932,0.7344114,2.203544
superblock,oct-ea,896,802816,jpeg444,75,305042,28.43394,24.00919,0.764192,3.03972
superblock,oct-ea,896,802816,jpeg444,80,356009,29.41385,24.23344,0.7755231,3.547602
superblock,oct-ea,896,802816,jpeg444,85,426791,30.80579,24.46323,0.7858541,4.25294
superblock,oct-ea,896,802816,jpeg444,92,604867,34.43691,24.77418,0.7963856,6.027453
superblock,oct-ea,896,802816,jpegjs,80,360356,29.41609,24.22857,0.7750091,3.59092
superblock,oct-ea,896,802816,webp,40,150974,26.63462,23.10369,0.7463685,1.504444
superblock,oct-ea,896,802816,webp,60,192638,27.78426,23.45557,0.7672407,1.919623
superblock,oct-ea,896,802816,webp,75,226286,28.58173,23.65237,0.776518,2.254923
superblock,oct-ea,896,802816,webp,85,312504,29.85541,23.91016,0.7891931,3.114078
superblock,oct-ea,896,802816,webp,92,408822,30.64028,24.07103,0.7963917,4.07388
superblock,oct-ea,896,802816,avif,35,99401,25.60731,22.64919,0.7010778,0.9905234
superblock,oct-ea,896,802816,avif,55,211148,28.34294,23.57017,0.7728759,2.104074
superblock,oct-ea,896,802816,avif,75,334864,29.58191,23.87387,0.7917097,3.336894
northrop-mall,toast,2048,4194304,raw,,12582912,,32.61364,0.9648725,24
northrop-mall,toast,2048,4194304,png,,7720765,,32.61364,0.9648725,14.72619
northrop-mall,toast,2048,4194304,jpeg,40,555782,27.01339,28.73222,0.9309972,1.06007
northrop-mall,toast,2048,4194304,jpeg,60,738741,28.33928,29.55572,0.9437644,1.409037
northrop-mall,toast,2048,4194304,jpeg,75,976481,29.97097,30.35239,0.9526201,1.86249
northrop-mall,toast,2048,4194304,jpeg,85,1311365,32.12396,31.01275,0.9582892,2.50123
northrop-mall,toast,2048,4194304,jpeg,92,1772157,34.62668,31.49022,0.961583,3.380121
northrop-mall,toast,2048,4194304,jpeg444,40,666512,27.82031,29.55734,0.931316,1.271271
northrop-mall,toast,2048,4194304,jpeg444,60,894135,29.39217,30.44617,0.9440985,1.705427
northrop-mall,toast,2048,4194304,jpeg444,75,1187604,31.36244,31.27633,0.9529949,2.265175
northrop-mall,toast,2048,4194304,jpeg444,80,1365586,32.47554,31.53771,0.9559383,2.604649
northrop-mall,toast,2048,4194304,jpeg444,85,1609181,34.00499,31.83299,0.9586551,3.069269
northrop-mall,toast,2048,4194304,jpeg444,92,2204704,37.72769,32.20103,0.9619467,4.205139
northrop-mall,toast,2048,4194304,jpegjs,80,1369759,32.477,31.52984,0.9557908,2.612608
northrop-mall,toast,2048,4194304,webp,40,545638,28.94364,29.65437,0.9383942,1.040722
northrop-mall,toast,2048,4194304,webp,60,708382,30.71608,30.33503,0.9476548,1.351131
northrop-mall,toast,2048,4194304,webp,75,830328,31.89567,30.63777,0.9513557,1.583725
northrop-mall,toast,2048,4194304,webp,85,1156578,34.19762,31.14678,0.9571383,2.205997
northrop-mall,toast,2048,4194304,webp,92,1577684,35.74311,31.3812,0.9599199,3.009193
northrop-mall,toast,2048,4194304,avif,35,421688,28.22593,29.05229,0.9292051,0.804306
northrop-mall,toast,2048,4194304,avif,55,811573,32.01033,30.42256,0.9506644,1.547953
northrop-mall,toast,2048,4194304,avif,75,1254345,34.13301,30.92569,0.9573679,2.392473
walter-study,toast,2048,4194304,raw,,12582912,,32.79342,0.9654018,24
walter-study,toast,2048,4194304,png,,8306331,,32.79342,0.9654018,15.84307
walter-study,toast,2048,4194304,jpeg,40,544999,28.6113,28.71903,0.919739,1.039503
walter-study,toast,2048,4194304,jpeg,60,726728,29.97081,29.61655,0.9360663,1.386124
walter-study,toast,2048,4194304,jpeg,75,965018,31.55258,30.43586,0.9483586,1.840626
walter-study,toast,2048,4194304,jpeg,85,1297421,33.64138,31.20097,0.9574285,2.474634
walter-study,toast,2048,4194304,jpeg,92,1767025,36.40307,31.79244,0.9625876,3.370333
walter-study,toast,2048,4194304,jpeg444,40,660052,29.38753,29.66916,0.9198869,1.258949
walter-study,toast,2048,4194304,jpeg444,60,892891,30.90328,30.60561,0.9362165,1.703054
walter-study,toast,2048,4194304,jpeg444,75,1190949,32.69017,31.40951,0.9485021,2.271555
walter-study,toast,2048,4194304,jpeg444,80,1371511,33.7127,31.74914,0.953214,2.61595
walter-study,toast,2048,4194304,jpeg444,85,1616854,35.11058,32.08267,0.9575723,3.083904
walter-study,toast,2048,4194304,jpeg444,92,2204750,38.53025,32.49995,0.9627058,4.205227
walter-study,toast,2048,4194304,jpegjs,80,1385869,33.71333,31.73467,0.9529818,2.643335
walter-study,toast,2048,4194304,webp,40,480434,29.97951,29.1268,0.9204279,0.9163551
walter-study,toast,2048,4194304,webp,60,630448,31.60204,29.98032,0.9365792,1.202484
walter-study,toast,2048,4194304,webp,75,756106,32.767,30.46748,0.9441346,1.442158
walter-study,toast,2048,4194304,webp,85,1124960,35.8151,31.44905,0.9573082,2.145691
walter-study,toast,2048,4194304,webp,92,1594824,38.35893,31.90367,0.9616846,3.041885
walter-study,toast,2048,4194304,avif,35,298152,28.88682,28.30192,0.8955118,0.5686798
walter-study,toast,2048,4194304,avif,55,652890,32.91328,30.42853,0.9431537,1.245289
walter-study,toast,2048,4194304,avif,75,1102420,35.77486,31.33677,0.9577619,2.102699
bookstore,toast,2048,4194304,raw,,12582912,,43.17566,0.9907236,24
bookstore,toast,2048,4194304,png,,4423006,,43.17566,0.9907236,8.436214
bookstore,toast,2048,4194304,jpeg,40,219217,35.42711,36.91004,0.9631573,0.4181232
bookstore,toast,2048,4194304,jpeg,60,294273,36.86095,37.94308,0.9724695,0.5612812
bookstore,toast,2048,4194304,jpeg,75,391305,38.39816,38.8898,0.9789955,0.7463551
bookstore,toast,2048,4194304,jpeg,85,541069,40.20578,40.07095,0.9835835,1.032007
bookstore,toast,2048,4194304,jpeg,92,772277,42.3937,40.9847,0.9870392,1.473001
bookstore,toast,2048,4194304,jpeg444,40,260941,36.08219,37.61648,0.9631397,0.4977055
bookstore,toast,2048,4194304,jpeg444,60,348537,37.66156,38.71212,0.9724784,0.6647816
bookstore,toast,2048,4194304,jpeg444,75,466070,39.43774,39.7574,0.9790278,0.888958
bookstore,toast,2048,4194304,jpeg444,80,544692,40.41247,40.46332,0.9813908,1.038918
bookstore,toast,2048,4194304,jpeg444,85,658621,41.58508,41.0658,0.9836796,1.25622
bookstore,toast,2048,4194304,jpeg444,92,951627,44.15735,41.93377,0.987158,1.815084
bookstore,toast,2048,4194304,jpegjs,80,562486,40.41292,40.4437,0.9812963,1.072857
bookstore,toast,2048,4194304,webp,40,131328,35.65069,36.48627,0.9566731,0.2504883
bookstore,toast,2048,4194304,webp,60,169598,36.96439,37.45106,0.9650969,0.3234825
bookstore,toast,2048,4194304,webp,75,204048,38.03927,38.10941,0.9703301,0.3891907
bookstore,toast,2048,4194304,webp,85,312644,40.47161,39.37855,0.978451,0.5963211
bookstore,toast,2048,4194304,webp,92,492016,42.9438,40.53758,0.9845153,0.938446
bookstore,toast,2048,4194304,avif,35,75721,34.64367,35.36236,0.9418127,0.1444263
bookstore,toast,2048,4194304,avif,55,153194,38.11647,37.8326,0.9684664,0.2921944
bookstore,toast,2048,4194304,avif,75,280500,40.90249,39.36028,0.9800672,0.5350113
gardens,toast,2048,4194304,raw,,12582912,,36.71625,0.981534,24
gardens,toast,2048,4194304,png,,7816465,,36.71625,0.981534,14.90872
gardens,toast,2048,4194304,jpeg,40,541371,27.74687,30.14371,0.9522492,1.032583
gardens,toast,2048,4194304,jpeg,60,711806,28.89567,31.12679,0.9633047,1.357662
gardens,toast,2048,4194304,jpeg,75,936087,30.26203,32.12689,0.9710626,1.785444
gardens,toast,2048,4194304,jpeg,85,1253620,32.06036,33.14264,0.9763012,2.39109
gardens,toast,2048,4194304,jpeg,92,1710590,34.2827,34.11449,0.9793839,3.262691
gardens,toast,2048,4194304,jpeg444,40,682650,29.09292,31.76573,0.9524767,1.302052
gardens,toast,2048,4194304,jpeg444,60,906613,30.54176,32.94275,0.9635347,1.729227
gardens,toast,2048,4194304,jpeg444,75,1201485,32.23669,34.04601,0.9712874,2.291651
gardens,toast,2048,4194304,jpeg444,80,1381410,33.20221,34.5431,0.9740213,2.63483
gardens,toast,2048,4194304,jpeg444,85,1624302,34.52198,35.06151,0.976526,3.09811
gardens,toast,2048,4194304,jpeg444,92,2226566,37.86106,35.83951,0.9795921,4.246838
gardens,toast,2048,4194304,jpegjs,80,1389522,33.20425,34.5279,0.9738817,2.650303
gardens,toast,2048,4194304,webp,40,496044,28.6981,30.74592,0.9521926,0.9461288
gardens,toast,2048,4194304,webp,60,661230,30.32263,31.80507,0.9626688,1.261196
gardens,toast,2048,4194304,webp,75,781714,31.35198,32.38767,0.9671772,1.491001
gardens,toast,2048,4194304,webp,85,1139244,33.71404,33.62322,0.9753557,2.172935
gardens,toast,2048,4194304,webp,92,1542498,35.25366,34.24365,0.9783582,2.942081
gardens,toast,2048,4194304,avif,35,358139,28.17429,29.96674,0.9355169,0.6830959
gardens,toast,2048,4194304,avif,55,734315,31.47223,32.15394,0.9661493,1.400595
gardens,toast,2048,4194304,avif,75,1202721,33.43497,33.21453,0.9755306,2.294008
stadium,toast,2048,4194304,raw,,12582912,,37.19861,0.9596059,24
stadium,toast,2048,4194304,png,,7014542,,37.19861,0.9596059,13.37918
stadium,toast,2048,4194304,jpeg,40,456925,28.64616,32.00499,0.9178065,0.8715153
stadium,toast,2048,4194304,jpeg,60,616339,30.0032,32.95772,0.9331464,1.175573
stadium,toast,2048,4194304,jpeg,75,827266,31.76502,34.09289,0.9449848,1.577885
stadium,toast,2048,4194304,jpeg,85,1127237,34.21395,34.89392,0.9527011,2.150034
stadium,toast,2048,4194304,jpeg,92,1540316,37.52026,35.53875,0.9569337,2.93792
stadium,toast,2048,4194304,jpeg444,40,524577,29.02594,32.47516,0.9178525,1.000551
stadium,toast,2048,4194304,jpeg444,60,711975,30.47608,33.43131,0.9331776,1.357985
stadium,toast,2048,4194304,jpeg444,75,962636,32.40903,34.75291,0.945062,1.836082
stadium,toast,2048,4194304,jpeg444,80,1116033,33.55366,35.07885,0.9490961,2.128664
stadium,toast,2048,4194304,jpeg444,85,1321602,35.16062,35.52382,0.9527813,2.520756
stadium,toast,2048,4194304,jpeg444,92,1815119,39.12773,36.12302,0.9570159,3.462065
stadium,toast,2048,4194304,jpegjs,80,1122343,33.55435,35.06725,0.9489019,2.140699
stadium,toast,2048,4194304,webp,40,403500,30.22174,32.83119,0.9232464,0.7696152
stadium,toast,2048,4194304,webp,60,537402,32.12886,33.53748,0.9366354,1.025013
stadium,toast,2048,4194304,webp,75,643350,33.46638,33.91076,0.942628,1.227093
stadium,toast,2048,4194304,webp,85,931722,36.51475,34.59789,0.9504432,1.777119
stadium,toast,2048,4194304,webp,92,1275790,39.29796,35.06347,0.9552233,2.433376
stadium,toast,2048,4194304,avif,35,290488,29.53932,31.8271,0.9106186,0.5540619
stadium,toast,2048,4194304,avif,55,622571,34.22104,33.60886,0.9430485,1.18746
stadium,toast,2048,4194304,avif,75,1001637,37.66349,34.35627,0.9520083,1.910471
superblock,toast,2048,4194304,raw,,12582912,,32.62769,0.9679212,24
superblock,toast,2048,4194304,png,,8836777,,32.62769,0.9679212,16.85481
superblock,toast,2048,4194304,jpeg,40,622896,26.61662,26.9715,0.9254665,1.18808
superblock,toast,2048,4194304,jpeg,60,828575,27.7477,27.84446,0.941151,1.580381
superblock,toast,2048,4194304,jpeg,75,1097470,29.08915,28.73908,0.9527854,2.093258
superblock,toast,2048,4194304,jpeg,85,1477204,30.84408,29.6814,0.9608854,2.817543
superblock,toast,2048,4194304,jpeg,92,2015911,32.97861,30.47614,0.965544,3.845045
superblock,toast,2048,4194304,jpeg444,40,785986,27.96986,28.62776,0.9256564,1.499149
superblock,toast,2048,4194304,jpeg444,60,1055222,29.39858,29.66105,0.9413387,2.012676
superblock,toast,2048,4194304,jpeg444,75,1408358,31.09236,30.63685,0.9529732,2.68623
superblock,toast,2048,4194304,jpeg444,80,1620600,32.05351,31.06319,0.9570938,3.091049
superblock,toast,2048,4194304,jpeg444,85,1910055,33.3766,31.52103,0.9610523,3.643141
superblock,toast,2048,4194304,jpeg444,92,2624094,36.74884,32.17414,0.9656808,5.005062
superblock,toast,2048,4194304,jpegjs,80,1634216,32.05548,31.04927,0.9568715,3.11702
superblock,toast,2048,4194304,webp,40,639018,28.06686,27.90974,0.9330766,1.21883
superblock,toast,2048,4194304,webp,60,832850,29.53722,28.78561,0.9464837,1.588535
superblock,toast,2048,4194304,webp,75,995676,30.56354,29.32354,0.9532207,1.899101
superblock,toast,2048,4194304,webp,85,1408922,32.61512,30.14702,0.9612028,2.687305
superblock,toast,2048,4194304,webp,92,1888814,34.025,30.60506,0.9647319,3.602627
superblock,toast,2048,4194304,avif,35,425500,27.17462,27.12936,0.9070764,0.8115768
superblock,toast,2048,4194304,avif,55,890107,30.38098,29.10049,0.94993,1.697744
superblock,toast,2048,4194304,avif,75,1466739,32.28334,29.95623,0.9620334,2.797583
northrop-mall,toast,1024,1048576,raw,,3145728,,27.22994,0.8616876,24
northrop-mall,toast,1024,1048576,png,,2055534,,27.22994,0.8616876,15.68248
northrop-mall,toast,1024,1048576,jpeg,40,147668,25.54143,24.88032,0.8010652,1.126617
northrop-mall,toast,1024,1048576,jpeg,60,200024,26.76245,25.3926,0.8241445,1.526062
northrop-mall,toast,1024,1048576,jpeg,75,267866,28.32875,25.87675,0.8415276,2.043655
northrop-mall,toast,1024,1048576,jpeg,85,357735,30.29085,26.25442,0.8521062,2.729301
northrop-mall,toast,1024,1048576,jpeg,92,476860,32.33111,26.50181,0.8573294,3.638153
northrop-mall,toast,1024,1048576,jpeg444,40,177975,26.26342,25.34862,0.8013596,1.357841
northrop-mall,toast,1024,1048576,jpeg444,60,243462,27.70192,25.89606,0.8244585,1.857468
northrop-mall,toast,1024,1048576,jpeg444,75,328965,29.62327,26.40251,0.8419156,2.509804
northrop-mall,toast,1024,1048576,jpeg444,80,380865,30.7534,26.56429,0.8474325,2.905769
northrop-mall,toast,1024,1048576,jpeg444,85,452548,32.31885,26.74857,0.8525467,3.452667
northrop-mall,toast,1024,1048576,jpeg444,92,624685,36.21299,26.97532,0.8578047,4.765968
northrop-mall,toast,1024,1048576,jpegjs,80,382973,30.75435,26.56136,0.8471859,2.921852
northrop-mall,toast,1024,1048576,webp,40,155164,27.83263,25.65276,0.8249098,1.183807
northrop-mall,toast,1024,1048576,webp,60,199184,29.36763,25.97468,0.8385247,1.519653
northrop-mall,toast,1024,1048576,webp,75,232522,30.36854,26.11507,0.8439134,1.774002
northrop-mall,toast,1024,1048576,webp,85,319906,32.15096,26.35876,0.8517234,2.440689
northrop-mall,toast,1024,1048576,webp,92,424116,33.15593,26.46901,0.8557838,3.235748
northrop-mall,toast,1024,1048576,avif,35,122465,27.1262,25.23515,0.8118418,0.9343338
northrop-mall,toast,1024,1048576,avif,55,234719,30.43237,25.99299,0.844632,1.790764
northrop-mall,toast,1024,1048576,avif,75,355233,31.9846,26.23397,0.8537454,2.710213
walter-study,toast,1024,1048576,raw,,3145728,,26.85663,0.8587619,24
walter-study,toast,1024,1048576,png,,2288909,,26.85663,0.8587619,17.46299
walter-study,toast,1024,1048576,jpeg,40,154164,26.59145,24.25891,0.7693469,1.176178
walter-study,toast,1024,1048576,jpeg,60,207307,27.76587,24.79063,0.7968769,1.581627
walter-study,toast,1024,1048576,jpeg,75,277325,29.19593,25.31656,0.8213548,2.115822
walter-study,toast,1024,1048576,jpeg,85,376833,31.1014,25.79327,0.8415071,2.875008
walter-study,toast,1024,1048576,jpeg,92,514561,33.4883,26.15765,0.8530164,3.925789
walter-study,toast,1024,1048576,jpeg444,40,193099,27.58108,24.90488,0.7694299,1.473228
walter-study,toast,1024,1048576,jpeg444,60,261786,28.95242,25.45185,0.797045,1.997269
walter-study,toast,1024,1048576,jpeg444,75,352376,30.64394,25.95222,0.8215646,2.688416
walter-study,toast,1024,1048576,jpeg444,80,407997,31.64326,26.16424,0.8316058,3.11277
walter-study,toast,1024,1048576,jpeg444,85,482397,33.0309,26.37696,0.8417098,3.680397
walter-study,toast,1024,1048576,jpeg444,92,665840,36.47668,26.65361,0.8531849,5.079956
walter-study,toast,1024,1048576,jpegjs,80,413262,31.64459,26.15808,0.8312143,3.152939
walter-study,toast,1024,1048576,webp,40,152298,28.45105,24.83814,0.7907829,1.161942
walter-study,toast,1024,1048576,webp,60,198978,29.90371,25.31738,0.8144109,1.518082
walter-study,toast,1024,1048576,webp,75,238866,31.07952,25.62299,0.8296795,1.822403
walter-study,toast,1024,1048576,webp,85,343940,33.2596,26.01557,0.84562,2.624054
walter-study,toast,1024,1048576,webp,92,461924,34.74737,26.20875,0.8523686,3.5242
walter-study,toast,1024,1048576,avif,35,95845,27.35102,24.3397,0.7499094,0.7312393
walter-study,toast,1024,1048576,avif,55,211349,30.87381,25.55016,0.8244447,1.612465
walter-study,toast,1024,1048576,avif,75,347838,32.94011,25.98651,0.847277,2.653793
bookstore,toast,1024,1048576,raw,,3145728,,36.23941,0.9567671,24
bookstore,toast,1024,1048576,png,,1393184,,36.23941,0.9567671,10.62915
bookstore,toast,1024,1048576,jpeg,40,73217,32.66738,32.6173,0.9026992,0.5586014
bookstore,toast,1024,1048576,jpeg,60,98390,33.99577,33.29546,0.9184069,0.7506561
bookstore,toast,1024,1048576,jpeg,75,131514,35.44345,33.92666,0.9307618,1.003372
bookstore,toast,1024,1048576,jpeg,85,180023,37.21798,34.60846,0.9407866,1.373466
bookstore,toast,1024,1048576,jpeg,92,253630,39.44961,35.09286,0.9486824,1.935043
bookstore,toast,1024,1048576,jpeg444,40,85439,33.21728,32.97129,0.9027017,0.6518478
bookstore,toast,1024,1048576,jpeg444,60,115042,34.69088,33.6907,0.9183855,0.8777008
bookstore,toast,1024,1048576,jpeg444,75,155442,36.32233,34.3376,0.9307877,1.185928
bookstore,toast,1024,1048576,jpeg444,80,181418,37.2401,34.72649,0.9357351,1.384109
bookstore,toast,1024,1048576,jpeg444,85,218591,38.43672,35.06674,0.9408461,1.667717
bookstore,toast,1024,1048576,jpeg444,92,313650,41.27628,35.55436,0.9487581,2.39296
bookstore,toast,1024,1048576,jpegjs,80,184813,37.24162,34.71615,0.9355963,1.410011
bookstore,toast,1024,1048576,webp,40,51544,33.55666,32.6415,0.904795,0.3932495
bookstore,toast,1024,1048576,webp,60,66804,35.02969,33.29859,0.9167045,0.5096741
bookstore,toast,1024,1048576,webp,75,80956,36.24379,33.7951,0.9273168,0.6176453
bookstore,toast,1024,1048576,webp,85,122788,38.68925,34.5888,0.9412399,0.9367981
bookstore,toast,1024,1048576,webp,92,189274,40.8512,35.06875,0.9486421,1.444046
bookstore,toast,1024,1048576,avif,35,31375,32.59928,31.81875,0.885733,0.2393723
bookstore,toast,1024,1048576,avif,55,65518,36.18722,33.47197,0.9205247,0.4998627
bookstore,toast,1024,1048576,avif,75,117986,38.96155,34.46917,0.9410472,0.9001617
gardens,toast,1024,1048576,raw,,3145728,,29.75188,0.9054938,24
gardens,toast,1024,1048576,png,,2161236,,29.75188,0.9054938,16.48892
gardens,toast,1024,1048576,jpeg,40,152924,25.58983,25.8637,0.8384136,1.166718
gardens,toast,1024,1048576,jpeg,60,206498,26.64349,26.5333,0.8623936,1.575455
gardens,toast,1024,1048576,jpeg,75,277251,27.95385,27.17361,0.8810757,2.115257
gardens,toast,1024,1048576,jpeg,85,373667,29.68561,27.79596,0.8939456,2.850853
gardens,toast,1024,1048576,jpeg,92,503830,31.50602,28.33655,0.9011707,3.843918
gardens,toast,1024,1048576,jpeg444,40,193319,26.63216,26.7905,0.8387085,1.474907
gardens,toast,1024,1048576,jpeg444,60,263117,27.93298,27.51869,0.8627344,2.007423
gardens,toast,1024,1048576,jpeg444,75,357165,29.62911,28.21805,0.8814391,2.724953
gardens,toast,1024,1048576,jpeg444,80,413928,30.6432,28.51441,0.888275,3.15802
gardens,toast,1024,1048576,jpeg444,85,492130,32.05605,28.82989,0.8943073,3.754654
gardens,toast,1024,1048576,jpeg444,92,687002,35.64693,29.30033,0.901515,5.241409
gardens,toast,1024,1048576,jpegjs,80,417603,30.64508,28.50708,0.8879698,3.186058
gardens,toast,1024,1048576,webp,40,162438,27.28566,26.6805,0.8574536,1.239304
gardens,toast,1024,1048576,webp,60,211782,28.71519,27.31105,0.8762643,1.615768
gardens,toast,1024,1048576,webp,75,248076,29.60552,27.6272,0.8838665,1.89267
gardens,toast,1024,1048576,webp,85,346136,31.19324,28.18276,0.8953315,2.640808
gardens,toast,1024,1048576,webp,92,456500,32.1407,28.46299,0.900223,3.482819
gardens,toast,1024,1048576,avif,35,119784,26.68386,26.16611,0.8291768,0.9138794
gardens,toast,1024,1048576,avif,55,239773,29.62605,27.49769,0.8801612,1.829323
gardens,toast,1024,1048576,avif,75,374933,30.9986,28.0344,0.8959376,2.860512
stadium,toast,1024,1048576,raw,,3145728,,32.20292,0.8584402,24
stadium,toast,1024,1048576,png,,1907871,,32.20292,0.8584402,14.5559
stadium,toast,1024,1048576,jpeg,40,118759,27.67871,28.58725,0.7891726,0.9060593
stadium,toast,1024,1048576,jpeg,60,161932,28.83741,29.27017,0.8118637,1.235443
stadium,toast,1024,1048576,jpeg,75,220193,30.4479,29.99791,0.8318889,1.679939
stadium,toast,1024,1048576,jpeg,85,301454,32.75252,30.55908,0.84657,2.299911
stadium,toast,1024,1048576,jpeg,92,410481,35.59862,30.97602,0.8541149,3.131721
stadium,toast,1024,1048576,jpeg444,40,139418,28.17354,28.96612,0.7892241,1.063675
stadium,toast,1024,1048576,jpeg444,60,191629,29.44387,29.64762,0.8119275,1.462013
stadium,toast,1024,1048576,jpeg444,75,262209,31.24545,30.45272,0.8319273,2.000496
stadium,toast,1024,1048576,jpeg444,80,305075,32.35997,30.68536,0.8396099,2.327538
stadium,toast,1024,1048576,jpeg444,85,362874,33.93672,30.99604,0.8466255,2.768509
stadium,toast,1024,1048576,jpeg444,92,504283,37.74889,31.39178,0.8541586,3.847374
stadium,toast,1024,1048576,jpegjs,80,307160,32.36004,30.68086,0.8393104,2.343445
stadium,toast,1024,1048576,webp,40,108092,29.36544,29.39405,0.8064917,0.8246765
stadium,toast,1024,1048576,webp,60,147068,31.18716,29.87424,0.8274371,1.12204
stadium,toast,1024,1048576,webp,75,175042,32.372,30.07625,0.8351103,1.335464
stadium,toast,1024,1048576,webp,85,250996,35.04574,30.52807,0.8470553,1.914948
stadium,toast,1024,1048576,webp,92,345902,37.06825,30.75879,0.8521947,2.639023
stadium,toast,1024,1048576,avif,35,77364,28.69265,28.59125,0.7880408,0.5902405
stadium,toast,1024,1048576,avif,55,171634,33.02012,29.85162,0.8367693,1.309464
stadium,toast,1024,1048576,avif,75,274425,35.69676,30.34261,0.8497282,2.093697
superblock,toast,1024,1048576,raw,,3145728,,26.08032,0.8441364,24
superblock,toast,1024,1048576,png,,2371259,,26.08032,0.8441364,18.09127
superblock,toast,1024,1048576,jpeg,40,165304,24.70452,22.95635,0.7481996,1.261169
superblock,toast,1024,1048576,jpeg,60,226968,25.7,23.5014,0.7821727,1.731628
superblock,toast,1024,1048576,jpeg,75,307959,26.96548,24.05781,0.8098663,2.349541
superblock,toast,1024,1048576,jpeg,85,419260,28.59513,24.57708,0.8298935,3.1987
superblock,toast,1024,1048576,jpeg,92,569206,30.32003,24.93537,0.8397931,4.342697
superblock,toast,1024,1048576,jpeg444,40,209849,25.77264,23.72405,0.7483251,1.601021
superblock,toast,1024,1048576,jpeg444,60,290134,27.01837,24.33908,0.7823418,2.213547
superblock,toast,1024,1048576,jpeg444,75,398558,28.64881,24.93312,0.8100533,3.040756
superblock,toast,1024,1048576,jpeg444,80,464131,29.62639,25.19599,0.8204397,3.541039
superblock,toast,1024,1048576,jpeg444,85,555128,31.01691,25.46718,0.8300714,4.235291
superblock,toast,1024,1048576,jpeg444,92,783132,34.63007,25.8367,0.8399551,5.974823
superblock,toast,1024,1048576,jpegjs,80,469344,29.62877,25.19007,0.8199669,3.580811
superblock,toast,1024,1048576,webp,40,196902,26.75493,23.86354,0.7932064,1.502243
superblock,toast,1024,1048576,webp,60,252026,28.01443,24.28614,0.812802,1.922806
superblock,toast,1024,1048576,webp,75,296186,28.83874,24.51021,0.8213297,2.25972
superblock,toast,1024,1048576,webp,85,409472,30.19642,24.82066,0.8333952,3.124023
superblock,toast,1024,1048576,webp,92,535888,31.04423,25.01357,0.8400913,4.088501
superblock,toast,1024,1048576,avif,35,131228,25.78005,23.34516,0.7466882,1.00119
superblock,toast,1024,1048576,avif,55,275381,28.60506,24.41898,0.8167633,2.10099
superblock,toast,1024,1048576,avif,75,437201,29.91568,24.7758,0.8353551,3.335579
northrop-mall,healpix,512,3145728,raw,,9437184,,32.1364,0.9599333,24
northrop-mall,healpix,512,3145728,png,,5836423,,32.1364,0.9599333,14.84279
northrop-mall,healpix,512,3145728,jpeg,40,424141,26.60637,28.36498,0.9228726,1.078646
northrop-mall,healpix,512,3145728,jpeg,60,568654,27.93656,29.16981,0.9369527,1.446162
northrop-mall,healpix,512,3145728,jpeg,75,753255,29.57733,29.93973,0.9467324,1.915627
northrop-mall,healpix,512,3145728,jpeg,85,1009309,31.72711,30.5684,0.9528052,2.566806
northrop-mall,healpix,512,3145728,jpeg,92,1357050,34.2013,31.03934,0.9563075,3.451157
northrop-mall,healpix,512,3145728,jpeg444,40,508878,27.35172,29.1334,0.9232031,1.294144
northrop-mall,healpix,512,3145728,jpeg444,60,686270,28.92874,30.00603,0.9372996,1.745275
northrop-mall,healpix,512,3145728,jpeg444,75,914797,30.92655,30.82512,0.9471215,2.326449
northrop-mall,healpix,512,3145728,jpeg444,80,1053215,32.07039,31.07852,0.9503456,2.678464
northrop-mall,healpix,512,3145728,jpeg444,85,1241163,33.64906,31.35682,0.953216,3.156441
northrop-mall,healpix,512,3145728,jpeg444,92,1695189,37.4699,31.71928,0.9567185,4.311089
northrop-mall,healpix,512,3145728,jpegjs,80,1064983,32.07223,31.07128,0.9501766,2.708392
northrop-mall,healpix,512,3145728,webp,40,474144,29.24197,29.3457,0.9349351,1.205811
northrop-mall,healpix,512,3145728,webp,60,591066,30.82863,29.9464,0.9426117,1.503159
northrop-mall,healpix,512,3145728,webp,75,691088,31.95822,30.23981,0.946665,1.757528
northrop-mall,healpix,512,3145728,webp,85,934192,34.0172,30.70511,0.9519955,2.375773
northrop-mall,healpix,512,3145728,webp,92,1234398,35.34859,30.96683,0.9549492,3.139236
northrop-mall,healpix,512,3145728,avif,35,341857,27.93353,28.66626,0.9220464,0.8693873
northrop-mall,healpix,512,3145728,avif,55,651712,31.6285,29.96957,0.9451401,1.657389
northrop-mall,healpix,512,3145728,avif,75,993265,33.57729,30.44307,0.9521891,2.526004
walter-study,healpix,512,3145728,raw,,9437184,,32.05039,0.9588968,24
walter-study,healpix,512,3145728,png,,6402656,,32.05039,0.9588968,16.2828
walter-study,healpix,512,3145728,jpeg,40,424399,28.04511,27.98239,0.9055741,1.079302
walter-study,healpix,512,3145728,jpeg,60,570363,29.35649,28.88002,0.9244088,1.450508
walter-study,healpix,512,3145728,jpeg,75,760705,30.91917,29.70074,0.9390097,1.934573
walter-study,healpix,512,3145728,jpeg,85,1029012,33.03407,30.45913,0.9495709,2.616913
walter-study,healpix,512,3145728,jpeg,92,1404008,35.86537,31.05006,0.9555756,3.570577
walter-study,healpix,512,3145728,jpeg444,40,515645,28.81755,28.92035,0.9057287,1.311353
walter-study,healpix,512,3145728,jpeg444,60,699603,30.26855,29.84962,0.9245499,1.779182
walter-study,healpix,512,3145728,jpeg444,75,938678,32.02638,30.66198,0.9391708,2.387182
walter-study,healpix,512,3145728,jpeg444,80,1084014,33.04947,30.99142,0.9445475,2.75679
walter-study,healpix,512,3145728,jpeg444,85,1278577,34.47889,31.32537,0.9497176,3.251589
walter-study,healpix,512,3145728,jpeg444,92,1748596,38.00819,31.74598,0.955695,4.44691
walter-study,healpix,512,3145728,jpegjs,80,1102295,33.05014,30.97863,0.9442871,2.803281
walter-study,healpix,512,3145728,webp,40,401884,29.64157,28.56098,0.9139833,1.022044
walter-study,healpix,512,3145728,webp,60,524002,31.31837,29.4117,0.930772,1.332606
walter-study,healpix,512,3145728,webp,75,627088,32.56435,29.9012,0.9390001,1.594767
walter-study,healpix,512,3145728,webp,85,904224,35.33861,30.69338,0.9498442,2.299561
walter-study,healpix,512,3145728,webp,92,1247592,37.7214,31.14604,0.9548811,3.172791
walter-study,healpix,512,3145728,avif,35,246491,28.50418,27.72883,0.8809649,0.626859
walter-study,healpix,512,3145728,avif,55,542998,32.61756,29.79915,0.9342034,1.380915
walter-study,healpix,512,3145728,avif,75,907280,35.50908,30.65255,0.9504276,2.307332
bookstore,healpix,512,3145728,raw,,9437184,,42.19895,0.9902194,24
bookstore,healpix,512,3145728,png,,3363554,,42.19895,0.9902194,8.55396
bookstore,healpix,512,3145728,jpeg,40,174937,35.00197,36.24692,0.9617803,0.4448878
bookstore,healpix,512,3145728,jpeg,60,232619,36.45768,37.23694,0.9715822,0.5915807
bookstore,healpix,512,3145728,jpeg,75,307956,38.00163,38.18681,0.9782334,0.7831726
bookstore,healpix,512,3145728,jpeg,85,422320,39.8151,39.27977,0.9829133,1.074015
bookstore,healpix,512,3145728,jpeg,92,601396,42.02056,40.14428,0.9862906,1.529429
bookstore,healpix,512,3145728,jpeg444,40,207317,35.61593,36.92272,0.9617787,0.5272344
bookstore,healpix,512,3145728,jpeg444,60,274860,37.22546,37.99666,0.9715832,0.6990051
bookstore,healpix,512,3145728,jpeg444,75,366514,39.00452,39.03455,0.9782578,0.9320933
bookstore,healpix,512,3145728,jpeg444,80,426872,39.97783,39.67661,0.9806527,1.085592
bookstore,healpix,512,3145728,jpeg444,85,513356,41.16148,40.23722,0.9830113,1.305532
bookstore,healpix,512,3145728,jpeg444,92,740872,43.79864,41.04017,0.9864069,1.884135
bookstore,healpix,512,3145728,jpegjs,80,446282,39.97905,39.65962,0.9805694,1.134954
bookstore,healpix,512,3145728,webp,40,108524,35.53738,35.92028,0.9565825,0.2759908
bookstore,healpix,512,3145728,webp,60,139354,36.94621,36.95416,0.9659058,0.3543955
bookstore,healpix,512,3145728,webp,75,167270,37.98716,37.5728,0.9711069,0.4253896
bookstore,healpix,512,3145728,webp,85,254422,40.35422,38.79485,0.9791476,0.6470286
bookstore,healpix,512,3145728,webp,92,402994,42.7532,39.7924,0.9839807,1.024867
bookstore,healpix,512,3145728,avif,35,66572,34.35497,34.84748,0.9398638,0.1693014
bookstore,healpix,512,3145728,avif,55,131656,37.90432,37.28342,0.9673889,0.3348185
bookstore,healpix,512,3145728,avif,75,234573,40.75275,38.78334,0.9796352,0.59655
gardens,healpix,512,3145728,raw,,9437184,,35.84931,0.978464,24
gardens,healpix,512,3145728,png,,5859296,,35.84931,0.978464,14.90096
gardens,healpix,512,3145728,jpeg,40,413306,27.4401,29.57406,0.94507,1.051092
gardens,healpix,512,3145728,jpeg,60,546475,28.58952,30.53334,0.9576606,1.389758
gardens,healpix,512,3145728,jpeg,75,719298,29.95884,31.47111,0.9663559,1.829269
gardens,healpix,512,3145728,jpeg,85,962532,31.78186,32.47498,0.972425,2.447845
gardens,healpix,512,3145728,jpeg,92,1308898,33.98311,33.41837,0.975976,3.3287
gardens,healpix,512,3145728,jpeg444,40,519708,28.75992,31.14729,0.9452979,1.321686
gardens,healpix,512,3145728,jpeg444,60,694517,30.2375,32.30588,0.9578943,1.766248
gardens,healpix,512,3145728,jpeg444,75,921575,31.9772,33.35903,0.9665942,2.343686
gardens,healpix,512,3145728,jpeg444,80,1058025,32.95954,33.82295,0.9696942,2.690697
gardens,healpix,512,3145728,jpeg444,85,1242617,34.31136,34.32052,0.9726488,3.160138
gardens,healpix,512,3145728,jpeg444,92,1700318,37.68259,35.06641,0.9761842,4.324132
gardens,healpix,512,3145728,jpegjs,80,1072872,32.96197,33.80803,0.9695386,2.728455
gardens,healpix,512,3145728,webp,40,434468,28.96197,30.21883,0.9501166,1.104909
gardens,healpix,512,3145728,webp,60,554600,30.47402,31.22198,0.9597346,1.410421
gardens,healpix,512,3145728,webp,75,654708,31.49735,31.82022,0.9647514,1.665009
gardens,healpix,512,3145728,webp,85,911654,33.56612,32.89856,0.9714682,2.318456
gardens,healpix,512,3145728,webp,92,1216560,35.00924,33.5795,0.974794,3.093872
gardens,healpix,512,3145728,avif,35,287613,27.95989,29.46439,0.9270251,0.7314377
gardens,healpix,512,3145728,avif,55,581122,31.21851,31.54617,0.9614201,1.47787
gardens,healpix,512,3145728,avif,75,937688,33.08319,32.50016,0.9719518,2.384664
stadium,healpix,512,3145728,raw,,9437184,,37.1678,0.9569543,24
stadium,healpix,512,3145728,png,,5252713,,37.1678,0.9569543,13.35834
stadium,healpix,512,3145728,jpeg,40,329929,28.61009,31.93415,0.9127716,0.8390528
stadium,healpix,512,3145728,jpeg,60,450293,30.00655,32.93265,0.9293065,1.145154
stadium,healpix,512,3145728,jpeg,75,608620,31.82866,34.02782,0.9415551,1.547801
stadium,healpix,512,3145728,jpeg,85,831736,34.34145,34.82162,0.9495758,2.115214
stadium,healpix,512,3145728,jpeg,92,1133749,37.68659,35.47086,0.9539451,2.883273
stadium,healpix,512,3145728,jpeg444,40,378151,28.9309,32.3891,0.9128107,0.9616877
stadium,healpix,512,3145728,jpeg444,60,518066,30.40906,33.37578,0.9293605,1.31751
stadium,healpix,512,3145728,jpeg444,75,702653,32.38465,34.63712,0.9416298,1.786939
stadium,healpix,512,3145728,jpeg444,80,814757,33.54765,34.96351,0.945816,2.072034
stadium,healpix,512,3145728,jpeg444,85,967461,35.1834,35.40583,0.9496634,2.460381
stadium,healpix,512,3145728,jpeg444,92,1331243,39.18161,36.01059,0.9540343,3.385526
stadium,healpix,512,3145728,jpegjs,80,831829,33.54877,34.95125,0.9456142,2.115451
stadium,healpix,512,3145728,webp,40,358188,31.0665,32.65727,0.9260651,0.9109192
stadium,healpix,512,3145728,webp,60,456644,32.88135,33.40969,0.9363476,1.161306
stadium,healpix,512,3145728,webp,75,540904,34.30811,33.79887,0.9416928,1.37559
stadium,healpix,512,3145728,webp,85,755406,37.40427,34.46828,0.9484664,1.921097
stadium,healpix,512,3145728,webp,92,1026206,40.15555,34.97551,0.9520858,2.609777
stadium,healpix,512,3145728,avif,35,231403,29.56527,31.77903,0.9063443,0.5884883
stadium,healpix,512,3145728,avif,55,491768,34.29059,33.51347,0.9398997,1.250631
stadium,healpix,512,3145728,avif,75,781714,37.60992,34.27001,0.9491008,1.988002
superblock,healpix,512,3145728,raw,,9437184,,31.44263,0.9585315,24
superblock,healpix,512,3145728,png,,6651570,,31.44263,0.9585315,16.91582
superblock,healpix,512,3145728,jpeg,40,471363,26.2047,26.31302,0.9093154,1.198738
superblock,healpix,512,3145728,jpeg,60,632268,27.33154,27.14456,0.928115,1.607941
superblock,healpix,512,3145728,jpeg,75,839175,28.68988,27.9896,0.941619,2.134132
superblock,healpix,512,3145728,jpeg,85,1130364,30.4122,28.82894,0.9507833,2.874664
superblock,healpix,512,3145728,jpeg,92,1543695,32.46464,29.53183,0.9558811,3.925819
superblock,healpix,512,3145728,jpeg444,40,592397,27.4814,27.72602,0.9095118,1.506543
superblock,healpix,512,3145728,jpeg444,60,803876,28.91512,28.71704,0.9283327,2.044362
superblock,healpix,512,3145728,jpeg444,75,1074680,30.64334,29.63562,0.9418479,2.733053
superblock,healpix,512,3145728,jpeg444,80,1239175,31.62769,30.03349,0.9466441,3.151385
superblock,healpix,512,3145728,jpeg444,85,1463924,32.98567,30.4502,0.9509953,3.722951
superblock,healpix,512,3145728,jpeg444,92,2017484,36.45465,31.03372,0.9560645,5.130727
superblock,healpix,512,3145728,jpegjs,80,1256515,31.62943,30.02077,0.9463793,3.195483
superblock,healpix,512,3145728,webp,40,517458,27.89404,27.22752,0.9220043,1.315964
superblock,healpix,512,3145728,webp,60,667772,29.33334,28.05644,0.9364089,1.698232
superblock,healpix,512,3145728,webp,75,790152,30.28457,28.50863,0.943254,2.00946
superblock,healpix,512,3145728,webp,85,1114398,32.24354,29.26468,0.9517556,2.834061
superblock,healpix,512,3145728,webp,92,1473130,33.47929,29.6767,0.9554394,3.746363
superblock,healpix,512,3145728,avif,35,341989,26.88305,26.49075,0.8924636,0.869723
superblock,healpix,512,3145728,avif,55,708988,29.95167,28.25862,0.9391826,1.80305
superblock,healpix,512,3145728,avif,75,1153957,31.66849,29.00438,0.9522242,2.934664
northrop-mall,healpix,256,786432,raw,,2359296,,26.84307,0.8463386,24
northrop-mall,healpix,256,786432,png,,1538882,,26.84307,0.8463386,15.65432
northrop-mall,healpix,256,786432,jpeg,40,112141,25.49103,24.56424,0.7842367,1.140757
northrop-mall,healpix,256,786432,jpeg,60,152012,26.67768,25.07965,0.8076932,1.546346
northrop-mall,healpix,256,786432,jpeg,75,203067,28.21385,25.55804,0.8256034,2.065704
northrop-mall,healpix,256,786432,jpeg,85,270773,30.1771,25.90572,0.8366606,2.754445
northrop-mall,healpix,256,786432,jpeg,92,359372,32.16671,26.15157,0.8419575,3.655721
northrop-mall,healpix,256,786432,jpeg444,40,135046,26.19626,25.01986,0.7844998,1.373759
northrop-mall,healpix,256,786432,jpeg444,60,184241,27.5884,25.55757,0.8080081,1.874196
northrop-mall,healpix,256,786432,jpeg444,75,248967,29.48385,26.03554,0.8259846,2.532623
northrop-mall,healpix,256,786432,jpeg444,80,288491,30.60175,26.19574,0.831964,2.934682
northrop-mall,healpix,256,786432,jpeg444,85,342126,32.16231,26.37351,0.8370795,3.480286
northrop-mall,healpix,256,786432,jpeg444,92,472909,36.05123,26.59779,0.8424282,4.810679
northrop-mall,healpix,256,786432,jpegjs,80,294170,30.60311,26.19333,0.8316923,2.992452
northrop-mall,healpix,256,786432,webp,40,129494,28.17873,25.31491,0.8133874,1.317281
northrop-mall,healpix,256,786432,webp,60,161538,29.59045,25.63013,0.8243781,1.64325
northrop-mall,healpix,256,786432,webp,75,188090,30.52544,25.78261,0.8302237,1.91335
northrop-mall,healpix,256,786432,webp,85,253564,32.09411,26.00116,0.8371176,2.579386
northrop-mall,healpix,256,786432,webp,92,330594,32.9777,26.11755,0.8408495,3.362976
northrop-mall,healpix,256,786432,avif,35,97735,26.99862,24.87468,0.7957483,0.9942118
northrop-mall,healpix,256,786432,avif,55,184025,30.23213,25.62368,0.8291066,1.871999
northrop-mall,healpix,256,786432,avif,75,275985,31.66738,25.864,0.8384125,2.807465
walter-study,healpix,256,786432,raw,,2359296,,26.2653,0.8382972,24
walter-study,healpix,256,786432,png,,1740719,,26.2653,0.8382972,17.70751
walter-study,healpix,256,786432,jpeg,40,120578,26.29835,23.74695,0.7428951,1.226583
walter-study,healpix,256,786432,jpeg,60,161960,27.43772,24.26574,0.7715394,1.647542
walter-study,healpix,256,786432,jpeg,75,216904,28.84923,24.76566,0.7979163,2.206462
walter-study,healpix,256,786432,jpeg,85,294624,30.76187,25.22738,0.8192974,2.99707
walter-study,healpix,256,786432,jpeg,92,401717,33.14355,25.57464,0.8319467,4.086477
walter-study,healpix,256,786432,jpeg444,40,150171,27.26583,24.36355,0.7430002,1.527618
walter-study,healpix,256,786432,jpeg444,60,204236,28.58917,24.89581,0.771712,2.077596
walter-study,healpix,256,786432,jpeg444,75,275308,30.26675,25.38591,0.7981314,2.800578
walter-study,healpix,256,786432,jpeg444,80,318567,31.26191,25.59268,0.8091904,3.240631
walter-study,healpix,256,786432,jpeg444,85,376952,32.65619,25.79451,0.8194987,3.834554
walter-study,healpix,256,786432,jpeg444,92,521009,36.10245,26.0677,0.8321178,5.299978
walter-study,healpix,256,786432,jpegjs,80,327715,31.26258,25.58645,0.8087462,3.333689
walter-study,healpix,256,786432,webp,40,124320,28.19405,24.3368,0.772289,1.264648
walter-study,healpix,256,786432,webp,60,160982,29.68692,24.80712,0.7962621,1.637594
walter-study,healpix,256,786432,webp,75,190700,30.73307,25.06047,0.8083534,1.939901
walter-study,healpix,256,786432,webp,85,272016,32.87593,25.43511,0.8246786,2.76709
walter-study,healpix,256,786432,webp,92,365556,34.38377,25.62464,0.8315824,3.718628
walter-study,healpix,256,786432,avif,35,79757,27.15477,23.8826,0.7248444,0.8113302
walter-study,healpix,256,786432,avif,55,172594,30.68636,25.0238,0.8028498,1.755717
walter-study,healpix,256,786432,avif,75,280735,32.79175,25.43054,0.8262996,2.855784
bookstore,healpix,256,786432,raw,,2359296,,35.33827,0.9521245,24
bookstore,healpix,256,786432,png,,1055079,,35.33827,0.9521245,10.73282
bookstore,healpix,256,786432,jpeg,40,59600,32.29445,31.91337,0.8933568,0.6062826
bookstore,healpix,256,786432,jpeg,60,79618,33.57601,32.5608,0.9106942,0.8099162
bookstore,healpix,256,786432,jpeg,75,105507,35.01287,33.16916,0.9244266,1.073273
bookstore,healpix,256,786432,jpeg,85,143546,36.82773,33.82334,0.935508,1.460225
bookstore,healpix,256,786432,jpeg,92,201147,39.16592,34.28465,0.9437069,2.046173
bookstore,healpix,256,786432,jpeg444,40,69129,32.81366,32.24282,0.8933486,0.7032166
bookstore,healpix,256,786432,jpeg444,60,92329,34.20307,32.90929,0.9106925,0.9392192
bookstore,healpix,256,786432,jpeg444,75,123545,35.81041,33.54727,0.9244415,1.256765
bookstore,healpix,256,786432,jpeg444,80,143638,36.73077,33.91721,0.9299498,1.461161
bookstore,healpix,256,786432,jpeg444,85,172130,37.96244,34.24633,0.9355617,1.750997
bookstore,healpix,256,786432,jpeg444,92,247100,40.89108,34.70671,0.9437775,2.513631
bookstore,healpix,256,786432,jpegjs,80,150974,36.73165,33.90784,0.929782,1.535787
bookstore,healpix,256,786432,webp,40,42986,33.54447,32.08372,0.9014413,0.4372762
bookstore,healpix,256,786432,webp,60,55992,35.02933,32.72664,0.9150844,0.5695801
bookstore,healpix,256,786432,webp,75,67116,36.11226,33.11697,0.9236104,0.6827393
bookstore,healpix,256,786432,webp,85,99640,38.50173,33.81781,0.9366483,1.01359
bookstore,healpix,256,786432,webp,92,149096,40.6234,34.27935,0.9438265,1.516683
bookstore,healpix,256,786432,avif,35,30496,32.30583,31.21093,0.8767325,0.3102214
bookstore,healpix,256,786432,avif,55,58928,36.02972,32.8322,0.9152407,0.5994466
bookstore,healpix,256,786432,avif,75,101015,38.86286,33.73305,0.9357965,1.027578
gardens,healpix,256,786432,raw,,2359296,,28.84917,0.8903334,24
gardens,healpix,256,786432,png,,1614612,,28.84917,0.8903334,16.42468
gardens,healpix,256,786432,jpeg,40,118621,25.43346,25.31736,0.818683,1.206675
gardens,healpix,256,786432,jpeg,60,159795,26.49593,25.94079,0.8442969,1.625519
gardens,healpix,256,786432,jpeg,75,212867,27.81021,26.5342,0.864133,2.165395
gardens,healpix,256,786432,jpeg,85,285596,29.50787,27.12731,0.8780859,2.905233
gardens,healpix,256,786432,jpeg,92,382638,31.26672,27.61086,0.885571,3.892395
gardens,healpix,256,786432,jpeg444,40,148806,26.4671,26.1679,0.8189582,1.513733
gardens,healpix,256,786432,jpeg444,60,202484,27.78352,26.86147,0.8446344,2.059774
gardens,healpix,256,786432,jpeg444,75,273116,29.47677,27.48335,0.864489,2.77828
gardens,healpix,256,786432,jpeg444,80,316235,30.47354,27.764,0.8717063,3.216909
gardens,healpix,256,786432,jpeg444,85,375261,31.89849,28.05394,0.8784245,3.817352
gardens,healpix,256,786432,jpeg444,92,522452,35.51639,28.4761,0.8859054,5.314657
gardens,healpix,256,786432,jpegjs,80,323112,30.476,27.75783,0.8714095,3.286865
gardens,healpix,256,786432,webp,40,137470,27.58922,26.08458,0.8451321,1.398417
gardens,healpix,256,786432,webp,60,171534,28.85345,26.63335,0.8599345,1.744934
gardens,healpix,256,786432,webp,75,200468,29.6615,26.95767,0.8684094,2.039266
gardens,healpix,256,786432,webp,85,272224,31.09069,27.44039,0.8787868,2.769206
gardens,healpix,256,786432,webp,92,354980,31.94609,27.73569,0.8847633,3.611043
gardens,healpix,256,786432,avif,35,97137,26.58252,25.63783,0.8122846,0.9881287
gardens,healpix,256,786432,avif,55,187373,29.38889,26.81251,0.8638213,1.906057
gardens,healpix,256,786432,avif,75,288375,30.66601,27.25818,0.8804283,2.933502
stadium,healpix,256,786432,raw,,2359296,,32.17159,0.8509157,24
stadium,healpix,256,786432,png,,1412086,,32.17159,0.8509157,14.36448
stadium,healpix,256,786432,jpeg,40,87250,28.04046,28.5709,0.7823686,0.8875529
stadium,healpix,256,786432,jpeg,60,118492,29.1869,29.2619,0.8042935,1.205363
stadium,healpix,256,786432,jpeg,75,161369,30.75313,29.96176,0.8238708,1.64153
stadium,healpix,256,786432,jpeg,85,221485,33.04979,30.52611,0.8388698,2.253062
stadium,healpix,256,786432,jpeg,92,301155,35.95377,30.94431,0.8462914,3.063507
stadium,healpix,256,786432,jpeg444,40,102033,28.51905,28.96048,0.7824382,1.037933
stadium,healpix,256,786432,jpeg444,60,139171,29.7601,29.6425,0.8043443,1.415721
stadium,healpix,256,786432,jpeg444,75,190199,31.50143,30.42828,0.8239407,1.934804
stadium,healpix,256,786432,jpeg444,80,221639,32.58673,30.65955,0.8317311,2.254628
stadium,healpix,256,786432,jpeg444,85,264225,34.15471,30.97007,0.8389337,2.687836
stadium,healpix,256,786432,jpeg444,92,366092,37.93191,31.35553,0.8463379,3.72408
stadium,healpix,256,786432,jpegjs,80,228253,32.58695,30.65519,0.8313957,2.32191
stadium,healpix,256,786432,webp,40,94984,30.3084,29.20998,0.8098595,0.9662272
stadium,healpix,256,786432,webp,60,121272,31.98336,29.73078,0.8243066,1.233643
stadium,healpix,256,786432,webp,75,143100,33.20735,29.94982,0.8311909,1.455688
stadium,healpix,256,786432,webp,85,200794,35.82172,30.40014,0.8403169,2.042582
stadium,healpix,256,786432,webp,92,271300,37.79041,30.71132,0.8447799,2.759806
stadium,healpix,256,786432,avif,35,61998,28.83456,28.58704,0.7795972,0.6306763
stadium,healpix,256,786432,avif,55,134895,33.16172,29.80592,0.8294938,1.372223
stadium,healpix,256,786432,avif,75,212796,35.69062,30.27846,0.8422522,2.164673
superblock,healpix,256,786432,raw,,2359296,,25.30509,0.8122372,24
superblock,healpix,256,786432,png,,1770675,,25.30509,0.8122372,18.01224
superblock,healpix,256,786432,jpeg,40,123847,24.63169,22.51596,0.7107086,1.259837
superblock,healpix,256,786432,jpeg,60,170177,25.59914,23.01762,0.7467748,1.73113
superblock,healpix,256,786432,jpeg,75,230874,26.853,23.52935,0.7766439,2.348572
superblock,healpix,256,786432,jpeg,85,313950,28.44474,23.98518,0.7974699,3.193665
superblock,healpix,256,786432,jpeg,92,425177,30.10664,24.30258,0.8077079,4.325124
superblock,healpix,256,786432,jpeg444,40,156258,25.67628,23.18637,0.7108455,1.589539
superblock,healpix,256,786432,jpeg444,60,216817,26.89407,23.73799,0.7469142,2.205577
superblock,healpix,256,786432,jpeg444,75,297450,28.52615,24.28249,0.7768052,3.025818
superblock,healpix,256,786432,jpeg444,80,346976,29.50479,24.51411,0.7878371,3.529622
superblock,healpix,256,786432,jpeg444,85,415418,30.89824,24.75597,0.7976401,4.22585
superblock,healpix,256,786432,jpeg444,92,587181,34.52756,25.08229,0.8078419,5.973114
superblock,healpix,256,786432,jpegjs,80,354870,29.50684,24.50939,0.7873602,3.609924
superblock,healpix,256,786432,webp,40,150054,26.67468,23.29138,0.7570128,1.526428
superblock,healpix,256,786432,webp,60,190794,27.87206,23.69217,0.7785308,1.940857
superblock,healpix,256,786432,webp,75,223958,28.63238,23.89672,0.7885932,2.278219
superblock,healpix,256,786432,webp,85,310742,30.01149,24.20945,0.8013814,3.161031
superblock,healpix,256,786432,webp,92,406630,30.76405,24.36375,0.807348,4.136454
superblock,healpix,256,786432,avif,35,102967,25.65766,22.85981,0.711721,1.047434
superblock,healpix,256,786432,avif,55,211694,28.3635,23.81151,0.7838946,2.153463
superblock,healpix,256,786432,avif,75,332966,29.57018,24.12526,0.8030946,3.387105
northrop-mall,ico-rhombus,512,2621440,raw,,7864320,,30.87465,0.9448307,24
northrop-mall,ico-rhombus,512,2621440,png,,5027582,,30.87465,0.9448307,15.34296
northrop-mall,ico-rhombus,512,2621440,jpeg,40,360402,26.17229,27.44478,0.9005242,1.09986
northrop-mall,ico-rhombus,512,2621440,jpeg,60,485192,27.45961,28.18349,0.9172581,1.480688
northrop-mall,ico-rhombus,512,2621440,jpeg,75,646962,29.10375,28.90069,0.9293526,1.974371
northrop-mall,ico-rhombus,512,2621440,jpeg,85,866039,31.26277,29.47361,0.9367637,2.642941
northrop-mall,ico-rhombus,512,2621440,jpeg,92,1160459,33.67292,29.87192,0.9408606,3.54144
northrop-mall,ico-rhombus,512,2621440,jpeg444,40,434253,26.90873,28.12358,0.9008696,1.325235
northrop-mall,ico-rhombus,512,2621440,jpeg444,60,587806,28.42381,28.92103,0.9176221,1.793842
northrop-mall,ico-rhombus,512,2621440,jpeg444,75,788838,30.42686,29.67498,0.9297766,2.407343
northrop-mall,ico-rhombus,512,2621440,jpeg444,80,909207,31.59118,29.91834,0.9337053,2.77468
northrop-mall,ico-rhombus,512,2621440,jpeg444,85,1071929,33.19413,30.17937,0.9372035,3.271268
northrop-mall,ico-rhombus,512,2621440,jpeg444,92,1467785,37.07774,30.50627,0.9413168,4.479324
northrop-mall,ico-rhombus,512,2621440,jpegjs,80,917592,31.59295,29.91098,0.9335134,2.800269
northrop-mall,ico-rhombus,512,2621440,webp,40,409082,28.85589,28.44726,0.9177152,1.248419
northrop-mall,ico-rhombus,512,2621440,webp,60,510104,30.43281,28.95762,0.9263991,1.556714
northrop-mall,ico-rhombus,512,2621440,webp,75,589940,31.49527,29.21906,0.9303871,1.800354
northrop-mall,ico-rhombus,512,2621440,webp,85,801968,33.47472,29.59971,0.9363621,2.447412
northrop-mall,ico-rhombus,512,2621440,webp,92,1055674,34.73348,29.81244,0.9395694,3.221661
northrop-mall,ico-rhombus,512,2621440,avif,35,299915,27.6294,27.78641,0.9030348,0.9152679
northrop-mall,ico-rhombus,512,2621440,avif,55,568395,31.1158,28.89628,0.9289693,1.734604
northrop-mall,ico-rhombus,512,2621440,avif,75,860595,32.80484,29.28135,0.9368287,2.626328
walter-study,ico-rhombus,512,2621440,raw,,7864320,,30.57939,0.9416088,24
walter-study,ico-rhombus,512,2621440,png,,5507490,,30.57939,0.9416088,16.80753
walter-study,ico-rhombus,512,2621440,jpeg,40,361332,27.67824,26.9687,0.8785042,1.102698
walter-study,ico-rhombus,512,2621440,jpeg,60,485699,28.9377,27.7387,0.8998111,1.482236
walter-study,ico-rhombus,512,2621440,jpeg,75,650072,30.48643,28.49094,0.9171725,1.983862
walter-study,ico-rhombus,512,2621440,jpeg,85,882239,32.59146,29.17428,0.9302517,2.69238
walter-study,ico-rhombus,512,2621440,jpeg,92,1202349,35.38453,29.69248,0.9376586,3.669278
walter-study,ico-rhombus,512,2621440,jpeg444,40,442730,28.47561,27.81305,0.8786691,1.351105
walter-study,ico-rhombus,512,2621440,jpeg444,60,600990,29.893,28.61471,0.8999742,1.834076
walter-study,ico-rhombus,512,2621440,jpeg444,75,807434,31.63223,29.34583,0.9173563,2.464093
walter-study,ico-rhombus,512,2621440,jpeg444,80,934136,32.6587,29.6447,0.9240747,2.850757
walter-study,ico-rhombus,512,2621440,jpeg444,85,1103200,34.09077,29.9346,0.9304325,3.366699
walter-study,ico-rhombus,512,2621440,jpeg444,92,1509631,37.6374,30.31269,0.9377992,4.607028
walter-study,ico-rhombus,512,2621440,jpegjs,80,948456,32.659,29.63315,0.9237688,2.894458
walter-study,ico-rhombus,512,2621440,webp,40,353420,29.40578,27.62982,0.8915351,1.078552
walter-study,ico-rhombus,512,2621440,webp,60,459924,31.04728,28.3502,0.910059,1.403577
walter-study,ico-rhombus,512,2621440,webp,75,549476,32.26314,28.77274,0.919535,1.676868
walter-study,ico-rhombus,512,2621440,webp,85,789654,34.97528,29.43071,0.9316536,2.409833
walter-study,ico-rhombus,512,2621440,webp,92,1083532,37.19627,29.78396,0.9370977,3.306677
walter-study,ico-rhombus,512,2621440,avif,35,216405,28.2473,26.86258,0.8557658,0.6604156
walter-study,ico-rhombus,512,2621440,avif,55,478598,32.19461,28.60975,0.9142904,1.460565
walter-study,ico-rhombus,512,2621440,avif,75,797263,34.73875,29.26581,0.9323093,2.433054
bookstore,ico-rhombus,512,2621440,raw,,7864320,,40.99978,0.9859217,24
bookstore,ico-rhombus,512,2621440,png,,3026562,,40.99978,0.9859217,9.236334
bookstore,ico-rhombus,512,2621440,jpeg,40,154150,34.36977,35.4041,0.9501567,0.4704285
bookstore,ico-rhombus,512,2621440,jpeg,60,206213,35.7377,36.34309,0.9616973,0.6293121
bookstore,ico-rhombus,512,2621440,jpeg,75,274863,37.2056,37.21803,0.9699729,0.8388153
bookstore,ico-rhombus,512,2621440,jpeg,85,378468,39.00477,38.24779,0.9760695,1.154993
bookstore,ico-rhombus,512,2621440,jpeg,92,540076,41.26799,39.05831,0.9807454,1.648181
bookstore,ico-rhombus,512,2621440,jpeg444,40,182465,34.91242,35.98095,0.9501508,0.556839
bookstore,ico-rhombus,512,2621440,jpeg444,60,243177,36.40581,36.98172,0.9617119,0.7421173
bookstore,ico-rhombus,512,2621440,jpeg444,75,326642,38.0748,37.93989,0.9699956,0.9968323
bookstore,ico-rhombus,512,2621440,jpeg444,80,381396,39.00428,38.53439,0.9730371,1.163928
bookstore,ico-rhombus,512,2621440,jpeg444,85,459815,40.17885,39.06652,0.9761607,1.403244
bookstore,ico-rhombus,512,2621440,jpeg444,92,665929,42.90901,39.85295,0.9808655,2.032254
bookstore,ico-rhombus,512,2621440,jpegjs,80,394563,39.00423,38.51504,0.9729237,1.204111
bookstore,ico-rhombus,512,2621440,webp,40,100386,35.02579,35.22961,0.9470298,0.3063538
bookstore,ico-rhombus,512,2621440,webp,60,130380,36.49377,36.23233,0.9578388,0.3978882
bookstore,ico-rhombus,512,2621440,webp,75,156482,37.46077,36.76054,0.9630673,0.4775452
bookstore,ico-rhombus,512,2621440,webp,85,236254,39.92679,37.90446,0.972646,0.72099
bookstore,ico-rhombus,512,2621440,webp,92,368218,42.28847,38.82859,0.9788535,1.123712
bookstore,ico-rhombus,512,2621440,avif,35,60830,33.87038,34.14519,0.9277331,0.1856384
bookstore,ico-rhombus,512,2621440,avif,55,122840,37.36809,36.44393,0.958879,0.3748779
bookstore,ico-rhombus,512,2621440,avif,75,223231,40.19177,37.81784,0.973265,0.6812469
gardens,ico-rhombus,512,2621440,raw,,7864320,,34.30641,0.9680767,24
gardens,ico-rhombus,512,2621440,png,,5091880,,34.30641,0.9680767,15.53918
gardens,ico-rhombus,512,2621440,jpeg,40,355140,26.84111,28.60471,0.9262741,1.083801
gardens,ico-rhombus,512,2621440,jpeg,60,472186,27.93846,29.4783,0.9413295,1.440997
gardens,ico-rhombus,512,2621440,jpeg,75,625691,29.28436,30.34831,0.9524345,1.909457
gardens,ico-rhombus,512,2621440,jpeg,85,843220,31.09501,31.26543,0.9604333,2.573303
gardens,ico-rhombus,512,2621440,jpeg,92,1145445,33.24259,32.11713,0.9651555,3.495621
gardens,ico-rhombus,512,2621440,jpeg444,40,448703,28.06347,29.98554,0.9265293,1.369333
gardens,ico-rhombus,512,2621440,jpeg444,60,602943,29.45158,31.01457,0.9416021,1.840036
gardens,ico-rhombus,512,2621440,jpeg444,75,803982,31.14734,31.98509,0.9527109,2.453558
gardens,ico-rhombus,512,2621440,jpeg444,80,926629,32.13019,32.42212,0.9568455,2.827847
gardens,ico-rhombus,512,2621440,jpeg444,85,1094562,33.51086,32.88543,0.9607003,3.340338
gardens,ico-rhombus,512,2621440,jpeg444,92,1507292,37.0122,33.58193,0.9654039,4.59989
gardens,ico-rhombus,512,2621440,jpegjs,80,938078,32.13272,32.40892,0.9566501,2.862787
gardens,ico-rhombus,512,2621440,webp,40,381980,28.52181,29.39262,0.9350718,1.16571
gardens,ico-rhombus,512,2621440,webp,60,490450,30.00605,30.27984,0.9469978,1.496735
gardens,ico-rhombus,512,2621440,webp,75,576306,30.99472,30.82541,0.9528398,1.758746
gardens,ico-rhombus,512,2621440,webp,85,800346,32.95389,31.72389,0.960395,2.442462
gardens,ico-rhombus,512,2621440,webp,92,1054318,34.18824,32.29989,0.9642783,3.217523
gardens,ico-rhombus,512,2621440,avif,35,256852,27.49839,28.60731,0.9095333,0.7838501
gardens,ico-rhombus,512,2621440,avif,55,522534,30.55451,30.45146,0.9488878,1.594647
gardens,ico-rhombus,512,2621440,avif,75,832113,32.10194,31.23579,0.9608598,2.539407
stadium,ico-rhombus,512,2621440,raw,,7864320,,35.52343,0.9360706,24
stadium,ico-rhombus,512,2621440,png,,4540902,,35.52343,0.9360706,13.85773
stadium,ico-rhombus,512,2621440,jpeg,40,283104,28.17408,30.72042,0.8814294,0.8639648
stadium,ico-rhombus,512,2621440,jpeg,60,386944,29.46369,31.60652,0.9009379,1.180859
stadium,ico-rhombus,512,2621440,jpeg,75,524960,31.22718,32.58978,0.9166172,1.602051
stadium,ico-rhombus,512,2621440,jpeg,85,718075,33.7282,33.3377,0.9271154,2.191391
stadium,ico-rhombus,512,2621440,jpeg,92,977477,36.96528,33.91147,0.9326588,2.983023
stadium,ico-rhombus,512,2621440,jpeg444,40,328236,28.5483,31.16344,0.8814948,1.001697
stadium,ico-rhombus,512,2621440,jpeg444,60,450313,29.92887,32.0456,0.9009875,1.374246
stadium,ico-rhombus,512,2621440,jpeg444,75,613763,31.85968,33.18419,0.9167006,1.873056
stadium,ico-rhombus,512,2621440,jpeg444,80,712815,33.03306,33.47977,0.922209,2.175339
stadium,ico-rhombus,512,2621440,jpeg444,85,846931,34.69361,33.8916,0.9271927,2.584628
stadium,ico-rhombus,512,2621440,jpeg444,92,1164848,38.73643,34.44164,0.9327386,3.554834
stadium,ico-rhombus,512,2621440,jpegjs,80,723380,33.03423,33.47098,0.9219607,2.207581
stadium,ico-rhombus,512,2621440,webp,40,307702,30.66947,31.59086,0.9012213,0.939032
stadium,ico-rhombus,512,2621440,webp,60,390720,32.44291,32.21561,0.9130016,1.192383
stadium,ico-rhombus,512,2621440,webp,75,461810,33.79398,32.54351,0.9188233,1.409332
stadium,ico-rhombus,512,2621440,webp,85,645072,36.68057,33.10206,0.926382,1.968604
stadium,ico-rhombus,512,2621440,webp,92,870632,39.11373,33.50599,0.9308661,2.656958
stadium,ico-rhombus,512,2621440,avif,35,198649,29.2333,30.68339,0.8781294,0.6062286
stadium,ico-rhombus,512,2621440,avif,55,424559,33.75934,32.18033,0.9172128,1.295651
stadium,ico-rhombus,512,2621440,avif,75,671148,36.63771,32.7985,0.9276715,2.048181
superblock,ico-rhombus,512,2621440,raw,,7864320,,30.20356,0.9432079,24
superblock,ico-rhombus,512,2621440,png,,5725529,,30.20356,0.9432079,17.47293
superblock,ico-rhombus,512,2621440,jpeg,40,400246,25.71463,25.44542,0.8808696,1.221454
superblock,ico-rhombus,512,2621440,jpeg,60,540470,26.79063,26.21492,0.9035229,1.649384
superblock,ico-rhombus,512,2621440,jpeg,75,723083,28.11851,27.01233,0.9209661,2.206674
superblock,ico-rhombus,512,2621440,jpeg,85,980144,29.86613,27.81762,0.9332329,2.991162
superblock,ico-rhombus,512,2621440,jpeg,92,1338110,31.90824,28.44517,0.9400319,4.083588
superblock,ico-rhombus,512,2621440,jpeg444,40,505415,26.92876,26.6973,0.8810783,1.542404
superblock,ico-rhombus,512,2621440,jpeg444,60,689206,28.27047,27.59165,0.9037454,2.10329
superblock,ico-rhombus,512,2621440,jpeg444,75,928321,29.94917,28.46496,0.9212099,2.833011
superblock,ico-rhombus,512,2621440,jpeg444,80,1073470,30.9292,28.84867,0.9275605,3.27597
superblock,ico-rhombus,512,2621440,jpeg444,85,1273842,32.30019,29.257,0.9334525,3.887457
superblock,ico-rhombus,512,2621440,jpeg444,92,1767834,35.85625,29.82717,0.9402309,5.395001
superblock,ico-rhombus,512,2621440,jpegjs,80,1088061,30.93102,28.83787,0.9272465,3.320499
superblock,ico-rhombus,512,2621440,webp,40,455678,27.54634,26.4443,0.9015124,1.390619
superblock,ico-rhombus,512,2621440,webp,60,583778,28.93945,27.16887,0.9175782,1.781549
superblock,ico-rhombus,512,2621440,webp,75,692486,29.89626,27.57967,0.9257856,2.1133
superblock,ico-rhombus,512,2621440,webp,85,963090,31.69459,28.2086,0.9353642,2.939117
superblock,ico-rhombus,512,2621440,webp,92,1268320,32.853,28.55978,0.9396691,3.870605
superblock,ico-rhombus,512,2621440,avif,35,301077,26.49996,25.72387,0.8675221,0.9188141
superblock,ico-rhombus,512,2621440,avif,55,629301,29.47725,27.2968,0.9211179,1.920474
superblock,ico-rhombus,512,2621440,avif,75,1013558,31.00055,27.90186,0.9360195,3.093134
northrop-mall,ico-rhombus,256,655360,raw,,1966080,,26.13662,0.8165234,24
northrop-mall,ico-rhombus,256,655360,png,,1313761,,26.13662,0.8165234,16.03712
northrop-mall,ico-rhombus,256,655360,jpeg,40,95126,25.25675,24.02047,0.7490589,1.161206
northrop-mall,ico-rhombus,256,655360,jpeg,60,129186,26.41261,24.48937,0.774818,1.576978
northrop-mall,ico-rhombus,256,655360,jpeg,75,173041,27.94811,24.94756,0.7946113,2.112317
northrop-mall,ico-rhombus,256,655360,jpeg,85,230684,29.88543,25.27172,0.8066692,2.815967
northrop-mall,ico-rhombus,256,655360,jpeg,92,305604,31.83539,25.48539,0.812201,3.730518
northrop-mall,ico-rhombus,256,655360,jpeg444,40,115065,25.97985,24.45259,0.7492706,1.404602
northrop-mall,ico-rhombus,256,655360,jpeg444,60,157373,27.33624,24.94427,0.7750645,1.921057
northrop-mall,ico-rhombus,256,655360,jpeg444,75,213076,29.22172,25.39107,0.7949186,2.601025
northrop-mall,ico-rhombus,256,655360,jpeg444,80,246956,30.3486,25.53929,0.8015295,3.0146
northrop-mall,ico-rhombus,256,655360,jpeg444,85,293194,31.91221,25.70897,0.807046,3.579028
northrop-mall,ico-rhombus,256,655360,jpeg444,92,405585,35.79791,25.90486,0.8126241,4.950989
northrop-mall,ico-rhombus,256,655360,jpegjs,80,251412,30.34964,25.53573,0.8012531,3.068994
northrop-mall,ico-rhombus,256,655360,webp,40,109706,27.90346,24.74184,0.7829848,1.339185
northrop-mall,ico-rhombus,256,655360,webp,60,136974,29.29469,25.0247,0.7944291,1.672046
northrop-mall,ico-rhombus,256,655360,webp,75,159452,30.19227,25.16926,0.8000714,1.946436
northrop-mall,ico-rhombus,256,655360,webp,85,213496,31.71175,25.35409,0.8070502,2.606152
northrop-mall,ico-rhombus,256,655360,webp,92,279378,32.58469,25.45616,0.8110907,3.410376
northrop-mall,ico-rhombus,256,655360,avif,35,83080,26.76228,24.32573,0.7646948,1.01416
northrop-mall,ico-rhombus,256,655360,avif,55,156713,29.81673,24.96343,0.7994321,1.913
northrop-mall,ico-rhombus,256,655360,avif,75,234099,31.09905,25.17957,0.8089076,2.857654
walter-study,ico-rhombus,256,655360,raw,,1966080,,25.42201,0.8044681,24
walter-study,ico-rhombus,256,655360,png,,1478462,,25.42201,0.8044681,18.04763
walter-study,ico-rhombus,256,655360,jpeg,40,102167,26.0904,23.12987,0.7050988,1.247156
walter-study,ico-rhombus,256,655360,jpeg,60,137321,27.20661,23.60238,0.7352277,1.676282
walter-study,ico-rhombus,256,655360,jpeg,75,183398,28.60619,24.0519,0.7620193,2.238745
walter-study,ico-rhombus,256,655360,jpeg,85,249212,30.47884,24.4642,0.7845558,3.042139
walter-study,ico-rhombus,256,655360,jpeg,92,339888,32.78172,24.77527,0.7978471,4.149023
walter-study,ico-rhombus,256,655360,jpeg444,40,128007,27.0691,23.70153,0.7051725,1.562585
walter-study,ico-rhombus,256,655360,jpeg444,60,173866,28.36969,24.18504,0.7354015,2.122388
walter-study,ico-rhombus,256,655360,jpeg444,75,234317,30.05956,24.62472,0.7622202,2.860315
walter-study,ico-rhombus,256,655360,jpeg444,80,271163,31.04534,24.80845,0.7737405,3.310095
walter-study,ico-rhombus,256,655360,jpeg444,85,321079,32.41097,24.99361,0.7847949,3.919421
walter-study,ico-rhombus,256,655360,jpeg444,92,445057,35.81901,25.2403,0.7980415,5.432825
walter-study,ico-rhombus,256,655360,jpegjs,80,278082,31.04577,24.80341,0.7732891,3.394556
walter-study,ico-rhombus,256,655360,webp,40,107822,28.02988,23.70668,0.7387368,1.316187
walter-study,ico-rhombus,256,655360,webp,60,139216,29.49703,24.11936,0.7622025,1.699414
walter-study,ico-rhombus,256,655360,webp,75,164728,30.50753,24.33553,0.7745826,2.01084
walter-study,ico-rhombus,256,655360,webp,85,232352,32.54277,24.66009,0.7904922,2.836328
walter-study,ico-rhombus,256,655360,webp,92,309946,33.93351,24.81683,0.7974841,3.783521
walter-study,ico-rhombus,256,655360,avif,35,68894,26.95802,23.26595,0.6896145,0.8409912
walter-study,ico-rhombus,256,655360,avif,55,148914,30.3251,24.26344,0.7681745,1.817798
walter-study,ico-rhombus,256,655360,avif,75,242776,32.15708,24.58818,0.7923925,2.963574
bookstore,ico-rhombus,256,655360,raw,,1966080,,34.66744,0.9414428,24
bookstore,ico-rhombus,256,655360,png,,932332,,34.66744,0.9414428,11.38101
bookstore,ico-rhombus,256,655360,jpeg,40,51553,31.92685,31.367,0.8761256,0.6293091
bookstore,ico-rhombus,256,655360,jpeg,60,69132,33.16192,32.02229,0.8942876,0.8438965
bookstore,ico-rhombus,256,655360,jpeg,75,92213,34.5764,32.58285,0.9090066,1.125647
bookstore,ico-rhombus,256,655360,jpeg,85,125571,36.39236,33.19188,0.9215374,1.532849
bookstore,ico-rhombus,256,655360,jpeg,92,176423,38.78874,33.64344,0.9314947,2.153601
bookstore,ico-rhombus,256,655360,jpeg444,40,59853,32.39204,31.65177,0.8761104,0.7306274
bookstore,ico-rhombus,256,655360,jpeg444,60,80341,33.71777,32.33252,0.8942832,0.9807251
bookstore,ico-rhombus,256,655360,jpeg444,75,108159,35.30327,32.92543,0.9090174,1.3203
bookstore,ico-rhombus,256,655360,jpeg444,80,125847,36.22235,33.26213,0.9149145,1.536218
bookstore,ico-rhombus,256,655360,jpeg444,85,150992,37.43455,33.57164,0.9215914,1.843164
bookstore,ico-rhombus,256,655360,jpeg444,92,216771,40.37896,34.02509,0.9315898,2.64613
bookstore,ico-rhombus,256,655360,jpegjs,80,130925,36.22312,33.25427,0.9147666,1.598206
bookstore,ico-rhombus,256,655360,webp,40,37788,33.17094,31.56088,0.8884838,0.4612793
bookstore,ico-rhombus,256,655360,webp,60,49380,34.6356,32.16074,0.9013494,0.6027832
bookstore,ico-rhombus,256,655360,webp,75,59476,35.78931,32.56742,0.9108063,0.7260254
bookstore,ico-rhombus,256,655360,webp,85,88558,38.15478,33.20919,0.9242354,1.08103
bookstore,ico-rhombus,256,655360,webp,92,134196,40.39252,33.66828,0.9327473,1.638135
bookstore,ico-rhombus,256,655360,avif,35,26600,32.03754,30.75315,0.8651477,0.324707
bookstore,ico-rhombus,256,655360,avif,55,52331,35.70722,32.27394,0.902364,0.6388062
bookstore,ico-rhombus,256,655360,avif,75,91343,38.46816,33.11932,0.9235705,1.115027
gardens,ico-rhombus,256,655360,raw,,1966080,,27.97327,0.8632262,24
gardens,ico-rhombus,256,655360,png,,1383896,,27.97327,0.8632262,16.89326
gardens,ico-rhombus,256,655360,jpeg,40,100904,25.19791,24.68652,0.78428,1.231738
gardens,ico-rhombus,256,655360,jpeg,60,136038,26.21713,25.26848,0.8123157,1.66062
gardens,ico-rhombus,256,655360,jpeg,75,181886,27.52789,25.81905,0.8345515,2.220288
gardens,ico-rhombus,256,655360,jpeg,85,243800,29.21486,26.36162,0.8497978,2.976074
gardens,ico-rhombus,256,655360,jpeg,92,326598,30.9367,26.8279,0.8581948,3.986792
gardens,ico-rhombus,256,655360,jpeg444,40,127232,26.21712,25.47649,0.7846017,1.553125
gardens,ico-rhombus,256,655360,jpeg444,60,173225,27.4804,26.10922,0.8126424,2.114563
gardens,ico-rhombus,256,655360,jpeg444,75,234538,29.16372,26.69744,0.8348912,2.863013
gardens,ico-rhombus,256,655360,jpeg444,80,271585,30.18419,26.94596,0.8428215,3.315247
gardens,ico-rhombus,256,655360,jpeg444,85,322970,31.61097,27.21913,0.8501296,3.942505
gardens,ico-rhombus,256,655360,jpeg444,92,450784,35.23004,27.63082,0.8584888,5.502734
gardens,ico-rhombus,256,655360,jpegjs,80,277345,30.18577,26.93961,0.8424908,3.385559
gardens,ico-rhombus,256,655360,webp,40,116088,27.25732,25.43566,0.8145184,1.41709
gardens,ico-rhombus,256,655360,webp,60,145998,28.53054,25.94484,0.831472,1.782202
gardens,ico-rhombus,256,655360,webp,75,170012,29.3281,26.22788,0.8400846,2.075342
gardens,ico-rhombus,256,655360,webp,85,232252,30.74793,26.68162,0.8517022,2.835107
gardens,ico-rhombus,256,655360,webp,92,301138,31.54862,26.93571,0.8576484,3.676001
gardens,ico-rhombus,256,655360,avif,35,83447,26.31973,24.98656,0.7816223,1.01864
gardens,ico-rhombus,256,655360,avif,55,160588,28.9772,26.06621,0.8354179,1.960303
gardens,ico-rhombus,256,655360,avif,75,246702,30.098,26.4527,0.852832,3.011499
stadium,ico-rhombus,256,655360,raw,,1966080,,31.15191,0.8146035,24
stadium,ico-rhombus,256,655360,png,,1212220,,31.15191,0.8146035,14.79761
stadium,ico-rhombus,256,655360,jpeg,40,75306,27.73906,27.78325,0.7411521,0.9192627
stadium,ico-rhombus,256,655360,jpeg,60,102081,28.83168,28.43177,0.764626,1.246106
stadium,ico-rhombus,256,655360,jpeg,75,138183,30.33137,29.09542,0.7854964,1.686804
stadium,ico-rhombus,256,655360,jpeg,85,189739,32.57619,29.60085,0.8019144,2.31615
stadium,ico-rhombus,256,655360,jpeg,92,257741,35.33544,29.99775,0.810142,3.146252
stadium,ico-rhombus,256,655360,jpeg444,40,89190,28.268,28.15714,0.7411925,1.088745
stadium,ico-rhombus,256,655360,jpeg444,60,121776,29.47441,28.80062,0.7646559,1.486523
stadium,ico-rhombus,256,655360,jpeg444,75,165661,31.16796,29.51224,0.7855208,2.022229
stadium,ico-rhombus,256,655360,jpeg444,80,192830,32.2397,29.73199,0.7939593,2.353882
stadium,ico-rhombus,256,655360,jpeg444,85,229627,33.79607,30.01561,0.8019518,2.803064
stadium,ico-rhombus,256,655360,jpeg444,92,319005,37.52845,30.385,0.8101566,3.894104
stadium,ico-rhombus,256,655360,jpegjs,80,197279,32.23939,29.72802,0.7936363,2.408191
stadium,ico-rhombus,256,655360,webp,40,79328,29.78414,28.48417,0.7702681,0.9683594
stadium,ico-rhombus,256,655360,webp,60,102988,31.49401,28.91578,0.7868803,1.257178
stadium,ico-rhombus,256,655360,webp,75,121158,32.66305,29.13628,0.7936321,1.478979
stadium,ico-rhombus,256,655360,webp,85,170288,35.07613,29.51659,0.8035875,2.078711
stadium,ico-rhombus,256,655360,webp,92,230268,36.88946,29.80847,0.8087237,2.810889
stadium,ico-rhombus,256,655360,avif,35,52843,28.53482,27.75825,0.7419692,0.6450562
stadium,ico-rhombus,256,655360,avif,55,114656,32.56874,28.87125,0.7928642,1.399609
stadium,ico-rhombus,256,655360,avif,75,180949,34.75685,29.31732,0.8060318,2.20885
superblock,ico-rhombus,256,655360,raw,,1966080,,24.5685,0.7750418,24
superblock,ico-rhombus,256,655360,png,,1501770,,24.5685,0.7750418,18.33215
superblock,ico-rhombus,256,655360,jpeg,40,104687,24.43069,21.99025,0.6665573,1.277917
superblock,ico-rhombus,256,655360,jpeg,60,143712,25.35999,22.44065,0.7037697,1.754297
superblock,ico-rhombus,256,655360,jpeg,75,195487,26.58607,22.91596,0.7367585,2.386316
superblock,ico-rhombus,256,655360,jpeg,85,266117,28.20149,23.35102,0.7594309,3.248499
superblock,ico-rhombus,256,655360,jpeg,92,359932,29.82281,23.63888,0.770335,4.393701
superblock,ico-rhombus,256,655360,jpeg444,40,132798,25.45613,22.606,0.6666827,1.621069
superblock,ico-rhombus,256,655360,jpeg444,60,184038,26.6345,23.11163,0.7039094,2.246558
superblock,ico-rhombus,256,655360,jpeg444,75,253100,28.23864,23.6179,0.7368766,3.0896
superblock,ico-rhombus,256,655360,jpeg444,80,295919,29.22856,23.83935,0.7489122,3.612292
superblock,ico-rhombus,256,655360,jpeg444,85,354673,30.63141,24.06357,0.7595676,4.329504
superblock,ico-rhombus,256,655360,jpeg444,92,502531,34.26566,24.3624,0.7704451,6.134412
superblock,ico-rhombus,256,655360,jpegjs,80,302549,29.23046,23.83482,0.7483906,3.693225
superblock,ico-rhombus,256,655360,webp,40,128402,26.51789,22.75094,0.7189405,1.567407
superblock,ico-rhombus,256,655360,webp,60,162254,27.66207,23.09887,0.7405292,1.98064
superblock,ico-rhombus,256,655360,webp,75,191054,28.45022,23.29587,0.750853,2.332202
superblock,ico-rhombus,256,655360,webp,85,262042,29.74739,23.56425,0.7637568,3.198755
superblock,ico-rhombus,256,655360,webp,92,342058,30.44333,23.69021,0.7697184,4.175513
superblock,ico-rhombus,256,655360,avif,35,87683,25.47454,22.3134,0.6724199,1.070349
superblock,ico-rhombus,256,655360,avif,55,180021,28.05322,23.16085,0.7467439,2.197522
superblock,ico-rhombus,256,655360,avif,75,281753,29.14888,23.42316,0.7658882,3.439368
northrop-mall,ico-hex,512,2621440,raw,,7864320,,31.92611,0.9566224,24
northrop-mall,ico-hex,512,2621440,png,,5088277,,31.92611,0.9566224,15.52819
northrop-mall,ico-hex,512,2621440,jpeg,40,363526,25.84621,27.67447,0.9058491,1.109393
northrop-mall,ico-hex,512,2621440,jpeg,60,492598,27.15788,28.56118,0.9247781,1.50329
northrop-mall,ico-hex,512,2621440,jpeg,75,659332,28.89764,29.44001,0.9387523,2.012122
northrop-mall,ico-hex,512,2621440,jpeg,85,880777,31.16029,30.16032,0.9472636,2.687918
northrop-mall,ico-hex,512,2621440,jpeg,92,1174208,33.5876,30.65271,0.9520026,3.583398
northrop-mall,ico-hex,512,2621440,jpeg444,40,437488,26.52476,28.40591,0.9061899,1.335107
northrop-mall,ico-hex,512,2621440,jpeg444,60,595332,28.04909,29.3863,0.9251274,1.816809
northrop-mall,ico-hex,512,2621440,jpeg444,75,801825,30.15418,30.3461,0.9391479,2.446976
northrop-mall,ico-hex,512,2621440,jpeg444,80,924292,31.38167,30.67458,0.9436906,2.820715
northrop-mall,ico-hex,512,2621440,jpeg444,85,1088642,33.05228,31.02003,0.9476853,3.322272
northrop-mall,ico-hex,512,2621440,jpeg444,92,1486342,36.99091,31.44734,0.9524393,4.535956
northrop-mall,ico-hex,512,2621440,jpegjs,80,933437,31.38302,30.66705,0.9435102,2.848624
northrop-mall,ico-hex,512,2621440,webp,40,418322,28.79592,28.98604,0.9283693,1.276617
northrop-mall,ico-hex,512,2621440,webp,60,520110,30.38336,29.58748,0.9374607,1.58725
northrop-mall,ico-hex,512,2621440,webp,75,601158,31.44007,29.8996,0.941703,1.834589
northrop-mall,ico-hex,512,2621440,webp,85,813198,33.39607,30.35992,0.9478276,2.481683
northrop-mall,ico-hex,512,2621440,webp,92,1068400,34.63936,30.61195,0.9511657,3.260498
northrop-mall,ico-hex,512,2621440,avif,35,312452,27.56611,28.23122,0.9133338,0.9535278
northrop-mall,ico-hex,512,2621440,avif,55,584362,31.05766,29.5258,0.9403183,1.783331
northrop-mall,ico-hex,512,2621440,avif,75,877722,32.71105,29.97286,0.9483711,2.678595
walter-study,ico-hex,512,2621440,raw,,7864320,,31.70554,0.9563568,24
walter-study,ico-hex,512,2621440,png,,5563101,,31.70554,0.9563568,16.97724
walter-study,ico-hex,512,2621440,jpeg,40,363957,27.3555,27.17156,0.8842767,1.110709
walter-study,ico-hex,512,2621440,jpeg,60,491188,28.60815,28.07583,0.9075621,1.498987
walter-study,ico-hex,512,2621440,jpeg,75,661252,30.20973,29.00901,0.9277894,2.017981
walter-study,ico-hex,512,2621440,jpeg,85,898511,32.42817,29.87978,0.9430015,2.742038
walter-study,ico-hex,512,2621440,jpeg,92,1219788,35.31401,30.54616,0.9514707,3.722498
walter-study,ico-hex,512,2621440,jpeg444,40,445470,28.0933,28.06469,0.8844213,1.359467
walter-study,ico-hex,512,2621440,jpeg444,60,606695,29.48852,29.03427,0.9077164,1.851486
walter-study,ico-hex,512,2621440,jpeg444,75,818815,31.28056,29.98614,0.9279396,2.498825
walter-study,ico-hex,512,2621440,jpeg444,80,948400,32.36257,30.38985,0.9358195,2.894287
walter-study,ico-hex,512,2621440,jpeg444,85,1120039,33.87188,30.78958,0.9431586,3.418088
walter-study,ico-hex,512,2621440,jpeg444,92,1528405,37.54536,31.31524,0.9515988,4.664322
walter-study,ico-hex,512,2621440,jpegjs,80,963892,32.36279,30.37697,0.9355198,2.941565
walter-study,ico-hex,512,2621440,webp,40,364836,29.33003,28.10823,0.9045134,1.113391
walter-study,ico-hex,512,2621440,webp,60,474866,30.9995,28.96004,0.9244395,1.449176
walter-study,ico-hex,512,2621440,webp,75,564238,32.22286,29.44781,0.9338731,1.721918
walter-study,ico-hex,512,2621440,webp,85,805764,34.95436,30.24412,0.9460632,2.458997
walter-study,ico-hex,512,2621440,webp,92,1097398,37.14328,30.69124,0.9517832,3.348993
walter-study,ico-hex,512,2621440,avif,35,226547,28.14489,27.24333,0.8678761,0.6913666
walter-study,ico-hex,512,2621440,avif,55,496949,32.15767,29.2633,0.9286257,1.516568
walter-study,ico-hex,512,2621440,avif,75,817598,34.686,30.04334,0.9469397,2.495111
bookstore,ico-hex,512,2621440,raw,,7864320,,42.00575,0.9898822,24
bookstore,ico-hex,512,2621440,png,,3048866,,42.00575,0.9898822,9.304401
bookstore,ico-hex,512,2621440,jpeg,40,155220,34.1051,35.51034,0.9512187,0.4736938
bookstore,ico-hex,512,2621440,jpeg,60,207811,35.44438,36.52352,0.963159,0.6341888
bookstore,ico-hex,512,2621440,jpeg,75,277601,36.90738,37.51126,0.9719523,0.847171
bookstore,ico-hex,512,2621440,jpeg,85,383077,38.74461,38.67475,0.9786086,1.169058
bookstore,ico-hex,512,2621440,jpeg,92,547537,41.0827,39.63366,0.9839196,1.67095
bookstore,ico-hex,512,2621440,jpeg444,40,183575,34.61709,36.10646,0.9512183,0.5602264
bookstore,ico-hex,512,2621440,jpeg444,60,244796,36.06702,37.19145,0.9631736,0.7470581
bookstore,ico-hex,512,2621440,jpeg444,75,329394,37.71579,38.28668,0.9719772,1.005231
bookstore,ico-hex,512,2621440,jpeg444,80,385058,38.64873,38.95395,0.9752444,1.175104
bookstore,ico-hex,512,2621440,jpeg444,85,464578,39.84875,39.58332,0.9786956,1.41778
bookstore,ico-hex,512,2621440,jpeg444,92,673692,42.6664,40.54757,0.9840356,2.055945
bookstore,ico-hex,512,2621440,jpegjs,80,398301,38.64904,38.93539,0.9751409,1.215518
bookstore,ico-hex,512,2621440,webp,40,103202,34.9294,35.50004,0.9504028,0.3149475
bookstore,ico-hex,512,2621440,webp,60,133616,36.34176,36.50646,0.9607149,0.4077637
bookstore,ico-hex,512,2621440,webp,75,160694,37.38517,37.13946,0.966675,0.4903992
bookstore,ico-hex,512,2621440,webp,85,242142,39.84588,38.4146,0.9762658,0.7389587
bookstore,ico-hex,512,2621440,webp,92,375628,42.24189,39.45421,0.9826482,1.146326
bookstore,ico-hex,512,2621440,avif,35,62749,33.76725,34.32291,0.9306769,0.1914948
bookstore,ico-hex,512,2621440,avif,55,127019,37.28688,36.79982,0.9621866,0.3876312
bookstore,ico-hex,512,2621440,avif,75,229892,40.11435,38.33125,0.9770336,0.7015747
gardens,ico-hex,512,2621440,raw,,7864320,,35.58059,0.9763045,24
gardens,ico-hex,512,2621440,png,,5148087,,35.58059,0.9763045,15.71071
gardens,ico-hex,512,2621440,jpeg,40,357440,26.5812,28.74365,0.9301142,1.09082
gardens,ico-hex,512,2621440,jpeg,60,477261,27.66866,29.69394,0.9461989,1.456485
gardens,ico-hex,512,2621440,jpeg,75,635814,29.04388,30.69322,0.9585668,1.94035
gardens,ico-hex,512,2621440,jpeg,85,858578,30.92444,31.76439,0.9675811,2.620172
gardens,ico-hex,512,2621440,jpeg,92,1162363,33.10407,32.77204,0.9729179,3.54725
gardens,ico-hex,512,2621440,jpeg444,40,451294,27.73115,30.19225,0.9303697,1.37724
gardens,ico-hex,512,2621440,jpeg444,60,608483,29.08598,31.34338,0.9464659,1.856943
gardens,ico-hex,512,2621440,jpeg444,75,815224,30.80447,32.51713,0.9588258,2.487866
gardens,ico-hex,512,2621440,jpeg444,80,941300,31.82879,33.05757,0.9634393,2.87262
gardens,ico-hex,512,2621440,jpeg444,85,1112650,33.27632,33.64889,0.9678258,3.395538
gardens,ico-hex,512,2621440,jpeg444,92,1529953,36.89061,34.56667,0.9731593,4.669046
gardens,ico-hex,512,2621440,jpegjs,80,953115,31.83101,33.04313,0.963258,2.908676
gardens,ico-hex,512,2621440,webp,40,393542,28.45415,29.73881,0.9427173,1.200995
gardens,ico-hex,512,2621440,webp,60,502044,29.93273,30.72907,0.9549345,1.532117
gardens,ico-hex,512,2621440,webp,75,591592,30.94632,31.33982,0.9607033,1.805396
gardens,ico-hex,512,2621440,webp,85,813568,32.85186,32.36293,0.9686124,2.482813
gardens,ico-hex,512,2621440,webp,92,1069776,34.05457,33.01865,0.9724412,3.264697
gardens,ico-hex,512,2621440,avif,35,267357,27.38571,28.87397,0.9162327,0.8159088
gardens,ico-hex,512,2621440,avif,55,539517,30.45967,30.90132,0.9566907,1.646475
gardens,ico-hex,512,2621440,avif,75,851758,31.97333,31.76888,0.9690215,2.599359
stadium,ico-hex,512,2621440,raw,,7864320,,36.80356,0.9531667,24
stadium,ico-hex,512,2621440,png,,4622942,,36.80356,0.9531667,14.1081
stadium,ico-hex,512,2621440,jpeg,40,287497,27.60423,30.96972,0.8889121,0.8773712
stadium,ico-hex,512,2621440,jpeg,60,396701,28.9187,32.02567,0.9117394,1.210635
stadium,ico-hex,512,2621440,jpeg,75,541938,30.82771,33.22475,0.9304431,1.653864
stadium,ico-hex,512,2621440,jpeg,85,739541,33.52483,34.14841,0.9426776,2.2569
stadium,ico-hex,512,2621440,jpeg,92,998135,36.86694,34.84559,0.9490547,3.046066
stadium,ico-hex,512,2621440,jpeg444,40,332691,27.93458,31.44491,0.8889712,1.015292
stadium,ico-hex,512,2621440,jpeg444,60,460126,29.3315,32.51803,0.9118062,1.404193
stadium,ico-hex,512,2621440,jpeg444,75,631022,31.40849,33.89904,0.9305366,1.925726
stadium,ico-hex,512,2621440,jpeg444,80,732700,32.68253,34.29082,0.9370056,2.236023
stadium,ico-hex,512,2621440,jpeg444,85,868994,34.46041,34.79507,0.9427611,2.651959
stadium,ico-hex,512,2621440,jpeg444,92,1186738,38.63775,35.47077,0.9491422,3.621637
stadium,ico-hex,512,2621440,jpegjs,80,744039,32.68339,34.28061,0.9367823,2.270627
stadium,ico-hex,512,2621440,webp,40,321900,30.54999,32.1846,0.9173341,0.9823608
stadium,ico-hex,512,2621440,webp,60,406776,32.35988,32.91737,0.9295395,1.241382
stadium,ico-hex,512,2621440,webp,75,477392,33.68917,33.32174,0.9356264,1.456885
stadium,ico-hex,512,2621440,webp,85,665888,36.64313,34.00373,0.9433983,2.032129
stadium,ico-hex,512,2621440,webp,92,891406,39.01318,34.47374,0.9478779,2.720355
stadium,ico-hex,512,2621440,avif,35,213872,29.08235,31.1482,0.8933324,0.6526855
stadium,ico-hex,512,2621440,avif,55,446360,33.7214,32.93755,0.9341855,1.362183
stadium,ico-hex,512,2621440,avif,75,694734,36.55903,33.65698,0.9446542,2.12016
superblock,ico-hex,512,2621440,raw,,7864320,,31.21746,0.9556983,24
superblock,ico-hex,512,2621440,png,,5783529,,31.21746,0.9556983,17.64993
superblock,ico-hex,512,2621440,jpeg,40,401622,25.51821,25.55538,0.8856274,1.225653
superblock,ico-hex,512,2621440,jpeg,60,544410,26.5784,26.39872,0.9099287,1.661407
superblock,ico-hex,512,2621440,jpeg,75,732548,27.92077,27.31563,0.9296238,2.235559
superblock,ico-hex,512,2621440,jpeg,85,996252,29.73367,28.27093,0.9438846,3.04032
superblock,ico-hex,512,2621440,jpeg,92,1355876,31.82362,29.03265,0.951797,4.137805
superblock,ico-hex,512,2621440,jpeg444,40,507114,26.67569,26.85718,0.8858337,1.547589
superblock,ico-hex,512,2621440,jpeg444,60,693444,27.98112,27.86186,0.9101477,2.116223
superblock,ico-hex,512,2621440,jpeg444,75,938470,29.66229,28.91285,0.9298548,2.863983
superblock,ico-hex,512,2621440,jpeg444,80,1087520,30.67046,29.40251,0.9372958,3.318848
superblock,ico-hex,512,2621440,jpeg444,85,1291756,32.09574,29.92717,0.9440977,3.942126
superblock,ico-hex,512,2621440,jpeg444,92,1790524,35.74786,30.6865,0.9519989,5.464246
superblock,ico-hex,512,2621440,jpegjs,80,1102857,30.67189,29.39075,0.9369903,3.365652
superblock,ico-hex,512,2621440,webp,40,467972,27.50669,26.77924,0.9131207,1.428137
superblock,ico-hex,512,2621440,webp,60,599734,28.90608,27.58958,0.9299238,1.830243
superblock,ico-hex,512,2621440,webp,75,708592,29.87891,28.06763,0.9379881,2.162451
superblock,ico-hex,512,2621440,webp,85,980150,31.64801,28.78062,0.9477915,2.99118
superblock,ico-hex,512,2621440,webp,92,1282380,32.75332,29.18524,0.9522513,3.913513
superblock,ico-hex,512,2621440,avif,35,310633,26.41228,25.96336,0.8766975,0.9479767
superblock,ico-hex,512,2621440,avif,55,647344,29.41408,27.71672,0.9330211,1.975537
superblock,ico-hex,512,2621440,avif,75,1035103,30.91421,28.40736,0.9484819,3.158884
northrop-mall,ico-hex,256,655360,raw,,1966080,,26.62175,0.8356059,24
northrop-mall,ico-hex,256,655360,png,,1327010,,26.62175,0.8356059,16.19885
northrop-mall,ico-hex,256,655360,jpeg,40,96182,24.96759,24.15159,0.7560482,1.174097
northrop-mall,ico-hex,256,655360,jpeg,60,131387,26.16433,24.70032,0.7860114,1.603845
northrop-mall,ico-hex,256,655360,jpeg,75,176223,27.78701,25.22983,0.809278,2.15116
northrop-mall,ico-hex,256,655360,jpeg,85,233729,29.76353,25.61021,0.8233659,2.853137
northrop-mall,ico-hex,256,655360,jpeg,92,308625,31.68833,25.85838,0.8303637,3.767395
northrop-mall,ico-hex,256,655360,jpeg444,40,116135,25.64275,24.60453,0.7562774,1.417664
northrop-mall,ico-hex,256,655360,jpeg444,60,159663,27.03556,25.18712,0.7863022,1.949011
northrop-mall,ico-hex,256,655360,jpeg444,75,216564,29.0128,25.7182,0.8096229,2.643604
northrop-mall,ico-hex,256,655360,jpeg444,80,250804,30.17556,25.90231,0.817317,3.061572
northrop-mall,ico-hex,256,655360,jpeg444,85,297487,31.77766,26.11018,0.8237941,3.631433
northrop-mall,ico-hex,256,655360,jpeg444,92,411202,35.70752,26.35207,0.8308125,5.019556
northrop-mall,ico-hex,256,655360,jpegjs,80,255578,30.17645,25.89867,0.8170357,3.119849
northrop-mall,ico-hex,256,655360,webp,40,111902,27.81671,25.03315,0.7997525,1.365991
northrop-mall,ico-hex,256,655360,webp,60,139528,29.19982,25.35456,0.8121605,1.703223
northrop-mall,ico-hex,256,655360,webp,75,161776,30.08469,25.51174,0.8181678,1.974805
northrop-mall,ico-hex,256,655360,webp,85,217104,31.5851,25.72285,0.8254869,2.650195
northrop-mall,ico-hex,256,655360,webp,92,282526,32.41485,25.83787,0.8298468,3.448804
northrop-mall,ico-hex,256,655360,avif,35,86284,26.70444,24.59413,0.7806941,1.053271
northrop-mall,ico-hex,256,655360,avif,55,159918,29.70444,25.3032,0.8174405,1.952124
northrop-mall,ico-hex,256,655360,avif,75,237643,30.95262,25.53021,0.827569,2.900916
walter-study,ico-hex,256,655360,raw,,1966080,,25.94869,0.8279448,24
walter-study,ico-hex,256,655360,png,,1490708,,25.94869,0.8279448,18.19712
walter-study,ico-hex,256,655360,jpeg,40,103030,25.8276,23.25475,0.7113565,1.25769
walter-study,ico-hex,256,655360,jpeg,60,139062,26.95517,23.79731,0.7453007,1.697534
walter-study,ico-hex,256,655360,jpeg,75,186620,28.40097,24.32351,0.777063,2.278076
walter-study,ico-hex,256,655360,jpeg,85,253887,30.34683,24.81842,0.8042477,3.099207
walter-study,ico-hex,256,655360,jpeg,92,344114,32.68039,25.18629,0.8196905,4.20061
walter-study,ico-hex,256,655360,jpeg444,40,128930,26.74389,23.8434,0.7113896,1.573853
walter-study,ico-hex,256,655360,jpeg444,60,175702,28.05252,24.41318,0.7454537,2.1448
walter-study,ico-hex,256,655360,jpeg444,75,237670,29.78479,24.94273,0.777241,2.901245
walter-study,ico-hex,256,655360,jpeg444,80,275504,30.80759,25.17202,0.7910016,3.363086
walter-study,ico-hex,256,655360,jpeg444,85,326397,32.23727,25.40693,0.8044376,3.984338
walter-study,ico-hex,256,655360,jpeg444,92,450980,35.72435,25.71654,0.8198701,5.505127
walter-study,ico-hex,256,655360,jpegjs,80,282598,30.80786,25.1662,0.7905516,3.449683
walter-study,ico-hex,256,655360,webp,40,111168,27.94961,24.00294,0.7583153,1.357031
walter-study,ico-hex,256,655360,webp,60,142286,29.42146,24.45824,0.7829074,1.73689
walter-study,ico-hex,256,655360,webp,75,168458,30.44012,24.70385,0.7958106,2.056372
walter-study,ico-hex,256,655360,webp,85,236578,32.45241,25.06225,0.8128721,2.887915
walter-study,ico-hex,256,655360,webp,92,315294,33.82352,25.24898,0.8209688,3.848804
walter-study,ico-hex,256,655360,avif,35,71476,26.82843,23.49274,0.7052592,0.8725098
walter-study,ico-hex,256,655360,avif,55,153973,30.24164,24.61664,0.7901234,1.879553
walter-study,ico-hex,256,655360,avif,75,247778,32.03086,24.97481,0.8153388,3.024634
bookstore,ico-hex,256,655360,raw,,1966080,,35.11958,0.9501434,24
bookstore,ico-hex,256,655360,png,,939667,,35.11958,0.9501434,11.47054
bookstore,ico-hex,256,655360,jpeg,40,51812,31.62996,31.39752,0.8761465,0.6324707
bookstore,ico-hex,256,655360,jpeg,60,69835,32.83037,32.09761,0.8949959,0.852478
bookstore,ico-hex,256,655360,jpeg,75,93315,34.26543,32.72241,0.9107615,1.139099
bookstore,ico-hex,256,655360,jpeg,85,127785,36.11774,33.40725,0.9252133,1.559875
bookstore,ico-hex,256,655360,jpeg,92,179896,38.58739,33.93714,0.9376459,2.195996
bookstore,ico-hex,256,655360,jpeg444,40,60137,32.06084,31.68489,0.8761411,0.7340942
bookstore,ico-hex,256,655360,jpeg444,60,81044,33.34558,32.41125,0.8949987,0.9893066
bookstore,ico-hex,256,655360,jpeg444,75,109240,34.93639,33.07626,0.9107658,1.333496
bookstore,ico-hex,256,655360,jpeg444,80,127450,35.85052,33.45122,0.9176157,1.555786
bookstore,ico-hex,256,655360,jpeg444,85,153277,37.09117,33.80674,0.9252425,1.871057
bookstore,ico-hex,256,655360,jpeg444,92,220444,40.12926,34.34639,0.9377154,2.690967
bookstore,ico-hex,256,655360,jpegjs,80,132519,35.85219,33.4401,0.9174695,1.617664
bookstore,ico-hex,256,655360,webp,40,39100,33.04772,31.7254,0.8926754,0.4772949
bookstore,ico-hex,256,655360,webp,60,50916,34.53429,32.36908,0.9072825,0.6215332
bookstore,ico-hex,256,655360,webp,75,61058,35.6685,32.79053,0.9172804,0.7453369
bookstore,ico-hex,256,655360,webp,85,91248,38.07312,33.50258,0.9318633,1.113867
bookstore,ico-hex,256,655360,webp,92,137940,40.29516,34.00429,0.9409791,1.683838
bookstore,ico-hex,256,655360,avif,35,27548,31.92522,30.8495,0.8690753,0.3362793
bookstore,ico-hex,256,655360,avif,55,54280,35.61069,32.50211,0.9085932,0.6625977
bookstore,ico-hex,256,655360,avif,75,94642,38.3645,33.39888,0.9312993,1.155298
gardens,ico-hex,256,655360,raw,,1966080,,28.65555,0.8816497,24
gardens,ico-hex,256,655360,png,,1400729,,28.65555,0.8816497,17.09874
gardens,ico-hex,256,655360,jpeg,40,101739,24.9009,24.78226,0.7905898,1.241931
gardens,ico-hex,256,655360,jpeg,60,138261,25.93179,25.42697,0.822373,1.687756
gardens,ico-hex,256,655360,jpeg,75,185344,27.3109,26.0679,0.8481541,2.2625
gardens,ico-hex,256,655360,jpeg,85,247460,29.0356,26.69523,0.8658644,3.020752
gardens,ico-hex,256,655360,jpeg,92,330164,30.72142,27.23718,0.875424,4.030322
gardens,ico-hex,256,655360,jpeg444,40,128132,25.84939,25.60356,0.7909146,1.564111
gardens,ico-hex,256,655360,jpeg444,60,175632,27.11278,26.31607,0.8226908,2.143945
gardens,ico-hex,256,655360,jpeg444,75,238689,28.88025,27.02768,0.8484769,2.913684
gardens,ico-hex,256,655360,jpeg444,80,276602,29.94172,27.33598,0.8578561,3.376489
gardens,ico-hex,256,655360,jpeg444,85,328680,31.41215,27.67103,0.8662149,4.012207
gardens,ico-hex,256,655360,jpeg444,92,458210,35.10518,28.19182,0.8757616,5.593384
gardens,ico-hex,256,655360,jpegjs,80,282691,29.94279,27.32954,0.8575162,3.450818
gardens,ico-hex,256,655360,webp,40,119016,27.16265,25.70945,0.8303664,1.452832
gardens,ico-hex,256,655360,webp,60,149590,28.41642,26.27722,0.8487882,1.82605
gardens,ico-hex,256,655360,webp,75,172950,29.1695,26.58607,0.8574778,2.111206
gardens,ico-hex,256,655360,webp,85,235622,30.5425,27.09133,0.8697361,2.876245
gardens,ico-hex,256,655360,webp,92,305166,31.30797,27.37507,0.8758042,3.725171
gardens,ico-hex,256,655360,avif,35,87040,26.22942,25.23814,0.7968557,1.0625
gardens,ico-hex,256,655360,avif,55,164985,28.81306,26.39145,0.8526962,2.013977
gardens,ico-hex,256,655360,avif,75,251333,29.88532,26.81603,0.8708018,3.06803
stadium,ico-hex,256,655360,raw,,1966080,,31.84354,0.8391827,24
stadium,ico-hex,256,655360,png,,1232202,,31.84354,0.8391827,15.04153
stadium,ico-hex,256,655360,jpeg,40,76576,27.18526,27.94555,0.7496695,0.9347656
stadium,ico-hex,256,655360,jpeg,60,104600,28.31119,28.68054,0.7772766,1.276855
stadium,ico-hex,256,655360,jpeg,75,142919,29.9412,29.44686,0.803885,1.744617
stadium,ico-hex,256,655360,jpeg,85,195223,32.34228,30.04497,0.8237322,2.383093
stadium,ico-hex,256,655360,jpeg,92,263000,35.12297,30.50209,0.833593,3.210449
stadium,ico-hex,256,655360,jpeg444,40,90500,27.65337,28.338,0.7497113,1.104736
stadium,ico-hex,256,655360,jpeg444,60,124351,28.88855,29.07299,0.7773244,1.517957
stadium,ico-hex,256,655360,jpeg444,75,170574,30.71674,29.90329,0.8039185,2.082202
stadium,ico-hex,256,655360,jpeg444,80,198508,31.89174,30.17931,0.8146579,2.423193
stadium,ico-hex,256,655360,jpeg444,85,235699,33.5392,30.50882,0.8237538,2.877185
stadium,ico-hex,256,655360,jpeg444,92,325675,37.3732,30.9441,0.8336215,3.975525
stadium,ico-hex,256,655360,jpegjs,80,203259,31.89233,30.17566,0.8143333,2.481189
stadium,ico-hex,256,655360,webp,40,83880,29.68668,28.90492,0.7934405,1.023926
stadium,ico-hex,256,655360,webp,60,106978,31.34153,29.34695,0.8096268,1.305884
stadium,ico-hex,256,655360,webp,75,125974,32.52301,29.59068,0.8174164,1.537769
stadium,ico-hex,256,655360,webp,85,175080,34.87626,30.00675,0.8274665,2.137207
stadium,ico-hex,256,655360,webp,92,235720,36.62921,30.33169,0.8329692,2.877441
stadium,ico-hex,256,655360,avif,35,56956,28.38504,28.08775,0.7623672,0.6952637
stadium,ico-hex,256,655360,avif,55,120500,32.43516,29.30472,0.8162737,1.470947
stadium,ico-hex,256,655360,avif,75,186532,34.56158,29.78708,0.8302002,2.277002
superblock,ico-hex,256,655360,raw,,1966080,,25.05935,0.7993345,24
superblock,ico-hex,256,655360,png,,1517270,,25.05935,0.7993345,18.52136
superblock,ico-hex,256,655360,jpeg,40,105040,24.21033,22.06033,0.6725707,1.282227
superblock,ico-hex,256,655360,jpeg,60,145160,25.13893,22.56344,0.7144632,1.771973
superblock,ico-hex,256,655360,jpeg,75,198620,26.40537,23.11733,0.7534109,2.424561
superblock,ico-hex,256,655360,jpeg,85,270130,28.06303,23.62658,0.7803544,3.297485
superblock,ico-hex,256,655360,jpeg,92,363408,29.67569,23.95953,0.7933209,4.436133
superblock,ico-hex,256,655360,jpeg444,40,133236,25.18314,22.69461,0.6727047,1.626416
superblock,ico-hex,256,655360,jpeg444,60,185614,26.34499,23.26665,0.714614,2.265796
superblock,ico-hex,256,655360,jpeg444,75,256650,27.99883,23.87805,0.7535535,3.132935
superblock,ico-hex,256,655360,jpeg444,80,300283,29.02168,24.14582,0.7676707,3.665564
superblock,ico-hex,256,655360,jpeg444,85,360118,30.45875,24.42402,0.7805313,4.395972
superblock,ico-hex,256,655360,jpeg444,92,509919,34.1476,24.79679,0.7934713,6.224597
superblock,ico-hex,256,655360,jpegjs,80,307277,29.02354,24.14084,0.7671475,3.75094
superblock,ico-hex,256,655360,webp,40,131760,26.44971,22.99149,0.7406097,1.608398
superblock,ico-hex,256,655360,webp,60,164780,27.55837,23.35994,0.7621225,2.011475
superblock,ico-hex,256,655360,webp,75,194164,28.33424,23.58533,0.7737654,2.370166
superblock,ico-hex,256,655360,webp,85,267186,29.62433,23.88964,0.7878405,3.261548
superblock,ico-hex,256,655360,webp,92,348028,30.29215,24.0303,0.7939227,4.248389
superblock,ico-hex,256,655360,avif,35,90855,25.39306,22.51212,0.6901921,1.10907
superblock,ico-hex,256,655360,avif,55,184650,27.94244,23.43278,0.7696469,2.254028
superblock,ico-hex,256,655360,avif,75,286312,28.99471,23.71759,0.7897027,3.49502
northrop-mall,ico-tri,512,5242880,raw,,15728640,,33.95807,0.9741357,24
northrop-mall,ico-tri,512,5242880,png,,9595183,,33.95807,0.9741357,14.64109
northrop-mall,ico-tri,512,5242880,jpeg,40,676513,26.62334,29.39297,0.9406289,1.032277
northrop-mall,ico-tri,512,5242880,jpeg,60,912147,27.92355,30.32279,0.9528416,1.391826
northrop-mall,ico-tri,512,5242880,jpeg,75,1229188,29.67768,31.28186,0.9619366,1.875592
northrop-mall,ico-tri,512,5242880,jpeg,85,1656736,32.00528,32.03922,0.9677078,2.527979
northrop-mall,ico-tri,512,5242880,jpeg,92,2220919,34.53986,32.57309,0.9709329,3.388853
northrop-mall,ico-tri,512,5242880,jpeg444,40,807071,27.32091,30.31119,0.9409596,1.231493
northrop-mall,ico-tri,512,5242880,jpeg444,60,1093070,28.812,31.32063,0.9531644,1.667892
northrop-mall,ico-tri,512,5242880,jpeg444,75,1475925,30.84824,32.33416,0.9622972,2.252083
northrop-mall,ico-tri,512,5242880,jpeg444,80,1703020,32.04353,32.65526,0.9652667,2.598602
northrop-mall,ico-tri,512,5242880,jpeg444,85,2010991,33.68447,33.01292,0.9680525,3.068529
northrop-mall,ico-tri,512,5242880,jpeg444,92,2751127,37.50751,33.46455,0.9712845,4.197887
northrop-mall,ico-tri,512,5242880,jpegjs,80,1721593,32.04537,32.64428,0.965121,2.626942
northrop-mall,ico-tri,512,5242880,webp,40,764992,29.37486,30.63147,0.9526839,1.167285
northrop-mall,ico-tri,512,5242880,webp,60,957782,31.01161,31.30351,0.9591696,1.461459
northrop-mall,ico-tri,512,5242880,webp,75,1113960,32.13554,31.63415,0.9623281,1.699768
northrop-mall,ico-tri,512,5242880,webp,85,1529036,34.31645,32.1738,0.9669904,2.333124
northrop-mall,ico-tri,512,5242880,webp,92,2000814,35.64244,32.46844,0.9696244,3.053
northrop-mall,ico-tri,512,5242880,avif,35,555869,28.15688,29.77711,0.9410118,0.8481888
northrop-mall,ico-tri,512,5242880,avif,55,1067683,31.80258,31.19869,0.960714,1.629155
northrop-mall,ico-tri,512,5242880,avif,75,1623128,33.64075,31.70079,0.9668987,2.476697
walter-study,ico-tri,512,5242880,raw,,15728640,,33.83611,0.9743218,24
walter-study,ico-tri,512,5242880,png,,10370641,,33.83611,0.9743218,15.82434
walter-study,ico-tri,512,5242880,jpeg,40,666739,28.22167,29.14649,0.9296627,1.017363
walter-study,ico-tri,512,5242880,jpeg,60,899677,29.53098,30.15713,0.9455146,1.372798
walter-study,ico-tri,512,5242880,jpeg,75,1209765,31.14929,31.10028,0.9576849,1.845955
walter-study,ico-tri,512,5242880,jpeg,85,1647253,33.36113,31.97949,0.9664484,2.513509
walter-study,ico-tri,512,5242880,jpeg,92,2257465,36.32728,32.66497,0.9714967,3.444618
walter-study,ico-tri,512,5242880,jpeg444,40,796079,28.86763,30.16521,0.9297941,1.21472
walter-study,ico-tri,512,5242880,jpeg444,60,1086938,30.27485,31.22236,0.9456554,1.658536
walter-study,ico-tri,512,5242880,jpeg444,75,1467137,32.05273,32.1686,0.9578209,2.238673
walter-study,ico-tri,512,5242880,jpeg444,80,1698677,33.09603,32.5591,0.9623244,2.591975
walter-study,ico-tri,512,5242880,jpeg444,85,2014350,34.55451,32.95701,0.9665807,3.073654
walter-study,ico-tri,512,5242880,jpeg444,92,2773080,38.15386,33.47502,0.9715994,4.231384
walter-study,ico-tri,512,5242880,jpegjs,80,1719745,33.0964,32.54296,0.9621073,2.624123
walter-study,ico-tri,512,5242880,webp,40,663774,29.97976,29.87178,0.9367834,1.012839
walter-study,ico-tri,512,5242880,webp,60,865644,31.67238,30.83017,0.9512234,1.320868
walter-study,ico-tri,512,5242880,webp,75,1036506,32.93372,31.38548,0.9583264,1.581583
walter-study,ico-tri,512,5242880,webp,85,1492536,35.81644,32.2645,0.967059,2.277429
walter-study,ico-tri,512,5242880,webp,92,2054632,38.26267,32.79009,0.9711793,3.13512
walter-study,ico-tri,512,5242880,avif,35,394674,28.81757,28.8848,0.9113783,0.6022247
walter-study,ico-tri,512,5242880,avif,55,879080,32.85838,31.07649,0.9544074,1.34137
walter-study,ico-tri,512,5242880,avif,75,1482928,35.67095,31.98712,0.9675227,2.262769
bookstore,ico-tri,512,5242880,raw,,15728640,,44.24556,0.9939741,24
bookstore,ico-tri,512,5242880,png,,5296760,,44.24556,0.9939741,8.082214
bookstore,ico-tri,512,5242880,jpeg,40,262136,35.2212,37.26461,0.9688393,0.3999878
bookstore,ico-tri,512,5242880,jpeg,60,351739,36.4997,38.31249,0.9770696,0.5367111
bookstore,ico-tri,512,5242880,jpeg,75,474690,37.96522,39.38039,0.9830234,0.7243195
bookstore,ico-tri,512,5242880,jpeg,85,664726,39.78459,40.67904,0.9871966,1.014291
bookstore,ico-tri,512,5242880,jpeg,92,965512,42.12056,41.72575,0.9904212,1.473254
bookstore,ico-tri,512,5242880,jpeg444,40,308810,35.75489,38.02498,0.9688297,0.4712067
bookstore,ico-tri,512,5242880,jpeg444,60,411846,37.12124,39.14416,0.9770772,0.6284271
bookstore,ico-tri,512,5242880,jpeg444,75,558149,38.7474,40.31918,0.9830538,0.8516678
bookstore,ico-tri,512,5242880,jpeg444,80,653844,39.67551,41.08584,0.985137,0.9976868
bookstore,ico-tri,512,5242880,jpeg444,85,797314,40.82977,41.77995,0.9873012,1.216605
bookstore,ico-tri,512,5242880,jpeg444,92,1168599,43.5321,42.78143,0.9905349,1.783141
bookstore,ico-tri,512,5242880,jpegjs,80,686694,39.6758,41.0608,0.9850437,1.047812
bookstore,ico-tri,512,5242880,webp,40,175732,35.59422,36.94465,0.963298,0.2681458
bookstore,ico-tri,512,5242880,webp,60,229458,37.01301,38.06786,0.9716018,0.3501251
bookstore,ico-tri,512,5242880,webp,75,277264,38.09976,38.78219,0.9765748,0.4230713
bookstore,ico-tri,512,5242880,webp,85,422474,40.49636,40.10772,0.9835669,0.6446442
bookstore,ico-tri,512,5242880,webp,92,667954,42.94824,41.2922,0.9884041,1.019217
bookstore,ico-tri,512,5242880,avif,35,97816,34.56967,35.7211,0.9494344,0.1492554
bookstore,ico-tri,512,5242880,avif,55,206147,38.01785,38.33142,0.9738349,0.3145554
bookstore,ico-tri,512,5242880,avif,75,382757,40.86905,39.94721,0.98435,0.5840408
gardens,ico-tri,512,5242880,raw,,15728640,,37.8968,0.9864851,24
gardens,ico-tri,512,5242880,png,,9580606,,37.8968,0.9864851,14.61884
gardens,ico-tri,512,5242880,jpeg,40,642977,27.71171,30.65752,0.9586856,0.981105
gardens,ico-tri,512,5242880,jpeg,60,854017,28.79747,31.67476,0.9686168,1.303127
gardens,ico-tri,512,5242880,jpeg,75,1139412,30.17314,32.74362,0.9758345,1.738605
gardens,ico-tri,512,5242880,jpeg,85,1545309,32.02616,33.87224,0.9810601,2.357954
gardens,ico-tri,512,5242880,jpeg,92,2118916,34.26156,34.90805,0.9843281,3.233209
gardens,ico-tri,512,5242880,jpeg444,40,804267,28.96066,32.41327,0.9589003,1.227214
gardens,ico-tri,512,5242880,jpeg444,60,1080010,30.26842,33.6239,0.9688159,1.647964
gardens,ico-tri,512,5242880,jpeg444,75,1446343,31.88795,34.82103,0.9760213,2.206944
gardens,ico-tri,512,5242880,jpeg444,80,1669226,32.84832,35.37588,0.9786881,2.547037
gardens,ico-tri,512,5242880,jpeg444,85,1974343,34.19558,35.98215,0.981245,3.012608
gardens,ico-tri,512,5242880,jpeg444,92,2734315,37.61037,36.8917,0.9845052,4.172234
gardens,ico-tri,512,5242880,jpegjs,80,1689748,32.85072,35.35742,0.978553,2.578351
gardens,ico-tri,512,5242880,webp,40,669496,29.20407,31.42862,0.9628561,1.02157
gardens,ico-tri,512,5242880,webp,60,868186,30.72484,32.49896,0.9712572,1.324747
gardens,ico-tri,512,5242880,webp,75,1030018,31.78163,33.15194,0.9753351,1.571683
gardens,ico-tri,512,5242880,webp,85,1447268,33.86315,34.30444,0.9808451,2.208356
gardens,ico-tri,512,5242880,webp,92,1940006,35.29479,35.03435,0.9835176,2.960214
gardens,ico-tri,512,5242880,avif,35,440508,28.17703,30.43351,0.9439711,0.6721619
gardens,ico-tri,512,5242880,avif,55,930264,31.33306,32.59305,0.9722742,1.41947
gardens,ico-tri,512,5242880,avif,75,1514411,33.05049,33.55762,0.9810081,2.310808
stadium,ico-tri,512,5242880,raw,,15728640,,38.74951,0.9718349,24
stadium,ico-tri,512,5242880,png,,8477168,,38.74951,0.9718349,12.93513
stadium,ico-tri,512,5242880,jpeg,40,548923,28.20572,32.625,0.9305856,0.83759
stadium,ico-tri,512,5242880,jpeg,60,750042,29.62514,33.75831,0.9462554,1.144473
stadium,ico-tri,512,5242880,jpeg,75,1020677,31.5598,35.06083,0.9578828,1.55743
stadium,ico-tri,512,5242880,jpeg,85,1395618,34.22803,36.00336,0.9652956,2.129544
stadium,ico-tri,512,5242880,jpeg,92,1894163,37.70385,36.76763,0.9692416,2.890263
stadium,ico-tri,512,5242880,jpeg444,40,622862,28.51309,33.15097,0.9306143,0.950412
stadium,ico-tri,512,5242880,jpeg444,60,854689,30.00449,34.2965,0.9462924,1.304152
stadium,ico-tri,512,5242880,jpeg444,75,1167563,32.09064,35.8221,0.9579673,1.78156
stadium,ico-tri,512,5242880,jpeg444,80,1355880,33.32219,36.20261,0.9618606,2.068909
stadium,ico-tri,512,5242880,jpeg444,85,1611720,35.04788,36.74512,0.9653871,2.45929
stadium,ico-tri,512,5242880,jpeg444,92,2202663,39.17048,37.4597,0.9693234,3.360997
stadium,ico-tri,512,5242880,jpegjs,80,1378816,33.32285,36.18522,0.9616735,2.103906
stadium,ico-tri,512,5242880,webp,40,614566,30.98585,33.69438,0.9451795,0.9377533
stadium,ico-tri,512,5242880,webp,60,783484,32.84205,34.49076,0.9543454,1.195502
stadium,ico-tri,512,5242880,webp,75,917200,34.19576,34.91375,0.958412,1.399536
stadium,ico-tri,512,5242880,webp,85,1280204,37.33635,35.65803,0.9641945,1.953436
stadium,ico-tri,512,5242880,webp,92,1708802,39.92287,36.19096,0.9676083,2.607425
stadium,ico-tri,512,5242880,avif,35,390632,29.60746,32.56411,0.9288439,0.5960571
stadium,ico-tri,512,5242880,avif,55,821877,34.26782,34.47635,0.9570724,1.254085
stadium,ico-tri,512,5242880,avif,75,1298304,37.44628,35.25656,0.9647682,1.981055
superblock,ico-tri,512,5242880,raw,,15728640,,33.47964,0.9747011,24
superblock,ico-tri,512,5242880,png,,10933322,,33.47964,0.9747011,16.68293
superblock,ico-tri,512,5242880,jpeg,40,743272,26.5438,27.3865,0.9333821,1.134143
superblock,ico-tri,512,5242880,jpeg,60,995523,27.59639,28.28929,0.9478289,1.519048
superblock,ico-tri,512,5242880,jpeg,75,1340538,28.93276,29.2635,0.9591698,2.045499
superblock,ico-tri,512,5242880,jpeg,85,1833197,30.74792,30.27842,0.9676126,2.797237
superblock,ico-tri,512,5242880,jpeg,92,2517430,32.95024,31.09907,0.9723791,3.841293
superblock,ico-tri,512,5242880,jpeg444,40,930393,27.78919,29.08026,0.9335876,1.419667
superblock,ico-tri,512,5242880,jpeg444,60,1259375,29.04981,30.12807,0.9480379,1.921654
superblock,ico-tri,512,5242880,jpeg444,75,1700141,30.63804,31.18052,0.9593687,2.594209
superblock,ico-tri,512,5242880,jpeg444,80,1968604,31.58934,31.67331,0.9636741,3.003851
superblock,ico-tri,512,5242880,jpeg444,85,2339154,32.94395,32.20548,0.9677919,3.569266
superblock,ico-tri,512,5242880,jpeg444,92,3249245,36.43613,32.96264,0.9725252,4.957954
superblock,ico-tri,512,5242880,jpegjs,80,1996812,31.59108,31.65709,0.9634485,3.046893
superblock,ico-tri,512,5242880,webp,40,816954,28.19349,28.46655,0.9443981,1.246573
superblock,ico-tri,512,5242880,webp,60,1058240,29.63339,29.38109,0.9564579,1.614746
superblock,ico-tri,512,5242880,webp,75,1260968,30.67035,29.91952,0.9621676,1.924084
superblock,ico-tri,512,5242880,webp,85,1785010,32.72454,30.78129,0.9691613,2.723709
superblock,ico-tri,512,5242880,webp,92,2377642,33.9937,31.22895,0.9721648,3.627994
superblock,ico-tri,512,5242880,avif,35,530927,27.1342,27.52874,0.918906,0.8101303
superblock,ico-tri,512,5242880,avif,55,1150122,30.25366,29.45911,0.9586516,1.754947
superblock,ico-tri,512,5242880,avif,75,1880017,31.98104,30.26912,0.9694338,2.868678
northrop-mall,ico-tri,256,1310720,raw,,3932160,,28.02048,0.8851281,24
northrop-mall,ico-tri,256,1310720,png,,2573466,,28.02048,0.8851281,15.70719
northrop-mall,ico-tri,256,1310720,jpeg,40,183244,25.12926,25.25447,0.8173515,1.118433
northrop-mall,ico-tri,256,1310720,jpeg,60,252665,26.40191,25.92664,0.8436201,1.542145
northrop-mall,ico-tri,256,1310720,jpeg,75,340771,28.14158,26.49844,0.8635692,2.079901
northrop-mall,ico-tri,256,1310720,jpeg,85,453247,30.23893,26.91357,0.8748415,2.7664
northrop-mall,ico-tri,256,1310720,jpeg,92,599411,32.2025,27.16557,0.8804233,3.658514
northrop-mall,ico-tri,256,1310720,jpeg444,40,219381,25.77114,25.75874,0.8176685,1.338995
northrop-mall,ico-tri,256,1310720,jpeg444,60,304077,27.23343,26.45076,0.8439774,1.855939
northrop-mall,ico-tri,256,1310720,jpeg444,75,414984,29.34001,27.06875,0.8639873,2.532861
northrop-mall,ico-tri,256,1310720,jpeg444,80,480289,30.55972,27.26475,0.8702765,2.931451
northrop-mall,ico-tri,256,1310720,jpeg444,85,568973,32.20512,27.47764,0.8753241,3.472736
northrop-mall,ico-tri,256,1310720,jpeg444,92,784167,36.12286,27.73433,0.8809578,4.786176
northrop-mall,ico-tri,256,1310720,jpegjs,80,487614,30.56102,27.25995,0.8700159,2.97616
northrop-mall,ico-tri,256,1310720,webp,40,219468,28.2059,26.28186,0.8542331,1.339526
northrop-mall,ico-tri,256,1310720,webp,60,271800,29.60937,26.61117,0.8642056,1.658936
northrop-mall,ico-tri,256,1310720,webp,75,315640,30.5324,26.77525,0.8697114,1.926514
northrop-mall,ico-tri,256,1310720,webp,85,422284,32.08735,26.99768,0.8759772,2.577417
northrop-mall,ico-tri,256,1310720,webp,92,551186,32.97373,27.12674,0.8796451,3.364172
northrop-mall,ico-tri,256,1310720,avif,35,165360,27.0577,25.76611,0.8369954,1.009277
northrop-mall,ico-tri,256,1310720,avif,55,307794,30.17296,26.52582,0.8684681,1.878625
northrop-mall,ico-tri,256,1310720,avif,75,457487,31.49851,26.7811,0.8770895,2.792279
walter-study,ico-tri,256,1310720,raw,,3932160,,27.46262,0.8809433,24
walter-study,ico-tri,256,1310720,png,,2853959,,27.46262,0.8809433,17.41918
walter-study,ico-tri,256,1310720,jpeg,40,191328,26.22027,24.50491,0.7838942,1.167773
walter-study,ico-tri,256,1310720,jpeg,60,260228,27.41305,25.11628,0.8131053,1.588306
walter-study,ico-tri,256,1310720,jpeg,75,353989,28.96435,25.73673,0.8404889,2.160577
walter-study,ico-tri,256,1310720,jpeg,85,483613,31.04979,26.28646,0.8621464,2.95174
walter-study,ico-tri,256,1310720,jpeg,92,657377,33.53106,26.67599,0.87454,4.012311
walter-study,ico-tri,256,1310720,jpeg444,40,235558,27.03117,25.16811,0.7840476,1.437732
walter-study,ico-tri,256,1310720,jpeg444,60,323459,28.3819,25.79935,0.8133049,1.974237
walter-study,ico-tri,256,1310720,jpeg444,75,441197,30.15949,26.40219,0.8407142,2.692853
walter-study,ico-tri,256,1310720,jpeg444,80,512436,31.22119,26.65195,0.8518045,3.127661
walter-study,ico-tri,256,1310720,jpeg444,85,608211,32.69321,26.90499,0.8623217,3.712225
walter-study,ico-tri,256,1310720,jpeg444,92,841519,36.24364,27.22944,0.8747201,5.136224
walter-study,ico-tri,256,1310720,jpegjs,80,521150,31.22085,26.64395,0.8513925,3.180847
walter-study,ico-tri,256,1310720,webp,40,212122,28.48841,25.35587,0.8206984,1.29469
walter-study,ico-tri,256,1310720,webp,60,274048,30.04458,25.87132,0.8435655,1.672656
walter-study,ico-tri,256,1310720,webp,75,324072,31.13287,26.13849,0.8540688,1.977979
walter-study,ico-tri,256,1310720,webp,85,455762,33.33717,26.54104,0.8687492,2.78175
walter-study,ico-tri,256,1310720,webp,92,611806,34.83975,26.73906,0.8753187,3.734167
walter-study,ico-tri,256,1310720,avif,35,130253,27.29741,24.74686,0.7754482,0.7950012
walter-study,ico-tri,256,1310720,avif,55,286955,30.91655,26.01155,0.8485153,1.751434
walter-study,ico-tri,256,1310720,avif,75,464185,32.87626,26.41458,0.8700784,2.83316
bookstore,ico-tri,256,1310720,raw,,3932160,,36.88121,0.9672214,24
bookstore,ico-tri,256,1310720,png,,1675474,,36.88121,0.9672214,10.22628
bookstore,ico-tri,256,1310720,jpeg,40,89589,32.22629,32.7364,0.9102332,0.5468079
bookstore,ico-tri,256,1310720,jpeg,60,121338,33.39313,33.45853,0.9254747,0.7405884
bookstore,ico-tri,256,1310720,jpeg,75,164625,34.84069,34.16294,0.938183,1.004791
bookstore,ico-tri,256,1310720,jpeg,85,228507,36.75375,34.92455,0.9490095,1.394696
bookstore,ico-tri,256,1310720,jpeg,92,326870,39.25283,35.52744,0.9580471,1.995056
bookstore,ico-tri,256,1310720,jpeg444,40,103355,32.6413,33.08918,0.9102046,0.6308289
bookstore,ico-tri,256,1310720,jpeg444,60,140012,33.8871,33.84899,0.9254627,0.8545654
bookstore,ico-tri,256,1310720,jpeg444,75,191445,35.48475,34.59763,0.9381942,1.168488
bookstore,ico-tri,256,1310720,jpeg444,80,224465,36.42021,35.019,0.9434391,1.370026
bookstore,ico-tri,256,1310720,jpeg444,85,272142,37.66838,35.41063,0.9490588,1.661023
bookstore,ico-tri,256,1310720,jpeg444,92,396284,40.72572,36.03008,0.9581254,2.418726
bookstore,ico-tri,256,1310720,jpegjs,80,233254,36.4213,35.00579,0.9432737,1.423669
bookstore,ico-tri,256,1310720,webp,40,70478,33.6105,33.05151,0.9182958,0.4301636
bookstore,ico-tri,256,1310720,webp,60,91690,35.04173,33.73962,0.9303668,0.5596313
bookstore,ico-tri,256,1310720,webp,75,111062,36.17605,34.185,0.9386595,0.6778687
bookstore,ico-tri,256,1310720,webp,85,166742,38.67081,34.97852,0.9515268,1.017712
bookstore,ico-tri,256,1310720,webp,92,252762,40.89767,35.52959,0.9591175,1.542737
bookstore,ico-tri,256,1310720,avif,35,43405,32.46654,32.05545,0.8958071,0.2649231
bookstore,ico-tri,256,1310720,avif,55,91097,36.14123,33.84726,0.9320947,0.556012
bookstore,ico-tri,256,1310720,avif,75,160975,38.92578,34.8533,0.9514628,0.9825134
gardens,ico-tri,256,1310720,raw,,3932160,,30.42436,0.9224876,24
gardens,ico-tri,256,1310720,png,,2676431,,30.42436,0.9224876,16.33564
gardens,ico-tri,256,1310720,jpeg,40,187961,25.34571,26.15083,0.8521199,1.147223
gardens,ico-tri,256,1310720,jpeg,60,255857,26.40863,26.86573,0.8766723,1.561627
gardens,ico-tri,256,1310720,jpeg,75,346021,27.83535,27.58819,0.8967683,2.111945
gardens,ico-tri,256,1310720,jpeg,85,466021,29.62081,28.28512,0.9105471,2.844366
gardens,ico-tri,256,1310720,jpeg,92,624487,31.36584,28.84258,0.9179831,3.811566
gardens,ico-tri,256,1310720,jpeg444,40,235325,26.31033,27.12584,0.8524432,1.43631
gardens,ico-tri,256,1310720,jpeg444,60,323417,27.58389,27.90825,0.8769898,1.973981
gardens,ico-tri,256,1310720,jpeg444,75,442526,29.3907,28.6974,0.8970983,2.700964
gardens,ico-tri,256,1310720,jpeg444,80,513719,30.47427,29.04167,0.9042439,3.135492
gardens,ico-tri,256,1310720,jpeg444,85,610952,31.96869,29.40716,0.9108764,3.728955
gardens,ico-tri,256,1310720,jpeg444,92,851209,35.61303,29.9417,0.918335,5.195367
gardens,ico-tri,256,1310720,jpegjs,80,521937,30.47569,29.03178,0.9039568,3.185651
gardens,ico-tri,256,1310720,webp,40,220898,27.63254,27.13899,0.8813619,1.348254
gardens,ico-tri,256,1310720,webp,60,277394,28.9104,27.74758,0.8958727,1.693079
gardens,ico-tri,256,1310720,webp,75,324652,29.75817,28.10862,0.9031,1.981519
gardens,ico-tri,256,1310720,webp,85,442372,31.20789,28.65091,0.9126005,2.700024
gardens,ico-tri,256,1310720,webp,92,579904,32.02509,28.97757,0.9177589,3.539453
gardens,ico-tri,256,1310720,avif,35,156413,26.65611,26.52551,0.8497612,0.9546692
gardens,ico-tri,256,1310720,avif,55,304962,29.3624,27.84578,0.8985056,1.86134
gardens,ico-tri,256,1310720,avif,75,469379,30.51414,28.31908,0.9136354,2.864862
stadium,ico-tri,256,1310720,raw,,3932160,,33.25032,0.8849176,24
stadium,ico-tri,256,1310720,png,,2330074,,33.25032,0.8849176,14.22164
stadium,ico-tri,256,1310720,jpeg,40,145653,27.226,29.00801,0.8063502,0.8889954
stadium,ico-tri,256,1310720,jpeg,60,202144,28.47489,29.80585,0.8332514,1.233789
stadium,ico-tri,256,1310720,jpeg,75,277771,30.28366,30.67402,0.8571774,1.69538
stadium,ico-tri,256,1310720,jpeg,85,379236,32.81489,31.3386,0.8728083,2.314673
stadium,ico-tri,256,1310720,jpeg,92,511214,35.70566,31.83022,0.8803352,3.120203
stadium,ico-tri,256,1310720,jpeg444,40,168433,27.62534,29.41961,0.806344,1.028033
stadium,ico-tri,256,1310720,jpeg444,60,235094,28.96997,30.22487,0.8332828,1.4349
stadium,ico-tri,256,1310720,jpeg444,75,324848,30.97851,31.19396,0.8572133,1.982715
stadium,ico-tri,256,1310720,jpeg444,80,377703,32.20637,31.46814,0.8655481,2.305316
stadium,ico-tri,256,1310720,jpeg444,85,449594,33.90215,31.82697,0.8728572,2.744104
stadium,ico-tri,256,1310720,jpeg444,92,619980,37.83354,32.30627,0.8803961,3.784058
stadium,ico-tri,256,1310720,jpegjs,80,384472,32.20641,31.46294,0.8652552,2.346631
stadium,ico-tri,256,1310720,webp,40,169752,30.01142,30.04565,0.8455726,1.036084
stadium,ico-tri,256,1310720,webp,60,215900,31.74314,30.50815,0.8596886,1.317749
stadium,ico-tri,256,1310720,webp,75,253268,32.98514,30.80151,0.8664103,1.545825
stadium,ico-tri,256,1310720,webp,85,349644,35.49229,31.23503,0.8744381,2.134058
stadium,ico-tri,256,1310720,webp,92,467016,37.29511,31.55944,0.8794251,2.850439
stadium,ico-tri,256,1310720,avif,35,109399,28.67866,29.16799,0.8184435,0.6677185
stadium,ico-tri,256,1310720,avif,55,232693,32.94222,30.45571,0.8648155,1.420245
stadium,ico-tri,256,1310720,avif,75,361622,35.28709,30.97582,0.8764549,2.207166
superblock,ico-tri,256,1310720,raw,,3932160,,26.64382,0.8652041,24
superblock,ico-tri,256,1310720,png,,2953587,,26.64382,0.8652041,18.02726
superblock,ico-tri,256,1310720,jpeg,40,200975,24.52376,23.19381,0.761136,1.226654
superblock,ico-tri,256,1310720,jpeg,60,277845,25.50479,23.79374,0.7958736,1.695831
superblock,ico-tri,256,1310720,jpeg,75,382976,26.85872,24.44544,0.8282701,2.3375
superblock,ico-tri,256,1310720,jpeg,85,522269,28.57562,25.0091,0.8503267,3.187677
superblock,ico-tri,256,1310720,jpeg,92,704460,30.27769,25.38145,0.8604365,4.299683
superblock,ico-tri,256,1310720,jpeg444,40,253170,25.51981,23.99332,0.7613136,1.545227
superblock,ico-tri,256,1310720,jpeg444,60,352999,26.70074,24.652,0.7960608,2.154535
superblock,ico-tri,256,1310720,jpeg444,75,490541,28.40343,25.35363,0.8284872,2.994025
superblock,ico-tri,256,1310720,jpeg444,80,573475,29.45665,25.65945,0.8403436,3.500214
superblock,ico-tri,256,1310720,jpeg444,85,687103,30.93263,25.9685,0.8505604,4.193744
superblock,ico-tri,256,1310720,jpeg444,92,969070,34.62111,26.37503,0.8606633,5.914734
superblock,ico-tri,256,1310720,jpegjs,80,583966,29.45891,25.65286,0.8398711,3.564246
superblock,ico-tri,256,1310720,webp,40,251834,26.80038,24.23185,0.8149092,1.537073
superblock,ico-tri,256,1310720,webp,60,318744,28.00806,24.69159,0.8348995,1.945459
superblock,ico-tri,256,1310720,webp,75,375026,28.81477,24.93729,0.8445353,2.288977
superblock,ico-tri,256,1310720,webp,85,516010,30.1862,25.27998,0.8557893,3.149475
superblock,ico-tri,256,1310720,webp,92,673746,30.93537,25.44729,0.8607975,4.112219
superblock,ico-tri,256,1310720,avif,35,171883,25.76175,23.69434,0.7716179,1.049091
superblock,ico-tri,256,1310720,avif,55,352249,28.42086,24.74154,0.8391184,2.149957
superblock,ico-tri,256,1310720,avif,75,550385,29.57053,25.08069,0.8567829,3.359283
