panorama,representation,N,scheme,kind,codec,level,levelSamples,units,levelBytes,cumulativeBytes,samplePsnr,viewPsnr,viewPsnrOfMeanMse,viewSsim,parameter
northrop-mall,equirect,1280,exact,exact,deflate,4,12800,1,38400,38400,,20.92009,18.50958,0.4748661,
northrop-mall,equirect,1280,exact,exact,deflate,5,51200,2,153600,192000,,22.15751,19.71482,0.5353641,
northrop-mall,equirect,1280,exact,exact,deflate,6,204800,6,614400,806400,,23.94842,21.46807,0.6660419,
northrop-mall,equirect,1280,exact,exact,deflate,7,819200,15,2457600,3264000,,26.65694,24.22122,0.8292352,
northrop-mall,equirect,1280,exact,exact,deflate,8,3276800,50,9830400,13094400,,31.38455,29.07577,0.9511098,
northrop-mall,equirect,1280,haar-residual-d3,haar-residual,deflate,4,12800,1,32780,32780,57.15086,20.91927,18.50956,0.4748803,3
northrop-mall,equirect,1280,haar-residual-d3,haar-residual,deflate,5,51200,2,68249,101029,54.48278,22.15051,19.71438,0.5353934,3
northrop-mall,equirect,1280,haar-residual-d3,haar-residual,deflate,6,204800,6,202916,303945,51.45906,23.92153,21.46653,0.6659942,3
northrop-mall,equirect,1280,haar-residual-d3,haar-residual,deflate,7,819200,15,579868,883813,47.39052,26.57519,24.21266,0.8288036,3
northrop-mall,equirect,1280,haar-residual-d3,haar-residual,deflate,8,3276800,50,1506723,2390536,43.23692,31.06775,29.00313,0.949484,3
northrop-mall,equirect,1280,haar-replacement-d3,haar-replacement,deflate,4,12800,1,13086,13086,41.66052,20.77618,18.49805,0.4743931,3
northrop-mall,equirect,1280,haar-replacement-d3,haar-replacement,deflate,5,51200,2,47252,60338,42.02359,22.01285,19.7016,0.5345921,3
northrop-mall,equirect,1280,haar-replacement-d3,haar-replacement,deflate,6,204800,6,176844,237182,42.33145,23.7817,21.45,0.6647668,3
northrop-mall,equirect,1280,haar-replacement-d3,haar-replacement,deflate,7,819200,15,664184,901366,42.65856,26.45568,24.19132,0.8275659,3
northrop-mall,equirect,1280,haar-replacement-d3,haar-replacement,deflate,8,3276800,50,2416666,3318032,43.23692,31.06775,29.00313,0.949484,3
northrop-mall,equirect,1280,haar-residual-d3-p0.5,haar-residual,deflate,4,12800,1,20830,20830,49.70055,20.89001,18.50783,0.4748385,3
northrop-mall,equirect,1280,haar-residual-d3-p0.5,haar-residual,deflate,5,51200,2,46483,67313,47.49686,22.08041,19.71093,0.5351913,3
northrop-mall,equirect,1280,haar-residual-d3-p0.5,haar-residual,deflate,6,204800,6,154498,221811,45.30205,23.7899,21.45795,0.6654315,3
northrop-mall,equirect,1280,haar-residual-d3-p0.5,haar-residual,deflate,7,819200,15,496052,717863,43.09898,26.36769,24.18922,0.8277554,3
northrop-mall,equirect,1280,haar-residual-d3-p0.5,haar-residual,deflate,8,3276800,50,1506723,2224586,41.10662,30.74012,28.92289,0.9482664,3
northrop-mall,equirect,1280,haar-residual-d6,haar-residual,deflate,4,12800,1,26863,26863,54.32022,20.91389,18.50932,0.4748691,6
northrop-mall,equirect,1280,haar-residual-d6,haar-residual,deflate,5,51200,2,53167,80030,51.13274,22.13353,19.71342,0.535306,6
northrop-mall,equirect,1280,haar-residual-d6,haar-residual,deflate,6,204800,6,154498,234528,47.08834,23.87027,21.46274,0.6656264,6
northrop-mall,equirect,1280,haar-residual-d6,haar-residual,deflate,7,819200,15,422623,657151,42.65972,26.45646,24.19158,0.827567,6
northrop-mall,equirect,1280,haar-residual-d6,haar-residual,deflate,8,3276800,50,1069976,1727127,38.49722,30.76789,28.85664,0.946929,6
northrop-mall,equirect,1280,haar-replacement-d6,haar-replacement,deflate,4,12800,1,9575,9575,36.82335,20.62194,18.47415,0.4736443,6
northrop-mall,equirect,1280,haar-replacement-d6,haar-replacement,deflate,5,51200,2,34269,43844,37.20338,21.87753,19.67066,0.5333053,6
northrop-mall,equirect,1280,haar-replacement-d6,haar-replacement,deflate,6,204800,6,130927,174771,37.50562,23.64219,21.40979,0.6629627,6
northrop-mall,equirect,1280,haar-replacement-d6,haar-replacement,deflate,7,819200,15,486830,661601,37.87243,26.29019,24.12646,0.825393,6
northrop-mall,equirect,1280,haar-replacement-d6,haar-replacement,deflate,8,3276800,50,1752384,2413985,38.49722,30.76789,28.85664,0.946929,6
northrop-mall,equirect,1280,haar-residual-d6-p0.5,haar-residual,deflate,4,12800,1,16391,16391,44.91875,20.81424,18.50478,0.4747213,6
northrop-mall,equirect,1280,haar-residual-d6-p0.5,haar-residual,deflate,5,51200,2,34341,50732,42.60217,21.96625,19.70186,0.5347271,6
northrop-mall,equirect,1280,haar-residual-d6-p0.5,haar-residual,deflate,6,204800,6,113183,163915,40.357,23.61855,21.43426,0.6641558,6
northrop-mall,equirect,1280,haar-residual-d6-p0.5,haar-residual,deflate,7,819200,15,363504,527419,38.19304,26.10757,24.11519,0.8251122,6
northrop-mall,equirect,1280,haar-residual-d6-p0.5,haar-residual,deflate,8,3276800,50,1069976,1597395,36.28835,30.2112,28.61483,0.944146,6
northrop-mall,equirect,1280,haar-residual-d12,haar-residual,deflate,4,12800,1,21797,21797,50.91673,20.90049,18.50872,0.4748525,12
northrop-mall,equirect,1280,haar-residual-d12,haar-residual,deflate,5,51200,2,40014,61811,46.79271,22.09166,19.71103,0.5351531,12
northrop-mall,equirect,1280,haar-residual-d12,haar-residual,deflate,6,204800,6,113183,174994,42.33351,23.78299,21.45046,0.6647562,12
northrop-mall,equirect,1280,haar-residual-d12,haar-residual,deflate,7,819200,15,307011,482005,37.87271,26.29135,24.12667,0.8253815,12
northrop-mall,equirect,1280,haar-residual-d12,haar-residual,deflate,8,3276800,50,724131,1206136,34.12274,30.28064,28.46288,0.942667,12
northrop-mall,equirect,1280,haar-replacement-d12,haar-replacement,deflate,4,12800,1,6523,6523,32.46662,20.38231,18.40325,0.4720411,12
northrop-mall,equirect,1280,haar-replacement-d12,haar-replacement,deflate,5,51200,2,23688,30211,32.75408,21.6333,19.58742,0.5306005,12
northrop-mall,equirect,1280,haar-replacement-d12,haar-replacement,deflate,6,204800,6,90141,120352,33.00693,23.40311,21.29234,0.6592275,12
northrop-mall,equirect,1280,haar-replacement-d12,haar-replacement,deflate,7,819200,15,341738,462090,33.38663,25.99658,23.94103,0.8208421,12
northrop-mall,equirect,1280,haar-replacement-d12,haar-replacement,deflate,8,3276800,50,1227644,1689734,34.12274,30.28064,28.46288,0.942667,12
northrop-mall,equirect,1280,haar-residual-d12-p0.5,haar-residual,deflate,4,12800,1,12274,12274,39.93776,20.68669,18.49138,0.4742842,12
northrop-mall,equirect,1280,haar-residual-d12-p0.5,haar-residual,deflate,5,51200,2,25402,37676,37.66608,21.76538,19.66993,0.5334416,12
northrop-mall,equirect,1280,haar-residual-d12-p0.5,haar-residual,deflate,6,204800,6,82459,120135,35.47576,23.33336,21.35541,0.6612171,12
northrop-mall,equirect,1280,haar-residual-d12-p0.5,haar-residual,deflate,7,819200,15,255877,376012,33.46208,25.66719,23.897,0.8199806,12
northrop-mall,equirect,1280,haar-residual-d12-p0.5,haar-residual,deflate,8,3276800,50,724131,1100143,31.79698,29.2104,27.82107,0.9364609,12
northrop-mall,equirect,1280,haar-residual-d24,haar-residual,deflate,4,12800,1,17219,17219,46.45471,20.86156,18.50609,0.4747418,24
northrop-mall,equirect,1280,haar-residual-d24,haar-residual,deflate,5,51200,2,29626,46845,42.02359,22.01285,19.7016,0.5345921,24
northrop-mall,equirect,1280,haar-residual-d24,haar-residual,deflate,6,204800,6,82459,129304,37.50652,23.6429,21.41008,0.6629663,24
northrop-mall,equirect,1280,haar-residual-d24,haar-residual,deflate,7,819200,15,207964,337268,33.38598,25.99719,23.94093,0.820842,24
northrop-mall,equirect,1280,haar-residual-d24,haar-residual,deflate,8,3276800,50,443359,780627,30.2566,29.35729,27.60524,0.9329661,24
northrop-mall,equirect,1280,haar-replacement-d24,haar-replacement,deflate,4,12800,1,4230,4230,28.67772,19.96214,18.23183,0.4693153,24
northrop-mall,equirect,1280,haar-replacement-d24,haar-replacement,deflate,5,51200,2,14918,19148,28.97514,21.23813,19.38759,0.5248915,24
northrop-mall,equirect,1280,haar-replacement-d24,haar-replacement,deflate,6,204800,6,56775,75923,29.18738,22.95721,21.02368,0.6493727,24
northrop-mall,equirect,1280,haar-replacement-d24,haar-replacement,deflate,7,819200,15,217987,293910,29.50205,25.43799,23.49824,0.8094926,24
northrop-mall,equirect,1280,haar-replacement-d24,haar-replacement,deflate,8,3276800,50,800535,1094445,30.2566,29.35729,27.60524,0.9329661,24
northrop-mall,equirect,1280,haar-residual-d24-p0.5,haar-residual,deflate,4,12800,1,8939,8939,35.03923,20.41404,18.4474,0.4731211,24
northrop-mall,equirect,1280,haar-residual-d24-p0.5,haar-residual,deflate,5,51200,2,17398,26337,32.90391,21.42761,19.57633,0.5306597,24
northrop-mall,equirect,1280,haar-residual-d24-p0.5,haar-residual,deflate,6,204800,6,54243,80580,30.9305,22.86306,21.13909,0.6552668,24
northrop-mall,equirect,1280,haar-residual-d24-p0.5,haar-residual,deflate,7,819200,15,162386,242966,29.17651,24.85894,23.33959,0.8083571,24
northrop-mall,equirect,1280,haar-residual-d24-p0.5,haar-residual,deflate,8,3276800,50,443359,686325,27.78342,27.45931,26.25475,0.9186578,24
northrop-mall,equirect,1280,jpeg-replacement-q50,image-replacement,jpeg,4,12800,1,2266,2266,26.20172,19.47703,17.8328,0.462979,50
northrop-mall,equirect,1280,jpeg-replacement-q50,image-replacement,jpeg,5,51200,2,8158,10424,26.62815,20.89243,18.99556,0.5065625,50
northrop-mall,equirect,1280,jpeg-replacement-q50,image-replacement,jpeg,6,204800,6,31785,42209,26.57351,22.47796,20.5087,0.6174294,50
northrop-mall,equirect,1280,jpeg-replacement-q50,image-replacement,jpeg,7,819200,15,123920,166129,26.67259,24.68155,22.73064,0.7806394,50
northrop-mall,equirect,1280,jpeg-replacement-q50,image-replacement,jpeg,8,3276800,50,477850,643979,27.60582,28.2861,26.52074,0.9202923,50
northrop-mall,equirect,1280,jpeg-residual-q50,image-residual,jpeg,4,12800,1,2266,2266,26.20172,19.47703,17.8328,0.462979,50
northrop-mall,equirect,1280,jpeg-residual-q50,image-residual,jpeg,5,51200,2,6571,8837,26.68408,20.88267,19.00352,0.5067199,50
northrop-mall,equirect,1280,jpeg-residual-q50,image-residual,jpeg,6,204800,6,25740,34577,26.60069,22.4748,20.51203,0.617209,50
northrop-mall,equirect,1280,jpeg-residual-q50,image-residual,jpeg,7,819200,15,101107,135684,26.69334,24.67038,22.73721,0.780623,50
northrop-mall,equirect,1280,jpeg-residual-q50,image-residual,jpeg,8,3276800,50,389517,525201,27.6662,28.31952,26.56221,0.920138,50
northrop-mall,equirect,1280,webp-replacement-q50,image-replacement,webp,4,12800,1,2214,2214,27.89753,19.88287,18.02911,0.4696066,50
northrop-mall,equirect,1280,webp-replacement-q50,image-replacement,webp,5,51200,2,8214,10428,28.38313,21.2561,19.23076,0.5211344,50
northrop-mall,equirect,1280,webp-replacement-q50,image-replacement,webp,6,204800,6,33208,43636,28.65505,22.90272,20.82374,0.6417909,50
northrop-mall,equirect,1280,webp-replacement-q50,image-replacement,webp,7,819200,15,138462,182098,29.31452,25.31214,23.28722,0.8046499,50
northrop-mall,equirect,1280,webp-replacement-q50,image-replacement,webp,8,3276800,50,516896,698994,30.44904,29.10625,27.34323,0.930355,50
northrop-mall,equirect,1280,jpeg-replacement-q70,image-replacement,jpeg,4,12800,1,3044,3044,27.46011,19.82524,18.0097,0.4672044,70
northrop-mall,equirect,1280,jpeg-replacement-q70,image-replacement,jpeg,5,51200,2,11206,14250,27.84857,21.17827,19.19336,0.5179273,70
northrop-mall,equirect,1280,jpeg-replacement-q70,image-replacement,jpeg,6,204800,6,44018,58268,27.93799,22.84262,20.78192,0.6386613,70
northrop-mall,equirect,1280,jpeg-replacement-q70,image-replacement,jpeg,7,819200,15,171415,229683,28.16875,25.19455,23.16004,0.8033791,70
northrop-mall,equirect,1280,jpeg-replacement-q70,image-replacement,jpeg,8,3276800,50,650851,880534,29.30958,29.09753,27.22091,0.9338889,70
northrop-mall,equirect,1280,jpeg-residual-q70,image-residual,jpeg,4,12800,1,3044,3044,27.46011,19.82524,18.0097,0.4672044,70
northrop-mall,equirect,1280,jpeg-residual-q70,image-residual,jpeg,5,51200,2,9204,12248,27.8736,21.16346,19.19859,0.5180122,70
northrop-mall,equirect,1280,jpeg-residual-q70,image-residual,jpeg,6,204800,6,36112,48360,27.94477,22.82979,20.78295,0.638821,70
northrop-mall,equirect,1280,jpeg-residual-q70,image-residual,jpeg,7,819200,15,141729,190089,28.19859,25.1856,23.17004,0.8032446,70
northrop-mall,equirect,1280,jpeg-residual-q70,image-residual,jpeg,8,3276800,50,536581,726670,29.35991,29.11799,27.25338,0.9339218,70
northrop-mall,equirect,1280,webp-replacement-q70,image-replacement,webp,4,12800,1,2800,2800,28.86104,20.05135,18.11405,0.4713616,70
northrop-mall,equirect,1280,webp-replacement-q70,image-replacement,webp,5,51200,2,10240,13040,29.46896,21.3914,19.32893,0.5265658,70
northrop-mall,equirect,1280,webp-replacement-q70,image-replacement,webp,6,204800,6,40780,53820,29.76923,23.07199,20.94692,0.6493512,70
northrop-mall,equirect,1280,webp-replacement-q70,image-replacement,webp,7,819200,15,168592,222412,30.4762,25.53254,23.47404,0.8121078,70
northrop-mall,equirect,1280,webp-replacement-q70,image-replacement,webp,8,3276800,50,630438,852850,31.81411,29.52576,27.73946,0.9364626,70
northrop-mall,equirect,1280,jpeg-replacement-q80,image-replacement,jpeg,4,12800,1,3841,3841,28.4984,20.01074,18.11539,0.470223,80
northrop-mall,equirect,1280,jpeg-replacement-q80,image-replacement,jpeg,5,51200,2,14237,18078,28.98466,21.36896,19.31682,0.5250784,80
northrop-mall,equirect,1280,jpeg-replacement-q80,image-replacement,jpeg,6,204800,6,55590,73668,29.17665,23.06904,20.94491,0.6508924,80
northrop-mall,equirect,1280,jpeg-replacement-q80,image-replacement,jpeg,7,819200,15,216125,289793,29.53037,25.52828,23.42067,0.8148352,80
northrop-mall,equirect,1280,jpeg-replacement-q80,image-replacement,jpeg,8,3276800,50,815470,1105263,30.83171,29.6162,27.67315,0.9405196,80
northrop-mall,equirect,1280,jpeg-residual-q80,image-residual,jpeg,4,12800,1,3841,3841,28.4984,20.01074,18.11539,0.470223,80
northrop-mall,equirect,1280,jpeg-residual-q80,image-residual,jpeg,5,51200,2,11727,15568,29.01986,21.36516,19.32546,0.5252116,80
northrop-mall,equirect,1280,jpeg-residual-q80,image-residual,jpeg,6,204800,6,46222,61790,29.18922,23.05294,20.94992,0.6507706,80
northrop-mall,equirect,1280,jpeg-residual-q80,image-residual,jpeg,7,819200,15,181051,242841,29.55457,25.49923,23.42965,0.8144934,80
northrop-mall,equirect,1280,jpeg-residual-q80,image-residual,jpeg,8,3276800,50,681974,924815,30.87424,29.58008,27.70007,0.9403307,80
northrop-mall,equirect,1280,webp-replacement-q80,image-replacement,webp,4,12800,1,3524,3524,29.81651,20.15348,18.17434,0.4722206,80
northrop-mall,equirect,1280,webp-replacement-q80,image-replacement,webp,5,51200,2,12818,16342,30.4795,21.46972,19.39577,0.5293741,80
northrop-mall,equirect,1280,webp-replacement-q80,image-replacement,webp,6,204800,6,50554,66896,30.84517,23.17678,21.04705,0.6549615,80
northrop-mall,equirect,1280,webp-replacement-q80,image-replacement,webp,7,819200,15,205720,272616,31.52696,25.69189,23.61322,0.8177157,80
northrop-mall,equirect,1280,webp-replacement-q80,image-replacement,webp,8,3276800,50,765624,1038240,33.10111,29.84339,28.03267,0.9403907,80
northrop-mall,equirect,1280,jpeg-replacement-q90,image-replacement,jpeg,4,12800,1,5514,5514,30.20024,20.22487,18.20921,0.4733974,90
northrop-mall,equirect,1280,jpeg-replacement-q90,image-replacement,jpeg,5,51200,2,20562,26076,30.82929,21.57947,19.43596,0.5322133,90
northrop-mall,equirect,1280,jpeg-replacement-q90,image-replacement,jpeg,6,204800,6,79330,105406,31.1974,23.31261,21.11213,0.6611837,90
northrop-mall,equirect,1280,jpeg-replacement-q90,image-replacement,jpeg,7,819200,15,307482,412888,31.72063,25.86971,23.68615,0.8236663,90
northrop-mall,equirect,1280,jpeg-replacement-q90,image-replacement,jpeg,8,3276800,50,1168132,1581020,33.46417,30.24387,28.21297,0.9465434,90
northrop-mall,equirect,1280,jpeg-residual-q90,image-residual,jpeg,4,12800,1,5514,5514,30.20024,20.22487,18.20921,0.4733974,90
northrop-mall,equirect,1280,jpeg-residual-q90,image-residual,jpeg,5,51200,2,17396,22910,30.89604,21.57273,19.44508,0.5322716,90
northrop-mall,equirect,1280,jpeg-residual-q90,image-residual,jpeg,6,204800,6,67996,90906,31.23983,23.29586,21.1182,0.6609769,90
northrop-mall,equirect,1280,jpeg-residual-q90,image-residual,jpeg,7,819200,15,264955,355861,31.77041,25.83342,23.69603,0.8234378,90
northrop-mall,equirect,1280,jpeg-residual-q90,image-residual,jpeg,8,3276800,50,1005425,1361286,33.53498,30.18232,28.2408,0.9463993,90
northrop-mall,equirect,1280,webp-replacement-q90,image-replacement,webp,4,12800,1,4992,4992,31.02331,20.25531,18.23019,0.473697,90
northrop-mall,equirect,1280,webp-replacement-q90,image-replacement,webp,5,51200,2,18464,23456,31.79017,21.59234,19.46038,0.5320989,90
northrop-mall,equirect,1280,webp-replacement-q90,image-replacement,webp,6,204800,6,72812,96268,32.18557,23.32746,21.14393,0.6604624,90
northrop-mall,equirect,1280,webp-replacement-q90,image-replacement,webp,7,819200,15,286450,382718,32.73362,25.86327,23.74178,0.8229581,90
northrop-mall,equirect,1280,webp-replacement-q90,image-replacement,webp,8,3276800,50,1067822,1450540,34.75262,30.18017,28.32213,0.9448393,90
walter-study,equirect,1280,exact,exact,deflate,4,12800,1,38400,38400,,18.14008,17.96902,0.3352699,
walter-study,equirect,1280,exact,exact,deflate,5,51200,2,153600,192000,,20.13572,20.00094,0.4502475,
walter-study,equirect,1280,exact,exact,deflate,6,204800,6,614400,806400,,22.57534,22.45744,0.6349446,
walter-study,equirect,1280,exact,exact,deflate,7,819200,15,2457600,3264000,,25.96606,25.85574,0.8255533,
walter-study,equirect,1280,exact,exact,deflate,8,3276800,50,9830400,13094400,,31.14823,30.9875,0.9516403,
walter-study,equirect,1280,haar-residual-d3,haar-residual,deflate,4,12800,1,37935,37935,57.043,18.13999,17.96897,0.3352773,3
walter-study,equirect,1280,haar-residual-d3,haar-residual,deflate,5,51200,2,85440,123375,54.14237,20.1355,20.00077,0.4502366,3
walter-study,equirect,1280,haar-residual-d3,haar-residual,deflate,6,204800,6,262184,385559,50.68924,22.57333,22.45555,0.6348936,3
walter-study,equirect,1280,haar-residual-d3,haar-residual,deflate,7,819200,15,695242,1080801,46.26378,25.95003,25.84036,0.8253096,3
walter-study,equirect,1280,haar-residual-d3,haar-residual,deflate,8,3276800,50,1500947,2581748,42.40362,31.01142,30.85923,0.9507366,3
walter-study,equirect,1280,haar-replacement-d3,haar-replacement,deflate,4,12800,1,17456,17456,40.48579,18.12586,17.95564,0.335247,3
walter-study,equirect,1280,haar-replacement-d3,haar-replacement,deflate,5,51200,2,64225,81681,40.58099,20.11464,19.9812,0.449913,3
walter-study,equirect,1280,haar-replacement-d3,haar-replacement,deflate,6,204800,6,231965,313646,40.96361,22.54188,22.42569,0.63419,3
walter-study,equirect,1280,haar-replacement-d3,haar-replacement,deflate,7,819200,15,805568,1119214,41.48038,25.90683,25.79917,0.8245835,3
walter-study,equirect,1280,haar-replacement-d3,haar-replacement,deflate,8,3276800,50,2621731,3740945,42.40362,31.01142,30.85923,0.9507366,3
walter-study,equirect,1280,haar-residual-d3-p0.5,haar-residual,deflate,4,12800,1,25790,25790,49.47363,18.13875,17.96784,0.335282,3
walter-study,equirect,1280,haar-residual-d3-p0.5,haar-residual,deflate,5,51200,2,63261,89051,46.90619,20.13174,19.99719,0.4502649,3
walter-study,equirect,1280,haar-residual-d3-p0.5,haar-residual,deflate,6,204800,6,203147,292198,44.31888,22.55987,22.44266,0.63472,3
walter-study,equirect,1280,haar-residual-d3-p0.5,haar-residual,deflate,7,819200,15,593280,885478,41.96683,25.90442,25.79667,0.8248149,3
walter-study,equirect,1280,haar-residual-d3-p0.5,haar-residual,deflate,8,3276800,50,1500947,2386425,40.12509,30.8436,30.70136,0.950064,3
walter-study,equirect,1280,haar-residual-d6,haar-residual,deflate,4,12800,1,32227,32227,54.07828,18.13996,17.96892,0.3352519,6
walter-study,equirect,1280,haar-residual-d6,haar-residual,deflate,5,51200,2,70409,102636,50.58631,20.1344,19.99971,0.4502244,6
walter-study,equirect,1280,haar-residual-d6,haar-residual,deflate,6,204800,6,203147,305783,45.95936,22.56654,22.44904,0.6347823,6
walter-study,equirect,1280,haar-residual-d6,haar-residual,deflate,7,819200,15,491544,797327,41.48088,25.90669,25.7991,0.8245888,6
walter-study,equirect,1280,haar-residual-d6,haar-residual,deflate,8,3276800,50,997540,1794867,38.11432,30.73184,30.59851,0.9486491,6
walter-study,equirect,1280,haar-replacement-d6,haar-replacement,deflate,4,12800,1,12624,12624,35.4282,18.09512,17.92663,0.3348083,6
walter-study,equirect,1280,haar-replacement-d6,haar-replacement,deflate,5,51200,2,45985,58609,35.79672,20.06583,19.93425,0.4488797,6
walter-study,equirect,1280,haar-replacement-d6,haar-replacement,deflate,6,204800,6,163716,222325,36.23659,22.46528,22.35303,0.6321681,6
walter-study,equirect,1280,haar-replacement-d6,haar-replacement,deflate,7,819200,15,563686,786011,37.00563,25.77407,25.67339,0.8220167,6
walter-study,equirect,1280,haar-replacement-d6,haar-replacement,deflate,8,3276800,50,1831297,2617308,38.11432,30.73184,30.59851,0.9486491,6
walter-study,equirect,1280,haar-residual-d6-p0.5,haar-residual,deflate,4,12800,1,21536,21536,44.2476,18.13414,17.96362,0.3352421,6
walter-study,equirect,1280,haar-residual-d6-p0.5,haar-residual,deflate,5,51200,2,48761,70297,41.5036,20.11609,19.98254,0.4499741,6
walter-study,equirect,1280,haar-residual-d6-p0.5,haar-residual,deflate,6,204800,6,148055,218352,39.06448,22.51268,22.39806,0.6338476,6
walter-study,equirect,1280,haar-residual-d6-p0.5,haar-residual,deflate,7,819200,15,398479,616831,37.02871,25.74755,25.64797,0.8225981,6
walter-study,equirect,1280,haar-residual-d6-p0.5,haar-residual,deflate,8,3276800,50,997540,1614371,35.52561,30.21231,30.10844,0.9461412,6
walter-study,equirect,1280,haar-residual-d12,haar-residual,deflate,4,12800,1,26633,26633,50.5493,18.13902,17.96806,0.3352777,12
walter-study,equirect,1280,haar-residual-d12,haar-residual,deflate,5,51200,2,56295,82928,45.78745,20.1308,19.99627,0.4501769,12
walter-study,equirect,1280,haar-residual-d12,haar-residual,deflate,6,204800,6,148055,230983,40.96668,22.54258,22.42631,0.6341828,12
walter-study,equirect,1280,haar-residual-d12,haar-residual,deflate,7,819200,15,323181,554164,37.00562,25.77399,25.67336,0.8220152,12
walter-study,equirect,1280,haar-residual-d12,haar-residual,deflate,8,3276800,50,629039,1183203,34.13243,30.06736,29.97045,0.9422395,12
walter-study,equirect,1280,haar-replacement-d12,haar-replacement,deflate,4,12800,1,8599,8599,30.89969,17.98842,17.82194,0.3335974,12
walter-study,equirect,1280,haar-replacement-d12,haar-replacement,deflate,5,51200,2,30581,39180,31.34761,19.92151,19.79514,0.4451586,12
walter-study,equirect,1280,haar-replacement-d12,haar-replacement,deflate,6,204800,6,107778,146958,31.99477,22.25027,22.14652,0.6246739,12
walter-study,equirect,1280,haar-replacement-d12,haar-replacement,deflate,7,819200,15,369713,516671,32.86373,25.42586,25.34203,0.8139064,12
walter-study,equirect,1280,haar-replacement-d12,haar-replacement,deflate,8,3276800,50,1214495,1731166,34.13243,30.06736,29.97045,0.9422395,12
walter-study,equirect,1280,haar-residual-d12-p0.5,haar-residual,deflate,4,12800,1,16594,16594,38.86407,18.1165,17.94704,0.3352001,12
walter-study,equirect,1280,haar-residual-d12-p0.5,haar-residual,deflate,5,51200,2,34999,51593,36.30252,20.06694,19.93596,0.4493621,12
walter-study,equirect,1280,haar-residual-d12-p0.5,haar-residual,deflate,6,204800,6,98207,149800,34.16794,22.37257,22.2644,0.6310049,12
walter-study,equirect,1280,haar-residual-d12-p0.5,haar-residual,deflate,7,819200,15,256769,406569,32.48079,25.31077,25.23169,0.8152955,12
walter-study,equirect,1280,haar-residual-d12-p0.5,haar-residual,deflate,8,3276800,50,629039,1035608,31.26498,28.84031,28.79025,0.9341551,12
walter-study,equirect,1280,haar-residual-d24,haar-residual,deflate,4,12800,1,22160,22160,45.67658,18.13688,17.96628,0.3352589,24
walter-study,equirect,1280,haar-residual-d24,haar-residual,deflate,5,51200,2,41570,63730,40.58099,20.11464,19.9812,0.449913,24
walter-study,equirect,1280,haar-residual-d24,haar-residual,deflate,6,204800,6,98207,161937,36.23781,22.46582,22.35351,0.6321468,24
walter-study,equirect,1280,haar-residual-d24,haar-residual,deflate,7,819200,15,199767,361704,32.86447,25.42577,25.34203,0.8139205,24
walter-study,equirect,1280,haar-residual-d24,haar-residual,deflate,8,3276800,50,364424,726128,30.31125,28.79621,28.74133,0.9235482,24
walter-study,equirect,1280,haar-replacement-d24,haar-replacement,deflate,4,12800,1,5246,5246,27.17318,17.73887,17.57008,0.3283765,24
walter-study,equirect,1280,haar-replacement-d24,haar-replacement,deflate,5,51200,2,18572,23818,27.48609,19.55,19.42712,0.4316212,24
walter-study,equirect,1280,haar-replacement-d24,haar-replacement,deflate,6,204800,6,64998,88816,28.1571,21.75344,21.66315,0.601992,24
walter-study,equirect,1280,haar-replacement-d24,haar-replacement,deflate,7,819200,15,226221,315037,29.09592,24.68707,24.62558,0.7887265,24
walter-study,equirect,1280,haar-replacement-d24,haar-replacement,deflate,8,3276800,50,755483,1070520,30.31125,28.79621,28.74133,0.9235482,24
walter-study,equirect,1280,haar-residual-d24-p0.5,haar-residual,deflate,4,12800,1,11799,11799,33.90158,18.06851,17.90075,0.3347499,24
walter-study,equirect,1280,haar-residual-d24-p0.5,haar-residual,deflate,5,51200,2,22741,34540,31.63557,19.92546,19.79883,0.4467814,24
walter-study,equirect,1280,haar-residual-d24-p0.5,haar-residual,deflate,6,204800,6,60461,95001,29.81351,21.98447,21.88976,0.6208445,24
walter-study,equirect,1280,haar-residual-d24-p0.5,haar-residual,deflate,7,819200,15,152592,247593,28.40774,24.33681,24.28505,0.7928667,24
walter-study,equirect,1280,haar-residual-d24-p0.5,haar-residual,deflate,8,3276800,50,364424,612017,27.34013,26.62806,26.6002,0.8998016,24
walter-study,equirect,1280,jpeg-replacement-q50,image-replacement,jpeg,4,12800,1,2791,2791,24.57789,17.28322,17.08626,0.3122899,50
walter-study,equirect,1280,jpeg-replacement-q50,image-replacement,jpeg,5,51200,2,10225,13016,25.44632,19.0069,18.86751,0.3992865,50
walter-study,equirect,1280,jpeg-replacement-q50,image-replacement,jpeg,6,204800,6,37632,50648,26.52316,21.12642,21.03489,0.5622461,50
walter-study,equirect,1280,jpeg-replacement-q50,image-replacement,jpeg,7,819200,15,136591,187239,27.80256,23.99566,23.93788,0.7616597,50
walter-study,equirect,1280,jpeg-replacement-q50,image-replacement,jpeg,8,3276800,50,493088,680327,29.61874,28.28596,28.22743,0.9165611,50
walter-study,equirect,1280,jpeg-residual-q50,image-residual,jpeg,4,12800,1,2791,2791,24.57789,17.28322,17.08626,0.3122899,50
walter-study,equirect,1280,jpeg-residual-q50,image-residual,jpeg,5,51200,2,8422,11213,25.48992,19.02473,18.88711,0.3987789,50
walter-study,equirect,1280,jpeg-residual-q50,image-residual,jpeg,6,204800,6,30310,41523,26.5865,21.14734,21.05485,0.5615748,50
walter-study,equirect,1280,jpeg-residual-q50,image-residual,jpeg,7,819200,15,108641,150164,27.84318,24.01569,23.95662,0.7613733,50
walter-study,equirect,1280,jpeg-residual-q50,image-residual,jpeg,8,3276800,50,388186,538350,29.66559,28.32096,28.26146,0.9163202,50
walter-study,equirect,1280,webp-replacement-q50,image-replacement,webp,4,12800,1,3046,3046,26.57278,17.542,17.35329,0.3263424,50
walter-study,equirect,1280,webp-replacement-q50,image-replacement,webp,5,51200,2,11120,14166,27.36636,19.33929,19.20365,0.4248951,50
walter-study,equirect,1280,webp-replacement-q50,image-replacement,webp,6,204800,6,38642,52808,28.37702,21.52558,21.4335,0.5908513,50
walter-study,equirect,1280,webp-replacement-q50,image-replacement,webp,7,819200,15,133804,186612,29.62311,24.4877,24.43103,0.777671,50
walter-study,equirect,1280,webp-replacement-q50,image-replacement,webp,8,3276800,50,446544,633156,31.31844,28.76324,28.7121,0.9194943,50
walter-study,equirect,1280,jpeg-replacement-q70,image-replacement,jpeg,4,12800,1,3762,3762,25.84403,17.49002,17.30028,0.3212242,70
walter-study,equirect,1280,jpeg-replacement-q70,image-replacement,jpeg,5,51200,2,13916,17678,26.6831,19.26738,19.13463,0.4169144,70
walter-study,equirect,1280,jpeg-replacement-q70,image-replacement,jpeg,6,204800,6,51193,68871,27.83604,21.46611,21.37063,0.5888476,70
walter-study,equirect,1280,jpeg-replacement-q70,image-replacement,jpeg,7,819200,15,186936,255807,29.25328,24.4794,24.41647,0.7867172,70
walter-study,equirect,1280,jpeg-replacement-q70,image-replacement,jpeg,8,3276800,50,670418,926225,31.36072,29.07214,29.00247,0.931748,70
walter-study,equirect,1280,jpeg-residual-q70,image-residual,jpeg,4,12800,1,3762,3762,25.84403,17.49002,17.30028,0.3212242,70
walter-study,equirect,1280,jpeg-residual-q70,image-residual,jpeg,5,51200,2,11647,15409,26.70007,19.27974,19.14493,0.4170539,70
walter-study,equirect,1280,jpeg-residual-q70,image-residual,jpeg,6,204800,6,41919,57328,27.88739,21.48286,21.38726,0.5884924,70
walter-study,equirect,1280,jpeg-residual-q70,image-residual,jpeg,7,819200,15,151290,208618,29.29774,24.50294,24.43938,0.7867212,70
walter-study,equirect,1280,jpeg-residual-q70,image-residual,jpeg,8,3276800,50,536464,745082,31.40177,29.10483,29.03358,0.9317445,70
walter-study,equirect,1280,webp-replacement-q70,image-replacement,webp,4,12800,1,3790,3790,27.52843,17.63285,17.44638,0.3291276,70
walter-study,equirect,1280,webp-replacement-q70,image-replacement,webp,5,51200,2,13748,17538,28.34184,19.48044,19.34509,0.4327336,70
walter-study,equirect,1280,webp-replacement-q70,image-replacement,webp,6,204800,6,48498,66036,29.45108,21.72119,21.62327,0.6063292,70
walter-study,equirect,1280,webp-replacement-q70,image-replacement,webp,7,819200,15,170430,236466,30.93421,24.81621,24.75023,0.7953213,70
walter-study,equirect,1280,webp-replacement-q70,image-replacement,webp,8,3276800,50,563102,799568,32.84195,29.32529,29.25834,0.9306489,70
walter-study,equirect,1280,jpeg-replacement-q80,image-replacement,jpeg,4,12800,1,4676,4676,26.91136,17.61113,17.42635,0.3263887,80
walter-study,equirect,1280,jpeg-replacement-q80,image-replacement,jpeg,5,51200,2,17462,22138,27.71852,19.43249,19.29811,0.4293454,80
walter-study,equirect,1280,jpeg-replacement-q80,image-replacement,jpeg,6,204800,6,64453,86591,28.93195,21.68795,21.59006,0.606312,80
walter-study,equirect,1280,jpeg-replacement-q80,image-replacement,jpeg,7,819200,15,235527,322118,30.50532,24.8041,24.73577,0.8019659,80
walter-study,equirect,1280,jpeg-replacement-q80,image-replacement,jpeg,8,3276800,50,837770,1159888,32.85185,29.57451,29.49413,0.9397629,80
walter-study,equirect,1280,jpeg-residual-q80,image-residual,jpeg,4,12800,1,4676,4676,26.91136,17.61113,17.42635,0.3263887,80
walter-study,equirect,1280,jpeg-residual-q80,image-residual,jpeg,5,51200,2,14719,19395,27.77033,19.44633,19.3119,0.4295287,80
walter-study,equirect,1280,jpeg-residual-q80,image-residual,jpeg,6,204800,6,53417,72812,28.9899,21.70244,21.60421,0.6061914,80
walter-study,equirect,1280,jpeg-residual-q80,image-residual,jpeg,7,819200,15,193086,265898,30.56094,24.82355,24.75424,0.8018744,80
walter-study,equirect,1280,jpeg-residual-q80,image-residual,jpeg,8,3276800,50,677768,943666,32.9067,29.61116,29.52887,0.939768,80
walter-study,equirect,1280,webp-replacement-q80,image-replacement,webp,4,12800,1,4628,4628,28.2882,17.70639,17.52009,0.3313681,80
walter-study,equirect,1280,webp-replacement-q80,image-replacement,webp,5,51200,2,17208,21836,29.26044,19.58484,19.44728,0.4397776,80
walter-study,equirect,1280,webp-replacement-q80,image-replacement,webp,6,204800,6,60904,82740,30.50517,21.86738,21.76577,0.6169766,80
walter-study,equirect,1280,webp-replacement-q80,image-replacement,webp,7,819200,15,214922,297662,32.25934,25.05428,24.9806,0.8071474,80
walter-study,equirect,1280,webp-replacement-q80,image-replacement,webp,8,3276800,50,713702,1011364,34.51193,29.79399,29.71054,0.938755,80
walter-study,equirect,1280,jpeg-replacement-q90,image-replacement,jpeg,4,12800,1,6799,6799,28.52243,17.75004,17.56781,0.3328131,90
walter-study,equirect,1280,jpeg-replacement-q90,image-replacement,jpeg,5,51200,2,25521,32320,29.49673,19.64493,19.50836,0.4435735,90
walter-study,equirect,1280,jpeg-replacement-q90,image-replacement,jpeg,6,204800,6,94030,126350,30.82016,21.94961,21.84522,0.6252851,90
walter-study,equirect,1280,jpeg-replacement-q90,image-replacement,jpeg,7,819200,15,342340,468690,32.77033,25.19492,25.11601,0.8171767,90
walter-study,equirect,1280,jpeg-replacement-q90,image-replacement,jpeg,8,3276800,50,1201417,1670107,35.60736,30.18351,30.0824,0.9474036,90
walter-study,equirect,1280,jpeg-residual-q90,image-residual,jpeg,4,12800,1,6799,6799,28.52243,17.75004,17.56781,0.3328131,90
walter-study,equirect,1280,jpeg-residual-q90,image-residual,jpeg,5,51200,2,21985,28784,29.55793,19.65586,19.51929,0.4436106,90
walter-study,equirect,1280,jpeg-residual-q90,image-residual,jpeg,6,204800,6,79735,108519,30.91455,21.96822,21.86427,0.62507,90
walter-study,equirect,1280,jpeg-residual-q90,image-residual,jpeg,7,819200,15,286963,395482,32.87089,25.22376,25.14368,0.8172814,90
walter-study,equirect,1280,jpeg-residual-q90,image-residual,jpeg,8,3276800,50,993499,1388981,35.70995,30.23265,30.1289,0.947387,90
walter-study,equirect,1280,webp-replacement-q90,image-replacement,webp,4,12800,1,6608,6608,29.24884,17.7773,17.59181,0.333834,90
walter-study,equirect,1280,webp-replacement-q90,image-replacement,webp,5,51200,2,24750,31358,30.40981,19.68329,19.54376,0.4458132,90
walter-study,equirect,1280,webp-replacement-q90,image-replacement,webp,6,204800,6,90064,121422,31.93313,22.01381,21.90664,0.6272011,90
walter-study,equirect,1280,webp-replacement-q90,image-replacement,webp,7,819200,15,320584,442006,34.21969,25.29866,25.21589,0.8178965,90
walter-study,equirect,1280,webp-replacement-q90,image-replacement,webp,8,3276800,50,1081948,1523954,37.41936,30.32158,30.21288,0.946457,90
bookstore,equirect,1280,exact,exact,deflate,4,12800,1,38400,38400,,25.90478,22.99584,0.7307612,
bookstore,equirect,1280,exact,exact,deflate,5,51200,2,153600,192000,,28.07262,25.33398,0.7816389,
bookstore,equirect,1280,exact,exact,deflate,6,204800,6,614400,806400,,30.86415,28.23819,0.8651736,
bookstore,equirect,1280,exact,exact,deflate,7,819200,15,2457600,3264000,,34.97191,32.50395,0.9454037,
bookstore,equirect,1280,exact,exact,deflate,8,3276800,50,9830400,13094400,,41.38231,39.13271,0.9877687,
bookstore,equirect,1280,haar-residual-d3,haar-residual,deflate,4,12800,1,27389,27389,57.01143,25.90306,22.99548,0.7307781,3
bookstore,equirect,1280,haar-residual-d3,haar-residual,deflate,5,51200,2,52018,79407,54.43061,28.0647,25.33297,0.781625,3
bookstore,equirect,1280,haar-residual-d3,haar-residual,deflate,6,204800,6,130802,210209,51.85074,30.82631,28.23149,0.8650863,3
bookstore,equirect,1280,haar-residual-d3,haar-residual,deflate,7,819200,15,263775,473984,48.90728,34.77527,32.45585,0.9447,3
bookstore,equirect,1280,haar-residual-d3,haar-residual,deflate,8,3276800,50,431960,905944,46.68077,40.30091,38.69878,0.9854189,3
bookstore,equirect,1280,haar-replacement-d3,haar-replacement,deflate,4,12800,1,9202,9202,43.86112,25.81504,22.97267,0.7302885,3
bookstore,equirect,1280,haar-replacement-d3,haar-replacement,deflate,5,51200,2,29560,38762,44.38176,27.92376,25.29863,0.7805207,3
bookstore,equirect,1280,haar-replacement-d3,haar-replacement,deflate,6,204800,6,95921,134683,44.84079,30.61237,28.17401,0.863182,3
bookstore,equirect,1280,haar-replacement-d3,haar-replacement,deflate,7,819200,15,306147,440830,45.46921,34.51653,32.36553,0.942925,3
bookstore,equirect,1280,haar-replacement-d3,haar-replacement,deflate,8,3276800,50,923391,1364221,46.68077,40.30091,38.69878,0.9854189,3
bookstore,equirect,1280,haar-residual-d3-p0.5,haar-residual,deflate,4,12800,1,16224,16224,50.0892,25.88087,22.99107,0.7306435,3
bookstore,equirect,1280,haar-residual-d3-p0.5,haar-residual,deflate,5,51200,2,30769,46993,48.20474,28.00235,25.32121,0.7813497,3
bookstore,equirect,1280,haar-residual-d3-p0.5,haar-residual,deflate,6,204800,6,83718,130711,46.44152,30.66236,28.19434,0.8642407,3
bookstore,equirect,1280,haar-residual-d3-p0.5,haar-residual,deflate,7,819200,15,205715,336426,44.95045,34.37618,32.32889,0.9431513,3
bookstore,equirect,1280,haar-residual-d3-p0.5,haar-residual,deflate,8,3276800,50,431960,768386,43.91804,39.33028,38.15298,0.9836655,3
bookstore,equirect,1280,haar-residual-d6,haar-residual,deflate,4,12800,1,22168,22168,54.28509,25.90085,22.99514,0.7307609,6
bookstore,equirect,1280,haar-residual-d6,haar-residual,deflate,5,51200,2,36966,59134,51.43541,28.04608,25.32928,0.7815156,6
bookstore,equirect,1280,haar-residual-d6,haar-residual,deflate,6,204800,6,83718,142852,48.28628,30.7502,28.2137,0.8645294,6
bookstore,equirect,1280,haar-residual-d6,haar-residual,deflate,7,819200,15,159616,302468,45.47038,34.51602,32.36513,0.9429239,6
bookstore,equirect,1280,haar-residual-d6,haar-residual,deflate,8,3276800,50,257515,559983,43.32754,39.46147,38.14156,0.9824354,6
bookstore,equirect,1280,haar-replacement-d6,haar-replacement,deflate,4,12800,1,6558,6558,39.63031,25.68035,22.92573,0.7292146,6
bookstore,equirect,1280,haar-replacement-d6,haar-replacement,deflate,5,51200,2,20792,27350,40.6588,27.79138,25.23682,0.7786386,6
bookstore,equirect,1280,haar-replacement-d6,haar-replacement,deflate,6,204800,6,65114,92464,41.37866,30.41007,28.08225,0.8601429,6
bookstore,equirect,1280,haar-replacement-d6,haar-replacement,deflate,7,819200,15,198578,291042,42.16286,34.13561,32.17121,0.9394057,6
bookstore,equirect,1280,haar-replacement-d6,haar-replacement,deflate,8,3276800,50,573960,865002,43.32754,39.46147,38.14156,0.9824354,6
bookstore,equirect,1280,haar-residual-d6-p0.5,haar-residual,deflate,4,12800,1,11786,11786,46.15269,25.83547,22.98198,0.7305261,6
bookstore,equirect,1280,haar-residual-d6-p0.5,haar-residual,deflate,5,51200,2,20319,32105,44.2811,27.89672,25.29375,0.7806984,6
bookstore,equirect,1280,haar-residual-d6-p0.5,haar-residual,deflate,6,204800,6,53026,85131,42.66925,30.42735,28.11471,0.8623741,6
bookstore,equirect,1280,haar-residual-d6-p0.5,haar-residual,deflate,7,819200,15,125692,210823,41.3378,33.84642,32.06024,0.939342,6
bookstore,equirect,1280,haar-residual-d6-p0.5,haar-residual,deflate,8,3276800,50,257515,468338,40.38264,37.96629,37.01646,0.9782813,6
bookstore,equirect,1280,haar-residual-d12,haar-residual,deflate,4,12800,1,17128,17128,51.30804,25.89028,22.99348,0.7306634,12
bookstore,equirect,1280,haar-residual-d12,haar-residual,deflate,5,51200,2,25023,42151,47.9773,28.0054,25.32106,0.7812191,12
bookstore,equirect,1280,haar-residual-d12,haar-residual,deflate,6,204800,6,53026,95177,44.84776,30.61315,28.17394,0.8631815,12
bookstore,equirect,1280,haar-residual-d12,haar-residual,deflate,7,819200,15,100119,195296,42.16401,34.1358,32.17072,0.9394106,12
bookstore,equirect,1280,haar-residual-d12,haar-residual,deflate,8,3276800,50,158950,354246,40.09047,38.28277,37.14783,0.9763612,12
bookstore,equirect,1280,haar-replacement-d12,haar-replacement,deflate,4,12800,1,4383,4383,35.6264,25.39433,22.81663,0.7264791,12
bookstore,equirect,1280,haar-replacement-d12,haar-replacement,deflate,5,51200,2,13943,18326,36.74673,27.42981,25.08294,0.7721732,12
bookstore,equirect,1280,haar-replacement-d12,haar-replacement,deflate,6,204800,6,43566,61892,37.77812,30.01764,27.85647,0.851483,12
bookstore,equirect,1280,haar-replacement-d12,haar-replacement,deflate,7,819200,15,130543,192435,38.81963,33.5426,31.76848,0.9311396,12
bookstore,equirect,1280,haar-replacement-d12,haar-replacement,deflate,8,3276800,50,365654,558089,40.09047,38.28277,37.14783,0.9763612,12
bookstore,equirect,1280,haar-residual-d12-p0.5,haar-residual,deflate,4,12800,1,8497,8497,42.06895,25.74554,22.95587,0.7301207,12
bookstore,equirect,1280,haar-residual-d12-p0.5,haar-residual,deflate,5,51200,2,13810,22307,40.3885,27.70592,25.22447,0.7791205,12
bookstore,equirect,1280,haar-residual-d12-p0.5,haar-residual,deflate,6,204800,6,34810,57117,38.94169,30.04854,27.93032,0.8579056,12
bookstore,equirect,1280,haar-residual-d12-p0.5,haar-residual,deflate,7,819200,15,79895,137012,37.75592,33.01185,31.47243,0.9305887,12
bookstore,equirect,1280,haar-residual-d12-p0.5,haar-residual,deflate,8,3276800,50,158950,295962,36.89027,36.0122,35.14025,0.9660114,12
bookstore,equirect,1280,haar-residual-d24,haar-residual,deflate,4,12800,1,12565,12565,47.73212,25.86202,22.98818,0.7305466,24
bookstore,equirect,1280,haar-residual-d24,haar-residual,deflate,5,51200,2,16729,29294,44.38176,27.92376,25.29863,0.7805207,24
bookstore,equirect,1280,haar-residual-d24,haar-residual,deflate,6,204800,6,34810,64104,41.38387,30.4108,28.08238,0.8601525,24
bookstore,equirect,1280,haar-residual-d24,haar-residual,deflate,7,819200,15,62944,127048,38.82176,33.54261,31.76868,0.9311414,24
bookstore,equirect,1280,haar-residual-d24,haar-residual,deflate,8,3276800,50,92586,219634,36.74353,36.51161,35.47535,0.9612917,24
bookstore,equirect,1280,haar-replacement-d24,haar-replacement,deflate,4,12800,1,2741,2741,32.19696,24.96911,22.59689,0.7223538,24
bookstore,equirect,1280,haar-replacement-d24,haar-replacement,deflate,5,51200,2,8687,11428,32.97504,26.83855,24.76329,0.7612884,24
bookstore,equirect,1280,haar-replacement-d24,haar-replacement,deflate,6,204800,6,27142,38570,34.08309,29.17623,27.3645,0.8294887,24
bookstore,equirect,1280,haar-replacement-d24,haar-replacement,deflate,7,819200,15,82517,121087,35.3715,32.43577,30.92463,0.9090274,24
bookstore,equirect,1280,haar-replacement-d24,haar-replacement,deflate,8,3276800,50,228997,350084,36.74353,36.51161,35.47535,0.9612917,24
bookstore,equirect,1280,haar-residual-d24-p0.5,haar-residual,deflate,4,12800,1,6005,6005,37.56061,25.50544,22.87469,0.7287648,24
bookstore,equirect,1280,haar-residual-d24-p0.5,haar-residual,deflate,5,51200,2,9018,15023,36.14243,27.27018,25.02363,0.7745153,24
bookstore,equirect,1280,haar-residual-d24-p0.5,haar-residual,deflate,6,204800,6,22044,37067,34.90498,29.2304,27.43601,0.8448372,24
bookstore,equirect,1280,haar-residual-d24-p0.5,haar-residual,deflate,7,819200,15,48501,85568,33.89851,31.41471,30.18947,0.9063534,24
bookstore,equirect,1280,haar-residual-d24-p0.5,haar-residual,deflate,8,3276800,50,92586,178154,33.11993,33.12264,32.29999,0.9336977,24
bookstore,equirect,1280,jpeg-replacement-q50,image-replacement,jpeg,4,12800,1,1846,1846,30.84171,24.80539,22.35883,0.7154493,50
bookstore,equirect,1280,jpeg-replacement-q50,image-replacement,jpeg,5,51200,2,5770,7616,31.93817,26.75795,24.50717,0.7481334,50
bookstore,equirect,1280,jpeg-replacement-q50,image-replacement,jpeg,6,204800,6,19090,26706,33.05362,29.06929,27.01337,0.8118802,50
bookstore,equirect,1280,jpeg-replacement-q50,image-replacement,jpeg,7,819200,15,59765,86471,34.37416,32.17908,30.44452,0.9008103,50
bookstore,equirect,1280,jpeg-replacement-q50,image-replacement,jpeg,8,3276800,50,180830,267301,36.81626,36.47639,35.30667,0.9652356,50
bookstore,equirect,1280,jpeg-residual-q50,image-residual,jpeg,4,12800,1,1846,1846,30.84171,24.80539,22.35883,0.7154493,50
bookstore,equirect,1280,jpeg-residual-q50,image-residual,jpeg,5,51200,2,4637,6483,31.93813,26.74216,24.50948,0.7475457,50
bookstore,equirect,1280,jpeg-residual-q50,image-residual,jpeg,6,204800,6,15581,22064,33.01545,29.03368,27.00578,0.8105681,50
bookstore,equirect,1280,jpeg-residual-q50,image-residual,jpeg,7,819200,15,49245,71309,34.29121,32.10362,30.41437,0.8988882,50
bookstore,equirect,1280,jpeg-residual-q50,image-residual,jpeg,8,3276800,50,148816,220125,36.68993,36.33881,35.23247,0.96322,50
bookstore,equirect,1280,webp-replacement-q50,image-replacement,webp,4,12800,1,1352,1352,32.13625,24.94631,22.49334,0.722416,50
bookstore,equirect,1280,webp-replacement-q50,image-replacement,webp,5,51200,2,4340,5692,33.15981,26.83893,24.63984,0.7597188,50
bookstore,equirect,1280,webp-replacement-q50,image-replacement,webp,6,204800,6,13480,19172,34.29915,29.15697,27.21512,0.8258235,50
bookstore,equirect,1280,webp-replacement-q50,image-replacement,webp,7,819200,15,40332,59504,35.61086,32.19869,30.66623,0.9032618,50
bookstore,equirect,1280,webp-replacement-q50,image-replacement,webp,8,3276800,50,106346,165850,37.32556,36.20177,35.23051,0.9601788,50
bookstore,equirect,1280,jpeg-replacement-q70,image-replacement,jpeg,4,12800,1,2456,2456,32.57444,25.15512,22.61069,0.7199195,70
bookstore,equirect,1280,jpeg-replacement-q70,image-replacement,jpeg,5,51200,2,7865,10321,33.43907,27.09891,24.73212,0.756351,70
bookstore,equirect,1280,jpeg-replacement-q70,image-replacement,jpeg,6,204800,6,26044,36365,34.60767,29.54357,27.37032,0.8280284,70
bookstore,equirect,1280,jpeg-replacement-q70,image-replacement,jpeg,7,819200,15,81635,118000,36.04777,32.88128,31.04175,0.916937,70
bookstore,equirect,1280,jpeg-replacement-q70,image-replacement,jpeg,8,3276800,50,245284,363284,38.51119,37.56312,36.2677,0.9738002,70
bookstore,equirect,1280,jpeg-residual-q70,image-residual,jpeg,4,12800,1,2456,2456,32.57444,25.15512,22.61069,0.7199195,70
bookstore,equirect,1280,jpeg-residual-q70,image-residual,jpeg,5,51200,2,6407,8863,33.44029,27.09655,24.7376,0.7561343,70
bookstore,equirect,1280,jpeg-residual-q70,image-residual,jpeg,6,204800,6,21607,30470,34.57854,29.53449,27.36059,0.8275078,70
bookstore,equirect,1280,jpeg-residual-q70,image-residual,jpeg,7,819200,15,68083,98553,35.99894,32.86179,31.02493,0.9158974,70
bookstore,equirect,1280,jpeg-residual-q70,image-residual,jpeg,8,3276800,50,204408,302961,38.47466,37.55682,36.25081,0.9731969,70
bookstore,equirect,1280,webp-replacement-q70,image-replacement,webp,4,12800,1,1740,1740,33.47055,25.13915,22.62261,0.7247847,70
bookstore,equirect,1280,webp-replacement-q70,image-replacement,webp,5,51200,2,5496,7236,34.58574,27.08687,24.82054,0.7643546,70
bookstore,equirect,1280,webp-replacement-q70,image-replacement,webp,6,204800,6,17132,24368,35.69062,29.52427,27.46267,0.8363251,70
bookstore,equirect,1280,webp-replacement-q70,image-replacement,webp,7,819200,15,50740,75108,37.00122,32.74702,31.11426,0.9152787,70
bookstore,equirect,1280,webp-replacement-q70,image-replacement,webp,8,3276800,50,132618,207726,38.63848,37.00101,35.99211,0.9677535,70
bookstore,equirect,1280,jpeg-replacement-q80,image-replacement,jpeg,4,12800,1,3039,3039,33.81844,25.3425,22.70165,0.7229499,80
bookstore,equirect,1280,jpeg-replacement-q80,image-replacement,jpeg,5,51200,2,9884,12923,34.62779,27.29032,24.87807,0.7623716,80
bookstore,equirect,1280,jpeg-replacement-q80,image-replacement,jpeg,6,204800,6,32641,45564,35.8875,29.8138,27.57737,0.8386542,80
bookstore,equirect,1280,jpeg-replacement-q80,image-replacement,jpeg,7,819200,15,102689,148253,37.40285,33.29281,31.39175,0.9259857,80
bookstore,equirect,1280,jpeg-replacement-q80,image-replacement,jpeg,8,3276800,50,312190,460443,39.87978,38.24115,36.89275,0.9783982,80
bookstore,equirect,1280,jpeg-residual-q80,image-residual,jpeg,4,12800,1,3039,3039,33.81844,25.3425,22.70165,0.7229499,80
bookstore,equirect,1280,jpeg-residual-q80,image-residual,jpeg,5,51200,2,8111,11150,34.63266,27.29094,24.87756,0.761778,80
bookstore,equirect,1280,jpeg-residual-q80,image-residual,jpeg,6,204800,6,27479,38629,35.85906,29.80698,27.58163,0.8382735,80
bookstore,equirect,1280,jpeg-residual-q80,image-residual,jpeg,7,819200,15,86926,125555,37.33006,33.26461,31.38147,0.9251289,80
bookstore,equirect,1280,jpeg-residual-q80,image-residual,jpeg,8,3276800,50,263025,388580,39.75869,38.1846,36.85948,0.9778201,80
bookstore,equirect,1280,webp-replacement-q80,image-replacement,webp,4,12800,1,2324,2324,35.07395,25.32928,22.74018,0.7259415,80
bookstore,equirect,1280,webp-replacement-q80,image-replacement,webp,5,51200,2,7066,9390,36.10346,27.30788,24.95263,0.769225,80
bookstore,equirect,1280,webp-replacement-q80,image-replacement,webp,6,204800,6,21926,31316,37.19884,29.83078,27.66473,0.8449838,80
bookstore,equirect,1280,webp-replacement-q80,image-replacement,webp,7,819200,15,64276,95592,38.46528,33.19301,31.4692,0.9253014,80
bookstore,equirect,1280,webp-replacement-q80,image-replacement,webp,8,3276800,50,170294,265886,40.09212,37.78325,36.71626,0.9739563,80
bookstore,equirect,1280,jpeg-replacement-q90,image-replacement,jpeg,4,12800,1,4353,4353,35.9843,25.55149,22.81444,0.7264908,90
bookstore,equirect,1280,jpeg-replacement-q90,image-replacement,jpeg,5,51200,2,14478,18831,37.06851,27.58711,25.06948,0.7716837,90
bookstore,equirect,1280,jpeg-replacement-q90,image-replacement,jpeg,6,204800,6,47940,66771,38.23741,30.1777,27.83888,0.8526743,90
bookstore,equirect,1280,jpeg-replacement-q90,image-replacement,jpeg,7,819200,15,153908,220679,39.7802,33.84175,31.80657,0.9363267,90
bookstore,equirect,1280,jpeg-replacement-q90,image-replacement,jpeg,8,3276800,50,480627,701306,42.29012,39.2569,37.69822,0.9832517,90
bookstore,equirect,1280,jpeg-residual-q90,image-residual,jpeg,4,12800,1,4353,4353,35.9843,25.55149,22.81444,0.7264908,90
bookstore,equirect,1280,jpeg-residual-q90,image-residual,jpeg,5,51200,2,12270,16623,37.04925,27.58276,25.07104,0.77157,90
bookstore,equirect,1280,jpeg-residual-q90,image-residual,jpeg,6,204800,6,41060,57683,38.15786,30.16015,27.83427,0.8524498,90
bookstore,equirect,1280,jpeg-residual-q90,image-residual,jpeg,7,819200,15,133341,191024,39.64231,33.80019,31.7976,0.9361099,90
bookstore,equirect,1280,jpeg-residual-q90,image-residual,jpeg,8,3276800,50,414748,605772,42.03009,39.1083,37.65077,0.9830169,90
bookstore,equirect,1280,webp-replacement-q90,image-replacement,webp,4,12800,1,3596,3596,37.67668,25.5753,22.83121,0.7284824,90
bookstore,equirect,1280,webp-replacement-q90,image-replacement,webp,5,51200,2,11530,15126,38.84477,27.63046,25.10274,0.7758475,90
bookstore,equirect,1280,webp-replacement-q90,image-replacement,webp,6,204800,6,34616,49742,39.53801,30.17979,27.87105,0.8560108,90
bookstore,equirect,1280,webp-replacement-q90,image-replacement,webp,7,819200,15,104188,153930,40.90913,33.78377,31.85132,0.9360843,90
bookstore,equirect,1280,webp-replacement-q90,image-replacement,webp,8,3276800,50,288926,442856,42.6668,38.86066,37.62458,0.9806158,90
gardens,equirect,1280,exact,exact,deflate,4,12800,1,38400,38400,,20.25847,19.45746,0.4542931,
gardens,equirect,1280,exact,exact,deflate,5,51200,2,153600,192000,,22.157,20.8819,0.5456029,
gardens,equirect,1280,exact,exact,deflate,6,204800,6,614400,806400,,24.75151,22.87923,0.7026057,
gardens,equirect,1280,exact,exact,deflate,7,819200,15,2457600,3264000,,28.71567,26.1857,0.8715695,
gardens,equirect,1280,exact,exact,deflate,8,3276800,50,9830400,13094400,,35.04486,32.06524,0.971813,
gardens,equirect,1280,haar-residual-d3,haar-residual,deflate,4,12800,1,37219,37219,56.94378,20.2584,19.45744,0.4542977,3
gardens,equirect,1280,haar-residual-d3,haar-residual,deflate,5,51200,2,78399,115618,54.20569,22.15628,20.8816,0.5455769,3
gardens,equirect,1280,haar-residual-d3,haar-residual,deflate,6,204800,6,237596,353214,50.98584,24.74596,22.87732,0.7025521,3
gardens,equirect,1280,haar-residual-d3,haar-residual,deflate,7,819200,15,645478,998692,46.72198,28.66283,26.17092,0.8712282,3
gardens,equirect,1280,haar-residual-d3,haar-residual,deflate,8,3276800,50,1509261,2507953,42.593,34.49524,31.90841,0.9706274,3
gardens,equirect,1280,haar-replacement-d3,haar-replacement,deflate,4,12800,1,16987,16987,40.89772,20.23739,19.44181,0.4539918,3
gardens,equirect,1280,haar-replacement-d3,haar-replacement,deflate,5,51200,2,59528,76515,41.28927,22.12231,20.86106,0.5448267,3
gardens,equirect,1280,haar-replacement-d3,haar-replacement,deflate,6,204800,6,215325,291840,41.56221,24.68852,22.85101,0.7013523,3
gardens,equirect,1280,haar-replacement-d3,haar-replacement,deflate,7,819200,15,757239,1049079,41.9018,28.55395,26.13076,0.8702203,3
gardens,equirect,1280,haar-replacement-d3,haar-replacement,deflate,8,3276800,50,2547362,3596441,42.593,34.49524,31.90841,0.9706274,3
gardens,equirect,1280,haar-residual-d3-p0.5,haar-residual,deflate,4,12800,1,24880,24880,49.52041,20.25573,19.45554,0.4542418,3
gardens,equirect,1280,haar-residual-d3-p0.5,haar-residual,deflate,5,51200,2,57156,82036,47.191,22.14724,20.87678,0.5454778,3
gardens,equirect,1280,haar-residual-d3-p0.5,haar-residual,deflate,6,204800,6,184321,266357,44.77421,24.71329,22.86445,0.7021759,3
gardens,equirect,1280,haar-residual-d3-p0.5,haar-residual,deflate,7,819200,15,556130,822487,42.43942,28.5164,26.1292,0.8704142,3
gardens,equirect,1280,haar-residual-d3-p0.5,haar-residual,deflate,8,3276800,50,1509261,2331748,40.43494,33.9072,31.73154,0.9696266,3
gardens,equirect,1280,haar-residual-d6,haar-residual,deflate,4,12800,1,31338,31338,54.20741,20.25799,19.45706,0.4542938,6
gardens,equirect,1280,haar-residual-d6,haar-residual,deflate,5,51200,2,63979,95317,50.78503,22.15424,20.88044,0.5455877,6
gardens,equirect,1280,haar-residual-d6,haar-residual,deflate,6,204800,6,184321,279638,46.45381,24.73217,22.8713,0.7023329,6
gardens,equirect,1280,haar-residual-d6,haar-residual,deflate,7,819200,15,471123,750761,41.90344,28.55525,26.13183,0.8702229,6
gardens,equirect,1280,haar-residual-d6,haar-residual,deflate,8,3276800,50,1017113,1767874,37.97387,33.79246,31.5696,0.9686164,6
gardens,equirect,1280,haar-replacement-d6,haar-replacement,deflate,4,12800,1,12683,12683,36.05772,20.18747,19.40377,0.4530395,6
gardens,equirect,1280,haar-replacement-d6,haar-replacement,deflate,5,51200,2,43672,56355,36.354,22.05005,20.81124,0.5428658,6
gardens,equirect,1280,haar-replacement-d6,haar-replacement,deflate,6,204800,6,155633,211988,36.74879,24.55754,22.78007,0.698513,6
gardens,equirect,1280,haar-replacement-d6,haar-replacement,deflate,7,819200,15,543443,755431,37.17951,28.27685,26.00522,0.8673507,6
gardens,equirect,1280,haar-replacement-d6,haar-replacement,deflate,8,3276800,50,1805022,2560453,37.97387,33.79246,31.5696,0.9686164,6
gardens,equirect,1280,haar-residual-d6-p0.5,haar-residual,deflate,4,12800,1,20579,20579,44.53749,20.24694,19.4496,0.4542222,6
gardens,equirect,1280,haar-residual-d6-p0.5,haar-residual,deflate,5,51200,2,43628,64207,42.03248,22.12142,20.86225,0.5451035,6
gardens,equirect,1280,haar-residual-d6-p0.5,haar-residual,deflate,6,204800,6,137842,202049,39.64478,24.62233,22.82469,0.7008661,6
gardens,equirect,1280,haar-residual-d6-p0.5,haar-residual,deflate,7,819200,15,396088,598137,37.44167,28.1449,25.98833,0.8675163,6
gardens,equirect,1280,haar-residual-d6-p0.5,haar-residual,deflate,8,3276800,50,1017113,1615250,35.63462,32.61862,31.02604,0.9653442,6
gardens,equirect,1280,haar-residual-d12,haar-residual,deflate,4,12800,1,25814,25814,50.68136,20.25708,19.45646,0.454265,12
gardens,equirect,1280,haar-residual-d12,haar-residual,deflate,5,51200,2,50472,76286,46.27318,22.14694,20.87633,0.5453419,12
gardens,equirect,1280,haar-residual-d12,haar-residual,deflate,6,204800,6,137842,214128,41.56572,24.68858,22.85095,0.701343,12
gardens,equirect,1280,haar-residual-d12,haar-residual,deflate,7,819200,15,322918,537046,37.18089,28.27786,26.00609,0.8673553,12
gardens,equirect,1280,haar-residual-d12,haar-residual,deflate,8,3276800,50,643949,1180995,33.75312,32.50691,30.72071,0.9630302,12
gardens,equirect,1280,haar-replacement-d12,haar-replacement,deflate,4,12800,1,8718,8718,31.35593,20.04628,19.29213,0.4500953,12
gardens,equirect,1280,haar-replacement-d12,haar-replacement,deflate,5,51200,2,29637,38355,31.92067,21.84869,20.67256,0.5364113,12
gardens,equirect,1280,haar-replacement-d12,haar-replacement,deflate,6,204800,6,104019,142374,32.2873,24.22239,22.57442,0.6895886,12
gardens,equirect,1280,haar-replacement-d12,haar-replacement,deflate,7,819200,15,364031,506405,32.82895,27.62988,25.64976,0.8592051,12
gardens,equirect,1280,haar-replacement-d12,haar-replacement,deflate,8,3276800,50,1213560,1719965,33.75312,32.50691,30.72071,0.9630302,12
gardens,equirect,1280,haar-residual-d12-p0.5,haar-residual,deflate,4,12800,1,16125,16125,39.24338,20.21995,19.42972,0.4538261,12
gardens,equirect,1280,haar-residual-d12-p0.5,haar-residual,deflate,5,51200,2,32259,48384,36.86526,22.04107,20.8119,0.5435313,12
gardens,equirect,1280,haar-residual-d12-p0.5,haar-residual,deflate,6,204800,6,94859,143243,34.67741,24.36035,22.69061,0.696435,12
gardens,equirect,1280,haar-residual-d12-p0.5,haar-residual,deflate,7,819200,15,257697,400940,32.72323,27.30315,25.56697,0.8588535,12
gardens,equirect,1280,haar-residual-d12-p0.5,haar-residual,deflate,8,3276800,50,643949,1044889,31.21595,30.49804,29.43593,0.9530657,12
gardens,equirect,1280,haar-residual-d24,haar-residual,deflate,4,12800,1,21338,21338,46.01122,20.25179,19.45294,0.4542114,24
gardens,equirect,1280,haar-residual-d24,haar-residual,deflate,5,51200,2,37705,59043,41.28927,22.12231,20.86106,0.5448267,24
gardens,equirect,1280,haar-residual-d24,haar-residual,deflate,6,204800,6,94859,153902,36.75016,24.55754,22.78016,0.6985158,24
gardens,equirect,1280,haar-residual-d24,haar-residual,deflate,7,819200,15,203462,357364,32.83027,27.6309,25.65106,0.859206,24
gardens,equirect,1280,haar-residual-d24,haar-residual,deflate,8,3276800,50,362620,719984,30.02387,30.5397,29.11727,0.947421,24
gardens,equirect,1280,haar-replacement-d24,haar-replacement,deflate,4,12800,1,5536,5536,27.21863,19.6784,19.00029,0.4414275,24
gardens,equirect,1280,haar-replacement-d24,haar-replacement,deflate,5,51200,2,18121,23657,27.96989,21.36647,20.32915,0.5209039,24
gardens,equirect,1280,haar-replacement-d24,haar-replacement,deflate,6,204800,6,63448,87105,28.48872,23.52083,22.11386,0.6663057,24
gardens,equirect,1280,haar-replacement-d24,haar-replacement,deflate,7,819200,15,221930,309035,29.05546,26.47209,24.865,0.8365153,24
gardens,equirect,1280,haar-replacement-d24,haar-replacement,deflate,8,3276800,50,749185,1058220,30.02387,30.5397,29.11727,0.947421,24
gardens,equirect,1280,haar-residual-d24-p0.5,haar-residual,deflate,4,12800,1,11851,11851,34.19493,20.13643,19.36649,0.4527325,24
gardens,equirect,1280,haar-residual-d24-p0.5,haar-residual,deflate,5,51200,2,21334,33185,32.04518,21.80773,20.65827,0.5387585,24
gardens,equirect,1280,haar-residual-d24-p0.5,haar-residual,deflate,6,204800,6,59004,92189,30.12641,23.73312,22.31636,0.6831647,24
gardens,equirect,1280,haar-residual-d24-p0.5,haar-residual,deflate,7,819200,15,154876,247065,28.50102,25.83075,24.58165,0.8351977,24
gardens,equirect,1280,haar-residual-d24-p0.5,haar-residual,deflate,8,3276800,50,362620,609685,27.28644,27.68101,26.90896,0.9206136,24
gardens,equirect,1280,jpeg-replacement-q50,image-replacement,jpeg,4,12800,1,2831,2831,25.06632,19.05287,18.45298,0.4295015,50
gardens,equirect,1280,jpeg-replacement-q50,image-replacement,jpeg,5,51200,2,9849,12680,25.91559,20.72419,19.77804,0.497002,50
gardens,equirect,1280,jpeg-replacement-q50,image-replacement,jpeg,6,204800,6,35453,48133,26.36688,22.75079,21.39459,0.6341871,50
gardens,equirect,1280,jpeg-replacement-q50,image-replacement,jpeg,7,819200,15,128055,176188,26.95595,25.57821,23.83729,0.8145836,50
gardens,equirect,1280,jpeg-replacement-q50,image-replacement,jpeg,8,3276800,50,451146,627334,28.62543,29.69511,27.7735,0.9441272,50
gardens,equirect,1280,jpeg-residual-q50,image-residual,jpeg,4,12800,1,2831,2831,25.06632,19.05287,18.45298,0.4295015,50
gardens,equirect,1280,jpeg-residual-q50,image-residual,jpeg,5,51200,2,7747,10578,25.95301,20.74628,19.78517,0.4966517,50
gardens,equirect,1280,jpeg-residual-q50,image-residual,jpeg,6,204800,6,28097,38675,26.40963,22.78203,21.41202,0.6344392,50
gardens,equirect,1280,jpeg-residual-q50,image-residual,jpeg,7,819200,15,100259,138934,27.00452,25.61485,23.85977,0.8145779,50
gardens,equirect,1280,jpeg-residual-q50,image-residual,jpeg,8,3276800,50,347478,486412,28.69912,29.74307,27.83257,0.9443264,50
gardens,equirect,1280,webp-replacement-q50,image-replacement,webp,4,12800,1,2958,2958,26.87853,19.43302,18.75445,0.4420867,50
gardens,equirect,1280,webp-replacement-q50,image-replacement,webp,5,51200,2,10218,13176,27.70725,21.16168,20.09792,0.5195043,50
gardens,equirect,1280,webp-replacement-q50,image-replacement,webp,6,204800,6,36122,49298,28.1552,23.3181,21.80751,0.6612846,50
gardens,equirect,1280,webp-replacement-q50,image-replacement,webp,7,819200,15,134562,183860,29.17767,26.24676,24.55292,0.833664,50
gardens,equirect,1280,webp-replacement-q50,image-replacement,webp,8,3276800,50,445184,629044,30.49051,30.31544,28.72356,0.947978,50
gardens,equirect,1280,jpeg-replacement-q70,image-replacement,jpeg,4,12800,1,3837,3837,26.27577,19.34371,18.6963,0.4374597,70
gardens,equirect,1280,jpeg-replacement-q70,image-replacement,jpeg,5,51200,2,13380,17217,27.09113,21.04082,20.02905,0.5131827,70
gardens,equirect,1280,jpeg-replacement-q70,image-replacement,jpeg,6,204800,6,48923,66140,27.59966,23.20168,21.76051,0.6631934,70
gardens,equirect,1280,jpeg-replacement-q70,image-replacement,jpeg,7,819200,15,177022,243162,28.29796,26.23516,24.3983,0.839926,70
gardens,equirect,1280,jpeg-replacement-q70,image-replacement,jpeg,8,3276800,50,613936,857098,30.05105,30.70853,28.66637,0.9565074,70
gardens,equirect,1280,jpeg-residual-q70,image-residual,jpeg,4,12800,1,3837,3837,26.27577,19.34371,18.6963,0.4374597,70
gardens,equirect,1280,jpeg-residual-q70,image-residual,jpeg,5,51200,2,10735,14572,27.12961,21.05777,20.03752,0.5132313,70
gardens,equirect,1280,jpeg-residual-q70,image-residual,jpeg,6,204800,6,39241,53813,27.63684,23.22471,21.77026,0.6629788,70
gardens,equirect,1280,jpeg-residual-q70,image-residual,jpeg,7,819200,15,141255,195068,28.33711,26.2643,24.41737,0.84009,70
gardens,equirect,1280,jpeg-residual-q70,image-residual,jpeg,8,3276800,50,478814,673882,30.11408,30.75587,28.71587,0.9567078,70
gardens,equirect,1280,webp-replacement-q70,image-replacement,webp,4,12800,1,3662,3662,27.88,19.60308,18.89467,0.4465891,70
gardens,equirect,1280,webp-replacement-q70,image-replacement,webp,5,51200,2,12650,16312,28.72173,21.34391,20.24263,0.5279319,70
gardens,equirect,1280,webp-replacement-q70,image-replacement,webp,6,204800,6,44770,61082,29.16479,23.55798,21.99896,0.6742596,70
gardens,equirect,1280,webp-replacement-q70,image-replacement,webp,7,819200,15,166698,227780,30.26263,26.68138,24.84243,0.846587,70
gardens,equirect,1280,webp-replacement-q70,image-replacement,webp,8,3276800,50,554970,782750,31.80442,31.06696,29.33775,0.9559551,70
gardens,equirect,1280,jpeg-replacement-q80,image-replacement,jpeg,4,12800,1,4786,4786,27.15105,19.49349,18.82651,0.4438783,80
gardens,equirect,1280,jpeg-replacement-q80,image-replacement,jpeg,5,51200,2,16891,21677,28.09507,21.25943,20.21349,0.5258501,80
gardens,equirect,1280,jpeg-replacement-q80,image-replacement,jpeg,6,204800,6,61762,83439,28.6988,23.49947,21.99028,0.6791863,80
gardens,equirect,1280,jpeg-replacement-q80,image-replacement,jpeg,7,819200,15,223307,306746,29.51417,26.71004,24.77168,0.853552,80
gardens,equirect,1280,jpeg-replacement-q80,image-replacement,jpeg,8,3276800,50,769563,1076309,31.35312,31.45637,29.33007,0.9628328,80
gardens,equirect,1280,jpeg-residual-q80,image-residual,jpeg,4,12800,1,4786,4786,27.15105,19.49349,18.82651,0.4438783,80
gardens,equirect,1280,jpeg-residual-q80,image-residual,jpeg,5,51200,2,13718,18504,28.16446,21.28395,20.22246,0.5256207,80
gardens,equirect,1280,jpeg-residual-q80,image-residual,jpeg,6,204800,6,50235,68739,28.73735,23.51438,22.00035,0.6792541,80
gardens,equirect,1280,jpeg-residual-q80,image-residual,jpeg,7,819200,15,180565,249304,29.55004,26.7291,24.78852,0.8535714,80
gardens,equirect,1280,jpeg-residual-q80,image-residual,jpeg,8,3276800,50,608865,858169,31.41178,31.48333,29.37817,0.9628034,80
gardens,equirect,1280,webp-replacement-q80,image-replacement,webp,4,12800,1,4506,4506,28.83909,19.70148,18.9865,0.4491387,80
gardens,equirect,1280,webp-replacement-q80,image-replacement,webp,5,51200,2,15746,20252,29.69328,21.4829,20.35013,0.5338306,80
gardens,equirect,1280,webp-replacement-q80,image-replacement,webp,6,204800,6,56052,76304,30.12724,23.77022,22.15037,0.6855023,80
gardens,equirect,1280,webp-replacement-q80,image-replacement,webp,7,819200,15,205268,281572,31.24298,27.03589,25.05886,0.8553033,80
gardens,equirect,1280,webp-replacement-q80,image-replacement,webp,8,3276800,50,690624,972196,33.10163,31.7587,29.83983,0.9614982,80
gardens,equirect,1280,jpeg-replacement-q90,image-replacement,jpeg,4,12800,1,6869,6869,29.08548,19.76766,19.04826,0.4501264,90
gardens,equirect,1280,jpeg-replacement-q90,image-replacement,jpeg,5,51200,2,24420,31289,30.0448,21.55721,20.42663,0.5383511,90
gardens,equirect,1280,jpeg-replacement-q90,image-replacement,jpeg,6,204800,6,88853,120142,30.57916,23.88617,22.2596,0.69448,90
gardens,equirect,1280,jpeg-replacement-q90,image-replacement,jpeg,7,819200,15,321366,441508,31.56946,27.32082,25.20882,0.8654005,90
gardens,equirect,1280,jpeg-replacement-q90,image-replacement,jpeg,8,3276800,50,1111713,1553221,33.76837,32.54578,30.24058,0.9685641,90
gardens,equirect,1280,jpeg-residual-q90,image-residual,jpeg,4,12800,1,6869,6869,29.08548,19.76766,19.04826,0.4501264,90
gardens,equirect,1280,jpeg-residual-q90,image-residual,jpeg,5,51200,2,20379,27248,30.11136,21.58229,20.44136,0.5384303,90
gardens,equirect,1280,jpeg-residual-q90,image-residual,jpeg,6,204800,6,74097,101345,30.63445,23.91062,22.27338,0.69455,90
gardens,equirect,1280,jpeg-residual-q90,image-residual,jpeg,7,819200,15,268085,369430,31.64084,27.34664,25.2317,0.8653734,90
gardens,equirect,1280,jpeg-residual-q90,image-residual,jpeg,8,3276800,50,910985,1280415,33.86873,32.57981,30.30142,0.9685183,90
gardens,equirect,1280,webp-replacement-q90,image-replacement,webp,4,12800,1,6410,6410,29.9297,19.81755,19.07954,0.4525662,90
gardens,equirect,1280,webp-replacement-q90,image-replacement,webp,5,51200,2,22554,28964,30.86907,21.61541,20.45361,0.5404775,90
gardens,equirect,1280,webp-replacement-q90,image-replacement,webp,6,204800,6,80998,109962,31.4029,23.98429,22.30171,0.6945361,90
gardens,equirect,1280,webp-replacement-q90,image-replacement,webp,7,819200,15,295862,405824,32.51891,27.44687,25.28478,0.8641429,90
gardens,equirect,1280,webp-replacement-q90,image-replacement,webp,8,3276800,50,1007018,1412842,34.95736,32.66026,30.39836,0.9671089,90
stadium,equirect,1280,exact,exact,deflate,4,12800,1,38400,38400,,25.21337,20.69717,0.5377966,
stadium,equirect,1280,exact,exact,deflate,5,51200,2,153600,192000,,26.81423,22.18098,0.5934117,
stadium,equirect,1280,exact,exact,deflate,6,204800,6,614400,806400,,28.91555,23.98304,0.6992278,
stadium,equirect,1280,exact,exact,deflate,7,819200,15,2457600,3264000,,31.63658,26.46005,0.8313811,
stadium,equirect,1280,exact,exact,deflate,8,3276800,50,9830400,13094400,,36.17748,30.94475,0.9452613,
stadium,equirect,1280,haar-residual-d3,haar-residual,deflate,4,12800,1,29639,29639,57.08903,25.20875,20.69713,0.5377962,3
stadium,equirect,1280,haar-residual-d3,haar-residual,deflate,5,51200,2,58438,88077,54.54387,26.79429,22.18072,0.5934039,3
stadium,equirect,1280,haar-residual-d3,haar-residual,deflate,6,204800,6,160921,248998,51.79623,28.81786,23.9807,0.6991366,3
stadium,equirect,1280,haar-residual-d3,haar-residual,deflate,7,819200,15,411592,660590,48.2133,31.29131,26.44813,0.8309153,3
stadium,equirect,1280,haar-residual-d3,haar-residual,deflate,8,3276800,50,1032866,1693456,44.79412,35.01486,30.86965,0.9437172,3
stadium,equirect,1280,haar-replacement-d3,haar-replacement,deflate,4,12800,1,10355,10355,42.37808,24.8077,20.67789,0.537309,3
stadium,equirect,1280,haar-replacement-d3,haar-replacement,deflate,5,51200,2,36232,46587,42.98657,26.39145,22.16074,0.5924806,3
stadium,equirect,1280,haar-replacement-d3,haar-replacement,deflate,6,204800,6,132580,179167,43.4644,28.35895,23.95583,0.6977582,3
stadium,equirect,1280,haar-replacement-d3,haar-replacement,deflate,7,819200,15,483058,662225,43.94983,30.89574,26.42058,0.8296752,3
stadium,equirect,1280,haar-replacement-d3,haar-replacement,deflate,8,3276800,50,1723209,2385434,44.79412,35.01486,30.86965,0.9437172,3
stadium,equirect,1280,haar-residual-d3-p0.5,haar-residual,deflate,4,12800,1,18117,18117,49.7777,25.12001,20.69516,0.5377551,3
stadium,equirect,1280,haar-residual-d3-p0.5,haar-residual,deflate,5,51200,2,36299,54416,47.78558,26.59301,22.1749,0.5932224,3
stadium,equirect,1280,haar-residual-d3-p0.5,haar-residual,deflate,6,204800,6,115228,169644,45.84476,28.39857,23.96626,0.6985716,3
stadium,equirect,1280,haar-residual-d3-p0.5,haar-residual,deflate,7,819200,15,350561,520205,43.96587,30.60334,26.4135,0.8298474,3
stadium,equirect,1280,haar-residual-d3-p0.5,haar-residual,deflate,8,3276800,50,1032866,1553071,42.3534,34.07171,30.76441,0.9424614,3
stadium,equirect,1280,haar-residual-d6,haar-residual,deflate,4,12800,1,24152,24152,54.29489,25.195,20.69646,0.5377892,6
stadium,equirect,1280,haar-residual-d6,haar-residual,deflate,5,51200,2,43281,67433,51.26878,26.74081,22.1795,0.5933358,6
stadium,equirect,1280,haar-residual-d6,haar-residual,deflate,6,204800,6,115228,182661,47.73516,28.64002,23.97422,0.6987706,6
stadium,equirect,1280,haar-residual-d6,haar-residual,deflate,7,819200,15,295866,478527,43.95004,30.89597,26.42105,0.8296819,6
stadium,equirect,1280,haar-residual-d6,haar-residual,deflate,8,3276800,50,720772,1199299,40.65119,34.33347,30.73835,0.9413231,6
stadium,equirect,1280,haar-replacement-d6,haar-replacement,deflate,4,12800,1,7291,7291,38.27962,24.42235,20.65064,0.53651,6
stadium,equirect,1280,haar-replacement-d6,haar-replacement,deflate,5,51200,2,25304,32595,38.85055,26.01181,22.12184,0.5912395,6
stadium,equirect,1280,haar-replacement-d6,haar-replacement,deflate,6,204800,6,92165,124760,39.31709,27.96328,23.90532,0.6957242,6
stadium,equirect,1280,haar-replacement-d6,haar-replacement,deflate,7,819200,15,338120,462880,39.81837,30.41823,26.3488,0.8271881,6
stadium,equirect,1280,haar-replacement-d6,haar-replacement,deflate,8,3276800,50,1224453,1687333,40.65119,34.33347,30.73835,0.9413231,6
stadium,equirect,1280,haar-residual-d6-p0.5,haar-residual,deflate,4,12800,1,13399,13399,45.26505,24.9367,20.68771,0.5376237,6
stadium,equirect,1280,haar-residual-d6-p0.5,haar-residual,deflate,5,51200,2,26135,39534,43.19633,26.26394,22.15901,0.5927381,6
stadium,equirect,1280,haar-residual-d6-p0.5,haar-residual,deflate,6,204800,6,80688,120222,41.29493,27.87419,23.93018,0.6971321,6
stadium,equirect,1280,haar-residual-d6-p0.5,haar-residual,deflate,7,819200,15,243626,363848,39.50868,29.8601,26.31898,0.8269517,6
stadium,equirect,1280,haar-residual-d6-p0.5,haar-residual,deflate,8,3276800,50,720772,1084620,38.0257,33.02979,30.44535,0.938187,6
stadium,equirect,1280,haar-residual-d12,haar-residual,deflate,4,12800,1,19054,19054,51.08671,25.16045,20.6956,0.5377642,12
stadium,equirect,1280,haar-residual-d12,haar-residual,deflate,5,51200,2,30874,49928,47.31669,26.61739,22.17373,0.5930881,12
stadium,equirect,1280,haar-residual-d12,haar-residual,deflate,6,204800,6,80688,130616,43.46691,28.35959,23.95609,0.6977663,12
stadium,equirect,1280,haar-residual-d12,haar-residual,deflate,7,819200,15,202210,332826,39.81957,30.41983,26.34917,0.8271864,12
stadium,equirect,1280,haar-residual-d12,haar-residual,deflate,8,3276800,50,494537,827363,36.61807,33.56315,30.41017,0.9364946,12
stadium,equirect,1280,haar-replacement-d12,haar-replacement,deflate,4,12800,1,4917,4917,34.18051,23.8596,20.56392,0.5347877,12
stadium,equirect,1280,haar-replacement-d12,haar-replacement,deflate,5,51200,2,17084,22001,34.83769,25.48078,22.02476,0.5878745,12
stadium,equirect,1280,haar-replacement-d12,haar-replacement,deflate,6,204800,6,62442,84443,35.37949,27.41047,23.78379,0.6912576,12
stadium,equirect,1280,haar-replacement-d12,haar-replacement,deflate,7,819200,15,229278,313721,35.86694,29.83295,26.17851,0.821858,12
stadium,equirect,1280,haar-replacement-d12,haar-replacement,deflate,8,3276800,50,847150,1160871,36.61807,33.56315,30.41017,0.9364946,12
stadium,equirect,1280,haar-residual-d12-p0.5,haar-residual,deflate,4,12800,1,9640,9640,40.49978,24.51177,20.66486,0.5371603,12
stadium,equirect,1280,haar-residual-d12-p0.5,haar-residual,deflate,5,51200,2,17839,27479,38.68315,25.69651,22.11055,0.5912384,12
stadium,equirect,1280,haar-residual-d12-p0.5,haar-residual,deflate,6,204800,6,54935,82414,36.94743,27.13112,23.82257,0.6938277,12
stadium,equirect,1280,haar-residual-d12-p0.5,haar-residual,deflate,7,819200,15,165441,247855,35.33076,28.91788,26.0711,0.8211102,12
stadium,equirect,1280,haar-residual-d12-p0.5,haar-residual,deflate,8,3276800,50,494537,742392,33.92035,31.64721,29.69093,0.9293231,12
stadium,equirect,1280,haar-residual-d24,haar-residual,deflate,4,12800,1,14275,14275,46.83149,25.05191,20.69165,0.5376664,24
stadium,equirect,1280,haar-residual-d24,haar-residual,deflate,5,51200,2,21757,36032,42.98657,26.39145,22.16074,0.5924806,24
stadium,equirect,1280,haar-residual-d24,haar-residual,deflate,6,204800,6,54935,90967,39.32133,27.96775,23.90587,0.6957152,24
stadium,equirect,1280,haar-residual-d24,haar-residual,deflate,7,819200,15,133834,224801,35.8668,29.83476,26.17904,0.8218491,24
stadium,equirect,1280,haar-residual-d24,haar-residual,deflate,8,3276800,50,307722,532523,32.57415,32.48718,29.68394,0.9242939,24
stadium,equirect,1280,haar-replacement-d24,haar-replacement,deflate,4,12800,1,3154,3154,30.21779,23.09116,20.3309,0.5308052,24
stadium,equirect,1280,haar-replacement-d24,haar-replacement,deflate,5,51200,2,10595,13749,30.87746,24.74707,21.7713,0.5807649,24
stadium,equirect,1280,haar-replacement-d24,haar-replacement,deflate,6,204800,6,39088,52837,31.38263,26.62182,23.4705,0.6776909,24
stadium,equirect,1280,haar-replacement-d24,haar-replacement,deflate,7,819200,15,146381,199218,31.9017,28.98055,25.76476,0.8072656,24
stadium,equirect,1280,haar-replacement-d24,haar-replacement,deflate,8,3276800,50,551638,750856,32.57415,32.48718,29.68394,0.9242939,24
stadium,equirect,1280,haar-residual-d24-p0.5,haar-residual,deflate,4,12800,1,6598,6598,36.33222,23.93973,20.61698,0.5360466,24
stadium,equirect,1280,haar-residual-d24-p0.5,haar-residual,deflate,5,51200,2,11796,18394,34.62126,24.99149,22.00052,0.5884461,24
stadium,equirect,1280,haar-residual-d24-p0.5,haar-residual,deflate,6,204800,6,35987,54381,32.9874,26.24627,23.58264,0.6871016,24
stadium,equirect,1280,haar-residual-d24-p0.5,haar-residual,deflate,7,819200,15,105936,160317,31.39911,27.75133,25.53234,0.8071673,24
stadium,equirect,1280,haar-residual-d24-p0.5,haar-residual,deflate,8,3276800,50,307722,468039,29.93541,29.78577,28.26302,0.9072849,24
stadium,equirect,1280,jpeg-replacement-q50,image-replacement,jpeg,4,12800,1,1968,1968,28.83554,23.36815,20.10524,0.5268909,50
stadium,equirect,1280,jpeg-replacement-q50,image-replacement,jpeg,5,51200,2,6826,8794,29.26025,24.95983,21.45652,0.5664735,50
stadium,equirect,1280,jpeg-replacement-q50,image-replacement,jpeg,6,204800,6,24944,33738,29.66473,26.67047,23.08506,0.6539117,50
stadium,equirect,1280,jpeg-replacement-q50,image-replacement,jpeg,7,819200,15,93676,127414,29.77429,28.80866,25.21651,0.7840069,50
stadium,equirect,1280,jpeg-replacement-q50,image-replacement,jpeg,8,3276800,50,367500,494914,30.27193,32.04429,28.97316,0.9131209,50
stadium,equirect,1280,jpeg-residual-q50,image-residual,jpeg,4,12800,1,1968,1968,28.83554,23.36815,20.10524,0.5268909,50
stadium,equirect,1280,jpeg-residual-q50,image-residual,jpeg,5,51200,2,5437,7405,29.27144,24.9028,21.46092,0.5669519,50
stadium,equirect,1280,jpeg-residual-q50,image-residual,jpeg,6,204800,6,19975,27380,29.68127,26.70701,23.08677,0.6536659,50
stadium,equirect,1280,jpeg-residual-q50,image-residual,jpeg,7,819200,15,76078,103458,29.7808,28.84196,25.21788,0.7840358,50
stadium,equirect,1280,jpeg-residual-q50,image-residual,jpeg,8,3276800,50,301855,405313,30.28295,32.08874,28.97997,0.9128392,50
stadium,equirect,1280,webp-replacement-q50,image-replacement,webp,4,12800,1,1658,1658,30.03831,23.74067,20.21716,0.5311182,50
stadium,equirect,1280,webp-replacement-q50,image-replacement,webp,5,51200,2,6014,7672,30.70913,25.30214,21.6423,0.5772248,50
stadium,equirect,1280,webp-replacement-q50,image-replacement,webp,6,204800,6,22870,30542,31.11934,27.06187,23.29484,0.6673902,50
stadium,equirect,1280,webp-replacement-q50,image-replacement,webp,7,819200,15,97130,127672,32.09953,29.17946,25.64525,0.8014323,50
stadium,equirect,1280,webp-replacement-q50,image-replacement,webp,8,3276800,50,376278,503950,32.93164,32.45537,29.5222,0.9213214,50
stadium,equirect,1280,jpeg-replacement-q70,image-replacement,jpeg,4,12800,1,2628,2628,30.4018,23.82692,20.28225,0.5303731,70
stadium,equirect,1280,jpeg-replacement-q70,image-replacement,jpeg,5,51200,2,9215,11843,30.65225,25.38178,21.66337,0.5757751,70
stadium,equirect,1280,jpeg-replacement-q70,image-replacement,jpeg,6,204800,6,34359,46202,31.06714,27.22373,23.34478,0.6713156,70
stadium,equirect,1280,jpeg-replacement-q70,image-replacement,jpeg,7,819200,15,130382,176584,31.39933,29.45167,25.61586,0.8036559,70
stadium,equirect,1280,jpeg-replacement-q70,image-replacement,jpeg,8,3276800,50,505608,682192,32.20723,32.9952,29.68115,0.9272005,70
stadium,equirect,1280,jpeg-residual-q70,image-residual,jpeg,4,12800,1,2628,2628,30.4018,23.82692,20.28225,0.5303731,70
stadium,equirect,1280,jpeg-residual-q70,image-residual,jpeg,5,51200,2,7410,10038,30.65017,25.39041,21.65968,0.5757662,70
stadium,equirect,1280,jpeg-residual-q70,image-residual,jpeg,6,204800,6,28037,38075,31.08062,27.20613,23.34646,0.6712079,70
stadium,equirect,1280,jpeg-residual-q70,image-residual,jpeg,7,819200,15,106898,144973,31.40378,29.4684,25.61345,0.803575,70
stadium,equirect,1280,jpeg-residual-q70,image-residual,jpeg,8,3276800,50,419026,563999,32.21739,33.05639,29.68529,0.9271405,70
stadium,equirect,1280,webp-replacement-q70,image-replacement,webp,4,12800,1,2144,2144,31.32973,23.92742,20.33695,0.5333293,70
stadium,equirect,1280,webp-replacement-q70,image-replacement,webp,5,51200,2,7576,9720,31.94287,25.53504,21.75663,0.581983,70
stadium,equirect,1280,webp-replacement-q70,image-replacement,webp,6,204800,6,29310,39030,32.52416,27.35814,23.47146,0.6789207,70
stadium,equirect,1280,webp-replacement-q70,image-replacement,webp,7,819200,15,121622,160652,33.63834,29.52944,25.85319,0.8115844,70
stadium,equirect,1280,webp-replacement-q70,image-replacement,webp,8,3276800,50,464688,625340,34.62055,32.95271,29.90748,0.928497,70
stadium,equirect,1280,jpeg-replacement-q80,image-replacement,jpeg,4,12800,1,3239,3239,31.37567,24.04636,20.36272,0.533064,80
stadium,equirect,1280,jpeg-replacement-q80,image-replacement,jpeg,5,51200,2,11625,14864,31.95581,25.66951,21.79368,0.5820297,80
stadium,equirect,1280,jpeg-replacement-q80,image-replacement,jpeg,6,204800,6,43584,58448,32.37185,27.53686,23.51066,0.6820609,80
stadium,equirect,1280,jpeg-replacement-q80,image-replacement,jpeg,7,819200,15,166232,224680,32.94385,29.86747,25.86683,0.8149859,80
stadium,equirect,1280,jpeg-replacement-q80,image-replacement,jpeg,8,3276800,50,638863,863543,33.97417,33.64603,30.08467,0.9344947,80
stadium,equirect,1280,jpeg-residual-q80,image-residual,jpeg,4,12800,1,3239,3239,31.37567,24.04636,20.36272,0.533064,80
stadium,equirect,1280,jpeg-residual-q80,image-residual,jpeg,5,51200,2,9508,12747,31.95274,25.63467,21.80101,0.5822319,80
stadium,equirect,1280,jpeg-residual-q80,image-residual,jpeg,6,204800,6,35971,48718,32.38229,27.48621,23.51162,0.68161,80
stadium,equirect,1280,jpeg-residual-q80,image-residual,jpeg,7,819200,15,138025,186743,32.92443,29.80194,25.86559,0.81472,80
stadium,equirect,1280,jpeg-residual-q80,image-residual,jpeg,8,3276800,50,535271,722014,33.95764,33.49346,30.08322,0.9341269,80
stadium,equirect,1280,webp-replacement-q80,image-replacement,webp,4,12800,1,2746,2746,32.54548,24.08419,20.41174,0.5348744,80
stadium,equirect,1280,webp-replacement-q80,image-replacement,webp,5,51200,2,9844,12590,33.29217,25.64381,21.85277,0.5863046,80
stadium,equirect,1280,webp-replacement-q80,image-replacement,webp,6,204800,6,37508,50098,34.07063,27.56931,23.60157,0.686282,80
stadium,equirect,1280,webp-replacement-q80,image-replacement,webp,7,819200,15,151908,202006,35.21032,29.79668,26.0064,0.8182705,80
stadium,equirect,1280,webp-replacement-q80,image-replacement,webp,8,3276800,50,575392,777398,36.42554,33.36816,30.20343,0.9336672,80
stadium,equirect,1280,jpeg-replacement-q90,image-replacement,jpeg,4,12800,1,4720,4720,33.35617,24.3086,20.47055,0.5358958,90
stadium,equirect,1280,jpeg-replacement-q90,image-replacement,jpeg,5,51200,2,17248,21968,34.12721,25.98179,21.93059,0.5897561,90
stadium,equirect,1280,jpeg-replacement-q90,image-replacement,jpeg,6,204800,6,64535,86503,34.84498,27.94183,23.69076,0.6936353,90
stadium,equirect,1280,jpeg-replacement-q90,image-replacement,jpeg,7,819200,15,244371,330874,35.7766,30.40299,26.1166,0.8254675,90
stadium,equirect,1280,jpeg-replacement-q90,image-replacement,jpeg,8,3276800,50,929501,1260375,37.28743,34.45053,30.48943,0.9412206,90
stadium,equirect,1280,jpeg-residual-q90,image-residual,jpeg,4,12800,1,4720,4720,33.35617,24.3086,20.47055,0.5358958,90
stadium,equirect,1280,jpeg-residual-q90,image-residual,jpeg,5,51200,2,14364,19084,34.1452,25.93361,21.92761,0.5896881,90
stadium,equirect,1280,jpeg-residual-q90,image-residual,jpeg,6,204800,6,54720,73804,34.85354,27.86353,23.69513,0.6934213,90
stadium,equirect,1280,jpeg-residual-q90,image-residual,jpeg,7,819200,15,208270,282074,35.75788,30.27127,26.11985,0.825301,90
stadium,equirect,1280,jpeg-residual-q90,image-residual,jpeg,8,3276800,50,799555,1081629,37.24025,34.15597,30.49112,0.9409694,90
stadium,equirect,1280,webp-replacement-q90,image-replacement,webp,4,12800,1,4170,4170,34.46254,24.46982,20.48988,0.5363987,90
stadium,equirect,1280,webp-replacement-q90,image-replacement,webp,5,51200,2,15032,19202,35.35338,25.99964,21.94663,0.5902763,90
stadium,equirect,1280,webp-replacement-q90,image-replacement,webp,6,204800,6,56608,75810,36.28262,27.84871,23.71783,0.6930659,90
stadium,equirect,1280,webp-replacement-q90,image-replacement,webp,7,819200,15,223272,299082,37.61923,30.1691,26.15566,0.8244881,90
stadium,equirect,1280,webp-replacement-q90,image-replacement,webp,8,3276800,50,838984,1138066,39.58417,33.92108,30.53354,0.9391768,90
superblock,equirect,1280,exact,exact,deflate,4,12800,1,38400,38400,,18.88941,18.69446,0.2792909,
superblock,equirect,1280,exact,exact,deflate,5,51200,2,153600,192000,,20.14485,19.93254,0.3751116,
superblock,equirect,1280,exact,exact,deflate,6,204800,6,614400,806400,,22.05512,21.85103,0.5694986,
superblock,equirect,1280,exact,exact,deflate,7,819200,15,2457600,3264000,,25.37442,25.18925,0.8049976,
superblock,equirect,1280,exact,exact,deflate,8,3276800,50,9830400,13094400,,31.27627,31.09672,0.9558185,
superblock,equirect,1280,haar-residual-d3,haar-residual,deflate,4,12800,1,36799,36799,56.9524,18.88931,18.69436,0.2792966,3
superblock,equirect,1280,haar-residual-d3,haar-residual,deflate,5,51200,2,84308,121107,54.1717,20.14441,19.93217,0.3751156,3
superblock,equirect,1280,haar-residual-d3,haar-residual,deflate,6,204800,6,278718,399825,50.69453,22.05281,21.84894,0.5694705,3
superblock,equirect,1280,haar-residual-d3,haar-residual,deflate,7,819200,15,845660,1245485,46.04794,25.35964,25.1755,0.8047721,3
superblock,equirect,1280,haar-residual-d3,haar-residual,deflate,8,3276800,50,2148260,3393745,41.3859,31.11951,30.94713,0.9550615,3
superblock,equirect,1280,haar-replacement-d3,haar-replacement,deflate,4,12800,1,17160,17160,40.51799,18.87436,18.6805,0.2791389,3
superblock,equirect,1280,haar-replacement-d3,haar-replacement,deflate,5,51200,2,65150,82310,40.62953,20.12644,19.91546,0.3748105,3
superblock,equirect,1280,haar-replacement-d3,haar-replacement,deflate,6,204800,6,255938,338248,40.70148,22.0264,21.82424,0.5688874,3
superblock,equirect,1280,haar-replacement-d3,haar-replacement,deflate,7,819200,15,974588,1312836,40.86434,25.3206,25.13861,0.8042076,3
superblock,equirect,1280,haar-replacement-d3,haar-replacement,deflate,8,3276800,50,3427192,4740028,41.3859,31.11951,30.94713,0.9550615,3
superblock,equirect,1280,haar-residual-d3-p0.5,haar-residual,deflate,4,12800,1,25118,25118,49.51481,18.88714,18.69235,0.2792564,3
superblock,equirect,1280,haar-residual-d3-p0.5,haar-residual,deflate,5,51200,2,63503,88621,46.98092,20.14062,19.92876,0.3750552,3
superblock,equirect,1280,haar-residual-d3-p0.5,haar-residual,deflate,6,204800,6,224020,312641,44.32421,22.04118,21.83842,0.5693007,3
superblock,equirect,1280,haar-residual-d3-p0.5,haar-residual,deflate,7,819200,15,738363,1051004,41.70454,25.32065,25.13918,0.8043223,3
superblock,equirect,1280,haar-residual-d3-p0.5,haar-residual,deflate,8,3276800,50,2148260,3199264,39.40459,30.95294,30.79008,0.9544908,3
superblock,equirect,1280,haar-residual-d6,haar-residual,deflate,4,12800,1,31198,31198,54.11043,18.88891,18.69402,0.2792821,6
superblock,equirect,1280,haar-residual-d6,haar-residual,deflate,5,51200,2,70365,101563,50.64504,20.14336,19.93124,0.3750869,6
superblock,equirect,1280,haar-residual-d6,haar-residual,deflate,6,204800,6,224020,325583,45.9369,22.04728,21.84396,0.569338,6
superblock,equirect,1280,haar-residual-d6,haar-residual,deflate,7,819200,15,640751,966334,40.86576,25.32019,25.13824,0.8042051,6
superblock,equirect,1280,haar-residual-d6,haar-residual,deflate,8,3276800,50,1469953,2436287,36.51275,30.77924,30.61482,0.9535611,6
superblock,equirect,1280,haar-replacement-d6,haar-replacement,deflate,4,12800,1,12454,12454,35.49508,18.83867,18.64676,0.2788889,6
superblock,equirect,1280,haar-replacement-d6,haar-replacement,deflate,5,51200,2,47403,59857,35.52464,20.07788,19.86926,0.3739622,6
superblock,equirect,1280,haar-replacement-d6,haar-replacement,deflate,6,204800,6,186491,246348,35.61758,21.95792,21.75863,0.5674266,6
superblock,equirect,1280,haar-replacement-d6,haar-replacement,deflate,7,819200,15,709938,956286,35.87729,25.19264,25.01433,0.8024506,6
superblock,equirect,1280,haar-replacement-d6,haar-replacement,deflate,8,3276800,50,2477614,3433900,36.51275,30.77924,30.61482,0.9535611,6
superblock,equirect,1280,haar-residual-d6-p0.5,haar-residual,deflate,4,12800,1,20897,20897,44.4024,18.88316,18.68885,0.279284,6
superblock,equirect,1280,haar-residual-d6-p0.5,haar-residual,deflate,5,51200,2,49735,70632,41.63785,20.12718,19.91648,0.3748627,6
superblock,equirect,1280,haar-residual-d6-p0.5,haar-residual,deflate,6,204800,6,171432,242064,38.9357,22.00272,21.80262,0.5686088,6
superblock,equirect,1280,haar-residual-d6-p0.5,haar-residual,deflate,7,819200,15,543183,785247,36.43871,25.18253,25.00798,0.8027405,6
superblock,equirect,1280,haar-residual-d6-p0.5,haar-residual,deflate,8,3276800,50,1469953,2255200,34.38401,30.26138,30.11652,0.9516815,6
superblock,equirect,1280,haar-residual-d12,haar-residual,deflate,4,12800,1,25958,25958,50.5794,18.88818,18.69332,0.2792831,12
superblock,equirect,1280,haar-residual-d12,haar-residual,deflate,5,51200,2,56759,82717,45.89606,20.13948,19.92767,0.375005,12
superblock,equirect,1280,haar-residual-d12,haar-residual,deflate,6,204800,6,171432,254149,40.7041,22.02625,21.82415,0.5688887,12
superblock,equirect,1280,haar-residual-d12,haar-residual,deflate,7,819200,15,448310,702459,35.8771,25.19217,25.01394,0.8024503,12
superblock,equirect,1280,haar-residual-d12,haar-residual,deflate,8,3276800,50,924351,1626810,32.16523,29.91803,29.76331,0.9483605,12
superblock,equirect,1280,haar-replacement-d12,haar-replacement,deflate,4,12800,1,8269,8269,30.86342,18.72697,18.53858,0.2783893,12
superblock,equirect,1280,haar-replacement-d12,haar-replacement,deflate,5,51200,2,31321,39590,31.05295,19.94764,19.74287,0.3715969,12
superblock,equirect,1280,haar-replacement-d12,haar-replacement,deflate,6,204800,6,124134,163724,31.09786,21.76267,21.56905,0.5622966,12
superblock,equirect,1280,haar-replacement-d12,haar-replacement,deflate,7,819200,15,478550,642274,31.37593,24.83899,24.6667,0.7961461,12
superblock,equirect,1280,haar-replacement-d12,haar-replacement,deflate,8,3276800,50,1665905,2308179,32.16523,29.91803,29.76331,0.9483605,12
superblock,equirect,1280,haar-residual-d12-p0.5,haar-residual,deflate,4,12800,1,16302,16302,38.93392,18.86379,18.67059,0.2790678,12
superblock,equirect,1280,haar-residual-d12-p0.5,haar-residual,deflate,5,51200,2,36727,53029,36.26355,20.07999,19.8721,0.3742664,12
superblock,equirect,1280,haar-residual-d12-p0.5,haar-residual,deflate,6,204800,6,120209,173238,33.75802,21.87686,21.68282,0.5664835,12
superblock,equirect,1280,haar-residual-d12-p0.5,haar-residual,deflate,7,819200,15,364103,537341,31.55491,24.77398,24.6112,0.7974197,12
superblock,equirect,1280,haar-residual-d12-p0.5,haar-residual,deflate,8,3276800,50,924351,1461692,29.86543,28.6849,28.56068,0.9422425,12
superblock,equirect,1280,haar-residual-d24,haar-residual,deflate,4,12800,1,21568,21568,45.8644,18.8854,18.69072,0.2792589,24
superblock,equirect,1280,haar-residual-d24,haar-residual,deflate,5,51200,2,43084,64652,40.62953,20.12644,19.91546,0.3748105,24
superblock,equirect,1280,haar-residual-d24,haar-residual,deflate,6,204800,6,120209,184861,35.61946,21.95764,21.75842,0.567425,24
superblock,equirect,1280,haar-residual-d24,haar-residual,deflate,7,819200,15,285208,470069,31.37625,24.8384,24.66621,0.7961466,24
superblock,equirect,1280,haar-residual-d24,haar-residual,deflate,8,3276800,50,524263,994332,28.33472,28.26365,28.11953,0.9318497,24
superblock,equirect,1280,haar-replacement-d24,haar-replacement,deflate,4,12800,1,4994,4994,27.07782,18.46575,18.27894,0.2745235,24
superblock,equirect,1280,haar-replacement-d24,haar-replacement,deflate,5,51200,2,18560,23554,27.15935,19.61995,19.41768,0.3630202,24
superblock,equirect,1280,haar-replacement-d24,haar-replacement,deflate,6,204800,6,73806,97360,27.27228,21.3102,21.11651,0.5450079,24
superblock,equirect,1280,haar-replacement-d24,haar-replacement,deflate,7,819200,15,289675,387035,27.53859,24.04269,23.87471,0.7755799,24
superblock,equirect,1280,haar-replacement-d24,haar-replacement,deflate,8,3276800,50,1031275,1418310,28.33472,28.26365,28.11953,0.9318497,24
superblock,equirect,1280,haar-residual-d24-p0.5,haar-residual,deflate,4,12800,1,11646,11646,33.83958,18.80377,18.61468,0.2787211,24
superblock,equirect,1280,haar-residual-d24-p0.5,haar-residual,deflate,5,51200,2,23967,35613,31.40871,19.93844,19.7381,0.3724648,24
superblock,equirect,1280,haar-residual-d24-p0.5,haar-residual,deflate,6,204800,6,75085,110698,29.20907,21.5306,21.34916,0.5595758,24
superblock,equirect,1280,haar-residual-d24-p0.5,haar-residual,deflate,7,819200,15,216381,327079,27.33573,23.82547,23.67817,0.7800331,24
superblock,equirect,1280,haar-residual-d24-p0.5,haar-residual,deflate,8,3276800,50,524263,851342,25.93121,26.16886,26.05233,0.9133612,24
superblock,equirect,1280,jpeg-replacement-q50,image-replacement,jpeg,4,12800,1,2562,2562,25.20844,18.03902,17.82891,0.2619177,50
superblock,equirect,1280,jpeg-replacement-q50,image-replacement,jpeg,5,51200,2,9450,12012,25.17274,19.09919,18.87482,0.3262839,50
superblock,equirect,1280,jpeg-replacement-q50,image-replacement,jpeg,6,204800,6,38497,50509,24.90781,20.53096,20.29159,0.4884704,50
superblock,equirect,1280,jpeg-replacement-q50,image-replacement,jpeg,7,819200,15,155471,205980,25.06824,22.80882,22.56741,0.7261174,50
superblock,equirect,1280,jpeg-replacement-q50,image-replacement,jpeg,8,3276800,50,592293,798273,26.62432,26.6765,26.44279,0.9159514,50
superblock,equirect,1280,jpeg-residual-q50,image-residual,jpeg,4,12800,1,2562,2562,25.20844,18.03902,17.82891,0.2619177,50
superblock,equirect,1280,jpeg-residual-q50,image-residual,jpeg,5,51200,2,7658,10220,25.18572,19.10233,18.87813,0.3258854,50
superblock,equirect,1280,jpeg-residual-q50,image-residual,jpeg,6,204800,6,31549,41769,24.93505,20.53311,20.29605,0.4879976,50
superblock,equirect,1280,jpeg-residual-q50,image-residual,jpeg,7,819200,15,127406,169175,25.10114,22.82189,22.58123,0.726107,50
superblock,equirect,1280,jpeg-residual-q50,image-residual,jpeg,8,3276800,50,475866,645041,26.69071,26.72101,26.49045,0.9159718,50
superblock,equirect,1280,webp-replacement-q50,image-replacement,webp,4,12800,1,2684,2684,26.62573,18.27726,18.07289,0.2716095,50
superblock,equirect,1280,webp-replacement-q50,image-replacement,webp,5,51200,2,10698,13382,26.78286,19.39271,19.16994,0.3530372,50
superblock,equirect,1280,webp-replacement-q50,image-replacement,webp,6,204800,6,45180,58562,26.7164,20.97984,20.74722,0.5320116,50
superblock,equirect,1280,webp-replacement-q50,image-replacement,webp,7,819200,15,180812,239374,27.14224,23.55311,23.33679,0.7633671,50
superblock,equirect,1280,webp-replacement-q50,image-replacement,webp,8,3276800,50,634372,873746,28.59916,27.67181,27.49149,0.9269537,50
superblock,equirect,1280,jpeg-replacement-q70,image-replacement,jpeg,4,12800,1,3454,3454,26.1922,18.20569,18.00817,0.2672373,70
superblock,equirect,1280,jpeg-replacement-q70,image-replacement,jpeg,5,51200,2,13256,16710,26.14062,19.31371,19.08649,0.3442238,70
superblock,equirect,1280,jpeg-replacement-q70,image-replacement,jpeg,6,204800,6,54066,70776,25.98715,20.85515,20.62087,0.5225296,70
superblock,equirect,1280,jpeg-replacement-q70,image-replacement,jpeg,7,819200,15,217760,288536,26.29432,23.3644,23.13028,0.7609621,70
superblock,equirect,1280,jpeg-replacement-q70,image-replacement,jpeg,8,3276800,50,809394,1097930,28.02851,27.60462,27.37772,0.9337314,70
superblock,equirect,1280,jpeg-residual-q70,image-residual,jpeg,4,12800,1,3454,3454,26.1922,18.20569,18.00817,0.2672373,70
superblock,equirect,1280,jpeg-residual-q70,image-residual,jpeg,5,51200,2,10948,14402,26.14566,19.31114,19.08482,0.3445446,70
superblock,equirect,1280,jpeg-residual-q70,image-residual,jpeg,6,204800,6,44877,59279,25.99897,20.85827,20.62333,0.5224894,70
superblock,equirect,1280,jpeg-residual-q70,image-residual,jpeg,7,819200,15,180336,239615,26.32303,23.37539,23.14325,0.7608645,70
superblock,equirect,1280,jpeg-residual-q70,image-residual,jpeg,8,3276800,50,654581,894196,28.09356,27.64066,27.41797,0.9336414,70
superblock,equirect,1280,webp-replacement-q70,image-replacement,webp,4,12800,1,3422,3422,27.67559,18.37212,18.17148,0.2741509,70
superblock,equirect,1280,webp-replacement-q70,image-replacement,webp,5,51200,2,13596,17018,27.7058,19.52014,19.29717,0.3611087,70
superblock,equirect,1280,webp-replacement-q70,image-replacement,webp,6,204800,6,56072,73090,27.57554,21.14087,20.90555,0.5452494,70
superblock,equirect,1280,webp-replacement-q70,image-replacement,webp,7,819200,15,223520,296610,28.0949,23.84064,23.61773,0.7785832,70
superblock,equirect,1280,webp-replacement-q70,image-replacement,webp,8,3276800,50,790924,1087534,29.82459,28.30499,28.11548,0.9375583,70
superblock,equirect,1280,jpeg-replacement-q80,image-replacement,jpeg,4,12800,1,4397,4397,27.02717,18.32753,18.1291,0.2713108,80
superblock,equirect,1280,jpeg-replacement-q80,image-replacement,jpeg,5,51200,2,17082,21479,27.05384,19.47385,19.2511,0.3577787,80
superblock,equirect,1280,jpeg-replacement-q80,image-replacement,jpeg,6,204800,6,69461,90940,26.96843,21.08602,20.85521,0.5430843,80
superblock,equirect,1280,jpeg-replacement-q80,image-replacement,jpeg,7,819200,15,277280,368220,27.39527,23.75799,23.52989,0.7807972,80
superblock,equirect,1280,jpeg-replacement-q80,image-replacement,jpeg,8,3276800,50,1015103,1383323,29.28942,28.29405,28.07688,0.9430203,80
superblock,equirect,1280,jpeg-residual-q80,image-residual,jpeg,4,12800,1,4397,4397,27.02717,18.32753,18.1291,0.2713108,80
superblock,equirect,1280,jpeg-residual-q80,image-residual,jpeg,5,51200,2,14265,18662,27.08423,19.47591,19.25392,0.3575109,80
superblock,equirect,1280,jpeg-residual-q80,image-residual,jpeg,6,204800,6,58221,76883,26.99256,21.09085,20.85995,0.5425643,80
superblock,equirect,1280,jpeg-residual-q80,image-residual,jpeg,7,819200,15,231931,308814,27.44295,23.77604,23.54998,0.7806116,80
superblock,equirect,1280,jpeg-residual-q80,image-residual,jpeg,8,3276800,50,829063,1137877,29.36909,28.34662,28.13554,0.9429214,80
superblock,equirect,1280,webp-replacement-q80,image-replacement,webp,4,12800,1,4266,4266,28.46841,18.44862,18.24875,0.2762114,80
superblock,equirect,1280,webp-replacement-q80,image-replacement,webp,5,51200,2,17114,21380,28.53512,19.62141,19.39789,0.3680461,80
superblock,equirect,1280,webp-replacement-q80,image-replacement,webp,6,204800,6,69758,91138,28.37706,21.27328,21.03838,0.5551327,80
superblock,equirect,1280,webp-replacement-q80,image-replacement,webp,7,819200,15,277308,368446,28.98453,24.0704,23.84349,0.7891256,80
superblock,equirect,1280,webp-replacement-q80,image-replacement,webp,8,3276800,50,983494,1351940,31.01722,28.82852,28.62508,0.9447243,80
superblock,equirect,1280,jpeg-replacement-q90,image-replacement,jpeg,4,12800,1,6548,6548,28.78648,18.49842,18.29823,0.2775166,90
superblock,equirect,1280,jpeg-replacement-q90,image-replacement,jpeg,5,51200,2,25431,31979,28.72822,19.66754,19.44456,0.3705519,90
superblock,equirect,1280,jpeg-replacement-q90,image-replacement,jpeg,6,204800,6,101843,133822,28.56982,21.34388,21.11124,0.5621587,90
superblock,equirect,1280,jpeg-replacement-q90,image-replacement,jpeg,7,819200,15,401445,535267,29.19081,24.19932,23.97077,0.7978778,90
superblock,equirect,1280,jpeg-replacement-q90,image-replacement,jpeg,8,3276800,50,1457837,1993104,31.49708,29.20116,28.98632,0.951579,90
superblock,equirect,1280,jpeg-residual-q90,image-residual,jpeg,4,12800,1,6548,6548,28.78648,18.49842,18.29823,0.2775166,90
superblock,equirect,1280,jpeg-residual-q90,image-residual,jpeg,5,51200,2,21658,28206,28.7756,19.67578,19.45335,0.3706234,90
superblock,equirect,1280,jpeg-residual-q90,image-residual,jpeg,6,204800,6,87045,115251,28.62742,21.35703,21.12491,0.5621125,90
superblock,equirect,1280,jpeg-residual-q90,image-residual,jpeg,7,819200,15,343897,459148,29.27256,24.22539,24.00008,0.7977684,90
superblock,equirect,1280,jpeg-residual-q90,image-residual,jpeg,8,3276800,50,1225035,1684183,31.64906,29.28535,29.07909,0.951506,90
superblock,equirect,1280,webp-replacement-q90,image-replacement,webp,4,12800,1,6110,6110,29.4229,18.51479,18.31081,0.2780286,90
superblock,equirect,1280,webp-replacement-q90,image-replacement,webp,5,51200,2,24338,30448,29.4827,19.7006,19.47597,0.3716093,90
superblock,equirect,1280,webp-replacement-q90,image-replacement,webp,6,204800,6,99664,130112,29.30923,21.3987,21.15844,0.5637702,90
superblock,equirect,1280,webp-replacement-q90,image-replacement,webp,7,819200,15,392258,522370,29.99942,24.29358,24.05657,0.7983934,90
superblock,equirect,1280,webp-replacement-q90,image-replacement,webp,8,3276800,50,1412158,1934528,32.63208,29.41636,29.18809,0.9512875,90
northrop-mall,cube,768,exact,exact,deflate,4,13824,1,41472,41472,,21.1469,18.72171,0.481791,
northrop-mall,cube,768,exact,exact,deflate,5,55296,6,165888,207360,,22.45288,19.96986,0.5525812,
northrop-mall,cube,768,exact,exact,deflate,6,221184,6,663552,870912,,24.31764,21.77264,0.6899098,
northrop-mall,cube,768,exact,exact,deflate,7,884736,24,2654208,3525120,,27.3167,24.70718,0.8509872,
northrop-mall,cube,768,exact,exact,deflate,8,3538944,54,10616832,14141952,,32.58736,29.97024,0.9617821,
northrop-mall,cube,768,haar-residual-d3,haar-residual,deflate,4,13824,1,37286,37286,57.08613,21.14525,18.72165,0.4818069,3
northrop-mall,cube,768,haar-residual-d3,haar-residual,deflate,5,55296,6,78624,115910,54.38282,22.44575,19.96964,0.5526061,3
northrop-mall,cube,768,haar-residual-d3,haar-residual,deflate,6,221184,6,230170,346080,51.27854,24.28615,21.77104,0.6898474,3
northrop-mall,cube,768,haar-residual-d3,haar-residual,deflate,7,884736,24,667615,1013695,47.18318,27.20777,24.6972,0.8505337,3
northrop-mall,cube,768,haar-residual-d3,haar-residual,deflate,8,3538944,54,1753831,2767526,42.98121,32.16589,29.88382,0.9599607,3
northrop-mall,cube,768,haar-replacement-d3,haar-replacement,deflate,4,13824,1,15397,15397,41.46504,20.9926,18.70992,0.4814415,3
northrop-mall,cube,768,haar-replacement-d3,haar-replacement,deflate,5,55296,6,55761,71158,41.79637,22.28377,19.95631,0.5517366,3
northrop-mall,cube,768,haar-replacement-d3,haar-replacement,deflate,6,221184,6,204627,275785,42.13228,24.13349,21.75316,0.6885684,3
northrop-mall,cube,768,haar-replacement-d3,haar-replacement,deflate,7,884736,24,774142,1049927,42.42464,27.07408,24.67354,0.8492269,3
northrop-mall,cube,768,haar-replacement-d3,haar-replacement,deflate,8,3538944,54,2806441,3856368,42.98121,32.16589,29.88382,0.9599607,3
northrop-mall,cube,768,haar-residual-d3-p0.5,haar-residual,deflate,4,13824,1,24265,24265,49.62606,21.11204,18.72006,0.4817872,3
northrop-mall,cube,768,haar-residual-d3-p0.5,haar-residual,deflate,5,55296,6,54448,78713,47.37867,22.36584,19.96579,0.552461,3
northrop-mall,cube,768,haar-residual-d3-p0.5,haar-residual,deflate,6,221184,6,175461,254174,45.13548,24.14329,21.76124,0.6893328,3
northrop-mall,cube,768,haar-residual-d3-p0.5,haar-residual,deflate,7,884736,24,574836,829010,42.89909,26.9784,24.67028,0.8494658,3
northrop-mall,cube,768,haar-residual-d3-p0.5,haar-residual,deflate,8,3538944,54,1753831,2582841,40.87502,31.78646,29.78498,0.9587045,3
northrop-mall,cube,768,haar-residual-d6,haar-residual,deflate,4,13824,1,31054,31054,54.26213,21.14139,18.72118,0.4817963,6
northrop-mall,cube,768,haar-residual-d6,haar-residual,deflate,5,55296,6,62115,93169,50.97726,22.42511,19.96857,0.5525444,6
northrop-mall,cube,768,haar-residual-d6,haar-residual,deflate,6,221184,6,175461,268630,46.91738,24.22716,21.76638,0.6895081,6
northrop-mall,cube,768,haar-residual-d6,haar-residual,deflate,7,884736,24,491896,760526,42.42518,27.07362,24.67308,0.8492258,6
northrop-mall,cube,768,haar-residual-d6,haar-residual,deflate,8,3538944,54,1261181,2021707,38.2402,31.82468,29.71291,0.9574698,6
northrop-mall,cube,768,haar-replacement-d6,haar-replacement,deflate,4,13824,1,11441,11441,36.59016,20.79542,18.68233,0.4807623,6
northrop-mall,cube,768,haar-replacement-d6,haar-replacement,deflate,5,55296,6,40951,52392,36.95586,22.12527,19.92583,0.5501953,6
northrop-mall,cube,768,haar-replacement-d6,haar-replacement,deflate,6,221184,6,151709,204101,37.23329,23.97864,21.71013,0.6865716,6
northrop-mall,cube,768,haar-replacement-d6,haar-replacement,deflate,7,884736,24,570048,774149,37.6227,26.89344,24.60228,0.8469109,6
northrop-mall,cube,768,haar-replacement-d6,haar-replacement,deflate,8,3538944,54,2053535,2827684,38.2402,31.82468,29.71291,0.9574698,6
northrop-mall,cube,768,haar-residual-d6-p0.5,haar-residual,deflate,4,13824,1,19083,19083,44.77211,21.04201,18.71567,0.4816976,6
northrop-mall,cube,768,haar-residual-d6-p0.5,haar-residual,deflate,5,55296,6,40820,59903,42.40943,22.2316,19.95575,0.5519953,6
northrop-mall,cube,768,haar-residual-d6-p0.5,haar-residual,deflate,6,221184,6,129788,189691,40.14695,23.94765,21.73445,0.687905,6
northrop-mall,cube,768,haar-residual-d6-p0.5,haar-residual,deflate,7,884736,24,423167,612858,37.96352,26.67887,24.5862,0.8465745,6
northrop-mall,cube,768,haar-residual-d6-p0.5,haar-residual,deflate,8,3538944,54,1261181,1874039,36.04437,31.14079,29.41733,0.9544954,6
northrop-mall,cube,768,haar-residual-d12,haar-residual,deflate,4,13824,1,25357,25357,50.78672,21.1274,18.72091,0.4817804,12
northrop-mall,cube,768,haar-residual-d12,haar-residual,deflate,5,55296,6,47233,72590,46.6331,22.37529,19.96578,0.552365,12
northrop-mall,cube,768,haar-residual-d12,haar-residual,deflate,6,221184,6,129788,202378,42.13228,24.13349,21.75316,0.6885684,12
northrop-mall,cube,768,haar-residual-d12,haar-residual,deflate,7,884736,24,360289,562667,37.62264,26.89352,24.60194,0.846912,12
northrop-mall,cube,768,haar-residual-d12,haar-residual,deflate,8,3538944,54,853687,1416354,33.89766,31.25067,29.25665,0.953283,12
northrop-mall,cube,768,haar-replacement-d12,haar-replacement,deflate,4,13824,1,7952,7952,32.0409,20.53709,18.61321,0.479011,12
northrop-mall,cube,768,haar-replacement-d12,haar-replacement,deflate,5,55296,6,28269,36221,32.44589,21.8319,19.832,0.5475478,12
northrop-mall,cube,768,haar-replacement-d12,haar-replacement,deflate,6,221184,6,105425,141646,32.69528,23.71447,21.58749,0.6824358,12
northrop-mall,cube,768,haar-replacement-d12,haar-replacement,deflate,7,884736,24,403396,545042,33.09486,26.56036,24.39761,0.8421744,12
northrop-mall,cube,768,haar-replacement-d12,haar-replacement,deflate,8,3538944,54,1445428,1990470,33.89766,31.25067,29.25665,0.953283,12
northrop-mall,cube,768,haar-residual-d12-p0.5,haar-residual,deflate,4,13824,1,14487,14487,39.77033,20.86837,18.70184,0.481326,12
northrop-mall,cube,768,haar-residual-d12-p0.5,haar-residual,deflate,5,55296,6,29766,44253,37.44385,21.99445,19.9227,0.5505702,12
northrop-mall,cube,768,haar-residual-d12-p0.5,haar-residual,deflate,6,221184,6,96013,140266,35.21805,23.63676,21.65301,0.6847375,12
northrop-mall,cube,768,haar-residual-d12-p0.5,haar-residual,deflate,7,884736,24,299845,440111,33.18291,26.18235,24.34979,0.8411176,12
northrop-mall,cube,768,haar-residual-d12-p0.5,haar-residual,deflate,8,3538944,54,853687,1293798,31.54084,29.94436,28.50331,0.9467747,12
northrop-mall,cube,768,haar-residual-d24,haar-residual,deflate,4,13824,1,19942,19942,46.30125,21.08223,18.71888,0.4817333,24
northrop-mall,cube,768,haar-residual-d24,haar-residual,deflate,5,55296,6,34970,54912,41.79637,22.28377,19.95631,0.5517366,24
northrop-mall,cube,768,haar-residual-d24,haar-residual,deflate,6,221184,6,96013,150925,37.23329,23.97864,21.71013,0.6865716,24
northrop-mall,cube,768,haar-residual-d24,haar-residual,deflate,7,884736,24,243217,394142,33.0944,26.55988,24.39712,0.8421729,24
northrop-mall,cube,768,haar-residual-d24,haar-residual,deflate,8,3538944,54,526296,920438,30.07581,30.16122,28.27519,0.9438818,24
northrop-mall,cube,768,haar-replacement-d24,haar-replacement,deflate,4,13824,1,5177,5177,28.27804,20.16207,18.43502,0.4750755,24
northrop-mall,cube,768,haar-replacement-d24,haar-replacement,deflate,5,55296,6,17835,23012,28.5501,21.42593,19.62119,0.5411187,24
northrop-mall,cube,768,haar-replacement-d24,haar-replacement,deflate,6,221184,6,66405,89417,28.86985,23.21395,21.29828,0.6722839,24
northrop-mall,cube,768,haar-replacement-d24,haar-replacement,deflate,7,884736,24,257613,347030,29.27433,25.93367,23.92389,0.8308594,24
northrop-mall,cube,768,haar-replacement-d24,haar-replacement,deflate,8,3538944,54,950731,1297761,30.07581,30.16122,28.27519,0.9438818,24
northrop-mall,cube,768,haar-residual-d24-p0.5,haar-residual,deflate,4,13824,1,10576,10576,34.79652,20.57713,18.65573,0.4804271,24
northrop-mall,cube,768,haar-residual-d24-p0.5,haar-residual,deflate,5,55296,6,20568,31144,32.62681,21.62284,19.8222,0.5476696,24
northrop-mall,cube,768,haar-residual-d24-p0.5,haar-residual,deflate,6,221184,6,63171,94315,30.61525,23.12024,21.42118,0.6783668,24
northrop-mall,cube,768,haar-residual-d24-p0.5,haar-residual,deflate,7,884736,24,190372,284687,28.88863,25.27839,23.74476,0.8292626,24
northrop-mall,cube,768,haar-residual-d24-p0.5,haar-residual,deflate,8,3538944,54,526296,810983,27.54529,27.94856,26.76126,0.9293391,24
northrop-mall,cube,768,jpeg-replacement-q50,image-replacement,jpeg,4,13824,1,2629,2629,25.24762,19.79225,18.03181,0.4690975,50
northrop-mall,cube,768,jpeg-replacement-q50,image-replacement,jpeg,5,55296,6,10679,13308,26.15704,21.18433,19.24398,0.5204537,50
northrop-mall,cube,768,jpeg-replacement-q50,image-replacement,jpeg,6,221184,6,36316,49624,26.19894,22.79755,20.77834,0.6404428,50
northrop-mall,cube,768,jpeg-replacement-q50,image-replacement,jpeg,7,884736,24,146757,196381,26.31725,25.18407,23.12645,0.8043232,50
northrop-mall,cube,768,jpeg-replacement-q50,image-replacement,jpeg,8,3538944,54,555968,752349,27.57654,29.15245,27.20224,0.9346237,50
northrop-mall,cube,768,jpeg-residual-q50,image-residual,jpeg,4,13824,1,2629,2629,25.24762,19.79225,18.03181,0.4690975,50
northrop-mall,cube,768,jpeg-residual-q50,image-residual,jpeg,5,55296,6,8822,11451,26.12272,21.13177,19.23961,0.5203292,50
northrop-mall,cube,768,jpeg-residual-q50,image-residual,jpeg,6,221184,6,29408,40859,26.21695,22.81833,20.78324,0.6401642,50
northrop-mall,cube,768,jpeg-residual-q50,image-residual,jpeg,7,884736,24,120328,161187,26.34309,25.19971,23.13768,0.8041206,50
northrop-mall,cube,768,jpeg-residual-q50,image-residual,jpeg,8,3538944,54,450889,612076,27.63226,29.20793,27.25188,0.9346316,50
northrop-mall,cube,768,webp-replacement-q50,image-replacement,webp,4,13824,1,2724,2724,27.17451,20.12148,18.25962,0.4756749,50
northrop-mall,cube,768,webp-replacement-q50,image-replacement,webp,5,55296,6,10850,13574,28.32382,21.5044,19.5099,0.5397233,50
northrop-mall,cube,768,webp-replacement-q50,image-replacement,webp,6,221184,6,40454,54028,28.69959,23.24294,21.16718,0.6681967,50
northrop-mall,cube,768,webp-replacement-q50,image-replacement,webp,7,884736,24,164178,218206,29.28055,25.8298,23.73763,0.8261561,50
northrop-mall,cube,768,webp-replacement-q50,image-replacement,webp,8,3538944,54,607154,825360,30.47386,30.02593,28.10809,0.9425875,50
northrop-mall,cube,768,jpeg-replacement-q70,image-replacement,jpeg,4,13824,1,3570,3570,26.51951,20.06923,18.21782,0.4734442,70
northrop-mall,cube,768,jpeg-replacement-q70,image-replacement,jpeg,5,55296,6,14299,17869,27.37589,21.47666,19.44017,0.5333712,70
northrop-mall,cube,768,jpeg-replacement-q70,image-replacement,jpeg,6,221184,6,50669,68538,27.50896,23.19866,21.05479,0.6629084,70
northrop-mall,cube,768,jpeg-replacement-q70,image-replacement,jpeg,7,884736,24,203495,272033,27.88423,25.75537,23.59059,0.8261812,70
northrop-mall,cube,768,jpeg-replacement-q70,image-replacement,jpeg,8,3538944,54,759092,1031125,29.27779,30.0053,27.93136,0.9462669,70
northrop-mall,cube,768,jpeg-residual-q70,image-residual,jpeg,4,13824,1,3570,3570,26.51951,20.06923,18.21782,0.4734442,70
northrop-mall,cube,768,jpeg-residual-q70,image-residual,jpeg,5,55296,6,11869,15439,27.36908,21.44603,19.44161,0.5328722,70
northrop-mall,cube,768,jpeg-residual-q70,image-residual,jpeg,6,221184,6,41579,57018,27.5241,23.17799,21.05845,0.662787,70
northrop-mall,cube,768,jpeg-residual-q70,image-residual,jpeg,7,884736,24,168706,225724,27.909,25.75732,23.60386,0.8262498,70
northrop-mall,cube,768,jpeg-residual-q70,image-residual,jpeg,8,3538944,54,622719,848443,29.33772,30.04463,27.97759,0.9463731,70
northrop-mall,cube,768,webp-replacement-q70,image-replacement,webp,4,13824,1,3404,3404,28.03834,20.31551,18.33385,0.4777548,70
northrop-mall,cube,768,webp-replacement-q70,image-replacement,webp,5,55296,6,13350,16754,29.37957,21.63173,19.5966,0.5438785,70
northrop-mall,cube,768,webp-replacement-q70,image-replacement,webp,6,221184,6,49688,66442,29.83418,23.40493,21.28744,0.6752623,70
northrop-mall,cube,768,webp-replacement-q70,image-replacement,webp,7,884736,24,199216,265658,30.5166,26.07955,23.933,0.8334913,70
northrop-mall,cube,768,webp-replacement-q70,image-replacement,webp,8,3538944,54,740120,1005778,31.94331,30.48583,28.51691,0.9478729,70
northrop-mall,cube,768,jpeg-replacement-q80,image-replacement,jpeg,4,13824,1,4461,4461,27.53058,20.26185,18.3188,0.4765571,80
northrop-mall,cube,768,jpeg-replacement-q80,image-replacement,jpeg,5,55296,6,17827,22288,28.49835,21.65401,19.56434,0.5417408,80
northrop-mall,cube,768,jpeg-replacement-q80,image-replacement,jpeg,6,221184,6,64481,86769,28.78969,23.42747,21.23287,0.6754889,80
northrop-mall,cube,768,jpeg-replacement-q80,image-replacement,jpeg,7,884736,24,256573,343342,29.35122,26.10913,23.87162,0.8371878,80
northrop-mall,cube,768,jpeg-replacement-q80,image-replacement,jpeg,8,3538944,54,954849,1298191,30.82856,30.56779,28.41736,0.9520246,80
northrop-mall,cube,768,jpeg-residual-q80,image-residual,jpeg,4,13824,1,4461,4461,27.53058,20.26185,18.3188,0.4765571,80
northrop-mall,cube,768,jpeg-residual-q80,image-residual,jpeg,5,55296,6,14988,19449,28.51038,21.62785,19.56859,0.5418195,80
northrop-mall,cube,768,jpeg-residual-q80,image-residual,jpeg,6,221184,6,53500,72949,28.81935,23.39367,21.2395,0.67522,80
northrop-mall,cube,768,jpeg-residual-q80,image-residual,jpeg,7,884736,24,215062,288011,29.37098,26.08208,23.88056,0.8368864,80
northrop-mall,cube,768,jpeg-residual-q80,image-residual,jpeg,8,3538944,54,794390,1082401,30.86761,30.54203,28.44677,0.9517865,80
northrop-mall,cube,768,webp-replacement-q80,image-replacement,webp,4,13824,1,4208,4208,28.78358,20.37911,18.38797,0.4793809,80
northrop-mall,cube,768,webp-replacement-q80,image-replacement,webp,5,55296,6,16344,20552,30.32861,21.74567,19.66165,0.5468111,80
northrop-mall,cube,768,webp-replacement-q80,image-replacement,webp,6,221184,6,60738,81290,30.83689,23.54034,21.367,0.6797946,80
northrop-mall,cube,768,webp-replacement-q80,image-replacement,webp,7,884736,24,242472,323762,31.64858,26.25786,24.0735,0.8389593,80
northrop-mall,cube,768,webp-replacement-q80,image-replacement,webp,8,3538944,54,902018,1225780,33.40326,30.85056,28.83464,0.9517303,80
northrop-mall,cube,768,jpeg-replacement-q90,image-replacement,jpeg,4,13824,1,6407,6407,29.03759,20.47311,18.42545,0.480023,90
northrop-mall,cube,768,jpeg-replacement-q90,image-replacement,jpeg,5,55296,6,25199,31606,30.46095,21.8818,19.69294,0.548956,90
northrop-mall,cube,768,jpeg-replacement-q90,image-replacement,jpeg,6,221184,6,92096,123702,30.96075,23.68931,21.41301,0.6852492,90
northrop-mall,cube,768,jpeg-replacement-q90,image-replacement,jpeg,7,884736,24,363850,487552,31.8163,26.48003,24.15838,0.845502,90
northrop-mall,cube,768,jpeg-replacement-q90,image-replacement,jpeg,8,3538944,54,1372167,1859719,33.71803,31.26639,29.01817,0.9573077,90
northrop-mall,cube,768,jpeg-residual-q90,image-residual,jpeg,4,13824,1,6407,6407,29.03759,20.47311,18.42545,0.480023,90
northrop-mall,cube,768,jpeg-residual-q90,image-residual,jpeg,5,55296,6,21588,27995,30.50657,21.8502,19.6989,0.549041,90
northrop-mall,cube,768,jpeg-residual-q90,image-residual,jpeg,6,221184,6,78706,106701,31.01817,23.66544,21.41976,0.685054,90
northrop-mall,cube,768,jpeg-residual-q90,image-residual,jpeg,7,884736,24,313875,420576,31.86201,26.43904,24.16925,0.8453268,90
northrop-mall,cube,768,jpeg-residual-q90,image-residual,jpeg,8,3538944,54,1175814,1596390,33.78401,31.21535,29.05049,0.957143,90
northrop-mall,cube,768,webp-replacement-q90,image-replacement,webp,4,13824,1,5906,5906,29.65622,20.52963,18.43735,0.4806691,90
northrop-mall,cube,768,webp-replacement-q90,image-replacement,webp,5,55296,6,23032,28938,31.45291,21.87664,19.71953,0.5496037,90
northrop-mall,cube,768,webp-replacement-q90,image-replacement,webp,6,221184,6,85162,114100,32.01346,23.65421,21.44676,0.6845942,90
northrop-mall,cube,768,webp-replacement-q90,image-replacement,webp,7,884736,24,336778,450878,33.02706,26.45788,24.21185,0.8443169,90
northrop-mall,cube,768,webp-replacement-q90,image-replacement,webp,8,3538944,54,1258808,1709686,35.36411,31.24059,29.14699,0.9557326,90
walter-study,cube,768,exact,exact,deflate,4,13824,1,41472,41472,,18.37036,18.21887,0.3437351,
walter-study,cube,768,exact,exact,deflate,5,55296,6,165888,207360,,20.44568,20.33547,0.4715125,
walter-study,cube,768,exact,exact,deflate,6,221184,6,663552,870912,,22.92135,22.83609,0.6576943,
walter-study,cube,768,exact,exact,deflate,7,884736,24,2654208,3525120,,26.46825,26.37582,0.8462201,
walter-study,cube,768,exact,exact,deflate,8,3538944,54,10616832,14141952,,32.06998,31.93066,0.9623787,
walter-study,cube,768,haar-residual-d3,haar-residual,deflate,4,13824,1,41912,41912,56.98442,18.37006,18.21859,0.3437174,3
walter-study,cube,768,haar-residual-d3,haar-residual,deflate,5,55296,6,95653,137565,54.16084,20.44542,20.33527,0.4715046,3
walter-study,cube,768,haar-residual-d3,haar-residual,deflate,6,221184,6,284506,422071,50.68627,22.91909,22.83393,0.6576429,3
walter-study,cube,768,haar-residual-d3,haar-residual,deflate,7,884736,24,764831,1186902,46.24625,26.45006,26.35838,0.8460047,3
walter-study,cube,768,haar-residual-d3,haar-residual,deflate,8,3538944,54,1690313,2877215,42.44821,31.89177,31.76413,0.9615051,3
walter-study,cube,768,haar-replacement-d3,haar-replacement,deflate,4,13824,1,19611,19611,40.45578,18.35839,18.20808,0.3436161,3
walter-study,cube,768,haar-replacement-d3,haar-replacement,deflate,5,55296,6,73548,93159,40.56032,20.42237,20.31352,0.4711493,3
walter-study,cube,768,haar-replacement-d3,haar-replacement,deflate,6,221184,6,260538,353697,40.91729,22.88524,22.80137,0.6568827,3
walter-study,cube,768,haar-replacement-d3,haar-replacement,deflate,7,884736,24,897548,1251245,41.46157,26.39799,26.30849,0.8452079,3
walter-study,cube,768,haar-replacement-d3,haar-replacement,deflate,8,3538944,54,2917933,4169178,42.44821,31.89177,31.76413,0.9615051,3
walter-study,cube,768,haar-residual-d3-p0.5,haar-residual,deflate,4,13824,1,28956,28956,49.43541,18.36839,18.21709,0.3437475,3
walter-study,cube,768,haar-residual-d3-p0.5,haar-residual,deflate,5,55296,6,71454,100410,46.91948,20.44028,20.33029,0.4714279,3
walter-study,cube,768,haar-residual-d3-p0.5,haar-residual,deflate,6,221184,6,223101,323511,44.32329,22.90383,22.81917,0.6574006,3
walter-study,cube,768,haar-residual-d3-p0.5,haar-residual,deflate,7,884736,24,653669,977180,41.94802,26.39672,26.30711,0.8454418,3
walter-study,cube,768,haar-residual-d3-p0.5,haar-residual,deflate,8,3538944,54,1690313,2667493,40.1458,31.67987,31.56353,0.960804,3
walter-study,cube,768,haar-residual-d6,haar-residual,deflate,4,13824,1,35553,35553,54.15727,18.37014,18.21872,0.3437085,6
walter-study,cube,768,haar-residual-d6,haar-residual,deflate,5,55296,6,79163,114716,50.60632,20.44405,20.33396,0.4714768,6
walter-study,cube,768,haar-residual-d6,haar-residual,deflate,6,221184,6,223101,337817,45.95226,22.9121,22.82724,0.657484,6
walter-study,cube,768,haar-residual-d6,haar-residual,deflate,7,884736,24,548481,886298,41.46209,26.39803,26.30861,0.8452073,6
walter-study,cube,768,haar-residual-d6,haar-residual,deflate,8,3538944,54,1136694,2022992,38.21774,31.53843,31.43345,0.9594271,6
walter-study,cube,768,haar-replacement-d6,haar-replacement,deflate,4,13824,1,14425,14425,35.46187,18.3224,18.17324,0.3432608,6
walter-study,cube,768,haar-replacement-d6,haar-replacement,deflate,5,55296,6,53120,67545,35.69694,20.3711,20.26431,0.4700266,6
walter-study,cube,768,haar-replacement-d6,haar-replacement,deflate,6,221184,6,184730,252275,36.20058,22.79613,22.71572,0.6546247,6
walter-study,cube,768,haar-replacement-d6,haar-replacement,deflate,7,884736,24,631480,883755,37.03382,26.2423,26.16068,0.8425936,6
walter-study,cube,768,haar-replacement-d6,haar-replacement,deflate,8,3538944,54,2055385,2939140,38.21774,31.53843,31.43345,0.9594271,6
walter-study,cube,768,haar-residual-d6-p0.5,haar-residual,deflate,4,13824,1,23926,23926,44.34727,18.36432,18.21321,0.3437389,6
walter-study,cube,768,haar-residual-d6-p0.5,haar-residual,deflate,5,55296,6,55897,79823,41.53026,20.42514,20.31614,0.4712993,6
walter-study,cube,768,haar-residual-d6-p0.5,haar-residual,deflate,6,221184,6,165518,245341,39.04776,22.85499,22.77228,0.6565937,6
walter-study,cube,768,haar-residual-d6-p0.5,haar-residual,deflate,7,884736,24,447249,692590,37.02085,26.21724,26.13539,0.8431612,6
walter-study,cube,768,haar-residual-d6-p0.5,haar-residual,deflate,8,3538944,54,1136694,1829284,35.58134,30.90606,30.82841,0.9568784,6
walter-study,cube,768,haar-residual-d12,haar-residual,deflate,4,13824,1,29982,29982,50.63983,18.36937,18.21796,0.3437363,12
walter-study,cube,768,haar-residual-d12,haar-residual,deflate,5,55296,6,63725,93707,45.80025,20.43989,20.32996,0.4714044,12
walter-study,cube,768,haar-residual-d12,haar-residual,deflate,6,221184,6,165518,259225,40.91729,22.88524,22.80137,0.6568827,12
walter-study,cube,768,haar-residual-d12,haar-residual,deflate,7,884736,24,362740,621965,37.03404,26.24247,26.16089,0.842598,12
walter-study,cube,768,haar-residual-d12,haar-residual,deflate,8,3538944,54,732048,1354013,34.24199,30.72876,30.66187,0.9530819,12
walter-study,cube,768,haar-replacement-d12,haar-replacement,deflate,4,13824,1,10000,10000,30.75789,18.20332,18.05303,0.341705,12
walter-study,cube,768,haar-replacement-d12,haar-replacement,deflate,5,55296,6,35315,45315,31.33149,20.20298,20.10004,0.4655473,12
walter-study,cube,768,haar-replacement-d12,haar-replacement,deflate,6,221184,6,123406,168721,32.02139,22.55947,22.48685,0.6473366,12
walter-study,cube,768,haar-replacement-d12,haar-replacement,deflate,7,884736,24,420238,588959,32.97864,25.83857,25.77396,0.8340912,12
walter-study,cube,768,haar-replacement-d12,haar-replacement,deflate,8,3538944,54,1387286,1976245,34.24199,30.72876,30.66187,0.9530819,12
walter-study,cube,768,haar-residual-d12-p0.5,haar-residual,deflate,4,13824,1,18590,18590,38.9648,18.34865,18.19889,0.3435704,12
walter-study,cube,768,haar-residual-d12-p0.5,haar-residual,deflate,5,55296,6,40091,58681,36.32732,20.37347,20.2668,0.4704421,12
walter-study,cube,768,haar-residual-d12-p0.5,haar-residual,deflate,6,221184,6,111800,170481,34.17438,22.6931,22.61603,0.6533302,12
walter-study,cube,768,haar-residual-d12-p0.5,haar-residual,deflate,7,884736,24,288790,459271,32.54741,25.70604,25.64456,0.8355434,12
walter-study,cube,768,haar-residual-d12-p0.5,haar-residual,deflate,8,3538944,54,732048,1191319,31.3659,29.27634,29.24283,0.9446245,12
walter-study,cube,768,haar-residual-d24,haar-residual,deflate,4,13824,1,24836,24836,45.7605,18.36584,18.21465,0.3437177,24
walter-study,cube,768,haar-residual-d24,haar-residual,deflate,5,55296,6,47940,72776,40.56032,20.42237,20.31352,0.4711493,24
walter-study,cube,768,haar-residual-d24,haar-residual,deflate,6,221184,6,111800,184576,36.20058,22.79613,22.71572,0.6546247,24
walter-study,cube,768,haar-residual-d24,haar-residual,deflate,7,884736,24,227245,411821,32.97873,25.83873,25.77418,0.8340866,24
walter-study,cube,768,haar-residual-d24,haar-residual,deflate,8,3538944,54,434484,846305,30.34459,29.23123,29.19545,0.9336714,24
walter-study,cube,768,haar-replacement-d24,haar-replacement,deflate,4,13824,1,6234,6234,26.99071,17.91648,17.76449,0.336544,24
walter-study,cube,768,haar-replacement-d24,haar-replacement,deflate,5,55296,6,21964,28198,27.39839,19.80317,19.70019,0.4510223,24
walter-study,cube,768,haar-replacement-d24,haar-replacement,deflate,6,221184,6,75904,104102,28.1713,22.01974,21.95438,0.6225875,24
walter-study,cube,768,haar-replacement-d24,haar-replacement,deflate,7,884736,24,263457,367559,29.167,25.01542,24.96997,0.808325,24
walter-study,cube,768,haar-replacement-d24,haar-replacement,deflate,8,3538944,54,879111,1246670,30.34459,29.23123,29.19545,0.9336714,24
walter-study,cube,768,haar-residual-d24-p0.5,haar-residual,deflate,4,13824,1,13583,13583,33.79935,18.28792,18.13948,0.3431127,24
walter-study,cube,768,haar-residual-d24-p0.5,haar-residual,deflate,5,55296,6,26268,39851,31.5451,20.20404,20.10176,0.4673437,24
walter-study,cube,768,haar-residual-d24-p0.5,haar-residual,deflate,6,221184,6,68749,108600,29.79587,22.25875,22.19375,0.6429863,24
walter-study,cube,768,haar-residual-d24-p0.5,haar-residual,deflate,7,884736,24,176097,284697,28.45471,24.61496,24.57782,0.8123543,24
walter-study,cube,768,haar-residual-d24-p0.5,haar-residual,deflate,8,3538944,54,434484,719181,27.3595,26.83087,26.79786,0.909038,24
walter-study,cube,768,jpeg-replacement-q50,image-replacement,jpeg,4,13824,1,3100,3100,24.18624,17.43343,17.25574,0.3158835,50
walter-study,cube,768,jpeg-replacement-q50,image-replacement,jpeg,5,55296,6,12607,15707,25.20061,19.22078,19.1053,0.409642,50
walter-study,cube,768,jpeg-replacement-q50,image-replacement,jpeg,6,221184,6,41306,57013,26.4625,21.34718,21.28153,0.5736639,50
walter-study,cube,768,jpeg-replacement-q50,image-replacement,jpeg,7,884736,24,151819,208832,27.69419,24.22037,24.1766,0.7725802,50
walter-study,cube,768,jpeg-replacement-q50,image-replacement,jpeg,8,3538944,54,531971,740803,29.6634,28.66703,28.61356,0.9256549,50
walter-study,cube,768,jpeg-residual-q50,image-residual,jpeg,4,13824,1,3100,3100,24.18624,17.43343,17.25574,0.3158835,50
walter-study,cube,768,jpeg-residual-q50,image-residual,jpeg,5,55296,6,10514,13614,25.25008,19.23615,19.12083,0.4092521,50
walter-study,cube,768,jpeg-residual-q50,image-residual,jpeg,6,221184,6,32984,46598,26.52046,21.37289,21.30638,0.5731702,50
walter-study,cube,768,jpeg-residual-q50,image-residual,jpeg,7,884736,24,119888,166486,27.7376,24.23871,24.19399,0.7724654,50
walter-study,cube,768,jpeg-residual-q50,image-residual,jpeg,8,3538944,54,416542,583028,29.70546,28.69474,28.64063,0.9254799,50
walter-study,cube,768,webp-replacement-q50,image-replacement,webp,4,13824,1,3484,3484,26.37063,17.74158,17.56895,0.3335316,50
walter-study,cube,768,webp-replacement-q50,image-replacement,webp,5,55296,6,12846,16330,27.28908,19.59373,19.48629,0.4420637,50
walter-study,cube,768,webp-replacement-q50,image-replacement,webp,6,221184,6,42584,58914,28.44457,21.80969,21.74509,0.6093862,50
walter-study,cube,768,webp-replacement-q50,image-replacement,webp,7,884736,24,148160,207074,29.69871,24.82309,24.77909,0.79711,50
walter-study,cube,768,webp-replacement-q50,image-replacement,webp,8,3538944,54,479054,686128,31.30611,29.21451,29.17142,0.9301074,50
walter-study,cube,768,jpeg-replacement-q70,image-replacement,jpeg,4,13824,1,4248,4248,25.56466,17.67024,17.49978,0.3264808,70
walter-study,cube,768,jpeg-replacement-q70,image-replacement,jpeg,5,55296,6,16841,21089,26.49069,19.49929,19.38826,0.432179,70
walter-study,cube,768,jpeg-replacement-q70,image-replacement,jpeg,6,221184,6,56542,77631,27.73221,21.69677,21.63004,0.6034278,70
walter-study,cube,768,jpeg-replacement-q70,image-replacement,jpeg,7,884736,24,208790,286421,29.1282,24.76829,24.72128,0.8020406,70
walter-study,cube,768,jpeg-replacement-q70,image-replacement,jpeg,8,3538944,54,729548,1015969,31.33926,29.55854,29.50609,0.9416751,70
walter-study,cube,768,jpeg-residual-q70,image-residual,jpeg,4,13824,1,4248,4248,25.56466,17.67024,17.49978,0.3264808,70
walter-study,cube,768,jpeg-residual-q70,image-residual,jpeg,5,55296,6,14157,18405,26.55804,19.5106,19.39905,0.4318382,70
walter-study,cube,768,jpeg-residual-q70,image-residual,jpeg,6,221184,6,45788,64193,27.79133,21.71539,21.64791,0.6032183,70
walter-study,cube,768,jpeg-residual-q70,image-residual,jpeg,7,884736,24,167925,232118,29.17921,24.78781,24.73975,0.8018212,70
walter-study,cube,768,jpeg-residual-q70,image-residual,jpeg,8,3538944,54,579534,811652,31.38167,29.59329,29.53904,0.9416738,70
walter-study,cube,768,webp-replacement-q70,image-replacement,webp,4,13824,1,4302,4302,27.36855,17.83602,17.66572,0.3374045,70
walter-study,cube,768,webp-replacement-q70,image-replacement,webp,5,55296,6,16014,20316,28.30056,19.74004,19.63075,0.4527125,70
walter-study,cube,768,webp-replacement-q70,image-replacement,webp,6,221184,6,53810,74126,29.58036,22.01204,21.94273,0.6267369,70
walter-study,cube,768,webp-replacement-q70,image-replacement,webp,7,884736,24,187878,262004,31.08022,25.16999,25.12082,0.814756,70
walter-study,cube,768,webp-replacement-q70,image-replacement,webp,8,3538944,54,611214,873218,32.88888,29.86493,29.81626,0.9417603,70
walter-study,cube,768,jpeg-replacement-q80,image-replacement,jpeg,4,13824,1,5330,5330,26.63811,17.79453,17.6265,0.3332023,80
walter-study,cube,768,jpeg-replacement-q80,image-replacement,jpeg,5,55296,6,20992,26322,27.63038,19.6981,19.58782,0.447109,80
walter-study,cube,768,jpeg-replacement-q80,image-replacement,jpeg,6,221184,6,71901,98223,28.86679,21.95838,21.89028,0.6244957,80
walter-study,cube,768,jpeg-replacement-q80,image-replacement,jpeg,7,884736,24,264962,363185,30.45045,25.14884,25.09971,0.8199272,80
walter-study,cube,768,jpeg-replacement-q80,image-replacement,jpeg,8,3538944,54,920600,1283785,32.83592,30.14175,30.08732,0.950132,80
walter-study,cube,768,jpeg-residual-q80,image-residual,jpeg,4,13824,1,5330,5330,26.63811,17.79453,17.6265,0.3332023,80
walter-study,cube,768,jpeg-residual-q80,image-residual,jpeg,5,55296,6,17797,23127,27.6788,19.70292,19.59311,0.4468629,80
walter-study,cube,768,jpeg-residual-q80,image-residual,jpeg,6,221184,6,58826,81953,28.93022,21.97582,21.90736,0.6242512,80
walter-study,cube,768,jpeg-residual-q80,image-residual,jpeg,7,884736,24,215785,297738,30.50538,25.1708,25.12111,0.8200064,80
walter-study,cube,768,jpeg-residual-q80,image-residual,jpeg,8,3538944,54,738818,1036556,32.88427,30.18224,30.12605,0.9501695,80
walter-study,cube,768,webp-replacement-q80,image-replacement,webp,4,13824,1,5260,5260,28.17389,17.91307,17.74417,0.3400317,80
walter-study,cube,768,webp-replacement-q80,image-replacement,webp,5,55296,6,19910,25170,29.29517,19.86394,19.7517,0.4605761,80
walter-study,cube,768,webp-replacement-q80,image-replacement,webp,6,221184,6,67362,92532,30.69955,22.17297,22.10058,0.638653,80
walter-study,cube,768,webp-replacement-q80,image-replacement,webp,7,884736,24,237242,329774,32.49776,25.44002,25.38607,0.8270648,80
walter-study,cube,768,webp-replacement-q80,image-replacement,webp,8,3538944,54,776620,1106394,34.63044,30.40424,30.34615,0.9496039,80
walter-study,cube,768,jpeg-replacement-q90,image-replacement,jpeg,4,13824,1,7708,7708,28.5147,17.96672,17.79999,0.3412344,90
walter-study,cube,768,jpeg-replacement-q90,image-replacement,jpeg,5,55296,6,30058,37766,29.5972,19.92942,19.81689,0.4642648,90
walter-study,cube,768,jpeg-replacement-q90,image-replacement,jpeg,6,221184,6,105583,143349,30.9996,22.27229,22.19872,0.6479581,90
walter-study,cube,768,jpeg-replacement-q90,image-replacement,jpeg,7,884736,24,385837,529186,32.98459,25.61367,25.55598,0.8377637,90
walter-study,cube,768,jpeg-replacement-q90,image-replacement,jpeg,8,3538944,54,1332790,1861976,35.71077,30.8782,30.80977,0.9581554,90
walter-study,cube,768,jpeg-residual-q90,image-residual,jpeg,4,13824,1,7708,7708,28.5147,17.96672,17.79999,0.3412344,90
walter-study,cube,768,jpeg-residual-q90,image-residual,jpeg,5,55296,6,25913,33621,29.65345,19.93719,19.82533,0.4643322,90
walter-study,cube,768,jpeg-residual-q90,image-residual,jpeg,6,221184,6,88724,122345,31.08962,22.29187,22.21796,0.6476674,90
walter-study,cube,768,jpeg-residual-q90,image-residual,jpeg,7,884736,24,321469,443814,33.08776,25.64396,25.58541,0.8377983,90
walter-study,cube,768,jpeg-residual-q90,image-residual,jpeg,8,3538944,54,1096891,1540705,35.79248,30.93212,30.86115,0.9581851,90
walter-study,cube,768,webp-replacement-q90,image-replacement,webp,4,13824,1,7524,7524,29.30781,18.00034,17.83192,0.3425617,90
walter-study,cube,768,webp-replacement-q90,image-replacement,webp,5,55296,6,28324,35848,30.50097,19.9664,19.85195,0.4668753,90
walter-study,cube,768,webp-replacement-q90,image-replacement,webp,6,221184,6,98510,134358,32.2932,22.34496,22.26878,0.6498278,90
walter-study,cube,768,webp-replacement-q90,image-replacement,webp,7,884736,24,352076,486434,34.70325,25.73058,25.66954,0.8384796,90
walter-study,cube,768,webp-replacement-q90,image-replacement,webp,8,3538944,54,1177634,1664068,37.72201,31.03918,30.96429,0.9572992,90
bookstore,cube,768,exact,exact,deflate,4,13824,1,41472,41472,,26.02826,23.32602,0.7340092,
bookstore,cube,768,exact,exact,deflate,5,55296,6,165888,207360,,28.23736,25.644,0.7909017,
bookstore,cube,768,exact,exact,deflate,6,221184,6,663552,870912,,31.1775,28.7733,0.8787132,
bookstore,cube,768,exact,exact,deflate,7,884736,24,2654208,3525120,,35.27754,33.14649,0.9539952,
bookstore,cube,768,exact,exact,deflate,8,3538944,54,10616832,14141952,,41.87491,40.12831,0.9905419,
bookstore,cube,768,haar-residual-d3,haar-residual,deflate,4,13824,1,31451,31451,57.01995,26.02539,23.32536,0.7339989,3
bookstore,cube,768,haar-residual-d3,haar-residual,deflate,5,55296,6,60591,92042,54.46961,28.23079,25.64266,0.7909122,3
bookstore,cube,768,haar-residual-d3,haar-residual,deflate,6,221184,6,145857,237899,51.76833,31.13492,28.76415,0.8785802,3
bookstore,cube,768,haar-residual-d3,haar-residual,deflate,7,884736,24,294022,531921,48.82003,35.0687,33.08703,0.9532639,3
bookstore,cube,768,haar-residual-d3,haar-residual,deflate,8,3538944,54,471179,1003100,46.58965,40.76792,39.59303,0.9880785,3
bookstore,cube,768,haar-replacement-d3,haar-replacement,deflate,4,13824,1,10817,10817,43.4902,25.93456,23.30135,0.7334748,3
bookstore,cube,768,haar-replacement-d3,haar-replacement,deflate,5,55296,6,34451,45268,44.08586,28.08473,25.60337,0.7897704,3
bookstore,cube,768,haar-replacement-d3,haar-replacement,deflate,6,221184,6,107823,153091,44.69763,30.93368,28.70515,0.8766507,3
bookstore,cube,768,haar-replacement-d3,haar-replacement,deflate,7,884736,24,340104,493195,45.39992,34.83237,32.98972,0.951506,3
bookstore,cube,768,haar-replacement-d3,haar-replacement,deflate,8,3538944,54,1022117,1515312,46.58965,40.76792,39.59303,0.9880785,3
bookstore,cube,768,haar-residual-d3-p0.5,haar-residual,deflate,4,13824,1,18901,18901,49.93624,26.00586,23.3221,0.7339491,3
bookstore,cube,768,haar-residual-d3-p0.5,haar-residual,deflate,5,55296,6,35989,54890,48.04264,28.16952,25.631,0.7906493,3
bookstore,cube,768,haar-residual-d3-p0.5,haar-residual,deflate,6,221184,6,93002,147892,46.30295,30.97572,28.72454,0.8777984,3
bookstore,cube,768,haar-residual-d3-p0.5,haar-residual,deflate,7,884736,24,225457,373349,44.82566,34.696,32.94648,0.9517195,3
bookstore,cube,768,haar-residual-d3-p0.5,haar-residual,deflate,8,3538944,54,471179,844528,43.79826,39.81326,38.95221,0.9863114,3
bookstore,cube,768,haar-residual-d6,haar-residual,deflate,4,13824,1,25625,25625,54.30966,26.02265,23.32475,0.7339858,6
bookstore,cube,768,haar-residual-d6,haar-residual,deflate,5,55296,6,43513,69138,51.38236,28.21275,25.63971,0.790838,6
bookstore,cube,768,haar-residual-d6,haar-residual,deflate,6,221184,6,93002,162140,48.22154,31.06142,28.74695,0.8780518,6
bookstore,cube,768,haar-residual-d6,haar-residual,deflate,7,884736,24,171842,333982,45.40108,34.83196,32.98979,0.9515036,6
bookstore,cube,768,haar-residual-d6,haar-residual,deflate,8,3538944,54,274099,608081,43.2831,39.95253,38.9727,0.9852999,6
bookstore,cube,768,haar-replacement-d6,haar-replacement,deflate,4,13824,1,7634,7634,39.21313,25.82741,23.25839,0.7324963,6
bookstore,cube,768,haar-replacement-d6,haar-replacement,deflate,5,55296,6,23591,31225,40.23575,27.94586,25.54583,0.7876546,6
bookstore,cube,768,haar-replacement-d6,haar-replacement,deflate,6,221184,6,72057,103282,41.11408,30.72114,28.59965,0.8735806,6
bookstore,cube,768,haar-replacement-d6,haar-replacement,deflate,7,884736,24,218092,321374,42.08153,34.4772,32.7873,0.9481265,6
bookstore,cube,768,haar-replacement-d6,haar-replacement,deflate,8,3538944,54,627388,948762,43.2831,39.95253,38.9727,0.9852999,6
bookstore,cube,768,haar-residual-d6-p0.5,haar-residual,deflate,4,13824,1,13955,13955,45.87503,25.95538,23.31147,0.7337868,6
bookstore,cube,768,haar-residual-d6-p0.5,haar-residual,deflate,5,55296,6,23527,37482,44.01966,28.05253,25.60031,0.7900267,6
bookstore,cube,768,haar-residual-d6-p0.5,haar-residual,deflate,6,221184,6,57657,95139,42.44202,30.73231,28.63863,0.8758198,6
bookstore,cube,768,haar-residual-d6-p0.5,haar-residual,deflate,7,884736,24,133545,228684,41.15795,34.16711,32.6516,0.947915,6
bookstore,cube,768,haar-residual-d6-p0.5,haar-residual,deflate,8,3538944,54,274099,502783,40.23877,38.37655,37.68826,0.9812004,6
bookstore,cube,768,haar-residual-d12,haar-residual,deflate,4,13824,1,19928,19928,51.19739,26.014,23.32399,0.7339537,12
bookstore,cube,768,haar-residual-d12,haar-residual,deflate,5,55296,6,29067,48995,47.80297,28.17236,25.63069,0.7905142,12
bookstore,cube,768,haar-residual-d12,haar-residual,deflate,6,221184,6,57657,106652,44.69763,30.93368,28.70515,0.8766507,12
bookstore,cube,768,haar-residual-d12,haar-residual,deflate,7,884736,24,105434,212086,42.0819,34.4773,32.78738,0.9481213,12
bookstore,cube,768,haar-residual-d12,haar-residual,deflate,8,3538944,54,161929,374015,40.0209,38.75559,37.9022,0.9797332,12
bookstore,cube,768,haar-replacement-d12,haar-replacement,deflate,4,13824,1,5208,5208,35.18594,25.52677,23.13747,0.7292672,12
bookstore,cube,768,haar-replacement-d12,haar-replacement,deflate,5,55296,6,15387,20595,36.34531,27.60809,25.38445,0.7813624,12
bookstore,cube,768,haar-replacement-d12,haar-replacement,deflate,6,221184,6,46544,67139,37.46213,30.31342,28.36343,0.8648512,12
bookstore,cube,768,haar-replacement-d12,haar-replacement,deflate,7,884736,24,140535,207674,38.63211,33.86655,32.33764,0.9404114,12
bookstore,cube,768,haar-replacement-d12,haar-replacement,deflate,8,3538944,54,391081,598755,40.0209,38.75559,37.9022,0.9797332,12
bookstore,cube,768,haar-residual-d12-p0.5,haar-residual,deflate,4,13824,1,9976,9976,41.59024,25.87468,23.28084,0.7333309,12
bookstore,cube,768,haar-residual-d12-p0.5,haar-residual,deflate,5,55296,6,15391,25367,39.92291,27.87533,25.52774,0.7883142,12
bookstore,cube,768,haar-residual-d12-p0.5,haar-residual,deflate,6,221184,6,36703,62070,38.54014,30.35859,28.43101,0.8711988,12
bookstore,cube,768,haar-residual-d12-p0.5,haar-residual,deflate,7,884736,24,83424,145494,37.43631,33.33897,32.01526,0.9396212,12
bookstore,cube,768,haar-residual-d12-p0.5,haar-residual,deflate,8,3538944,54,161929,307423,36.61535,36.35065,35.66405,0.9699958,12
bookstore,cube,768,haar-residual-d24,haar-residual,deflate,4,13824,1,14887,14887,47.50473,25.98581,23.31565,0.7338458,24
bookstore,cube,768,haar-residual-d24,haar-residual,deflate,5,55296,6,19093,33980,44.08586,28.08473,25.60337,0.7897704,24
bookstore,cube,768,haar-residual-d24,haar-residual,deflate,6,221184,6,36703,70683,41.11408,30.72114,28.59965,0.8735806,24
bookstore,cube,768,haar-residual-d24,haar-residual,deflate,7,884736,24,64361,135044,38.6334,33.86589,32.33792,0.9404099,24
bookstore,cube,768,haar-residual-d24,haar-residual,deflate,8,3538944,54,88536,223580,36.65564,36.9005,36.09798,0.9663727,24
bookstore,cube,768,haar-replacement-d24,haar-replacement,deflate,4,13824,1,3338,3338,31.76091,25.10055,22.91441,0.7261003,24
bookstore,cube,768,haar-replacement-d24,haar-replacement,deflate,5,55296,6,9942,13280,32.47206,26.96729,25.04312,0.7666927,24
bookstore,cube,768,haar-replacement-d24,haar-replacement,deflate,6,221184,6,28274,41554,33.86968,29.48247,27.83402,0.8427705,24
bookstore,cube,768,haar-replacement-d24,haar-replacement,deflate,7,884736,24,86167,127721,35.16676,32.75937,31.4857,0.9199513,24
bookstore,cube,768,haar-replacement-d24,haar-replacement,deflate,8,3538944,54,237742,365463,36.65564,36.9005,36.09798,0.9663727,24
bookstore,cube,768,haar-residual-d24-p0.5,haar-residual,deflate,4,13824,1,6905,6905,37.16291,25.66831,23.20445,0.7321537,24
bookstore,cube,768,haar-residual-d24-p0.5,haar-residual,deflate,5,55296,6,9903,16808,35.71982,27.4564,25.33487,0.7835087,24
bookstore,cube,768,haar-residual-d24-p0.5,haar-residual,deflate,6,221184,6,22157,38965,34.53158,29.54288,27.92184,0.8580705,24
bookstore,cube,768,haar-residual-d24-p0.5,haar-residual,deflate,7,884736,24,48081,87046,33.58737,31.72559,30.67733,0.9164487,24
bookstore,cube,768,haar-residual-d24-p0.5,haar-residual,deflate,8,3538944,54,88536,175582,32.87055,33.41311,32.74343,0.9398127,24
bookstore,cube,768,jpeg-replacement-q50,image-replacement,jpeg,4,13824,1,2062,2062,30.44481,24.99771,22.68471,0.7185926,50
bookstore,cube,768,jpeg-replacement-q50,image-replacement,jpeg,5,55296,6,7667,9729,31.74088,26.97096,24.80796,0.7541512,50
bookstore,cube,768,jpeg-replacement-q50,image-replacement,jpeg,6,221184,6,21321,31050,32.95744,29.4389,27.51356,0.8290235,50
bookstore,cube,768,jpeg-replacement-q50,image-replacement,jpeg,7,884736,24,68455,99505,34.58538,32.58318,31.08909,0.9170935,50
bookstore,cube,768,jpeg-replacement-q50,image-replacement,jpeg,8,3538944,54,194324,293829,37.17872,37.0073,36.1146,0.9722146,50
bookstore,cube,768,jpeg-residual-q50,image-residual,jpeg,4,13824,1,2062,2062,30.44481,24.99771,22.68471,0.7185926,50
bookstore,cube,768,jpeg-residual-q50,image-residual,jpeg,5,55296,6,6416,8478,31.71948,26.94208,24.80367,0.7539776,50
bookstore,cube,768,jpeg-residual-q50,image-residual,jpeg,6,221184,6,17218,25696,32.91137,29.41409,27.51479,0.8277397,50
bookstore,cube,768,jpeg-residual-q50,image-residual,jpeg,7,884736,24,56038,81734,34.4868,32.53398,31.0722,0.9148369,50
bookstore,cube,768,jpeg-residual-q50,image-residual,jpeg,8,3538944,54,157216,238950,37.02972,36.87099,36.02019,0.9700256,50
bookstore,cube,768,webp-replacement-q50,image-replacement,webp,4,13824,1,1590,1590,31.79852,25.12534,22.81268,0.7253822,50
bookstore,cube,768,webp-replacement-q50,image-replacement,webp,5,55296,6,5276,6866,33.03031,26.9604,24.95696,0.7669281,50
bookstore,cube,768,webp-replacement-q50,image-replacement,webp,6,221184,6,15192,22058,34.33868,29.51186,27.73055,0.8425361,50
bookstore,cube,768,webp-replacement-q50,image-replacement,webp,7,884736,24,44234,66292,35.69781,32.58796,31.27218,0.9185262,50
bookstore,cube,768,webp-replacement-q50,image-replacement,webp,8,3538944,54,112372,178664,37.46266,36.70588,35.91294,0.9665851,50
bookstore,cube,768,jpeg-replacement-q70,image-replacement,jpeg,4,13824,1,2781,2781,32.0241,25.31665,22.90789,0.72295,70
bookstore,cube,768,jpeg-replacement-q70,image-replacement,jpeg,5,55296,6,10092,12873,33.26329,27.30756,25.04863,0.7643932,70
bookstore,cube,768,jpeg-replacement-q70,image-replacement,jpeg,6,221184,6,28973,41846,34.63111,29.91764,27.88971,0.8463522,70
bookstore,cube,768,jpeg-replacement-q70,image-replacement,jpeg,7,884736,24,91821,133667,36.32876,33.25529,31.66176,0.9308984,70
bookstore,cube,768,jpeg-replacement-q70,image-replacement,jpeg,8,3538944,54,261512,395179,38.9335,38.10044,37.10151,0.9790967,70
bookstore,cube,768,jpeg-residual-q70,image-residual,jpeg,4,13824,1,2781,2781,32.0241,25.31665,22.90789,0.72295,70
bookstore,cube,768,jpeg-residual-q70,image-residual,jpeg,5,55296,6,8373,11154,33.24038,27.30658,25.04912,0.7641831,70
bookstore,cube,768,jpeg-residual-q70,image-residual,jpeg,6,221184,6,23778,34932,34.58206,29.91795,27.89285,0.8458878,70
bookstore,cube,768,jpeg-residual-q70,image-residual,jpeg,7,884736,24,76237,111169,36.25225,33.25048,31.65287,0.9296452,70
bookstore,cube,768,jpeg-residual-q70,image-residual,jpeg,8,3538944,54,213856,325025,38.84285,38.08941,37.07719,0.9783744,70
bookstore,cube,768,webp-replacement-q70,image-replacement,webp,4,13824,1,2058,2058,33.25953,25.28381,22.95499,0.7273974,70
bookstore,cube,768,webp-replacement-q70,image-replacement,webp,5,55296,6,6652,8710,34.40693,27.25498,25.13357,0.7726534,70
bookstore,cube,768,webp-replacement-q70,image-replacement,webp,6,221184,6,19290,28000,35.65432,29.85436,27.98638,0.8523184,70
bookstore,cube,768,webp-replacement-q70,image-replacement,webp,7,884736,24,55186,83186,36.99558,33.10426,31.68538,0.9282931,70
bookstore,cube,768,webp-replacement-q70,image-replacement,webp,8,3538944,54,139800,222986,38.75827,37.53306,36.72445,0.9728901,70
bookstore,cube,768,jpeg-replacement-q80,image-replacement,jpeg,4,13824,1,3442,3442,33.3735,25.45567,23.01094,0.7254436,80
bookstore,cube,768,jpeg-replacement-q80,image-replacement,jpeg,5,55296,6,12356,15798,34.53205,27.50292,25.20458,0.7718496,80
bookstore,cube,768,jpeg-replacement-q80,image-replacement,jpeg,6,221184,6,36197,51995,35.93429,30.1893,28.10753,0.856703,80
bookstore,cube,768,jpeg-replacement-q80,image-replacement,jpeg,7,884736,24,114435,166430,37.62072,33.65369,32.00185,0.9380992,80
bookstore,cube,768,jpeg-replacement-q80,image-replacement,jpeg,8,3538944,54,330519,496949,40.3063,38.78932,37.74952,0.9827286,80
bookstore,cube,768,jpeg-residual-q80,image-residual,jpeg,4,13824,1,3442,3442,33.3735,25.45567,23.01094,0.7254436,80
bookstore,cube,768,jpeg-residual-q80,image-residual,jpeg,5,55296,6,10398,13840,34.50538,27.49386,25.2056,0.7717594,80
bookstore,cube,768,jpeg-residual-q80,image-residual,jpeg,6,221184,6,30036,43876,35.86945,30.17426,28.10139,0.8560326,80
bookstore,cube,768,jpeg-residual-q80,image-residual,jpeg,7,884736,24,95998,139874,37.5255,33.62182,31.98487,0.9371316,80
bookstore,cube,768,jpeg-residual-q80,image-residual,jpeg,8,3538944,54,274525,414399,40.12655,38.71554,37.70068,0.9820543,80
bookstore,cube,768,webp-replacement-q80,image-replacement,webp,4,13824,1,2648,2648,34.83437,25.45851,23.05409,0.7291095,80
bookstore,cube,768,webp-replacement-q80,image-replacement,webp,5,55296,6,8440,11088,35.89171,27.51635,25.27264,0.778578,80
bookstore,cube,768,webp-replacement-q80,image-replacement,webp,6,221184,6,24558,35646,37.11299,30.1373,28.18305,0.8605188,80
bookstore,cube,768,webp-replacement-q80,image-replacement,webp,7,884736,24,69966,105612,38.40918,33.55855,32.04006,0.9361339,80
bookstore,cube,768,webp-replacement-q80,image-replacement,webp,8,3538944,54,179244,284856,40.20984,38.30728,37.4866,0.9780568,80
bookstore,cube,768,jpeg-replacement-q90,image-replacement,jpeg,4,13824,1,4955,4955,35.76223,25.68999,23.14401,0.729837,90
bookstore,cube,768,jpeg-replacement-q90,image-replacement,jpeg,5,55296,6,17491,22446,36.88886,27.77007,25.37407,0.7817381,90
bookstore,cube,768,jpeg-replacement-q90,image-replacement,jpeg,6,221184,6,52701,75147,38.15832,30.50062,28.34924,0.8682049,90
bookstore,cube,768,jpeg-replacement-q90,image-replacement,jpeg,7,884736,24,168354,243501,39.88911,34.1927,32.41924,0.9465753,90
bookstore,cube,768,jpeg-replacement-q90,image-replacement,jpeg,8,3538944,54,505487,748988,42.64665,39.75478,38.58342,0.9865017,90
bookstore,cube,768,jpeg-residual-q90,image-residual,jpeg,4,13824,1,4955,4955,35.76223,25.68999,23.14401,0.729837,90
bookstore,cube,768,jpeg-residual-q90,image-residual,jpeg,5,55296,6,14857,19812,36.82971,27.77267,25.37335,0.7816881,90
bookstore,cube,768,jpeg-residual-q90,image-residual,jpeg,6,221184,6,44750,64562,38.09065,30.48876,28.34848,0.8678439,90
bookstore,cube,768,jpeg-residual-q90,image-residual,jpeg,7,884736,24,144795,209357,39.74488,34.14394,32.40943,0.9461193,90
bookstore,cube,768,jpeg-residual-q90,image-residual,jpeg,8,3538944,54,431871,641228,42.32204,39.60509,38.51718,0.9861997,90
bookstore,cube,768,webp-replacement-q90,image-replacement,webp,4,13824,1,4196,4196,37.48634,25.7585,23.17486,0.7321023,90
bookstore,cube,768,webp-replacement-q90,image-replacement,webp,5,55296,6,13506,17702,38.48448,27.78242,25.41563,0.7851367,90
bookstore,cube,768,webp-replacement-q90,image-replacement,webp,6,221184,6,38902,56604,39.46251,30.50369,28.3902,0.8702213,90
bookstore,cube,768,webp-replacement-q90,image-replacement,webp,7,884736,24,113722,170326,40.86127,34.14314,32.45955,0.9455957,90
bookstore,cube,768,webp-replacement-q90,image-replacement,webp,8,3538944,54,301734,472060,42.77241,39.37464,38.4444,0.9837924,90
gardens,cube,768,exact,exact,deflate,4,13824,1,41472,41472,,20.30216,19.61269,0.4576042,
gardens,cube,768,exact,exact,deflate,5,55296,6,165888,207360,,22.24476,21.13905,0.5617788,
gardens,cube,768,exact,exact,deflate,6,221184,6,663552,870912,,24.90977,23.31867,0.7270875,
gardens,cube,768,exact,exact,deflate,7,884736,24,2654208,3525120,,29.0709,27.03217,0.8912412,
gardens,cube,768,exact,exact,deflate,8,3538944,54,10616832,14141952,,35.66488,33.36048,0.9776967,
gardens,cube,768,haar-residual-d3,haar-residual,deflate,4,13824,1,41773,41773,57.06478,20.30257,19.61282,0.4576069,3
gardens,cube,768,haar-residual-d3,haar-residual,deflate,5,55296,6,90710,132483,54.2264,22.24394,21.13843,0.561742,3
gardens,cube,768,haar-residual-d3,haar-residual,deflate,6,221184,6,273387,405870,50.94322,24.90426,23.31616,0.7270173,3
gardens,cube,768,haar-residual-d3,haar-residual,deflate,7,884736,24,771444,1177314,46.61183,29.01713,27.01313,0.8908913,3
gardens,cube,768,haar-residual-d3,haar-residual,deflate,8,3538944,54,1816078,2993392,42.3086,35.10817,33.14962,0.976435,3
gardens,cube,768,haar-replacement-d3,haar-replacement,deflate,4,13824,1,19828,19828,40.73629,20.27776,19.59455,0.4573704,3
gardens,cube,768,haar-replacement-d3,haar-replacement,deflate,5,55296,6,71788,91616,41.02783,22.21007,21.11711,0.5609875,3
gardens,cube,768,haar-replacement-d3,haar-replacement,deflate,6,221184,6,256213,347829,41.33135,24.84599,23.28613,0.7257523,3
gardens,cube,768,haar-replacement-d3,haar-replacement,deflate,7,884736,24,912118,1259947,41.65649,28.90733,26.96462,0.8897882,3
gardens,cube,768,haar-replacement-d3,haar-replacement,deflate,8,3538944,54,3018432,4278379,42.3086,35.10817,33.14962,0.976435,3
gardens,cube,768,haar-residual-d3-p0.5,haar-residual,deflate,4,13824,1,28610,28610,49.56357,20.29987,19.61094,0.4575726,3
gardens,cube,768,haar-residual-d3-p0.5,haar-residual,deflate,5,55296,6,67453,96063,47.14304,22.23508,21.13341,0.5616871,3
gardens,cube,768,haar-residual-d3-p0.5,haar-residual,deflate,6,221184,6,216452,312515,44.69824,24.87027,23.30133,0.7266437,3
gardens,cube,768,haar-residual-d3-p0.5,haar-residual,deflate,7,884736,24,672000,984515,42.29808,28.87285,26.96112,0.8900105,3
gardens,cube,768,haar-residual-d3-p0.5,haar-residual,deflate,8,3538944,54,1816078,2800593,40.20681,34.51992,32.90954,0.9753508,3
gardens,cube,768,haar-residual-d6,haar-residual,deflate,4,13824,1,35226,35226,54.13301,20.30176,19.61238,0.4576096,6
gardens,cube,768,haar-residual-d6,haar-residual,deflate,5,55296,6,74904,110130,50.76098,22.24149,21.13718,0.5617223,6
gardens,cube,768,haar-residual-d6,haar-residual,deflate,6,221184,6,216452,326582,46.36725,24.88924,23.30919,0.7267824,6
gardens,cube,768,haar-residual-d6,haar-residual,deflate,7,884736,24,576642,903224,41.65687,28.90709,26.9645,0.8897861,6
gardens,cube,768,haar-residual-d6,haar-residual,deflate,8,3538944,54,1218847,2122071,37.63443,34.35669,32.72342,0.9743339,6
gardens,cube,768,haar-replacement-d6,haar-replacement,deflate,4,13824,1,15038,15038,35.67901,20.2323,19.55736,0.4565214,6
gardens,cube,768,haar-replacement-d6,haar-replacement,deflate,5,55296,6,53422,68460,36.02963,22.13279,21.06362,0.5591873,6
gardens,cube,768,haar-replacement-d6,haar-replacement,deflate,6,221184,6,189366,257826,36.35444,24.71197,23.207,0.722527,6
gardens,cube,768,haar-replacement-d6,haar-replacement,deflate,7,884736,24,669078,926904,36.81561,28.61539,26.81185,0.886708,6
gardens,cube,768,haar-replacement-d6,haar-replacement,deflate,8,3538944,54,2154516,3081420,37.63443,34.35669,32.72342,0.9743339,6
gardens,cube,768,haar-residual-d6-p0.5,haar-residual,deflate,4,13824,1,23727,23727,44.49787,20.29259,19.60592,0.4575441,6
gardens,cube,768,haar-residual-d6-p0.5,haar-residual,deflate,5,55296,6,52965,76692,41.90219,22.21124,21.11924,0.561305,6
gardens,cube,768,haar-residual-d6-p0.5,haar-residual,deflate,6,221184,6,163411,240103,39.45207,24.78363,23.25742,0.7252562,6
gardens,cube,768,haar-residual-d6-p0.5,haar-residual,deflate,7,884736,24,486981,727084,37.1764,28.50799,26.79004,0.8869724,6
gardens,cube,768,haar-residual-d6-p0.5,haar-residual,deflate,8,3538944,54,1218847,1945931,35.32915,33.15346,32.02483,0.9708631,6
gardens,cube,768,haar-residual-d12,haar-residual,deflate,4,13824,1,29731,29731,50.61657,20.30061,19.61171,0.4576131,12
gardens,cube,768,haar-residual-d12,haar-residual,deflate,5,55296,6,60160,89891,46.13993,22.23401,21.13288,0.5615832,12
gardens,cube,768,haar-residual-d12,haar-residual,deflate,6,221184,6,163411,253302,41.33135,24.84599,23.28613,0.7257523,12
gardens,cube,768,haar-residual-d12,haar-residual,deflate,7,884736,24,404422,657724,36.81537,28.6151,26.81183,0.8867098,12
gardens,cube,768,haar-residual-d12,haar-residual,deflate,8,3538944,54,778875,1436599,33.41578,32.97435,31.70702,0.9686137,12
gardens,cube,768,haar-replacement-d12,haar-replacement,deflate,4,13824,1,10569,10569,30.9934,20.08157,19.43538,0.4535568,12
gardens,cube,768,haar-replacement-d12,haar-replacement,deflate,5,55296,6,36620,47189,31.41509,21.9225,20.90981,0.5522097,12
gardens,cube,768,haar-replacement-d12,haar-replacement,deflate,6,221184,6,129158,176347,31.82122,24.35344,22.98301,0.7132066,12
gardens,cube,768,haar-replacement-d12,haar-replacement,deflate,7,884736,24,453703,630050,32.3982,27.93332,26.39393,0.8781599,12
gardens,cube,768,haar-replacement-d12,haar-replacement,deflate,8,3538944,54,1466096,2096146,33.41578,32.97435,31.70702,0.9686137,12
gardens,cube,768,haar-residual-d12-p0.5,haar-residual,deflate,4,13824,1,18902,18902,39.06564,20.26616,19.58514,0.457307,12
gardens,cube,768,haar-residual-d12-p0.5,haar-residual,deflate,5,55296,6,39366,58268,36.62675,22.13061,21.06541,0.5599271,12
gardens,cube,768,haar-residual-d12-p0.5,haar-residual,deflate,6,221184,6,118076,176344,34.34773,24.51811,23.10845,0.7205768,12
gardens,cube,768,haar-residual-d12-p0.5,haar-residual,deflate,7,884736,24,326657,503001,32.35823,27.63183,26.28936,0.8778502,12
gardens,cube,768,haar-residual-d12-p0.5,haar-residual,deflate,8,3538944,54,778875,1281876,30.87084,30.85862,30.1452,0.9582029,12
gardens,cube,768,haar-residual-d24,haar-residual,deflate,4,13824,1,24606,24606,45.92868,20.29574,19.60839,0.4575627,24
gardens,cube,768,haar-residual-d24,haar-residual,deflate,5,55296,6,46066,70672,41.02783,22.21007,21.11711,0.5609875,24
gardens,cube,768,haar-residual-d24,haar-residual,deflate,6,221184,6,118076,188748,36.35444,24.71197,23.207,0.722527,24
gardens,cube,768,haar-residual-d24,haar-residual,deflate,7,884736,24,256300,445048,32.39841,27.9343,26.39427,0.8781586,24
gardens,cube,768,haar-residual-d24,haar-residual,deflate,8,3538944,54,443927,888975,29.65988,30.85162,29.8655,0.9520147,24
gardens,cube,768,haar-replacement-d24,haar-replacement,deflate,4,13824,1,6712,6712,26.88307,19.71961,19.14339,0.4465092,24
gardens,cube,768,haar-replacement-d24,haar-replacement,deflate,5,55296,6,22606,29318,27.47423,21.40653,20.53869,0.5356282,24
gardens,cube,768,haar-replacement-d24,haar-replacement,deflate,6,221184,6,78945,108263,27.98056,23.62683,22.46728,0.6882174,24
gardens,cube,768,haar-replacement-d24,haar-replacement,deflate,7,884736,24,282599,390862,28.60535,26.7158,25.49958,0.8538994,24
gardens,cube,768,haar-replacement-d24,haar-replacement,deflate,8,3538944,54,920029,1310891,29.65988,30.85162,29.8655,0.9520147,24
gardens,cube,768,haar-residual-d24-p0.5,haar-residual,deflate,4,13824,1,14107,14107,33.93273,20.17974,19.51448,0.4561907,24
gardens,cube,768,haar-residual-d24-p0.5,haar-residual,deflate,5,55296,6,26737,40844,31.6977,21.89369,20.89633,0.5548794,24
gardens,cube,768,haar-residual-d24-p0.5,haar-residual,deflate,6,221184,6,74226,115070,29.71878,23.87615,22.69274,0.7062878,24
gardens,cube,768,haar-residual-d24-p0.5,haar-residual,deflate,7,884736,24,196344,311414,28.09791,26.08271,25.14325,0.8525286,24
gardens,cube,768,haar-residual-d24-p0.5,haar-residual,deflate,8,3538944,54,443927,755341,26.91444,27.84738,27.32453,0.9236283,24
gardens,cube,768,jpeg-replacement-q50,image-replacement,jpeg,4,13824,1,3164,3164,24.49509,18.98975,18.53685,0.4317906,50
gardens,cube,768,jpeg-replacement-q50,image-replacement,jpeg,5,55296,6,12269,15433,25.25057,20.72338,19.96013,0.5067148,50
gardens,cube,768,jpeg-replacement-q50,image-replacement,jpeg,6,221184,6,40830,56263,25.58325,22.82855,21.71952,0.6574694,50
gardens,cube,768,jpeg-replacement-q50,image-replacement,jpeg,7,884736,24,152295,208558,26.3367,25.75892,24.40028,0.8351691,50
gardens,cube,768,jpeg-replacement-q50,image-replacement,jpeg,8,3538944,54,518090,726648,28.51452,29.99689,28.60547,0.9512691,50
gardens,cube,768,jpeg-residual-q50,image-residual,jpeg,4,13824,1,3164,3164,24.49509,18.98975,18.53685,0.4317906,50
gardens,cube,768,jpeg-residual-q50,image-residual,jpeg,5,55296,6,9893,13057,25.27879,20.75089,19.97444,0.5069436,50
gardens,cube,768,jpeg-residual-q50,image-residual,jpeg,6,221184,6,32229,45286,25.62632,22.83573,21.72519,0.6567429,50
gardens,cube,768,jpeg-residual-q50,image-residual,jpeg,7,884736,24,120138,165424,26.40086,25.79182,24.4284,0.8350762,50
gardens,cube,768,jpeg-residual-q50,image-residual,jpeg,8,3538944,54,397092,562516,28.61395,30.05442,28.67052,0.9514798,50
gardens,cube,768,webp-replacement-q50,image-replacement,webp,4,13824,1,3486,3486,26.33187,19.44971,18.89606,0.4461391,50
gardens,cube,768,webp-replacement-q50,image-replacement,webp,5,55296,6,12598,16084,27.13941,21.19154,20.32591,0.5340595,50
gardens,cube,768,webp-replacement-q50,image-replacement,webp,6,221184,6,44216,60300,27.63121,23.36755,22.19583,0.6866034,50
gardens,cube,768,webp-replacement-q50,image-replacement,webp,7,884736,24,161934,222234,28.47373,26.40507,25.10489,0.8518812,50
gardens,cube,768,webp-replacement-q50,image-replacement,webp,8,3538944,54,524660,746894,30.31448,30.65148,29.52519,0.9539889,50
gardens,cube,768,jpeg-replacement-q70,image-replacement,jpeg,4,13824,1,4258,4258,25.57233,19.31087,18.80319,0.4400237,70
gardens,cube,768,jpeg-replacement-q70,image-replacement,jpeg,5,55296,6,16508,20766,26.39469,21.08136,20.24372,0.5280869,70
gardens,cube,768,jpeg-replacement-q70,image-replacement,jpeg,6,221184,6,56551,77317,26.82196,23.25766,22.10033,0.685861,70
gardens,cube,768,jpeg-replacement-q70,image-replacement,jpeg,7,884736,24,209535,286852,27.7011,26.45286,25.02282,0.8594149,70
gardens,cube,768,jpeg-replacement-q70,image-replacement,jpeg,8,3538944,54,701085,987937,29.95675,31.04333,29.56534,0.9626271,70
gardens,cube,768,jpeg-residual-q70,image-residual,jpeg,4,13824,1,4258,4258,25.57233,19.31087,18.80319,0.4400237,70
gardens,cube,768,jpeg-residual-q70,image-residual,jpeg,5,55296,6,13511,17769,26.41477,21.10814,20.25637,0.5280768,70
gardens,cube,768,jpeg-residual-q70,image-residual,jpeg,6,221184,6,45385,63154,26.86679,23.2901,22.11531,0.685684,70
gardens,cube,768,jpeg-residual-q70,image-residual,jpeg,7,884736,24,167403,230557,27.74941,26.48354,25.0456,0.8595619,70
gardens,cube,768,jpeg-residual-q70,image-residual,jpeg,8,3538944,54,542572,773129,30.04008,31.08118,29.61431,0.9627346,70
gardens,cube,768,webp-replacement-q70,image-replacement,webp,4,13824,1,4294,4294,27.27803,19.61911,19.03996,0.4502935,70
gardens,cube,768,webp-replacement-q70,image-replacement,webp,5,55296,6,15512,19806,28.11518,21.39075,20.47454,0.5427962,70
gardens,cube,768,webp-replacement-q70,image-replacement,webp,6,221184,6,54578,74384,28.63613,23.66028,22.40029,0.6995898,70
gardens,cube,768,webp-replacement-q70,image-replacement,webp,7,884736,24,199732,274116,29.62331,26.89395,25.46718,0.8652763,70
gardens,cube,768,webp-replacement-q70,image-replacement,webp,8,3538944,54,654182,928298,31.6752,31.4578,30.22716,0.9617843,70
gardens,cube,768,jpeg-replacement-q80,image-replacement,jpeg,4,13824,1,5384,5384,26.53989,19.50711,18.964,0.4463513,80
gardens,cube,768,jpeg-replacement-q80,image-replacement,jpeg,5,55296,6,20596,25980,27.47153,21.33911,20.43964,0.5410498,80
gardens,cube,768,jpeg-replacement-q80,image-replacement,jpeg,6,221184,6,71750,97730,27.99387,23.61429,22.36984,0.7032546,80
gardens,cube,768,jpeg-replacement-q80,image-replacement,jpeg,7,884736,24,264476,362206,28.94614,26.94612,25.44273,0.8726548,80
gardens,cube,768,jpeg-replacement-q80,image-replacement,jpeg,8,3538944,54,878164,1240370,31.26665,31.81681,30.28658,0.9685612,80
gardens,cube,768,jpeg-residual-q80,image-residual,jpeg,4,13824,1,5384,5384,26.53989,19.50711,18.964,0.4463513,80
gardens,cube,768,jpeg-residual-q80,image-residual,jpeg,5,55296,6,16940,22324,27.4835,21.33831,20.44626,0.5410325,80
gardens,cube,768,jpeg-residual-q80,image-residual,jpeg,6,221184,6,58406,80730,28.0417,23.63376,22.38501,0.7034537,80
gardens,cube,768,jpeg-residual-q80,image-residual,jpeg,7,884736,24,214268,294998,28.99548,26.96904,25.46147,0.8727375,80
gardens,cube,768,jpeg-residual-q80,image-residual,jpeg,8,3538944,54,690102,985100,31.34517,31.84464,30.33267,0.9685203,80
gardens,cube,768,webp-replacement-q80,image-replacement,webp,4,13824,1,5262,5262,28.10381,19.73412,19.1348,0.4532055,80
gardens,cube,768,webp-replacement-q80,image-replacement,webp,5,55296,6,19068,24330,28.96885,21.54536,20.58578,0.5498015,80
gardens,cube,768,webp-replacement-q80,image-replacement,webp,6,221184,6,67068,91398,29.5818,23.89819,22.56268,0.709469,80
gardens,cube,768,webp-replacement-q80,image-replacement,webp,7,884736,24,245974,337372,30.68427,27.29649,25.74363,0.8743189,80
gardens,cube,768,webp-replacement-q80,image-replacement,webp,8,3538944,54,814524,1151896,33.0661,32.2295,30.83805,0.9673942,80
gardens,cube,768,jpeg-replacement-q90,image-replacement,jpeg,4,13824,1,7669,7669,28.28636,19.76763,19.1684,0.4535954,90
gardens,cube,768,jpeg-replacement-q90,image-replacement,jpeg,5,55296,6,28993,36662,29.25338,21.6269,20.65301,0.5543788,90
gardens,cube,768,jpeg-replacement-q90,image-replacement,jpeg,6,221184,6,102610,139272,29.91483,24.03633,22.66318,0.7184834,90
gardens,cube,768,jpeg-replacement-q90,image-replacement,jpeg,7,884736,24,379026,518298,31.10468,27.6044,25.94564,0.8847191,90
gardens,cube,768,jpeg-replacement-q90,image-replacement,jpeg,8,3538944,54,1265922,1784220,33.76476,32.97237,31.31811,0.9742801,90
gardens,cube,768,jpeg-residual-q90,image-residual,jpeg,4,13824,1,7669,7669,28.28636,19.76763,19.1684,0.4535954,90
gardens,cube,768,jpeg-residual-q90,image-residual,jpeg,5,55296,6,24538,32207,29.3152,21.6522,20.66971,0.5545661,90
gardens,cube,768,jpeg-residual-q90,image-residual,jpeg,6,221184,6,85927,118134,29.98365,24.05518,22.67636,0.718433,90
gardens,cube,768,jpeg-residual-q90,image-residual,jpeg,7,884736,24,317072,435206,31.19706,27.63026,25.97236,0.8848285,90
gardens,cube,768,jpeg-residual-q90,image-residual,jpeg,8,3538944,54,1032912,1468118,33.8909,33.01791,31.38855,0.9742472,90
gardens,cube,768,webp-replacement-q90,image-replacement,webp,4,13824,1,7294,7294,29.04914,19.83284,19.21525,0.4559274,90
gardens,cube,768,webp-replacement-q90,image-replacement,webp,5,55296,6,26954,34248,30.04353,21.68996,20.69266,0.5564071,90
gardens,cube,768,webp-replacement-q90,image-replacement,webp,6,221184,6,94648,128896,30.71512,24.1294,22.71126,0.7187184,90
gardens,cube,768,webp-replacement-q90,image-replacement,webp,7,884736,24,349544,478440,32.07624,27.76849,26.03201,0.8834782,90
gardens,cube,768,webp-replacement-q90,image-replacement,webp,8,3538944,54,1178534,1656974,35.11921,33.21314,31.54483,0.9730051,90
stadium,cube,768,exact,exact,deflate,4,13824,1,41472,41472,,25.3857,20.93673,0.5440325,
stadium,cube,768,exact,exact,deflate,5,55296,6,165888,207360,,27.26912,22.4954,0.6074645,
stadium,cube,768,exact,exact,deflate,6,221184,6,663552,870912,,29.38886,24.28149,0.7169655,
stadium,cube,768,exact,exact,deflate,7,884736,24,2654208,3525120,,32.31357,26.9111,0.849708,
stadium,cube,768,exact,exact,deflate,8,3538944,54,10616832,14141952,,37.21706,31.86719,0.9567271,
stadium,cube,768,haar-residual-d3,haar-residual,deflate,4,13824,1,34275,34275,57.08695,25.38339,20.93683,0.5440404,3
stadium,cube,768,haar-residual-d3,haar-residual,deflate,5,55296,6,67917,102192,54.49187,27.24592,22.49475,0.6074711,3
stadium,cube,768,haar-residual-d3,haar-residual,deflate,6,221184,6,181616,283808,51.66447,29.25679,24.27879,0.7168786,3
stadium,cube,768,haar-residual-d3,haar-residual,deflate,7,884736,24,477014,760822,48.06366,31.79256,26.89678,0.8491975,3
stadium,cube,768,haar-residual-d3,haar-residual,deflate,8,3538944,54,1178340,1939162,44.68773,35.67223,31.77367,0.9550543,3
stadium,cube,768,haar-replacement-d3,haar-replacement,deflate,4,13824,1,12841,12841,42.18105,24.93274,20.91836,0.5436708,3
stadium,cube,768,haar-replacement-d3,haar-replacement,deflate,5,55296,6,43888,56729,42.76675,26.7179,22.47211,0.6065467,3
stadium,cube,768,haar-replacement-d3,haar-replacement,deflate,6,221184,6,154296,211025,43.2865,28.6856,24.25166,0.7153712,3
stadium,cube,768,haar-replacement-d3,haar-replacement,deflate,7,884736,24,559073,770098,43.79643,31.31409,26.8666,0.8478519,3
stadium,cube,768,haar-replacement-d3,haar-replacement,deflate,8,3538944,54,1972401,2742499,44.68773,35.67223,31.77367,0.9550543,3
stadium,cube,768,haar-residual-d3-p0.5,haar-residual,deflate,4,13824,1,21568,21568,49.66286,25.29444,20.93412,0.5439541,3
stadium,cube,768,haar-residual-d3-p0.5,haar-residual,deflate,5,55296,6,43308,64876,47.65257,26.99533,22.48802,0.607261,3
stadium,cube,768,haar-residual-d3-p0.5,haar-residual,deflate,6,221184,6,130954,195830,45.69672,28.7374,24.26304,0.7162712,3
stadium,cube,768,haar-residual-d3-p0.5,haar-residual,deflate,7,884736,24,402596,598426,43.80122,30.97545,26.85753,0.8480724,3
stadium,cube,768,haar-residual-d3-p0.5,haar-residual,deflate,8,3538944,54,1178340,1776766,42.21741,34.65534,31.64175,0.9537299,3
stadium,cube,768,haar-residual-d6,haar-residual,deflate,4,13824,1,28329,28329,54.23429,25.37113,20.93593,0.5440373,6
stadium,cube,768,haar-residual-d6,haar-residual,deflate,5,55296,6,50955,79284,51.21205,27.18139,22.49274,0.6073755,6
stadium,cube,768,haar-residual-d6,haar-residual,deflate,6,221184,6,130954,210238,47.5826,29.03089,24.27159,0.7164762,6
stadium,cube,768,haar-residual-d6,haar-residual,deflate,7,884736,24,338914,549152,43.79721,31.31352,26.86652,0.8478535,6
stadium,cube,768,haar-residual-d6,haar-residual,deflate,8,3538944,54,836080,1385232,40.58889,34.95537,31.61824,0.9527262,6
stadium,cube,768,haar-replacement-d6,haar-replacement,deflate,4,13824,1,9208,9208,37.80951,24.50431,20.88366,0.5428156,6
stadium,cube,768,haar-replacement-d6,haar-replacement,deflate,5,55296,6,30993,40201,38.61796,26.2523,22.4314,0.6050744,6
stadium,cube,768,haar-replacement-d6,haar-replacement,deflate,6,221184,6,108613,148814,39.14046,28.21164,24.19857,0.7132183,6
stadium,cube,768,haar-replacement-d6,haar-replacement,deflate,7,884736,24,392636,541450,39.72189,30.77354,26.78929,0.8451977,6
stadium,cube,768,haar-replacement-d6,haar-replacement,deflate,8,3538944,54,1410315,1951765,40.58889,34.95537,31.61824,0.9527262,6
stadium,cube,768,haar-residual-d6-p0.5,haar-residual,deflate,4,13824,1,16319,16319,45.10482,25.0819,20.92659,0.5438959,6
stadium,cube,768,haar-residual-d6-p0.5,haar-residual,deflate,5,55296,6,31150,47469,43.02004,26.5679,22.47095,0.6068109,6
stadium,cube,768,haar-residual-d6-p0.5,haar-residual,deflate,6,221184,6,94028,141497,41.10964,28.09937,24.22212,0.7147068,6
stadium,cube,768,haar-residual-d6-p0.5,haar-residual,deflate,7,884736,24,280822,422319,39.35115,30.12883,26.75143,0.8449013,6
stadium,cube,768,haar-residual-d6-p0.5,haar-residual,deflate,8,3538944,54,836080,1258399,37.91916,33.52741,31.25736,0.9493542,6
stadium,cube,768,haar-residual-d12,haar-residual,deflate,4,13824,1,22573,22573,50.90252,25.33157,20.93532,0.5439726,12
stadium,cube,768,haar-residual-d12,haar-residual,deflate,5,55296,6,36736,59309,47.15078,27.0139,22.48785,0.6071446,12
stadium,cube,768,haar-residual-d12,haar-residual,deflate,6,221184,6,94028,153337,43.2865,28.6856,24.25166,0.7153712,12
stadium,cube,768,haar-residual-d12,haar-residual,deflate,7,884736,24,231027,384364,39.72224,30.77392,26.7892,0.845196,12
stadium,cube,768,haar-residual-d12,haar-residual,deflate,8,3538944,54,582901,967265,36.55772,34.1294,31.23762,0.947927,12
stadium,cube,768,haar-replacement-d12,haar-replacement,deflate,4,13824,1,6403,6403,33.63576,23.86513,20.79313,0.5410296,12
stadium,cube,768,haar-replacement-d12,haar-replacement,deflate,5,55296,6,21269,27672,34.38276,25.6441,22.32193,0.6016084,12
stadium,cube,768,haar-replacement-d12,haar-replacement,deflate,6,221184,6,74044,101716,35.15148,27.58586,24.06887,0.7083597,12
stadium,cube,768,haar-replacement-d12,haar-replacement,deflate,7,884736,24,271447,373163,35.77827,30.11527,26.60508,0.8397391,12
stadium,cube,768,haar-replacement-d12,haar-replacement,deflate,8,3538944,54,990852,1364015,36.55772,34.1294,31.23762,0.947927,12
stadium,cube,768,haar-residual-d12-p0.5,haar-residual,deflate,4,13824,1,11963,11963,40.32348,24.64459,20.90471,0.543532,12
stadium,cube,768,haar-residual-d12-p0.5,haar-residual,deflate,5,55296,6,21464,33427,38.49607,25.9183,22.41995,0.6053623,12
stadium,cube,768,haar-residual-d12-p0.5,haar-residual,deflate,6,221184,6,63283,96710,36.76956,27.29043,24.11122,0.7113058,12
stadium,cube,768,haar-residual-d12-p0.5,haar-residual,deflate,7,884736,24,190985,287695,35.21046,29.13778,26.48429,0.8388082,12
stadium,cube,768,haar-residual-d12-p0.5,haar-residual,deflate,8,3538944,54,582901,870596,33.82443,32.04773,30.38203,0.9405268,12
stadium,cube,768,haar-residual-d24,haar-residual,deflate,4,13824,1,17227,17227,46.66839,25.2142,20.93137,0.5439328,24
stadium,cube,768,haar-residual-d24,haar-residual,deflate,5,55296,6,26041,43268,42.76675,26.7179,22.47211,0.6065467,24
stadium,cube,768,haar-residual-d24,haar-residual,deflate,6,221184,6,63283,106551,39.14046,28.21164,24.19857,0.7132183,24
stadium,cube,768,haar-residual-d24,haar-residual,deflate,7,884736,24,156667,263218,35.77753,30.11402,26.60491,0.8397335,24
stadium,cube,768,haar-residual-d24,haar-residual,deflate,8,3538944,54,369977,633195,32.38293,32.92517,30.39421,0.9361533,24
stadium,cube,768,haar-replacement-d24,haar-replacement,deflate,4,13824,1,4213,4213,29.72367,23.18219,20.56198,0.536433,24
stadium,cube,768,haar-replacement-d24,haar-replacement,deflate,5,55296,6,13577,17790,30.42449,24.81012,22.05188,0.593088,24
stadium,cube,768,haar-replacement-d24,haar-replacement,deflate,6,221184,6,47296,65086,31.03615,26.74989,23.74264,0.6947731,24
stadium,cube,768,haar-replacement-d24,haar-replacement,deflate,7,884736,24,176451,241537,31.70032,29.19416,26.16412,0.8252297,24
stadium,cube,768,haar-replacement-d24,haar-replacement,deflate,8,3538944,54,658158,899695,32.38293,32.92517,30.39421,0.9361533,24
stadium,cube,768,haar-residual-d24-p0.5,haar-residual,deflate,4,13824,1,8423,8423,35.80977,23.93438,20.83933,0.5425225,24
stadium,cube,768,haar-residual-d24-p0.5,haar-residual,deflate,5,55296,6,14492,22915,34.13532,25.05638,22.28332,0.6022989,24
stadium,cube,768,haar-residual-d24-p0.5,haar-residual,deflate,6,221184,6,41749,64664,32.57802,26.27239,23.83031,0.7039871,24
stadium,cube,768,haar-residual-d24-p0.5,haar-residual,deflate,7,884736,24,125717,190381,31.08731,27.82947,25.86704,0.8246453,24
stadium,cube,768,haar-residual-d24-p0.5,haar-residual,deflate,8,3538944,54,369977,560358,29.63044,29.93834,28.71698,0.9189047,24
stadium,cube,768,jpeg-replacement-q50,image-replacement,jpeg,4,13824,1,2349,2349,27.66969,23.49134,20.2584,0.5310511,50
stadium,cube,768,jpeg-replacement-q50,image-replacement,jpeg,5,55296,6,9161,11510,28.62007,25.13168,21.71102,0.5767488,50
stadium,cube,768,jpeg-replacement-q50,image-replacement,jpeg,6,221184,6,28508,40018,29.24313,26.87306,23.33547,0.6692269,50
stadium,cube,768,jpeg-replacement-q50,image-replacement,jpeg,7,884736,24,110281,150299,29.30088,29.09528,25.53729,0.8005707,50
stadium,cube,768,jpeg-replacement-q50,image-replacement,jpeg,8,3538944,54,420543,570842,30.00067,32.59409,29.62752,0.9265599,50
stadium,cube,768,jpeg-residual-q50,image-residual,jpeg,4,13824,1,2349,2349,27.66969,23.49134,20.2584,0.5310511,50
stadium,cube,768,jpeg-residual-q50,image-residual,jpeg,5,55296,6,7537,9886,28.58729,25.07372,21.71953,0.5769396,50
stadium,cube,768,jpeg-residual-q50,image-residual,jpeg,6,221184,6,22611,32497,29.23905,26.93503,23.33354,0.6689295,50
stadium,cube,768,jpeg-residual-q50,image-residual,jpeg,7,884736,24,88812,121309,29.30338,29.14033,25.53411,0.8003862,50
stadium,cube,768,jpeg-residual-q50,image-residual,jpeg,8,3538944,54,343210,464519,30.01315,32.64391,29.63789,0.9263421,50
stadium,cube,768,webp-replacement-q50,image-replacement,webp,4,13824,1,2158,2158,29.10264,23.72587,20.4309,0.5371214,50
stadium,cube,768,webp-replacement-q50,image-replacement,webp,5,55296,6,7952,10110,30.31097,25.35705,21.936,0.5899974,50
stadium,cube,768,webp-replacement-q50,image-replacement,webp,6,221184,6,27480,37590,30.97501,27.14082,23.61369,0.6874042,50
stadium,cube,768,webp-replacement-q50,image-replacement,webp,7,884736,24,112268,149858,31.83715,29.44563,26.01357,0.8186576,50
stadium,cube,768,webp-replacement-q50,image-replacement,webp,8,3538944,54,436452,586310,32.78779,33.02109,30.26927,0.9342186,50
stadium,cube,768,jpeg-replacement-q70,image-replacement,jpeg,4,13824,1,3105,3105,28.99819,23.87591,20.45556,0.5353127,70
stadium,cube,768,jpeg-replacement-q70,image-replacement,jpeg,5,55296,6,12003,15108,30.03904,25.66727,21.93308,0.5869767,70
stadium,cube,768,jpeg-replacement-q70,image-replacement,jpeg,6,221184,6,39247,54355,30.63828,27.46264,23.60577,0.6870725,70
stadium,cube,768,jpeg-replacement-q70,image-replacement,jpeg,7,884736,24,153919,208274,30.93321,29.81126,25.99902,0.8216853,70
stadium,cube,768,jpeg-replacement-q70,image-replacement,jpeg,8,3538944,54,583783,792057,31.91566,33.60471,30.43091,0.9399208,70
stadium,cube,768,jpeg-residual-q70,image-residual,jpeg,4,13824,1,3105,3105,28.99819,23.87591,20.45556,0.5353127,70
stadium,cube,768,jpeg-residual-q70,image-residual,jpeg,5,55296,6,9909,13014,29.99042,25.5728,21.93377,0.5868709,70
stadium,cube,768,jpeg-residual-q70,image-residual,jpeg,6,221184,6,31754,44768,30.64103,27.47334,23.60435,0.6871293,70
stadium,cube,768,jpeg-residual-q70,image-residual,jpeg,7,884736,24,125718,170486,30.93692,29.85249,26.00074,0.8216255,70
stadium,cube,768,jpeg-residual-q70,image-residual,jpeg,8,3538944,54,481019,651505,31.92097,33.66718,30.43837,0.939941,70
stadium,cube,768,webp-replacement-q70,image-replacement,webp,4,13824,1,2728,2728,30.22024,23.92145,20.53405,0.5388955,70
stadium,cube,768,webp-replacement-q70,image-replacement,webp,5,55296,6,10100,12828,31.63022,25.65986,22.06365,0.5959072,70
stadium,cube,768,webp-replacement-q70,image-replacement,webp,6,221184,6,34886,47714,32.42911,27.47973,23.7769,0.6972868,70
stadium,cube,768,webp-replacement-q70,image-replacement,webp,7,884736,24,139860,187574,33.41795,29.84178,26.2444,0.8285148,70
stadium,cube,768,webp-replacement-q70,image-replacement,webp,8,3538944,54,542310,729884,34.57478,33.58084,30.71031,0.9410396,70
stadium,cube,768,jpeg-replacement-q80,image-replacement,jpeg,4,13824,1,3919,3919,30.0913,24.13428,20.57276,0.5388472,80
stadium,cube,768,jpeg-replacement-q80,image-replacement,jpeg,5,55296,6,14919,18838,31.28896,25.94452,22.08287,0.5947638,80
stadium,cube,768,jpeg-replacement-q80,image-replacement,jpeg,6,221184,6,50231,69069,31.96694,27.81233,23.78662,0.6991314,80
stadium,cube,768,jpeg-replacement-q80,image-replacement,jpeg,7,884736,24,196364,265433,32.56568,30.29334,26.28744,0.8335337,80
stadium,cube,768,jpeg-replacement-q80,image-replacement,jpeg,8,3538944,54,743097,1008530,33.70673,34.31132,30.90054,0.9467844,80
stadium,cube,768,jpeg-residual-q80,image-residual,jpeg,4,13824,1,3919,3919,30.0913,24.13428,20.57276,0.5388472,80
stadium,cube,768,jpeg-residual-q80,image-residual,jpeg,5,55296,6,12346,16265,31.19466,25.84546,22.07523,0.5946126,80
stadium,cube,768,jpeg-residual-q80,image-residual,jpeg,6,221184,6,41190,57455,31.97284,27.76755,23.78981,0.698967,80
stadium,cube,768,jpeg-residual-q80,image-residual,jpeg,7,884736,24,162622,220077,32.55272,30.2074,26.28766,0.8333005,80
stadium,cube,768,jpeg-residual-q80,image-residual,jpeg,8,3538944,54,619922,839999,33.6908,34.15883,30.89628,0.9464589,80
stadium,cube,768,webp-replacement-q80,image-replacement,webp,4,13824,1,3402,3402,31.32424,24.08669,20.60698,0.5408464,80
stadium,cube,768,webp-replacement-q80,image-replacement,webp,5,55296,6,12660,16062,32.90799,25.78714,22.15637,0.5999466,80
stadium,cube,768,webp-replacement-q80,image-replacement,webp,6,221184,6,44048,60110,33.92056,27.74896,23.89791,0.7043858,80
stadium,cube,768,webp-replacement-q80,image-replacement,webp,7,884736,24,174248,234358,35.09125,30.15111,26.41957,0.8356311,80
stadium,cube,768,webp-replacement-q80,image-replacement,webp,8,3538944,54,670068,904426,36.48476,34.02466,31.04598,0.9458443,80
stadium,cube,768,jpeg-replacement-q90,image-replacement,jpeg,4,13824,1,5608,5608,31.91775,24.39415,20.68113,0.5422395,90
stadium,cube,768,jpeg-replacement-q90,image-replacement,jpeg,5,55296,6,21302,26910,33.5562,26.27803,22.22853,0.6032569,90
stadium,cube,768,jpeg-replacement-q90,image-replacement,jpeg,6,221184,6,73928,100838,34.58574,28.25162,23.9886,0.711038,90
stadium,cube,768,jpeg-replacement-q90,image-replacement,jpeg,7,884736,24,286566,387404,35.69278,30.84433,26.56232,0.8438748,90
stadium,cube,768,jpeg-replacement-q90,image-replacement,jpeg,8,3538944,54,1085198,1472602,37.20828,35.14733,31.36398,0.9529653,90
stadium,cube,768,jpeg-residual-q90,image-residual,jpeg,4,13824,1,5608,5608,31.91775,24.39415,20.68113,0.5422395,90
stadium,cube,768,jpeg-residual-q90,image-residual,jpeg,5,55296,6,18073,23681,33.53717,26.23469,22.23122,0.6032964,90
stadium,cube,768,jpeg-residual-q90,image-residual,jpeg,6,221184,6,62256,85937,34.6002,28.1827,23.99146,0.7108597,90
stadium,cube,768,jpeg-residual-q90,image-residual,jpeg,7,884736,24,243657,329594,35.68189,30.69067,26.56443,0.8436696,90
stadium,cube,768,jpeg-residual-q90,image-residual,jpeg,8,3538944,54,929357,1258951,37.16146,34.8473,31.36412,0.9527024,90
stadium,cube,768,webp-replacement-q90,image-replacement,webp,4,13824,1,5028,5028,32.83682,24.41389,20.69337,0.542457,90
stadium,cube,768,webp-replacement-q90,image-replacement,webp,5,55296,6,18668,23696,34.90607,26.21189,22.25263,0.60398,90
stadium,cube,768,webp-replacement-q90,image-replacement,webp,6,221184,6,66298,89994,36.18101,28.09518,24.01725,0.7108714,90
stadium,cube,768,webp-replacement-q90,image-replacement,webp,7,884736,24,256350,346344,37.75002,30.56913,26.59685,0.8423778,90
stadium,cube,768,webp-replacement-q90,image-replacement,webp,8,3538944,54,970104,1316448,39.82128,34.61552,31.40815,0.9509344,90
superblock,cube,768,exact,exact,deflate,4,13824,1,41472,41472,,18.98436,18.77193,0.2787388,
superblock,cube,768,exact,exact,deflate,5,55296,6,165888,207360,,20.21026,19.97231,0.3729396,
superblock,cube,768,exact,exact,deflate,6,221184,6,663552,870912,,22.15027,21.88289,0.5740204,
superblock,cube,768,exact,exact,deflate,7,884736,24,2654208,3525120,,25.50877,25.22355,0.813237,
superblock,cube,768,exact,exact,deflate,8,3538944,54,10616832,14141952,,31.47424,31.17257,0.9596498,
superblock,cube,768,haar-residual-d3,haar-residual,deflate,4,13824,1,39645,39645,57.03701,18.98407,18.77165,0.2787482,3
superblock,cube,768,haar-residual-d3,haar-residual,deflate,5,55296,6,90426,130071,54.17619,20.20998,19.97212,0.3729517,3
superblock,cube,768,haar-residual-d3,haar-residual,deflate,6,221184,6,288863,418934,50.79569,22.14831,21.88107,0.573982,3
superblock,cube,768,haar-residual-d3,haar-residual,deflate,7,884736,24,872924,1291858,46.21044,25.4931,25.20942,0.8130208,3
superblock,cube,768,haar-residual-d3,haar-residual,deflate,8,3538944,54,2217281,3509139,41.6421,31.30744,31.01923,0.9589329,3
superblock,cube,768,haar-replacement-d3,haar-replacement,deflate,4,13824,1,18522,18522,40.75936,18.96896,18.75769,0.2785654,3
superblock,cube,768,haar-replacement-d3,haar-replacement,deflate,5,55296,6,70376,88898,40.84555,20.19072,19.95461,0.3725789,3
superblock,cube,768,haar-replacement-d3,haar-replacement,deflate,6,221184,6,266750,355648,40.90173,22.12018,21.8557,0.5733379,3
superblock,cube,768,haar-replacement-d3,haar-replacement,deflate,7,884736,24,1014905,1370553,41.09829,25.45152,25.17134,0.8124721,3
superblock,cube,768,haar-replacement-d3,haar-replacement,deflate,8,3538944,54,3545327,4915880,41.6421,31.30744,31.01923,0.9589329,3
superblock,cube,768,haar-residual-d3-p0.5,haar-residual,deflate,4,13824,1,27339,27339,49.50311,18.98285,18.77058,0.2787294,3
superblock,cube,768,haar-residual-d3-p0.5,haar-residual,deflate,5,55296,6,67835,95174,47.04078,20.20599,19.96853,0.3728718,3
superblock,cube,768,haar-residual-d3-p0.5,haar-residual,deflate,6,221184,6,231928,327102,44.45509,22.13641,21.87055,0.5737716,3
superblock,cube,768,haar-residual-d3-p0.5,haar-residual,deflate,7,884736,24,762500,1089602,41.88263,25.45224,25.17292,0.8125405,3
superblock,cube,768,haar-residual-d3-p0.5,haar-residual,deflate,8,3538944,54,2217281,3306883,39.62696,31.12678,30.85652,0.9583551,3
superblock,cube,768,haar-residual-d6,haar-residual,deflate,4,13824,1,33708,33708,54.16567,18.98417,18.77181,0.2787444,6
superblock,cube,768,haar-residual-d6,haar-residual,deflate,5,55296,6,75237,108945,50.72068,20.20897,19.9711,0.3729149,6
superblock,cube,768,haar-residual-d6,haar-residual,deflate,6,221184,6,231928,340873,46.09201,22.1424,21.87575,0.5738225,6
superblock,cube,768,haar-residual-d6,haar-residual,deflate,7,884736,24,661889,1002762,41.0985,25.45124,25.17095,0.8124697,6
superblock,cube,768,haar-residual-d6,haar-residual,deflate,8,3538944,54,1531320,2534082,36.81264,30.94189,30.6711,0.9575231,6
superblock,cube,768,haar-replacement-d6,haar-replacement,deflate,4,13824,1,13573,13573,35.66305,18.93193,18.72322,0.278224,6
superblock,cube,768,haar-replacement-d6,haar-replacement,deflate,5,55296,6,51134,64707,35.78615,20.14165,19.90774,0.371763,6
superblock,cube,768,haar-replacement-d6,haar-replacement,deflate,6,221184,6,194955,259662,35.88027,22.0481,21.78749,0.5719493,6
superblock,cube,768,haar-replacement-d6,haar-replacement,deflate,7,884736,24,739073,998735,36.13831,25.31284,25.04058,0.8106283,6
superblock,cube,768,haar-replacement-d6,haar-replacement,deflate,8,3538944,54,2571690,3570425,36.81264,30.94189,30.6711,0.9575231,6
superblock,cube,768,haar-residual-d6-p0.5,haar-residual,deflate,4,13824,1,22336,22336,44.54673,18.97751,18.76572,0.278685,6
superblock,cube,768,haar-residual-d6-p0.5,haar-residual,deflate,5,55296,6,53234,75570,41.81781,20.19152,19.9555,0.3726756,6
superblock,cube,768,haar-residual-d6-p0.5,haar-residual,deflate,6,221184,6,175632,251202,39.14223,22.09545,21.83328,0.5730638,6
superblock,cube,768,haar-residual-d6-p0.5,haar-residual,deflate,7,884736,24,565597,816799,36.67296,25.3022,25.03401,0.8108849,6
superblock,cube,768,haar-residual-d6-p0.5,haar-residual,deflate,8,3538944,54,1531320,2348119,34.64989,30.38143,30.14983,0.9556224,6
superblock,cube,768,haar-residual-d12,haar-residual,deflate,4,13824,1,28380,28380,50.61286,18.98315,18.77091,0.2787062,12
superblock,cube,768,haar-residual-d12,haar-residual,deflate,5,55296,6,60464,88844,45.99239,20.20455,19.96717,0.3727831,12
superblock,cube,768,haar-residual-d12,haar-residual,deflate,6,221184,6,175632,264476,40.90173,22.12018,21.8557,0.5733379,12
superblock,cube,768,haar-residual-d12,haar-residual,deflate,7,884736,24,466847,731323,36.13875,25.31256,25.0402,0.8106253,12
superblock,cube,768,haar-residual-d12,haar-residual,deflate,8,3538944,54,971064,1702387,32.49225,30.02701,29.77717,0.9525855,12
superblock,cube,768,haar-replacement-d12,haar-replacement,deflate,4,13824,1,9203,9203,31.14382,18.8286,18.62244,0.2769616,12
superblock,cube,768,haar-replacement-d12,haar-replacement,deflate,5,55296,6,33720,42923,31.22048,20.00694,19.77792,0.3688128,12
superblock,cube,768,haar-replacement-d12,haar-replacement,deflate,6,221184,6,130106,173029,31.36631,21.84524,21.59238,0.5664849,12
superblock,cube,768,haar-replacement-d12,haar-replacement,deflate,7,884736,24,499447,672476,31.67668,24.93978,24.68016,0.8043365,12
superblock,cube,768,haar-replacement-d12,haar-replacement,deflate,8,3538944,54,1736066,2408542,32.49225,30.02701,29.77717,0.9525855,12
superblock,cube,768,haar-residual-d12-p0.5,haar-residual,deflate,4,13824,1,17599,17599,39.15537,18.95967,18.74902,0.278554,12
superblock,cube,768,haar-residual-d12-p0.5,haar-residual,deflate,5,55296,6,38867,56466,36.49445,20.14463,19.91118,0.3720346,12
superblock,cube,768,haar-residual-d12-p0.5,haar-residual,deflate,6,221184,6,126187,182653,33.99854,21.9645,21.71082,0.5708895,12
superblock,cube,768,haar-residual-d12-p0.5,haar-residual,deflate,7,884736,24,377921,560574,31.81154,24.87545,24.62994,0.8055687,12
superblock,cube,768,haar-residual-d12-p0.5,haar-residual,deflate,8,3538944,54,971064,1531638,30.15085,28.74319,28.55373,0.9464048,12
superblock,cube,768,haar-residual-d24,haar-residual,deflate,4,13824,1,23287,23287,45.97089,18.98055,18.7685,0.2786827,24
superblock,cube,768,haar-residual-d24,haar-residual,deflate,5,55296,6,46060,69347,40.84555,20.19072,19.95461,0.3725789,24
superblock,cube,768,haar-residual-d24,haar-residual,deflate,6,221184,6,126187,195534,35.88027,22.0481,21.78749,0.5719493,24
superblock,cube,768,haar-residual-d24,haar-residual,deflate,7,884736,24,295966,491500,31.6768,24.93917,24.6795,0.8043295,24
superblock,cube,768,haar-residual-d24,haar-residual,deflate,8,3538944,54,552543,1044043,28.70245,28.30663,28.0649,0.9367208,24
superblock,cube,768,haar-replacement-d24,haar-replacement,deflate,4,13824,1,5663,5663,27.16314,18.55451,18.35179,0.273781,24
superblock,cube,768,haar-replacement-d24,haar-replacement,deflate,5,55296,6,20169,25832,27.39137,19.68144,19.45532,0.3590238,24
superblock,cube,768,haar-replacement-d24,haar-replacement,deflate,6,221184,6,77488,103320,27.47859,21.37272,21.12597,0.547982,24
superblock,cube,768,haar-replacement-d24,haar-replacement,deflate,7,884736,24,302721,406041,27.85614,24.11788,23.86718,0.783661,24
superblock,cube,768,haar-replacement-d24,haar-replacement,deflate,8,3538944,54,1078200,1484241,28.70245,28.30663,28.0649,0.9367208,24
superblock,cube,768,haar-residual-d24-p0.5,haar-residual,deflate,4,13824,1,12701,12701,34.01336,18.89758,18.69198,0.2781111,24
superblock,cube,768,haar-residual-d24-p0.5,haar-residual,deflate,5,55296,6,25457,38158,31.59128,20.00115,19.77709,0.3699062,24
superblock,cube,768,haar-residual-d24-p0.5,haar-residual,deflate,6,221184,6,78158,116316,29.4132,21.60596,21.37098,0.5632622,24
superblock,cube,768,haar-residual-d24-p0.5,haar-residual,deflate,7,884736,24,224572,340888,27.58012,23.89213,23.68125,0.7875431,24
superblock,cube,768,haar-residual-d24-p0.5,haar-residual,deflate,8,3538944,54,552543,893431,26.21873,26.17219,26.00122,0.9176267,24
superblock,cube,768,jpeg-replacement-q50,image-replacement,jpeg,4,13824,1,2717,2717,25.23073,18.16387,17.95742,0.2619521,50
superblock,cube,768,jpeg-replacement-q50,image-replacement,jpeg,5,55296,6,11041,13758,25.37362,19.1842,18.93495,0.3214439,50
superblock,cube,768,jpeg-replacement-q50,image-replacement,jpeg,6,221184,6,39011,52769,25.16932,20.59875,20.3067,0.4864261,50
superblock,cube,768,jpeg-replacement-q50,image-replacement,jpeg,7,884736,24,159956,212725,25.46068,22.90431,22.56307,0.7322764,50
superblock,cube,768,jpeg-replacement-q50,image-replacement,jpeg,8,3538944,54,602548,815273,27.18926,26.80354,26.3872,0.9217442,50
superblock,cube,768,jpeg-residual-q50,image-residual,jpeg,4,13824,1,2717,2717,25.23073,18.16387,17.95742,0.2619521,50
superblock,cube,768,jpeg-residual-q50,image-residual,jpeg,5,55296,6,9005,11722,25.36664,19.17827,18.92943,0.3212854,50
superblock,cube,768,jpeg-residual-q50,image-residual,jpeg,6,221184,6,31650,43372,25.1877,20.61323,20.32333,0.4869952,50
superblock,cube,768,jpeg-residual-q50,image-residual,jpeg,7,884736,24,130978,174350,25.47596,22.91488,22.57344,0.7323391,50
superblock,cube,768,jpeg-residual-q50,image-residual,jpeg,8,3538944,54,482545,656895,27.23175,26.83204,26.42304,0.9217312,50
superblock,cube,768,webp-replacement-q50,image-replacement,webp,4,13824,1,2818,2818,26.60906,18.38218,18.17029,0.2704813,50
superblock,cube,768,webp-replacement-q50,image-replacement,webp,5,55296,6,11426,14244,26.99061,19.4719,19.23218,0.3508373,50
superblock,cube,768,webp-replacement-q50,image-replacement,webp,6,221184,6,45490,59734,27.09044,21.06498,20.79402,0.5350779,50
superblock,cube,768,webp-replacement-q50,image-replacement,webp,7,884736,24,184786,244520,27.66812,23.67178,23.37463,0.7711079,50
superblock,cube,768,webp-replacement-q50,image-replacement,webp,8,3538944,54,644902,889422,29.11276,27.80948,27.50142,0.9316416,50
superblock,cube,768,jpeg-replacement-q70,image-replacement,jpeg,4,13824,1,3681,3681,26.19332,18.33733,18.12408,0.2671505,70
superblock,cube,768,jpeg-replacement-q70,image-replacement,jpeg,5,55296,6,15075,18756,26.37444,19.38395,19.1352,0.3401529,70
superblock,cube,768,jpeg-replacement-q70,image-replacement,jpeg,6,221184,6,55455,74211,26.27518,20.94181,20.65016,0.5243566,70
superblock,cube,768,jpeg-replacement-q70,image-replacement,jpeg,7,884736,24,225583,299794,26.73355,23.48775,23.15048,0.7686053,70
superblock,cube,768,jpeg-replacement-q70,image-replacement,jpeg,8,3538944,54,828391,1128185,28.61816,27.73643,27.32856,0.9390042,70
superblock,cube,768,jpeg-residual-q70,image-residual,jpeg,4,13824,1,3681,3681,26.19332,18.33733,18.12408,0.2671505,70
superblock,cube,768,jpeg-residual-q70,image-residual,jpeg,5,55296,6,12424,16105,26.41818,19.39601,19.14806,0.3402364,70
superblock,cube,768,jpeg-residual-q70,image-residual,jpeg,6,221184,6,45552,61657,26.28517,20.94407,20.65372,0.5237828,70
superblock,cube,768,jpeg-residual-q70,image-residual,jpeg,7,884736,24,186319,247976,26.74189,23.49249,23.15689,0.7684236,70
superblock,cube,768,jpeg-residual-q70,image-residual,jpeg,8,3538944,54,668751,916727,28.67242,27.77867,27.37679,0.9390367,70
superblock,cube,768,webp-replacement-q70,image-replacement,webp,4,13824,1,3574,3574,27.61407,18.49487,18.28417,0.273425,70
superblock,cube,768,webp-replacement-q70,image-replacement,webp,5,55296,6,14446,18020,27.9684,19.59094,19.35142,0.3585323,70
superblock,cube,768,webp-replacement-q70,image-replacement,webp,6,221184,6,56962,74982,28.0562,21.23883,20.95821,0.5489847,70
superblock,cube,768,webp-replacement-q70,image-replacement,webp,7,884736,24,230520,305502,28.77072,23.98149,23.66973,0.7867742,70
superblock,cube,768,webp-replacement-q70,image-replacement,webp,8,3538944,54,811896,1117398,30.45166,28.45853,28.12052,0.9420952,70
superblock,cube,768,jpeg-replacement-q80,image-replacement,jpeg,4,13824,1,4664,4664,27.10703,18.45525,18.24325,0.2713501,80
superblock,cube,768,jpeg-replacement-q80,image-replacement,jpeg,5,55296,6,19097,23761,27.3536,19.55337,19.30573,0.3540457,80
superblock,cube,768,jpeg-replacement-q80,image-replacement,jpeg,6,221184,6,71700,95461,27.32348,21.18161,20.89192,0.5464599,80
superblock,cube,768,jpeg-replacement-q80,image-replacement,jpeg,7,884736,24,289204,384665,27.93943,23.89811,23.56658,0.7891958,80
superblock,cube,768,jpeg-replacement-q80,image-replacement,jpeg,8,3538944,54,1045094,1429759,29.90397,28.42834,28.02837,0.9478401,80
superblock,cube,768,jpeg-residual-q80,image-residual,jpeg,4,13824,1,4664,4664,27.10703,18.45525,18.24325,0.2713501,80
superblock,cube,768,jpeg-residual-q80,image-residual,jpeg,5,55296,6,15901,20565,27.35647,19.55206,19.30499,0.3533932,80
superblock,cube,768,jpeg-residual-q80,image-residual,jpeg,6,221184,6,59670,80235,27.34641,21.18803,20.89868,0.5463825,80
superblock,cube,768,jpeg-residual-q80,image-residual,jpeg,7,884736,24,241241,321476,27.97227,23.91403,23.58458,0.7891131,80
superblock,cube,768,jpeg-residual-q80,image-residual,jpeg,8,3538944,54,851704,1173180,29.96826,28.47834,28.08706,0.9477872,80
superblock,cube,768,webp-replacement-q80,image-replacement,webp,4,13824,1,4524,4524,28.52683,18.564,18.35429,0.2756292,80
superblock,cube,768,webp-replacement-q80,image-replacement,webp,5,55296,6,17966,22490,28.77519,19.67778,19.43129,0.3634889,80
superblock,cube,768,webp-replacement-q80,image-replacement,webp,6,221184,6,70774,93264,28.90078,21.36785,21.07969,0.5586239,80
superblock,cube,768,webp-replacement-q80,image-replacement,webp,7,884736,24,285562,378826,29.76547,24.21171,23.88233,0.7970975,80
superblock,cube,768,webp-replacement-q80,image-replacement,webp,8,3538944,54,1013126,1391952,31.77647,28.98556,28.61073,0.9489822,80
superblock,cube,768,jpeg-replacement-q90,image-replacement,jpeg,4,13824,1,6875,6875,28.72231,18.59496,18.38266,0.2765513,90
superblock,cube,768,jpeg-replacement-q90,image-replacement,jpeg,5,55296,6,27779,34654,29.07616,19.74361,19.49461,0.3678979,90
superblock,cube,768,jpeg-replacement-q90,image-replacement,jpeg,6,221184,6,105485,140139,29.13165,21.44987,21.1582,0.5667091,90
superblock,cube,768,jpeg-replacement-q90,image-replacement,jpeg,7,884736,24,420591,560730,30.00445,24.35753,24.01803,0.8062815,90
superblock,cube,768,jpeg-replacement-q90,image-replacement,jpeg,8,3538944,54,1515786,2076516,32.30903,29.37254,28.96329,0.9558168,90
superblock,cube,768,jpeg-residual-q90,image-residual,jpeg,4,13824,1,6875,6875,28.72231,18.59496,18.38266,0.2765513,90
superblock,cube,768,jpeg-residual-q90,image-residual,jpeg,5,55296,6,23610,30485,29.10844,19.75045,19.50181,0.3678141,90
superblock,cube,768,jpeg-residual-q90,image-residual,jpeg,6,221184,6,89857,120342,29.17509,21.46143,21.17075,0.5666326,90
superblock,cube,768,jpeg-residual-q90,image-residual,jpeg,7,884736,24,359790,480132,30.07625,24.38234,24.04553,0.8061966,90
superblock,cube,768,jpeg-residual-q90,image-residual,jpeg,8,3538944,54,1271665,1751797,32.42328,29.44571,29.04997,0.9557672,90
superblock,cube,768,webp-replacement-q90,image-replacement,webp,4,13824,1,6492,6492,29.44793,18.62817,18.41461,0.2774583,90
superblock,cube,768,webp-replacement-q90,image-replacement,webp,5,55296,6,26194,32686,29.84529,19.7749,19.52203,0.3692607,90
superblock,cube,768,webp-replacement-q90,image-replacement,webp,6,221184,6,102098,134784,29.96459,21.50518,21.20568,0.5675062,90
superblock,cube,768,webp-replacement-q90,image-replacement,webp,7,884736,24,406904,541688,31.02931,24.45241,24.09935,0.8061804,90
superblock,cube,768,webp-replacement-q90,image-replacement,webp,8,3538944,54,1468628,2010316,33.69521,29.60419,29.17071,0.9553699,90
northrop-mall,eac,768,exact,exact,deflate,4,13824,1,41472,41472,,21.21982,18.80445,0.4833257,
northrop-mall,eac,768,exact,exact,deflate,5,55296,6,165888,207360,,22.59318,20.13505,0.5607565,
northrop-mall,eac,768,exact,exact,deflate,6,221184,6,663552,870912,,24.46687,21.98191,0.7010952,
northrop-mall,eac,768,exact,exact,deflate,7,884736,24,2654208,3525120,,27.53152,25.03333,0.8603057,
northrop-mall,eac,768,exact,exact,deflate,8,3538944,54,10616832,14141952,,33.00897,30.62624,0.9671226,
northrop-mall,eac,768,haar-residual-d3,haar-residual,deflate,4,13824,1,37481,37481,57.08778,21.21816,18.80432,0.4833386,3
northrop-mall,eac,768,haar-residual-d3,haar-residual,deflate,5,55296,6,79222,116703,54.41898,22.58551,20.13473,0.5607926,3
northrop-mall,eac,768,haar-residual-d3,haar-residual,deflate,6,221184,6,229379,346082,51.59646,24.43456,21.98042,0.7010291,3
northrop-mall,eac,768,haar-residual-d3,haar-residual,deflate,7,884736,24,666078,1012160,47.37781,27.42683,25.02373,0.859859,3
northrop-mall,eac,768,haar-residual-d3,haar-residual,deflate,8,3538944,54,1733377,2745537,43.1334,32.59781,30.53304,0.9653696,3
northrop-mall,eac,768,haar-replacement-d3,haar-replacement,deflate,4,13824,1,15468,15468,41.4846,21.05413,18.79243,0.4829583,3
northrop-mall,eac,768,haar-replacement-d3,haar-replacement,deflate,5,55296,6,55969,71437,41.77228,22.41864,20.12041,0.5598636,3
northrop-mall,eac,768,haar-replacement-d3,haar-replacement,deflate,6,221184,6,204888,276325,42.10673,24.28664,21.96263,0.699707,3
northrop-mall,eac,768,haar-replacement-d3,haar-replacement,deflate,7,884736,24,775398,1051723,42.44239,27.29551,24.99796,0.858499,3
northrop-mall,eac,768,haar-replacement-d3,haar-replacement,deflate,8,3538944,54,2782280,3834003,43.1334,32.59781,30.53304,0.9653696,3
northrop-mall,eac,768,haar-residual-d3-p0.5,haar-residual,deflate,4,13824,1,24327,24327,49.66003,21.18532,18.80326,0.4833069,3
northrop-mall,eac,768,haar-residual-d3-p0.5,haar-residual,deflate,5,55296,6,54805,79132,47.36522,22.50623,20.131,0.5606288,3
northrop-mall,eac,768,haar-residual-d3-p0.5,haar-residual,deflate,6,221184,6,176759,255891,45.13354,24.29587,21.97032,0.7004703,3
northrop-mall,eac,768,haar-residual-d3-p0.5,haar-residual,deflate,7,884736,24,576004,831895,42.92454,27.2,24.99478,0.8587276,3
northrop-mall,eac,768,haar-residual-d3-p0.5,haar-residual,deflate,8,3538944,54,1733377,2565272,40.93525,32.21341,30.41692,0.9640594,3
northrop-mall,eac,768,haar-residual-d6,haar-residual,deflate,4,13824,1,31130,31130,54.26299,21.21412,18.80424,0.4833254,6
northrop-mall,eac,768,haar-residual-d6,haar-residual,deflate,5,55296,6,62894,94024,50.96075,22.56441,20.13372,0.5607029,6
northrop-mall,eac,768,haar-residual-d6,haar-residual,deflate,6,221184,6,176759,270783,46.91903,24.3797,21.97587,0.7006548,6
northrop-mall,eac,768,haar-residual-d6,haar-residual,deflate,7,884736,24,491420,762203,42.44249,27.29538,24.99794,0.8584962,6
northrop-mall,eac,768,haar-residual-d6,haar-residual,deflate,8,3538944,54,1249308,2011511,38.33247,32.24527,30.34131,0.9628274,6
northrop-mall,eac,768,haar-replacement-d6,haar-replacement,deflate,4,13824,1,11498,11498,36.59037,20.89632,18.76519,0.4819782,6
northrop-mall,eac,768,haar-replacement-d6,haar-replacement,deflate,5,55296,6,41050,52548,36.9568,22.25689,20.08654,0.5584045,6
northrop-mall,eac,768,haar-replacement-d6,haar-replacement,deflate,6,221184,6,151649,204197,37.24609,24.13088,21.91739,0.6976568,6
northrop-mall,eac,768,haar-replacement-d6,haar-replacement,deflate,7,884736,24,569822,774019,37.62621,27.11229,24.92216,0.856186,6
northrop-mall,eac,768,haar-replacement-d6,haar-replacement,deflate,8,3538944,54,2043156,2817175,38.33247,32.24527,30.34131,0.9628274,6
northrop-mall,eac,768,haar-residual-d6-p0.5,haar-residual,deflate,4,13824,1,19113,19113,44.8014,21.10343,18.79836,0.4831895,6
northrop-mall,eac,768,haar-residual-d6-p0.5,haar-residual,deflate,5,55296,6,41062,60175,42.42132,22.3662,20.11999,0.5601024,6
northrop-mall,eac,768,haar-residual-d6-p0.5,haar-residual,deflate,6,221184,6,129916,190091,40.15125,24.10367,21.94342,0.6990187,6
northrop-mall,eac,768,haar-residual-d6-p0.5,haar-residual,deflate,7,884736,24,422083,612174,37.96889,26.90254,24.90724,0.8558525,6
northrop-mall,eac,768,haar-residual-d6-p0.5,haar-residual,deflate,8,3538944,54,1249308,1861482,36.09321,31.5521,30.00952,0.9598406,6
northrop-mall,eac,768,haar-residual-d12,haar-residual,deflate,4,13824,1,25402,25402,50.78151,21.19992,18.80341,0.483298,12
northrop-mall,eac,768,haar-residual-d12,haar-residual,deflate,5,55296,6,47609,73011,46.56994,22.51689,20.13102,0.5605433,12
northrop-mall,eac,768,haar-residual-d12,haar-residual,deflate,6,221184,6,129916,202927,42.10673,24.28664,21.96263,0.699707,12
northrop-mall,eac,768,haar-residual-d12,haar-residual,deflate,7,884736,24,359036,561963,37.62635,27.1122,24.92211,0.8561835,12
northrop-mall,eac,768,haar-residual-d12,haar-residual,deflate,8,3538944,54,845796,1407759,33.95742,31.64745,29.83408,0.9586981,12
northrop-mall,eac,768,haar-replacement-d12,haar-replacement,deflate,4,13824,1,7947,7947,32.06589,20.60559,18.69204,0.480397,12
northrop-mall,eac,768,haar-replacement-d12,haar-replacement,deflate,5,55296,6,28166,36113,32.43936,22.0091,19.99729,0.5554758,12
northrop-mall,eac,768,haar-replacement-d12,haar-replacement,deflate,6,221184,6,105102,141215,32.72734,23.86055,21.78785,0.6934845,12
northrop-mall,eac,768,haar-replacement-d12,haar-replacement,deflate,7,884736,24,401259,542474,33.10945,26.76969,24.70353,0.8513958,12
northrop-mall,eac,768,haar-replacement-d12,haar-replacement,deflate,8,3538944,54,1436407,1978881,33.95742,31.64745,29.83408,0.9586981,12
northrop-mall,eac,768,haar-residual-d12-p0.5,haar-residual,deflate,4,13824,1,14574,14574,39.82058,20.93244,18.78392,0.4828603,12
northrop-mall,eac,768,haar-residual-d12-p0.5,haar-residual,deflate,5,55296,6,29852,44426,37.47325,22.13167,20.0873,0.5588002,12
northrop-mall,eac,768,haar-residual-d12-p0.5,haar-residual,deflate,6,221184,6,95558,139984,35.24464,23.79397,21.8603,0.6959354,12
northrop-mall,eac,768,haar-residual-d12-p0.5,haar-residual,deflate,7,884736,24,297798,437782,33.20455,26.40346,24.65673,0.8504962,12
northrop-mall,eac,768,haar-residual-d12-p0.5,haar-residual,deflate,8,3538944,54,845796,1283578,31.58751,30.31057,29.00186,0.9522591,12
northrop-mall,eac,768,haar-residual-d24,haar-residual,deflate,4,13824,1,20001,20001,46.30469,21.15251,18.80112,0.4832178,24
northrop-mall,eac,768,haar-residual-d24,haar-residual,deflate,5,55296,6,35176,55177,41.77228,22.41864,20.12041,0.5598636,24
northrop-mall,eac,768,haar-residual-d24,haar-residual,deflate,6,221184,6,95558,150735,37.24609,24.13088,21.91739,0.6976568,24
northrop-mall,eac,768,haar-residual-d24,haar-residual,deflate,7,884736,24,241358,392093,33.1089,26.76889,24.70304,0.8513859,24
northrop-mall,eac,768,haar-residual-d24,haar-residual,deflate,8,3538944,54,521296,913389,30.11655,30.49195,28.74709,0.9494371,24
northrop-mall,eac,768,haar-replacement-d24,haar-replacement,deflate,4,13824,1,5259,5259,28.29852,20.24266,18.51732,0.4768008,24
northrop-mall,eac,768,haar-replacement-d24,haar-replacement,deflate,5,55296,6,17819,23078,28.58759,21.56131,19.7748,0.5487471,24
northrop-mall,eac,768,haar-replacement-d24,haar-replacement,deflate,6,221184,6,66037,89115,28.90959,23.40119,21.49281,0.6826841,24
northrop-mall,eac,768,haar-replacement-d24,haar-replacement,deflate,7,884736,24,255288,344403,29.29045,26.1326,24.20011,0.8399757,24
northrop-mall,eac,768,haar-replacement-d24,haar-replacement,deflate,8,3538944,54,942762,1287165,30.11655,30.49195,28.74709,0.9494371,24
northrop-mall,eac,768,haar-residual-d24-p0.5,haar-residual,deflate,4,13824,1,10676,10676,34.7982,20.65009,18.73546,0.4816062,24
northrop-mall,eac,768,haar-residual-d24-p0.5,haar-residual,deflate,5,55296,6,20579,31255,32.60154,21.7672,19.98073,0.5554266,24
northrop-mall,eac,768,haar-residual-d24-p0.5,haar-residual,deflate,6,221184,6,62733,93988,30.61935,23.27958,21.61375,0.6890128,24
northrop-mall,eac,768,haar-residual-d24-p0.5,haar-residual,deflate,7,884736,24,188605,282593,28.88925,25.47788,24.00023,0.8380241,24
northrop-mall,eac,768,haar-residual-d24-p0.5,haar-residual,deflate,8,3538944,54,521296,803889,27.56313,28.19815,27.06847,0.9345147,24
northrop-mall,eac,768,jpeg-replacement-q50,image-replacement,jpeg,4,13824,1,2672,2672,25.32931,19.76611,18.12686,0.4687196,50
northrop-mall,eac,768,jpeg-replacement-q50,image-replacement,jpeg,5,55296,6,10769,13441,26.15301,21.32295,19.39016,0.5270015,50
northrop-mall,eac,768,jpeg-replacement-q50,image-replacement,jpeg,6,221184,6,36559,50000,26.24104,22.94651,20.94663,0.6498562,50
northrop-mall,eac,768,jpeg-replacement-q50,image-replacement,jpeg,7,884736,24,146024,196024,26.38909,25.37264,23.37397,0.8135256,50
northrop-mall,eac,768,jpeg-replacement-q50,image-replacement,jpeg,8,3538944,54,552541,748565,27.50082,29.41433,27.59887,0.9408302,50
northrop-mall,eac,768,jpeg-residual-q50,image-residual,jpeg,4,13824,1,2672,2672,25.32931,19.76611,18.12686,0.4687196,50
northrop-mall,eac,768,jpeg-residual-q50,image-residual,jpeg,5,55296,6,8946,11618,26.12364,21.20915,19.38275,0.5262281,50
northrop-mall,eac,768,jpeg-residual-q50,image-residual,jpeg,6,221184,6,29569,41187,26.24014,22.92838,20.94596,0.6495376,50
northrop-mall,eac,768,jpeg-residual-q50,image-residual,jpeg,7,884736,24,119213,160400,26.41139,25.37174,23.38086,0.8132104,50
northrop-mall,eac,768,jpeg-residual-q50,image-residual,jpeg,8,3538944,54,448032,608432,27.55287,29.46329,27.64932,0.9407887,50
northrop-mall,eac,768,webp-replacement-q50,image-replacement,webp,4,13824,1,2748,2748,27.24159,20.17003,18.34629,0.4770414,50
northrop-mall,eac,768,webp-replacement-q50,image-replacement,webp,5,55296,6,10872,13620,28.38493,21.64016,19.67155,0.5471748,50
northrop-mall,eac,768,webp-replacement-q50,image-replacement,webp,6,221184,6,40444,54064,28.73814,23.39349,21.34601,0.6777496,50
northrop-mall,eac,768,webp-replacement-q50,image-replacement,webp,7,884736,24,160912,214976,29.28964,26.01708,24.00661,0.8350073,50
northrop-mall,eac,768,webp-replacement-q50,image-replacement,webp,8,3538944,54,600866,815842,30.46743,30.342,28.57272,0.9483531,50
northrop-mall,eac,768,jpeg-replacement-q70,image-replacement,jpeg,4,13824,1,3615,3615,26.56717,20.08215,18.30758,0.4741039,70
northrop-mall,eac,768,jpeg-replacement-q70,image-replacement,jpeg,5,55296,6,14370,17985,27.40303,21.57947,19.58935,0.5404384,70
northrop-mall,eac,768,jpeg-replacement-q70,image-replacement,jpeg,6,221184,6,51001,68986,27.59344,23.32991,21.24069,0.6732557,70
northrop-mall,eac,768,jpeg-replacement-q70,image-replacement,jpeg,7,884736,24,202532,271518,27.93747,25.95338,23.8614,0.8355056,70
northrop-mall,eac,768,jpeg-replacement-q70,image-replacement,jpeg,8,3538944,54,758298,1029816,29.20363,30.31886,28.39007,0.952156,70
northrop-mall,eac,768,jpeg-residual-q70,image-residual,jpeg,4,13824,1,3615,3615,26.56717,20.08215,18.30758,0.4741039,70
northrop-mall,eac,768,jpeg-residual-q70,image-residual,jpeg,5,55296,6,11983,15598,27.40933,21.56008,19.59153,0.5401549,70
northrop-mall,eac,768,jpeg-residual-q70,image-residual,jpeg,6,221184,6,41854,57452,27.59157,23.31212,21.24447,0.6733042,70
northrop-mall,eac,768,jpeg-residual-q70,image-residual,jpeg,7,884736,24,167111,224563,27.96176,25.94862,23.87006,0.8354903,70
northrop-mall,eac,768,jpeg-residual-q70,image-residual,jpeg,8,3538944,54,621991,846554,29.26286,30.36196,28.44551,0.952274,70
northrop-mall,eac,768,webp-replacement-q70,image-replacement,webp,4,13824,1,3392,3392,28.04682,20.30479,18.41833,0.4793472,70
northrop-mall,eac,768,webp-replacement-q70,image-replacement,webp,5,55296,6,13372,16764,29.43339,21.77649,19.75444,0.5515773,70
northrop-mall,eac,768,webp-replacement-q70,image-replacement,webp,6,221184,6,49946,66710,29.90909,23.56487,21.47761,0.6856328,70
northrop-mall,eac,768,webp-replacement-q70,image-replacement,webp,7,884736,24,196272,262982,30.4999,26.26558,24.21045,0.8424987,70
northrop-mall,eac,768,webp-replacement-q70,image-replacement,webp,8,3538944,54,734016,996998,31.95491,30.84179,29.04048,0.9534938,70
northrop-mall,eac,768,jpeg-replacement-q80,image-replacement,jpeg,4,13824,1,4543,4543,27.63193,20.26253,18.40397,0.477772,80
northrop-mall,eac,768,jpeg-replacement-q80,image-replacement,jpeg,5,55296,6,17921,22464,28.58507,21.76973,19.72559,0.5495829,80
northrop-mall,eac,768,jpeg-replacement-q80,image-replacement,jpeg,6,221184,6,64745,87209,28.86017,23.54854,21.42381,0.6862834,80
northrop-mall,eac,768,jpeg-replacement-q80,image-replacement,jpeg,7,884736,24,255594,342803,29.37881,26.29593,24.14909,0.8463155,80
northrop-mall,eac,768,jpeg-replacement-q80,image-replacement,jpeg,8,3538944,54,954322,1297125,30.78054,30.91532,28.92177,0.9577419,80
northrop-mall,eac,768,jpeg-residual-q80,image-residual,jpeg,4,13824,1,4543,4543,27.63193,20.26253,18.40397,0.477772,80
northrop-mall,eac,768,jpeg-residual-q80,image-residual,jpeg,5,55296,6,15097,19640,28.56302,21.69645,19.72436,0.5495006,80
northrop-mall,eac,768,jpeg-residual-q80,image-residual,jpeg,6,221184,6,53803,73443,28.87773,23.52338,21.42738,0.6860294,80
northrop-mall,eac,768,jpeg-residual-q80,image-residual,jpeg,7,884736,24,213358,286801,29.39791,26.26984,24.16008,0.8461336,80
northrop-mall,eac,768,jpeg-residual-q80,image-residual,jpeg,8,3538944,54,794728,1081529,30.81836,30.89655,28.95857,0.9575599,80
northrop-mall,eac,768,webp-replacement-q80,image-replacement,webp,4,13824,1,4194,4194,28.96695,20.38993,18.47509,0.4808351,80
northrop-mall,eac,768,webp-replacement-q80,image-replacement,webp,5,55296,6,16422,20616,30.40701,21.86562,19.81973,0.5542616,80
northrop-mall,eac,768,webp-replacement-q80,image-replacement,webp,6,221184,6,60928,81544,30.91225,23.68194,21.56063,0.6904486,80
northrop-mall,eac,768,webp-replacement-q80,image-replacement,webp,7,884736,24,239558,321102,31.63219,26.45872,24.36627,0.8482059,80
northrop-mall,eac,768,webp-replacement-q80,image-replacement,webp,8,3538944,54,894978,1216080,33.40782,31.22323,29.39171,0.9573116,80
northrop-mall,eac,768,jpeg-replacement-q90,image-replacement,jpeg,4,13824,1,6449,6449,29.25361,20.47508,18.5195,0.4814635,90
northrop-mall,eac,768,jpeg-replacement-q90,image-replacement,jpeg,5,55296,6,25174,31623,30.47555,21.98803,19.8502,0.5573196,90
northrop-mall,eac,768,jpeg-replacement-q90,image-replacement,jpeg,6,221184,6,92330,123953,31.04389,23.84039,21.60848,0.6959491,90
northrop-mall,eac,768,jpeg-replacement-q90,image-replacement,jpeg,7,884736,24,362496,486449,31.82133,26.68128,24.45756,0.8546576,90
northrop-mall,eac,768,jpeg-replacement-q90,image-replacement,jpeg,8,3538944,54,1371066,1857515,33.7239,31.66505,29.59895,0.9628414,90
northrop-mall,eac,768,jpeg-residual-q90,image-residual,jpeg,4,13824,1,6449,6449,29.25361,20.47508,18.5195,0.4814635,90
northrop-mall,eac,768,jpeg-residual-q90,image-residual,jpeg,5,55296,6,21644,28093,30.52513,21.96789,19.85525,0.5571737,90
northrop-mall,eac,768,jpeg-residual-q90,image-residual,jpeg,6,221184,6,78918,107011,31.08216,23.79873,21.61367,0.6957709,90
northrop-mall,eac,768,jpeg-residual-q90,image-residual,jpeg,7,884736,24,311673,418684,31.86091,26.63567,24.46616,0.8544569,90
northrop-mall,eac,768,jpeg-residual-q90,image-residual,jpeg,8,3538944,54,1175095,1593779,33.78197,31.60968,29.63333,0.9626839,90
northrop-mall,eac,768,webp-replacement-q90,image-replacement,webp,4,13824,1,5904,5904,29.91003,20.55077,18.53925,0.4822294,90
northrop-mall,eac,768,webp-replacement-q90,image-replacement,webp,5,55296,6,23110,29014,31.53106,22.01394,19.87959,0.5576068,90
northrop-mall,eac,768,webp-replacement-q90,image-replacement,webp,6,221184,6,85664,114678,32.11712,23.80479,21.6434,0.6954593,90
northrop-mall,eac,768,webp-replacement-q90,image-replacement,webp,7,884736,24,334664,449342,33.01027,26.6611,24.51215,0.8535346,90
northrop-mall,eac,768,webp-replacement-q90,image-replacement,webp,8,3538944,54,1256742,1706084,35.39396,31.64518,29.74374,0.9612428,90
walter-study,eac,768,exact,exact,deflate,4,13824,1,41472,41472,,18.50839,18.36153,0.3457882,
walter-study,eac,768,exact,exact,deflate,5,55296,6,165888,207360,,20.62933,20.52488,0.4785722,
walter-study,eac,768,exact,exact,deflate,6,221184,6,663552,870912,,23.18347,23.10891,0.6690896,
walter-study,eac,768,exact,exact,deflate,7,884736,24,2654208,3525120,,26.85078,26.77421,0.8550197,
walter-study,eac,768,exact,exact,deflate,8,3538944,54,10616832,14141952,,32.7789,32.67735,0.9671811,
walter-study,eac,768,haar-residual-d3,haar-residual,deflate,4,13824,1,42349,42349,57.0476,18.50849,18.36164,0.3457771,3
walter-study,eac,768,haar-residual-d3,haar-residual,deflate,5,55296,6,96500,138849,54.13395,20.629,20.52457,0.4785782,3
walter-study,eac,768,haar-residual-d3,haar-residual,deflate,6,221184,6,286999,425848,50.82229,23.18104,23.10655,0.6690579,3
walter-study,eac,768,haar-residual-d3,haar-residual,deflate,7,884736,24,770692,1196540,46.3392,26.83211,26.75613,0.8548041,3
walter-study,eac,768,haar-residual-d3,haar-residual,deflate,8,3538944,54,1685478,2882018,42.45122,32.58878,32.49686,0.9663585,3
walter-study,eac,768,haar-replacement-d3,haar-replacement,deflate,4,13824,1,19950,19950,40.37248,18.49446,18.34883,0.3457324,3
walter-study,eac,768,haar-replacement-d3,haar-replacement,deflate,5,55296,6,74650,94600,40.4749,20.60572,20.5025,0.4782148,3
walter-study,eac,768,haar-replacement-d3,haar-replacement,deflate,6,221184,6,264467,359067,40.92668,23.14628,23.07308,0.6682417,3
walter-study,eac,768,haar-replacement-d3,haar-replacement,deflate,7,884736,24,906934,1266001,41.43584,26.7761,26.7021,0.8540229,3
walter-study,eac,768,haar-replacement-d3,haar-replacement,deflate,8,3538944,54,2922567,4188568,42.45122,32.58878,32.49686,0.9663585,3
walter-study,eac,768,haar-residual-d3-p0.5,haar-residual,deflate,4,13824,1,29273,29273,49.49464,18.50653,18.3598,0.3457722,3
walter-study,eac,768,haar-residual-d3-p0.5,haar-residual,deflate,5,55296,6,72364,101637,46.91863,20.62431,20.52013,0.4785184,3
walter-study,eac,768,haar-residual-d3-p0.5,haar-residual,deflate,6,221184,6,224973,326610,44.33843,23.16514,23.09125,0.6687867,3
walter-study,eac,768,haar-residual-d3-p0.5,haar-residual,deflate,7,884736,24,660655,987265,41.9574,26.77421,26.70035,0.8542258,3
walter-study,eac,768,haar-residual-d3-p0.5,haar-residual,deflate,8,3538944,54,1685478,2672743,40.13155,32.34381,32.26169,0.9656454,3
walter-study,eac,768,haar-residual-d6,haar-residual,deflate,4,13824,1,35835,35835,54.14931,18.50804,18.36122,0.3457737,6
walter-study,eac,768,haar-residual-d6,haar-residual,deflate,5,55296,6,80068,115903,50.63521,20.62768,20.52333,0.4785479,6
walter-study,eac,768,haar-residual-d6,haar-residual,deflate,6,221184,6,224973,340876,45.9794,23.17355,23.09935,0.6688784,6
walter-study,eac,768,haar-residual-d6,haar-residual,deflate,7,884736,24,554690,895566,41.43593,26.77615,26.70223,0.8540229,6
walter-study,eac,768,haar-residual-d6,haar-residual,deflate,8,3538944,54,1130205,2025771,38.15002,32.20184,32.1282,0.9643383,6
walter-study,eac,768,haar-replacement-d6,haar-replacement,deflate,4,13824,1,14765,14765,35.32178,18.45858,18.31421,0.3453907,6
walter-study,eac,768,haar-replacement-d6,haar-replacement,deflate,5,55296,6,53855,68620,35.60369,20.54986,20.44919,0.4770363,6
walter-study,eac,768,haar-replacement-d6,haar-replacement,deflate,6,221184,6,188203,256823,36.071,23.05407,22.98386,0.6659385,6
walter-study,eac,768,haar-replacement-d6,haar-replacement,deflate,7,884736,24,638859,895682,36.95458,26.61379,26.54673,0.8513311,6
walter-study,eac,768,haar-replacement-d6,haar-replacement,deflate,8,3538944,54,2057986,2953668,38.15002,32.20184,32.1282,0.9643383,6
walter-study,eac,768,haar-residual-d6-p0.5,haar-residual,deflate,4,13824,1,24281,24281,44.32951,18.50209,18.35563,0.3457692,6
walter-study,eac,768,haar-residual-d6-p0.5,haar-residual,deflate,5,55296,6,56730,81011,41.49549,20.60823,20.5048,0.478338,6
walter-study,eac,768,haar-residual-d6-p0.5,haar-residual,deflate,6,221184,6,168315,249326,39.03966,23.11441,23.0423,0.6678963,6
walter-study,eac,768,haar-residual-d6-p0.5,haar-residual,deflate,7,884736,24,452412,701738,36.97353,26.58327,26.5161,0.8518842,6
walter-study,eac,768,haar-residual-d6-p0.5,haar-residual,deflate,8,3538944,54,1130205,1831943,35.51983,31.49074,31.43886,0.9617338,6
walter-study,eac,768,haar-residual-d12,haar-residual,deflate,4,13824,1,30295,30295,50.61954,18.50738,18.36064,0.3457804,12
walter-study,eac,768,haar-residual-d12,haar-residual,deflate,5,55296,6,64599,94894,45.74988,20.62358,20.51955,0.4784832,12
walter-study,eac,768,haar-residual-d12,haar-residual,deflate,6,221184,6,168315,263209,40.92668,23.14628,23.07308,0.6682417,12
walter-study,eac,768,haar-residual-d12,haar-residual,deflate,7,884736,24,365956,629165,36.95461,26.61392,26.54694,0.8513349,12
walter-study,eac,768,haar-residual-d12,haar-residual,deflate,8,3538944,54,727050,1356215,34.17759,31.33562,31.29121,0.9581146,12
walter-study,eac,768,haar-replacement-d12,haar-replacement,deflate,4,13824,1,10186,10186,30.73307,18.34059,18.19459,0.3435917,12
walter-study,eac,768,haar-replacement-d12,haar-replacement,deflate,5,55296,6,35957,46143,31.19718,20.3761,20.27852,0.4726048,12
walter-study,eac,768,haar-replacement-d12,haar-replacement,deflate,6,221184,6,125224,171367,31.84977,22.80082,22.73697,0.6583386,12
walter-study,eac,768,haar-replacement-d12,haar-replacement,deflate,7,884736,24,423942,595309,32.81094,26.18595,26.13391,0.8427739,12
walter-study,eac,768,haar-replacement-d12,haar-replacement,deflate,8,3538944,54,1388398,1983707,34.17759,31.33562,31.29121,0.9581146,12
walter-study,eac,768,haar-residual-d12-p0.5,haar-residual,deflate,4,13824,1,18959,18959,38.88422,18.48441,18.33956,0.3457205,12
walter-study,eac,768,haar-residual-d12-p0.5,haar-residual,deflate,5,55296,6,40641,59600,36.2404,20.55231,20.45184,0.4775737,12
walter-study,eac,768,haar-residual-d12-p0.5,haar-residual,deflate,6,221184,6,114164,173764,34.05619,22.94327,22.8764,0.664641,12
walter-study,eac,768,haar-residual-d12-p0.5,haar-residual,deflate,7,884736,24,290727,464491,32.40947,26.04143,25.99221,0.8441877,12
walter-study,eac,768,haar-residual-d12-p0.5,haar-residual,deflate,8,3538944,54,727050,1191541,31.25073,29.72379,29.70138,0.9496212,12
walter-study,eac,768,haar-residual-d24,haar-residual,deflate,4,13824,1,25119,25119,45.75407,18.50385,18.35722,0.3457328,24
walter-study,eac,768,haar-residual-d24,haar-residual,deflate,5,55296,6,48693,73812,40.4749,20.60572,20.5025,0.4782148,24
walter-study,eac,768,haar-residual-d24,haar-residual,deflate,6,221184,6,114164,187976,36.071,23.05407,22.98386,0.6659385,24
walter-study,eac,768,haar-residual-d24,haar-residual,deflate,7,884736,24,227439,415415,32.81122,26.18599,26.13402,0.842769,24
walter-study,eac,768,haar-residual-d24,haar-residual,deflate,8,3538944,54,433623,849038,30.27274,29.7206,29.69649,0.9391538,24
walter-study,eac,768,haar-replacement-d24,haar-replacement,deflate,4,13824,1,6414,6414,26.83077,18.04818,17.89904,0.3379858,24
walter-study,eac,768,haar-replacement-d24,haar-replacement,deflate,5,55296,6,22281,28695,27.31615,19.97235,19.87512,0.4561873,24
walter-study,eac,768,haar-replacement-d24,haar-replacement,deflate,6,221184,6,76863,105558,28.02156,22.23139,22.17548,0.6332615,24
walter-study,eac,768,haar-replacement-d24,haar-replacement,deflate,7,884736,24,264400,369958,29.03361,25.32404,25.28805,0.8169705,24
walter-study,eac,768,haar-replacement-d24,haar-replacement,deflate,8,3538944,54,880975,1250933,30.27274,29.7206,29.69649,0.9391538,24
walter-study,eac,768,haar-residual-d24-p0.5,haar-residual,deflate,4,13824,1,13902,13902,33.74587,18.42949,18.28566,0.3451998,24
walter-study,eac,768,haar-residual-d24-p0.5,haar-residual,deflate,5,55296,6,26734,40636,31.4598,20.38469,20.28772,0.4744858,24
walter-study,eac,768,haar-residual-d24-p0.5,haar-residual,deflate,6,221184,6,69807,110443,29.66107,22.49046,22.43322,0.6538356,24
walter-study,eac,768,haar-residual-d24-p0.5,haar-residual,deflate,7,884736,24,175160,285603,28.31912,24.88954,24.85986,0.8206388,24
walter-study,eac,768,haar-residual-d24-p0.5,haar-residual,deflate,8,3538944,54,433623,719226,27.26519,27.13802,27.10778,0.9142738,24
walter-study,eac,768,jpeg-replacement-q50,image-replacement,jpeg,4,13824,1,3153,3153,23.90554,17.55053,17.37715,0.317333,50
walter-study,eac,768,jpeg-replacement-q50,image-replacement,jpeg,5,55296,6,12749,15902,25.07777,19.39552,19.28382,0.4168506,50
walter-study,eac,768,jpeg-replacement-q50,image-replacement,jpeg,6,221184,6,41738,57640,26.29693,21.56181,21.50347,0.584789,50
walter-study,eac,768,jpeg-replacement-q50,image-replacement,jpeg,7,884736,24,152831,210471,27.62665,24.54794,24.51103,0.783814,50
walter-study,eac,768,jpeg-replacement-q50,image-replacement,jpeg,8,3538944,54,534275,744746,29.54259,29.19691,29.15592,0.9321709,50
walter-study,eac,768,jpeg-residual-q50,image-residual,jpeg,4,13824,1,3153,3153,23.90554,17.55053,17.37715,0.317333,50
walter-study,eac,768,jpeg-residual-q50,image-residual,jpeg,5,55296,6,10694,13847,25.12239,19.40945,19.29642,0.4161787,50
walter-study,eac,768,jpeg-residual-q50,image-residual,jpeg,6,221184,6,33415,47262,26.35281,21.58138,21.52277,0.584164,50
walter-study,eac,768,jpeg-residual-q50,image-residual,jpeg,7,884736,24,120630,167892,27.67435,24.56853,24.53129,0.7833528,50
walter-study,eac,768,jpeg-residual-q50,image-residual,jpeg,8,3538944,54,418314,586206,29.58639,29.23603,29.19347,0.9320671,50
walter-study,eac,768,webp-replacement-q50,image-replacement,webp,4,13824,1,3596,3596,26.32542,17.90226,17.7373,0.3364929,50
walter-study,eac,768,webp-replacement-q50,image-replacement,webp,5,55296,6,13056,16652,27.14901,19.77645,19.67482,0.4495851,50
walter-study,eac,768,webp-replacement-q50,image-replacement,webp,6,221184,6,43018,59670,28.20116,22.02339,21.96564,0.6216623,50
walter-study,eac,768,webp-replacement-q50,image-replacement,webp,7,884736,24,148964,208634,29.63882,25.15175,25.11591,0.8065438,50
walter-study,eac,768,webp-replacement-q50,image-replacement,webp,8,3538944,54,485238,693872,31.31602,29.76077,29.72899,0.9364328,50
walter-study,eac,768,jpeg-replacement-q70,image-replacement,jpeg,4,13824,1,4311,4311,25.41248,17.81047,17.64729,0.329273,70
walter-study,eac,768,jpeg-replacement-q70,image-replacement,jpeg,5,55296,6,17045,21356,26.34929,19.67592,19.56824,0.4386691,70
walter-study,eac,768,jpeg-replacement-q70,image-replacement,jpeg,6,221184,6,57079,78435,27.57432,21.93093,21.87266,0.6156319,70
walter-study,eac,768,jpeg-replacement-q70,image-replacement,jpeg,7,884736,24,209560,287995,29.07838,25.11331,25.07546,0.8118328,70
walter-study,eac,768,jpeg-replacement-q70,image-replacement,jpeg,8,3538944,54,732599,1020594,31.25433,30.15999,30.12169,0.9476391,70
walter-study,eac,768,jpeg-residual-q70,image-residual,jpeg,4,13824,1,4311,4311,25.41248,17.81047,17.64729,0.329273,70
walter-study,eac,768,jpeg-residual-q70,image-residual,jpeg,5,55296,6,14364,18675,26.39752,19.69098,19.58264,0.4385611,70
walter-study,eac,768,jpeg-residual-q70,image-residual,jpeg,6,221184,6,46354,65029,27.64299,21.9568,21.89798,0.6155417,70
walter-study,eac,768,jpeg-residual-q70,image-residual,jpeg,7,884736,24,168747,233776,29.13713,25.14016,25.10162,0.8119076,70
walter-study,eac,768,jpeg-residual-q70,image-residual,jpeg,8,3538944,54,582453,816229,31.29615,30.19342,30.15396,0.9476262,70
walter-study,eac,768,webp-replacement-q70,image-replacement,webp,4,13824,1,4394,4394,27.26418,17.9939,17.83051,0.3392265,70
walter-study,eac,768,webp-replacement-q70,image-replacement,webp,5,55296,6,16142,20536,28.13287,19.92736,19.82248,0.459769,70
walter-study,eac,768,webp-replacement-q70,image-replacement,webp,6,221184,6,54152,74688,29.33082,22.24945,22.18813,0.638581,70
walter-study,eac,768,webp-replacement-q70,image-replacement,webp,7,884736,24,187504,262192,30.97141,25.51871,25.47954,0.8234847,70
walter-study,eac,768,webp-replacement-q70,image-replacement,webp,8,3538944,54,615026,877218,32.89802,30.45836,30.42346,0.9474362,70
walter-study,eac,768,jpeg-replacement-q80,image-replacement,jpeg,4,13824,1,5432,5432,26.52089,17.94334,17.78519,0.3355943,80
walter-study,eac,768,jpeg-replacement-q80,image-replacement,jpeg,5,55296,6,21084,26516,27.47164,19.86311,19.75922,0.4535936,80
walter-study,eac,768,jpeg-replacement-q80,image-replacement,jpeg,6,221184,6,72251,98767,28.70102,22.19596,22.13611,0.636612,80
walter-study,eac,768,jpeg-replacement-q80,image-replacement,jpeg,7,884736,24,265006,363773,30.3787,25.50696,25.46655,0.8293773,80
walter-study,eac,768,jpeg-replacement-q80,image-replacement,jpeg,8,3538944,54,922783,1286556,32.77248,30.78777,30.74932,0.9557384,80
walter-study,eac,768,jpeg-residual-q80,image-residual,jpeg,4,13824,1,5432,5432,26.52089,17.94334,17.78519,0.3355943,80
walter-study,eac,768,jpeg-residual-q80,image-residual,jpeg,5,55296,6,17924,23356,27.54343,19.87588,19.77152,0.453214,80
walter-study,eac,768,jpeg-residual-q80,image-residual,jpeg,6,221184,6,59330,82686,28.76002,22.20989,22.14911,0.6360486,80
walter-study,eac,768,jpeg-residual-q80,image-residual,jpeg,7,884736,24,215870,298556,30.44094,25.53422,25.49346,0.8293844,80
walter-study,eac,768,jpeg-residual-q80,image-residual,jpeg,8,3538944,54,742361,1040917,32.81583,30.82775,30.78813,0.9557516,80
walter-study,eac,768,webp-replacement-q80,image-replacement,webp,4,13824,1,5400,5400,28.05875,18.05829,17.89715,0.3417796,80
walter-study,eac,768,webp-replacement-q80,image-replacement,webp,5,55296,6,20136,25536,29.08186,20.03812,19.93185,0.4670086,80
walter-study,eac,768,webp-replacement-q80,image-replacement,webp,6,221184,6,67680,93216,30.39817,22.40889,22.34541,0.6498104,80
walter-study,eac,768,webp-replacement-q80,image-replacement,webp,7,884736,24,236220,329436,32.36587,25.79961,25.75549,0.8353572,80
walter-study,eac,768,webp-replacement-q80,image-replacement,webp,8,3538944,54,779596,1109032,34.64429,31.03612,30.99671,0.9547907,80
walter-study,eac,768,jpeg-replacement-q90,image-replacement,jpeg,4,13824,1,7797,7797,28.39531,18.11286,17.95448,0.3430401,90
walter-study,eac,768,jpeg-replacement-q90,image-replacement,jpeg,5,55296,6,30122,37919,29.33763,20.10756,20.00079,0.4713523,90
walter-study,eac,768,jpeg-replacement-q90,image-replacement,jpeg,6,221184,6,105621,143540,30.71036,22.51068,22.44645,0.6589736,90
walter-study,eac,768,jpeg-replacement-q90,image-replacement,jpeg,7,884736,24,384952,528492,32.86904,25.99644,25.95071,0.8466975,90
walter-study,eac,768,jpeg-replacement-q90,image-replacement,jpeg,8,3538944,54,1333932,1862424,35.66253,31.56526,31.5192,0.9632438,90
walter-study,eac,768,jpeg-residual-q90,image-residual,jpeg,4,13824,1,7797,7797,28.39531,18.11286,17.95448,0.3430401,90
walter-study,eac,768,jpeg-residual-q90,image-residual,jpeg,5,55296,6,26032,33829,29.43975,20.11992,20.0142,0.4713469,90
walter-study,eac,768,jpeg-residual-q90,image-residual,jpeg,6,221184,6,88983,122812,30.81359,22.53336,22.46894,0.658834,90
walter-study,eac,768,jpeg-residual-q90,image-residual,jpeg,7,884736,24,321316,444128,32.9716,26.02707,25.98031,0.846718,90
walter-study,eac,768,jpeg-residual-q90,image-residual,jpeg,8,3538944,54,1100871,1544999,35.74172,31.6232,31.57503,0.9632665,90
walter-study,eac,768,webp-replacement-q90,image-replacement,webp,4,13824,1,7600,7600,29.11679,18.14511,17.98465,0.3445375,90
walter-study,eac,768,webp-replacement-q90,image-replacement,webp,5,55296,6,28512,36112,30.24442,20.14767,20.03863,0.4734997,90
walter-study,eac,768,webp-replacement-q90,image-replacement,webp,6,221184,6,98630,134742,31.86026,22.58253,22.516,0.6613274,90
walter-study,eac,768,webp-replacement-q90,image-replacement,webp,7,884736,24,352670,487412,34.50281,26.11202,26.06297,0.8473877,90
walter-study,eac,768,webp-replacement-q90,image-replacement,webp,8,3538944,54,1181818,1669230,37.78952,31.74916,31.6977,0.9624623,90
bookstore,eac,768,exact,exact,deflate,4,13824,1,41472,41472,,26.31658,23.64939,0.7392138,
bookstore,eac,768,exact,exact,deflate,5,55296,6,165888,207360,,28.53274,25.98408,0.7964667,
bookstore,eac,768,exact,exact,deflate,6,221184,6,663552,870912,,31.52549,29.17162,0.8843977,
bookstore,eac,768,exact,exact,deflate,7,884736,24,2654208,3525120,,36.03637,33.92793,0.9584873,
bookstore,eac,768,exact,exact,deflate,8,3538944,54,10616832,14141952,,43.05598,41.29255,0.9920681,
bookstore,eac,768,haar-residual-d3,haar-residual,deflate,4,13824,1,32207,32207,57.08037,26.31361,23.64882,0.7392071,3
bookstore,eac,768,haar-residual-d3,haar-residual,deflate,5,55296,6,62692,94899,54.46061,28.52479,25.98276,0.7964759,3
bookstore,eac,768,haar-residual-d3,haar-residual,deflate,6,221184,6,152044,246943,52.05788,31.48312,29.16378,0.8842865,3
bookstore,eac,768,haar-residual-d3,haar-residual,deflate,7,884736,24,308104,555047,49.00481,35.81835,33.86805,0.9577822,3
bookstore,eac,768,haar-residual-d3,haar-residual,deflate,8,3538944,54,493652,1048699,46.64769,41.79286,40.68071,0.9896676,3
bookstore,eac,768,haar-replacement-d3,haar-replacement,deflate,4,13824,1,11339,11339,43.27648,26.22677,23.6248,0.738624,3
bookstore,eac,768,haar-replacement-d3,haar-replacement,deflate,5,55296,6,36089,47428,43.88053,28.37651,25.94318,0.7952616,3
bookstore,eac,768,haar-replacement-d3,haar-replacement,deflate,6,221184,6,114923,162351,44.48082,31.27427,29.09826,0.8823018,3
bookstore,eac,768,haar-replacement-d3,haar-replacement,deflate,7,884736,24,361282,523633,45.23968,35.536,33.74404,0.9558947,3
bookstore,eac,768,haar-replacement-d3,haar-replacement,deflate,8,3538944,54,1068656,1592289,46.64769,41.79286,40.68071,0.9896676,3
bookstore,eac,768,haar-residual-d3-p0.5,haar-residual,deflate,4,13824,1,19575,19575,49.93719,26.29262,23.64509,0.739163,3
bookstore,eac,768,haar-residual-d3-p0.5,haar-residual,deflate,5,55296,6,37438,57013,47.96923,28.46009,25.96912,0.796226,3
bookstore,eac,768,haar-residual-d3-p0.5,haar-residual,deflate,6,221184,6,99385,156398,46.21759,31.31368,29.1177,0.8834461,3
bookstore,eac,768,haar-residual-d3-p0.5,haar-residual,deflate,7,884736,24,240675,397073,44.74349,35.38754,33.69288,0.9561341,3
bookstore,eac,768,haar-residual-d3-p0.5,haar-residual,deflate,8,3538944,54,493652,890725,43.70643,40.62857,39.85323,0.9878401,3
bookstore,eac,768,haar-residual-d6,haar-residual,deflate,4,13824,1,26353,26353,54.32271,26.31093,23.64799,0.7391554,6
bookstore,eac,768,haar-residual-d6,haar-residual,deflate,5,55296,6,45374,71727,51.23302,28.50362,25.97871,0.7963532,6
bookstore,eac,768,haar-residual-d6,haar-residual,deflate,6,221184,6,99385,171112,48.09771,31.4027,29.14234,0.88373,6
bookstore,eac,768,haar-residual-d6,haar-residual,deflate,7,884736,24,184601,355713,45.24108,35.53581,33.74392,0.9558932,6
bookstore,eac,768,haar-residual-d6,haar-residual,deflate,8,3538944,54,291523,647236,43.10567,40.80929,39.91503,0.9868294,6
bookstore,eac,768,haar-replacement-d6,haar-replacement,deflate,4,13824,1,8116,8116,39.01797,26.10088,23.57318,0.7378793,6
bookstore,eac,768,haar-replacement-d6,haar-replacement,deflate,5,55296,6,25113,33229,39.9733,28.24104,25.87978,0.7931877,6
bookstore,eac,768,haar-replacement-d6,haar-replacement,deflate,6,221184,6,77422,110651,40.80032,31.04903,28.98612,0.8790316,6
bookstore,eac,768,haar-replacement-d6,haar-replacement,deflate,7,884736,24,235083,345734,41.78772,35.14312,33.51068,0.9525531,6
bookstore,eac,768,haar-replacement-d6,haar-replacement,deflate,8,3538944,54,665598,1011332,43.10567,40.80929,39.91503,0.9868294,6
bookstore,eac,768,haar-residual-d6-p0.5,haar-residual,deflate,4,13824,1,14449,14449,45.81932,26.24848,23.63586,0.7389498,6
bookstore,eac,768,haar-residual-d6-p0.5,haar-residual,deflate,5,55296,6,24926,39375,43.87781,28.35062,25.94046,0.7955321,6
bookstore,eac,768,haar-residual-d6-p0.5,haar-residual,deflate,6,221184,6,62706,102081,42.25173,31.07356,29.02805,0.8814089,6
bookstore,eac,768,haar-residual-d6-p0.5,haar-residual,deflate,7,884736,24,145288,247369,40.94436,34.81257,33.3559,0.9521994,6
bookstore,eac,768,haar-residual-d6-p0.5,haar-residual,deflate,8,3538944,54,291523,538892,40.02647,39.02604,38.40012,0.9826829,6
bookstore,eac,768,haar-residual-d12,haar-residual,deflate,4,13824,1,20596,20596,51.16526,26.30157,23.64712,0.7391713,12
bookstore,eac,768,haar-residual-d12,haar-residual,deflate,5,55296,6,30579,51175,47.68207,28.4665,25.96998,0.7961205,12
bookstore,eac,768,haar-residual-d12,haar-residual,deflate,6,221184,6,62706,113881,44.48082,31.27427,29.09826,0.8823018,12
bookstore,eac,768,haar-residual-d12,haar-residual,deflate,7,884736,24,115323,229204,41.7876,35.14299,33.51054,0.9525536,12
bookstore,eac,768,haar-residual-d12,haar-residual,deflate,8,3538944,54,175146,404350,39.7569,39.46317,38.68008,0.9814441,12
bookstore,eac,768,haar-replacement-d12,haar-replacement,deflate,4,13824,1,5548,5548,34.90672,25.81381,23.46464,0.7344055,12
bookstore,eac,768,haar-replacement-d12,haar-replacement,deflate,5,55296,6,16624,22172,36.04678,27.8882,25.7136,0.7868343,12
bookstore,eac,768,haar-replacement-d12,haar-replacement,deflate,6,221184,6,50838,73010,37.12776,30.64611,28.72928,0.8703548,12
bookstore,eac,768,haar-replacement-d12,haar-replacement,deflate,7,884736,24,152525,225535,38.26877,34.45855,33.00267,0.9447353,12
bookstore,eac,768,haar-replacement-d12,haar-replacement,deflate,8,3538944,54,421294,646829,39.7569,39.46317,38.68008,0.9814441,12
bookstore,eac,768,haar-residual-d12-p0.5,haar-residual,deflate,4,13824,1,10507,10507,41.40378,26.16036,23.60197,0.7384762,12
bookstore,eac,768,haar-residual-d12-p0.5,haar-residual,deflate,5,55296,6,16456,26963,39.69393,28.15428,25.85933,0.7938087,12
bookstore,eac,768,haar-residual-d12-p0.5,haar-residual,deflate,6,221184,6,40359,67322,38.25905,30.67132,28.79871,0.8766312,12
bookstore,eac,768,haar-residual-d12-p0.5,haar-residual,deflate,7,884736,24,91573,158895,37.11339,33.86424,32.60561,0.9438771,12
bookstore,eac,768,haar-residual-d12-p0.5,haar-residual,deflate,8,3538944,54,175146,334041,36.31425,36.75399,36.10803,0.9714998,12
bookstore,eac,768,haar-residual-d24,haar-residual,deflate,4,13824,1,15395,15395,47.39303,26.27644,23.64099,0.739008,24
bookstore,eac,768,haar-residual-d24,haar-residual,deflate,5,55296,6,20269,35664,43.88053,28.37651,25.94318,0.7952616,24
bookstore,eac,768,haar-residual-d24,haar-residual,deflate,6,221184,6,40359,76023,40.80032,31.04903,28.98612,0.8790316,24
bookstore,eac,768,haar-residual-d24,haar-residual,deflate,7,884736,24,71280,147303,38.27031,34.45923,33.00296,0.94474,24
bookstore,eac,768,haar-residual-d24,haar-residual,deflate,8,3538944,54,96759,244062,36.30664,37.43218,36.69213,0.9683514,24
bookstore,eac,768,haar-replacement-d24,haar-replacement,deflate,4,13824,1,3589,3589,31.378,25.40708,23.19244,0.7297618,24
bookstore,eac,768,haar-replacement-d24,haar-replacement,deflate,5,55296,6,10641,14230,32.22167,27.24342,25.36766,0.7719765,24
bookstore,eac,768,haar-replacement-d24,haar-replacement,deflate,6,221184,6,31303,45533,33.52452,29.79921,28.19182,0.8482005,24
bookstore,eac,768,haar-replacement-d24,haar-replacement,deflate,7,884736,24,94416,139949,34.80077,33.27367,32.03564,0.924151,24
bookstore,eac,768,haar-replacement-d24,haar-replacement,deflate,8,3538944,54,257694,397643,36.30664,37.43218,36.69213,0.9683514,24
bookstore,eac,768,haar-residual-d24-p0.5,haar-residual,deflate,4,13824,1,7347,7347,36.99604,25.92713,23.51061,0.7373828,24
bookstore,eac,768,haar-residual-d24-p0.5,haar-residual,deflate,5,55296,6,10656,18003,35.48729,27.71903,25.64563,0.7888185,24
bookstore,eac,768,haar-residual-d24-p0.5,haar-residual,deflate,6,221184,6,24803,42806,34.25456,29.83465,28.25938,0.8632969,24
bookstore,eac,768,haar-residual-d24-p0.5,haar-residual,deflate,7,884736,24,54066,96872,33.28018,32.15609,31.16746,0.920456,24
bookstore,eac,768,haar-residual-d24-p0.5,haar-residual,deflate,8,3538944,54,96759,193631,32.55937,33.73835,33.09207,0.9415516,24
bookstore,eac,768,jpeg-replacement-q50,image-replacement,jpeg,4,13824,1,2168,2168,29.96474,25.23919,22.96422,0.7217454,50
bookstore,eac,768,jpeg-replacement-q50,image-replacement,jpeg,5,55296,6,8051,10219,31.32835,27.22028,25.12358,0.7590921,50
bookstore,eac,768,jpeg-replacement-q50,image-replacement,jpeg,6,221184,6,22166,32385,32.66224,29.7487,27.87926,0.8349233,50
bookstore,eac,768,jpeg-replacement-q50,image-replacement,jpeg,7,884736,24,71600,103985,34.32349,33.10987,31.68323,0.922904,50
bookstore,eac,768,jpeg-replacement-q50,image-replacement,jpeg,8,3538944,54,204293,308278,37.01598,37.68934,36.87102,0.9747772,50
bookstore,eac,768,jpeg-residual-q50,image-residual,jpeg,4,13824,1,2168,2168,29.96474,25.23919,22.96422,0.7217454,50
bookstore,eac,768,jpeg-residual-q50,image-residual,jpeg,5,55296,6,6670,8838,31.29614,27.19545,25.11425,0.7586877,50
bookstore,eac,768,jpeg-residual-q50,image-residual,jpeg,6,221184,6,17864,26702,32.60652,29.7115,27.8554,0.8331517,50
bookstore,eac,768,jpeg-residual-q50,image-residual,jpeg,7,884736,24,58301,85003,34.21803,33.0453,31.64941,0.9201231,50
bookstore,eac,768,jpeg-residual-q50,image-residual,jpeg,8,3538944,54,163983,248986,36.86488,37.54237,36.76397,0.9726611,50
bookstore,eac,768,webp-replacement-q50,image-replacement,webp,4,13824,1,1712,1712,31.36384,25.32671,23.07901,0.7294994,50
bookstore,eac,768,webp-replacement-q50,image-replacement,webp,5,55296,6,5578,7290,32.7616,27.23094,25.28861,0.7716952,50
bookstore,eac,768,webp-replacement-q50,image-replacement,webp,6,221184,6,15772,23062,33.97373,29.79902,28.08428,0.8466851,50
bookstore,eac,768,webp-replacement-q50,image-replacement,webp,7,884736,24,46194,69256,35.34819,33.06123,31.80749,0.9223314,50
bookstore,eac,768,webp-replacement-q50,image-replacement,webp,8,3538944,54,117814,187070,37.26925,37.24726,36.55514,0.9686523,50
bookstore,eac,768,jpeg-replacement-q70,image-replacement,jpeg,4,13824,1,2897,2897,31.58158,25.53249,23.18015,0.7268504,70
bookstore,eac,768,jpeg-replacement-q70,image-replacement,jpeg,5,55296,6,10564,13461,32.88535,27.55606,25.37085,0.7687868,70
bookstore,eac,768,jpeg-replacement-q70,image-replacement,jpeg,6,221184,6,30144,43605,34.26537,30.21934,28.24571,0.8522275,70
bookstore,eac,768,jpeg-replacement-q70,image-replacement,jpeg,7,884736,24,95871,139476,36.00117,33.81375,32.2716,0.9359606,70
bookstore,eac,768,jpeg-replacement-q70,image-replacement,jpeg,8,3538944,54,274683,414159,38.75873,38.86646,37.94412,0.981204,70
bookstore,eac,768,jpeg-residual-q70,image-residual,jpeg,4,13824,1,2897,2897,31.58158,25.53249,23.18015,0.7268504,70
bookstore,eac,768,jpeg-residual-q70,image-residual,jpeg,5,55296,6,8737,11634,32.87164,27.55202,25.37209,0.7685723,70
bookstore,eac,768,jpeg-residual-q70,image-residual,jpeg,6,221184,6,24599,36233,34.23072,30.21626,28.24919,0.8513234,70
bookstore,eac,768,jpeg-residual-q70,image-residual,jpeg,7,884736,24,79345,115578,35.9432,33.81181,32.26564,0.934702,70
bookstore,eac,768,jpeg-residual-q70,image-residual,jpeg,8,3538944,54,223705,339283,38.67852,38.85778,37.9186,0.9805759,70
bookstore,eac,768,webp-replacement-q70,image-replacement,webp,4,13824,1,2224,2224,32.83876,25.52651,23.25001,0.7323912,70
bookstore,eac,768,webp-replacement-q70,image-replacement,webp,5,55296,6,7056,9280,34.0727,27.54028,25.46081,0.7783048,70
bookstore,eac,768,webp-replacement-q70,image-replacement,webp,6,221184,6,20114,29394,35.32645,30.15949,28.33469,0.8571157,70
bookstore,eac,768,webp-replacement-q70,image-replacement,webp,7,884736,24,57818,87212,36.71711,33.65021,32.30498,0.9327844,70
bookstore,eac,768,webp-replacement-q70,image-replacement,webp,8,3538944,54,147078,234290,38.60357,38.15579,37.43791,0.9749391,70
bookstore,eac,768,jpeg-replacement-q80,image-replacement,jpeg,4,13824,1,3603,3603,32.86267,25.72726,23.3195,0.7303112,80
bookstore,eac,768,jpeg-replacement-q80,image-replacement,jpeg,5,55296,6,12853,16456,34.14415,27.78246,25.52006,0.776611,80
bookstore,eac,768,jpeg-replacement-q80,image-replacement,jpeg,6,221184,6,37630,54086,35.56921,30.47671,28.46751,0.8619951,80
bookstore,eac,768,jpeg-replacement-q80,image-replacement,jpeg,7,884736,24,119426,173512,37.29295,34.25385,32.65499,0.9430407,80
bookstore,eac,768,jpeg-replacement-q80,image-replacement,jpeg,8,3538944,54,346592,520104,40.13195,39.58594,38.63615,0.9846336,80
bookstore,eac,768,jpeg-residual-q80,image-residual,jpeg,4,13824,1,3603,3603,32.86267,25.72726,23.3195,0.7303112,80
bookstore,eac,768,jpeg-residual-q80,image-residual,jpeg,5,55296,6,10722,14325,34.11775,27.76583,25.51781,0.7760118,80
bookstore,eac,768,jpeg-residual-q80,image-residual,jpeg,6,221184,6,31162,45487,35.52568,30.47115,28.46881,0.8615745,80
bookstore,eac,768,jpeg-residual-q80,image-residual,jpeg,7,884736,24,99920,145407,37.20022,34.22312,32.63741,0.9422024,80
bookstore,eac,768,jpeg-residual-q80,image-residual,jpeg,8,3538944,54,286586,431993,39.95945,39.51223,38.57485,0.9839703,80
bookstore,eac,768,webp-replacement-q80,image-replacement,webp,4,13824,1,2840,2840,34.37245,25.74561,23.36761,0.7341368,80
bookstore,eac,768,webp-replacement-q80,image-replacement,webp,5,55296,6,8954,11794,35.59119,27.78969,25.60083,0.7841233,80
bookstore,eac,768,webp-replacement-q80,image-replacement,webp,6,221184,6,25576,37370,36.73134,30.46772,28.55089,0.865959,80
bookstore,eac,768,webp-replacement-q80,image-replacement,webp,7,884736,24,73794,111164,38.15086,34.1711,32.70906,0.9412942,80
bookstore,eac,768,webp-replacement-q80,image-replacement,webp,8,3538944,54,188596,299760,40.05228,39.0066,38.26539,0.9799882,80
bookstore,eac,768,jpeg-replacement-q90,image-replacement,jpeg,4,13824,1,5152,5152,35.20302,25.92338,23.4302,0.7340642,90
bookstore,eac,768,jpeg-replacement-q90,image-replacement,jpeg,5,55296,6,18149,23301,36.53326,28.05916,25.71117,0.7869927,90
bookstore,eac,768,jpeg-replacement-q90,image-replacement,jpeg,6,221184,6,54533,77834,37.79065,30.82454,28.72562,0.8737906,90
bookstore,eac,768,jpeg-replacement-q90,image-replacement,jpeg,7,884736,24,175083,252917,39.5426,34.82944,33.11276,0.9509955,90
bookstore,eac,768,jpeg-replacement-q90,image-replacement,jpeg,8,3538944,54,526593,779510,42.54884,40.68508,39.58742,0.9882152,90
bookstore,eac,768,jpeg-residual-q90,image-residual,jpeg,4,13824,1,5152,5152,35.20302,25.92338,23.4302,0.7340642,90
bookstore,eac,768,jpeg-residual-q90,image-residual,jpeg,5,55296,6,15410,20562,36.48637,28.05298,25.71182,0.787003,90
bookstore,eac,768,jpeg-residual-q90,image-residual,jpeg,6,221184,6,46241,66803,37.72001,30.80934,28.72716,0.8736336,90
bookstore,eac,768,jpeg-residual-q90,image-residual,jpeg,7,884736,24,150357,217160,39.42084,34.78807,33.10778,0.9506112,90
bookstore,eac,768,jpeg-residual-q90,image-residual,jpeg,8,3538944,54,447718,664878,42.24085,40.50743,39.4991,0.9879089,90
bookstore,eac,768,webp-replacement-q90,image-replacement,webp,4,13824,1,4428,4428,36.99329,26.03553,23.47834,0.7371169,90
bookstore,eac,768,webp-replacement-q90,image-replacement,webp,5,55296,6,14054,18482,38.14368,28.07633,25.74858,0.7906298,90
bookstore,eac,768,webp-replacement-q90,image-replacement,webp,6,221184,6,40608,59090,39.12643,30.82961,28.77503,0.8757403,90
bookstore,eac,768,webp-replacement-q90,image-replacement,webp,7,884736,24,119670,178760,40.59666,34.77113,33.16133,0.9500815,90
bookstore,eac,768,webp-replacement-q90,image-replacement,webp,8,3538944,54,318244,497004,42.84027,40.25067,39.41886,0.9854309,90
gardens,eac,768,exact,exact,deflate,4,13824,1,41472,41472,,20.50191,19.74295,0.4630175,
gardens,eac,768,exact,exact,deflate,5,55296,6,165888,207360,,22.49673,21.29449,0.5716673,
gardens,eac,768,exact,exact,deflate,6,221184,6,663552,870912,,25.27679,23.54558,0.7420362,
gardens,eac,768,exact,exact,deflate,7,884736,24,2654208,3525120,,29.68478,27.44011,0.9027863,
gardens,eac,768,exact,exact,deflate,8,3538944,54,10616832,14141952,,36.7297,34.18858,0.9821879,
gardens,eac,768,haar-residual-d3,haar-residual,deflate,4,13824,1,42036,42036,57.05986,20.5018,19.74288,0.4630069,3
gardens,eac,768,haar-residual-d3,haar-residual,deflate,5,55296,6,91777,133813,54.2096,22.4965,21.29417,0.5716678,3
gardens,eac,768,haar-residual-d3,haar-residual,deflate,6,221184,6,277461,411274,50.9881,25.27117,23.54333,0.741977,3
gardens,eac,768,haar-residual-d3,haar-residual,deflate,7,884736,24,790097,1201371,46.59451,29.62257,27.4208,0.9024424,3
gardens,eac,768,haar-residual-d3,haar-residual,deflate,8,3538944,54,1849373,3050744,42.27562,36.05094,33.95168,0.9809551,3
gardens,eac,768,haar-replacement-d3,haar-replacement,deflate,4,13824,1,20001,20001,40.66806,20.47688,19.72562,0.4626807,3
gardens,eac,768,haar-replacement-d3,haar-replacement,deflate,5,55296,6,72549,92550,40.95951,22.46159,21.27262,0.570932,3
gardens,eac,768,haar-replacement-d3,haar-replacement,deflate,6,221184,6,260033,352583,41.24721,25.20687,23.51233,0.7407541,3
gardens,eac,768,haar-replacement-d3,haar-replacement,deflate,7,884736,24,934843,1287426,41.54923,29.4904,27.36671,0.9012911,3
gardens,eac,768,haar-replacement-d3,haar-replacement,deflate,8,3538944,54,3080666,4368092,42.27562,36.05094,33.95168,0.9809551,3
gardens,eac,768,haar-residual-d3-p0.5,haar-residual,deflate,4,13824,1,28850,28850,49.48949,20.49885,19.7409,0.4629902,3
gardens,eac,768,haar-residual-d3-p0.5,haar-residual,deflate,5,55296,6,68351,97201,47.07704,22.48617,21.28842,0.5715393,3
gardens,eac,768,haar-residual-d3-p0.5,haar-residual,deflate,6,221184,6,220457,317658,44.61721,25.23261,23.52717,0.7415017,3
gardens,eac,768,haar-residual-d3-p0.5,haar-residual,deflate,7,884736,24,690404,1008062,42.20603,29.44928,27.36279,0.9015266,3
gardens,eac,768,haar-residual-d3-p0.5,haar-residual,deflate,8,3538944,54,1849373,2857435,40.13265,35.33689,33.66131,0.9798749,3
gardens,eac,768,haar-residual-d6,haar-residual,deflate,4,13824,1,35543,35543,54.16903,20.50082,19.74235,0.4629931,6
gardens,eac,768,haar-residual-d6,haar-residual,deflate,5,55296,6,75778,111321,50.71133,22.49319,21.29255,0.5715806,6
gardens,eac,768,haar-residual-d6,haar-residual,deflate,6,221184,6,220457,331778,46.29085,25.253,23.53542,0.7416399,6
gardens,eac,768,haar-residual-d6,haar-residual,deflate,7,884736,24,593939,925717,41.55027,29.49058,27.36685,0.901293,6
gardens,eac,768,haar-residual-d6,haar-residual,deflate,8,3538944,54,1251645,2177362,37.55073,35.17935,33.4657,0.9788997,6
gardens,eac,768,haar-replacement-d6,haar-replacement,deflate,4,13824,1,15203,15203,35.58526,20.43315,19.68744,0.4620293,6
gardens,eac,768,haar-replacement-d6,haar-replacement,deflate,5,55296,6,54083,69286,35.93793,22.37865,21.21792,0.5687248,6
gardens,eac,768,haar-replacement-d6,haar-replacement,deflate,6,221184,6,192203,261489,36.25878,25.06203,23.4303,0.7373871,6
gardens,eac,768,haar-replacement-d6,haar-replacement,deflate,7,884736,24,685230,946719,36.68896,29.15594,27.20278,0.8982923,6
gardens,eac,768,haar-replacement-d6,haar-replacement,deflate,8,3538944,54,2211531,3158250,37.55073,35.17935,33.4657,0.9788997,6
gardens,eac,768,haar-residual-d6-p0.5,haar-residual,deflate,4,13824,1,23993,23993,44.4287,20.4895,19.73457,0.4629436,6
gardens,eac,768,haar-residual-d6-p0.5,haar-residual,deflate,5,55296,6,53631,77624,41.81814,22.45881,21.27277,0.5711879,6
gardens,eac,768,haar-residual-d6-p0.5,haar-residual,deflate,6,221184,6,166208,243832,39.3664,25.13432,23.48106,0.7402192,6
gardens,eac,768,haar-residual-d6-p0.5,haar-residual,deflate,7,884736,24,501446,745278,37.07028,29.02212,27.17802,0.8984912,6
gardens,eac,768,haar-residual-d6-p0.5,haar-residual,deflate,8,3538944,54,1251645,1996923,35.2344,33.78517,32.65784,0.975432,6
gardens,eac,768,haar-residual-d12,haar-residual,deflate,4,13824,1,30024,30024,50.65909,20.50014,19.7418,0.4630021,12
gardens,eac,768,haar-residual-d12,haar-residual,deflate,5,55296,6,60963,90987,46.06347,22.48567,21.28858,0.5714762,12
gardens,eac,768,haar-residual-d12,haar-residual,deflate,6,221184,6,166208,257195,41.24721,25.20687,23.51233,0.7407541,12
gardens,eac,768,haar-residual-d12,haar-residual,deflate,7,884736,24,416240,673435,36.68928,29.15579,27.20286,0.8982875,12
gardens,eac,768,haar-residual-d12,haar-residual,deflate,8,3538944,54,802198,1475633,33.3119,33.64734,32.33424,0.9734127,12
gardens,eac,768,haar-replacement-d12,haar-replacement,deflate,4,13824,1,10619,10619,30.9286,20.2747,19.56431,0.4593533,12
gardens,eac,768,haar-replacement-d12,haar-replacement,deflate,5,55296,6,36984,47603,31.29634,22.14879,21.05694,0.5614937,12
gardens,eac,768,haar-replacement-d12,haar-replacement,deflate,6,221184,6,131229,178832,31.70269,24.67584,23.19571,0.7276354,12
gardens,eac,768,haar-replacement-d12,haar-replacement,deflate,7,884736,24,463892,642724,32.25084,28.40916,26.75563,0.8896875,12
gardens,eac,768,haar-replacement-d12,haar-replacement,deflate,8,3538944,54,1506469,2149193,33.3119,33.64734,32.33424,0.9734127,12
gardens,eac,768,haar-residual-d12-p0.5,haar-residual,deflate,4,13824,1,19095,19095,39.02001,20.46381,19.71536,0.4626352,12
gardens,eac,768,haar-residual-d12-p0.5,haar-residual,deflate,5,55296,6,39944,59039,36.5501,22.36959,21.21734,0.5696562,12
gardens,eac,768,haar-residual-d12-p0.5,haar-residual,deflate,6,221184,6,120102,179141,34.252,24.83653,23.32418,0.7352453,12
gardens,eac,768,haar-residual-d12-p0.5,haar-residual,deflate,7,884736,24,336418,515559,32.23063,28.04475,26.63195,0.8891278,12
gardens,eac,768,haar-residual-d12-p0.5,haar-residual,deflate,8,3538944,54,802198,1317757,30.75588,31.28657,30.57416,0.9628018,12
gardens,eac,768,haar-residual-d24,haar-residual,deflate,4,13824,1,24868,24868,45.88095,20.49574,19.73849,0.4629526,24
gardens,eac,768,haar-residual-d24,haar-residual,deflate,5,55296,6,46684,71552,40.95951,22.46159,21.27262,0.570932,24
gardens,eac,768,haar-residual-d24,haar-residual,deflate,6,221184,6,120102,191654,36.25878,25.06203,23.4303,0.7373871,24
gardens,eac,768,haar-residual-d24,haar-residual,deflate,7,884736,24,263057,454711,32.25146,28.40895,26.75559,0.8896839,24
gardens,eac,768,haar-residual-d24,haar-residual,deflate,8,3538944,54,458031,912742,29.53236,31.35744,30.32963,0.9574077,24
gardens,eac,768,haar-replacement-d24,haar-replacement,deflate,4,13824,1,6808,6808,26.8355,19.86718,19.24272,0.4510897,24
gardens,eac,768,haar-replacement-d24,haar-replacement,deflate,5,55296,6,22711,29519,27.41853,21.6158,20.67636,0.5447146,24
gardens,eac,768,haar-replacement-d24,haar-replacement,deflate,6,221184,6,79724,109243,27.87026,23.88292,22.65314,0.7020162,24
gardens,eac,768,haar-replacement-d24,haar-replacement,deflate,7,884736,24,287968,397211,28.46587,27.10358,25.80347,0.8657288,24
gardens,eac,768,haar-replacement-d24,haar-replacement,deflate,8,3538944,54,945588,1342799,29.53236,31.35744,30.32963,0.9574077,24
gardens,eac,768,haar-residual-d24-p0.5,haar-residual,deflate,4,13824,1,14246,14246,33.87798,20.37015,19.6435,0.4616893,24
gardens,eac,768,haar-residual-d24-p0.5,haar-residual,deflate,5,55296,6,27095,41341,31.60479,22.11395,21.0476,0.564603,24
gardens,eac,768,haar-residual-d24-p0.5,haar-residual,deflate,6,221184,6,75458,116799,29.60676,24.13428,22.89494,0.720698,24
gardens,eac,768,haar-residual-d24-p0.5,haar-residual,deflate,7,884736,24,200828,317627,27.9642,26.37587,25.42658,0.8641053,24
gardens,eac,768,haar-residual-d24-p0.5,haar-residual,deflate,8,3538944,54,458031,775658,26.78731,28.11679,27.60901,0.9291413,24
gardens,eac,768,jpeg-replacement-q50,image-replacement,jpeg,4,13824,1,3163,3163,24.50719,19.1786,18.68711,0.4341816,50
gardens,eac,768,jpeg-replacement-q50,image-replacement,jpeg,5,55296,6,12494,15657,25.22868,20.95767,20.1053,0.5153175,50
gardens,eac,768,jpeg-replacement-q50,image-replacement,jpeg,6,221184,6,41429,57086,25.53774,23.06614,21.87166,0.6699272,50
gardens,eac,768,jpeg-replacement-q50,image-replacement,jpeg,7,884736,24,155188,212274,26.222,26.10691,24.65897,0.8486908,50
gardens,eac,768,jpeg-replacement-q50,image-replacement,jpeg,8,3538944,54,531253,743527,28.34961,30.55799,29.06784,0.9586838,50
gardens,eac,768,jpeg-residual-q50,image-residual,jpeg,4,13824,1,3163,3163,24.50719,19.1786,18.68711,0.4341816,50
gardens,eac,768,jpeg-residual-q50,image-residual,jpeg,5,55296,6,10064,13227,25.25868,20.98788,20.12247,0.5154747,50
gardens,eac,768,jpeg-residual-q50,image-residual,jpeg,6,221184,6,32670,45897,25.57151,23.08732,21.8847,0.6697884,50
gardens,eac,768,jpeg-residual-q50,image-residual,jpeg,7,884736,24,122499,168396,26.27719,26.14995,24.69471,0.8487476,50
gardens,eac,768,jpeg-residual-q50,image-residual,jpeg,8,3538944,54,408092,576488,28.44818,30.62492,29.14859,0.9588195,50
gardens,eac,768,webp-replacement-q50,image-replacement,webp,4,13824,1,3532,3532,26.34987,19.66008,19.03221,0.4507643,50
gardens,eac,768,webp-replacement-q50,image-replacement,webp,5,55296,6,12828,16360,27.11509,21.38016,20.46603,0.54326,50
gardens,eac,768,webp-replacement-q50,image-replacement,webp,6,221184,6,45084,61444,27.56425,23.64094,22.38282,0.7008918,50
gardens,eac,768,webp-replacement-q50,image-replacement,webp,7,884736,24,165840,227284,28.37699,26.8317,25.42864,0.864719,50
gardens,eac,768,webp-replacement-q50,image-replacement,webp,8,3538944,54,542732,770016,30.16917,31.21451,30.02947,0.9601182,50
gardens,eac,768,jpeg-replacement-q70,image-replacement,jpeg,4,13824,1,4332,4332,25.60203,19.49199,18.9277,0.4446606,70
gardens,eac,768,jpeg-replacement-q70,image-replacement,jpeg,5,55296,6,16817,21149,26.38346,21.3145,20.39046,0.5364245,70
gardens,eac,768,jpeg-replacement-q70,image-replacement,jpeg,6,221184,6,57491,78640,26.75114,23.52209,22.2655,0.699742,70
gardens,eac,768,jpeg-replacement-q70,image-replacement,jpeg,7,884736,24,213800,292440,27.5593,26.83377,25.2992,0.8720236,70
gardens,eac,768,jpeg-replacement-q70,image-replacement,jpeg,8,3538944,54,720684,1013124,29.78516,31.65285,30.07194,0.9688009,70
gardens,eac,768,jpeg-residual-q70,image-residual,jpeg,4,13824,1,4332,4332,25.60203,19.49199,18.9277,0.4446606,70
gardens,eac,768,jpeg-residual-q70,image-residual,jpeg,5,55296,6,13678,18010,26.38949,21.32055,20.39381,0.536581,70
gardens,eac,768,jpeg-residual-q70,image-residual,jpeg,6,221184,6,46018,64028,26.78375,23.55019,22.27866,0.6997018,70
gardens,eac,768,jpeg-residual-q70,image-residual,jpeg,7,884736,24,171038,235066,27.59928,26.85769,25.31833,0.8720379,70
gardens,eac,768,jpeg-residual-q70,image-residual,jpeg,8,3538944,54,560188,795254,29.86927,31.7173,30.13914,0.9689569,70
gardens,eac,768,webp-replacement-q70,image-replacement,webp,4,13824,1,4338,4338,27.31173,19.82378,19.16586,0.4550351,70
gardens,eac,768,webp-replacement-q70,image-replacement,webp,5,55296,6,15602,19940,28.10685,21.59318,20.61179,0.5513308,70
gardens,eac,768,webp-replacement-q70,image-replacement,webp,6,221184,6,55632,75572,28.57787,23.9425,22.58617,0.7139286,70
gardens,eac,768,webp-replacement-q70,image-replacement,webp,7,884736,24,204372,279944,29.50572,27.33362,25.79269,0.8775277,70
gardens,eac,768,webp-replacement-q70,image-replacement,webp,8,3538944,54,677938,957882,31.54223,32.07598,30.79243,0.9673652,70
gardens,eac,768,jpeg-replacement-q80,image-replacement,jpeg,4,13824,1,5418,5418,26.59483,19.71303,19.10566,0.4512827,80
gardens,eac,768,jpeg-replacement-q80,image-replacement,jpeg,5,55296,6,21005,26423,27.43527,21.55619,20.5798,0.5498298,80
gardens,eac,768,jpeg-replacement-q80,image-replacement,jpeg,6,221184,6,72921,99344,27.8965,23.891,22.54455,0.7174166,80
gardens,eac,768,jpeg-replacement-q80,image-replacement,jpeg,7,884736,24,269885,369229,28.80466,27.35944,25.74947,0.884644,80
gardens,eac,768,jpeg-replacement-q80,image-replacement,jpeg,8,3538944,54,903164,1272393,31.09713,32.48651,30.84989,0.9739989,80
gardens,eac,768,jpeg-residual-q80,image-residual,jpeg,4,13824,1,5418,5418,26.59483,19.71303,19.10566,0.4512827,80
gardens,eac,768,jpeg-residual-q80,image-residual,jpeg,5,55296,6,17235,22653,27.47765,21.56995,20.59208,0.5497785,80
gardens,eac,768,jpeg-residual-q80,image-residual,jpeg,6,221184,6,59216,81869,27.94094,23.90975,22.558,0.7172091,80
gardens,eac,768,jpeg-residual-q80,image-residual,jpeg,7,884736,24,218914,300783,28.848,27.38352,25.76469,0.8845481,80
gardens,eac,768,jpeg-residual-q80,image-residual,jpeg,8,3538944,54,712173,1012956,31.16993,32.52234,30.90296,0.9739646,80
gardens,eac,768,webp-replacement-q80,image-replacement,webp,4,13824,1,5376,5376,28.16479,19.94528,19.27002,0.4585803,80
gardens,eac,768,webp-replacement-q80,image-replacement,webp,5,55296,6,19330,24706,29.00669,21.7661,20.72885,0.5591761,80
gardens,eac,768,webp-replacement-q80,image-replacement,webp,6,221184,6,68600,93306,29.49293,24.18455,22.74714,0.7242769,80
gardens,eac,768,webp-replacement-q80,image-replacement,webp,7,884736,24,252162,345468,30.57275,27.75847,26.08158,0.8865667,80
gardens,eac,768,webp-replacement-q80,image-replacement,webp,8,3538944,54,845598,1191066,32.95946,32.90859,31.45717,0.9724655,80
gardens,eac,768,jpeg-replacement-q90,image-replacement,jpeg,4,13824,1,7789,7789,28.43391,19.98961,19.31688,0.4589373,90
gardens,eac,768,jpeg-replacement-q90,image-replacement,jpeg,5,55296,6,29541,37330,29.27554,21.84855,20.79582,0.563452,90
gardens,eac,768,jpeg-replacement-q90,image-replacement,jpeg,6,221184,6,104526,141856,29.84134,24.33439,22.85487,0.733371,90
gardens,eac,768,jpeg-replacement-q90,image-replacement,jpeg,7,884736,24,387051,528907,30.94965,28.07348,26.2835,0.8964465,90
gardens,eac,768,jpeg-replacement-q90,image-replacement,jpeg,8,3538944,54,1303800,1832707,33.61939,33.76702,31.98328,0.9790659,90
gardens,eac,768,jpeg-residual-q90,image-residual,jpeg,4,13824,1,7789,7789,28.43391,19.98961,19.31688,0.4589373,90
gardens,eac,768,jpeg-residual-q90,image-residual,jpeg,5,55296,6,24871,32660,29.32062,21.86133,20.80536,0.5633995,90
gardens,eac,768,jpeg-residual-q90,image-residual,jpeg,6,221184,6,87556,120216,29.91332,24.35327,22.86927,0.7332536,90
gardens,eac,768,jpeg-residual-q90,image-residual,jpeg,7,884736,24,323642,443858,31.03391,28.09982,26.31198,0.8964193,90
gardens,eac,768,jpeg-residual-q90,image-residual,jpeg,8,3538944,54,1066595,1510453,33.73878,33.80433,32.06109,0.9789828,90
gardens,eac,768,webp-replacement-q90,image-replacement,webp,4,13824,1,7426,7426,29.17869,20.04065,19.35083,0.461287,90
gardens,eac,768,webp-replacement-q90,image-replacement,webp,5,55296,6,27372,34798,30.0833,21.92336,20.84002,0.5662409,90
gardens,eac,768,webp-replacement-q90,image-replacement,webp,6,221184,6,96194,130992,30.65387,24.44552,22.90772,0.7334177,90
gardens,eac,768,webp-replacement-q90,image-replacement,webp,7,884736,24,358108,489100,31.93431,28.25901,26.37652,0.8950655,90
gardens,eac,768,webp-replacement-q90,image-replacement,webp,8,3538944,54,1224826,1713926,35.07389,34.02114,32.24922,0.9777432,90
stadium,eac,768,exact,exact,deflate,4,13824,1,41472,41472,,25.52321,21.17762,0.5478181,
stadium,eac,768,exact,exact,deflate,5,55296,6,165888,207360,,27.36879,22.72934,0.6156849,
stadium,eac,768,exact,exact,deflate,6,221184,6,663552,870912,,29.55798,24.56593,0.7296541,
stadium,eac,768,exact,exact,deflate,7,884736,24,2654208,3525120,,32.59608,27.31106,0.8610035,
stadium,eac,768,exact,exact,deflate,8,3538944,54,10616832,14141952,,37.85967,32.69814,0.9644819,
stadium,eac,768,haar-residual-d3,haar-residual,deflate,4,13824,1,34733,34733,57.01347,25.51766,21.17729,0.5478093,3
stadium,eac,768,haar-residual-d3,haar-residual,deflate,5,55296,6,69932,104665,54.48089,27.34664,22.72878,0.6157011,3
stadium,eac,768,haar-residual-d3,haar-residual,deflate,6,221184,6,183917,288582,52.00594,29.4368,24.56347,0.7295654,3
stadium,eac,768,haar-residual-d3,haar-residual,deflate,7,884736,24,486629,775211,48.28808,32.13424,27.29755,0.8605252,3
stadium,eac,768,haar-residual-d3,haar-residual,deflate,8,3538944,54,1196913,1972124,44.78873,36.42239,32.60056,0.9629309,3
stadium,eac,768,haar-replacement-d3,haar-replacement,deflate,4,13824,1,13198,13198,42.03695,25.10641,21.15804,0.5473912,3
stadium,eac,768,haar-replacement-d3,haar-replacement,deflate,5,55296,6,45176,58374,42.63132,26.85261,22.70598,0.6146643,3
stadium,eac,768,haar-replacement-d3,haar-replacement,deflate,6,221184,6,159542,217916,43.15306,28.89562,24.53464,0.7280388,3
stadium,eac,768,haar-replacement-d3,haar-replacement,deflate,7,884736,24,576774,794690,43.74523,31.66563,27.26456,0.8591263,3
stadium,eac,768,haar-replacement-d3,haar-replacement,deflate,8,3538944,54,2005134,2799824,44.78873,36.42239,32.60056,0.9629309,3
stadium,eac,768,haar-residual-d3-p0.5,haar-residual,deflate,4,13824,1,22039,22039,49.75473,25.43832,21.17452,0.5478053,3
stadium,eac,768,haar-residual-d3-p0.5,haar-residual,deflate,5,55296,6,44908,66947,47.60221,27.11623,22.7216,0.6154981,3
stadium,eac,768,haar-residual-d3-p0.5,haar-residual,deflate,6,221184,6,135551,202498,45.67335,28.94653,24.54618,0.7289297,3
stadium,eac,768,haar-residual-d3-p0.5,haar-residual,deflate,7,884736,24,413447,615945,43.8043,31.34423,27.25458,0.8593442,3
stadium,eac,768,haar-residual-d3-p0.5,haar-residual,deflate,8,3538944,54,1196913,1812858,42.22162,35.37269,32.44285,0.961568,3
stadium,eac,768,haar-residual-d6,haar-residual,deflate,4,13824,1,28708,28708,54.23429,25.50899,21.17701,0.5478075,6
stadium,eac,768,haar-residual-d6,haar-residual,deflate,5,55296,6,53108,81816,51.11573,27.28513,22.72722,0.6155995,6
stadium,eac,768,haar-residual-d6,haar-residual,deflate,6,221184,6,135551,217367,47.57513,29.22175,24.55616,0.7291415,6
stadium,eac,768,haar-residual-d6,haar-residual,deflate,7,884736,24,348884,566251,43.74639,31.6665,27.26484,0.8591266,6
stadium,eac,768,haar-residual-d6,haar-residual,deflate,8,3538944,54,852595,1418846,40.51532,35.66604,32.42086,0.9605622,6
stadium,eac,768,haar-replacement-d6,haar-replacement,deflate,4,13824,1,9421,9421,37.67895,24.6965,21.12375,0.5465065,6
stadium,eac,768,haar-replacement-d6,haar-replacement,deflate,5,55296,6,32040,41461,38.34966,26.4185,22.66266,0.6130192,6
stadium,eac,768,haar-replacement-d6,haar-replacement,deflate,6,221184,6,112106,153567,38.95304,28.43631,24.47721,0.7257953,6
stadium,eac,768,haar-replacement-d6,haar-replacement,deflate,7,884736,24,403890,557457,39.55004,31.1324,27.17985,0.8564496,6
stadium,eac,768,haar-replacement-d6,haar-replacement,deflate,8,3538944,54,1444791,2002248,40.51532,35.66604,32.42086,0.9605622,6
stadium,eac,768,haar-residual-d6-p0.5,haar-residual,deflate,4,13824,1,16690,16690,45.03342,25.24559,21.16737,0.5476613,6
stadium,eac,768,haar-residual-d6-p0.5,haar-residual,deflate,5,55296,6,32277,48967,42.90802,26.7329,22.7033,0.6149878,6
stadium,eac,768,haar-residual-d6-p0.5,haar-residual,deflate,6,221184,6,97383,146350,40.99932,28.35617,24.50282,0.7273332,6
stadium,eac,768,haar-residual-d6-p0.5,haar-residual,deflate,7,884736,24,288925,435275,39.22596,30.52411,27.13854,0.8561533,6
stadium,eac,768,haar-residual-d6-p0.5,haar-residual,deflate,8,3538944,54,852595,1287870,37.80297,34.19967,31.98932,0.9572057,6
stadium,eac,768,haar-residual-d12,haar-residual,deflate,4,13824,1,23004,23004,50.88196,25.47239,21.1761,0.547811,12
stadium,eac,768,haar-residual-d12,haar-residual,deflate,5,55296,6,38198,61202,46.98319,27.13753,22.72175,0.6154171,12
stadium,eac,768,haar-residual-d12,haar-residual,deflate,6,221184,6,97383,158585,43.15306,28.89562,24.53464,0.7280388,12
stadium,eac,768,haar-residual-d12,haar-residual,deflate,7,884736,24,237265,395850,39.55043,31.13265,27.1802,0.8564544,12
stadium,eac,768,haar-residual-d12,haar-residual,deflate,8,3538944,54,591169,987019,36.43776,34.79089,31.98904,0.9559009,12
stadium,eac,768,haar-replacement-d12,haar-replacement,deflate,4,13824,1,6538,6538,33.4924,24.06206,21.02536,0.5444438,12
stadium,eac,768,haar-replacement-d12,haar-replacement,deflate,5,55296,6,21858,28396,34.20453,25.8543,22.55182,0.6094984,12
stadium,eac,768,haar-replacement-d12,haar-replacement,deflate,6,221184,6,76275,104671,34.91896,27.81342,24.33853,0.7205475,12
stadium,eac,768,haar-replacement-d12,haar-replacement,deflate,7,884736,24,277289,381960,35.57741,30.46968,26.98339,0.851014,12
stadium,eac,768,haar-replacement-d12,haar-replacement,deflate,8,3538944,54,1010768,1392728,36.43776,34.79089,31.98904,0.9559009,12
stadium,eac,768,haar-residual-d12-p0.5,haar-residual,deflate,4,13824,1,12284,12284,40.15807,24.80677,21.14518,0.5473364,12
stadium,eac,768,haar-residual-d12-p0.5,haar-residual,deflate,5,55296,6,22299,34583,38.28749,26.08873,22.65182,0.6134845,12
stadium,eac,768,haar-residual-d12-p0.5,haar-residual,deflate,6,221184,6,65491,100074,36.56445,27.52065,24.38333,0.7237646,12
stadium,eac,768,haar-residual-d12-p0.5,haar-residual,deflate,7,884736,24,195247,295321,35.00563,29.46796,26.84695,0.8499528,12
stadium,eac,768,haar-residual-d12-p0.5,haar-residual,deflate,8,3538944,54,591169,886490,33.65591,32.55641,30.98834,0.9483735,12
stadium,eac,768,haar-residual-d24,haar-residual,deflate,4,13824,1,17643,17643,46.61946,25.35511,21.17188,0.5476916,24
stadium,eac,768,haar-residual-d24,haar-residual,deflate,5,55296,6,26935,44578,42.63132,26.85261,22.70598,0.6146643,24
stadium,eac,768,haar-residual-d24,haar-residual,deflate,6,221184,6,65491,110069,38.95304,28.43631,24.47721,0.7257953,24
stadium,eac,768,haar-residual-d24,haar-residual,deflate,7,884736,24,159046,269115,35.57726,30.46938,26.98345,0.8510057,24
stadium,eac,768,haar-residual-d24,haar-residual,deflate,8,3538944,54,372814,641929,32.29693,33.49701,31.04886,0.9444074,24
stadium,eac,768,haar-replacement-d24,haar-replacement,deflate,4,13824,1,4263,4263,29.56569,23.38137,20.78083,0.5401747,24
stadium,eac,768,haar-replacement-d24,haar-replacement,deflate,5,55296,6,13802,18065,30.21709,25.00951,22.26809,0.600908,24
stadium,eac,768,haar-replacement-d24,haar-replacement,deflate,6,221184,6,48315,66380,30.84664,27.01884,24.00535,0.706362,24
stadium,eac,768,haar-replacement-d24,haar-replacement,deflate,7,884736,24,178919,245299,31.54885,29.51251,26.51027,0.8360854,24
stadium,eac,768,haar-replacement-d24,haar-replacement,deflate,8,3538944,54,667039,912338,32.29693,33.49701,31.04886,0.9444074,24
stadium,eac,768,haar-residual-d24-p0.5,haar-residual,deflate,4,13824,1,8726,8726,35.692,24.18285,21.08018,0.5461099,24
stadium,eac,768,haar-residual-d24-p0.5,haar-residual,deflate,5,55296,6,14936,23662,33.97673,25.31188,22.51302,0.609933,24
stadium,eac,768,haar-residual-d24-p0.5,haar-residual,deflate,6,221184,6,42932,66594,32.40317,26.57465,24.09689,0.7158189,24
stadium,eac,768,haar-residual-d24-p0.5,haar-residual,deflate,7,884736,24,126639,193233,30.91446,28.20228,26.20597,0.835237,24
stadium,eac,768,haar-residual-d24-p0.5,haar-residual,deflate,8,3538944,54,372814,566047,29.51028,30.4086,29.20316,0.9265417,24
stadium,eac,768,jpeg-replacement-q50,image-replacement,jpeg,4,13824,1,2380,2380,27.44298,23.67249,20.4744,0.5339826,50
stadium,eac,768,jpeg-replacement-q50,image-replacement,jpeg,5,55296,6,9364,11744,28.38603,25.31371,21.91307,0.5820319,50
stadium,eac,768,jpeg-replacement-q50,image-replacement,jpeg,6,221184,6,29265,41009,29.09881,27.08144,23.57057,0.6799142,50
stadium,eac,768,jpeg-replacement-q50,image-replacement,jpeg,7,884736,24,112223,153232,29.28377,29.36652,25.86209,0.8120197,50
stadium,eac,768,jpeg-replacement-q50,image-replacement,jpeg,8,3538944,54,426468,579700,29.88547,33.10864,30.22934,0.9353104,50
stadium,eac,768,jpeg-residual-q50,image-residual,jpeg,4,13824,1,2380,2380,27.44298,23.67249,20.4744,0.5339826,50
stadium,eac,768,jpeg-residual-q50,image-residual,jpeg,5,55296,6,7683,10063,28.39963,25.18716,21.9219,0.5823616,50
stadium,eac,768,jpeg-residual-q50,image-residual,jpeg,6,221184,6,23323,33386,29.10629,27.08512,23.57112,0.6797011,50
stadium,eac,768,jpeg-residual-q50,image-residual,jpeg,7,884736,24,90324,123710,29.28696,29.381,25.86284,0.8118649,50
stadium,eac,768,jpeg-residual-q50,image-residual,jpeg,8,3538944,54,347849,471559,29.89372,33.14223,30.24099,0.9350685,50
stadium,eac,768,webp-replacement-q50,image-replacement,webp,4,13824,1,2288,2288,29.15129,23.87275,20.67506,0.5408978,50
stadium,eac,768,webp-replacement-q50,image-replacement,webp,5,55296,6,8240,10528,30.23237,25.52863,22.15677,0.5973851,50
stadium,eac,768,webp-replacement-q50,image-replacement,webp,6,221184,6,28310,38838,30.90354,27.40627,23.88282,0.6992588,50
stadium,eac,768,webp-replacement-q50,image-replacement,webp,7,884736,24,112920,151758,31.71355,29.7848,26.35862,0.829318,50
stadium,eac,768,webp-replacement-q50,image-replacement,webp,8,3538944,54,443100,594858,32.70668,33.55305,30.90928,0.9426955,50
stadium,eac,768,jpeg-replacement-q70,image-replacement,jpeg,4,13824,1,3176,3176,28.74841,24.04905,20.65938,0.5388315,70
stadium,eac,768,jpeg-replacement-q70,image-replacement,jpeg,5,55296,6,12310,15486,29.80867,25.76092,22.14255,0.5939792,70
stadium,eac,768,jpeg-replacement-q70,image-replacement,jpeg,6,221184,6,40158,55644,30.45978,27.64725,23.8537,0.698794,70
stadium,eac,768,jpeg-replacement-q70,image-replacement,jpeg,7,884736,24,156043,211687,30.89451,30.10059,26.35348,0.8328937,70
stadium,eac,768,jpeg-replacement-q70,image-replacement,jpeg,8,3538944,54,593502,805189,31.81079,34.1902,31.12372,0.9483376,70
stadium,eac,768,jpeg-residual-q70,image-residual,jpeg,4,13824,1,3176,3176,28.74841,24.04905,20.65938,0.5388315,70
stadium,eac,768,jpeg-residual-q70,image-residual,jpeg,5,55296,6,10194,13370,29.76096,25.68927,22.13712,0.593368,70
stadium,eac,768,jpeg-residual-q70,image-residual,jpeg,6,221184,6,32511,45881,30.45329,27.63201,23.85278,0.6986035,70
stadium,eac,768,jpeg-residual-q70,image-residual,jpeg,7,884736,24,127683,173564,30.89595,30.12018,26.35534,0.8328497,70
stadium,eac,768,jpeg-residual-q70,image-residual,jpeg,8,3538944,54,489180,662744,31.81566,34.23903,31.12932,0.9482814,70
stadium,eac,768,webp-replacement-q70,image-replacement,webp,4,13824,1,2828,2828,30.17682,23.99312,20.77081,0.5431351,70
stadium,eac,768,webp-replacement-q70,image-replacement,webp,5,55296,6,10422,13250,31.54943,25.77863,22.29297,0.6036108,70
stadium,eac,768,webp-replacement-q70,image-replacement,webp,6,221184,6,35876,49126,32.336,27.71885,24.04792,0.7091746,70
stadium,eac,768,webp-replacement-q70,image-replacement,webp,7,884736,24,141614,190740,33.30948,30.15659,26.61841,0.8398923,70
stadium,eac,768,webp-replacement-q70,image-replacement,webp,8,3538944,54,549910,740650,34.48791,34.15328,31.40833,0.9492134,70
stadium,eac,768,jpeg-replacement-q80,image-replacement,jpeg,4,13824,1,3981,3981,29.86292,24.23605,20.77465,0.5418125,80
stadium,eac,768,jpeg-replacement-q80,image-replacement,jpeg,5,55296,6,15306,19287,31.05013,26.06311,22.2936,0.6021365,80
stadium,eac,768,jpeg-replacement-q80,image-replacement,jpeg,6,221184,6,51305,70592,31.76504,28.00962,24.04968,0.711352,80
stadium,eac,768,jpeg-replacement-q80,image-replacement,jpeg,7,884736,24,198656,269248,32.49015,30.58538,26.65743,0.8446101,80
stadium,eac,768,jpeg-replacement-q80,image-replacement,jpeg,8,3538944,54,754884,1024132,33.62677,34.94115,31.65175,0.9549796,80
stadium,eac,768,jpeg-residual-q80,image-residual,jpeg,4,13824,1,3981,3981,29.86292,24.23605,20.77465,0.5418125,80
stadium,eac,768,jpeg-residual-q80,image-residual,jpeg,5,55296,6,12703,16684,31.01166,25.96314,22.29046,0.6020042,80
stadium,eac,768,jpeg-residual-q80,image-residual,jpeg,6,221184,6,41998,58682,31.76512,27.95795,24.04995,0.7110581,80
stadium,eac,768,jpeg-residual-q80,image-residual,jpeg,7,884736,24,164459,223141,32.47974,30.51459,26.65724,0.8442898,80
stadium,eac,768,jpeg-residual-q80,image-residual,jpeg,8,3538944,54,629555,852696,33.61079,34.78912,31.64877,0.9546682,80
stadium,eac,768,webp-replacement-q80,image-replacement,webp,4,13824,1,3534,3534,31.12758,24.18611,20.84025,0.5446261,80
stadium,eac,768,webp-replacement-q80,image-replacement,webp,5,55296,6,13026,16560,32.82152,26.00253,22.38689,0.6078854,80
stadium,eac,768,webp-replacement-q80,image-replacement,webp,6,221184,6,45328,61888,33.76679,27.95053,24.17062,0.7167037,80
stadium,eac,768,webp-replacement-q80,image-replacement,webp,7,884736,24,176806,238694,34.97835,30.50709,26.80714,0.8471121,80
stadium,eac,768,webp-replacement-q80,image-replacement,webp,8,3538944,54,679786,918480,36.42465,34.65401,31.79411,0.9538271,80
stadium,eac,768,jpeg-replacement-q90,image-replacement,jpeg,4,13824,1,5720,5720,31.60821,24.49437,20.89761,0.5458071,90
stadium,eac,768,jpeg-replacement-q90,image-replacement,jpeg,5,55296,6,21852,27572,33.34775,26.43855,22.45881,0.6112262,90
stadium,eac,768,jpeg-replacement-q90,image-replacement,jpeg,6,221184,6,75622,103194,34.37269,28.45334,24.26368,0.7234918,90
stadium,eac,768,jpeg-replacement-q90,image-replacement,jpeg,7,884736,24,290249,393443,35.54902,31.15362,26.95363,0.8551234,90
stadium,eac,768,jpeg-replacement-q90,image-replacement,jpeg,8,3538944,54,1100299,1493742,37.17799,35.8479,32.17358,0.9609323,90
stadium,eac,768,jpeg-residual-q90,image-residual,jpeg,4,13824,1,5720,5720,31.60821,24.49437,20.89761,0.5458071,90
stadium,eac,768,jpeg-residual-q90,image-residual,jpeg,5,55296,6,18576,24296,33.33532,26.38347,22.46119,0.6112385,90
stadium,eac,768,jpeg-residual-q90,image-residual,jpeg,6,221184,6,63666,87962,34.37462,28.3672,24.26679,0.7233583,90
stadium,eac,768,jpeg-residual-q90,image-residual,jpeg,7,884736,24,246891,334853,35.53145,31.01361,26.95591,0.8549351,90
stadium,eac,768,jpeg-residual-q90,image-residual,jpeg,8,3538944,54,942328,1277181,37.12157,35.52723,32.17169,0.9606655,90
stadium,eac,768,webp-replacement-q90,image-replacement,webp,4,13824,1,5146,5146,32.52944,24.49422,20.91872,0.5464078,90
stadium,eac,768,webp-replacement-q90,image-replacement,webp,5,55296,6,19196,24342,34.74373,26.35693,22.48905,0.6121135,90
stadium,eac,768,webp-replacement-q90,image-replacement,webp,6,221184,6,68020,92362,35.95293,28.28878,24.29614,0.7233719,90
stadium,eac,768,webp-replacement-q90,image-replacement,webp,7,884736,24,259736,352098,37.59526,30.92264,26.99203,0.8536445,90
stadium,eac,768,webp-replacement-q90,image-replacement,webp,8,3538944,54,990414,1342512,39.95533,35.31589,32.22689,0.9588458,90
superblock,eac,768,exact,exact,deflate,4,13824,1,41472,41472,,19.09846,18.87242,0.2834297,
superblock,eac,768,exact,exact,deflate,5,55296,6,165888,207360,,20.39749,20.1331,0.3871673,
superblock,eac,768,exact,exact,deflate,6,221184,6,663552,870912,,22.41707,22.12793,0.596008,
superblock,eac,768,exact,exact,deflate,7,884736,24,2654208,3525120,,25.98475,25.69587,0.8314522,
superblock,eac,768,exact,exact,deflate,8,3538944,54,10616832,14141952,,32.40823,32.11602,0.9672649,
superblock,eac,768,haar-residual-d3,haar-residual,deflate,4,13824,1,40119,40119,56.92531,19.0985,18.87247,0.2834304,3
superblock,eac,768,haar-residual-d3,haar-residual,deflate,5,55296,6,91775,131894,54.19466,20.39735,20.13293,0.3871661,3
superblock,eac,768,haar-residual-d3,haar-residual,deflate,6,221184,6,292940,424834,50.87392,22.41508,22.1261,0.595997,3
superblock,eac,768,haar-residual-d3,haar-residual,deflate,7,884736,24,891926,1316760,46.22324,25.96874,25.68116,0.8312581,3
superblock,eac,768,haar-residual-d3,haar-residual,deflate,8,3538944,54,2242673,3559433,41.6526,32.21676,31.93765,0.9665903,3
superblock,eac,768,haar-replacement-d3,haar-replacement,deflate,4,13824,1,18816,18816,40.65278,19.08392,18.85884,0.2833112,3
superblock,eac,768,haar-replacement-d3,haar-replacement,deflate,5,55296,6,71568,90384,40.78321,20.37619,20.1136,0.3867578,3
superblock,eac,768,haar-replacement-d3,haar-replacement,deflate,6,221184,6,270984,361368,40.84315,22.38561,22.09964,0.5953205,3
superblock,eac,768,haar-replacement-d3,haar-replacement,deflate,7,884736,24,1034584,1395952,41.01715,25.92112,25.63811,0.83068,3
superblock,eac,768,haar-replacement-d3,haar-replacement,deflate,8,3538944,54,3596353,4992305,41.6526,32.21676,31.93765,0.9665903,3
superblock,eac,768,haar-residual-d3-p0.5,haar-residual,deflate,4,13824,1,27659,27659,49.49952,19.09717,18.87132,0.2834513,3
superblock,eac,768,haar-residual-d3-p0.5,haar-residual,deflate,5,55296,6,68962,96621,46.99698,20.39289,20.12903,0.3871241,3
superblock,eac,768,haar-residual-d3-p0.5,haar-residual,deflate,6,221184,6,235460,332081,44.41311,22.4013,22.11413,0.5957773,3
superblock,eac,768,haar-residual-d3-p0.5,haar-residual,deflate,7,884736,24,779681,1111762,41.81931,25.92017,25.63828,0.8307628,3
superblock,eac,768,haar-residual-d3-p0.5,haar-residual,deflate,8,3538944,54,2242673,3354435,39.59641,31.98684,31.73084,0.9659907,3
superblock,eac,768,haar-residual-d6,haar-residual,deflate,4,13824,1,34044,34044,54.20832,19.09836,18.8723,0.2834465,6
superblock,eac,768,haar-residual-d6,haar-residual,deflate,5,55296,6,76477,110521,50.66599,20.39623,20.13199,0.38717,6
superblock,eac,768,haar-residual-d6,haar-residual,deflate,6,221184,6,235460,345981,46.04538,22.40857,22.12042,0.59585,6
superblock,eac,768,haar-residual-d6,haar-residual,deflate,7,884736,24,676272,1022253,41.01748,25.921,25.6379,0.8306813,6
superblock,eac,768,haar-residual-d6,haar-residual,deflate,8,3538944,54,1557084,2579337,36.78361,31.78945,31.52918,0.9651735,6
superblock,eac,768,haar-replacement-d6,haar-replacement,deflate,4,13824,1,13731,13731,35.63363,19.04459,18.82196,0.2829561,6
superblock,eac,768,haar-replacement-d6,haar-replacement,deflate,5,55296,6,52151,65882,35.67623,20.32718,20.06738,0.3858998,6
superblock,eac,768,haar-replacement-d6,haar-replacement,deflate,6,221184,6,198113,263995,35.80543,22.30742,22.02634,0.5936662,6
superblock,eac,768,haar-replacement-d6,haar-replacement,deflate,7,884736,24,754251,1018246,36.04637,25.76884,25.49468,0.8288088,6
superblock,eac,768,haar-replacement-d6,haar-replacement,deflate,8,3538944,54,2618719,3636965,36.78361,31.78945,31.52918,0.9651735,6
superblock,eac,768,haar-residual-d6-p0.5,haar-residual,deflate,4,13824,1,22693,22693,44.51109,19.09064,18.8652,0.2833738,6
superblock,eac,768,haar-residual-d6-p0.5,haar-residual,deflate,5,55296,6,54274,76967,41.75871,20.37843,20.11594,0.386876,6
superblock,eac,768,haar-residual-d6-p0.5,haar-residual,deflate,6,221184,6,178449,255416,39.07847,22.36004,22.07689,0.5949951,6
superblock,eac,768,haar-residual-d6-p0.5,haar-residual,deflate,7,884736,24,578839,834255,36.59043,25.7593,25.4901,0.8290657,6
superblock,eac,768,haar-residual-d6-p0.5,haar-residual,deflate,8,3538944,54,1557084,2391339,34.59859,31.13285,30.91752,0.9632535,6
superblock,eac,768,haar-residual-d12,haar-residual,deflate,4,13824,1,28687,28687,50.62604,19.09792,18.87196,0.2834423,12
superblock,eac,768,haar-residual-d12,haar-residual,deflate,5,55296,6,61539,90226,45.98279,20.39223,20.12843,0.387099,12
superblock,eac,768,haar-residual-d12,haar-residual,deflate,6,221184,6,178449,268675,40.84315,22.38561,22.09964,0.5953205,12
superblock,eac,768,haar-residual-d12,haar-residual,deflate,7,884736,24,477859,746534,36.04659,25.7687,25.49446,0.8288068,12
superblock,eac,768,haar-residual-d12,haar-residual,deflate,8,3538944,54,992720,1739254,32.42863,30.74272,30.50308,0.9603391,12
superblock,eac,768,haar-replacement-d12,haar-replacement,deflate,4,13824,1,9358,9358,31.02533,18.94406,18.72545,0.2817335,12
superblock,eac,768,haar-replacement-d12,haar-replacement,deflate,5,55296,6,34457,43815,31.16823,20.1844,19.93115,0.3828879,12
superblock,eac,768,haar-replacement-d12,haar-replacement,deflate,6,221184,6,132022,175837,31.29098,22.0945,21.82284,0.5882979,12
superblock,eac,768,haar-replacement-d12,haar-replacement,deflate,7,884736,24,509651,685488,31.57795,25.3647,25.10361,0.8224598,12
superblock,eac,768,haar-replacement-d12,haar-replacement,deflate,8,3538944,54,1774651,2460139,32.42863,30.74272,30.50308,0.9603391,12
superblock,eac,768,haar-residual-d12-p0.5,haar-residual,deflate,4,13824,1,17838,17838,39.0938,19.07297,18.84886,0.283269,12
superblock,eac,768,haar-residual-d12-p0.5,haar-residual,deflate,5,55296,6,39744,57582,36.42645,20.32803,20.0696,0.3862407,12
superblock,eac,768,haar-residual-d12-p0.5,haar-residual,deflate,6,221184,6,128107,185689,33.92727,22.21638,21.9442,0.5926111,12
superblock,eac,768,haar-residual-d12-p0.5,haar-residual,deflate,7,884736,24,385779,571468,31.72743,25.28527,25.04149,0.8235329,12
superblock,eac,768,haar-residual-d12-p0.5,haar-residual,deflate,8,3538944,54,992720,1564188,30.08329,29.2709,29.09423,0.9540705,12
superblock,eac,768,haar-residual-d24,haar-residual,deflate,4,13824,1,23605,23605,45.97726,19.09351,18.86775,0.2833749,24
superblock,eac,768,haar-residual-d24,haar-residual,deflate,5,55296,6,46998,70603,40.78321,20.37619,20.1136,0.3867578,24
superblock,eac,768,haar-residual-d24,haar-residual,deflate,6,221184,6,128107,198710,35.80543,22.30742,22.02634,0.5936662,24
superblock,eac,768,haar-residual-d24,haar-residual,deflate,7,884736,24,302534,501244,31.57743,25.36456,25.10335,0.8224611,24
superblock,eac,768,haar-residual-d24,haar-residual,deflate,8,3538944,54,564121,1065365,28.62161,28.8309,28.59896,0.9447895,24
superblock,eac,768,haar-replacement-d24,haar-replacement,deflate,4,13824,1,5830,5830,27.0726,18.66453,18.44782,0.2779568,24
superblock,eac,768,haar-replacement-d24,haar-replacement,deflate,5,55296,6,20579,26409,27.3267,19.85681,19.60702,0.3718013,24
superblock,eac,768,haar-replacement-d24,haar-replacement,deflate,6,221184,6,79018,105427,27.4424,21.59808,21.33283,0.5690879,24
superblock,eac,768,haar-replacement-d24,haar-replacement,deflate,7,884736,24,308525,413952,27.77608,24.4695,24.21628,0.8016391,24
superblock,eac,768,haar-replacement-d24,haar-replacement,deflate,8,3538944,54,1100412,1514364,28.62161,28.8309,28.59896,0.9447895,24
superblock,eac,768,haar-residual-d24-p0.5,haar-residual,deflate,4,13824,1,12780,12780,33.98674,19.01276,18.79285,0.2827795,24
superblock,eac,768,haar-residual-d24-p0.5,haar-residual,deflate,5,55296,6,25915,38695,31.52822,20.1809,19.93149,0.383859,24
superblock,eac,768,haar-residual-d24-p0.5,haar-residual,deflate,6,221184,6,78982,117677,29.35453,21.8459,21.59309,0.5847395,24
superblock,eac,768,haar-residual-d24-p0.5,haar-residual,deflate,7,884736,24,229504,347181,27.50884,24.23154,24.0185,0.805201,24
superblock,eac,768,haar-residual-d24-p0.5,haar-residual,deflate,8,3538944,54,564121,911302,26.15099,26.50455,26.33352,0.9253883,24
superblock,eac,768,jpeg-replacement-q50,image-replacement,jpeg,4,13824,1,2776,2776,25.0795,18.22481,17.99243,0.2636546,50
superblock,eac,768,jpeg-replacement-q50,image-replacement,jpeg,5,55296,6,11352,14128,25.21789,19.29545,19.02186,0.3316,50
superblock,eac,768,jpeg-replacement-q50,image-replacement,jpeg,6,221184,6,39887,54015,25.13806,20.78985,20.47218,0.5072064,50
superblock,eac,768,jpeg-replacement-q50,image-replacement,jpeg,7,884736,24,162774,216789,25.37021,23.18279,22.82801,0.7514264,50
superblock,eac,768,jpeg-replacement-q50,image-replacement,jpeg,8,3538944,54,611495,828284,27.03424,27.26469,26.84644,0.9319086,50
superblock,eac,768,jpeg-residual-q50,image-residual,jpeg,4,13824,1,2776,2776,25.0795,18.22481,17.99243,0.2636546,50
superblock,eac,768,jpeg-residual-q50,image-residual,jpeg,5,55296,6,9268,12044,25.21764,19.30344,19.02743,0.332013,50
superblock,eac,768,jpeg-residual-q50,image-residual,jpeg,6,221184,6,32418,44462,25.14352,20.7916,20.47469,0.5074769,50
superblock,eac,768,jpeg-residual-q50,image-residual,jpeg,7,884736,24,132917,177379,25.3923,23.19246,22.8385,0.7512533,50
superblock,eac,768,jpeg-residual-q50,image-residual,jpeg,8,3538944,54,489158,666537,27.08095,27.29984,26.8872,0.9319028,50
superblock,eac,768,webp-replacement-q50,image-replacement,webp,4,13824,1,2910,2910,26.48933,18.46016,18.23235,0.2740917,50
superblock,eac,768,webp-replacement-q50,image-replacement,webp,5,55296,6,11804,14714,26.93811,19.62534,19.36525,0.3634557,50
superblock,eac,768,webp-replacement-q50,image-replacement,webp,6,221184,6,46414,61128,27.09037,21.28655,20.99241,0.5562134,50
superblock,eac,768,webp-replacement-q50,image-replacement,webp,7,884736,24,188616,249744,27.59988,24.01467,23.71521,0.7899102,50
superblock,eac,768,webp-replacement-q50,image-replacement,webp,8,3538944,54,660020,909764,29.00759,28.3449,28.04906,0.9405241,50
superblock,eac,768,jpeg-replacement-q70,image-replacement,jpeg,4,13824,1,3774,3774,26.01235,18.39522,18.16485,0.2698275,70
superblock,eac,768,jpeg-replacement-q70,image-replacement,jpeg,5,55296,6,15443,19217,26.29917,19.55426,19.28166,0.3536012,70
superblock,eac,768,jpeg-replacement-q70,image-replacement,jpeg,6,221184,6,56709,75926,26.24151,21.14715,20.82996,0.5452815,70
superblock,eac,768,jpeg-replacement-q70,image-replacement,jpeg,7,884736,24,229671,305597,26.62305,23.79409,23.44155,0.7875513,70
superblock,eac,768,jpeg-replacement-q70,image-replacement,jpeg,8,3538944,54,841983,1147580,28.43644,28.26479,27.847,0.9480061,70
superblock,eac,768,jpeg-residual-q70,image-residual,jpeg,4,13824,1,3774,3774,26.01235,18.39522,18.16485,0.2698275,70
superblock,eac,768,jpeg-residual-q70,image-residual,jpeg,5,55296,6,12775,16549,26.28393,19.55024,19.2761,0.3532138,70
superblock,eac,768,jpeg-residual-q70,image-residual,jpeg,6,221184,6,46593,63142,26.25046,21.14765,20.83012,0.5452857,70
superblock,eac,768,jpeg-residual-q70,image-residual,jpeg,7,884736,24,189674,252816,26.64747,23.80402,23.45318,0.787376,70
superblock,eac,768,jpeg-residual-q70,image-residual,jpeg,8,3538944,54,679385,932201,28.4893,28.30732,27.89616,0.9479968,70
superblock,eac,768,webp-replacement-q70,image-replacement,webp,4,13824,1,3696,3696,27.46649,18.5798,18.35025,0.2774842,70
superblock,eac,768,webp-replacement-q70,image-replacement,webp,5,55296,6,14936,18632,27.93505,19.7591,19.49207,0.3723249,70
superblock,eac,768,webp-replacement-q70,image-replacement,webp,6,221184,6,58178,76810,28.0312,21.46527,21.16052,0.5701945,70
superblock,eac,768,webp-replacement-q70,image-replacement,webp,7,884736,24,234486,311296,28.67678,24.33454,24.01415,0.8050307,70
superblock,eac,768,webp-replacement-q70,image-replacement,webp,8,3538944,54,831184,1142480,30.3481,29.06116,28.73207,0.9508345,70
superblock,eac,768,jpeg-replacement-q80,image-replacement,jpeg,4,13824,1,4802,4802,26.90362,18.53081,18.30356,0.2752828,80
superblock,eac,768,jpeg-replacement-q80,image-replacement,jpeg,5,55296,6,19502,24304,27.27045,19.71321,19.44093,0.3673097,80
superblock,eac,768,jpeg-replacement-q80,image-replacement,jpeg,6,221184,6,72947,97251,27.29068,21.39725,21.08236,0.5681795,80
superblock,eac,768,jpeg-replacement-q80,image-replacement,jpeg,7,884736,24,294109,391360,27.82405,24.23777,23.89245,0.8075833,80
superblock,eac,768,jpeg-replacement-q80,image-replacement,jpeg,8,3538944,54,1065754,1457114,29.73096,29.02525,28.62591,0.9561908,80
superblock,eac,768,jpeg-residual-q80,image-residual,jpeg,4,13824,1,4802,4802,26.90362,18.53081,18.30356,0.2752828,80
superblock,eac,768,jpeg-residual-q80,image-residual,jpeg,5,55296,6,16317,21119,27.2749,19.71735,19.44576,0.3675475,80
superblock,eac,768,jpeg-residual-q80,image-residual,jpeg,6,221184,6,60660,81779,27.30436,21.40156,21.08705,0.56799,80
superblock,eac,768,jpeg-residual-q80,image-residual,jpeg,7,884736,24,245049,326828,27.85487,24.2502,23.90657,0.8073047,80
superblock,eac,768,jpeg-residual-q80,image-residual,jpeg,8,3538944,54,868608,1195436,29.79031,29.0761,28.68579,0.9561153,80
superblock,eac,768,webp-replacement-q80,image-replacement,webp,4,13824,1,4656,4656,28.3802,18.65525,18.42955,0.2799808,80
superblock,eac,768,webp-replacement-q80,image-replacement,webp,5,55296,6,18552,23208,28.76954,19.8506,19.5799,0.37786,80
superblock,eac,768,webp-replacement-q80,image-replacement,webp,6,221184,6,72322,95530,28.91877,21.60608,21.28979,0.5796513,80
superblock,eac,768,webp-replacement-q80,image-replacement,webp,7,884736,24,290754,386284,29.65619,24.58669,24.24567,0.8155633,80
superblock,eac,768,webp-replacement-q80,image-replacement,webp,8,3538944,54,1038054,1424338,31.69242,29.6595,29.29358,0.9573514,80
superblock,eac,768,jpeg-replacement-q90,image-replacement,jpeg,4,13824,1,7110,7110,28.72234,18.70436,18.47768,0.2809366,90
superblock,eac,768,jpeg-replacement-q90,image-replacement,jpeg,5,55296,6,28317,35427,28.98896,19.90593,19.63163,0.3815893,90
superblock,eac,768,jpeg-replacement-q90,image-replacement,jpeg,6,221184,6,107284,142711,29.09478,21.68652,21.36825,0.5884465,90
superblock,eac,768,jpeg-replacement-q90,image-replacement,jpeg,7,884736,24,427724,570435,29.87236,24.73886,24.38682,0.824701,90
superblock,eac,768,jpeg-replacement-q90,image-replacement,jpeg,8,3538944,54,1549869,2120304,32.16559,30.07796,29.67191,0.9637038,90
superblock,eac,768,jpeg-residual-q90,image-residual,jpeg,4,13824,1,7110,7110,28.72234,18.70436,18.47768,0.2809366,90
superblock,eac,768,jpeg-residual-q90,image-residual,jpeg,5,55296,6,24071,31181,29.03997,19.91415,19.64007,0.3815103,90
superblock,eac,768,jpeg-residual-q90,image-residual,jpeg,6,221184,6,91358,122539,29.13901,21.69734,21.37966,0.588442,90
superblock,eac,768,jpeg-residual-q90,image-residual,jpeg,7,884736,24,365697,488236,29.94119,24.76505,24.41553,0.8245675,90
superblock,eac,768,jpeg-residual-q90,image-residual,jpeg,8,3538944,54,1301173,1789409,32.28156,30.16534,29.77634,0.9636336,90
superblock,eac,768,webp-replacement-q90,image-replacement,webp,4,13824,1,6604,6604,29.41973,18.7312,18.50181,0.2820183,90
superblock,eac,768,webp-replacement-q90,image-replacement,webp,5,55296,6,26842,33446,29.82209,19.94541,19.66633,0.3833248,90
superblock,eac,768,webp-replacement-q90,image-replacement,webp,6,221184,6,104510,137956,29.99034,21.74981,21.42241,0.5895564,90
superblock,eac,768,webp-replacement-q90,image-replacement,webp,7,884736,24,414360,552316,30.8833,24.84523,24.48014,0.824724,90
superblock,eac,768,webp-replacement-q90,image-replacement,webp,8,3538944,54,1501382,2053698,33.61818,30.35284,29.91689,0.9632764,90
northrop-mall,oct-ea,1792,exact,exact,deflate,4,12544,1,37632,37632,,20.93821,18.55978,0.4764055,
northrop-mall,oct-ea,1792,exact,exact,deflate,5,50176,1,150528,188160,,22.27188,19.85104,0.5441055,
northrop-mall,oct-ea,1792,exact,exact,deflate,6,200704,4,602112,790272,,23.99315,21.53898,0.6726814,
northrop-mall,oct-ea,1792,exact,exact,deflate,7,802816,16,2408448,3198720,,26.7154,24.28011,0.8343748,
northrop-mall,oct-ea,1792,exact,exact,deflate,8,3211264,49,9633792,12832512,,31.32421,29.00112,0.9519639,
northrop-mall,oct-ea,1792,haar-residual-d3,haar-residual,deflate,4,12544,1,35639,35639,56.97556,20.93674,18.55975,0.4764278,3
northrop-mall,oct-ea,1792,haar-residual-d3,haar-residual,deflate,5,50176,1,73085,108724,54.28452,22.26534,19.85082,0.5441093,3
northrop-mall,oct-ea,1792,haar-residual-d3,haar-residual,deflate,6,200704,4,220509,329233,51.15959,23.96306,21.53765,0.6725969,3
northrop-mall,oct-ea,1792,haar-residual-d3,haar-residual,deflate,7,802816,16,636511,965744,47.03446,26.62071,24.27227,0.833774,3
northrop-mall,oct-ea,1792,haar-residual-d3,haar-residual,deflate,8,3211264,49,1678685,2644429,42.79547,30.9752,28.93168,0.9501996,3
northrop-mall,oct-ea,1792,haar-replacement-d3,haar-replacement,deflate,4,12544,1,15647,15647,41.16102,20.78688,18.54805,0.4760009,3
northrop-mall,oct-ea,1792,haar-replacement-d3,haar-replacement,deflate,5,50176,1,54268,69915,41.57868,22.12149,19.83638,0.543193,3
northrop-mall,oct-ea,1792,haar-replacement-d3,haar-replacement,deflate,6,200704,4,201861,271776,41.92701,23.82485,21.52061,0.6713107,3
northrop-mall,oct-ea,1792,haar-replacement-d3,haar-replacement,deflate,7,802816,16,742635,1014411,42.24813,26.50297,24.25038,0.8325219,3
northrop-mall,oct-ea,1792,haar-replacement-d3,haar-replacement,deflate,8,3211264,49,2683347,3697758,42.79547,30.9752,28.93168,0.9501996,3
northrop-mall,oct-ea,1792,haar-residual-d3-p0.5,haar-residual,deflate,4,12544,1,23369,23369,49.56615,20.90506,18.55846,0.4763867,3
northrop-mall,oct-ea,1792,haar-residual-d3-p0.5,haar-residual,deflate,5,50176,1,52037,75406,47.2704,22.19497,19.84704,0.5439301,3
northrop-mall,oct-ea,1792,haar-residual-d3-p0.5,haar-residual,deflate,6,200704,4,171170,246576,44.99974,23.83381,21.52858,0.6720539,3
northrop-mall,oct-ea,1792,haar-residual-d3-p0.5,haar-residual,deflate,7,802816,16,549855,796431,42.74115,26.4154,24.24792,0.8327281,3
northrop-mall,oct-ea,1792,haar-residual-d3-p0.5,haar-residual,deflate,8,3211264,49,1678685,2475116,40.69291,30.658,28.85208,0.9489554,3
northrop-mall,oct-ea,1792,haar-residual-d6,haar-residual,deflate,4,12544,1,29589,29589,54.21792,20.93473,18.55985,0.4764117,6
northrop-mall,oct-ea,1792,haar-residual-d6,haar-residual,deflate,5,50176,1,58762,88351,50.89714,22.24678,19.8496,0.5440472,6
northrop-mall,oct-ea,1792,haar-residual-d6,haar-residual,deflate,6,200704,4,171170,259521,46.77254,23.91228,21.53373,0.6722417,6
northrop-mall,oct-ea,1792,haar-residual-d6,haar-residual,deflate,7,802816,16,471522,731043,42.24971,26.5034,24.25069,0.8325246,6
northrop-mall,oct-ea,1792,haar-residual-d6,haar-residual,deflate,8,3211264,49,1213675,1944718,38.03953,30.69503,28.79109,0.9477512,6
northrop-mall,oct-ea,1792,haar-replacement-d6,haar-replacement,deflate,4,12544,1,11811,11811,36.15508,20.62975,18.51887,0.4751469,6
northrop-mall,oct-ea,1792,haar-replacement-d6,haar-replacement,deflate,5,50176,1,40847,52658,36.60386,21.95952,19.80315,0.5416442,6
northrop-mall,oct-ea,1792,haar-replacement-d6,haar-replacement,deflate,6,200704,4,150944,203602,37.00299,23.68128,21.47832,0.6692279,6
northrop-mall,oct-ea,1792,haar-replacement-d6,haar-replacement,deflate,7,802816,16,552228,755830,37.42098,26.33971,24.18351,0.8302051,6
northrop-mall,oct-ea,1792,haar-replacement-d6,haar-replacement,deflate,8,3211264,49,1976390,2732220,38.03953,30.69503,28.79109,0.9477512,6
northrop-mall,oct-ea,1792,haar-residual-d6-p0.5,haar-residual,deflate,4,12544,1,19051,19051,44.70109,20.84003,18.55433,0.4762857,6
northrop-mall,oct-ea,1792,haar-residual-d6-p0.5,haar-residual,deflate,5,50176,1,40089,59140,42.26113,22.07019,19.83639,0.5434269,6
northrop-mall,oct-ea,1792,haar-residual-d6-p0.5,haar-residual,deflate,6,200704,4,127737,186877,39.95849,23.65099,21.502,0.6705947,6
northrop-mall,oct-ea,1792,haar-residual-d6-p0.5,haar-residual,deflate,7,802816,16,407491,594368,37.76543,26.14057,24.16901,0.8298059,6
northrop-mall,oct-ea,1792,haar-residual-d6-p0.5,haar-residual,deflate,8,3211264,49,1213675,1808043,35.83048,30.1214,28.54241,0.9447089,6
northrop-mall,oct-ea,1792,haar-residual-d12,haar-residual,deflate,4,12544,1,24286,24286,50.74623,20.91846,18.55875,0.4763903,12
northrop-mall,oct-ea,1792,haar-residual-d12,haar-residual,deflate,5,50176,1,45647,69933,46.47155,22.20324,19.84716,0.5438574,12
northrop-mall,oct-ea,1792,haar-residual-d12,haar-residual,deflate,6,200704,4,127737,197670,41.92746,23.82472,21.52052,0.6713103,12
northrop-mall,oct-ea,1792,haar-residual-d12,haar-residual,deflate,7,802816,16,346098,543768,37.42129,26.34022,24.1838,0.8302014,12
northrop-mall,oct-ea,1792,haar-residual-d12,haar-residual,deflate,8,3211264,49,824311,1368079,33.65538,30.22281,28.40498,0.9434224,12
northrop-mall,oct-ea,1792,haar-replacement-d12,haar-replacement,deflate,4,12544,1,8311,8311,31.64475,20.36821,18.4442,0.4732825,12
northrop-mall,oct-ea,1792,haar-replacement-d12,haar-replacement,deflate,5,50176,1,28346,36657,32.05255,21.70839,19.70975,0.5385264,12
northrop-mall,oct-ea,1792,haar-replacement-d12,haar-replacement,deflate,6,200704,4,105568,142225,32.43362,23.40919,21.35209,0.6646579,12
northrop-mall,oct-ea,1792,haar-replacement-d12,haar-replacement,deflate,7,802816,16,391614,533839,32.88334,26.03035,23.98857,0.8251754,12
northrop-mall,oct-ea,1792,haar-replacement-d12,haar-replacement,deflate,8,3211264,49,1397589,1931428,33.65538,30.22281,28.40498,0.9434224,12
northrop-mall,oct-ea,1792,haar-residual-d12-p0.5,haar-residual,deflate,4,12544,1,14896,14896,39.52629,20.68058,18.5386,0.4759719,12
northrop-mall,oct-ea,1792,haar-residual-d12-p0.5,haar-residual,deflate,5,50176,1,29520,44416,37.17328,21.85222,19.80267,0.542151,12
northrop-mall,oct-ea,1792,haar-residual-d12-p0.5,haar-residual,deflate,6,200704,4,94410,138826,34.95704,23.35911,21.42231,0.6674318,12
northrop-mall,oct-ea,1792,haar-residual-d12-p0.5,haar-residual,deflate,7,802816,16,288744,427570,32.9394,25.68505,23.9428,0.8241634,12
northrop-mall,oct-ea,1792,haar-residual-d12-p0.5,haar-residual,deflate,8,3211264,49,824311,1251881,31.28041,29.11558,27.74835,0.9365046,12
northrop-mall,oct-ea,1792,haar-residual-d24,haar-residual,deflate,4,12544,1,19787,19787,46.157,20.88274,18.55669,0.4763041,24
northrop-mall,oct-ea,1792,haar-residual-d24,haar-residual,deflate,5,50176,1,34394,54181,41.57868,22.12149,19.83638,0.543193,24
northrop-mall,oct-ea,1792,haar-residual-d24,haar-residual,deflate,6,200704,4,94410,148591,37.00427,23.68141,21.47822,0.6692314,24
northrop-mall,oct-ea,1792,haar-residual-d24,haar-residual,deflate,7,802816,16,235590,384181,32.88328,26.03038,23.98869,0.8251763,24
northrop-mall,oct-ea,1792,haar-residual-d24,haar-residual,deflate,8,3211264,49,507081,891262,29.79964,29.2829,27.53899,0.9333164,24
northrop-mall,oct-ea,1792,haar-replacement-d24,haar-replacement,deflate,4,12544,1,5503,5503,27.53577,19.97948,18.25255,0.4697076,24
northrop-mall,oct-ea,1792,haar-replacement-d24,haar-replacement,deflate,5,50176,1,18396,23899,28.09462,21.2887,19.48869,0.5317356,24
northrop-mall,oct-ea,1792,haar-replacement-d24,haar-replacement,deflate,6,200704,4,67569,91468,28.54451,22.95286,21.06058,0.6541132,24
northrop-mall,oct-ea,1792,haar-replacement-d24,haar-replacement,deflate,7,802816,16,251128,342596,29.00565,25.42965,23.5278,0.8126802,24
northrop-mall,oct-ea,1792,haar-replacement-d24,haar-replacement,deflate,8,3211264,49,917301,1259897,29.79964,29.2829,27.53899,0.9333164,24
northrop-mall,oct-ea,1792,haar-residual-d24-p0.5,haar-residual,deflate,4,12544,1,11064,11064,34.3772,20.39456,18.48994,0.4748856,24
northrop-mall,oct-ea,1792,haar-residual-d24-p0.5,haar-residual,deflate,5,50176,1,20646,31710,32.22665,21.48424,19.69558,0.5387538,24
northrop-mall,oct-ea,1792,haar-residual-d24-p0.5,haar-residual,deflate,6,200704,4,62798,94508,30.2795,22.84334,21.17967,0.660157,24
northrop-mall,oct-ea,1792,haar-residual-d24-p0.5,haar-residual,deflate,7,802816,16,184589,279097,28.5755,24.81389,23.34178,0.810941,24
northrop-mall,oct-ea,1792,haar-residual-d24-p0.5,haar-residual,deflate,8,3211264,49,507081,786178,27.2226,27.29345,26.13254,0.9173132,24
northrop-mall,oct-ea,1792,jpeg-replacement-q50,image-replacement,jpeg,4,12544,1,2649,2649,24.46406,19.20409,17.73178,0.4605097,50
northrop-mall,oct-ea,1792,jpeg-replacement-q50,image-replacement,jpeg,5,50176,1,9067,11716,25.45072,20.92383,19.03062,0.5077345,50
northrop-mall,oct-ea,1792,jpeg-replacement-q50,image-replacement,jpeg,6,200704,4,34606,46322,25.81598,22.45502,20.49564,0.6177007,50
northrop-mall,oct-ea,1792,jpeg-replacement-q50,image-replacement,jpeg,7,802816,16,136240,182562,26.04476,24.67542,22.7158,0.7818747,50
northrop-mall,oct-ea,1792,jpeg-replacement-q50,image-replacement,jpeg,8,3211264,49,517400,699962,27.09697,28.21001,26.42465,0.9208382,50
northrop-mall,oct-ea,1792,jpeg-residual-q50,image-residual,jpeg,4,12544,1,2649,2649,24.46406,19.20409,17.73178,0.4605097,50
northrop-mall,oct-ea,1792,jpeg-residual-q50,image-residual,jpeg,5,50176,1,7143,9792,25.48406,20.91377,19.0375,0.5074535,50
northrop-mall,oct-ea,1792,jpeg-residual-q50,image-residual,jpeg,6,200704,4,27502,37294,25.83845,22.45147,20.50239,0.6176122,50
northrop-mall,oct-ea,1792,jpeg-residual-q50,image-residual,jpeg,7,802816,16,109621,146915,26.07253,24.67966,22.72839,0.7817585,50
northrop-mall,oct-ea,1792,jpeg-residual-q50,image-residual,jpeg,8,3211264,49,416909,563824,27.14694,28.2528,26.4668,0.920882,50
northrop-mall,oct-ea,1792,webp-replacement-q50,image-replacement,webp,4,12544,1,2744,2744,26.77991,19.98269,18.05914,0.4696207,50
northrop-mall,oct-ea,1792,webp-replacement-q50,image-replacement,webp,5,50176,1,9560,12304,27.70588,21.35332,19.33705,0.5287486,50
northrop-mall,oct-ea,1792,webp-replacement-q50,image-replacement,webp,6,200704,4,36142,48446,28.12241,22.95805,20.8813,0.646484,50
northrop-mall,oct-ea,1792,webp-replacement-q50,image-replacement,webp,7,802816,16,149632,198078,28.94966,25.33767,23.33148,0.8073072,50
northrop-mall,oct-ea,1792,webp-replacement-q50,image-replacement,webp,8,3211264,49,555976,754054,30.04808,29.10958,27.31848,0.9309958,50
northrop-mall,oct-ea,1792,jpeg-replacement-q70,image-replacement,jpeg,4,12544,1,3607,3607,25.9888,19.76434,18.01056,0.4650196,70
northrop-mall,oct-ea,1792,jpeg-replacement-q70,image-replacement,jpeg,5,50176,1,12557,16164,26.73284,21.21147,19.25357,0.521605,70
northrop-mall,oct-ea,1792,jpeg-replacement-q70,image-replacement,jpeg,6,200704,4,48323,64487,27.17105,22.85485,20.80294,0.6415453,70
northrop-mall,oct-ea,1792,jpeg-replacement-q70,image-replacement,jpeg,7,802816,16,189378,253865,27.57706,25.23971,23.18006,0.8060302,70
northrop-mall,oct-ea,1792,jpeg-replacement-q70,image-replacement,jpeg,8,3211264,49,709927,963792,28.7546,29.02222,27.13332,0.9343344,70
northrop-mall,oct-ea,1792,jpeg-residual-q70,image-residual,jpeg,4,12544,1,3607,3607,25.9888,19.76434,18.01056,0.4650196,70
northrop-mall,oct-ea,1792,jpeg-residual-q70,image-residual,jpeg,5,50176,1,10035,13642,26.80771,21.21954,19.26789,0.5211131,70
northrop-mall,oct-ea,1792,jpeg-residual-q70,image-residual,jpeg,6,200704,4,38811,52453,27.19393,22.83536,20.80802,0.6416258,70
northrop-mall,oct-ea,1792,jpeg-residual-q70,image-residual,jpeg,7,802816,16,154603,207056,27.60193,25.2237,23.18734,0.8058922,70
northrop-mall,oct-ea,1792,jpeg-residual-q70,image-residual,jpeg,8,3211264,49,578374,785430,28.80742,29.04744,27.17331,0.934477,70
northrop-mall,oct-ea,1792,webp-replacement-q70,image-replacement,webp,4,12544,1,3366,3366,27.88718,20.06559,18.15264,0.471825,70
northrop-mall,oct-ea,1792,webp-replacement-q70,image-replacement,webp,5,50176,1,11868,15234,28.81147,21.48233,19.43235,0.5339349,70
northrop-mall,oct-ea,1792,webp-replacement-q70,image-replacement,webp,6,200704,4,44644,59878,29.30103,23.1154,21.0143,0.6548397,70
northrop-mall,oct-ea,1792,webp-replacement-q70,image-replacement,webp,7,802816,16,182798,242676,30.19432,25.58274,23.53002,0.8156834,70
northrop-mall,oct-ea,1792,webp-replacement-q70,image-replacement,webp,8,3211264,49,680070,922746,31.47963,29.49789,27.69448,0.9370792,70
northrop-mall,oct-ea,1792,jpeg-replacement-q80,image-replacement,jpeg,4,12544,1,4567,4567,27.15884,19.91992,18.12427,0.4700886,80
northrop-mall,oct-ea,1792,jpeg-replacement-q80,image-replacement,jpeg,5,50176,1,16062,20629,27.99291,21.41443,19.40946,0.531522,80
northrop-mall,oct-ea,1792,jpeg-replacement-q80,image-replacement,jpeg,6,200704,4,61579,82208,28.48073,23.08672,20.99012,0.6560062,80
northrop-mall,oct-ea,1792,jpeg-replacement-q80,image-replacement,jpeg,7,802816,16,240107,322315,29.03422,25.57542,23.46341,0.8186555,80
northrop-mall,oct-ea,1792,jpeg-replacement-q80,image-replacement,jpeg,8,3211264,49,896638,1218953,30.30524,29.54817,27.59859,0.9411728,80
northrop-mall,oct-ea,1792,jpeg-residual-q80,image-residual,jpeg,4,12544,1,4567,4567,27.15884,19.91992,18.12427,0.4700886,80
northrop-mall,oct-ea,1792,jpeg-residual-q80,image-residual,jpeg,5,50176,1,13013,17580,28.03806,21.4109,19.4167,0.5314382,80
northrop-mall,oct-ea,1792,jpeg-residual-q80,image-residual,jpeg,6,200704,4,50343,67923,28.51644,23.06548,20.99746,0.6556803,80
northrop-mall,oct-ea,1792,jpeg-residual-q80,image-residual,jpeg,7,802816,16,198436,266359,29.05759,25.54663,23.47008,0.8183602,80
northrop-mall,oct-ea,1792,jpeg-residual-q80,image-residual,jpeg,8,3211264,49,741442,1007801,30.34515,29.51763,27.62662,0.9409641,80
northrop-mall,oct-ea,1792,webp-replacement-q80,image-replacement,webp,4,12544,1,4138,4138,28.85083,20.20567,18.22367,0.4736792,80
northrop-mall,oct-ea,1792,webp-replacement-q80,image-replacement,webp,5,50176,1,14710,18848,29.85233,21.55955,19.51147,0.5377416,80
northrop-mall,oct-ea,1792,webp-replacement-q80,image-replacement,webp,6,200704,4,55130,73978,30.40281,23.21788,21.11421,0.660961,80
northrop-mall,oct-ea,1792,webp-replacement-q80,image-replacement,webp,7,802816,16,223132,297110,31.33609,25.74332,23.66947,0.8215276,80
northrop-mall,oct-ea,1792,webp-replacement-q80,image-replacement,webp,8,3211264,49,829856,1126966,32.85823,29.797,27.9746,0.9415022,80
northrop-mall,oct-ea,1792,jpeg-replacement-q90,image-replacement,jpeg,4,12544,1,6433,6433,29.20591,20.21093,18.25933,0.4742066,90
northrop-mall,oct-ea,1792,jpeg-replacement-q90,image-replacement,jpeg,5,50176,1,23138,29571,30.19409,21.66848,19.56141,0.5402623,90
northrop-mall,oct-ea,1792,jpeg-replacement-q90,image-replacement,jpeg,6,200704,4,88125,117696,30.76607,23.36137,21.18232,0.6675446,90
northrop-mall,oct-ea,1792,jpeg-replacement-q90,image-replacement,jpeg,7,802816,16,341222,458918,31.49185,25.93038,23.74693,0.8284571,90
northrop-mall,oct-ea,1792,jpeg-replacement-q90,image-replacement,jpeg,8,3211264,49,1287823,1746741,33.18224,30.17516,28.15306,0.947308,90
northrop-mall,oct-ea,1792,jpeg-residual-q90,image-residual,jpeg,4,12544,1,6433,6433,29.20591,20.21093,18.25933,0.4742066,90
northrop-mall,oct-ea,1792,jpeg-residual-q90,image-residual,jpeg,5,50176,1,19379,25812,30.28334,21.66017,19.56913,0.5400431,90
northrop-mall,oct-ea,1792,jpeg-residual-q90,image-residual,jpeg,6,200704,4,74313,100125,30.82571,23.33847,21.1895,0.6673415,90
northrop-mall,oct-ea,1792,jpeg-residual-q90,image-residual,jpeg,7,802816,16,290647,390772,31.53869,25.89404,23.75694,0.8282425,90
northrop-mall,oct-ea,1792,jpeg-residual-q90,image-residual,jpeg,8,3211264,49,1097230,1488002,33.24279,30.11789,28.17976,0.9471806,90
northrop-mall,oct-ea,1792,webp-replacement-q90,image-replacement,webp,4,12544,1,5702,5702,29.95272,20.31231,18.27832,0.4752035,90
northrop-mall,oct-ea,1792,webp-replacement-q90,image-replacement,webp,5,50176,1,20358,26060,31.09799,21.70197,19.5778,0.5409878,90
northrop-mall,oct-ea,1792,webp-replacement-q90,image-replacement,webp,6,200704,4,77792,103852,31.80995,23.3703,21.21105,0.6669159,90
northrop-mall,oct-ea,1792,webp-replacement-q90,image-replacement,webp,7,802816,16,311858,415710,32.72119,25.92618,23.80209,0.8274604,90
northrop-mall,oct-ea,1792,webp-replacement-q90,image-replacement,webp,8,3211264,49,1164240,1579950,34.73922,30.12823,28.25433,0.9458266,90
walter-study,oct-ea,1792,exact,exact,deflate,4,12544,1,37632,37632,,18.20025,18.05008,0.3376935,
walter-study,oct-ea,1792,exact,exact,deflate,5,50176,1,150528,188160,,20.28579,20.17954,0.4613655,
walter-study,oct-ea,1792,exact,exact,deflate,6,200704,4,602112,790272,,22.77993,22.70051,0.6446215,
walter-study,oct-ea,1792,exact,exact,deflate,7,802816,16,2408448,3198720,,26.1974,26.11507,0.8310654,
walter-study,oct-ea,1792,exact,exact,deflate,8,3211264,49,9633792,12832512,,31.35741,31.23759,0.9534331,
walter-study,oct-ea,1792,haar-residual-d3,haar-residual,deflate,4,12544,1,39017,39017,56.94208,18.19993,18.04975,0.3376933,3
walter-study,oct-ea,1792,haar-residual-d3,haar-residual,deflate,5,50176,1,87514,126531,54.12448,20.28552,20.1793,0.4613617,3
walter-study,oct-ea,1792,haar-residual-d3,haar-residual,deflate,6,200704,4,272175,398706,50.62212,22.7775,22.69816,0.6445617,3
walter-study,oct-ea,1792,haar-residual-d3,haar-residual,deflate,7,802816,16,759874,1158580,46.02192,26.17892,26.09731,0.8308341,3
walter-study,oct-ea,1792,haar-residual-d3,haar-residual,deflate,8,3211264,49,1738019,2896599,41.91797,31.20696,31.09637,0.9526009,3
walter-study,oct-ea,1792,haar-replacement-d3,haar-replacement,deflate,4,12544,1,18980,18980,40.2614,18.18617,18.03689,0.3375734,3
walter-study,oct-ea,1792,haar-replacement-d3,haar-replacement,deflate,5,50176,1,69205,88185,40.37032,20.26381,20.15882,0.4609821,3
walter-study,oct-ea,1792,haar-replacement-d3,haar-replacement,deflate,6,200704,4,253560,341745,40.66356,22.74486,22.66678,0.6438541,3
walter-study,oct-ea,1792,haar-replacement-d3,haar-replacement,deflate,7,802816,16,889584,1231329,41.08793,26.12916,26.04979,0.8300938,3
walter-study,oct-ea,1792,haar-replacement-d3,haar-replacement,deflate,8,3211264,49,2942008,4173337,41.91797,31.20696,31.09637,0.9526009,3
walter-study,oct-ea,1792,haar-residual-d3-p0.5,haar-residual,deflate,4,12544,1,26595,26595,49.4699,18.19888,18.04891,0.3377144,3
walter-study,oct-ea,1792,haar-residual-d3-p0.5,haar-residual,deflate,5,50176,1,65547,92142,46.90391,20.28114,20.17522,0.4613179,3
walter-study,oct-ea,1792,haar-residual-d3-p0.5,haar-residual,deflate,6,200704,4,218789,310931,44.25414,22.76321,22.68446,0.6443346,3
walter-study,oct-ea,1792,haar-residual-d3-p0.5,haar-residual,deflate,7,802816,16,658279,969210,41.73373,26.12943,26.04978,0.8303041,3
walter-study,oct-ea,1792,haar-residual-d3-p0.5,haar-residual,deflate,8,3211264,49,1738019,2707229,39.74509,31.02504,30.92346,0.951903,3
walter-study,oct-ea,1792,haar-residual-d6,haar-residual,deflate,4,12544,1,33047,33047,54.12379,18.20005,18.04987,0.3376696,6
walter-study,oct-ea,1792,haar-residual-d6,haar-residual,deflate,5,50176,1,72564,105611,50.59301,20.28421,20.17803,0.4613336,6
walter-study,oct-ea,1792,haar-residual-d6,haar-residual,deflate,6,200704,4,218789,324400,45.84393,22.77022,22.69121,0.6444009,6
walter-study,oct-ea,1792,haar-residual-d6,haar-residual,deflate,7,802816,16,558840,883240,41.08938,26.12945,26.05,0.83009,6
walter-study,oct-ea,1792,haar-residual-d6,haar-residual,deflate,8,3211264,49,1157777,2041017,37.6146,30.89734,30.80605,0.9505621,6
walter-study,oct-ea,1792,haar-replacement-d6,haar-replacement,deflate,4,12544,1,14319,14319,35.12411,18.15121,18.00341,0.3371961,6
walter-study,oct-ea,1792,haar-replacement-d6,haar-replacement,deflate,5,50176,1,51307,65626,35.32661,20.20904,20.10606,0.4598605,6
walter-study,oct-ea,1792,haar-replacement-d6,haar-replacement,deflate,6,200704,4,185303,250929,35.78052,22.65595,22.58113,0.6414476,6
walter-study,oct-ea,1792,haar-replacement-d6,haar-replacement,deflate,7,802816,16,632044,882973,36.5008,25.97771,25.9052,0.827476,6
walter-study,oct-ea,1792,haar-replacement-d6,haar-replacement,deflate,8,3211264,49,2072820,2955793,37.6146,30.89734,30.80605,0.9505621,6
walter-study,oct-ea,1792,haar-residual-d6-p0.5,haar-residual,deflate,4,12544,1,22487,22487,44.27582,18.19348,18.04365,0.3376411,6
walter-study,oct-ea,1792,haar-residual-d6-p0.5,haar-residual,deflate,5,50176,1,52639,75126,41.42984,20.26573,20.16057,0.4611101,6
walter-study,oct-ea,1792,haar-residual-d6-p0.5,haar-residual,deflate,6,200704,4,164138,239264,38.84079,22.71398,22.63714,0.6434784,6
walter-study,oct-ea,1792,haar-residual-d6-p0.5,haar-residual,deflate,7,802816,16,458645,697909,36.65871,25.9543,25.88175,0.8279859,6
walter-study,oct-ea,1792,haar-residual-d6-p0.5,haar-residual,deflate,8,3211264,49,1157777,1855686,35.09287,30.33122,30.26344,0.9479386,6
walter-study,oct-ea,1792,haar-residual-d12,haar-residual,deflate,4,12544,1,27671,27671,50.58204,18.19959,18.04949,0.3376735,12
walter-study,oct-ea,1792,haar-residual-d12,haar-residual,deflate,5,50176,1,59304,86975,45.72035,20.2807,20.1747,0.4612606,12
walter-study,oct-ea,1792,haar-residual-d12,haar-residual,deflate,6,200704,4,164138,251113,40.66358,22.74496,22.66689,0.6438521,12
walter-study,oct-ea,1792,haar-residual-d12,haar-residual,deflate,7,802816,16,370865,621978,36.50056,25.97782,25.90528,0.8274788,12
walter-study,oct-ea,1792,haar-residual-d12,haar-residual,deflate,8,3211264,49,740643,1362621,33.65084,30.1833,30.12569,0.9440224,12
walter-study,oct-ea,1792,haar-replacement-d12,haar-replacement,deflate,4,12544,1,9918,9918,30.38905,18.04304,17.8947,0.3355507,12
walter-study,oct-ea,1792,haar-replacement-d12,haar-replacement,deflate,5,50176,1,35114,45032,30.81081,20.03822,19.93731,0.455252,12
walter-study,oct-ea,1792,haar-replacement-d12,haar-replacement,deflate,6,200704,4,124472,169504,31.45196,22.40922,22.34036,0.6336186,12
walter-study,oct-ea,1792,haar-replacement-d12,haar-replacement,deflate,7,802816,16,424333,593837,32.38508,25.58588,25.52802,0.8186469,12
walter-study,oct-ea,1792,haar-replacement-d12,haar-replacement,deflate,8,3211264,49,1398179,1992016,33.65084,30.1833,30.12569,0.9440224,12
walter-study,oct-ea,1792,haar-residual-d12-p0.5,haar-residual,deflate,4,12544,1,18146,18146,38.75751,18.17698,18.02858,0.337594,12
walter-study,oct-ea,1792,haar-residual-d12-p0.5,haar-residual,deflate,5,50176,1,38530,56676,36.05718,20.21153,20.10886,0.4603277,12
walter-study,oct-ea,1792,haar-residual-d12-p0.5,haar-residual,deflate,6,200704,4,113938,170614,33.79088,22.55091,22.47948,0.6401702,12
walter-study,oct-ea,1792,haar-residual-d12-p0.5,haar-residual,deflate,7,802816,16,297597,468211,32.04418,25.45278,25.39776,0.8200294,12
walter-study,oct-ea,1792,haar-residual-d12-p0.5,haar-residual,deflate,8,3211264,49,740643,1208854,30.83062,28.83678,28.80982,0.9351928,12
walter-study,oct-ea,1792,haar-residual-d24,haar-residual,deflate,4,12544,1,23201,23201,45.68581,18.1961,18.04617,0.3376464,24
walter-study,oct-ea,1792,haar-residual-d24,haar-residual,deflate,5,50176,1,45891,69092,40.37032,20.26381,20.15882,0.4609821,24
walter-study,oct-ea,1792,haar-residual-d24,haar-residual,deflate,6,200704,4,113938,183030,35.78076,22.65629,22.58142,0.6414486,24
walter-study,oct-ea,1792,haar-residual-d24,haar-residual,deflate,7,802816,16,232557,415587,32.38556,25.58642,25.52847,0.8186503,24
walter-study,oct-ea,1792,haar-residual-d24,haar-residual,deflate,8,3211264,49,447685,863272,29.82251,28.80779,28.78087,0.9236687,24
walter-study,oct-ea,1792,haar-replacement-d24,haar-replacement,deflate,4,12544,1,6205,6205,26.41969,17.74892,17.59708,0.330272,24
walter-study,oct-ea,1792,haar-replacement-d24,haar-replacement,deflate,5,50176,1,21777,27982,26.90115,19.64757,19.54697,0.4396899,24
walter-study,oct-ea,1792,haar-replacement-d24,haar-replacement,deflate,6,200704,4,77363,105345,27.63766,21.86085,21.79839,0.6087368,24
walter-study,oct-ea,1792,haar-replacement-d24,haar-replacement,deflate,7,802816,16,267256,372601,28.6127,24.77077,24.72973,0.7917704,24
walter-study,oct-ea,1792,haar-replacement-d24,haar-replacement,deflate,8,3211264,49,897866,1270467,29.82251,28.80779,28.78087,0.9236687,24
walter-study,oct-ea,1792,haar-residual-d24-p0.5,haar-residual,deflate,4,12544,1,13503,13503,33.56216,18.11763,17.97056,0.3369191,24
walter-study,oct-ea,1792,haar-residual-d24-p0.5,haar-residual,deflate,5,50176,1,26707,40210,31.15456,20.04548,19.9457,0.4571454,24
walter-study,oct-ea,1792,haar-residual-d24-p0.5,haar-residual,deflate,6,200704,4,71343,111553,29.29478,22.10595,22.04297,0.6289996,24
walter-study,oct-ea,1792,haar-residual-d24-p0.5,haar-residual,deflate,7,802816,16,179330,290883,27.91968,24.37347,24.33817,0.7957098,24
walter-study,oct-ea,1792,haar-residual-d24-p0.5,haar-residual,deflate,8,3211264,49,447685,738568,26.85201,26.49193,26.4684,0.8974417,24
walter-study,oct-ea,1792,jpeg-replacement-q50,image-replacement,jpeg,4,12544,1,2993,2993,23.45231,17.24311,17.06245,0.306051,50
walter-study,oct-ea,1792,jpeg-replacement-q50,image-replacement,jpeg,5,50176,1,10729,13722,24.46918,19.0439,18.9261,0.3984598,50
walter-study,oct-ea,1792,jpeg-replacement-q50,image-replacement,jpeg,6,200704,4,39838,53560,25.62319,21.1282,21.0602,0.5565622,50
walter-study,oct-ea,1792,jpeg-replacement-q50,image-replacement,jpeg,7,802816,16,144775,198335,26.8743,23.89304,23.85321,0.7500873,50
walter-study,oct-ea,1792,jpeg-replacement-q50,image-replacement,jpeg,8,3211264,49,514765,713100,28.63254,28.00642,27.97135,0.9089967,50
walter-study,oct-ea,1792,jpeg-residual-q50,image-residual,jpeg,4,12544,1,2993,2993,23.45231,17.24311,17.06245,0.306051,50
walter-study,oct-ea,1792,jpeg-residual-q50,image-residual,jpeg,5,50176,1,8677,11670,24.50306,19.06353,18.94624,0.3986186,50
walter-study,oct-ea,1792,jpeg-residual-q50,image-residual,jpeg,6,200704,4,31495,43165,25.69,21.15652,21.08766,0.5567668,50
walter-study,oct-ea,1792,jpeg-residual-q50,image-residual,jpeg,7,802816,16,112760,155925,26.93861,23.92286,23.88248,0.749817,50
walter-study,oct-ea,1792,jpeg-residual-q50,image-residual,jpeg,8,3211264,49,398681,554606,28.68443,28.04497,28.00872,0.9090169,50
walter-study,oct-ea,1792,webp-replacement-q50,image-replacement,webp,4,12544,1,3360,3360,25.95778,17.59452,17.42282,0.3274344,50
walter-study,oct-ea,1792,webp-replacement-q50,image-replacement,webp,5,50176,1,12096,15456,26.79911,19.45563,19.33935,0.4342432,50
walter-study,oct-ea,1792,webp-replacement-q50,image-replacement,webp,6,200704,4,41988,57444,27.83646,21.64729,21.58184,0.5962756,50
walter-study,oct-ea,1792,webp-replacement-q50,image-replacement,webp,7,802816,16,144666,202110,28.99353,24.52238,24.48246,0.7788757,50
walter-study,oct-ea,1792,webp-replacement-q50,image-replacement,webp,8,3211264,49,479048,681158,30.58565,28.65148,28.62148,0.9182114,50
walter-study,oct-ea,1792,jpeg-replacement-q70,image-replacement,jpeg,4,12544,1,4151,4151,24.83084,17.50867,17.33986,0.3194748,70
walter-study,oct-ea,1792,jpeg-replacement-q70,image-replacement,jpeg,5,50176,1,14778,18929,25.74482,19.31963,19.20332,0.4193868,70
walter-study,oct-ea,1792,jpeg-replacement-q70,image-replacement,jpeg,6,200704,4,54732,73661,26.96451,21.52493,21.45972,0.5868162,70
walter-study,oct-ea,1792,jpeg-replacement-q70,image-replacement,jpeg,7,802816,16,200397,274058,28.30201,24.46646,24.42589,0.7809365,70
walter-study,oct-ea,1792,jpeg-replacement-q70,image-replacement,jpeg,8,3211264,49,709728,983786,30.23798,28.90508,28.86746,0.9277495,70
walter-study,oct-ea,1792,jpeg-residual-q70,image-residual,jpeg,4,12544,1,4151,4151,24.83084,17.50867,17.33986,0.3194748,70
walter-study,oct-ea,1792,jpeg-residual-q70,image-residual,jpeg,5,50176,1,12134,16285,25.77907,19.32614,19.21071,0.4192019,70
walter-study,oct-ea,1792,jpeg-residual-q70,image-residual,jpeg,6,200704,4,44056,60341,27.01946,21.54297,21.47622,0.5865272,70
walter-study,oct-ea,1792,jpeg-residual-q70,image-residual,jpeg,7,802816,16,159189,219530,28.36288,24.49444,24.45303,0.7810622,70
walter-study,oct-ea,1792,jpeg-residual-q70,image-residual,jpeg,8,3211264,49,559122,778652,30.29039,28.94072,28.90168,0.9278495,70
walter-study,oct-ea,1792,webp-replacement-q70,image-replacement,webp,4,12544,1,4160,4160,26.94849,17.69269,17.52286,0.3314332,70
walter-study,oct-ea,1792,webp-replacement-q70,image-replacement,webp,5,50176,1,14870,19030,27.79713,19.5872,19.47248,0.4423197,70
walter-study,oct-ea,1792,webp-replacement-q70,image-replacement,webp,6,200704,4,52894,71924,28.99618,21.85844,21.7906,0.6129811,70
walter-study,oct-ea,1792,webp-replacement-q70,image-replacement,webp,7,802816,16,183836,255760,30.36561,24.88785,24.84375,0.7980433,70
walter-study,oct-ea,1792,webp-replacement-q70,image-replacement,webp,8,3211264,49,608892,864652,32.14127,29.27462,29.23681,0.9308225,70
walter-study,oct-ea,1792,jpeg-replacement-q80,image-replacement,jpeg,4,12544,1,5189,5189,26.07813,17.66434,17.49662,0.3266429,80
walter-study,oct-ea,1792,jpeg-replacement-q80,image-replacement,jpeg,5,50176,1,18853,24042,26.97571,19.52523,19.41336,0.4363815,80
walter-study,oct-ea,1792,jpeg-replacement-q80,image-replacement,jpeg,6,200704,4,69890,93932,28.20108,21.80283,21.737,0.6090731,80
walter-study,oct-ea,1792,jpeg-replacement-q80,image-replacement,jpeg,7,802816,16,255106,349038,29.65782,24.8698,24.82626,0.8008363,80
walter-study,oct-ea,1792,jpeg-replacement-q80,image-replacement,jpeg,8,3211264,49,900919,1249957,31.73594,29.52091,29.47798,0.9384128,80
walter-study,oct-ea,1792,jpeg-residual-q80,image-residual,jpeg,4,12544,1,5189,5189,26.07813,17.66434,17.49662,0.3266429,80
walter-study,oct-ea,1792,jpeg-residual-q80,image-residual,jpeg,5,50176,1,15647,20836,27.02877,19.53423,19.42291,0.4360422,80
walter-study,oct-ea,1792,jpeg-residual-q80,image-residual,jpeg,6,200704,4,56898,77734,28.26959,21.82385,21.75764,0.6090194,80
walter-study,oct-ea,1792,jpeg-residual-q80,image-residual,jpeg,7,802816,16,205909,283643,29.73217,24.89971,24.85539,0.8008861,80
walter-study,oct-ea,1792,jpeg-residual-q80,image-residual,jpeg,8,3211264,49,719222,1002865,31.79669,29.56352,29.51911,0.9384645,80
walter-study,oct-ea,1792,webp-replacement-q80,image-replacement,webp,4,12544,1,5010,5010,27.73057,17.77094,17.60129,0.3339601,80
walter-study,oct-ea,1792,webp-replacement-q80,image-replacement,webp,5,50176,1,18314,23324,28.75561,19.70202,19.58844,0.4501586,80
walter-study,oct-ea,1792,webp-replacement-q80,image-replacement,webp,6,200704,4,65730,89054,30.08017,22.02462,21.95535,0.6254514,80
walter-study,oct-ea,1792,webp-replacement-q80,image-replacement,webp,7,802816,16,230796,319850,31.73153,25.16878,25.12101,0.8110881,80
walter-study,oct-ea,1792,webp-replacement-q80,image-replacement,webp,8,3211264,49,772488,1092338,33.86774,29.79836,29.75032,0.9394536,80
walter-study,oct-ea,1792,jpeg-replacement-q90,image-replacement,jpeg,4,12544,1,7417,7417,28.07803,17.83068,17.66543,0.3349819,90
walter-study,oct-ea,1792,jpeg-replacement-q90,image-replacement,jpeg,5,50176,1,27377,34794,29.11369,19.77766,19.6662,0.4540278,90
walter-study,oct-ea,1792,jpeg-replacement-q90,image-replacement,jpeg,6,200704,4,101921,136715,30.41051,22.13408,22.06459,0.6341284,90
walter-study,oct-ea,1792,jpeg-replacement-q90,image-replacement,jpeg,7,802816,16,373085,509800,32.25472,25.36802,25.31723,0.8217363,90
walter-study,oct-ea,1792,jpeg-replacement-q90,image-replacement,jpeg,8,3211264,49,1312501,1822301,34.73362,30.26414,30.2078,0.9484933,90
walter-study,oct-ea,1792,jpeg-residual-q90,image-residual,jpeg,4,12544,1,7417,7417,28.07803,17.83068,17.66543,0.3349819,90
walter-study,oct-ea,1792,jpeg-residual-q90,image-residual,jpeg,5,50176,1,23375,30792,29.18863,19.7881,19.67759,0.4541744,90
walter-study,oct-ea,1792,jpeg-residual-q90,image-residual,jpeg,6,200704,4,85328,116120,30.52623,22.15339,22.0841,0.6340638,90
walter-study,oct-ea,1792,jpeg-residual-q90,image-residual,jpeg,7,802816,16,308975,425095,32.36987,25.40007,25.34872,0.8216972,90
walter-study,oct-ea,1792,jpeg-residual-q90,image-residual,jpeg,8,3211264,49,1076424,1501519,34.83566,30.31842,30.25979,0.9485374,90
walter-study,oct-ea,1792,webp-replacement-q90,image-replacement,webp,4,12544,1,7020,7020,28.76057,17.8525,17.68463,0.3364326,90
walter-study,oct-ea,1792,webp-replacement-q90,image-replacement,webp,5,50176,1,25474,32494,29.95708,19.81179,19.69817,0.4566155,90
walter-study,oct-ea,1792,webp-replacement-q90,image-replacement,webp,6,200704,4,94148,126642,31.52482,22.19372,22.12157,0.6372169,90
walter-study,oct-ea,1792,webp-replacement-q90,image-replacement,webp,7,802816,16,336918,463560,33.79202,25.4593,25.40441,0.8224592,90
walter-study,oct-ea,1792,webp-replacement-q90,image-replacement,webp,8,3211264,49,1157114,1620674,36.84438,30.39785,30.3325,0.9477952,90
bookstore,oct-ea,1792,exact,exact,deflate,4,12544,1,37632,37632,,26.09475,23.44142,0.7375244,
bookstore,oct-ea,1792,exact,exact,deflate,5,50176,1,150528,188160,,28.36957,25.8925,0.7918605,
bookstore,oct-ea,1792,exact,exact,deflate,6,200704,4,602112,790272,,31.15954,28.84439,0.8720002,
bookstore,oct-ea,1792,exact,exact,deflate,7,802816,16,2408448,3198720,,35.17258,33.03322,0.9469283,
bookstore,oct-ea,1792,exact,exact,deflate,8,3211264,49,9633792,12832512,,41.35953,39.44571,0.9875517,
bookstore,oct-ea,1792,haar-residual-d3,haar-residual,deflate,4,12544,1,30499,30499,57.11031,26.09327,23.44124,0.7375287,3
bookstore,oct-ea,1792,haar-residual-d3,haar-residual,deflate,5,50176,1,59457,89956,54.37106,28.36357,25.8918,0.7918764,3
bookstore,oct-ea,1792,haar-residual-d3,haar-residual,deflate,6,200704,4,156737,246693,51.46517,31.11922,28.83588,0.8718787,3
bookstore,oct-ea,1792,haar-residual-d3,haar-residual,deflate,7,802816,16,345313,592006,48.3127,34.97345,32.97477,0.946052,3
bookstore,oct-ea,1792,haar-residual-d3,haar-residual,deflate,8,3211264,49,611324,1203330,45.81982,40.32659,38.98224,0.9850978,3
bookstore,oct-ea,1792,haar-replacement-d3,haar-replacement,deflate,4,12544,1,11562,11562,42.75383,26.00554,23.41569,0.7368855,3
bookstore,oct-ea,1792,haar-replacement-d3,haar-replacement,deflate,5,50176,1,38224,49786,43.46337,28.21763,25.84967,0.7906044,3
bookstore,oct-ea,1792,haar-replacement-d3,haar-replacement,deflate,6,200704,4,126703,176489,44.045,30.92022,28.77054,0.8699203,3
bookstore,oct-ea,1792,haar-replacement-d3,haar-replacement,deflate,7,802816,16,403239,579728,44.70234,34.73392,32.8738,0.9442536,3
bookstore,oct-ea,1792,haar-replacement-d3,haar-replacement,deflate,8,3211264,49,1221589,1801317,45.81982,40.32659,38.98224,0.9850978,3
bookstore,oct-ea,1792,haar-residual-d3-p0.5,haar-residual,deflate,4,12544,1,19278,19278,49.94028,26.07234,23.43703,0.7374493,3
bookstore,oct-ea,1792,haar-residual-d3-p0.5,haar-residual,deflate,5,50176,1,38256,57534,47.85193,28.30131,25.87796,0.7916152,3
bookstore,oct-ea,1792,haar-residual-d3-p0.5,haar-residual,deflate,6,200704,4,107882,165416,45.95368,30.95999,28.79275,0.8710709,3
bookstore,oct-ea,1792,haar-residual-d3-p0.5,haar-residual,deflate,7,802816,16,276209,441625,44.33544,34.59478,32.82851,0.9444618,3
bookstore,oct-ea,1792,haar-residual-d3-p0.5,haar-residual,deflate,8,3211264,49,611324,1052949,43.16287,39.38819,38.39266,0.9832685,3
bookstore,oct-ea,1792,haar-residual-d6,haar-residual,deflate,4,12544,1,24906,24906,54.29692,26.09062,23.44072,0.7375217,6
bookstore,oct-ea,1792,haar-residual-d6,haar-residual,deflate,5,50176,1,45034,69940,51.19574,28.34717,25.88829,0.791752,6
bookstore,oct-ea,1792,haar-residual-d6,haar-residual,deflate,6,200704,4,107882,177822,47.78863,31.04847,28.81662,0.8713338,6
bookstore,oct-ea,1792,haar-residual-d6,haar-residual,deflate,7,802816,16,220451,398273,44.70618,34.73421,32.87369,0.9442501,6
bookstore,oct-ea,1792,haar-residual-d6,haar-residual,deflate,8,3211264,49,381895,780168,42.35585,39.53522,38.41619,0.9820522,6
bookstore,oct-ea,1792,haar-replacement-d6,haar-replacement,deflate,4,12544,1,8104,8104,38.44393,25.87787,23.36072,0.7357201,6
bookstore,oct-ea,1792,haar-replacement-d6,haar-replacement,deflate,5,50176,1,26684,34788,39.34182,28.07948,25.78187,0.7882144,6
bookstore,oct-ea,1792,haar-replacement-d6,haar-replacement,deflate,6,200704,4,87833,122621,40.25977,30.7075,28.66115,0.8662012,6
bookstore,oct-ea,1792,haar-replacement-d6,haar-replacement,deflate,7,802816,16,271951,394572,41.17384,34.36984,32.66262,0.9404287,6
bookstore,oct-ea,1792,haar-replacement-d6,haar-replacement,deflate,8,3211264,49,796873,1191445,42.35585,39.53522,38.41619,0.9820522,6
bookstore,oct-ea,1792,haar-residual-d6-p0.5,haar-residual,deflate,4,12544,1,14728,14728,45.51314,26.03024,23.42626,0.7373198,6
bookstore,oct-ea,1792,haar-residual-d6-p0.5,haar-residual,deflate,5,50176,1,26891,41619,43.52183,28.19177,25.84576,0.7908992,6
bookstore,oct-ea,1792,haar-residual-d6-p0.5,haar-residual,deflate,6,200704,4,73016,114635,41.81468,30.72799,28.699,0.8690155,6
bookstore,oct-ea,1792,haar-residual-d6-p0.5,haar-residual,deflate,7,802816,16,176616,291251,40.40747,34.07038,32.52313,0.9403406,6
bookstore,oct-ea,1792,haar-residual-d6-p0.5,haar-residual,deflate,8,3211264,49,381895,673146,39.38243,38.00243,37.19884,0.9775071,6
bookstore,oct-ea,1792,haar-residual-d12,haar-residual,deflate,4,12544,1,20215,20215,51.15428,26.08221,23.43924,0.7374444,12
bookstore,oct-ea,1792,haar-residual-d12,haar-residual,deflate,5,50176,1,32010,52225,47.45526,28.3046,25.87815,0.791438,12
bookstore,oct-ea,1792,haar-residual-d12,haar-residual,deflate,6,200704,4,73016,125241,44.04539,30.9206,28.77067,0.8699224,12
bookstore,oct-ea,1792,haar-residual-d12,haar-residual,deflate,7,802816,16,142364,267605,41.17574,34.37047,32.66251,0.9404285,12
bookstore,oct-ea,1792,haar-residual-d12,haar-residual,deflate,8,3211264,49,235538,503143,38.94516,38.36003,37.41406,0.9753048,12
bookstore,oct-ea,1792,haar-replacement-d12,haar-replacement,deflate,4,12544,1,5482,5482,34.53655,25.59105,23.23872,0.7325632,12
bookstore,oct-ea,1792,haar-replacement-d12,haar-replacement,deflate,5,50176,1,17857,23339,35.40477,27.70059,25.5983,0.7805065,12
bookstore,oct-ea,1792,haar-replacement-d12,haar-replacement,deflate,6,200704,4,58750,82089,36.43233,30.27089,28.40255,0.8554956,12
bookstore,oct-ea,1792,haar-replacement-d12,haar-replacement,deflate,7,802816,16,180854,262943,37.60383,33.72524,32.20978,0.9304444,12
bookstore,oct-ea,1792,haar-replacement-d12,haar-replacement,deflate,8,3211264,49,518394,781337,38.94516,38.36003,37.41406,0.9753048,12
bookstore,oct-ea,1792,haar-residual-d12-p0.5,haar-residual,deflate,4,12544,1,10816,10816,40.89763,25.93162,23.39636,0.7367434,12
bookstore,oct-ea,1792,haar-residual-d12-p0.5,haar-residual,deflate,5,50176,1,18660,29476,39.15363,27.98432,25.76104,0.7889552,12
bookstore,oct-ea,1792,haar-residual-d12-p0.5,haar-residual,deflate,6,200704,4,48351,77827,37.681,30.31701,28.47292,0.8634222,12
bookstore,oct-ea,1792,haar-residual-d12-p0.5,haar-residual,deflate,7,802816,16,113893,191720,36.48871,33.15881,31.84809,0.9297257,12
bookstore,oct-ea,1792,haar-residual-d12-p0.5,haar-residual,deflate,8,3211264,49,235538,427258,35.59781,35.9354,35.21906,0.9629715,12
bookstore,oct-ea,1792,haar-residual-d24,haar-residual,deflate,4,12544,1,15567,15567,47.09255,26.05219,23.43198,0.7373368,24
bookstore,oct-ea,1792,haar-residual-d24,haar-residual,deflate,5,50176,1,22723,38290,43.46337,28.21763,25.84967,0.7906044,24
bookstore,oct-ea,1792,haar-residual-d24,haar-residual,deflate,6,200704,4,48351,86641,40.26,30.70754,28.6614,0.8661917,24
bookstore,oct-ea,1792,haar-residual-d24,haar-residual,deflate,7,802816,16,89637,176278,37.60505,33.72573,32.2097,0.9304517,24
bookstore,oct-ea,1792,haar-residual-d24,haar-residual,deflate,8,3211264,49,134717,310995,35.44898,36.53987,35.71113,0.958692,24
bookstore,oct-ea,1792,haar-replacement-d24,haar-replacement,deflate,4,12544,1,3700,3700,31.06181,25.13103,22.98442,0.72773,24
bookstore,oct-ea,1792,haar-replacement-d24,haar-replacement,deflate,5,50176,1,11431,15131,31.73701,27.06959,25.21976,0.7665585,24
bookstore,oct-ea,1792,haar-replacement-d24,haar-replacement,deflate,6,200704,4,37164,52295,32.79375,29.41665,27.85419,0.8320476,24
bookstore,oct-ea,1792,haar-replacement-d24,haar-replacement,deflate,7,802816,16,114331,166626,34.01263,32.54728,31.29843,0.9061629,24
bookstore,oct-ea,1792,haar-replacement-d24,haar-replacement,deflate,8,3211264,49,323655,490281,35.44898,36.53987,35.71113,0.958692,24
bookstore,oct-ea,1792,haar-residual-d24-p0.5,haar-residual,deflate,4,12544,1,7385,7385,36.34211,25.72848,23.29728,0.7354217,24
bookstore,oct-ea,1792,haar-residual-d24-p0.5,haar-residual,deflate,5,50176,1,12103,19488,34.8317,27.56746,25.52444,0.7833887,24
bookstore,oct-ea,1792,haar-residual-d24-p0.5,haar-residual,deflate,6,200704,4,30621,50109,33.57452,29.48457,27.90951,0.8478722,24
bookstore,oct-ea,1792,haar-residual-d24-p0.5,haar-residual,deflate,7,802816,16,69071,119180,32.56965,31.52405,30.4707,0.902341,24
bookstore,oct-ea,1792,haar-residual-d24-p0.5,haar-residual,deflate,8,3211264,49,134717,253897,31.77509,33.07126,32.36125,0.927368,24
bookstore,oct-ea,1792,jpeg-replacement-q50,image-replacement,jpeg,4,12544,1,2187,2187,28.62246,24.87082,22.60368,0.7161194,50
bookstore,oct-ea,1792,jpeg-replacement-q50,image-replacement,jpeg,5,50176,1,6571,8758,30.0008,26.89436,24.82393,0.7484565,50
bookstore,oct-ea,1792,jpeg-replacement-q50,image-replacement,jpeg,6,200704,4,22155,30913,31.31691,29.18376,27.30246,0.8099734,50
bookstore,oct-ea,1792,jpeg-replacement-q50,image-replacement,jpeg,7,802816,16,72414,103327,32.90371,32.16654,30.61529,0.8954457,50
bookstore,oct-ea,1792,jpeg-replacement-q50,image-replacement,jpeg,8,3211264,49,219829,323156,35.46973,36.39427,35.37147,0.9617954,50
bookstore,oct-ea,1792,jpeg-residual-q50,image-residual,jpeg,4,12544,1,2187,2187,28.62246,24.87082,22.60368,0.7161194,50
bookstore,oct-ea,1792,jpeg-residual-q50,image-residual,jpeg,5,50176,1,5132,7319,30.0394,26.88152,24.8285,0.7487096,50
bookstore,oct-ea,1792,jpeg-residual-q50,image-residual,jpeg,6,200704,4,17332,24651,31.29978,29.15611,27.30416,0.809091,50
bookstore,oct-ea,1792,jpeg-residual-q50,image-residual,jpeg,7,802816,16,57183,81834,32.87861,32.10384,30.59689,0.8938173,50
bookstore,oct-ea,1792,jpeg-residual-q50,image-residual,jpeg,8,3211264,49,174204,256038,35.41716,36.27851,35.31436,0.9599579,50
bookstore,oct-ea,1792,webp-replacement-q50,image-replacement,webp,4,12544,1,1766,1766,30.87179,25.16805,22.89489,0.7269024,50
bookstore,oct-ea,1792,webp-replacement-q50,image-replacement,webp,5,50176,1,5318,7084,31.72509,27.07932,25.09677,0.7662773,50
bookstore,oct-ea,1792,webp-replacement-q50,image-replacement,webp,6,200704,4,16824,23908,32.84877,29.34696,27.62775,0.8290687,50
bookstore,oct-ea,1792,webp-replacement-q50,image-replacement,webp,7,802816,16,50610,74518,34.30737,32.33586,30.99221,0.9036653,50
bookstore,oct-ea,1792,webp-replacement-q50,image-replacement,webp,8,3211264,49,132608,207126,36.10008,36.15247,35.31508,0.9570045,50
bookstore,oct-ea,1792,jpeg-replacement-q70,image-replacement,jpeg,4,12544,1,2907,2907,30.34107,25.24421,22.91105,0.7219048,70
bookstore,oct-ea,1792,jpeg-replacement-q70,image-replacement,jpeg,5,50176,1,9095,12002,31.56818,27.30971,25.17258,0.7598178,70
bookstore,oct-ea,1792,jpeg-replacement-q70,image-replacement,jpeg,6,200704,4,30588,42590,32.8197,29.72768,27.77098,0.8281772,70
bookstore,oct-ea,1792,jpeg-replacement-q70,image-replacement,jpeg,7,802816,16,99683,142273,34.44977,32.92805,31.31759,0.9131627,70
bookstore,oct-ea,1792,jpeg-replacement-q70,image-replacement,jpeg,8,3211264,49,299549,441822,37.10589,37.50189,36.38379,0.9714282,70
bookstore,oct-ea,1792,jpeg-residual-q70,image-residual,jpeg,4,12544,1,2907,2907,30.34107,25.24421,22.91105,0.7219048,70
bookstore,oct-ea,1792,jpeg-residual-q70,image-residual,jpeg,5,50176,1,7185,10092,31.56046,27.29436,25.1647,0.7592645,70
bookstore,oct-ea,1792,jpeg-residual-q70,image-residual,jpeg,6,200704,4,24295,34387,32.83366,29.71941,27.76974,0.8276202,70
bookstore,oct-ea,1792,jpeg-residual-q70,image-residual,jpeg,7,802816,16,79741,114128,34.43915,32.91752,31.30836,0.9121629,70
bookstore,oct-ea,1792,jpeg-residual-q70,image-residual,jpeg,8,3211264,49,239893,354021,37.07884,37.4947,36.3712,0.9707506,70
bookstore,oct-ea,1792,webp-replacement-q70,image-replacement,webp,4,12544,1,2240,2240,32.30932,25.37464,23.02378,0.7297405,70
bookstore,oct-ea,1792,webp-replacement-q70,image-replacement,webp,5,50176,1,6766,9006,33.14468,27.34872,25.28361,0.7719888,70
bookstore,oct-ea,1792,webp-replacement-q70,image-replacement,webp,6,200704,4,21634,30640,34.25237,29.72038,27.92872,0.8394069,70
bookstore,oct-ea,1792,webp-replacement-q70,image-replacement,webp,7,802816,16,64380,95020,35.71647,32.882,31.46462,0.9155318,70
bookstore,oct-ea,1792,webp-replacement-q70,image-replacement,webp,8,3211264,49,168122,263142,37.47294,36.98382,36.12086,0.9653471,70
bookstore,oct-ea,1792,jpeg-replacement-q80,image-replacement,jpeg,4,12544,1,3621,3621,31.87988,25.45186,23.06769,0.7261883,80
bookstore,oct-ea,1792,jpeg-replacement-q80,image-replacement,jpeg,5,50176,1,11547,15168,32.95882,27.56112,25.37545,0.7676952,80
bookstore,oct-ea,1792,jpeg-replacement-q80,image-replacement,jpeg,6,200704,4,38926,54094,34.17671,30.06115,28.06853,0.8409716,80
bookstore,oct-ea,1792,jpeg-replacement-q80,image-replacement,jpeg,7,802816,16,126552,180646,35.79341,33.40301,31.75287,0.9233904,80
bookstore,oct-ea,1792,jpeg-replacement-q80,image-replacement,jpeg,8,3211264,49,380090,560736,38.41304,38.19176,37.03662,0.9764692,80
bookstore,oct-ea,1792,jpeg-residual-q80,image-residual,jpeg,4,12544,1,3621,3621,31.87988,25.45186,23.06769,0.7261883,80
bookstore,oct-ea,1792,jpeg-residual-q80,image-residual,jpeg,5,50176,1,9249,12870,32.94798,27.55601,25.37191,0.767787,80
bookstore,oct-ea,1792,jpeg-residual-q80,image-residual,jpeg,6,200704,4,31456,44326,34.17151,30.05391,28.06485,0.8405355,80
bookstore,oct-ea,1792,jpeg-residual-q80,image-residual,jpeg,7,802816,16,102517,146843,35.76002,33.3785,31.74355,0.9226604,80
bookstore,oct-ea,1792,jpeg-residual-q80,image-residual,jpeg,8,3211264,49,308406,455249,38.35059,38.15362,37.01659,0.9759116,80
bookstore,oct-ea,1792,webp-replacement-q80,image-replacement,webp,4,12544,1,2890,2890,33.89638,25.54726,23.14551,0.7320234,80
bookstore,oct-ea,1792,webp-replacement-q80,image-replacement,webp,5,50176,1,8886,11776,34.76345,27.61561,25.46123,0.7780626,80
bookstore,oct-ea,1792,webp-replacement-q80,image-replacement,webp,6,200704,4,27860,39636,35.80634,30.0512,28.16705,0.8489736,80
bookstore,oct-ea,1792,webp-replacement-q80,image-replacement,webp,7,802816,16,82834,122470,37.24269,33.34513,31.8653,0.9247769,80
bookstore,oct-ea,1792,webp-replacement-q80,image-replacement,webp,8,3211264,49,216856,339326,38.95228,37.76973,36.85801,0.9718827,80
bookstore,oct-ea,1792,jpeg-replacement-q90,image-replacement,jpeg,4,12544,1,5142,5142,34.64539,25.72106,23.23952,0.7326058,90
bookstore,oct-ea,1792,jpeg-replacement-q90,image-replacement,jpeg,5,50176,1,17042,22184,35.50799,27.83734,25.57772,0.779565,90
bookstore,oct-ea,1792,jpeg-replacement-q90,image-replacement,jpeg,6,200704,4,57595,79779,36.74414,30.43095,28.38297,0.8566755,90
bookstore,oct-ea,1792,jpeg-replacement-q90,image-replacement,jpeg,7,802816,16,188420,268199,38.30334,34.01585,32.26686,0.9354999,90
bookstore,oct-ea,1792,jpeg-replacement-q90,image-replacement,jpeg,8,3211264,49,577420,845619,40.82704,39.23509,37.94014,0.9820927,90
bookstore,oct-ea,1792,jpeg-residual-q90,image-residual,jpeg,4,12544,1,5142,5142,34.64539,25.72106,23.23952,0.7326058,90
bookstore,oct-ea,1792,jpeg-residual-q90,image-residual,jpeg,5,50176,1,14052,19194,35.46146,27.83824,25.57858,0.7796366,90
bookstore,oct-ea,1792,jpeg-residual-q90,image-residual,jpeg,6,200704,4,47898,67092,36.72015,30.42268,28.38332,0.8564293,90
bookstore,oct-ea,1792,jpeg-residual-q90,image-residual,jpeg,7,802816,16,157428,224520,38.23164,33.97622,32.25622,0.935242,90
bookstore,oct-ea,1792,jpeg-residual-q90,image-residual,jpeg,8,3211264,49,480829,705349,40.66105,39.11537,37.89206,0.9818606,90
bookstore,oct-ea,1792,webp-replacement-q90,image-replacement,webp,4,12544,1,4596,4596,36.70159,25.77971,23.26379,0.7351927,90
bookstore,oct-ea,1792,webp-replacement-q90,image-replacement,webp,5,50176,1,14376,18972,37.63321,27.93194,25.63794,0.7857875,90
bookstore,oct-ea,1792,webp-replacement-q90,image-replacement,webp,6,200704,4,44988,63960,38.58775,30.47981,28.43578,0.8616082,90
bookstore,oct-ea,1792,webp-replacement-q90,image-replacement,webp,7,802816,16,134440,198400,39.9346,34.00156,32.32027,0.9366352,90
bookstore,oct-ea,1792,webp-replacement-q90,image-replacement,webp,8,3211264,49,362962,561362,41.73489,38.89688,37.84137,0.9796797,90
gardens,oct-ea,1792,exact,exact,deflate,4,12544,1,37632,37632,,20.17979,19.46615,0.451994,
gardens,oct-ea,1792,exact,exact,deflate,5,50176,1,150528,188160,,22.09888,20.95722,0.5505739,
gardens,oct-ea,1792,exact,exact,deflate,6,200704,4,602112,790272,,24.71051,23.04292,0.7125142,
gardens,oct-ea,1792,exact,exact,deflate,7,802816,16,2408448,3198720,,28.69026,26.49042,0.879313,
gardens,oct-ea,1792,exact,exact,deflate,8,3211264,49,9633792,12832512,,34.88489,32.28627,0.9725019,
gardens,oct-ea,1792,haar-residual-d3,haar-residual,deflate,4,12544,1,39029,39029,56.96231,20.17976,19.46613,0.4519935,3
gardens,oct-ea,1792,haar-residual-d3,haar-residual,deflate,5,50176,1,83146,122175,54.14933,22.09789,20.95663,0.5505456,3
gardens,oct-ea,1792,haar-residual-d3,haar-residual,deflate,6,200704,4,262154,384329,50.77024,24.70505,23.04064,0.7124397,3
gardens,oct-ea,1792,haar-residual-d3,haar-residual,deflate,7,802816,16,751860,1136189,46.3764,28.6405,26.47407,0.8788818,3
gardens,oct-ea,1792,haar-residual-d3,haar-residual,deflate,8,3211264,49,1845692,2981881,41.95334,34.37827,32.12465,0.9712437,3
gardens,oct-ea,1792,haar-replacement-d3,haar-replacement,deflate,4,12544,1,19088,19088,40.50388,20.1594,19.45079,0.4517385,3
gardens,oct-ea,1792,haar-replacement-d3,haar-replacement,deflate,5,50176,1,66886,85974,40.76815,22.06513,20.93553,0.5497106,3
gardens,oct-ea,1792,haar-replacement-d3,haar-replacement,deflate,6,200704,4,246932,332906,41.07805,24.64659,23.01223,0.7111389,3
gardens,oct-ea,1792,haar-replacement-d3,haar-replacement,deflate,7,802816,16,890033,1222939,41.38135,28.53888,26.43188,0.8778098,3
gardens,oct-ea,1792,haar-replacement-d3,haar-replacement,deflate,8,3211264,49,3022235,4245174,41.95334,34.37827,32.12465,0.9712437,3
gardens,oct-ea,1792,haar-residual-d3-p0.5,haar-residual,deflate,4,12544,1,26543,26543,49.49305,20.17714,19.46438,0.4519522,3
gardens,oct-ea,1792,haar-residual-d3-p0.5,haar-residual,deflate,5,50176,1,62443,88986,47.00396,22.09,20.95181,0.5504524,3
gardens,oct-ea,1792,haar-residual-d3-p0.5,haar-residual,deflate,6,200704,4,209787,298773,44.48384,24.67296,23.0267,0.7120564,3
gardens,oct-ea,1792,haar-residual-d3-p0.5,haar-residual,deflate,7,802816,16,656315,955088,42.04996,28.50149,26.42768,0.8779998,3
gardens,oct-ea,1792,haar-residual-d3-p0.5,haar-residual,deflate,8,3211264,49,1845692,2800780,39.88706,33.82014,31.93223,0.9701533,3
gardens,oct-ea,1792,haar-residual-d6,haar-residual,deflate,4,12544,1,32858,32858,54.17873,20.17931,19.46593,0.4519645,6
gardens,oct-ea,1792,haar-residual-d6,haar-residual,deflate,5,50176,1,68935,101793,50.70888,22.09648,20.95569,0.5505108,6
gardens,oct-ea,1792,haar-residual-d6,haar-residual,deflate,6,200704,4,209787,311580,46.16194,24.69196,23.03417,0.7121598,6
gardens,oct-ea,1792,haar-residual-d6,haar-residual,deflate,7,802816,16,566407,877987,41.3831,28.53833,26.43179,0.8778088,6
gardens,oct-ea,1792,haar-residual-d6,haar-residual,deflate,8,3211264,49,1262946,2140933,37.18471,33.69725,31.78313,0.9691002,6
gardens,oct-ea,1792,haar-replacement-d6,haar-replacement,deflate,4,12544,1,14644,14644,35.34897,20.10647,19.40954,0.4507964,6
gardens,oct-ea,1792,haar-replacement-d6,haar-replacement,deflate,5,50176,1,50754,65398,35.71878,21.98856,20.88393,0.547514,6
gardens,oct-ea,1792,haar-replacement-d6,haar-replacement,deflate,6,200704,4,184744,250142,36.05981,24.51792,22.93611,0.707727,6
gardens,oct-ea,1792,haar-replacement-d6,haar-replacement,deflate,7,802816,16,654214,904356,36.48047,28.25376,26.29355,0.8744984,6
gardens,oct-ea,1792,haar-replacement-d6,haar-replacement,deflate,8,3211264,49,2179572,3083928,37.18471,33.69725,31.78313,0.9691002,6
gardens,oct-ea,1792,haar-residual-d6-p0.5,haar-residual,deflate,4,12544,1,22361,22361,44.3482,20.16941,19.4592,0.4519121,6
gardens,oct-ea,1792,haar-residual-d6-p0.5,haar-residual,deflate,5,50176,1,49664,72025,41.69204,22.06337,20.93677,0.5500491,6
gardens,oct-ea,1792,haar-residual-d6-p0.5,haar-residual,deflate,6,200704,4,160540,232565,39.20853,24.58284,22.9837,0.710547,6
gardens,oct-ea,1792,haar-residual-d6-p0.5,haar-residual,deflate,7,802816,16,483141,715706,36.89261,28.14135,26.27268,0.8747649,6
gardens,oct-ea,1792,haar-residual-d6-p0.5,haar-residual,deflate,8,3211264,49,1262946,1978652,34.94416,32.55196,31.20229,0.9653841,6
gardens,oct-ea,1792,haar-residual-d12,haar-residual,deflate,4,12544,1,27681,27681,50.65241,20.1781,19.46492,0.4519541,12
gardens,oct-ea,1792,haar-residual-d12,haar-residual,deflate,5,50176,1,56031,83712,45.96796,22.0885,20.95163,0.5503824,12
gardens,oct-ea,1792,haar-residual-d12,haar-residual,deflate,6,200704,4,160540,244252,41.07992,24.64677,23.01217,0.7111433,12
gardens,oct-ea,1792,haar-residual-d12,haar-residual,deflate,7,802816,16,401760,646012,36.4812,28.25358,26.29364,0.8744998,12
gardens,oct-ea,1792,haar-residual-d12,haar-residual,deflate,8,3211264,49,801198,1447210,32.91719,32.43262,30.92871,0.9630527,12
gardens,oct-ea,1792,haar-replacement-d12,haar-replacement,deflate,4,12544,1,10378,10378,30.51507,19.96053,19.28934,0.4475093,12
gardens,oct-ea,1792,haar-replacement-d12,haar-replacement,deflate,5,50176,1,35037,45415,30.99386,21.77014,20.72841,0.5403272,12
gardens,oct-ea,1792,haar-replacement-d12,haar-replacement,deflate,6,200704,4,127244,172659,31.43269,24.15618,22.71548,0.6973851,12
gardens,oct-ea,1792,haar-replacement-d12,haar-replacement,deflate,7,802816,16,447812,620471,31.99659,27.59725,25.90991,0.8653271,12
gardens,oct-ea,1792,haar-replacement-d12,haar-replacement,deflate,8,3211264,49,1476525,2096996,32.91719,32.43262,30.92871,0.9630527,12
gardens,oct-ea,1792,haar-residual-d12-p0.5,haar-residual,deflate,4,12544,1,18279,18279,38.91543,20.14052,19.43841,0.4516867,12
gardens,oct-ea,1792,haar-residual-d12-p0.5,haar-residual,deflate,5,50176,1,37012,55291,36.3967,21.97951,20.88401,0.5486095,12
gardens,oct-ea,1792,haar-residual-d12-p0.5,haar-residual,deflate,6,200704,4,115868,171159,34.08063,24.31506,22.83917,0.7056919,12
gardens,oct-ea,1792,haar-residual-d12-p0.5,haar-residual,deflate,7,802816,16,325417,496576,32.02564,27.29221,25.81336,0.8649841,12
gardens,oct-ea,1792,haar-residual-d12-p0.5,haar-residual,deflate,8,3211264,49,801198,1297774,30.44656,30.4207,29.55685,0.951856,12
gardens,oct-ea,1792,haar-residual-d24,haar-residual,deflate,4,12544,1,23136,23136,45.77525,20.17338,19.46176,0.4519317,24
gardens,oct-ea,1792,haar-residual-d24,haar-residual,deflate,5,50176,1,43533,66669,40.76815,22.06513,20.93553,0.5497106,24
gardens,oct-ea,1792,haar-residual-d24,haar-residual,deflate,6,200704,4,115868,182537,36.06041,24.51773,22.93614,0.7077267,24
gardens,oct-ea,1792,haar-residual-d24,haar-residual,deflate,7,802816,16,255628,438165,31.99839,27.59801,25.91047,0.8653428,24
gardens,oct-ea,1792,haar-residual-d24,haar-residual,deflate,8,3211264,49,456001,894166,29.15779,30.45442,29.29161,0.9459018,24
gardens,oct-ea,1792,haar-replacement-d24,haar-replacement,deflate,4,12544,1,6480,6480,26.34873,19.52733,18.94142,0.4388784,24
gardens,oct-ea,1792,haar-replacement-d24,haar-replacement,deflate,5,50176,1,21615,28095,27.02972,21.24663,20.3444,0.5219768,24
gardens,oct-ea,1792,haar-replacement-d24,haar-replacement,deflate,6,200704,4,77701,105796,27.56157,23.41479,22.20173,0.6711016,24
gardens,oct-ea,1792,haar-replacement-d24,haar-replacement,deflate,7,802816,16,276913,382709,28.18511,26.41973,25.07154,0.8397079,24
gardens,oct-ea,1792,haar-replacement-d24,haar-replacement,deflate,8,3211264,49,924973,1307682,29.15779,30.45442,29.29161,0.9459018,24
gardens,oct-ea,1792,haar-residual-d24-p0.5,haar-residual,deflate,4,12544,1,13843,13843,33.73137,20.05765,19.37149,0.4506211,24
gardens,oct-ea,1792,haar-residual-d24-p0.5,haar-residual,deflate,5,50176,1,26080,39923,31.39793,21.7427,20.72003,0.5429092,24
gardens,oct-ea,1792,haar-residual-d24-p0.5,haar-residual,deflate,6,200704,4,74513,114436,29.35858,23.66396,22.43333,0.6897993,24
gardens,oct-ea,1792,haar-residual-d24-p0.5,haar-residual,deflate,7,802816,16,193858,308294,27.69776,25.76164,24.73625,0.8376093,24
gardens,oct-ea,1792,haar-residual-d24-p0.5,haar-residual,deflate,8,3211264,49,456001,764295,26.46153,27.52219,26.92539,0.9152286,24
gardens,oct-ea,1792,jpeg-replacement-q50,image-replacement,jpeg,4,12544,1,3040,3040,24.12909,18.86452,18.36146,0.424841,50
gardens,oct-ea,1792,jpeg-replacement-q50,image-replacement,jpeg,5,50176,1,10234,13274,24.81709,20.52868,19.72641,0.4927481,50
gardens,oct-ea,1792,jpeg-replacement-q50,image-replacement,jpeg,6,200704,4,38304,51578,25.26766,22.60687,21.43644,0.6376902,50
gardens,oct-ea,1792,jpeg-replacement-q50,image-replacement,jpeg,7,802816,16,143300,194878,25.88693,25.42343,23.96499,0.8182107,50
gardens,oct-ea,1792,jpeg-replacement-q50,image-replacement,jpeg,8,3211264,49,504764,699642,27.66202,29.53839,27.94035,0.9432145,50
gardens,oct-ea,1792,jpeg-residual-q50,image-residual,jpeg,4,12544,1,3040,3040,24.12909,18.86452,18.36146,0.424841,50
gardens,oct-ea,1792,jpeg-residual-q50,image-residual,jpeg,5,50176,1,7912,10952,24.87068,20.56986,19.74919,0.4932092,50
gardens,oct-ea,1792,jpeg-residual-q50,image-residual,jpeg,6,200704,4,29815,40767,25.31608,22.63209,21.45304,0.6375622,50
gardens,oct-ea,1792,jpeg-residual-q50,image-residual,jpeg,7,802816,16,112173,152940,25.94107,25.45144,23.98955,0.8184712,50
gardens,oct-ea,1792,jpeg-residual-q50,image-residual,jpeg,8,3211264,49,388848,541788,27.74206,29.59176,28.0033,0.9434826,50
gardens,oct-ea,1792,webp-replacement-q50,image-replacement,webp,4,12544,1,3364,3364,26.4013,19.35264,18.77783,0.4398832,50
gardens,oct-ea,1792,webp-replacement-q50,image-replacement,webp,5,50176,1,11366,14730,26.86748,21.10247,20.15795,0.524383,50
gardens,oct-ea,1792,webp-replacement-q50,image-replacement,webp,6,200704,4,41602,56332,27.28063,23.25224,21.94622,0.671947,50
gardens,oct-ea,1792,webp-replacement-q50,image-replacement,webp,7,802816,16,154094,210426,28.12669,26.1697,24.71469,0.8400942,50
gardens,oct-ea,1792,webp-replacement-q50,image-replacement,webp,8,3211264,49,514570,724996,29.59548,30.18735,28.8693,0.9478148,50
gardens,oct-ea,1792,jpeg-replacement-q70,image-replacement,jpeg,4,12544,1,4117,4117,25.23174,19.13621,18.60945,0.4325768,70
gardens,oct-ea,1792,jpeg-replacement-q70,image-replacement,jpeg,5,50176,1,14333,18450,26.01708,20.92491,20.04349,0.5139156,70
gardens,oct-ea,1792,jpeg-replacement-q70,image-replacement,jpeg,6,200704,4,53510,71960,26.49192,23.07825,21.83935,0.6686328,70
gardens,oct-ea,1792,jpeg-replacement-q70,image-replacement,jpeg,7,802816,16,198690,270650,27.21972,26.12265,24.58131,0.8450188,70
gardens,oct-ea,1792,jpeg-replacement-q70,image-replacement,jpeg,8,3211264,49,687707,958357,29.04051,30.53781,28.84081,0.955786,70
gardens,oct-ea,1792,jpeg-residual-q70,image-residual,jpeg,4,12544,1,4117,4117,25.23174,19.13621,18.60945,0.4325768,70
gardens,oct-ea,1792,jpeg-residual-q70,image-residual,jpeg,5,50176,1,11268,15385,26.03407,20.93433,20.04705,0.513711,70
gardens,oct-ea,1792,jpeg-residual-q70,image-residual,jpeg,6,200704,4,42343,57728,26.53856,23.10404,21.8532,0.6687499,70
gardens,oct-ea,1792,jpeg-residual-q70,image-residual,jpeg,7,802816,16,157931,215659,27.26728,26.16456,24.60481,0.845045,70
gardens,oct-ea,1792,jpeg-residual-q70,image-residual,jpeg,8,3211264,49,534231,749890,29.11503,30.58188,28.88904,0.9559986,70
gardens,oct-ea,1792,webp-replacement-q70,image-replacement,webp,4,12544,1,4134,4134,27.38341,19.51512,18.90859,0.4443006,70
gardens,oct-ea,1792,webp-replacement-q70,image-replacement,webp,5,50176,1,14020,18154,27.86579,21.28176,20.29758,0.532756,70
gardens,oct-ea,1792,webp-replacement-q70,image-replacement,webp,6,200704,4,51374,69528,28.2974,23.5238,22.13627,0.6856017,70
gardens,oct-ea,1792,webp-replacement-q70,image-replacement,webp,7,802816,16,191018,260546,29.2671,26.64939,25.0526,0.8535107,70
gardens,oct-ea,1792,webp-replacement-q70,image-replacement,webp,8,3211264,49,643132,903678,30.92689,30.95858,29.51849,0.9562043,70
gardens,oct-ea,1792,jpeg-replacement-q80,image-replacement,jpeg,4,12544,1,5196,5196,26.32634,19.3956,18.81817,0.4401862,80
gardens,oct-ea,1792,jpeg-replacement-q80,image-replacement,jpeg,5,50176,1,18238,23434,27.12955,21.17543,20.24484,0.5278764,80
gardens,oct-ea,1792,jpeg-replacement-q80,image-replacement,jpeg,6,200704,4,68038,91472,27.63992,23.41132,22.09878,0.6867243,80
gardens,oct-ea,1792,jpeg-replacement-q80,image-replacement,jpeg,7,802816,16,252380,343852,28.48267,26.64055,25.00345,0.8597236,80
gardens,oct-ea,1792,jpeg-replacement-q80,image-replacement,jpeg,8,3211264,49,867497,1211349,30.34202,31.29773,29.53948,0.9626391,80
gardens,oct-ea,1792,jpeg-residual-q80,image-residual,jpeg,4,12544,1,5196,5196,26.32634,19.3956,18.81817,0.4401862,80
gardens,oct-ea,1792,jpeg-residual-q80,image-residual,jpeg,5,50176,1,14584,19780,27.17056,21.20048,20.25915,0.5281349,80
gardens,oct-ea,1792,jpeg-residual-q80,image-residual,jpeg,6,200704,4,54577,74357,27.69113,23.42757,22.10994,0.6866137,80
gardens,oct-ea,1792,jpeg-residual-q80,image-residual,jpeg,7,802816,16,203604,277961,28.52707,26.66397,25.02203,0.8597893,80
gardens,oct-ea,1792,jpeg-residual-q80,image-residual,jpeg,8,3211264,49,684384,962345,30.41259,31.32897,29.58442,0.962612,80
gardens,oct-ea,1792,webp-replacement-q80,image-replacement,webp,4,12544,1,5042,5042,28.24188,19.6143,18.99192,0.447317,80
gardens,oct-ea,1792,webp-replacement-q80,image-replacement,webp,5,50176,1,17344,22386,28.80781,21.42098,20.4119,0.5397891,80
gardens,oct-ea,1792,webp-replacement-q80,image-replacement,webp,6,200704,4,63204,85590,29.23554,23.72118,22.28844,0.6953931,80
gardens,oct-ea,1792,webp-replacement-q80,image-replacement,webp,7,802816,16,234062,319652,30.28859,27.0192,25.2951,0.8626301,80
gardens,oct-ea,1792,webp-replacement-q80,image-replacement,webp,8,3211264,49,799954,1119606,32.2545,31.67001,30.04845,0.9618877,80
gardens,oct-ea,1792,jpeg-replacement-q90,image-replacement,jpeg,4,12544,1,7436,7436,28.44823,19.67427,19.04237,0.4479146,90
gardens,oct-ea,1792,jpeg-replacement-q90,image-replacement,jpeg,5,50176,1,26375,33811,29.09443,21.48095,20.47139,0.5424863,90
gardens,oct-ea,1792,jpeg-replacement-q90,image-replacement,jpeg,6,200704,4,98028,131839,29.64279,23.8362,22.39473,0.7036537,90
gardens,oct-ea,1792,jpeg-replacement-q90,image-replacement,jpeg,7,802816,16,361637,493476,30.66476,27.28035,25.47907,0.8725417,90
gardens,oct-ea,1792,jpeg-replacement-q90,image-replacement,jpeg,8,3211264,49,1256693,1750169,32.83017,32.40186,30.47717,0.9690147,90
gardens,oct-ea,1792,jpeg-residual-q90,image-residual,jpeg,4,12544,1,7436,7436,28.44823,19.67427,19.04237,0.4479146,90
gardens,oct-ea,1792,jpeg-residual-q90,image-residual,jpeg,5,50176,1,21738,29174,29.1733,21.49824,20.48482,0.5423357,90
gardens,oct-ea,1792,jpeg-residual-q90,image-residual,jpeg,6,200704,4,81163,110337,29.72634,23.85924,22.40973,0.7035468,90
gardens,oct-ea,1792,jpeg-residual-q90,image-residual,jpeg,7,802816,16,300930,411267,30.75504,27.30973,25.50411,0.872545,90
gardens,oct-ea,1792,jpeg-residual-q90,image-residual,jpeg,8,3211264,49,1029117,1440384,32.95075,32.4425,30.54411,0.9689916,90
gardens,oct-ea,1792,webp-replacement-q90,image-replacement,webp,4,12544,1,6872,6872,29.20392,19.71732,19.07439,0.4502061,90
gardens,oct-ea,1792,webp-replacement-q90,image-replacement,webp,5,50176,1,24104,30976,29.91352,21.55804,20.51432,0.5460978,90
gardens,oct-ea,1792,webp-replacement-q90,image-replacement,webp,6,200704,4,89360,120336,30.41217,23.9406,22.44029,0.7050398,90
gardens,oct-ea,1792,webp-replacement-q90,image-replacement,webp,7,802816,16,330816,451152,31.58078,27.44,25.55048,0.8714689,90
gardens,oct-ea,1792,webp-replacement-q90,image-replacement,webp,8,3211264,49,1152804,1603956,34.13709,32.57612,30.64403,0.9675649,90
stadium,oct-ea,1792,exact,exact,deflate,4,12544,1,37632,37632,,25.05854,20.56106,0.535719,
stadium,oct-ea,1792,exact,exact,deflate,5,50176,1,150528,188160,,26.76389,22.09932,0.5918185,
stadium,oct-ea,1792,exact,exact,deflate,6,200704,4,602112,790272,,28.81486,23.8776,0.6954151,
stadium,oct-ea,1792,exact,exact,deflate,7,802816,16,2408448,3198720,,31.55839,26.35636,0.8293492,
stadium,oct-ea,1792,exact,exact,deflate,8,3211264,49,9633792,12832512,,35.96926,30.71025,0.9436319,
stadium,oct-ea,1792,haar-residual-d3,haar-residual,deflate,4,12544,1,33596,33596,57.0505,25.05377,20.56074,0.5357101,3
stadium,oct-ea,1792,haar-residual-d3,haar-residual,deflate,5,50176,1,67420,101016,54.35978,26.7431,22.09887,0.59183,3
stadium,oct-ea,1792,haar-residual-d3,haar-residual,deflate,6,200704,4,191847,292863,51.36509,28.70049,23.87509,0.6952985,3
stadium,oct-ea,1792,haar-residual-d3,haar-residual,deflate,7,802816,16,510805,803668,47.58001,31.13365,26.34429,0.8287112,3
stadium,oct-ea,1792,haar-residual-d3,haar-residual,deflate,8,3211264,49,1277732,2081400,43.88149,34.68342,30.63554,0.9419664,3
stadium,oct-ea,1792,haar-replacement-d3,haar-replacement,deflate,4,12544,1,14106,14106,41.5386,24.62721,20.54206,0.5352911,3
stadium,oct-ea,1792,haar-replacement-d3,haar-replacement,deflate,5,50176,1,47796,61902,42.13098,26.28558,22.07798,0.5908604,3
stadium,oct-ea,1792,haar-replacement-d3,haar-replacement,deflate,6,200704,4,170695,232597,42.59282,28.20724,23.84965,0.6938044,3
stadium,oct-ea,1792,haar-replacement-d3,haar-replacement,deflate,7,802816,16,607036,839633,43.08168,30.72371,26.31485,0.8273577,3
stadium,oct-ea,1792,haar-replacement-d3,haar-replacement,deflate,8,3211264,49,2111481,2951114,43.88149,34.68342,30.63554,0.9419664,3
stadium,oct-ea,1792,haar-residual-d3-p0.5,haar-residual,deflate,4,12544,1,21755,21755,49.65392,24.96488,20.55849,0.5356699,3
stadium,oct-ea,1792,haar-residual-d3-p0.5,haar-residual,deflate,5,50176,1,46031,67786,47.45951,26.52695,22.09264,0.5916411,3
stadium,oct-ea,1792,haar-residual-d3-p0.5,haar-residual,deflate,6,200704,4,143563,211349,45.34083,28.25716,23.86028,0.6946934,3
stadium,oct-ea,1792,haar-residual-d3-p0.5,haar-residual,deflate,7,802816,16,436975,648324,43.30453,30.43186,26.3076,0.8275366,3
stadium,oct-ea,1792,haar-residual-d3-p0.5,haar-residual,deflate,8,3211264,49,1277732,1926056,41.54021,33.76054,30.52816,0.9405894,3
stadium,oct-ea,1792,haar-residual-d6,haar-residual,deflate,4,12544,1,27766,27766,54.28214,25.04518,20.55998,0.5357189,6
stadium,oct-ea,1792,haar-residual-d6,haar-residual,deflate,5,50176,1,52821,80587,50.9959,26.6872,22.09728,0.591756,6
stadium,oct-ea,1792,haar-residual-d6,haar-residual,deflate,6,200704,4,143563,224150,47.1389,28.50986,23.86853,0.6948857,6
stadium,oct-ea,1792,haar-residual-d6,haar-residual,deflate,7,802816,16,374091,598241,43.08293,30.72566,26.3151,0.8273548,6
stadium,oct-ea,1792,haar-residual-d6,haar-residual,deflate,8,3211264,49,900052,1498293,39.61132,34.02453,30.4998,0.939561,6
stadium,oct-ea,1792,haar-replacement-d6,haar-replacement,deflate,4,12544,1,10503,10503,36.86594,24.19701,20.50897,0.5342251,6
stadium,oct-ea,1792,haar-replacement-d6,haar-replacement,deflate,5,50176,1,35230,45733,37.48374,25.85452,22.03262,0.5889609,6
stadium,oct-ea,1792,haar-replacement-d6,haar-replacement,deflate,6,200704,4,123696,169429,38.13072,27.78035,23.79307,0.6914164,6
stadium,oct-ea,1792,haar-replacement-d6,haar-replacement,deflate,7,802816,16,436796,606225,38.75327,30.23436,26.23876,0.8246848,6
stadium,oct-ea,1792,haar-replacement-d6,haar-replacement,deflate,8,3211264,49,1522852,2129077,39.61132,34.02453,30.4998,0.939561,6
stadium,oct-ea,1792,haar-residual-d6-p0.5,haar-residual,deflate,4,12544,1,17396,17396,44.86276,24.77376,20.55157,0.5355789,6
stadium,oct-ea,1792,haar-residual-d6-p0.5,haar-residual,deflate,5,50176,1,34705,52101,42.60146,26.15695,22.07663,0.5911531,6
stadium,oct-ea,1792,haar-residual-d6-p0.5,haar-residual,deflate,6,200704,4,104983,157084,40.51781,27.69612,23.82152,0.693161,6
stadium,oct-ea,1792,haar-residual-d6-p0.5,haar-residual,deflate,7,802816,16,313323,470407,38.61065,29.65937,26.20591,0.8243495,6
stadium,oct-ea,1792,haar-residual-d6-p0.5,haar-residual,deflate,8,3211264,49,900052,1370459,37.04171,32.70436,30.19174,0.9360718,6
stadium,oct-ea,1792,haar-residual-d12,haar-residual,deflate,4,12544,1,22679,22679,50.80393,25.00374,20.55955,0.5356641,12
stadium,oct-ea,1792,haar-residual-d12,haar-residual,deflate,5,50176,1,40171,62850,46.7579,26.54847,22.09294,0.5915333,12
stadium,oct-ea,1792,haar-residual-d12,haar-residual,deflate,6,200704,4,104983,167833,42.59187,28.20812,23.84983,0.6938077,12
stadium,oct-ea,1792,haar-residual-d12,haar-residual,deflate,7,802816,16,258295,426128,38.75365,30.23574,26.23914,0.8246899,12
stadium,oct-ea,1792,haar-residual-d12,haar-residual,deflate,8,3211264,49,614771,1040899,35.53276,33.25969,30.16344,0.934673,12
stadium,oct-ea,1792,haar-replacement-d12,haar-replacement,deflate,4,12544,1,7203,7203,32.36297,23.56567,20.38888,0.5320359,12
stadium,oct-ea,1792,haar-replacement-d12,haar-replacement,deflate,5,50176,1,24245,31448,33.11805,25.25482,21.90269,0.5849318,12
stadium,oct-ea,1792,haar-replacement-d12,haar-replacement,deflate,6,200704,4,85409,116857,33.87778,27.16872,23.64305,0.6859665,12
stadium,oct-ea,1792,haar-replacement-d12,haar-replacement,deflate,7,802816,16,301120,417977,34.60527,29.6049,26.0388,0.8187994,12
stadium,oct-ea,1792,haar-replacement-d12,haar-replacement,deflate,8,3211264,49,1066659,1484636,35.53276,33.25969,30.16344,0.934673,12
stadium,oct-ea,1792,haar-residual-d12-p0.5,haar-residual,deflate,4,12544,1,13346,13346,39.82645,24.34025,20.53161,0.5351424,12
stadium,oct-ea,1792,haar-residual-d12-p0.5,haar-residual,deflate,5,50176,1,25372,38718,37.72926,25.55165,22.02633,0.5894338,12
stadium,oct-ea,1792,haar-residual-d12-p0.5,haar-residual,deflate,6,200704,4,73910,112628,35.83757,26.92538,23.70507,0.689178,12
stadium,oct-ea,1792,haar-residual-d12-p0.5,haar-residual,deflate,7,802816,16,212745,325373,34.17252,28.68516,25.931,0.8176117,12
stadium,oct-ea,1792,haar-residual-d12-p0.5,haar-residual,deflate,8,3211264,49,614771,940144,32.77815,31.28036,29.38704,0.9263807,12
stadium,oct-ea,1792,haar-residual-d24,haar-residual,deflate,4,12544,1,18242,18242,46.42035,24.89131,20.55638,0.535587,24
stadium,oct-ea,1792,haar-residual-d24,haar-residual,deflate,5,50176,1,29270,47512,42.13098,26.28558,22.07798,0.5908604,24
stadium,oct-ea,1792,haar-residual-d24,haar-residual,deflate,6,200704,4,73910,121422,38.13221,27.78352,23.79322,0.6914231,24
stadium,oct-ea,1792,haar-residual-d24,haar-residual,deflate,7,802816,16,171363,292785,34.60618,29.60986,26.03915,0.8188014,24
stadium,oct-ea,1792,haar-residual-d24,haar-residual,deflate,8,3211264,49,391345,684130,31.46571,32.14588,29.40223,0.9213183,24
stadium,oct-ea,1792,haar-replacement-d24,haar-replacement,deflate,4,12544,1,4618,4618,28.48989,22.94754,20.15587,0.5272618,24
stadium,oct-ea,1792,haar-replacement-d24,haar-replacement,deflate,5,50176,1,15288,19906,29.14432,24.43719,21.59676,0.5759238,24
stadium,oct-ea,1792,haar-replacement-d24,haar-replacement,deflate,6,200704,4,54083,73989,29.87122,26.33279,23.27327,0.67011,24
stadium,oct-ea,1792,haar-replacement-d24,haar-replacement,deflate,7,802816,16,195126,269115,30.64963,28.69046,25.57596,0.8018129,24
stadium,oct-ea,1792,haar-replacement-d24,haar-replacement,deflate,8,3211264,49,709437,978552,31.46571,32.14588,29.40223,0.9213183,24
stadium,oct-ea,1792,haar-residual-d24-p0.5,haar-residual,deflate,4,12544,1,9803,9803,34.94529,23.62848,20.46402,0.5338874,24
stadium,oct-ea,1792,haar-residual-d24-p0.5,haar-residual,deflate,5,50176,1,16999,26802,33.02582,24.69126,21.87791,0.5856266,24
stadium,oct-ea,1792,haar-residual-d24-p0.5,haar-residual,deflate,6,200704,4,48045,74847,31.38657,25.87809,23.39322,0.6807718,24
stadium,oct-ea,1792,haar-residual-d24-p0.5,haar-residual,deflate,7,802816,16,135616,210463,29.91433,27.31389,25.25587,0.8013073,24
stadium,oct-ea,1792,haar-residual-d24-p0.5,haar-residual,deflate,8,3211264,49,391345,601808,28.59253,29.17829,27.76812,0.9009141,24
stadium,oct-ea,1792,jpeg-replacement-q50,image-replacement,jpeg,4,12544,1,2437,2437,26.28826,23.06861,19.75097,0.5188261,50
stadium,oct-ea,1792,jpeg-replacement-q50,image-replacement,jpeg,5,50176,1,7932,10369,27.10694,24.66386,21.19894,0.5566164,50
stadium,oct-ea,1792,jpeg-replacement-q50,image-replacement,jpeg,6,200704,4,29103,39472,27.92274,26.39154,22.78604,0.6377,50
stadium,oct-ea,1792,jpeg-replacement-q50,image-replacement,jpeg,7,802816,16,109338,148810,28.31457,28.41447,24.84722,0.7681527,50
stadium,oct-ea,1792,jpeg-replacement-q50,image-replacement,jpeg,8,3211264,49,417098,565908,28.92246,31.5683,28.43161,0.9038533,50
stadium,oct-ea,1792,jpeg-residual-q50,image-residual,jpeg,4,12544,1,2437,2437,26.28826,23.06861,19.75097,0.5188261,50
stadium,oct-ea,1792,jpeg-residual-q50,image-residual,jpeg,5,50176,1,6190,8627,27.14293,24.68805,21.20486,0.5564541,50
stadium,oct-ea,1792,jpeg-residual-q50,image-residual,jpeg,6,200704,4,22439,31066,27.95621,26.41313,22.78816,0.6374572,50
stadium,oct-ea,1792,jpeg-residual-q50,image-residual,jpeg,7,802816,16,85624,116690,28.34016,28.47492,24.8524,0.7680765,50
stadium,oct-ea,1792,jpeg-residual-q50,image-residual,jpeg,8,3211264,49,332424,449114,28.94257,31.6236,28.44205,0.9037681,50
stadium,oct-ea,1792,webp-replacement-q50,image-replacement,webp,4,12544,1,2172,2172,28.57127,23.40748,20.03771,0.5282305,50
stadium,oct-ea,1792,webp-replacement-q50,image-replacement,webp,5,50176,1,7278,9450,29.10833,25.13487,21.47181,0.5730307,50
stadium,oct-ea,1792,webp-replacement-q50,image-replacement,webp,6,200704,4,26266,35716,29.6766,26.87499,23.1009,0.6606473,50
stadium,oct-ea,1792,webp-replacement-q50,image-replacement,webp,7,802816,16,107574,143290,30.76113,28.95569,25.39534,0.7939636,50
stadium,oct-ea,1792,webp-replacement-q50,image-replacement,webp,8,3211264,49,418430,561720,31.78253,32.12465,29.16582,0.9175018,50
stadium,oct-ea,1792,jpeg-replacement-q70,image-replacement,jpeg,4,12544,1,3295,3295,27.75314,23.56691,20.01434,0.5245674,70
stadium,oct-ea,1792,jpeg-replacement-q70,image-replacement,jpeg,5,50176,1,10915,14210,28.56555,25.18829,21.46482,0.5679924,70
stadium,oct-ea,1792,jpeg-replacement-q70,image-replacement,jpeg,6,200704,4,40161,54371,29.22379,26.93566,23.09894,0.6585656,70
stadium,oct-ea,1792,jpeg-replacement-q70,image-replacement,jpeg,7,802816,16,152883,207254,29.76223,29.13741,25.3285,0.7932415,70
stadium,oct-ea,1792,jpeg-replacement-q70,image-replacement,jpeg,8,3211264,49,582392,789646,30.6373,32.56734,29.2261,0.9213836,70
stadium,oct-ea,1792,jpeg-residual-q70,image-residual,jpeg,4,12544,1,3295,3295,27.75314,23.56691,20.01434,0.5245674,70
stadium,oct-ea,1792,jpeg-residual-q70,image-residual,jpeg,5,50176,1,8564,11859,28.58169,25.18397,21.46473,0.56789,70
stadium,oct-ea,1792,jpeg-residual-q70,image-residual,jpeg,6,200704,4,31609,43468,29.25678,26.96329,23.10015,0.6583806,70
stadium,oct-ea,1792,jpeg-residual-q70,image-residual,jpeg,7,802816,16,121955,165423,29.78329,29.18655,25.33262,0.7931176,70
stadium,oct-ea,1792,jpeg-residual-q70,image-residual,jpeg,8,3211264,49,470129,635552,30.65728,32.63376,29.23528,0.9213783,70
stadium,oct-ea,1792,webp-replacement-q70,image-replacement,webp,4,12544,1,2734,2734,29.84935,23.63439,20.15916,0.5309158,70
stadium,oct-ea,1792,webp-replacement-q70,image-replacement,webp,5,50176,1,9176,11910,30.40845,25.31877,21.62456,0.5790362,70
stadium,oct-ea,1792,webp-replacement-q70,image-replacement,webp,6,200704,4,33478,45388,31.10391,27.14436,23.29638,0.6721852,70
stadium,oct-ea,1792,webp-replacement-q70,image-replacement,webp,7,802816,16,134992,180380,32.3191,29.2965,25.64092,0.8051516,70
stadium,oct-ea,1792,webp-replacement-q70,image-replacement,webp,8,3211264,49,522704,703084,33.48293,32.64377,29.58124,0.9258158,70
stadium,oct-ea,1792,jpeg-replacement-q80,image-replacement,jpeg,4,12544,1,4120,4120,29.17853,23.89492,20.18163,0.5286109,80
stadium,oct-ea,1792,jpeg-replacement-q80,image-replacement,jpeg,5,50176,1,13973,18093,29.94408,25.494,21.63453,0.5771835,80
stadium,oct-ea,1792,jpeg-replacement-q80,image-replacement,jpeg,6,200704,4,51779,69872,30.60633,27.32235,23.32074,0.6737798,80
stadium,oct-ea,1792,jpeg-replacement-q80,image-replacement,jpeg,7,802816,16,197144,267016,31.34965,29.65041,25.66854,0.809025,80
stadium,oct-ea,1792,jpeg-replacement-q80,image-replacement,jpeg,8,3211264,49,747470,1014486,32.37642,33.27109,29.72373,0.9309516,80
stadium,oct-ea,1792,jpeg-residual-q80,image-residual,jpeg,4,12544,1,4120,4120,29.17853,23.89492,20.18163,0.5286109,80
stadium,oct-ea,1792,jpeg-residual-q80,image-residual,jpeg,5,50176,1,11203,15323,29.99634,25.48152,21.64488,0.5770528,80
stadium,oct-ea,1792,jpeg-residual-q80,image-residual,jpeg,6,200704,4,41356,56679,30.62792,27.29694,23.32313,0.6735701,80
stadium,oct-ea,1792,jpeg-residual-q80,image-residual,jpeg,7,802816,16,159729,216408,31.35924,29.58528,25.6688,0.8086596,80
stadium,oct-ea,1792,jpeg-residual-q80,image-residual,jpeg,8,3211264,49,611307,827715,32.38459,33.15035,29.72534,0.9306591,80
stadium,oct-ea,1792,webp-replacement-q80,image-replacement,webp,4,12544,1,3426,3426,31.14419,23.80643,20.24635,0.532565,80
stadium,oct-ea,1792,webp-replacement-q80,image-replacement,webp,5,50176,1,11774,15200,31.81516,25.49823,21.73325,0.5838305,80
stadium,oct-ea,1792,webp-replacement-q80,image-replacement,webp,6,200704,4,43318,58518,32.73062,27.35821,23.45776,0.6817221,80
stadium,oct-ea,1792,webp-replacement-q80,image-replacement,webp,7,802816,16,169746,228264,33.98516,29.63037,25.83898,0.8139608,80
stadium,oct-ea,1792,webp-replacement-q80,image-replacement,webp,8,3211264,49,651946,880210,35.33671,33.07128,29.90491,0.9315861,80
stadium,oct-ea,1792,jpeg-replacement-q90,image-replacement,jpeg,4,12544,1,5853,5853,31.75394,24.15873,20.31353,0.533583,90
stadium,oct-ea,1792,jpeg-replacement-q90,image-replacement,jpeg,5,50176,1,20438,26291,32.48023,25.85429,21.81825,0.5873041,90
stadium,oct-ea,1792,jpeg-replacement-q90,image-replacement,jpeg,6,200704,4,76262,102553,33.45285,27.77595,23.56894,0.689179,90
stadium,oct-ea,1792,jpeg-replacement-q90,image-replacement,jpeg,7,802816,16,289267,391820,34.51388,30.23229,25.98992,0.8230193,90
stadium,oct-ea,1792,jpeg-replacement-q90,image-replacement,jpeg,8,3211264,49,1095614,1487434,35.92409,34.1257,30.216,0.9394198,90
stadium,oct-ea,1792,jpeg-residual-q90,image-residual,jpeg,4,12544,1,5853,5853,31.75394,24.15873,20.31353,0.533583,90
stadium,oct-ea,1792,jpeg-residual-q90,image-residual,jpeg,5,50176,1,16879,22732,32.55913,25.83011,21.82451,0.5873238,90
stadium,oct-ea,1792,jpeg-residual-q90,image-residual,jpeg,6,200704,4,63205,85937,33.49052,27.7257,23.57378,0.689177,90
stadium,oct-ea,1792,jpeg-residual-q90,image-residual,jpeg,7,802816,16,241368,327305,34.52595,30.10852,25.99353,0.8229156,90
stadium,oct-ea,1792,jpeg-residual-q90,image-residual,jpeg,8,3211264,49,923209,1250514,35.91498,33.85383,30.21838,0.9391603,90
stadium,oct-ea,1792,webp-replacement-q90,image-replacement,webp,4,12544,1,4834,4834,32.83526,24.17487,20.32296,0.5341408,90
stadium,oct-ea,1792,webp-replacement-q90,image-replacement,webp,5,50176,1,17312,22146,33.85037,25.86604,21.84087,0.5880507,90
stadium,oct-ea,1792,webp-replacement-q90,image-replacement,webp,6,200704,4,64068,86214,35.00625,27.71084,23.59193,0.6885947,90
stadium,oct-ea,1792,webp-replacement-q90,image-replacement,webp,7,802816,16,250952,337166,36.55186,30.05175,26.02747,0.8217917,90
stadium,oct-ea,1792,webp-replacement-q90,image-replacement,webp,8,3211264,49,951094,1288260,38.53779,33.65122,30.24935,0.9372448,90
superblock,oct-ea,1792,exact,exact,deflate,4,12544,1,37632,37632,,18.8508,18.65316,0.2749635,
superblock,oct-ea,1792,exact,exact,deflate,5,50176,1,150528,188160,,20.09049,19.86403,0.3671646,
superblock,oct-ea,1792,exact,exact,deflate,6,200704,4,602112,790272,,21.96928,21.72122,0.5617348,
superblock,oct-ea,1792,exact,exact,deflate,7,802816,16,2408448,3198720,,25.2004,24.95523,0.8001416,
superblock,oct-ea,1792,exact,exact,deflate,8,3211264,49,9633792,12832512,,30.80726,30.58789,0.9527026,
superblock,oct-ea,1792,haar-residual-d3,haar-residual,deflate,4,12544,1,37354,37354,57.03165,18.85087,18.65323,0.2749751,3
superblock,oct-ea,1792,haar-residual-d3,haar-residual,deflate,5,50176,1,83081,120435,54.14253,20.09006,19.86362,0.3671454,3
superblock,oct-ea,1792,haar-residual-d3,haar-residual,deflate,6,200704,4,272769,393204,50.69826,21.96748,21.71962,0.5616922,3
superblock,oct-ea,1792,haar-residual-d3,haar-residual,deflate,7,802816,16,838978,1232182,46.05021,25.18707,24.94325,0.7999051,3
superblock,oct-ea,1792,haar-residual-d3,haar-residual,deflate,8,3211264,49,2204519,3436701,41.34333,30.66729,30.45625,0.9519858,3
superblock,oct-ea,1792,haar-replacement-d3,haar-replacement,deflate,4,12544,1,18262,18262,40.55509,18.83635,18.63958,0.274805,3
superblock,oct-ea,1792,haar-replacement-d3,haar-replacement,deflate,5,50176,1,66437,84699,40.61724,20.07142,19.84621,0.3667423,3
superblock,oct-ea,1792,haar-replacement-d3,haar-replacement,deflate,6,200704,4,256800,341499,40.71898,21.94141,21.69578,0.5610751,3
superblock,oct-ea,1792,haar-replacement-d3,haar-replacement,deflate,7,802816,16,977516,1319015,40.86871,25.1466,24.90595,0.7993188,3
superblock,oct-ea,1792,haar-replacement-d3,haar-replacement,deflate,8,3211264,49,3478005,4797020,41.34333,30.66729,30.45625,0.9519858,3
superblock,oct-ea,1792,haar-residual-d3-p0.5,haar-residual,deflate,4,12544,1,25607,25607,49.51093,18.8492,18.65173,0.2749693,3
superblock,oct-ea,1792,haar-residual-d3-p0.5,haar-residual,deflate,5,50176,1,62735,88342,46.9824,20.08586,19.85994,0.3671037,3
superblock,oct-ea,1792,haar-residual-d3-p0.5,haar-residual,deflate,6,200704,4,221108,309450,44.34639,21.95545,21.70903,0.5614979,3
superblock,oct-ea,1792,haar-residual-d3-p0.5,haar-residual,deflate,7,802816,16,735811,1045261,41.71899,25.14775,24.90788,0.7994237,3
superblock,oct-ea,1792,haar-residual-d3-p0.5,haar-residual,deflate,8,3211264,49,2204519,3249780,39.37727,30.50969,30.31007,0.9513851,3
superblock,oct-ea,1792,haar-residual-d6,haar-residual,deflate,4,12544,1,31650,31650,54.17733,18.85052,18.6529,0.274976,6
superblock,oct-ea,1792,haar-residual-d6,haar-residual,deflate,5,50176,1,69220,100870,50.66501,20.0893,19.86298,0.3671646,6
superblock,oct-ea,1792,haar-residual-d6,haar-residual,deflate,6,200704,4,221108,321978,45.95967,21.962,21.71476,0.5615968,6
superblock,oct-ea,1792,haar-residual-d6,haar-residual,deflate,7,802816,16,642123,964101,40.86972,25.14773,24.90705,0.7993178,6
superblock,oct-ea,1792,haar-residual-d6,haar-residual,deflate,8,3211264,49,1522199,2486300,36.46419,30.34997,30.14905,0.9505408,6
superblock,oct-ea,1792,haar-replacement-d6,haar-replacement,deflate,4,12544,1,13651,13651,35.32963,18.79732,18.60293,0.2743595,6
superblock,oct-ea,1792,haar-replacement-d6,haar-replacement,deflate,5,50176,1,49441,63092,35.45803,20.02211,19.80071,0.3658102,6
superblock,oct-ea,1792,haar-replacement-d6,haar-replacement,deflate,6,200704,4,190525,253617,35.58639,21.86685,21.62585,0.5593086,6
superblock,oct-ea,1792,haar-replacement-d6,haar-replacement,deflate,7,802816,16,717764,971381,35.85622,25.01672,24.78285,0.7974839,6
superblock,oct-ea,1792,haar-replacement-d6,haar-replacement,deflate,8,3211264,49,2532065,3503446,36.46419,30.34997,30.14905,0.9505408,6
superblock,oct-ea,1792,haar-residual-d6-p0.5,haar-residual,deflate,4,12544,1,21568,21568,44.4736,18.84469,18.64765,0.2749184,6
superblock,oct-ea,1792,haar-residual-d6-p0.5,haar-residual,deflate,5,50176,1,50240,71808,41.67116,20.07336,19.84853,0.3668898,6
superblock,oct-ea,1792,haar-residual-d6-p0.5,haar-residual,deflate,6,200704,4,170120,241928,38.95825,21.9178,21.67464,0.5607417,6
superblock,oct-ea,1792,haar-residual-d6-p0.5,haar-residual,deflate,7,802816,16,549273,791201,36.4341,25.00892,24.77938,0.7977004,6
superblock,oct-ea,1792,haar-residual-d6-p0.5,haar-residual,deflate,8,3211264,49,1522199,2313400,34.34148,29.85761,29.68521,0.9485298,6
superblock,oct-ea,1792,haar-residual-d12,haar-residual,deflate,4,12544,1,26618,26618,50.67495,18.84995,18.65248,0.2749769,12
superblock,oct-ea,1792,haar-residual-d12,haar-residual,deflate,5,50176,1,56521,83139,45.93413,20.08561,19.85961,0.3670982,12
superblock,oct-ea,1792,haar-residual-d12,haar-residual,deflate,6,200704,4,170120,253259,40.71944,21.94147,21.69584,0.5610772,12
superblock,oct-ea,1792,haar-residual-d12,haar-residual,deflate,7,802816,16,454222,707481,35.85696,25.01783,24.78388,0.7974765,12
superblock,oct-ea,1792,haar-residual-d12,haar-residual,deflate,8,3211264,49,969680,1677161,32.11188,29.52962,29.3405,0.945456,12
superblock,oct-ea,1792,haar-replacement-d12,haar-replacement,deflate,4,12544,1,9292,9292,30.59206,18.6873,18.4979,0.273307,12
superblock,oct-ea,1792,haar-replacement-d12,haar-replacement,deflate,5,50176,1,32802,42094,30.84906,19.87659,19.66193,0.3625127,12
superblock,oct-ea,1792,haar-replacement-d12,haar-replacement,deflate,6,200704,4,127319,169413,31.01872,21.66112,21.43126,0.5537962,12
superblock,oct-ea,1792,haar-replacement-d12,haar-replacement,deflate,7,802816,16,487006,656419,31.3356,24.6519,24.43106,0.7908038,12
superblock,oct-ea,1792,haar-replacement-d12,haar-replacement,deflate,8,3211264,49,1717782,2374201,32.11188,29.52962,29.3405,0.945456,12
superblock,oct-ea,1792,haar-residual-d12-p0.5,haar-residual,deflate,4,12544,1,17387,17387,39.02254,18.82681,18.6303,0.2747765,12
superblock,oct-ea,1792,haar-residual-d12-p0.5,haar-residual,deflate,5,50176,1,37092,54479,36.26361,20.02563,19.8038,0.3661093,12
superblock,oct-ea,1792,haar-residual-d12-p0.5,haar-residual,deflate,6,200704,4,121969,176448,33.72803,21.7846,21.55088,0.5582036,12
superblock,oct-ea,1792,haar-residual-d12-p0.5,haar-residual,deflate,7,802816,16,368445,544893,31.5041,24.59104,24.3834,0.7918126,12
superblock,oct-ea,1792,haar-residual-d12-p0.5,haar-residual,deflate,8,3211264,49,969680,1514573,29.79832,28.33401,28.1904,0.9386693,12
superblock,oct-ea,1792,haar-residual-d24,haar-residual,deflate,4,12544,1,22348,22348,45.89552,18.84764,18.65019,0.274946,24
superblock,oct-ea,1792,haar-residual-d24,haar-residual,deflate,5,50176,1,43806,66154,40.61724,20.07142,19.84621,0.3667423,24
superblock,oct-ea,1792,haar-residual-d24,haar-residual,deflate,6,200704,4,121969,188123,35.58767,21.86701,21.62602,0.5593126,24
superblock,oct-ea,1792,haar-residual-d24,haar-residual,deflate,7,802816,16,288792,476915,31.33701,24.65318,24.43235,0.7908029,24
superblock,oct-ea,1792,haar-residual-d24,haar-residual,deflate,8,3211264,49,553765,1030680,28.32076,27.9269,27.74315,0.9288001,24
superblock,oct-ea,1792,haar-replacement-d24,haar-replacement,deflate,4,12544,1,5667,5667,26.59498,18.37673,18.1974,0.2691798,24
superblock,oct-ea,1792,haar-replacement-d24,haar-replacement,deflate,5,50176,1,19715,25382,26.94932,19.523,19.31913,0.3526263,24
superblock,oct-ea,1792,haar-replacement-d24,haar-replacement,deflate,6,200704,4,76555,101937,27.16874,21.17164,20.95137,0.5339951,24
superblock,oct-ea,1792,haar-replacement-d24,haar-replacement,deflate,7,802816,16,295942,397879,27.5318,23.84141,23.63056,0.7691205,24
superblock,oct-ea,1792,haar-replacement-d24,haar-replacement,deflate,8,3211264,49,1069438,1467317,28.32076,27.9269,27.74315,0.9288001,24
superblock,oct-ea,1792,haar-residual-d24-p0.5,haar-residual,deflate,4,12544,1,12855,12855,33.66978,18.7602,18.56927,0.2742032,24
superblock,oct-ea,1792,haar-residual-d24-p0.5,haar-residual,deflate,5,50176,1,25019,37874,31.21167,19.87164,19.66191,0.3638438,24
superblock,oct-ea,1792,haar-residual-d24-p0.5,haar-residual,deflate,6,200704,4,76605,114479,29.04211,21.41247,21.20298,0.5501615,24
superblock,oct-ea,1792,haar-residual-d24-p0.5,haar-residual,deflate,7,802816,16,218852,333331,27.22309,23.60197,23.43141,0.7728047,24
superblock,oct-ea,1792,haar-residual-d24-p0.5,haar-residual,deflate,8,3211264,49,553765,887096,25.84573,25.83014,25.70675,0.9081373,24
superblock,oct-ea,1792,jpeg-replacement-q50,image-replacement,jpeg,4,12544,1,2723,2723,24.69644,17.91982,17.73439,0.2554361,50
superblock,oct-ea,1792,jpeg-replacement-q50,image-replacement,jpeg,5,50176,1,9319,12042,24.92352,18.96105,18.74679,0.3124867,50
superblock,oct-ea,1792,jpeg-replacement-q50,image-replacement,jpeg,6,200704,4,37302,49344,24.86111,20.37718,20.12511,0.4719319,50
superblock,oct-ea,1792,jpeg-replacement-q50,image-replacement,jpeg,7,802816,16,150696,200040,25.10831,22.59208,22.31173,0.7144352,50
superblock,oct-ea,1792,jpeg-replacement-q50,image-replacement,jpeg,8,3211264,49,577394,777434,26.57511,26.33277,26.0302,0.9108175,50
superblock,oct-ea,1792,jpeg-residual-q50,image-residual,jpeg,4,12544,1,2723,2723,24.69644,17.91982,17.73439,0.2554361,50
superblock,oct-ea,1792,jpeg-residual-q50,image-residual,jpeg,5,50176,1,7262,9985,24.92991,18.95653,18.7415,0.3119059,50
superblock,oct-ea,1792,jpeg-residual-q50,image-residual,jpeg,6,200704,4,29796,39781,24.89098,20.38164,20.13018,0.4716157,50
superblock,oct-ea,1792,jpeg-residual-q50,image-residual,jpeg,7,802816,16,121622,161403,25.12769,22.59999,22.32137,0.7143184,50
superblock,oct-ea,1792,jpeg-residual-q50,image-residual,jpeg,8,3211264,49,460789,622192,26.61615,26.36118,26.06402,0.9109272,50
superblock,oct-ea,1792,webp-replacement-q50,image-replacement,webp,4,12544,1,2832,2832,26.49034,18.22103,18.02985,0.2663323,50
superblock,oct-ea,1792,webp-replacement-q50,image-replacement,webp,5,50176,1,10662,13494,26.77856,19.3416,19.11754,0.3466661,50
superblock,oct-ea,1792,webp-replacement-q50,image-replacement,webp,6,200704,4,42578,56072,26.81639,20.86727,20.61631,0.5207159,50
superblock,oct-ea,1792,webp-replacement-q50,image-replacement,webp,7,802816,16,173096,229168,27.32668,23.38818,23.14059,0.7572163,50
superblock,oct-ea,1792,webp-replacement-q50,image-replacement,webp,8,3211264,49,618486,847654,28.59451,27.36414,27.14494,0.9238362,50
superblock,oct-ea,1792,jpeg-replacement-q70,image-replacement,jpeg,4,12544,1,3688,3688,25.70437,18.10708,17.91903,0.2611229,70
superblock,oct-ea,1792,jpeg-replacement-q70,image-replacement,jpeg,5,50176,1,13147,16835,25.91461,19.20655,18.9855,0.3328948,70
superblock,oct-ea,1792,jpeg-replacement-q70,image-replacement,jpeg,6,200704,4,53008,69843,25.9741,20.73126,20.47605,0.5083537,70
superblock,oct-ea,1792,jpeg-replacement-q70,image-replacement,jpeg,7,802816,16,212790,282633,26.35579,23.17699,22.89891,0.7519319,70
superblock,oct-ea,1792,jpeg-replacement-q70,image-replacement,jpeg,8,3211264,49,794523,1077156,27.95913,27.23818,26.94053,0.929371,70
superblock,oct-ea,1792,jpeg-residual-q70,image-residual,jpeg,4,12544,1,3688,3688,25.70437,18.10708,17.91903,0.2611229,70
superblock,oct-ea,1792,jpeg-residual-q70,image-residual,jpeg,5,50176,1,10450,14138,25.95247,19.21348,18.99171,0.3328013,70
superblock,oct-ea,1792,jpeg-residual-q70,image-residual,jpeg,6,200704,4,42959,57097,25.98366,20.73346,20.47902,0.508132,70
superblock,oct-ea,1792,jpeg-residual-q70,image-residual,jpeg,7,802816,16,173737,230834,26.37834,23.18629,22.90979,0.7519134,70
superblock,oct-ea,1792,jpeg-residual-q70,image-residual,jpeg,8,3211264,49,639331,870165,28.00777,27.27283,26.97897,0.9294109,70
superblock,oct-ea,1792,webp-replacement-q70,image-replacement,webp,4,12544,1,3576,3576,27.51558,18.33697,18.13821,0.2700899,70
superblock,oct-ea,1792,webp-replacement-q70,image-replacement,webp,5,50176,1,13272,16848,27.7702,19.4579,19.23197,0.3527031,70
superblock,oct-ea,1792,webp-replacement-q70,image-replacement,webp,6,200704,4,53498,70346,27.82223,21.04692,20.789,0.5348768,70
superblock,oct-ea,1792,webp-replacement-q70,image-replacement,webp,7,802816,16,215046,285392,28.38938,23.67449,23.41223,0.7719243,70
superblock,oct-ea,1792,webp-replacement-q70,image-replacement,webp,8,3211264,49,777982,1063374,29.86881,27.96042,27.71716,0.9346571,70
superblock,oct-ea,1792,jpeg-replacement-q80,image-replacement,jpeg,4,12544,1,4688,4688,26.73213,18.26204,18.06917,0.2663392,80
superblock,oct-ea,1792,jpeg-replacement-q80,image-replacement,jpeg,5,50176,1,17155,21843,26.98186,19.40045,19.17539,0.3475955,80
superblock,oct-ea,1792,jpeg-replacement-q80,image-replacement,jpeg,6,200704,4,68690,90533,27.05082,20.98724,20.72806,0.53254,80
superblock,oct-ea,1792,jpeg-replacement-q80,image-replacement,jpeg,7,802816,16,273590,364123,27.54123,23.59193,23.31224,0.7737821,80
superblock,oct-ea,1792,jpeg-replacement-q80,image-replacement,jpeg,8,3211264,49,1005699,1369822,29.22865,27.91866,27.62542,0.939217,80
superblock,oct-ea,1792,jpeg-residual-q80,image-residual,jpeg,4,12544,1,4688,4688,26.73213,18.26204,18.06917,0.2663392,80
superblock,oct-ea,1792,jpeg-residual-q80,image-residual,jpeg,5,50176,1,13861,18549,27.00288,19.40416,19.1794,0.3473441,80
superblock,oct-ea,1792,jpeg-residual-q80,image-residual,jpeg,6,200704,4,56375,74924,27.06723,20.98879,20.72934,0.5322296,80
superblock,oct-ea,1792,jpeg-residual-q80,image-residual,jpeg,7,802816,16,226145,301069,27.56984,23.60446,23.32712,0.7737471,80
superblock,oct-ea,1792,jpeg-residual-q80,image-residual,jpeg,8,3211264,49,818025,1119094,29.28634,27.95953,27.67235,0.9391471,80
superblock,oct-ea,1792,webp-replacement-q80,image-replacement,webp,4,12544,1,4332,4332,28.35338,18.4036,18.20518,0.2716302,80
superblock,oct-ea,1792,webp-replacement-q80,image-replacement,webp,5,50176,1,16642,20974,28.64839,19.55675,19.32413,0.3586503,80
superblock,oct-ea,1792,webp-replacement-q80,image-replacement,webp,6,200704,4,66300,87274,28.6603,21.18222,20.91858,0.5459399,80
superblock,oct-ea,1792,webp-replacement-q80,image-replacement,webp,7,802816,16,267142,354416,29.35595,23.91301,23.63216,0.783602,80
superblock,oct-ea,1792,webp-replacement-q80,image-replacement,webp,8,3211264,49,969992,1324408,31.10605,28.44993,28.1792,0.9418298,80
superblock,oct-ea,1792,jpeg-replacement-q90,image-replacement,jpeg,4,12544,1,6861,6861,28.62806,18.44288,18.24406,0.2722722,90
superblock,oct-ea,1792,jpeg-replacement-q90,image-replacement,jpeg,5,50176,1,25456,32317,28.8558,19.60725,19.37626,0.3620179,90
superblock,oct-ea,1792,jpeg-replacement-q90,image-replacement,jpeg,6,200704,4,100930,133247,28.91832,21.27011,21.00262,0.5542194,90
superblock,oct-ea,1792,jpeg-replacement-q90,image-replacement,jpeg,7,802816,16,398734,531981,29.56942,24.05754,23.76466,0.7930493,90
superblock,oct-ea,1792,jpeg-replacement-q90,image-replacement,jpeg,8,3211264,49,1464073,1996054,31.55515,28.8034,28.50117,0.9483743,90
superblock,oct-ea,1792,jpeg-residual-q90,image-residual,jpeg,4,12544,1,6861,6861,28.62806,18.44288,18.24406,0.2722722,90
superblock,oct-ea,1792,jpeg-residual-q90,image-residual,jpeg,5,50176,1,21172,28033,28.90777,19.61529,19.38402,0.3620971,90
superblock,oct-ea,1792,jpeg-residual-q90,image-residual,jpeg,6,200704,4,85017,113050,28.96985,21.28083,21.01341,0.5540787,90
superblock,oct-ea,1792,jpeg-residual-q90,image-residual,jpeg,7,802816,16,338513,451563,29.64109,24.08249,23.79198,0.7929445,90
superblock,oct-ea,1792,jpeg-residual-q90,image-residual,jpeg,8,3211264,49,1227254,1678817,31.66822,28.87531,28.58305,0.9483518,90
superblock,oct-ea,1792,webp-replacement-q90,image-replacement,webp,4,12544,1,6310,6310,29.45202,18.48018,18.28026,0.2740081,90
superblock,oct-ea,1792,webp-replacement-q90,image-replacement,webp,5,50176,1,23790,30100,29.67072,19.64469,19.40862,0.3641497,90
superblock,oct-ea,1792,webp-replacement-q90,image-replacement,webp,6,200704,4,94842,124942,29.74579,21.32005,21.04614,0.5555805,90
superblock,oct-ea,1792,webp-replacement-q90,image-replacement,webp,7,802816,16,379216,504158,30.52009,24.14274,23.84004,0.7933676,90
superblock,oct-ea,1792,webp-replacement-q90,image-replacement,webp,8,3211264,49,1401444,1905602,32.86351,29.00527,28.69063,0.9483222,90
northrop-mall,toast,2048,exact,exact,deflate,7,16384,1,49152,49152,,21.2487,18.86584,0.4870293,
northrop-mall,toast,2048,exact,exact,deflate,8,65536,1,196608,245760,,22.61196,20.19034,0.5656178,
northrop-mall,toast,2048,exact,exact,deflate,9,262144,4,786432,1032192,,24.47156,22.05228,0.7050865,
northrop-mall,toast,2048,exact,exact,deflate,10,1048576,16,3145728,4177920,,27.49748,25.13812,0.8630391,
northrop-mall,toast,2048,exact,exact,deflate,11,4194304,64,12582912,16760832,,32.61364,30.42703,0.9648725,
northrop-mall,toast,2048,haar-residual-d3,haar-residual,deflate,7,16384,1,45756,45756,56.86198,21.24666,18.86589,0.4870385,3
northrop-mall,toast,2048,haar-residual-d3,haar-residual,deflate,8,65536,1,94629,140385,54.30198,22.60597,20.19009,0.5656405,3
northrop-mall,toast,2048,haar-residual-d3,haar-residual,deflate,9,262144,4,286175,426560,51.19735,24.44107,22.05042,0.7049903,3
northrop-mall,toast,2048,haar-residual-d3,haar-residual,deflate,10,1048576,16,814725,1241285,47.08648,27.40378,25.12741,0.8624642,3
northrop-mall,toast,2048,haar-residual-d3,haar-residual,deflate,11,4194304,64,2100167,3341452,42.95046,32.24588,30.3368,0.9632002,3
northrop-mall,toast,2048,haar-replacement-d3,haar-replacement,deflate,7,16384,1,19892,19892,41.295,21.10631,18.85315,0.4865153,3
northrop-mall,toast,2048,haar-replacement-d3,haar-replacement,deflate,8,65536,1,69585,89477,41.67968,22.45707,20.17529,0.5646357,3
northrop-mall,toast,2048,haar-replacement-d3,haar-replacement,deflate,9,262144,4,259662,349139,41.98459,24.30433,22.03202,0.703632,3
northrop-mall,toast,2048,haar-replacement-d3,haar-replacement,deflate,10,1048576,16,947794,1296933,42.34585,27.28334,25.10237,0.8611475,3
northrop-mall,toast,2048,haar-replacement-d3,haar-replacement,deflate,11,4194304,64,3388965,4685898,42.9545,32.24798,30.3385,0.9631974,3
northrop-mall,toast,2048,haar-residual-d3-p0.5,haar-residual,deflate,7,16384,1,29941,29941,49.42841,21.21333,18.86388,0.4869974,3
northrop-mall,toast,2048,haar-residual-d3-p0.5,haar-residual,deflate,8,65536,1,66636,96577,47.20336,22.52605,20.18606,0.5654515,3
northrop-mall,toast,2048,haar-residual-d3-p0.5,haar-residual,deflate,9,262144,4,218937,315514,44.99894,24.30869,22.04069,0.7044439,3
northrop-mall,toast,2048,haar-residual-d3-p0.5,haar-residual,deflate,10,1048576,16,704411,1019925,42.77378,27.18896,25.09843,0.8613739,3
northrop-mall,toast,2048,haar-residual-d3-p0.5,haar-residual,deflate,11,4194304,64,2100167,3120092,40.79838,31.88948,30.22901,0.9619381,3
northrop-mall,toast,2048,haar-residual-d6,haar-residual,deflate,7,16384,1,38305,38305,54.17479,21.24299,18.86553,0.4870414,6
northrop-mall,toast,2048,haar-residual-d6,haar-residual,deflate,8,65536,1,76003,114308,50.93612,22.58677,20.18912,0.5655763,6
northrop-mall,toast,2048,haar-residual-d6,haar-residual,deflate,9,262144,4,218937,333245,46.82002,24.39301,22.04652,0.7046455,6
northrop-mall,toast,2048,haar-residual-d6,haar-residual,deflate,10,1048576,16,600447,933692,42.34286,27.28286,25.10264,0.8611496,6
northrop-mall,toast,2048,haar-residual-d6,haar-residual,deflate,11,4194304,64,1506969,2440661,38.25565,31.9297,30.16201,0.9607901,6
northrop-mall,toast,2048,haar-replacement-d6,haar-replacement,deflate,7,16384,1,14756,14756,36.22365,20.95882,18.82605,0.4856154,6
northrop-mall,toast,2048,haar-replacement-d6,haar-replacement,deflate,8,65536,1,51835,66591,36.69325,22.31832,20.14118,0.5629897,6
northrop-mall,toast,2048,haar-replacement-d6,haar-replacement,deflate,9,262144,4,193412,260003,37.12088,24.16312,21.98578,0.701402,6
northrop-mall,toast,2048,haar-replacement-d6,haar-replacement,deflate,10,1048576,16,702328,962331,37.574,27.10874,25.02615,0.8588479,6
northrop-mall,toast,2048,haar-replacement-d6,haar-replacement,deflate,11,4194304,64,2484741,3447072,38.25787,31.9308,30.16358,0.9607905,6
northrop-mall,toast,2048,haar-residual-d6-p0.5,haar-residual,deflate,7,16384,1,23688,23688,44.53882,21.13774,18.85906,0.4868645,6
northrop-mall,toast,2048,haar-residual-d6-p0.5,haar-residual,deflate,8,65536,1,51241,74929,42.21194,22.40405,20.17414,0.5648931,6
northrop-mall,toast,2048,haar-residual-d6-p0.5,haar-residual,deflate,9,262144,4,166454,241383,39.96076,24.13301,22.01141,0.7028972,6
northrop-mall,toast,2048,haar-residual-d6-p0.5,haar-residual,deflate,10,1048576,16,514838,756221,37.82424,26.90977,25.00754,0.8583982,6
northrop-mall,toast,2048,haar-residual-d6-p0.5,haar-residual,deflate,11,4194304,64,1506969,2263190,35.97326,31.28311,29.83892,0.9577379,6
northrop-mall,toast,2048,haar-residual-d12,haar-residual,deflate,7,16384,1,31453,31453,50.74272,21.22982,18.86471,0.4869975,12
northrop-mall,toast,2048,haar-residual-d12,haar-residual,deflate,8,65536,1,58225,89678,46.51846,22.53965,20.18583,0.5653347,12
northrop-mall,toast,2048,haar-residual-d12,haar-residual,deflate,9,262144,4,166454,256132,41.98498,24.30382,22.03156,0.703629,12
northrop-mall,toast,2048,haar-residual-d12,haar-residual,deflate,10,1048576,16,436610,692742,37.57328,27.10904,25.02647,0.8588481,12
northrop-mall,toast,2048,haar-residual-d12,haar-residual,deflate,11,4194304,64,1017589,1710331,33.92657,31.37886,29.68755,0.9567633,12
northrop-mall,toast,2048,haar-replacement-d12,haar-replacement,deflate,7,16384,1,10316,10316,31.72513,20.65934,18.74103,0.4837026,12
northrop-mall,toast,2048,haar-replacement-d12,haar-replacement,deflate,8,65536,1,36155,46471,32.15498,22.0761,20.04246,0.5595951,12
northrop-mall,toast,2048,haar-replacement-d12,haar-replacement,deflate,9,262144,4,135771,182242,32.54129,23.91519,21.85264,0.6969336,12
northrop-mall,toast,2048,haar-replacement-d12,haar-replacement,deflate,10,1048576,16,497153,679395,33.07419,26.78829,24.8038,0.8538324,12
northrop-mall,toast,2048,haar-replacement-d12,haar-replacement,deflate,11,4194304,64,1749789,2429184,33.92804,31.38015,29.68949,0.9567668,12
northrop-mall,toast,2048,haar-residual-d12-p0.5,haar-residual,deflate,7,16384,1,18777,18777,39.32649,20.98014,18.84161,0.4863871,12
northrop-mall,toast,2048,haar-residual-d12-p0.5,haar-residual,deflate,8,65536,1,37816,56593,37.09439,22.18296,20.13567,0.5632428,12
northrop-mall,toast,2048,haar-residual-d12-p0.5,haar-residual,deflate,9,262144,4,119887,176480,34.97003,23.83673,21.91867,0.6993182,12
northrop-mall,toast,2048,haar-residual-d12-p0.5,haar-residual,deflate,10,1048576,16,362754,539234,33.04406,26.42339,24.7385,0.8525287,12
northrop-mall,toast,2048,haar-residual-d12-p0.5,haar-residual,deflate,11,4194304,64,1017589,1556823,31.46907,30.11682,28.85162,0.9498426,12
northrop-mall,toast,2048,haar-residual-d24,haar-residual,deflate,7,16384,1,24858,24858,46.17933,21.18427,18.86211,0.4869071,24
northrop-mall,toast,2048,haar-residual-d24,haar-residual,deflate,8,65536,1,44568,69426,41.67968,22.45707,20.17529,0.5646357,24
northrop-mall,toast,2048,haar-residual-d24,haar-residual,deflate,9,262144,4,119887,189313,37.12027,24.16192,21.98534,0.7014035,24
northrop-mall,toast,2048,haar-residual-d24,haar-residual,deflate,10,1048576,16,299163,488476,33.07479,26.78792,24.80418,0.8538277,24
northrop-mall,toast,2048,haar-residual-d24,haar-residual,deflate,11,4194304,64,625658,1114134,30.09057,30.31048,28.65433,0.9474919,24
northrop-mall,toast,2048,haar-replacement-d24,haar-replacement,deflate,7,16384,1,6656,6656,27.65928,20.26004,18.54926,0.4794611,24
northrop-mall,toast,2048,haar-replacement-d24,haar-replacement,deflate,8,65536,1,23311,29967,28.24073,21.61541,19.8091,0.5522405,24
northrop-mall,toast,2048,haar-replacement-d24,haar-replacement,deflate,9,262144,4,87010,116977,28.68226,23.44941,21.53425,0.6853154,24
northrop-mall,toast,2048,haar-replacement-d24,haar-replacement,deflate,10,1048576,16,321527,438504,29.19307,26.15609,24.28045,0.8418396,24
northrop-mall,toast,2048,haar-replacement-d24,haar-replacement,deflate,11,4194304,64,1151981,1590485,30.09241,30.31215,28.65591,0.9474885,24
northrop-mall,toast,2048,haar-residual-d24-p0.5,haar-residual,deflate,7,16384,1,13678,13678,34.13908,20.65376,18.78704,0.485192,24
northrop-mall,toast,2048,haar-residual-d24-p0.5,haar-residual,deflate,8,65536,1,26508,40186,32.13577,21.77576,20.01912,0.5599336,24
northrop-mall,toast,2048,haar-residual-d24-p0.5,haar-residual,deflate,9,262144,4,81406,121592,30.281,23.27407,21.65568,0.6923356,24
northrop-mall,toast,2048,haar-residual-d24-p0.5,haar-residual,deflate,10,1048576,16,234968,356560,28.66611,25.44537,24.0503,0.8398087,24
northrop-mall,toast,2048,haar-residual-d24-p0.5,haar-residual,deflate,11,4194304,64,625658,982218,27.39544,28.01207,26.94062,0.9318799,24
northrop-mall,toast,2048,jpeg-replacement-q50,image-replacement,jpeg,7,16384,1,3383,3383,24.81248,19.70726,18.08343,0.4678288,50
northrop-mall,toast,2048,jpeg-replacement-q50,image-replacement,jpeg,8,65536,1,11596,14979,25.60247,21.23388,19.33899,0.5241833,50
northrop-mall,toast,2048,jpeg-replacement-q50,image-replacement,jpeg,9,262144,4,44936,59915,25.88283,22.86426,20.92385,0.6484218,50
northrop-mall,toast,2048,jpeg-replacement-q50,image-replacement,jpeg,10,1048576,16,175543,235458,26.25217,25.28419,23.37604,0.8133695,50
northrop-mall,toast,2048,jpeg-replacement-q50,image-replacement,jpeg,11,4194304,64,656359,891817,27.65498,29.16745,27.47578,0.9381741,50
northrop-mall,toast,2048,jpeg-residual-q50,image-residual,jpeg,7,16384,1,3383,3383,24.81248,19.70726,18.08343,0.4678288,50
northrop-mall,toast,2048,jpeg-residual-q50,image-residual,jpeg,8,65536,1,9119,12502,25.6521,21.19288,19.34615,0.5238816,50
northrop-mall,toast,2048,jpeg-residual-q50,image-residual,jpeg,9,262144,4,35773,48275,25.90801,22.85062,20.92732,0.648351,50
northrop-mall,toast,2048,jpeg-residual-q50,image-residual,jpeg,10,1048576,16,141107,189382,26.28016,25.28536,23.38754,0.8132952,50
northrop-mall,toast,2048,jpeg-residual-q50,image-residual,jpeg,11,4194304,64,525785,715167,27.71431,29.20951,27.52877,0.9380888,50
northrop-mall,toast,2048,webp-replacement-q50,image-replacement,webp,7,16384,1,3502,3502,27.22397,20.27253,18.38777,0.4792248,50
northrop-mall,toast,2048,webp-replacement-q50,image-replacement,webp,8,65536,1,12350,15852,27.86166,21.68336,19.66101,0.5486489,50
northrop-mall,toast,2048,webp-replacement-q50,image-replacement,webp,9,262144,4,46744,62596,28.24387,23.42925,21.34252,0.6775996,50
northrop-mall,toast,2048,webp-replacement-q50,image-replacement,webp,10,1048576,16,191064,253660,29.18232,26.02638,24.0633,0.8363233,50
northrop-mall,toast,2048,webp-replacement-q50,image-replacement,webp,11,4194304,64,687056,940716,30.45046,30.07271,28.42143,0.9459038,50
northrop-mall,toast,2048,jpeg-replacement-q70,image-replacement,jpeg,7,16384,1,4621,4621,26.18224,20.04196,18.31086,0.4748736,70
northrop-mall,toast,2048,jpeg-replacement-q70,image-replacement,jpeg,8,65536,1,16192,20813,26.90228,21.53899,19.58316,0.5408806,70
northrop-mall,toast,2048,jpeg-replacement-q70,image-replacement,jpeg,9,262144,4,62889,83702,27.30098,23.28198,21.25743,0.6736162,70
northrop-mall,toast,2048,jpeg-replacement-q70,image-replacement,jpeg,10,1048576,16,243804,327506,27.82215,25.89027,23.89908,0.8362569,70
northrop-mall,toast,2048,jpeg-replacement-q70,image-replacement,jpeg,11,4194304,64,896303,1223809,29.31534,30.04399,28.25832,0.9497157,70
northrop-mall,toast,2048,jpeg-residual-q70,image-residual,jpeg,7,16384,1,4621,4621,26.18224,20.04196,18.31086,0.4748736,70
northrop-mall,toast,2048,jpeg-residual-q70,image-residual,jpeg,8,65536,1,12941,17562,26.92366,21.48536,19.58106,0.5404654,70
northrop-mall,toast,2048,jpeg-residual-q70,image-residual,jpeg,9,262144,4,50700,68262,27.31975,23.24437,21.25996,0.6735004,70
northrop-mall,toast,2048,jpeg-residual-q70,image-residual,jpeg,10,1048576,16,198750,267012,27.85492,25.88647,23.91103,0.8363412,70
northrop-mall,toast,2048,jpeg-residual-q70,image-residual,jpeg,11,4194304,64,726381,993393,29.38181,30.07452,28.31052,0.9498226,70
northrop-mall,toast,2048,webp-replacement-q70,image-replacement,webp,7,16384,1,4316,4316,28.17623,20.36469,18.46599,0.4817897,70
northrop-mall,toast,2048,webp-replacement-q70,image-replacement,webp,8,65536,1,15276,19592,28.96842,21.78591,19.7619,0.5543016,70
northrop-mall,toast,2048,webp-replacement-q70,image-replacement,webp,9,262144,4,57936,77528,29.49193,23.57765,21.48677,0.6862907,70
northrop-mall,toast,2048,webp-replacement-q70,image-replacement,webp,10,1048576,16,233878,311406,30.4401,26.25521,24.28202,0.8447873,70
northrop-mall,toast,2048,webp-replacement-q70,image-replacement,webp,11,4194304,64,842302,1153708,31.91633,30.54071,28.86866,0.9512492,70
northrop-mall,toast,2048,jpeg-replacement-q80,image-replacement,jpeg,7,16384,1,5837,5837,27.48695,20.26479,18.4407,0.4796797,80
northrop-mall,toast,2048,jpeg-replacement-q80,image-replacement,jpeg,8,65536,1,20847,26684,28.17254,21.78187,19.74076,0.5518919,80
northrop-mall,toast,2048,jpeg-replacement-q80,image-replacement,jpeg,9,262144,4,80069,106753,28.62883,23.52608,21.45971,0.6884594,80
northrop-mall,toast,2048,jpeg-replacement-q80,image-replacement,jpeg,10,1048576,16,308604,415357,29.29203,26.25259,24.21492,0.8479363,80
northrop-mall,toast,2048,jpeg-replacement-q80,image-replacement,jpeg,11,4194304,64,1129711,1545068,30.88323,30.65661,28.80142,0.9555677,80
northrop-mall,toast,2048,jpeg-residual-q80,image-residual,jpeg,7,16384,1,5837,5837,27.48695,20.26479,18.4407,0.4796797,80
northrop-mall,toast,2048,jpeg-residual-q80,image-residual,jpeg,8,65536,1,16958,22795,28.2017,21.75395,19.74414,0.5519841,80
northrop-mall,toast,2048,jpeg-residual-q80,image-residual,jpeg,9,262144,4,65490,88285,28.65342,23.50105,21.46705,0.6885368,80
northrop-mall,toast,2048,jpeg-residual-q80,image-residual,jpeg,10,1048576,16,254867,343152,29.3155,26.22837,24.22505,0.8477278,80
northrop-mall,toast,2048,jpeg-residual-q80,image-residual,jpeg,11,4194304,64,928815,1271967,30.92472,30.61739,28.8322,0.9553777,80
northrop-mall,toast,2048,webp-replacement-q80,image-replacement,webp,7,16384,1,5302,5302,29.18413,20.4702,18.5321,0.4838985,80
northrop-mall,toast,2048,webp-replacement-q80,image-replacement,webp,8,65536,1,18754,24056,30.01696,21.91754,19.84042,0.5584302,80
northrop-mall,toast,2048,webp-replacement-q80,image-replacement,webp,9,262144,4,71648,95704,30.57962,23.68971,21.59428,0.693164,80
northrop-mall,toast,2048,webp-replacement-q80,image-replacement,webp,10,1048576,16,285648,381352,31.6288,26.44629,24.44897,0.8505744,80
northrop-mall,toast,2048,webp-replacement-q80,image-replacement,webp,11,4194304,64,1032512,1413864,33.38373,30.90568,29.21779,0.9550654,80
northrop-mall,toast,2048,jpeg-replacement-q90,image-replacement,jpeg,7,16384,1,8238,8238,29.59738,20.57391,18.58155,0.4847719,90
northrop-mall,toast,2048,jpeg-replacement-q90,image-replacement,jpeg,8,65536,1,29878,38116,30.36911,22.00827,19.88709,0.561255,90
northrop-mall,toast,2048,jpeg-replacement-q90,image-replacement,jpeg,9,262144,4,114135,152251,30.95299,23.82761,21.66352,0.6996421,90
northrop-mall,toast,2048,jpeg-replacement-q90,image-replacement,jpeg,10,1048576,16,439617,591868,31.83327,26.65758,24.54459,0.8572098,90
northrop-mall,toast,2048,jpeg-replacement-q90,image-replacement,jpeg,11,4194304,64,1625784,2217652,33.81553,31.36248,29.4497,0.9607849,90
northrop-mall,toast,2048,jpeg-residual-q90,image-residual,jpeg,7,16384,1,8238,8238,29.59738,20.57391,18.58155,0.4847719,90
northrop-mall,toast,2048,jpeg-residual-q90,image-residual,jpeg,8,65536,1,25144,33382,30.45267,21.99748,19.89685,0.5613441,90
northrop-mall,toast,2048,jpeg-residual-q90,image-residual,jpeg,9,262144,4,96572,129954,30.99089,23.79737,21.67016,0.6994944,90
northrop-mall,toast,2048,jpeg-residual-q90,image-residual,jpeg,10,1048576,16,375450,505404,31.88492,26.61363,24.55582,0.8570722,90
northrop-mall,toast,2048,jpeg-residual-q90,image-residual,jpeg,11,4194304,64,1379242,1884646,33.89361,31.30561,29.48858,0.9606652,90
northrop-mall,toast,2048,webp-replacement-q90,image-replacement,webp,7,16384,1,7318,7318,30.36328,20.60847,18.59585,0.485516,90
northrop-mall,toast,2048,webp-replacement-q90,image-replacement,webp,8,65536,1,26202,33520,31.30216,22.04646,19.90854,0.5620072,90
northrop-mall,toast,2048,webp-replacement-q90,image-replacement,webp,9,262144,4,101156,134676,31.9853,23.8401,21.69356,0.6989081,90
northrop-mall,toast,2048,webp-replacement-q90,image-replacement,webp,10,1048576,16,399754,534430,33.08549,26.64234,24.59708,0.855887,90
northrop-mall,toast,2048,webp-replacement-q90,image-replacement,webp,11,4194304,64,1463176,1997606,35.46198,31.30879,29.5677,0.9591144,90
walter-study,toast,2048,exact,exact,deflate,7,16384,1,49152,49152,,18.67401,18.53061,0.3573801,
walter-study,toast,2048,exact,exact,deflate,8,65536,1,196608,245760,,20.79957,20.69797,0.4937166,
walter-study,toast,2048,exact,exact,deflate,9,262144,4,786432,1032192,,23.42383,23.35123,0.6821695,
walter-study,toast,2048,exact,exact,deflate,10,1048576,16,3145728,4177920,,27.12986,27.05,0.8603242,
walter-study,toast,2048,exact,exact,deflate,11,4194304,64,12582912,16760832,,32.79342,32.68518,0.9654018,
walter-study,toast,2048,haar-residual-d3,haar-residual,deflate,7,16384,1,50554,50554,56.60891,18.67399,18.5306,0.3573706,3
walter-study,toast,2048,haar-residual-d3,haar-residual,deflate,8,65536,1,112864,163418,54.07442,20.79916,20.69758,0.4937163,3
walter-study,toast,2048,haar-residual-d3,haar-residual,deflate,9,262144,4,351610,515028,50.61825,23.42134,23.34887,0.6821135,3
walter-study,toast,2048,haar-residual-d3,haar-residual,deflate,10,1048576,16,956274,1471302,46.07876,27.10979,27.03075,0.8601069,3
walter-study,toast,2048,haar-residual-d3,haar-residual,deflate,11,4194304,64,2118146,3589448,42.10432,32.60893,32.51115,0.964623,3
walter-study,toast,2048,haar-replacement-d3,haar-replacement,deflate,7,16384,1,24135,24135,40.24894,18.65755,18.51508,0.3572664,3
walter-study,toast,2048,haar-replacement-d3,haar-replacement,deflate,8,65536,1,88558,112693,40.39685,20.77578,20.67549,0.4932701,3
walter-study,toast,2048,haar-replacement-d3,haar-replacement,deflate,9,262144,4,322875,435568,40.71066,23.38416,23.31295,0.6813149,3
walter-study,toast,2048,haar-replacement-d3,haar-replacement,deflate,10,1048576,16,1117872,1553440,41.19597,27.05314,26.97617,0.8593828,3
walter-study,toast,2048,haar-replacement-d3,haar-replacement,deflate,11,4194304,64,3655207,5208647,42.10656,32.60673,32.50871,0.9646228,3
walter-study,toast,2048,haar-residual-d3-p0.5,haar-residual,deflate,7,16384,1,35025,35025,49.31541,18.67254,18.52932,0.3573942,3
walter-study,toast,2048,haar-residual-d3-p0.5,haar-residual,deflate,8,65536,1,85344,120369,46.80102,20.79391,20.6926,0.4936492,3
walter-study,toast,2048,haar-residual-d3-p0.5,haar-residual,deflate,9,262144,4,278257,398626,44.22002,23.40477,23.33296,0.6818821,3
walter-study,toast,2048,haar-residual-d3-p0.5,haar-residual,deflate,10,1048576,16,823608,1222234,41.76749,27.0494,26.97262,0.8595422,3
walter-study,toast,2048,haar-residual-d3-p0.5,haar-residual,deflate,11,4194304,64,2118146,3340380,39.86371,32.36745,32.28061,0.9639337,3
walter-study,toast,2048,haar-residual-d6,haar-residual,deflate,7,16384,1,43067,43067,54.05217,18.67381,18.53047,0.3573936,6
walter-study,toast,2048,haar-residual-d6,haar-residual,deflate,8,65536,1,93980,137047,50.57022,20.79833,20.69684,0.4936979,6
walter-study,toast,2048,haar-residual-d6,haar-residual,deflate,9,262144,4,278257,415304,45.86855,23.41428,23.34207,0.6819691,6
walter-study,toast,2048,haar-residual-d6,haar-residual,deflate,10,1048576,16,692735,1108039,41.19609,27.05367,26.9768,0.8593842,6
walter-study,toast,2048,haar-residual-d6,haar-residual,deflate,11,4194304,64,1406409,2514448,37.86004,32.24223,32.16434,0.9627867,6
walter-study,toast,2048,haar-replacement-d6,haar-replacement,deflate,7,16384,1,18351,18351,35.04808,18.61903,18.47834,0.3567146,6
walter-study,toast,2048,haar-replacement-d6,haar-replacement,deflate,8,65536,1,65507,83858,35.36531,20.71418,20.61609,0.4918049,6
walter-study,toast,2048,haar-replacement-d6,haar-replacement,deflate,9,262144,4,233692,317550,35.8738,23.28522,23.21715,0.6788786,6
walter-study,toast,2048,haar-replacement-d6,haar-replacement,deflate,10,1048576,16,790031,1107581,36.66133,26.87669,26.80759,0.8567342,6
walter-study,toast,2048,haar-replacement-d6,haar-replacement,deflate,11,4194304,64,2564652,3672233,37.86076,32.23991,32.16179,0.9627841,6
walter-study,toast,2048,haar-residual-d6-p0.5,haar-residual,deflate,7,16384,1,28826,28826,44.06168,18.66834,18.52554,0.3573962,6
walter-study,toast,2048,haar-residual-d6-p0.5,haar-residual,deflate,8,65536,1,67319,96145,41.32948,20.77821,20.67777,0.493421,6
walter-study,toast,2048,haar-residual-d6-p0.5,haar-residual,deflate,9,262144,4,209962,306107,38.81176,23.34958,23.27959,0.6809259,6
walter-study,toast,2048,haar-residual-d6-p0.5,haar-residual,deflate,10,1048576,16,564013,870120,36.70783,26.84096,26.77191,0.8571964,6
walter-study,toast,2048,haar-residual-d6-p0.5,haar-residual,deflate,11,4194304,64,1406409,2276529,35.23569,31.50789,31.45452,0.960189,6
walter-study,toast,2048,haar-residual-d12,haar-residual,deflate,7,16384,1,36429,36429,50.57914,18.67315,18.52988,0.3573733,12
walter-study,toast,2048,haar-residual-d12,haar-residual,deflate,8,65536,1,76421,112850,45.73557,20.79333,20.69206,0.4935937,12
walter-study,toast,2048,haar-residual-d12,haar-residual,deflate,9,262144,4,209962,322812,40.71053,23.38456,23.3134,0.6813154,12
walter-study,toast,2048,haar-residual-d12,haar-residual,deflate,10,1048576,16,457336,780148,36.66139,26.87721,26.8082,0.8567337,12
walter-study,toast,2048,haar-residual-d12,haar-residual,deflate,11,4194304,64,898746,1678894,33.92613,31.40216,31.35649,0.9567242,12
walter-study,toast,2048,haar-replacement-d12,haar-replacement,deflate,7,16384,1,12582,12582,30.35008,18.494,18.35317,0.3550938,12
walter-study,toast,2048,haar-replacement-d12,haar-replacement,deflate,8,65536,1,44702,57284,30.84983,20.53216,20.43663,0.4867362,12
walter-study,toast,2048,haar-replacement-d12,haar-replacement,deflate,9,262144,4,157792,215076,31.56747,23.01568,22.9543,0.6708821,12
walter-study,toast,2048,haar-replacement-d12,haar-replacement,deflate,10,1048576,16,528000,743076,32.58701,26.43331,26.38045,0.848173,12
walter-study,toast,2048,haar-replacement-d12,haar-replacement,deflate,11,4194304,64,1728341,2471417,33.92624,31.39997,31.3541,0.9567264,12
walter-study,toast,2048,haar-residual-d12-p0.5,haar-residual,deflate,7,16384,1,23130,23130,38.46712,18.64371,18.50235,0.3572274,12
walter-study,toast,2048,haar-residual-d12-p0.5,haar-residual,deflate,8,65536,1,50138,73268,35.93191,20.71303,20.61573,0.4924214,12
walter-study,toast,2048,haar-residual-d12-p0.5,haar-residual,deflate,9,262144,4,141383,214651,33.76152,23.15742,23.09348,0.6773714,12
walter-study,toast,2048,haar-residual-d12-p0.5,haar-residual,deflate,10,1048576,16,366620,581271,32.11155,26.24927,26.20077,0.8492159,12
walter-study,toast,2048,haar-residual-d12-p0.5,haar-residual,deflate,11,4194304,64,898746,1480017,30.97382,29.73374,29.71523,0.947995,12
walter-study,toast,2048,haar-residual-d24,haar-residual,deflate,7,16384,1,30135,30135,45.66432,18.67094,18.52791,0.3573776,24
walter-study,toast,2048,haar-residual-d24,haar-residual,deflate,8,65536,1,58786,88921,40.39685,20.77578,20.67549,0.4932701,24
walter-study,toast,2048,haar-residual-d24,haar-residual,deflate,9,262144,4,141383,230304,35.87347,23.28559,23.21756,0.6788788,24
walter-study,toast,2048,haar-residual-d24,haar-residual,deflate,10,1048576,16,285349,515653,32.58695,26.43395,26.38112,0.8481747,24
walter-study,toast,2048,haar-residual-d24,haar-residual,deflate,11,4194304,64,542220,1057873,30.10456,29.8321,29.8112,0.9381877,24
walter-study,toast,2048,haar-replacement-d24,haar-replacement,deflate,7,16384,1,7660,7660,26.37847,18.16941,18.03002,0.3481236,24
walter-study,toast,2048,haar-replacement-d24,haar-replacement,deflate,8,65536,1,27500,35160,26.9784,20.10733,20.01388,0.4696232,24
walter-study,toast,2048,haar-replacement-d24,haar-replacement,deflate,9,262144,4,98081,133241,27.75251,22.42362,22.3686,0.6446897,24
walter-study,toast,2048,haar-replacement-d24,haar-replacement,deflate,10,1048576,16,334248,467489,28.82762,25.53863,25.50372,0.8219356,24
walter-study,toast,2048,haar-replacement-d24,haar-replacement,deflate,11,4194304,64,1106321,1573810,30.105,29.83081,29.80982,0.93819,24
walter-study,toast,2048,haar-residual-d24-p0.5,haar-residual,deflate,7,16384,1,17207,17207,33.19229,18.576,18.43624,0.3565194,24
walter-study,toast,2048,haar-residual-d24-p0.5,haar-residual,deflate,8,65536,1,33452,50659,30.96964,20.51837,20.42417,0.4886674,24
walter-study,toast,2048,haar-residual-d24-p0.5,haar-residual,deflate,9,262144,4,89563,140222,29.23951,22.64918,22.59443,0.6657207,24
walter-study,toast,2048,haar-residual-d24-p0.5,haar-residual,deflate,10,1048576,16,220372,360594,27.96166,25.01153,24.98234,0.8251153,24
walter-study,toast,2048,haar-residual-d24-p0.5,haar-residual,deflate,11,4194304,64,542220,902814,26.9643,27.09161,27.06749,0.9122948,24
walter-study,toast,2048,jpeg-replacement-q50,image-replacement,jpeg,7,16384,1,3939,3939,23.53427,17.66357,17.4964,0.3229979,50
walter-study,toast,2048,jpeg-replacement-q50,image-replacement,jpeg,8,65536,1,13790,17729,24.60561,19.47496,19.3651,0.4241253,50
walter-study,toast,2048,jpeg-replacement-q50,image-replacement,jpeg,9,262144,4,51015,68744,25.8041,21.65865,21.59891,0.5910345,50
walter-study,toast,2048,jpeg-replacement-q50,image-replacement,jpeg,10,1048576,16,183881,252625,27.2025,24.64413,24.60914,0.7850341,50
walter-study,toast,2048,jpeg-replacement-q50,image-replacement,jpeg,11,4194304,64,649801,902426,29.27691,29.18535,29.15441,0.9285681,50
walter-study,toast,2048,jpeg-residual-q50,image-residual,jpeg,7,16384,1,3939,3939,23.53427,17.66357,17.4964,0.3229979,50
walter-study,toast,2048,jpeg-residual-q50,image-residual,jpeg,8,65536,1,11057,14996,24.63965,19.48943,19.37915,0.4235829,50
walter-study,toast,2048,jpeg-residual-q50,image-residual,jpeg,9,262144,4,39992,54988,25.86358,21.68412,21.62382,0.5911453,50
walter-study,toast,2048,jpeg-residual-q50,image-residual,jpeg,10,1048576,16,143468,198456,27.25904,24.67438,24.6383,0.784995,50
walter-study,toast,2048,jpeg-residual-q50,image-residual,jpeg,11,4194304,64,502164,700620,29.33264,29.22944,29.1976,0.928633,50
walter-study,toast,2048,webp-replacement-q50,image-replacement,webp,7,16384,1,4368,4368,26.05004,18.02294,17.86025,0.3453364,50
walter-study,toast,2048,webp-replacement-q50,image-replacement,webp,8,65536,1,15296,19664,26.8764,19.90331,19.79619,0.462339,50
walter-study,toast,2048,webp-replacement-q50,image-replacement,webp,9,262144,4,53176,72840,28.00494,22.19784,22.14055,0.6318075,50
walter-study,toast,2048,webp-replacement-q50,image-replacement,webp,10,1048576,16,180056,252896,29.30535,25.31029,25.27514,0.8113934,50
walter-study,toast,2048,webp-replacement-q50,image-replacement,webp,11,4194304,64,580864,833760,31.02282,29.70986,29.68547,0.9337538,50
walter-study,toast,2048,jpeg-replacement-q70,image-replacement,jpeg,7,16384,1,5328,5328,24.86825,17.89381,17.73397,0.3350054,70
walter-study,toast,2048,jpeg-replacement-q70,image-replacement,jpeg,8,65536,1,19026,24354,25.90159,19.77729,19.67441,0.4474149,70
walter-study,toast,2048,jpeg-replacement-q70,image-replacement,jpeg,9,262144,4,70177,94531,27.12614,22.07661,22.01838,0.624201,70
walter-study,toast,2048,jpeg-replacement-q70,image-replacement,jpeg,10,1048576,16,253922,348453,28.6651,25.27305,25.23646,0.8140449,70
walter-study,toast,2048,jpeg-replacement-q70,image-replacement,jpeg,11,4194304,64,889613,1238066,30.92266,30.1406,30.10791,0.9443086,70
walter-study,toast,2048,jpeg-residual-q70,image-residual,jpeg,7,16384,1,5328,5328,24.86825,17.89381,17.73397,0.3350054,70
walter-study,toast,2048,jpeg-residual-q70,image-residual,jpeg,8,65536,1,15533,20861,25.94738,19.78315,19.67988,0.4471777,70
walter-study,toast,2048,jpeg-residual-q70,image-residual,jpeg,9,262144,4,56155,77016,27.17997,22.09075,22.03231,0.6240939,70
walter-study,toast,2048,jpeg-residual-q70,image-residual,jpeg,10,1048576,16,201747,278763,28.72316,25.2964,25.25958,0.8141044,70
walter-study,toast,2048,jpeg-residual-q70,image-residual,jpeg,11,4194304,64,698418,977181,30.9797,30.1848,30.15112,0.9443531,70
walter-study,toast,2048,webp-replacement-q70,image-replacement,webp,7,16384,1,5392,5392,27.02024,18.13239,17.97344,0.3499293,70
walter-study,toast,2048,webp-replacement-q70,image-replacement,webp,8,65536,1,18904,24296,27.88837,20.05627,19.94909,0.4723075,70
walter-study,toast,2048,webp-replacement-q70,image-replacement,webp,9,262144,4,66460,90756,29.13614,22.43418,22.37548,0.6491682,70
walter-study,toast,2048,webp-replacement-q70,image-replacement,webp,10,1048576,16,228482,319238,30.7172,25.71604,25.67673,0.8291258,70
walter-study,toast,2048,webp-replacement-q70,image-replacement,webp,11,4194304,64,739652,1058890,32.60479,30.42868,30.39728,0.945274,70
walter-study,toast,2048,jpeg-replacement-q80,image-replacement,jpeg,7,16384,1,6769,6769,26.08429,18.07249,17.9172,0.3452897,80
walter-study,toast,2048,jpeg-replacement-q80,image-replacement,jpeg,8,65536,1,24235,31004,27.10329,19.99817,19.89679,0.4647472,80
walter-study,toast,2048,jpeg-replacement-q80,image-replacement,jpeg,9,262144,4,89442,120446,28.35825,22.38071,22.32201,0.6468849,80
walter-study,toast,2048,jpeg-replacement-q80,image-replacement,jpeg,10,1048576,16,323123,443569,30.04774,25.71516,25.67595,0.8326153,80
walter-study,toast,2048,jpeg-replacement-q80,image-replacement,jpeg,11,4194304,64,1123754,1567323,32.43595,30.80508,30.76881,0.9530686,80
walter-study,toast,2048,jpeg-residual-q80,image-residual,jpeg,7,16384,1,6769,6769,26.08429,18.07249,17.9172,0.3452897,80
walter-study,toast,2048,jpeg-residual-q80,image-residual,jpeg,8,65536,1,19988,26757,27.18011,20.01495,19.91344,0.4650225,80
walter-study,toast,2048,jpeg-residual-q80,image-residual,jpeg,9,262144,4,72530,99287,28.41242,22.40195,22.34299,0.6470833,80
walter-study,toast,2048,jpeg-residual-q80,image-residual,jpeg,10,1048576,16,260212,359499,30.10995,25.74261,25.70273,0.8327815,80
walter-study,toast,2048,jpeg-residual-q80,image-residual,jpeg,11,4194304,64,893479,1252978,32.49986,30.85535,30.81768,0.9531359,80
walter-study,toast,2048,webp-replacement-q80,image-replacement,webp,7,16384,1,6496,6496,27.81538,18.21001,18.05133,0.3526204,80
walter-study,toast,2048,webp-replacement-q80,image-replacement,webp,8,65536,1,23392,29888,28.86537,20.19022,20.08387,0.4813571,80
walter-study,toast,2048,webp-replacement-q80,image-replacement,webp,9,262144,4,82950,112838,30.25961,22.61793,22.55683,0.6617925,80
walter-study,toast,2048,webp-replacement-q80,image-replacement,webp,10,1048576,16,287130,399968,32.14483,26.03498,25.99013,0.8409797,80
walter-study,toast,2048,webp-replacement-q80,image-replacement,webp,11,4194304,64,940328,1340296,34.36836,31.04167,31.00181,0.9529478,80
walter-study,toast,2048,jpeg-replacement-q90,image-replacement,jpeg,7,16384,1,9678,9678,28.09567,18.26588,18.10993,0.3542126,90
walter-study,toast,2048,jpeg-replacement-q90,image-replacement,jpeg,8,65536,1,35439,45117,29.22033,20.26787,20.16506,0.4856125,90
walter-study,toast,2048,jpeg-replacement-q90,image-replacement,jpeg,9,262144,4,130726,175843,30.6003,22.73806,22.67541,0.6714324,90
walter-study,toast,2048,jpeg-replacement-q90,image-replacement,jpeg,10,1048576,16,471749,647592,32.71493,26.26234,26.21562,0.8516712,90
walter-study,toast,2048,jpeg-replacement-q90,image-replacement,jpeg,11,4194304,64,1627905,2275497,35.42861,31.62539,31.57669,0.9613628,90
walter-study,toast,2048,jpeg-residual-q90,image-residual,jpeg,7,16384,1,9678,9678,28.09567,18.26588,18.10993,0.3542126,90
walter-study,toast,2048,jpeg-residual-q90,image-residual,jpeg,8,65536,1,30118,39796,29.33693,20.28266,20.18039,0.4856995,90
walter-study,toast,2048,jpeg-residual-q90,image-residual,jpeg,9,262144,4,109044,148840,30.73169,22.76195,22.70028,0.671152,90
walter-study,toast,2048,jpeg-residual-q90,image-residual,jpeg,10,1048576,16,390472,539312,32.83813,26.29604,26.24865,0.8516788,90
walter-study,toast,2048,jpeg-residual-q90,image-residual,jpeg,11,4194304,64,1329055,1868367,35.52944,31.68622,31.63537,0.9613903,90
walter-study,toast,2048,webp-replacement-q90,image-replacement,webp,7,16384,1,9080,9080,28.84547,18.29044,18.13316,0.3556381,90
walter-study,toast,2048,webp-replacement-q90,image-replacement,webp,8,65536,1,32588,41668,30.1133,20.30777,20.20219,0.4881591,90
walter-study,toast,2048,webp-replacement-q90,image-replacement,webp,9,262144,4,118460,160128,31.7273,22.80337,22.73921,0.6740062,90
walter-study,toast,2048,webp-replacement-q90,image-replacement,webp,10,1048576,16,423986,584114,34.3768,26.37498,26.32359,0.8524509,90
walter-study,toast,2048,webp-replacement-q90,image-replacement,webp,11,4194304,64,1421554,2005668,37.5245,31.75927,31.70217,0.960503,90
bookstore,toast,2048,exact,exact,deflate,7,16384,1,49152,49152,,26.48995,23.84321,0.7439172,
bookstore,toast,2048,exact,exact,deflate,8,65536,1,196608,245760,,28.90997,26.45072,0.8059978,
bookstore,toast,2048,exact,exact,deflate,9,262144,4,786432,1032192,,31.89654,29.63838,0.8884631,
bookstore,toast,2048,exact,exact,deflate,10,1048576,16,3145728,4177920,,36.46985,34.35714,0.9578674,
bookstore,toast,2048,exact,exact,deflate,11,4194304,64,12582912,16760832,,43.17566,41.25872,0.9907236,
bookstore,toast,2048,haar-residual-d3,haar-residual,deflate,7,16384,1,39287,39287,56.72304,26.48813,23.84291,0.74391,3
bookstore,toast,2048,haar-residual-d3,haar-residual,deflate,8,65536,1,76361,115648,54.27745,28.90106,26.44881,0.8059729,3
bookstore,toast,2048,haar-residual-d3,haar-residual,deflate,9,262144,4,200542,316190,51.49331,31.85213,29.62912,0.8883533,3
bookstore,toast,2048,haar-residual-d3,haar-residual,deflate,10,1048576,16,433969,750159,48.42361,36.22893,34.28455,0.9570425,3
bookstore,toast,2048,haar-residual-d3,haar-residual,deflate,11,4194304,64,740440,1490599,45.98751,41.85922,40.63549,0.988385,3
bookstore,toast,2048,haar-replacement-d3,haar-replacement,deflate,7,16384,1,14579,14579,42.83471,26.38847,23.81322,0.7432623,3
bookstore,toast,2048,haar-replacement-d3,haar-replacement,deflate,8,65536,1,48339,62918,43.52952,28.74623,26.40549,0.8046352,3
bookstore,toast,2048,haar-replacement-d3,haar-replacement,deflate,9,262144,4,160675,223593,44.1172,31.6331,29.55162,0.8862427,3
bookstore,toast,2048,haar-replacement-d3,haar-replacement,deflate,10,1048576,16,505622,729215,44.83279,35.9379,34.15682,0.9552165,3
bookstore,toast,2048,haar-replacement-d3,haar-replacement,deflate,11,4194304,64,1515125,2244340,45.99996,41.86246,40.63448,0.9883865,3
bookstore,toast,2048,haar-residual-d3-p0.5,haar-residual,deflate,7,16384,1,24085,24085,49.73207,26.46121,23.83836,0.7438332,3
bookstore,toast,2048,haar-residual-d3-p0.5,haar-residual,deflate,8,65536,1,49327,73412,47.75753,28.82593,26.43346,0.8056918,3
bookstore,toast,2048,haar-residual-d3-p0.5,haar-residual,deflate,9,262144,4,137201,210613,45.93779,31.66579,29.57638,0.8874835,3
bookstore,toast,2048,haar-residual-d3-p0.5,haar-residual,deflate,10,1048576,16,344782,555395,44.37207,35.75581,34.09277,0.9554246,3
bookstore,toast,2048,haar-residual-d3-p0.5,haar-residual,deflate,11,4194304,64,740440,1295835,43.248,40.64799,39.81311,0.9865239,3
bookstore,toast,2048,haar-residual-d6,haar-residual,deflate,7,16384,1,32195,32195,54.14258,26.48457,23.8424,0.7438953,6
bookstore,toast,2048,haar-residual-d6,haar-residual,deflate,8,65536,1,57424,89619,51.20058,28.88207,26.4456,0.805871,6
bookstore,toast,2048,haar-residual-d6,haar-residual,deflate,9,262144,4,137201,226820,47.86572,31.77013,29.60596,0.8877769,6
bookstore,toast,2048,haar-residual-d6,haar-residual,deflate,10,1048576,16,273212,500032,44.82821,35.93651,34.15725,0.9552126,6
bookstore,toast,2048,haar-residual-d6,haar-residual,deflate,11,4194304,64,455033,955065,42.53562,40.89607,39.9205,0.985521,6
bookstore,toast,2048,haar-replacement-d6,haar-replacement,deflate,7,16384,1,10130,10130,38.54147,26.26315,23.76157,0.7420685,6
bookstore,toast,2048,haar-replacement-d6,haar-replacement,deflate,8,65536,1,33997,44127,39.45148,28.5919,26.32732,0.8019436,6
bookstore,toast,2048,haar-replacement-d6,haar-replacement,deflate,9,262144,4,111026,155153,40.34612,31.40058,29.43136,0.8824782,6
bookstore,toast,2048,haar-replacement-d6,haar-replacement,deflate,10,1048576,16,339173,494326,41.28204,35.50349,33.89431,0.9514126,6
bookstore,toast,2048,haar-replacement-d6,haar-replacement,deflate,11,4194304,64,978641,1472967,42.54176,40.89896,39.92001,0.9855229,6
bookstore,toast,2048,haar-residual-d6-p0.5,haar-residual,deflate,7,16384,1,18432,18432,45.32011,26.40517,23.82642,0.7436751,6
bookstore,toast,2048,haar-residual-d6-p0.5,haar-residual,deflate,8,65536,1,34514,52946,43.43137,28.6991,26.39707,0.804937,6
bookstore,toast,2048,haar-residual-d6-p0.5,haar-residual,deflate,9,262144,4,91826,144772,41.79136,31.39895,29.46787,0.8852607,6
bookstore,toast,2048,haar-residual-d6-p0.5,haar-residual,deflate,10,1048576,16,219288,364060,40.43552,35.10381,33.70094,0.9511653,6
bookstore,toast,2048,haar-residual-d6-p0.5,haar-residual,deflate,11,4194304,64,455033,819093,39.45828,38.96421,38.32118,0.9809507,6
bookstore,toast,2048,haar-residual-d12,haar-residual,deflate,7,16384,1,25165,25165,51.04931,26.47445,23.84045,0.7438504,12
bookstore,toast,2048,haar-residual-d12,haar-residual,deflate,8,65536,1,41385,66550,47.46924,28.83873,26.43408,0.8055234,12
bookstore,toast,2048,haar-residual-d12,haar-residual,deflate,9,262144,4,91826,158376,44.11376,31.63318,29.55237,0.8862401,12
bookstore,toast,2048,haar-residual-d12,haar-residual,deflate,10,1048576,16,175895,334271,41.2806,35.50377,33.89503,0.951405,12
bookstore,toast,2048,haar-residual-d12,haar-residual,deflate,11,4194304,64,277023,611294,39.13754,39.51448,38.69517,0.9793583,12
bookstore,toast,2048,haar-replacement-d12,haar-replacement,deflate,7,16384,1,6754,6754,34.48365,25.93653,23.63317,0.7381834,12
bookstore,toast,2048,haar-replacement-d12,haar-replacement,deflate,8,65536,1,22749,29503,35.44354,28.20634,26.13726,0.7939272,12
bookstore,toast,2048,haar-replacement-d12,haar-replacement,deflate,9,262144,4,74272,103775,36.56996,30.94824,29.14246,0.8720793,12
bookstore,toast,2048,haar-replacement-d12,haar-replacement,deflate,10,1048576,16,223899,327674,37.74818,34.76862,33.35464,0.9420308,12
bookstore,toast,2048,haar-replacement-d12,haar-replacement,deflate,11,4194304,64,630779,958453,39.14007,39.51705,38.69533,0.9793593,12
bookstore,toast,2048,haar-residual-d12-p0.5,haar-residual,deflate,7,16384,1,13428,13428,40.61736,26.26673,23.78609,0.7430473,12
bookstore,toast,2048,haar-residual-d12-p0.5,haar-residual,deflate,8,65536,1,23895,37323,38.99317,28.42827,26.29415,0.8027386,12
bookstore,toast,2048,haar-residual-d12-p0.5,haar-residual,deflate,9,262144,4,60769,98092,37.5906,30.88546,29.18951,0.8794898,12
bookstore,toast,2048,haar-residual-d12-p0.5,haar-residual,deflate,10,1048576,16,139844,237936,36.45878,33.95192,32.8343,0.9408169,12
bookstore,toast,2048,haar-residual-d12-p0.5,haar-residual,deflate,11,4194304,64,277023,514959,35.63071,36.50864,35.94179,0.9673661,12
bookstore,toast,2048,haar-residual-d24,haar-residual,deflate,7,16384,1,19688,19688,47.15852,26.44765,23.83518,0.7437388,24
bookstore,toast,2048,haar-residual-d24,haar-residual,deflate,8,65536,1,28455,48143,43.52952,28.74623,26.40549,0.8046352,24
bookstore,toast,2048,haar-residual-d24,haar-residual,deflate,9,262144,4,60769,108912,40.34583,31.40171,29.43216,0.8824735,24
bookstore,toast,2048,haar-residual-d24,haar-residual,deflate,10,1048576,16,109446,218358,37.74766,34.76863,33.35564,0.9420347,24
bookstore,toast,2048,haar-residual-d24,haar-residual,deflate,11,4194304,64,154682,373040,35.64289,37.49544,36.75157,0.9644631,24
bookstore,toast,2048,haar-replacement-d24,haar-replacement,deflate,7,16384,1,4331,4331,30.88726,25.47371,23.35086,0.7316097,24
bookstore,toast,2048,haar-replacement-d24,haar-replacement,deflate,8,65536,1,14538,18869,31.75715,27.52587,25.74591,0.7788125,24
bookstore,toast,2048,haar-replacement-d24,haar-replacement,deflate,9,262144,4,46964,65833,32.87565,30.05024,28.52647,0.847565,24
bookstore,toast,2048,haar-replacement-d24,haar-replacement,deflate,10,1048576,16,140874,206707,34.19024,33.47677,32.3015,0.9190598,24
bookstore,toast,2048,haar-replacement-d24,haar-replacement,deflate,11,4194304,64,389477,596184,35.64452,37.49679,36.75103,0.9644558,24
bookstore,toast,2048,haar-residual-d24-p0.5,haar-residual,deflate,7,16384,1,9127,9127,36.0145,25.9948,23.67385,0.7415702,24
bookstore,toast,2048,haar-residual-d24-p0.5,haar-residual,deflate,8,65536,1,15644,24771,34.61794,27.91951,26.02417,0.7965177,24
bookstore,toast,2048,haar-residual-d24-p0.5,haar-residual,deflate,9,262144,4,38469,63240,33.45348,29.93269,28.53267,0.8636274,24
bookstore,toast,2048,haar-residual-d24-p0.5,haar-residual,deflate,10,1048576,16,84244,147484,32.51663,32.07052,31.19042,0.913972,24
bookstore,toast,2048,haar-residual-d24-p0.5,haar-residual,deflate,11,4194304,64,154682,302166,31.77352,33.40898,32.80843,0.9337004,24
bookstore,toast,2048,jpeg-replacement-q50,image-replacement,jpeg,7,16384,1,2709,2709,28.8587,25.23001,23.00262,0.7194626,50
bookstore,toast,2048,jpeg-replacement-q50,image-replacement,jpeg,8,65536,1,8464,11173,30.10195,27.369,25.31747,0.7590696,50
bookstore,toast,2048,jpeg-replacement-q50,image-replacement,jpeg,9,262144,4,27893,39066,31.55561,29.83677,28.01239,0.8303358,50
bookstore,toast,2048,jpeg-replacement-q50,image-replacement,jpeg,10,1048576,16,89823,128889,33.37227,33.09949,31.65857,0.9122672,50
bookstore,toast,2048,jpeg-replacement-q50,image-replacement,jpeg,11,4194304,64,271323,400212,36.17699,37.47537,36.56476,0.9684266,50
bookstore,toast,2048,jpeg-residual-q50,image-residual,jpeg,7,16384,1,2709,2709,28.8587,25.23001,23.00262,0.7194626,50
bookstore,toast,2048,jpeg-residual-q50,image-residual,jpeg,8,65536,1,6583,9292,30.11899,27.3677,25.32236,0.7585791,50
bookstore,toast,2048,jpeg-residual-q50,image-residual,jpeg,9,262144,4,21939,31231,31.5412,29.79819,28.00317,0.8292697,50
bookstore,toast,2048,jpeg-residual-q50,image-residual,jpeg,10,1048576,16,70609,101840,33.34478,33.03931,31.63137,0.9102803,50
bookstore,toast,2048,jpeg-residual-q50,image-residual,jpeg,11,4194304,64,212443,314283,36.1235,37.37154,36.50672,0.966803,50
bookstore,toast,2048,webp-replacement-q50,image-replacement,webp,7,16384,1,2272,2272,30.9903,25.50774,23.26393,0.7319263,50
bookstore,toast,2048,webp-replacement-q50,image-replacement,webp,8,65536,1,6898,9170,31.83853,27.56158,25.60022,0.7787954,50
bookstore,toast,2048,webp-replacement-q50,image-replacement,webp,9,262144,4,21148,30318,33.02238,30.02418,28.32994,0.8464855,50
bookstore,toast,2048,webp-replacement-q50,image-replacement,webp,10,1048576,16,62202,92520,34.59609,33.21173,31.96637,0.9158552,50
bookstore,toast,2048,webp-replacement-q50,image-replacement,webp,11,4194304,64,159634,252154,36.53705,37.13722,36.36778,0.9632923,50
bookstore,toast,2048,jpeg-replacement-q70,image-replacement,jpeg,7,16384,1,3649,3649,30.46056,25.59562,23.27923,0.7257853,70
bookstore,toast,2048,jpeg-replacement-q70,image-replacement,jpeg,8,65536,1,11691,15340,31.61798,27.81313,25.67699,0.7721405,70
bookstore,toast,2048,jpeg-replacement-q70,image-replacement,jpeg,9,262144,4,38557,53897,33.10771,30.3772,28.49467,0.8481258,70
bookstore,toast,2048,jpeg-replacement-q70,image-replacement,jpeg,10,1048576,16,123001,176898,34.92985,33.9093,32.38507,0.9275999,70
bookstore,toast,2048,jpeg-replacement-q70,image-replacement,jpeg,11,4194304,64,369205,546103,37.85387,38.72532,37.72952,0.9768354,70
bookstore,toast,2048,jpeg-residual-q70,image-residual,jpeg,7,16384,1,3649,3649,30.46056,25.59562,23.27923,0.7257853,70
bookstore,toast,2048,jpeg-residual-q70,image-residual,jpeg,8,65536,1,9302,12951,31.63534,27.80789,25.67623,0.7719434,70
bookstore,toast,2048,jpeg-residual-q70,image-residual,jpeg,9,262144,4,30832,43783,33.10612,30.37191,28.49467,0.8473039,70
bookstore,toast,2048,jpeg-residual-q70,image-residual,jpeg,10,1048576,16,98017,141800,34.91273,33.89868,32.37164,0.9266546,70
bookstore,toast,2048,jpeg-residual-q70,image-residual,jpeg,11,4194304,64,293414,435214,37.83989,38.72414,37.71651,0.9763365,70
bookstore,toast,2048,webp-replacement-q70,image-replacement,webp,7,16384,1,2834,2834,32.31673,25.70302,23.39977,0.734463,70
bookstore,toast,2048,webp-replacement-q70,image-replacement,webp,8,65536,1,8730,11564,33.28334,27.8697,25.81042,0.7851416,70
bookstore,toast,2048,webp-replacement-q70,image-replacement,webp,9,262144,4,27114,38678,34.43395,30.39531,28.64106,0.8564933,70
bookstore,toast,2048,webp-replacement-q70,image-replacement,webp,10,1048576,16,78936,117614,35.97499,33.80785,32.50337,0.9268693,70
bookstore,toast,2048,webp-replacement-q70,image-replacement,webp,11,4194304,64,201518,319132,37.87756,38.07385,37.28906,0.9709722,70
bookstore,toast,2048,jpeg-replacement-q80,image-replacement,jpeg,7,16384,1,4562,4562,31.97916,25.83152,23.4423,0.7313033,80
bookstore,toast,2048,jpeg-replacement-q80,image-replacement,jpeg,8,65536,1,14890,19452,33.01954,28.06167,25.89098,0.7815329,80
bookstore,toast,2048,jpeg-replacement-q80,image-replacement,jpeg,9,262144,4,48836,68288,34.42727,30.69788,28.78341,0.8593829,80
bookstore,toast,2048,jpeg-replacement-q80,image-replacement,jpeg,10,1048576,16,156079,224367,36.24434,34.43954,32.87346,0.9367587,80
bookstore,toast,2048,jpeg-replacement-q80,image-replacement,jpeg,11,4194304,64,468662,693029,39.2069,39.50105,38.48272,0.9813221,80
bookstore,toast,2048,jpeg-residual-q80,image-residual,jpeg,7,16384,1,4562,4562,31.97916,25.83152,23.4423,0.7313033,80
bookstore,toast,2048,jpeg-residual-q80,image-residual,jpeg,8,65536,1,12039,16601,33.02946,28.06597,25.89491,0.781649,80
bookstore,toast,2048,jpeg-residual-q80,image-residual,jpeg,9,262144,4,39554,56155,34.40132,30.6879,28.7781,0.8585839,80
bookstore,toast,2048,jpeg-residual-q80,image-residual,jpeg,10,1048576,16,126565,182720,36.21007,34.41956,32.86203,0.9360913,80
bookstore,toast,2048,jpeg-residual-q80,image-residual,jpeg,11,4194304,64,376502,559222,39.13272,39.45625,38.44725,0.9808329,80
bookstore,toast,2048,webp-replacement-q80,image-replacement,webp,7,16384,1,3654,3654,33.88894,25.89579,23.52076,0.7372197,80
bookstore,toast,2048,webp-replacement-q80,image-replacement,webp,8,65536,1,11218,14872,34.85713,28.13517,25.99622,0.7917538,80
bookstore,toast,2048,webp-replacement-q80,image-replacement,webp,9,262144,4,34816,49688,35.97459,30.73173,28.90828,0.8655319,80
bookstore,toast,2048,webp-replacement-q80,image-replacement,webp,10,1048576,16,101912,151600,37.50171,34.32447,32.96319,0.9361358,80
bookstore,toast,2048,webp-replacement-q80,image-replacement,webp,11,4194304,64,260428,412028,39.37604,38.94,38.13749,0.9767839,80
bookstore,toast,2048,jpeg-replacement-q90,image-replacement,jpeg,7,16384,1,6554,6554,34.59618,26.09798,23.62017,0.737688,90
bookstore,toast,2048,jpeg-replacement-q90,image-replacement,jpeg,8,65536,1,21728,28282,35.65086,28.3619,26.12522,0.7937796,90
bookstore,toast,2048,jpeg-replacement-q90,image-replacement,jpeg,9,262144,4,72148,100430,36.96328,31.1281,29.1427,0.8741234,90
bookstore,toast,2048,jpeg-replacement-q90,image-replacement,jpeg,10,1048576,16,233490,333920,38.69678,35.12444,33.45435,0.9474997,90
bookstore,toast,2048,jpeg-replacement-q90,image-replacement,jpeg,11,4194304,64,711788,1045708,41.63385,40.70573,39.52156,0.9861537,90
bookstore,toast,2048,jpeg-residual-q90,image-residual,jpeg,7,16384,1,6554,6554,34.59618,26.09798,23.62017,0.737688,90
bookstore,toast,2048,jpeg-residual-q90,image-residual,jpeg,8,65536,1,18018,24572,35.61914,28.35743,26.12267,0.7938443,90
bookstore,toast,2048,jpeg-residual-q90,image-residual,jpeg,9,262144,4,60160,84732,36.91012,31.10797,29.13559,0.8738059,90
bookstore,toast,2048,jpeg-residual-q90,image-residual,jpeg,10,1048576,16,194769,279501,38.61143,35.07945,33.43956,0.9472206,90
bookstore,toast,2048,jpeg-residual-q90,image-residual,jpeg,11,4194304,64,588815,868316,41.43778,40.54109,39.45168,0.9859486,90
bookstore,toast,2048,webp-replacement-q90,image-replacement,webp,7,16384,1,5742,5742,36.68725,26.17424,23.66098,0.7411697,90
bookstore,toast,2048,webp-replacement-q90,image-replacement,webp,8,65536,1,17920,23662,37.51017,28.43769,26.17327,0.7995027,90
bookstore,toast,2048,webp-replacement-q90,image-replacement,webp,9,262144,4,56504,80166,38.66209,31.17589,29.19709,0.8783712,90
bookstore,toast,2048,webp-replacement-q90,image-replacement,webp,10,1048576,16,166384,246550,40.19506,35.10261,33.51576,0.9479337,90
bookstore,toast,2048,webp-replacement-q90,image-replacement,webp,11,4194304,64,440524,687074,42.19571,40.2173,39.30285,0.983585,90
gardens,toast,2048,exact,exact,deflate,7,16384,1,49152,49152,,20.63934,19.7864,0.4689994,
gardens,toast,2048,exact,exact,deflate,8,65536,1,196608,245760,,22.65734,21.32932,0.5810646,
gardens,toast,2048,exact,exact,deflate,9,262144,4,786432,1032192,,25.54691,23.62239,0.7513035,
gardens,toast,2048,exact,exact,deflate,10,1048576,16,3145728,4177920,,29.99754,27.47733,0.9065549,
gardens,toast,2048,exact,exact,deflate,11,4194304,64,12582912,16760832,,36.71625,33.81938,0.981534,
gardens,toast,2048,haar-residual-d3,haar-residual,deflate,7,16384,1,50056,50056,56.68361,20.63901,19.78624,0.4690076,3
gardens,toast,2048,haar-residual-d3,haar-residual,deflate,8,65536,1,107455,157511,54.09321,22.65586,21.32864,0.5810668,3
gardens,toast,2048,haar-residual-d3,haar-residual,deflate,9,262144,4,338889,496400,50.75984,25.53862,23.61956,0.7512402,3
gardens,toast,2048,haar-residual-d3,haar-residual,deflate,10,1048576,16,958618,1455018,46.37677,29.92186,27.45662,0.9061404,3
gardens,toast,2048,haar-residual-d3,haar-residual,deflate,11,4194304,64,2297132,3752150,42.05526,35.99673,33.61054,0.9803515,3
gardens,toast,2048,haar-replacement-d3,haar-replacement,deflate,7,16384,1,23773,23773,40.57585,20.61645,19.77045,0.4686784,3
gardens,toast,2048,haar-replacement-d3,haar-replacement,deflate,8,65536,1,85321,109094,40.81311,22.6175,21.30669,0.5801878,3
gardens,toast,2048,haar-replacement-d3,haar-replacement,deflate,9,262144,4,315043,424137,41.08977,25.46852,23.58773,0.7499159,3
gardens,toast,2048,haar-replacement-d3,haar-replacement,deflate,10,1048576,16,1129856,1553993,41.41762,29.77851,27.40591,0.9050287,3
gardens,toast,2048,haar-replacement-d3,haar-replacement,deflate,11,4194304,64,3801018,5355011,42.0601,36.00392,33.61488,0.9803498,3
gardens,toast,2048,haar-residual-d3-p0.5,haar-residual,deflate,7,16384,1,34414,34414,49.26338,20.63532,19.78406,0.4690147,3
gardens,toast,2048,haar-residual-d3-p0.5,haar-residual,deflate,8,65536,1,81091,115505,46.885,22.64382,21.32267,0.5809087,3
gardens,toast,2048,haar-residual-d3-p0.5,haar-residual,deflate,9,262144,4,268539,384044,44.42356,25.49209,23.60249,0.7507632,3
gardens,toast,2048,haar-residual-d3-p0.5,haar-residual,deflate,10,1048576,16,831510,1215554,42.03049,29.71469,27.39883,0.9052466,3
gardens,toast,2048,haar-residual-d3-p0.5,haar-residual,deflate,11,4194304,64,2297132,3512686,39.93672,35.2372,33.34913,0.9792658,3
gardens,toast,2048,haar-residual-d6,haar-residual,deflate,7,16384,1,42192,42192,54.16237,20.63877,19.78605,0.4690051,6
gardens,toast,2048,haar-residual-d6,haar-residual,deflate,8,65536,1,89503,131695,50.64681,22.65414,21.32757,0.5810335,6
gardens,toast,2048,haar-residual-d6,haar-residual,deflate,9,262144,4,268539,400234,46.15692,25.5207,23.61222,0.7509371,6
gardens,toast,2048,haar-residual-d6,haar-residual,deflate,10,1048576,16,719272,1119506,41.41452,29.77706,27.40476,0.9050326,6
gardens,toast,2048,haar-residual-d6,haar-residual,deflate,11,4194304,64,1550133,2669639,37.364,35.14906,33.18461,0.9783908,6
gardens,toast,2048,haar-replacement-d6,haar-replacement,deflate,7,16384,1,18418,18418,35.38647,20.55615,19.72761,0.4677447,6
gardens,toast,2048,haar-replacement-d6,haar-replacement,deflate,8,65536,1,63732,82150,35.76981,22.53253,21.25155,0.5776,6
gardens,toast,2048,haar-replacement-d6,haar-replacement,deflate,9,262144,4,234388,316538,36.11491,25.30602,23.50499,0.7463978,6
gardens,toast,2048,haar-replacement-d6,haar-replacement,deflate,10,1048576,16,826536,1143074,36.56083,29.41565,27.24492,0.9018668,6
gardens,toast,2048,haar-replacement-d6,haar-replacement,deflate,11,4194304,64,2720676,3863750,37.36662,35.15457,33.18924,0.9783931,6
gardens,toast,2048,haar-residual-d6-p0.5,haar-residual,deflate,7,16384,1,28240,28240,44.16255,20.62531,19.77722,0.4689344,6
gardens,toast,2048,haar-residual-d6-p0.5,haar-residual,deflate,8,65536,1,63640,91880,41.61746,22.61276,21.30607,0.5804927,6
gardens,toast,2048,haar-residual-d6-p0.5,haar-residual,deflate,9,262144,4,205955,297835,39.17365,25.37636,23.55351,0.7492965,6
gardens,toast,2048,haar-residual-d6-p0.5,haar-residual,deflate,10,1048576,16,610299,908134,36.90746,29.22847,27.20927,0.9020175,6
gardens,toast,2048,haar-residual-d6-p0.5,haar-residual,deflate,11,4194304,64,1550133,2458267,35.04664,33.68828,32.41472,0.9747656,6
gardens,toast,2048,haar-residual-d12,haar-residual,deflate,7,16384,1,35895,35895,50.55668,20.63808,19.78544,0.469011,12
gardens,toast,2048,haar-residual-d12,haar-residual,deflate,8,65536,1,72171,108066,45.95171,22.64583,21.32279,0.5808336,12
gardens,toast,2048,haar-residual-d12,haar-residual,deflate,9,262144,4,205955,314021,41.08975,25.46789,23.5874,0.7499143,12
gardens,toast,2048,haar-residual-d12,haar-residual,deflate,10,1048576,16,500103,814124,36.55924,29.41404,27.24365,0.9018638,12
gardens,toast,2048,haar-residual-d12,haar-residual,deflate,11,4194304,64,980918,1795042,33.15888,33.67318,32.15778,0.9729496,12
gardens,toast,2048,haar-replacement-d12,haar-replacement,deflate,7,16384,1,12808,12808,30.61773,20.39225,19.59891,0.4637562,12
gardens,toast,2048,haar-replacement-d12,haar-replacement,deflate,8,65536,1,44373,57181,31.05856,22.28314,21.08826,0.5697547,12
gardens,toast,2048,haar-replacement-d12,haar-replacement,deflate,9,262144,4,161311,218492,31.5218,24.89222,23.26534,0.7360233,12
gardens,toast,2048,haar-replacement-d12,haar-replacement,deflate,10,1048576,16,564507,782999,32.13313,28.61732,26.80343,0.8932947,12
gardens,toast,2048,haar-replacement-d12,haar-replacement,deflate,11,4194304,64,1844763,2627762,33.16097,33.67774,32.16249,0.9729519,12
gardens,toast,2048,haar-residual-d12-p0.5,haar-residual,deflate,7,16384,1,22816,22816,38.7603,20.59322,19.75535,0.4686252,12
gardens,toast,2048,haar-residual-d12-p0.5,haar-residual,deflate,8,65536,1,48056,70872,36.31473,22.51334,21.24885,0.5787795,12
gardens,toast,2048,haar-residual-d12-p0.5,haar-residual,deflate,9,262144,4,145639,216511,34.06192,25.04452,23.39228,0.7439833,12
gardens,toast,2048,haar-residual-d12-p0.5,haar-residual,deflate,10,1048576,16,407898,624409,32.06905,28.18505,26.66308,0.8922575,12
gardens,toast,2048,haar-residual-d12-p0.5,haar-residual,deflate,11,4194304,64,980918,1605327,30.59237,31.24332,30.45024,0.9619244,12
gardens,toast,2048,haar-residual-d24,haar-residual,deflate,7,16384,1,29634,29634,45.77821,20.63225,19.78166,0.4689535,24
gardens,toast,2048,haar-residual-d24,haar-residual,deflate,8,65536,1,56020,85654,40.81311,22.6175,21.30669,0.5801878,24
gardens,toast,2048,haar-residual-d24,haar-residual,deflate,9,262144,4,145639,231293,36.11537,25.30522,23.50461,0.7464001,24
gardens,toast,2048,haar-residual-d24,haar-residual,deflate,10,1048576,16,321492,552785,32.13175,28.61555,26.80207,0.893302,24
gardens,toast,2048,haar-residual-d24,haar-residual,deflate,11,4194304,64,557324,1110109,29.40434,31.43823,30.27367,0.9577072,24
gardens,toast,2048,haar-replacement-d24,haar-replacement,deflate,7,16384,1,7763,7763,26.46418,19.93837,19.24869,0.4534662,24
gardens,toast,2048,haar-replacement-d24,haar-replacement,deflate,8,65536,1,27029,34792,27.13397,21.71469,20.68697,0.5496931,24
gardens,toast,2048,haar-replacement-d24,haar-replacement,deflate,9,262144,4,98379,133171,27.66924,24.0364,22.70016,0.7086462,24
gardens,toast,2048,haar-replacement-d24,haar-replacement,deflate,10,1048576,16,350558,483729,28.34773,27.28045,25.85147,0.8690375,24
gardens,toast,2048,haar-replacement-d24,haar-replacement,deflate,11,4194304,64,1155909,1639638,29.40707,31.44306,30.27937,0.9576999,24
gardens,toast,2048,haar-residual-d24-p0.5,haar-residual,deflate,7,16384,1,17181,17181,33.40753,20.48389,19.67661,0.4673849,24
gardens,toast,2048,haar-residual-d24-p0.5,haar-residual,deflate,8,65536,1,32895,50076,31.24369,22.21365,21.06219,0.5726901,24
gardens,toast,2048,haar-residual-d24-p0.5,haar-residual,deflate,9,262144,4,94578,144654,29.30112,24.2426,22.92948,0.7281334,24
gardens,toast,2048,haar-residual-d24-p0.5,haar-residual,deflate,10,1048576,16,243975,388629,27.72125,26.40027,25.40532,0.8659085,24
gardens,toast,2048,haar-residual-d24-p0.5,haar-residual,deflate,11,4194304,64,557324,945953,26.56524,28.04135,27.49068,0.9277797,24
gardens,toast,2048,jpeg-replacement-q50,image-replacement,jpeg,7,16384,1,3879,3879,24.3532,19.28044,18.69805,0.4358019,50
gardens,toast,2048,jpeg-replacement-q50,image-replacement,jpeg,8,65536,1,13189,17068,24.9899,21.02205,20.0817,0.5181965,50
gardens,toast,2048,jpeg-replacement-q50,image-replacement,jpeg,9,262144,4,49232,66300,25.39589,23.20406,21.88703,0.6772061,50
gardens,toast,2048,jpeg-replacement-q50,image-replacement,jpeg,10,1048576,16,182838,249138,26.1578,26.2768,24.65205,0.8516755,50
gardens,toast,2048,jpeg-replacement-q50,image-replacement,jpeg,11,4194304,64,639064,888202,28.30745,30.63693,28.94382,0.958492,50
gardens,toast,2048,jpeg-residual-q50,image-residual,jpeg,7,16384,1,3879,3879,24.3532,19.28044,18.69805,0.4358019,50
gardens,toast,2048,jpeg-residual-q50,image-residual,jpeg,8,65536,1,10176,14055,25.03783,21.04284,20.09433,0.518725,50
gardens,toast,2048,jpeg-residual-q50,image-residual,jpeg,9,262144,4,38385,52440,25.44057,23.23543,21.90432,0.6771138,50
gardens,toast,2048,jpeg-residual-q50,image-residual,jpeg,10,1048576,16,142782,195222,26.20941,26.3097,24.68414,0.8519443,50
gardens,toast,2048,jpeg-residual-q50,image-residual,jpeg,11,4194304,64,488237,683459,28.40029,30.714,29.02793,0.9587354,50
gardens,toast,2048,webp-replacement-q50,image-replacement,webp,7,16384,1,4268,4268,26.46964,19.80066,19.09792,0.4558474,50
gardens,toast,2048,webp-replacement-q50,image-replacement,webp,8,65536,1,14596,18864,26.91374,21.55064,20.47463,0.5506022,50
gardens,toast,2048,webp-replacement-q50,image-replacement,webp,9,262144,4,53090,71954,27.37326,23.89675,22.41315,0.7091212,50
gardens,toast,2048,webp-replacement-q50,image-replacement,webp,10,1048576,16,197600,269554,28.36122,27.03641,25.46806,0.8703223,50
gardens,toast,2048,webp-replacement-q50,image-replacement,webp,11,4194304,64,632956,902510,30.03607,31.25082,29.90252,0.9602835,50
gardens,toast,2048,jpeg-replacement-q70,image-replacement,jpeg,7,16384,1,5275,5275,25.43756,19.59885,18.96958,0.4469668,70
gardens,toast,2048,jpeg-replacement-q70,image-replacement,jpeg,8,65536,1,18447,23722,26.16029,21.39757,20.38937,0.5422411,70
gardens,toast,2048,jpeg-replacement-q70,image-replacement,jpeg,9,262144,4,68672,92394,26.63457,23.70384,22.31118,0.7079084,70
gardens,toast,2048,jpeg-replacement-q70,image-replacement,jpeg,10,1048576,16,253534,345928,27.48612,27.04786,25.3206,0.8754741,70
gardens,toast,2048,jpeg-replacement-q70,image-replacement,jpeg,11,4194304,64,866207,1212135,29.71759,31.74516,29.9341,0.9685518,70
gardens,toast,2048,jpeg-residual-q70,image-residual,jpeg,7,16384,1,5275,5275,25.43756,19.59885,18.96958,0.4469668,70
gardens,toast,2048,jpeg-residual-q70,image-residual,jpeg,8,65536,1,14507,19782,26.22208,21.41976,20.4005,0.5419125,70
gardens,toast,2048,jpeg-residual-q70,image-residual,jpeg,9,262144,4,54524,74306,26.67637,23.73711,22.32641,0.7082772,70
gardens,toast,2048,jpeg-residual-q70,image-residual,jpeg,10,1048576,16,201202,275508,27.52841,27.07079,25.34125,0.8756205,70
gardens,toast,2048,jpeg-residual-q70,image-residual,jpeg,11,4194304,64,668127,943635,29.79636,31.80791,29.99562,0.9687577,70
gardens,toast,2048,webp-replacement-q70,image-replacement,webp,7,16384,1,5174,5174,27.50501,19.96554,19.22321,0.4592684,70
gardens,toast,2048,webp-replacement-q70,image-replacement,webp,8,65536,1,18358,23532,28.02339,21.7688,20.6391,0.561582,70
gardens,toast,2048,webp-replacement-q70,image-replacement,webp,9,262144,4,65894,89426,28.48234,24.19936,22.6374,0.7231672,70
gardens,toast,2048,webp-replacement-q70,image-replacement,webp,10,1048576,16,243454,332880,29.53374,27.55311,25.83391,0.8821771,70
gardens,toast,2048,webp-replacement-q70,image-replacement,webp,11,4194304,64,793236,1126116,31.40168,32.11358,30.62771,0.9673279,70
gardens,toast,2048,jpeg-replacement-q80,image-replacement,jpeg,7,16384,1,6648,6648,26.55161,19.82845,19.1442,0.4546799,80
gardens,toast,2048,jpeg-replacement-q80,image-replacement,jpeg,8,65536,1,23550,30198,27.22864,21.63678,20.58728,0.5577575,80
gardens,toast,2048,jpeg-replacement-q80,image-replacement,jpeg,9,262144,4,87589,117787,27.80059,24.06812,22.59117,0.7259102,80
gardens,toast,2048,jpeg-replacement-q80,image-replacement,jpeg,10,1048576,16,321914,439701,28.75048,27.58693,25.78674,0.8886555,80
gardens,toast,2048,jpeg-replacement-q80,image-replacement,jpeg,11,4194304,64,1086111,1525812,31.01898,32.59482,30.70127,0.9737917,80
gardens,toast,2048,jpeg-residual-q80,image-residual,jpeg,7,16384,1,6648,6648,26.55161,19.82845,19.1442,0.4546799,80
gardens,toast,2048,jpeg-residual-q80,image-residual,jpeg,8,65536,1,18822,25470,27.2862,21.66577,20.5999,0.557687,80
gardens,toast,2048,jpeg-residual-q80,image-residual,jpeg,9,262144,4,70530,96000,27.83318,24.08543,22.60568,0.7259146,80
gardens,toast,2048,jpeg-residual-q80,image-residual,jpeg,10,1048576,16,259107,355107,28.79451,27.61813,25.80728,0.8887527,80
gardens,toast,2048,jpeg-residual-q80,image-residual,jpeg,11,4194304,64,849727,1204834,31.09637,32.63044,30.75545,0.9737701,80
gardens,toast,2048,webp-replacement-q80,image-replacement,webp,7,16384,1,6316,6316,28.35065,20.05388,19.30751,0.4629988,80
gardens,toast,2048,webp-replacement-q80,image-replacement,webp,8,65536,1,22346,28662,28.96239,21.92596,20.76314,0.5687307,80
gardens,toast,2048,webp-replacement-q80,image-replacement,webp,9,262144,4,81576,110238,29.43052,24.42011,22.79704,0.7339005,80
gardens,toast,2048,webp-replacement-q80,image-replacement,webp,10,1048576,16,300664,410902,30.58764,28.00159,26.11855,0.8911278,80
gardens,toast,2048,webp-replacement-q80,image-replacement,webp,11,4194304,64,993286,1404188,32.80291,32.91617,31.24148,0.9722924,80
gardens,toast,2048,jpeg-replacement-q90,image-replacement,jpeg,7,16384,1,9557,9557,28.62924,20.1219,19.36668,0.4640477,90
gardens,toast,2048,jpeg-replacement-q90,image-replacement,jpeg,8,65536,1,34007,43564,29.24611,21.98558,20.82632,0.5723126,90
gardens,toast,2048,jpeg-replacement-q90,image-replacement,jpeg,9,262144,4,126166,169730,29.82458,24.52925,22.91027,0.7422153,90
gardens,toast,2048,jpeg-replacement-q90,image-replacement,jpeg,10,1048576,16,464382,634112,31.00308,28.31559,26.33067,0.900351,90
gardens,toast,2048,jpeg-replacement-q90,image-replacement,jpeg,11,4194304,64,1571553,2205665,33.5417,33.80917,31.75803,0.978639,90
gardens,toast,2048,jpeg-residual-q90,image-residual,jpeg,7,16384,1,9557,9557,28.62924,20.1219,19.36668,0.4640477,90
gardens,toast,2048,jpeg-residual-q90,image-residual,jpeg,8,65536,1,28091,37648,29.32775,21.99748,20.83649,0.5721462,90
gardens,toast,2048,jpeg-residual-q90,image-residual,jpeg,9,262144,4,104911,142559,29.89574,24.55628,22.926,0.7422054,90
gardens,toast,2048,jpeg-residual-q90,image-residual,jpeg,10,1048576,16,385969,528528,31.09558,28.35433,26.36234,0.9003418,90
gardens,toast,2048,jpeg-residual-q90,image-residual,jpeg,11,4194304,64,1277344,1805872,33.66925,33.8575,31.84128,0.978603,90
gardens,toast,2048,webp-replacement-q90,image-replacement,webp,7,16384,1,8912,8912,29.42966,20.18472,19.40316,0.4671902,90
gardens,toast,2048,webp-replacement-q90,image-replacement,webp,8,65536,1,31196,40108,30.10241,22.06708,20.86849,0.5756544,90
gardens,toast,2048,webp-replacement-q90,image-replacement,webp,9,262144,4,114978,155086,30.6329,24.66915,22.96319,0.7436833,90
gardens,toast,2048,webp-replacement-q90,image-replacement,webp,10,1048576,16,428592,583678,31.99272,28.52031,26.42127,0.8996431,90
gardens,toast,2048,webp-replacement-q90,image-replacement,webp,11,4194304,64,1451786,2035464,34.93289,33.98207,31.95547,0.9772123,90
stadium,toast,2048,exact,exact,deflate,7,16384,1,49152,49152,,25.35427,20.97313,0.5449487,
stadium,toast,2048,exact,exact,deflate,8,65536,1,196608,245760,,27.13347,22.55368,0.6118561,
stadium,toast,2048,exact,exact,deflate,9,262144,4,786432,1032192,,29.29236,24.43398,0.7252105,
stadium,toast,2048,exact,exact,deflate,10,1048576,16,3145728,4177920,,32.30291,27.24177,0.8594188,
stadium,toast,2048,exact,exact,deflate,11,4194304,64,12582912,16760832,,37.19861,32.20963,0.9596059,
stadium,toast,2048,haar-residual-d3,haar-residual,deflate,7,16384,1,43529,43529,56.89376,25.34913,20.97331,0.5449444,3
stadium,toast,2048,haar-residual-d3,haar-residual,deflate,8,65536,1,87966,131495,54.30784,27.1066,22.55323,0.6118605,3
stadium,toast,2048,haar-residual-d3,haar-residual,deflate,9,262144,4,249095,380590,51.38053,29.17874,24.43116,0.7250956,3
stadium,toast,2048,haar-residual-d3,haar-residual,deflate,10,1048576,16,656545,1037135,47.61465,31.8872,27.22734,0.8587867,3
stadium,toast,2048,haar-residual-d3,haar-residual,deflate,11,4194304,64,1620097,2657232,43.99713,35.93197,32.11729,0.958046,3
stadium,toast,2048,haar-replacement-d3,haar-replacement,deflate,7,16384,1,18073,18073,41.58746,24.93997,20.95729,0.5444732,3
stadium,toast,2048,haar-replacement-d3,haar-replacement,deflate,8,65536,1,61968,80041,42.13671,26.67387,22.5308,0.6107998,3
stadium,toast,2048,haar-replacement-d3,haar-replacement,deflate,9,262144,4,221019,301060,42.62546,28.69576,24.40179,0.7234859,3
stadium,toast,2048,haar-replacement-d3,haar-replacement,deflate,10,1048576,16,780236,1081296,43.13832,31.47793,27.19426,0.8574704,3
stadium,toast,2048,haar-replacement-d3,haar-replacement,deflate,11,4194304,64,2702146,3783442,44.00209,35.93704,32.11677,0.9580478,3
stadium,toast,2048,haar-residual-d3-p0.5,haar-residual,deflate,7,16384,1,27837,27837,49.50423,25.26036,20.97046,0.5448988,3
stadium,toast,2048,haar-residual-d3-p0.5,haar-residual,deflate,8,65536,1,59459,87296,47.36516,26.88737,22.54631,0.6116525,3
stadium,toast,2048,haar-residual-d3-p0.5,haar-residual,deflate,9,262144,4,186142,273438,45.30542,28.72697,24.41436,0.7244511,3
stadium,toast,2048,haar-residual-d3-p0.5,haar-residual,deflate,10,1048576,16,564880,838318,43.30052,31.16581,27.18334,0.8576299,3
stadium,toast,2048,haar-residual-d3-p0.5,haar-residual,deflate,11,4194304,64,1620097,2458415,41.59531,34.94399,31.96965,0.9566967,3
stadium,toast,2048,haar-residual-d6,haar-residual,deflate,7,16384,1,36221,36221,54.1645,25.34015,20.97293,0.5449493,6
stadium,toast,2048,haar-residual-d6,haar-residual,deflate,8,65536,1,68307,104528,50.99972,27.05344,22.55203,0.6117954,6
stadium,toast,2048,haar-residual-d6,haar-residual,deflate,9,262144,4,186142,290670,47.18719,28.9899,24.42459,0.7246829,6
stadium,toast,2048,haar-residual-d6,haar-residual,deflate,10,1048576,16,479740,770410,43.13719,31.47831,27.19435,0.8574694,6
stadium,toast,2048,haar-residual-d6,haar-residual,deflate,11,4194304,64,1143558,1913968,39.76174,35.24512,31.9506,0.9558413,6
stadium,toast,2048,haar-replacement-d6,haar-replacement,deflate,7,16384,1,13293,13293,36.89806,24.54997,20.91576,0.5433378,6
stadium,toast,2048,haar-replacement-d6,haar-replacement,deflate,8,65536,1,45270,58563,37.50534,26.25766,22.48501,0.6088038,6
stadium,toast,2048,haar-replacement-d6,haar-replacement,deflate,9,262144,4,159999,218562,38.14308,28.28898,24.3424,0.7210418,6
stadium,toast,2048,haar-replacement-d6,haar-replacement,deflate,10,1048576,16,560733,779295,38.83434,30.98681,27.10538,0.8547651,6
stadium,toast,2048,haar-replacement-d6,haar-replacement,deflate,11,4194304,64,1949312,2728607,39.76386,35.24613,31.94983,0.9558377,6
stadium,toast,2048,haar-residual-d6-p0.5,haar-residual,deflate,7,16384,1,21876,21876,44.66355,25.0413,20.96395,0.5447941,6
stadium,toast,2048,haar-residual-d6-p0.5,haar-residual,deflate,8,65536,1,45137,67013,42.49038,26.50032,22.52847,0.6111236,6
stadium,toast,2048,haar-residual-d6-p0.5,haar-residual,deflate,9,262144,4,136692,203705,40.45651,28.14513,24.36903,0.7227412,6
stadium,toast,2048,haar-residual-d6-p0.5,haar-residual,deflate,10,1048576,16,398535,602240,38.59904,30.35692,27.06112,0.8543629,6
stadium,toast,2048,haar-residual-d6-p0.5,haar-residual,deflate,11,4194304,64,1143558,1745798,37.10352,33.78401,31.53542,0.9523386,6
stadium,toast,2048,haar-residual-d12,haar-residual,deflate,7,16384,1,29231,29231,50.81917,25.30096,20.97184,0.5448795,12
stadium,toast,2048,haar-residual-d12,haar-residual,deflate,8,65536,1,51728,80959,46.80758,26.91839,22.54642,0.6115246,12
stadium,toast,2048,haar-residual-d12,haar-residual,deflate,9,262144,4,136692,217651,42.62535,28.69598,24.40202,0.7234877,12
stadium,toast,2048,haar-residual-d12,haar-residual,deflate,10,1048576,16,332161,549812,38.8324,30.98508,27.10546,0.8547655,12
stadium,toast,2048,haar-residual-d12,haar-residual,deflate,11,4194304,64,785106,1334918,35.72455,34.41929,31.54292,0.9512006,12
stadium,toast,2048,haar-replacement-d12,haar-replacement,deflate,7,16384,1,8997,8997,32.3652,23.95299,20.78853,0.5407034,12
stadium,toast,2048,haar-replacement-d12,haar-replacement,deflate,8,65536,1,30823,39820,33.17419,25.69066,22.35252,0.6047439,12
stadium,toast,2048,haar-replacement-d12,haar-replacement,deflate,9,262144,4,109215,149035,33.92323,27.68027,24.18391,0.715123,12
stadium,toast,2048,haar-replacement-d12,haar-replacement,deflate,10,1048576,16,386036,535071,34.67788,30.35827,26.88321,0.8490216,12
stadium,toast,2048,haar-replacement-d12,haar-replacement,deflate,11,4194304,64,1370961,1906032,35.72481,34.42054,31.54217,0.9512024,12
stadium,toast,2048,haar-residual-d12-p0.5,haar-residual,deflate,7,16384,1,16896,16896,39.55669,24.57962,20.93793,0.5442836,12
stadium,toast,2048,haar-residual-d12-p0.5,haar-residual,deflate,8,65536,1,31972,48868,37.55596,25.86184,22.46851,0.6091969,12
stadium,toast,2048,haar-residual-d12-p0.5,haar-residual,deflate,9,262144,4,95829,144697,35.72717,27.32643,24.23543,0.7185462,12
stadium,toast,2048,haar-residual-d12-p0.5,haar-residual,deflate,10,1048576,16,274150,418847,34.13289,29.29738,26.73258,0.8474165,12
stadium,toast,2048,haar-residual-d12-p0.5,haar-residual,deflate,11,4194304,64,785106,1203953,32.82981,32.14363,30.51732,0.9428438,12
stadium,toast,2048,haar-residual-d24,haar-residual,deflate,7,16384,1,22972,22972,46.45033,25.19542,20.96867,0.5448036,24
stadium,toast,2048,haar-residual-d24,haar-residual,deflate,8,65536,1,38609,61581,42.13671,26.67387,22.5308,0.6107998,24
stadium,toast,2048,haar-residual-d24,haar-residual,deflate,9,262144,4,95829,157410,38.1427,28.28772,24.34253,0.7210436,24
stadium,toast,2048,haar-residual-d24,haar-residual,deflate,10,1048576,16,221380,378790,34.67791,30.35813,26.88336,0.8490337,24
stadium,toast,2048,haar-residual-d24,haar-residual,deflate,11,4194304,64,498860,877650,31.59705,33.19195,30.62539,0.9389883,24
stadium,toast,2048,haar-replacement-d24,haar-replacement,deflate,7,16384,1,5528,5528,28.41613,23.17332,20.52843,0.535353,24
stadium,toast,2048,haar-replacement-d24,haar-replacement,deflate,8,65536,1,19336,24864,29.16983,24.88478,22.01206,0.5938449,24
stadium,toast,2048,haar-replacement-d24,haar-replacement,deflate,9,262144,4,69892,94756,29.94074,26.85369,23.79811,0.6992389,24
stadium,toast,2048,haar-replacement-d24,haar-replacement,deflate,10,1048576,16,251798,346554,30.75856,29.39792,26.3717,0.8319389,24
stadium,toast,2048,haar-replacement-d24,haar-replacement,deflate,11,4194304,64,913345,1259899,31.59788,33.19711,30.6256,0.9389822,24
stadium,toast,2048,haar-residual-d24-p0.5,haar-residual,deflate,7,16384,1,12257,12257,34.56659,23.80751,20.85388,0.5428303,24
stadium,toast,2048,haar-residual-d24-p0.5,haar-residual,deflate,8,65536,1,21994,34251,32.79875,24.93999,22.29864,0.604968,24
stadium,toast,2048,haar-residual-d24-p0.5,haar-residual,deflate,9,262144,4,62195,96446,31.24522,26.20345,23.88643,0.7095138,24
stadium,toast,2048,haar-residual-d24-p0.5,haar-residual,deflate,10,1048576,16,174963,271409,29.86098,27.7979,25.95631,0.830812,24
stadium,toast,2048,haar-residual-d24-p0.5,haar-residual,deflate,11,4194304,64,498860,770269,28.60386,29.77311,28.60351,0.9183739,24
stadium,toast,2048,jpeg-replacement-q50,image-replacement,jpeg,7,16384,1,3081,3081,26.31625,23.44018,20.17754,0.5260111,50
stadium,toast,2048,jpeg-replacement-q50,image-replacement,jpeg,8,65536,1,10227,13308,27.22559,25.04522,21.59866,0.5708986,50
stadium,toast,2048,jpeg-replacement-q50,image-replacement,jpeg,9,262144,4,37622,50930,27.88651,26.78288,23.2426,0.6644334,50
stadium,toast,2048,jpeg-replacement-q50,image-replacement,jpeg,10,1048576,16,142169,193099,28.30942,29.04575,25.5634,0.8012342,50
stadium,toast,2048,jpeg-replacement-q50,image-replacement,jpeg,11,4194304,64,544184,737283,29.29768,32.56246,29.65768,0.9260571,50
stadium,toast,2048,jpeg-residual-q50,image-residual,jpeg,7,16384,1,3081,3081,26.31625,23.44018,20.17754,0.5260111,50
stadium,toast,2048,jpeg-residual-q50,image-residual,jpeg,8,65536,1,7893,10974,27.2483,25.05788,21.60593,0.5709333,50
stadium,toast,2048,jpeg-residual-q50,image-residual,jpeg,9,262144,4,29085,40059,27.91237,26.80897,23.24825,0.6641693,50
stadium,toast,2048,jpeg-residual-q50,image-residual,jpeg,10,1048576,16,112121,152180,28.33291,29.09098,25.57129,0.8014238,50
stadium,toast,2048,jpeg-residual-q50,image-residual,jpeg,11,4194304,64,433387,585567,29.3221,32.62,29.66891,0.9258692,50
stadium,toast,2048,webp-replacement-q50,image-replacement,webp,7,16384,1,2792,2792,28.5729,23.73359,20.41827,0.535834,50
stadium,toast,2048,webp-replacement-q50,image-replacement,webp,8,65536,1,9262,12054,29.05216,25.43822,21.87181,0.5887399,50
stadium,toast,2048,webp-replacement-q50,image-replacement,webp,9,262144,4,33998,46052,29.71724,27.32998,23.61192,0.6888858,50
stadium,toast,2048,webp-replacement-q50,image-replacement,webp,10,1048576,16,140410,186462,30.90752,29.60106,26.18666,0.8256948,50
stadium,toast,2048,webp-replacement-q50,image-replacement,webp,11,4194304,64,535716,722178,31.99969,33.13099,30.39372,0.9363555,50
stadium,toast,2048,jpeg-replacement-q70,image-replacement,jpeg,7,16384,1,4149,4149,27.71621,23.82268,20.40289,0.5325572,70
stadium,toast,2048,jpeg-replacement-q70,image-replacement,jpeg,8,65536,1,14199,18348,28.57125,25.5429,21.88163,0.5853399,70
stadium,toast,2048,jpeg-replacement-q70,image-replacement,jpeg,9,262144,4,52293,70641,29.20028,27.39256,23.59496,0.6869177,70
stadium,toast,2048,jpeg-replacement-q70,image-replacement,jpeg,10,1048576,16,199490,270131,29.84974,29.81572,26.12322,0.8254168,70
stadium,toast,2048,jpeg-replacement-q70,image-replacement,jpeg,11,4194304,64,755057,1025188,31.04796,33.65058,30.54965,0.9409442,70
stadium,toast,2048,jpeg-residual-q70,image-residual,jpeg,7,16384,1,4149,4149,27.71621,23.82268,20.40289,0.5325572,70
stadium,toast,2048,jpeg-residual-q70,image-residual,jpeg,8,65536,1,11104,15253,28.60443,25.53796,21.88411,0.5850893,70
stadium,toast,2048,jpeg-residual-q70,image-residual,jpeg,9,262144,4,41247,56500,29.22071,27.39182,23.59759,0.6869654,70
stadium,toast,2048,jpeg-residual-q70,image-residual,jpeg,10,1048576,16,159570,216070,29.8657,29.86053,26.12488,0.8253171,70
stadium,toast,2048,jpeg-residual-q70,image-residual,jpeg,11,4194304,64,608360,824430,31.06921,33.71665,30.56119,0.9410286,70
stadium,toast,2048,webp-replacement-q70,image-replacement,webp,7,16384,1,3508,3508,29.7893,24.07949,20.54745,0.5393325,70
stadium,toast,2048,webp-replacement-q70,image-replacement,webp,8,65536,1,11932,15440,30.43503,25.7116,22.04757,0.5974624,70
stadium,toast,2048,webp-replacement-q70,image-replacement,webp,9,262144,4,43430,58870,31.22024,27.6552,23.82478,0.700949,70
stadium,toast,2048,webp-replacement-q70,image-replacement,webp,10,1048576,16,176988,235858,32.51353,29.99275,26.46548,0.8367259,70
stadium,toast,2048,webp-replacement-q70,image-replacement,webp,11,4194304,64,671310,907168,33.75768,33.7205,30.89161,0.943714,70
stadium,toast,2048,jpeg-replacement-q80,image-replacement,jpeg,7,16384,1,5226,5226,29.13146,24.16663,20.55098,0.5371754,80
stadium,toast,2048,jpeg-replacement-q80,image-replacement,jpeg,8,65536,1,18150,23376,29.90124,25.83959,22.05982,0.5955048,80
stadium,toast,2048,jpeg-replacement-q80,image-replacement,jpeg,9,262144,4,67598,90974,30.66508,27.80009,23.85357,0.7032369,80
stadium,toast,2048,jpeg-replacement-q80,image-replacement,jpeg,10,1048576,16,256951,347925,31.48784,30.3421,26.49974,0.8401709,80
stadium,toast,2048,jpeg-replacement-q80,image-replacement,jpeg,11,4194304,64,964320,1312245,32.79349,34.43873,31.11559,0.9490184,80
stadium,toast,2048,jpeg-residual-q80,image-residual,jpeg,7,16384,1,5226,5226,29.13146,24.16663,20.55098,0.5371754,80
stadium,toast,2048,jpeg-residual-q80,image-residual,jpeg,8,65536,1,14447,19673,29.92632,25.85085,22.06621,0.5953441,80
stadium,toast,2048,jpeg-residual-q80,image-residual,jpeg,9,262144,4,54226,73899,30.68002,27.75361,23.85589,0.7030015,80
stadium,toast,2048,jpeg-residual-q80,image-residual,jpeg,10,1048576,16,208676,282575,31.4975,30.28551,26.50038,0.8398504,80
stadium,toast,2048,jpeg-residual-q80,image-residual,jpeg,11,4194304,64,786260,1068835,32.80126,34.28999,31.11222,0.9486734,80
stadium,toast,2048,webp-replacement-q80,image-replacement,webp,7,16384,1,4402,4402,31.09768,24.19841,20.64369,0.5413983,80
stadium,toast,2048,webp-replacement-q80,image-replacement,webp,8,65536,1,15292,19694,31.87644,25.94284,22.16814,0.6027846,80
stadium,toast,2048,webp-replacement-q80,image-replacement,webp,9,262144,4,55644,75338,32.75491,27.80865,23.9802,0.7100044,80
stadium,toast,2048,webp-replacement-q80,image-replacement,webp,10,1048576,16,221722,297060,34.18465,30.31402,26.67945,0.8446344,80
stadium,toast,2048,webp-replacement-q80,image-replacement,webp,11,4194304,64,836372,1133432,35.64314,34.1951,31.2744,0.9487753,80
stadium,toast,2048,jpeg-replacement-q90,image-replacement,jpeg,7,16384,1,7550,7550,31.71784,24.48245,20.71414,0.5423874,90
stadium,toast,2048,jpeg-replacement-q90,image-replacement,jpeg,8,65536,1,26721,34271,32.62388,26.24271,22.26913,0.6072759,90
stadium,toast,2048,jpeg-replacement-q90,image-replacement,jpeg,9,262144,4,99422,133693,33.55761,28.25015,24.10943,0.7186,90
stadium,toast,2048,jpeg-replacement-q90,image-replacement,jpeg,10,1048576,16,376664,510357,34.72394,30.95639,26.85025,0.8532319,90
stadium,toast,2048,jpeg-replacement-q90,image-replacement,jpeg,11,4194304,64,1411266,1921623,36.34675,35.34398,31.66665,0.9559407,90
stadium,toast,2048,jpeg-residual-q90,image-residual,jpeg,7,16384,1,7550,7550,31.71784,24.48245,20.71414,0.5423874,90
stadium,toast,2048,jpeg-residual-q90,image-residual,jpeg,8,65536,1,22061,29611,32.6491,26.22462,22.27399,0.6073708,90
stadium,toast,2048,jpeg-residual-q90,image-residual,jpeg,9,262144,4,82447,112058,33.58293,28.18744,24.11411,0.7185637,90
stadium,toast,2048,jpeg-residual-q90,image-residual,jpeg,10,1048576,16,315149,427207,34.73417,30.81608,26.8514,0.8529582,90
stadium,toast,2048,jpeg-residual-q90,image-residual,jpeg,11,4194304,64,1186611,1613818,36.33207,35.04676,31.6684,0.9556869,90
stadium,toast,2048,webp-replacement-q90,image-replacement,webp,7,16384,1,6374,6374,32.93461,24.49892,20.72873,0.5432449,90
stadium,toast,2048,webp-replacement-q90,image-replacement,webp,8,65536,1,22792,29166,33.96621,26.23133,22.28741,0.6078537,90
stadium,toast,2048,webp-replacement-q90,image-replacement,webp,9,262144,4,83158,112324,35.10218,28.18769,24.13359,0.7180867,90
stadium,toast,2048,webp-replacement-q90,image-replacement,webp,10,1048576,16,327482,439806,36.87895,30.76583,26.88989,0.8518369,90
stadium,toast,2048,webp-replacement-q90,image-replacement,webp,11,4194304,64,1226232,1666038,39.09222,34.83921,31.69882,0.9538938,90
superblock,toast,2048,exact,exact,deflate,7,16384,1,49152,49152,,19.11491,18.90085,0.2875363,
superblock,toast,2048,exact,exact,deflate,8,65536,1,196608,245760,,20.46431,20.22058,0.4035944,
superblock,toast,2048,exact,exact,deflate,9,262144,4,786432,1032192,,22.58316,22.32672,0.6156672,
superblock,toast,2048,exact,exact,deflate,10,1048576,16,3145728,4177920,,26.29955,26.0497,0.843709,
superblock,toast,2048,exact,exact,deflate,11,4194304,64,12582912,16760832,,32.62769,32.37607,0.9679212,
superblock,toast,2048,haar-residual-d3,haar-residual,deflate,7,16384,1,48296,48296,56.73456,19.11454,18.90046,0.2875441,3
superblock,toast,2048,haar-residual-d3,haar-residual,deflate,8,65536,1,108583,156879,54.0739,20.46343,20.21965,0.403595,3
superblock,toast,2048,haar-residual-d3,haar-residual,deflate,9,262144,4,356081,512960,50.66273,22.58012,22.32393,0.6156176,3
superblock,toast,2048,haar-residual-d3,haar-residual,deflate,10,1048576,16,1080005,1592965,46.0472,26.28003,26.03169,0.8434681,3
superblock,toast,2048,haar-residual-d3,haar-residual,deflate,11,4194304,64,2758099,4351064,41.43873,32.42765,32.18825,0.967252,3
superblock,toast,2048,haar-replacement-d3,haar-replacement,deflate,7,16384,1,23187,23187,40.5003,19.09995,18.88678,0.287358,3
superblock,toast,2048,haar-replacement-d3,haar-replacement,deflate,8,65536,1,85580,108767,40.5854,20.44381,20.20165,0.4031534,3
superblock,toast,2048,haar-replacement-d3,haar-replacement,deflate,9,262144,4,333520,442287,40.69661,22.55062,22.29679,0.614968,3
superblock,toast,2048,haar-replacement-d3,haar-replacement,deflate,10,1048576,16,1255608,1697895,40.89557,26.2335,25.98883,0.8428754,3
superblock,toast,2048,haar-replacement-d3,haar-replacement,deflate,11,4194304,64,4410740,6108635,41.44468,32.43459,32.19605,0.9672556,3
superblock,toast,2048,haar-residual-d3-p0.5,haar-residual,deflate,7,16384,1,33440,33440,49.38597,19.11284,18.89882,0.2874865,3
superblock,toast,2048,haar-residual-d3-p0.5,haar-residual,deflate,8,65536,1,82557,115997,46.90622,20.45853,20.2152,0.403492,3
superblock,toast,2048,haar-residual-d3-p0.5,haar-residual,deflate,9,262144,4,288126,404123,44.29814,22.56607,22.31124,0.6153311,3
superblock,toast,2048,haar-residual-d3-p0.5,haar-residual,deflate,10,1048576,16,947004,1351127,41.70111,26.22954,25.98576,0.8429519,3
superblock,toast,2048,haar-residual-d3-p0.5,haar-residual,deflate,11,4194304,64,2758099,4109226,39.43012,32.19525,31.97485,0.9666495,3
superblock,toast,2048,haar-residual-d6,haar-residual,deflate,7,16384,1,40994,40994,54.05321,19.11462,18.90055,0.2875331,6
superblock,toast,2048,haar-residual-d6,haar-residual,deflate,8,65536,1,90798,131792,50.6103,20.46256,20.21899,0.4036041,6
superblock,toast,2048,haar-residual-d6,haar-residual,deflate,9,262144,4,288126,419918,45.94207,22.57391,22.3184,0.6154401,6
superblock,toast,2048,haar-residual-d6,haar-residual,deflate,10,1048576,16,823274,1243192,40.89229,26.23168,25.98676,0.8428707,6
superblock,toast,2048,haar-residual-d6,haar-residual,deflate,11,4194304,64,1891417,3134609,36.62088,32.00568,31.78108,0.9659114,6
superblock,toast,2048,haar-replacement-d6,haar-replacement,deflate,7,16384,1,17348,17348,35.25346,19.05773,18.84704,0.2867843,6
superblock,toast,2048,haar-replacement-d6,haar-replacement,deflate,8,65536,1,63047,80395,35.40573,20.39014,20.15193,0.402125,6
superblock,toast,2048,haar-replacement-d6,haar-replacement,deflate,9,262144,4,246114,326509,35.57779,22.46848,22.22037,0.6131745,6
superblock,toast,2048,haar-replacement-d6,haar-replacement,deflate,10,1048576,16,923404,1249913,35.91107,26.07369,25.83665,0.8410189,6
superblock,toast,2048,haar-replacement-d6,haar-replacement,deflate,11,4194304,64,3197756,4447669,36.6239,32.01232,31.78856,0.9659121,6
superblock,toast,2048,haar-residual-d6-p0.5,haar-residual,deflate,7,16384,1,27323,27323,44.22289,19.10728,18.89399,0.2874796,6
superblock,toast,2048,haar-residual-d6-p0.5,haar-residual,deflate,8,65536,1,65495,92818,41.52112,20.4443,20.20251,0.4033222,6
superblock,toast,2048,haar-residual-d6-p0.5,haar-residual,deflate,9,262144,4,222531,315349,38.86646,22.52143,22.2708,0.6146139,6
superblock,toast,2048,haar-residual-d6-p0.5,haar-residual,deflate,10,1048576,16,701183,1016532,36.41588,26.05582,25.82514,0.8412651,6
superblock,toast,2048,haar-residual-d6-p0.5,haar-residual,deflate,11,4194304,64,1891417,2907949,34.41956,31.31436,31.13284,0.9639336,6
superblock,toast,2048,haar-residual-d12,haar-residual,deflate,7,16384,1,34889,34889,50.65795,19.11321,18.89928,0.2874898,12
superblock,toast,2048,haar-residual-d12,haar-residual,deflate,8,65536,1,73784,108673,45.8885,20.45846,20.21518,0.4035,12
superblock,toast,2048,haar-residual-d12,haar-residual,deflate,9,262144,4,222531,331204,40.69474,22.54995,22.29609,0.6149785,12
superblock,toast,2048,haar-residual-d12,haar-residual,deflate,10,1048576,16,576899,908103,35.90877,26.07186,25.83457,0.8410246,12
superblock,toast,2048,haar-residual-d12,haar-residual,deflate,11,4194304,64,1197626,2105729,32.32327,30.95602,30.75163,0.9613264,12
superblock,toast,2048,haar-replacement-d12,haar-replacement,deflate,7,16384,1,11543,11543,30.4846,18.93533,18.73075,0.2855971,12
superblock,toast,2048,haar-replacement-d12,haar-replacement,deflate,8,65536,1,42610,54153,30.80236,20.23325,20.0016,0.3983564,12
superblock,toast,2048,haar-replacement-d12,haar-replacement,deflate,9,262144,4,166167,220320,31.02252,22.23776,22.00061,0.6071323,12
superblock,toast,2048,haar-replacement-d12,haar-replacement,deflate,10,1048576,16,628242,848562,31.43591,25.64128,25.41888,0.8345488,12
superblock,toast,2048,haar-replacement-d12,haar-replacement,deflate,11,4194304,64,2167320,3015882,32.32564,30.96299,30.75934,0.961328,12
superblock,toast,2048,haar-residual-d12-p0.5,haar-residual,deflate,7,16384,1,22216,22216,38.63208,19.08569,18.87372,0.2873217,12
superblock,toast,2048,haar-residual-d12-p0.5,haar-residual,deflate,8,65536,1,48943,71159,36.05407,20.3894,20.15171,0.402627,12
superblock,toast,2048,haar-residual-d12-p0.5,haar-residual,deflate,9,262144,4,156622,227781,33.61158,22.36491,22.1258,0.6120519,12
superblock,toast,2048,haar-residual-d12-p0.5,haar-residual,deflate,10,1048576,16,471516,699297,31.48582,25.52798,25.32323,0.8353432,12
superblock,toast,2048,haar-residual-d12-p0.5,haar-residual,deflate,11,4194304,64,1197626,1896923,29.8886,29.35354,29.20925,0.9546167,12
superblock,toast,2048,haar-residual-d24,haar-residual,deflate,7,16384,1,28779,28779,45.85706,19.11101,18.89735,0.2875102,24
superblock,toast,2048,haar-residual-d24,haar-residual,deflate,8,65536,1,57299,86078,40.5854,20.44381,20.20165,0.4031534,24
superblock,toast,2048,haar-residual-d24,haar-residual,deflate,9,262144,4,156622,242700,35.57671,22.46761,22.21956,0.6131667,24
superblock,toast,2048,haar-residual-d24,haar-residual,deflate,10,1048576,16,371411,614111,31.43422,25.63901,25.4164,0.8345523,24
superblock,toast,2048,haar-residual-d24,haar-residual,deflate,11,4194304,64,681656,1295767,28.54376,29.01961,28.83219,0.9461175,24
superblock,toast,2048,haar-replacement-d24,haar-replacement,deflate,7,16384,1,6806,6806,26.59989,18.62362,18.43024,0.2807906,24
superblock,toast,2048,haar-replacement-d24,haar-replacement,deflate,8,65536,1,25428,32234,26.89369,19.84808,19.62913,0.3866591,24
superblock,toast,2048,haar-replacement-d24,haar-replacement,deflate,9,262144,4,100339,132573,27.1932,21.70257,21.4735,0.586884,24
superblock,toast,2048,haar-replacement-d24,haar-replacement,deflate,10,1048576,16,384894,517467,27.63988,24.6875,24.47373,0.8131098,24
superblock,toast,2048,haar-replacement-d24,haar-replacement,deflate,11,4194304,64,1353815,1871282,28.54484,29.02405,28.83696,0.9461245,24
superblock,toast,2048,haar-residual-d24-p0.5,haar-residual,deflate,7,16384,1,16136,16136,33.28095,19.01089,18.80537,0.2866413,24
superblock,toast,2048,haar-residual-d24-p0.5,haar-residual,deflate,8,65536,1,32343,48479,30.98458,20.21166,19.98924,0.3996065,24
superblock,toast,2048,haar-residual-d24-p0.5,haar-residual,deflate,9,262144,4,99850,148329,28.92217,21.93407,21.72433,0.6028837,24
superblock,toast,2048,haar-residual-d24-p0.5,haar-residual,deflate,10,1048576,16,282168,430497,27.20148,24.35198,24.18938,0.8158394,24
superblock,toast,2048,haar-residual-d24-p0.5,haar-residual,deflate,11,4194304,64,681656,1112153,25.9218,26.47819,26.36083,0.9253274,24
superblock,toast,2048,jpeg-replacement-q50,image-replacement,jpeg,7,16384,1,3473,3473,24.73645,18.15054,17.95035,0.2625702,50
superblock,toast,2048,jpeg-replacement-q50,image-replacement,jpeg,8,65536,1,12249,15722,24.81964,19.23646,19.00289,0.3384252,50
superblock,toast,2048,jpeg-replacement-q50,image-replacement,jpeg,9,262144,4,49264,64986,24.85719,20.81206,20.5419,0.522639,50
superblock,toast,2048,jpeg-replacement-q50,image-replacement,jpeg,10,1048576,16,197715,262701,25.28123,23.29449,22.99802,0.7638849,50
superblock,toast,2048,jpeg-replacement-q50,image-replacement,jpeg,11,4194304,64,739896,1002597,27.16349,27.40572,27.08088,0.9340181,50
superblock,toast,2048,jpeg-residual-q50,image-residual,jpeg,7,16384,1,3473,3473,24.73645,18.15054,17.95035,0.2625702,50
superblock,toast,2048,jpeg-residual-q50,image-residual,jpeg,8,65536,1,9572,13045,24.83745,19.24271,19.00746,0.3385449,50
superblock,toast,2048,jpeg-residual-q50,image-residual,jpeg,9,262144,4,39470,52515,24.8811,20.81936,20.55074,0.5227626,50
superblock,toast,2048,jpeg-residual-q50,image-residual,jpeg,10,1048576,16,159229,211744,25.30737,23.30564,23.01123,0.7638161,50
superblock,toast,2048,jpeg-residual-q50,image-residual,jpeg,11,4194304,64,583991,795735,27.22624,27.45027,27.13289,0.9340654,50
superblock,toast,2048,webp-replacement-q50,image-replacement,webp,7,16384,1,3674,3674,26.60157,18.45665,18.24597,0.2770011,50
superblock,toast,2048,webp-replacement-q50,image-replacement,webp,8,65536,1,13960,17634,26.74099,19.64372,19.40524,0.3772866,50
superblock,toast,2048,webp-replacement-q50,image-replacement,webp,9,262144,4,56618,74252,26.87277,21.36293,21.09823,0.5737322,50
superblock,toast,2048,webp-replacement-q50,image-replacement,webp,10,1048576,16,224652,298904,27.50304,24.1807,23.92596,0.8026487,50
superblock,toast,2048,webp-replacement-q50,image-replacement,webp,11,4194304,64,767878,1066782,29.02219,28.46545,28.23924,0.942005,50
superblock,toast,2048,jpeg-replacement-q70,image-replacement,jpeg,7,16384,1,4724,4724,25.72606,18.3495,18.14345,0.2708946,70
superblock,toast,2048,jpeg-replacement-q70,image-replacement,jpeg,8,65536,1,17468,22192,25.85664,19.51923,19.27402,0.3644726,70
superblock,toast,2048,jpeg-replacement-q70,image-replacement,jpeg,9,262144,4,69972,92164,26.00154,21.20306,20.93068,0.5613733,70
superblock,toast,2048,jpeg-replacement-q70,image-replacement,jpeg,10,1048576,16,278218,370382,26.54967,23.94828,23.65437,0.798765,70
superblock,toast,2048,jpeg-replacement-q70,image-replacement,jpeg,11,4194304,64,1011133,1381515,28.5553,28.40587,28.08549,0.9490053,70
superblock,toast,2048,jpeg-residual-q70,image-residual,jpeg,7,16384,1,4724,4724,25.72606,18.3495,18.14345,0.2708946,70
superblock,toast,2048,jpeg-residual-q70,image-residual,jpeg,8,65536,1,13992,18716,25.86833,19.52272,19.27931,0.364277,70
superblock,toast,2048,jpeg-residual-q70,image-residual,jpeg,9,262144,4,56756,75472,26.01256,21.20521,20.93381,0.561115,70
superblock,toast,2048,jpeg-residual-q70,image-residual,jpeg,10,1048576,16,226825,302297,26.57893,23.96089,23.67032,0.7987687,70
superblock,toast,2048,jpeg-residual-q70,image-residual,jpeg,11,4194304,64,805048,1107345,28.62397,28.45641,28.14051,0.9490479,70
superblock,toast,2048,webp-replacement-q70,image-replacement,webp,7,16384,1,4682,4682,27.59096,18.5751,18.36109,0.2812047,70
superblock,toast,2048,webp-replacement-q70,image-replacement,webp,8,65536,1,17690,22372,27.70312,19.77981,19.53701,0.3871874,70
superblock,toast,2048,webp-replacement-q70,image-replacement,webp,9,262144,4,70774,93146,27.86509,21.55757,21.28484,0.5885086,70
superblock,toast,2048,webp-replacement-q70,image-replacement,webp,10,1048576,16,280826,373972,28.62207,24.53084,24.25768,0.8179261,70
superblock,toast,2048,webp-replacement-q70,image-replacement,webp,11,4194304,64,966208,1340180,30.35126,29.1861,28.93846,0.9518755,70
superblock,toast,2048,jpeg-replacement-q80,image-replacement,jpeg,7,16384,1,6104,6104,26.76394,18.51529,18.30525,0.2778975,80
superblock,toast,2048,jpeg-replacement-q80,image-replacement,jpeg,8,65536,1,22661,28765,26.91909,19.71922,19.47448,0.3816198,80
superblock,toast,2048,jpeg-replacement-q80,image-replacement,jpeg,9,262144,4,90455,119220,27.09643,21.48596,21.21143,0.5857496,80
superblock,toast,2048,jpeg-replacement-q80,image-replacement,jpeg,10,1048576,16,357347,476567,27.76408,24.42661,24.13705,0.8189575,80
superblock,toast,2048,jpeg-replacement-q80,image-replacement,jpeg,11,4194304,64,1274780,1751347,29.83003,29.16816,28.85888,0.9569098,80
superblock,toast,2048,jpeg-residual-q80,image-residual,jpeg,7,16384,1,6104,6104,26.76394,18.51529,18.30525,0.2778975,80
superblock,toast,2048,jpeg-residual-q80,image-residual,jpeg,8,65536,1,18405,24509,26.92724,19.72276,19.47911,0.3814479,80
superblock,toast,2048,jpeg-residual-q80,image-residual,jpeg,9,262144,4,74448,98957,27.10798,21.49137,21.21627,0.5859548,80
superblock,toast,2048,jpeg-residual-q80,image-residual,jpeg,10,1048576,16,294357,393314,27.80637,24.44393,24.15697,0.8188214,80
superblock,toast,2048,jpeg-residual-q80,image-residual,jpeg,11,4194304,64,1025275,1418589,29.9061,29.22988,28.92941,0.9568663,80
superblock,toast,2048,webp-replacement-q80,image-replacement,webp,7,16384,1,5788,5788,28.39727,18.65515,18.43652,0.2836925,80
superblock,toast,2048,webp-replacement-q80,image-replacement,webp,8,65536,1,22190,27978,28.6611,19.89564,19.64647,0.3943299,80
superblock,toast,2048,webp-replacement-q80,image-replacement,webp,9,262144,4,87908,115886,28.75409,21.70787,21.42847,0.5994586,80
superblock,toast,2048,webp-replacement-q80,image-replacement,webp,10,1048576,16,348216,464102,29.62494,24.79488,24.50544,0.8280236,80
superblock,toast,2048,webp-replacement-q80,image-replacement,webp,11,4194304,64,1210964,1675066,31.70066,29.79914,29.52162,0.9582839,80
superblock,toast,2048,jpeg-replacement-q90,image-replacement,jpeg,7,16384,1,8952,8952,28.80563,18.71228,18.49716,0.2850262,90
superblock,toast,2048,jpeg-replacement-q90,image-replacement,jpeg,8,65536,1,33604,42556,28.80616,19.94636,19.69622,0.3978381,90
superblock,toast,2048,jpeg-replacement-q90,image-replacement,jpeg,9,262144,4,132729,175285,28.98482,21.80205,21.519,0.6079095,90
superblock,toast,2048,jpeg-replacement-q90,image-replacement,jpeg,10,1048576,16,520600,695885,29.87329,24.97357,24.67121,0.8368319,90
superblock,toast,2048,jpeg-replacement-q90,image-replacement,jpeg,11,4194304,64,1848774,2544659,32.26498,30.25224,29.94326,0.9644135,90
superblock,toast,2048,jpeg-residual-q90,image-residual,jpeg,7,16384,1,8952,8952,28.80563,18.71228,18.49716,0.2850262,90
superblock,toast,2048,jpeg-residual-q90,image-residual,jpeg,8,65536,1,28083,37035,28.86998,19.95661,19.7072,0.3977995,90
superblock,toast,2048,jpeg-residual-q90,image-residual,jpeg,9,262144,4,112056,149091,29.04161,21.81521,21.53344,0.6077163,90
superblock,toast,2048,jpeg-residual-q90,image-residual,jpeg,10,1048576,16,441150,590241,29.94974,25.0029,24.70448,0.8367316,90
superblock,toast,2048,jpeg-residual-q90,image-residual,jpeg,11,4194304,64,1534219,2124460,32.39642,30.34915,30.05315,0.9643684,90
superblock,toast,2048,webp-replacement-q90,image-replacement,webp,7,16384,1,8250,8250,29.54248,18.73304,18.5133,0.2863258,90
superblock,toast,2048,webp-replacement-q90,image-replacement,webp,8,65536,1,31288,39538,29.61737,19.9847,19.72955,0.4001031,90
superblock,toast,2048,webp-replacement-q90,image-replacement,webp,9,262144,4,124778,164316,29.79395,21.85433,21.56393,0.6095663,90
superblock,toast,2048,webp-replacement-q90,image-replacement,webp,10,1048576,16,495898,660214,30.90367,25.0781,24.76524,0.8373508,90
superblock,toast,2048,webp-replacement-q90,image-replacement,webp,11,4194304,64,1763222,2423436,33.67,30.49938,30.17966,0.9640979,90
northrop-mall,healpix,512,exact,exact,deflate,5,12288,1,36864,36864,,21.1178,18.78102,0.4813937,
northrop-mall,healpix,512,exact,exact,deflate,6,49152,12,147456,184320,,22.45685,20.05662,0.5536627,
northrop-mall,healpix,512,exact,exact,deflate,7,196608,12,589824,774144,,24.26197,21.81664,0.6886322,
northrop-mall,healpix,512,exact,exact,deflate,8,786432,12,2359296,3133440,,27.1023,24.66388,0.8477993,
northrop-mall,healpix,512,exact,exact,deflate,9,3145728,48,9437184,12570624,,32.1364,29.74657,0.9599333,
northrop-mall,healpix,512,haar-residual-d3,haar-residual,deflate,5,12288,1,34580,34580,56.91797,21.11624,18.78099,0.4814041,3
northrop-mall,healpix,512,haar-residual-d3,haar-residual,deflate,6,49152,12,73618,108198,54.29561,22.45018,20.05614,0.5536601,3
northrop-mall,healpix,512,haar-residual-d3,haar-residual,deflate,7,196608,12,215980,324178,51.17129,24.2321,21.81517,0.6885631,3
northrop-mall,healpix,512,haar-residual-d3,haar-residual,deflate,8,786432,12,614187,938365,47.0528,27.00898,24.65481,0.8471636,3
northrop-mall,healpix,512,haar-residual-d3,haar-residual,deflate,9,3145728,48,1614645,2553010,42.85308,31.77168,29.6623,0.9581316,3
northrop-mall,healpix,512,haar-replacement-d3,haar-replacement,deflate,5,12288,1,14850,14850,41.33261,20.98193,18.76894,0.4809753,3
northrop-mall,healpix,512,haar-replacement-d3,haar-replacement,deflate,6,49152,12,53733,68583,41.69142,22.30557,20.0408,0.5528165,3
northrop-mall,healpix,512,haar-replacement-d3,haar-replacement,deflate,7,196608,12,196819,265402,42.00345,24.09714,21.7964,0.6872498,3
northrop-mall,healpix,512,haar-replacement-d3,haar-replacement,deflate,8,786432,12,712412,977814,42.29438,26.89343,24.63128,0.8458988,3
northrop-mall,healpix,512,haar-replacement-d3,haar-replacement,deflate,9,3145728,48,2583955,3561769,42.85491,31.77336,29.66271,0.9581311,3
northrop-mall,healpix,512,haar-residual-d3-p0.5,haar-residual,deflate,5,12288,1,22741,22741,49.47307,21.08391,18.77988,0.481361,3
northrop-mall,healpix,512,haar-residual-d3-p0.5,haar-residual,deflate,6,49152,12,51686,74427,47.30007,22.37926,20.0526,0.5535187,3
northrop-mall,healpix,512,haar-residual-d3-p0.5,haar-residual,deflate,7,196608,12,168570,242997,45.0353,24.1052,21.80575,0.6880327,3
northrop-mall,healpix,512,haar-residual-d3-p0.5,haar-residual,deflate,8,786432,12,530049,773046,42.77485,26.80862,24.62844,0.8460988,3
northrop-mall,healpix,512,haar-residual-d3-p0.5,haar-residual,deflate,9,3145728,48,1614645,2387691,40.74592,31.44171,29.56894,0.9568815,3
northrop-mall,healpix,512,haar-residual-d6,haar-residual,deflate,5,12288,1,28901,28901,54.2088,21.11166,18.78082,0.4813807,6
northrop-mall,healpix,512,haar-residual-d6,haar-residual,deflate,6,49152,12,58475,87376,50.92693,22.43191,20.05551,0.5536075,6
northrop-mall,healpix,512,haar-residual-d6,haar-residual,deflate,7,196608,12,168570,255946,46.81037,24.18172,21.81098,0.6882101,6
northrop-mall,healpix,512,haar-residual-d6,haar-residual,deflate,8,786432,12,453821,709767,42.29438,26.89343,24.63128,0.8458988,6
northrop-mall,healpix,512,haar-residual-d6,haar-residual,deflate,9,3145728,48,1166384,1876151,38.12387,31.46386,29.4984,0.9556509,6
northrop-mall,healpix,512,haar-replacement-d6,haar-replacement,deflate,5,12288,1,11094,11094,36.3055,20.82334,18.74063,0.4802222,6
northrop-mall,healpix,512,haar-replacement-d6,haar-replacement,deflate,6,49152,12,39724,50818,36.76634,22.16469,20.00822,0.5514419,6
northrop-mall,healpix,512,haar-replacement-d6,haar-replacement,deflate,7,196608,12,146416,197234,37.09156,23.95593,21.75239,0.6853084,6
northrop-mall,healpix,512,haar-replacement-d6,haar-replacement,deflate,8,786432,12,527533,724767,37.50263,26.72801,24.55833,0.8435943,6
northrop-mall,healpix,512,haar-replacement-d6,haar-replacement,deflate,9,3145728,48,1900933,2625700,38.12449,31.46604,29.49898,0.9556501,6
northrop-mall,healpix,512,haar-residual-d6-p0.5,haar-residual,deflate,5,12288,1,18164,18164,44.53557,21.01123,18.77427,0.4812543,6
northrop-mall,healpix,512,haar-residual-d6-p0.5,haar-residual,deflate,6,49152,12,39002,57166,42.21284,22.25127,20.04082,0.5530425,6
northrop-mall,healpix,512,haar-residual-d6-p0.5,haar-residual,deflate,7,196608,12,125405,182571,39.96383,23.9185,21.77688,0.6866572,6
northrop-mall,healpix,512,haar-residual-d6-p0.5,haar-residual,deflate,8,786432,12,391268,573839,37.79613,26.524,24.54166,0.8433526,6
northrop-mall,healpix,512,haar-residual-d6-p0.5,haar-residual,deflate,9,3145728,48,1166384,1740223,35.88786,30.82876,29.20383,0.9527713,6
northrop-mall,healpix,512,haar-residual-d12,haar-residual,deflate,5,12288,1,23801,23801,50.77893,21.10091,18.7802,0.4813605,12
northrop-mall,healpix,512,haar-residual-d12,haar-residual,deflate,6,49152,12,45062,68863,46.55235,22.39134,20.05221,0.5534308,12
northrop-mall,healpix,512,haar-residual-d12,haar-residual,deflate,7,196608,12,125405,194268,42.00345,24.09714,21.7964,0.6872498,12
northrop-mall,healpix,512,haar-residual-d12,haar-residual,deflate,8,786432,12,331106,525374,37.50263,26.72801,24.55833,0.8435943,12
northrop-mall,healpix,512,haar-residual-d12,haar-residual,deflate,9,3145728,48,791673,1317047,33.76238,30.92769,29.04998,0.9513911,12
northrop-mall,healpix,512,haar-replacement-d12,haar-replacement,deflate,5,12288,1,7767,7767,31.85355,20.55126,18.6612,0.4788268,12
northrop-mall,healpix,512,haar-replacement-d12,haar-replacement,deflate,6,49152,12,27684,35451,32.18884,21.90559,19.91393,0.5484715,12
northrop-mall,healpix,512,haar-replacement-d12,haar-replacement,deflate,7,196608,12,101947,137398,32.53916,23.69515,21.62125,0.6809247,12
northrop-mall,healpix,512,haar-replacement-d12,haar-replacement,deflate,8,786432,12,374740,512138,32.97324,26.41673,24.35198,0.8388027,12
northrop-mall,healpix,512,haar-replacement-d12,haar-replacement,deflate,9,3145728,48,1341317,1853455,33.763,30.92838,29.05044,0.951379,12
northrop-mall,healpix,512,haar-residual-d12-p0.5,haar-residual,deflate,5,12288,1,13937,13937,39.44182,20.86076,18.75745,0.4808869,12
northrop-mall,healpix,512,haar-residual-d12-p0.5,haar-residual,deflate,6,49152,12,28685,42622,37.16707,22.03241,20.00351,0.5517274,12
northrop-mall,healpix,512,haar-residual-d12-p0.5,haar-residual,deflate,7,196608,12,90711,133333,34.9898,23.62286,21.68963,0.683552,12
northrop-mall,healpix,512,haar-residual-d12-p0.5,haar-residual,deflate,8,786432,12,276757,410090,32.99148,26.05196,24.29492,0.8378665,12
northrop-mall,healpix,512,haar-residual-d12-p0.5,haar-residual,deflate,9,3145728,48,791673,1201763,31.36014,29.69431,28.29462,0.9448615,12
northrop-mall,healpix,512,haar-residual-d24,haar-residual,deflate,5,12288,1,19079,19079,46.23108,21.05975,18.77681,0.481287,24
northrop-mall,healpix,512,haar-residual-d24,haar-residual,deflate,6,49152,12,33544,52623,41.69142,22.30557,20.0408,0.5528165,24
northrop-mall,healpix,512,haar-residual-d24,haar-residual,deflate,7,196608,12,90711,143334,37.09156,23.95593,21.75239,0.6853084,24
northrop-mall,healpix,512,haar-residual-d24,haar-residual,deflate,8,786432,12,226752,370086,32.97324,26.41673,24.35198,0.8388027,24
northrop-mall,healpix,512,haar-residual-d24,haar-residual,deflate,9,3145728,48,489420,859506,29.93009,29.88202,28.0825,0.9416916,24
northrop-mall,healpix,512,haar-replacement-d24,haar-replacement,deflate,5,12288,1,5093,5093,27.80128,20.11003,18.4765,0.4753419,24
northrop-mall,healpix,512,haar-replacement-d24,haar-replacement,deflate,6,49152,12,17685,22778,28.34349,21.47175,19.69083,0.54259,24
northrop-mall,healpix,512,haar-replacement-d24,haar-replacement,deflate,7,196608,12,64841,87619,28.68934,23.22029,21.32279,0.670286,24
northrop-mall,healpix,512,haar-replacement-d24,haar-replacement,deflate,8,786432,12,241453,329072,29.12909,25.79614,23.86223,0.8265733,24
northrop-mall,healpix,512,haar-replacement-d24,haar-replacement,deflate,9,3145728,48,883135,1212207,29.93006,29.88395,28.08238,0.9416877,24
northrop-mall,healpix,512,haar-residual-d24-p0.5,haar-residual,deflate,5,12288,1,10339,10339,34.32218,20.54633,18.70518,0.4799888,24
northrop-mall,healpix,512,haar-residual-d24-p0.5,haar-residual,deflate,6,49152,12,19945,30284,32.25059,21.62499,19.89204,0.5488371,24
northrop-mall,healpix,512,haar-residual-d24-p0.5,haar-residual,deflate,7,196608,12,60374,90658,30.32933,23.05781,21.43512,0.6767523,24
northrop-mall,healpix,512,haar-residual-d24-p0.5,haar-residual,deflate,8,786432,12,177591,268249,28.65335,25.09807,23.65673,0.8253062,24
northrop-mall,healpix,512,haar-residual-d24-p0.5,haar-residual,deflate,9,3145728,48,489420,757669,27.32832,27.6526,26.52606,0.9265868,24
northrop-mall,healpix,512,jpeg-replacement-q50,image-replacement,jpeg,5,12288,1,2555,2555,24.69694,19.57427,18.0249,0.4647791,50
northrop-mall,healpix,512,jpeg-replacement-q50,image-replacement,jpeg,6,49152,12,12133,14688,25.64833,21.09828,19.23646,0.5152805,50
northrop-mall,healpix,512,jpeg-replacement-q50,image-replacement,jpeg,7,196608,12,35820,50508,25.97476,22.67357,20.74828,0.6337175,50
northrop-mall,healpix,512,jpeg-replacement-q50,image-replacement,jpeg,8,786432,12,130083,180591,26.20687,24.9705,23.02282,0.7968379,50
northrop-mall,healpix,512,jpeg-replacement-q50,image-replacement,jpeg,9,3145728,48,501154,681745,27.24989,28.78461,26.96823,0.9307508,50
northrop-mall,healpix,512,jpeg-residual-q50,image-residual,jpeg,5,12288,1,2555,2555,24.69694,19.57427,18.0249,0.4647791,50
northrop-mall,healpix,512,jpeg-residual-q50,image-residual,jpeg,6,49152,12,10219,12774,25.61111,20.95305,19.22687,0.5149868,50
northrop-mall,healpix,512,jpeg-residual-q50,image-residual,jpeg,7,196608,12,29168,41942,25.9937,22.65368,20.75395,0.6334837,50
northrop-mall,healpix,512,jpeg-residual-q50,image-residual,jpeg,8,786432,12,104882,146824,26.22928,24.95509,23.03053,0.7965626,50
northrop-mall,healpix,512,jpeg-residual-q50,image-residual,jpeg,9,3145728,48,404573,551397,27.29956,28.81317,27.01127,0.9308143,50
northrop-mall,healpix,512,webp-replacement-q50,image-replacement,webp,5,12288,1,2668,2668,26.70957,19.91882,18.26264,0.4746628,50
northrop-mall,healpix,512,webp-replacement-q50,image-replacement,webp,6,49152,12,10934,13602,28.07042,21.48556,19.55854,0.5396149,50
northrop-mall,healpix,512,webp-replacement-q50,image-replacement,webp,7,196608,12,38332,51934,28.52642,23.20823,21.16944,0.664504,50
northrop-mall,healpix,512,webp-replacement-q50,image-replacement,webp,8,786432,12,144970,196904,29.08398,25.69107,23.66783,0.8206575,50
northrop-mall,healpix,512,webp-replacement-q50,image-replacement,webp,9,3145728,48,546232,743136,30.20265,29.67722,27.88364,0.9400878,50
northrop-mall,healpix,512,jpeg-replacement-q70,image-replacement,jpeg,5,12288,1,3452,3452,25.96364,19.74751,18.21847,0.4712855,70
northrop-mall,healpix,512,jpeg-replacement-q70,image-replacement,jpeg,6,49152,12,15659,19111,26.90751,21.37477,19.46507,0.5307004,70
northrop-mall,healpix,512,jpeg-replacement-q70,image-replacement,jpeg,7,196608,12,49128,68239,27.32915,23.09244,21.06018,0.6580254,70
northrop-mall,healpix,512,jpeg-replacement-q70,image-replacement,jpeg,8,786432,12,181710,249949,27.73506,25.57539,23.51218,0.8201946,70
northrop-mall,healpix,512,jpeg-replacement-q70,image-replacement,jpeg,9,3145728,48,688484,938433,28.92092,29.6567,27.7179,0.9435871,70
northrop-mall,healpix,512,jpeg-residual-q70,image-residual,jpeg,5,12288,1,3452,3452,25.96364,19.74751,18.21847,0.4712855,70
northrop-mall,healpix,512,jpeg-residual-q70,image-residual,jpeg,6,49152,12,13152,16604,26.88508,21.29385,19.46454,0.5306027,70
northrop-mall,healpix,512,jpeg-residual-q70,image-residual,jpeg,7,196608,12,40285,56889,27.33821,23.0539,21.06186,0.6579614,70
northrop-mall,healpix,512,jpeg-residual-q70,image-residual,jpeg,8,786432,12,148598,205487,27.75753,25.55357,23.52267,0.8202179,70
northrop-mall,healpix,512,jpeg-residual-q70,image-residual,jpeg,9,3145728,48,561950,767437,28.97355,29.68114,27.76091,0.9436499,70
northrop-mall,healpix,512,webp-replacement-q70,image-replacement,webp,5,12288,1,3350,3350,27.78747,19.96539,18.36375,0.4771192,70
northrop-mall,healpix,512,webp-replacement-q70,image-replacement,webp,6,49152,12,13364,16714,29.16828,21.59555,19.64992,0.5439505,70
northrop-mall,healpix,512,webp-replacement-q70,image-replacement,webp,7,196608,12,46910,63624,29.69711,23.35421,21.29585,0.6715972,70
northrop-mall,healpix,512,webp-replacement-q70,image-replacement,webp,8,786432,12,177358,240982,30.33878,25.92803,23.87804,0.8293584,70
northrop-mall,healpix,512,webp-replacement-q70,image-replacement,webp,9,3145728,48,667480,908462,31.6642,30.14061,28.30076,0.9457014,70
northrop-mall,healpix,512,jpeg-replacement-q80,image-replacement,jpeg,5,12288,1,4329,4329,27.10796,19.93261,18.33998,0.4753174,80
northrop-mall,healpix,512,jpeg-replacement-q80,image-replacement,jpeg,6,49152,12,19109,23438,28.19357,21.61211,19.61829,0.5406864,80
northrop-mall,healpix,512,jpeg-replacement-q80,image-replacement,jpeg,7,196608,12,61977,85415,28.6342,23.33652,21.24837,0.6721259,80
northrop-mall,healpix,512,jpeg-replacement-q80,image-replacement,jpeg,8,786432,12,230755,316170,29.19069,25.92279,23.81437,0.8324169,80
northrop-mall,healpix,512,jpeg-replacement-q80,image-replacement,jpeg,9,3145728,48,869491,1185661,30.49281,30.2261,28.21953,0.9499522,80
northrop-mall,healpix,512,jpeg-residual-q80,image-residual,jpeg,5,12288,1,4329,4329,27.10796,19.93261,18.33998,0.4753174,80
northrop-mall,healpix,512,jpeg-residual-q80,image-residual,jpeg,6,49152,12,16132,20461,28.1637,21.49564,19.6174,0.5408445,80
northrop-mall,healpix,512,jpeg-residual-q80,image-residual,jpeg,7,196608,12,51458,71919,28.65219,23.30773,21.25263,0.6718957,80
northrop-mall,healpix,512,jpeg-residual-q80,image-residual,jpeg,8,786432,12,191096,263015,29.20741,25.8954,23.81977,0.8321701,80
northrop-mall,healpix,512,jpeg-residual-q80,image-residual,jpeg,9,3145728,48,719914,982929,30.53338,30.2058,28.25486,0.9497245,80
northrop-mall,healpix,512,webp-replacement-q80,image-replacement,webp,5,12288,1,4076,4076,28.567,20.08343,18.42903,0.478853,80
northrop-mall,healpix,512,webp-replacement-q80,image-replacement,webp,6,49152,12,16298,20374,30.18272,21.71417,19.71738,0.5470209,80
northrop-mall,healpix,512,webp-replacement-q80,image-replacement,webp,7,196608,12,57438,77812,30.76377,23.47967,21.39204,0.6774164,80
northrop-mall,healpix,512,webp-replacement-q80,image-replacement,webp,8,786432,12,217030,294842,31.5294,26.1086,24.03193,0.8353426,80
northrop-mall,healpix,512,webp-replacement-q80,image-replacement,webp,9,3145728,48,814576,1109418,33.09564,30.50328,28.62765,0.9499041,80
northrop-mall,healpix,512,jpeg-replacement-q90,image-replacement,jpeg,5,12288,1,6157,6157,28.96958,20.15732,18.47836,0.479561,90
northrop-mall,healpix,512,jpeg-replacement-q90,image-replacement,jpeg,6,49152,12,25983,32140,30.41999,21.86873,19.77125,0.5500554,90
northrop-mall,healpix,512,jpeg-replacement-q90,image-replacement,jpeg,7,196608,12,87534,119674,30.92438,23.6173,21.44626,0.6833602,90
northrop-mall,healpix,512,jpeg-replacement-q90,image-replacement,jpeg,8,786432,12,328768,448442,31.70632,26.30568,24.11665,0.841873,90
northrop-mall,healpix,512,jpeg-replacement-q90,image-replacement,jpeg,9,3145728,48,1248231,1696673,33.41386,30.91574,28.82444,0.9554555,90
northrop-mall,healpix,512,jpeg-residual-q90,image-residual,jpeg,5,12288,1,6157,6157,28.96958,20.15732,18.47836,0.479561,90
northrop-mall,healpix,512,jpeg-residual-q90,image-residual,jpeg,6,49152,12,22311,28468,30.47913,21.81698,19.77512,0.5497944,90
northrop-mall,healpix,512,jpeg-residual-q90,image-residual,jpeg,7,196608,12,74360,102828,30.95769,23.58237,21.45024,0.6833231,90
northrop-mall,healpix,512,jpeg-residual-q90,image-residual,jpeg,8,786432,12,281032,383860,31.74764,26.26775,24.12727,0.8417103,90
northrop-mall,healpix,512,jpeg-residual-q90,image-residual,jpeg,9,3145728,48,1065192,1449052,33.47416,30.86109,28.85621,0.9553147,90
northrop-mall,healpix,512,webp-replacement-q90,image-replacement,webp,5,12288,1,5584,5584,29.61257,20.18068,18.4843,0.4801572,90
northrop-mall,healpix,512,webp-replacement-q90,image-replacement,webp,6,49152,12,22918,28502,31.471,21.86356,19.79254,0.5503799,90
northrop-mall,healpix,512,webp-replacement-q90,image-replacement,webp,7,196608,12,80590,109092,32.05646,23.61135,21.47872,0.6826153,90
northrop-mall,healpix,512,webp-replacement-q90,image-replacement,webp,8,786432,12,303988,413080,32.95786,26.29019,24.17034,0.8407212,90
northrop-mall,healpix,512,webp-replacement-q90,image-replacement,webp,9,3145728,48,1138052,1551132,35.04344,30.88038,28.94585,0.9538405,90
walter-study,healpix,512,exact,exact,deflate,5,12288,1,36864,36864,,18.37362,18.22808,0.3393323,
walter-study,healpix,512,exact,exact,deflate,6,49152,12,147456,184320,,20.48026,20.38133,0.4665714,
walter-study,healpix,512,exact,exact,deflate,7,196608,12,589824,774144,,23.02878,22.96362,0.6562109,
walter-study,healpix,512,exact,exact,deflate,8,786432,12,2359296,3133440,,26.54077,26.48047,0.840112,
walter-study,healpix,512,exact,exact,deflate,9,3145728,48,9437184,12570624,,32.05039,31.96641,0.9588968,
walter-study,healpix,512,haar-residual-d3,haar-residual,deflate,5,12288,1,38505,38505,56.84464,18.37378,18.22828,0.3393248,3
walter-study,healpix,512,haar-residual-d3,haar-residual,deflate,6,49152,12,88492,126997,54.11667,20.48,20.38112,0.4665806,3
walter-study,healpix,512,haar-residual-d3,haar-residual,deflate,7,196608,12,271403,398400,50.6097,23.02631,22.96123,0.6561671,3
walter-study,healpix,512,haar-residual-d3,haar-residual,deflate,8,786432,12,739859,1138259,46.01663,26.52041,26.46069,0.8398721,3
walter-study,healpix,512,haar-residual-d3,haar-residual,deflate,9,3145728,48,1692827,2831086,41.93084,31.87222,31.79489,0.9580231,3
walter-study,healpix,512,haar-replacement-d3,haar-replacement,deflate,5,12288,1,18321,18321,40.28167,18.35817,18.21367,0.3393187,3
walter-study,healpix,512,haar-replacement-d3,haar-replacement,deflate,6,49152,12,70174,88495,40.37114,20.45712,20.35942,0.4661896,3
walter-study,healpix,512,haar-replacement-d3,haar-replacement,deflate,7,196608,12,254463,342958,40.66361,22.99152,22.9275,0.6554121,3
walter-study,healpix,512,haar-replacement-d3,haar-replacement,deflate,8,786432,12,864511,1207469,41.08992,26.4687,26.4104,0.8391199,3
walter-study,healpix,512,haar-replacement-d3,haar-replacement,deflate,9,3145728,48,2870217,4077686,41.93175,31.87098,31.79382,0.9580241,3
walter-study,healpix,512,haar-residual-d3-p0.5,haar-residual,deflate,5,12288,1,26432,26432,49.39136,18.37146,18.22595,0.3393087,3
walter-study,healpix,512,haar-residual-d3-p0.5,haar-residual,deflate,6,49152,12,66845,93277,46.82912,20.47472,20.37598,0.4665168,3
walter-study,healpix,512,haar-residual-d3-p0.5,haar-residual,deflate,7,196608,12,220359,313636,44.20238,23.01069,22.94605,0.6559008,3
walter-study,healpix,512,haar-residual-d3-p0.5,haar-residual,deflate,8,786432,12,640835,954471,41.7032,26.46637,26.40806,0.839315,3
walter-study,healpix,512,haar-residual-d3-p0.5,haar-residual,deflate,9,3145728,48,1692827,2647298,39.73676,31.65885,31.58829,0.9573105,3
walter-study,healpix,512,haar-residual-d6,haar-residual,deflate,5,12288,1,32541,32541,54.06878,18.37321,18.22771,0.3393167,6
walter-study,healpix,512,haar-residual-d6,haar-residual,deflate,6,49152,12,73604,106145,50.59661,20.47917,20.3803,0.4665838,6
walter-study,healpix,512,haar-residual-d6,haar-residual,deflate,7,196608,12,220359,326504,45.84691,23.01964,22.95479,0.6560162,6
walter-study,healpix,512,haar-residual-d6,haar-residual,deflate,8,786432,12,541167,867671,41.08992,26.4687,26.4104,0.8391199,6
walter-study,healpix,512,haar-residual-d6,haar-residual,deflate,9,3145728,48,1128288,1995959,37.63022,31.5198,31.45535,0.9559335,6
walter-study,healpix,512,haar-replacement-d6,haar-replacement,deflate,5,12288,1,13724,13724,35.13911,18.32492,18.18168,0.3387496,6
walter-study,healpix,512,haar-replacement-d6,haar-replacement,deflate,6,49152,12,51526,65250,35.34978,20.39809,20.30202,0.4648064,6
walter-study,healpix,512,haar-replacement-d6,haar-replacement,deflate,7,196608,12,184514,249764,35.78907,22.89911,22.83747,0.6530913,6
walter-study,healpix,512,haar-replacement-d6,haar-replacement,deflate,8,786432,12,614113,863877,36.50052,26.30412,26.25086,0.8364166,6
walter-study,healpix,512,haar-replacement-d6,haar-replacement,deflate,9,3145728,48,2023407,2887284,37.63067,31.51863,31.4543,0.9559347,6
walter-study,healpix,512,haar-residual-d6-p0.5,haar-residual,deflate,5,12288,1,22066,22066,44.15749,18.36697,18.2218,0.3392975,6
walter-study,healpix,512,haar-residual-d6-p0.5,haar-residual,deflate,6,49152,12,53224,75290,41.38416,20.45857,20.36074,0.4663447,6
walter-study,healpix,512,haar-residual-d6-p0.5,haar-residual,deflate,7,196608,12,164896,240186,38.82152,22.95879,22.89589,0.6551197,6
walter-study,healpix,512,haar-residual-d6-p0.5,haar-residual,deflate,8,786432,12,442488,682674,36.64318,26.2783,26.22512,0.8370139,6
walter-study,healpix,512,haar-residual-d6-p0.5,haar-residual,deflate,9,3145728,48,1128288,1810962,35.09164,30.87169,30.82375,0.9533003,6
walter-study,healpix,512,haar-residual-d12,haar-residual,deflate,5,12288,1,27392,27392,50.63482,18.37256,18.22705,0.3393442,12
walter-study,healpix,512,haar-residual-d12,haar-residual,deflate,6,49152,12,60088,87480,45.74345,20.47426,20.3755,0.4664882,12
walter-study,healpix,512,haar-residual-d12,haar-residual,deflate,7,196608,12,164896,252376,40.66361,22.99152,22.9275,0.6554121,12
walter-study,healpix,512,haar-residual-d12,haar-residual,deflate,8,786432,12,359876,612252,36.50052,26.30412,26.25086,0.8364166,12
walter-study,healpix,512,haar-residual-d12,haar-residual,deflate,9,3145728,48,719595,1331847,33.68378,30.70882,30.66708,0.9492184,12
walter-study,healpix,512,haar-replacement-d12,haar-replacement,deflate,5,12288,1,9582,9582,30.39053,18.20895,18.06353,0.3376038,12
walter-study,healpix,512,haar-replacement-d12,haar-replacement,deflate,6,49152,12,34983,44565,30.84239,20.22887,20.13496,0.4606726,12
walter-study,healpix,512,haar-replacement-d12,haar-replacement,deflate,7,196608,12,122880,167445,31.45271,22.64089,22.58357,0.6449614,12
walter-study,healpix,512,haar-replacement-d12,haar-replacement,deflate,8,786432,12,410345,577790,32.38812,25.88638,25.84319,0.827561,12
walter-study,healpix,512,haar-replacement-d12,haar-replacement,deflate,9,3145728,48,1362828,1940618,33.68392,30.70792,30.66622,0.9492191,12
walter-study,healpix,512,haar-residual-d12-p0.5,haar-residual,deflate,5,12288,1,17418,17418,38.61563,18.34762,18.20392,0.339286,12
walter-study,healpix,512,haar-residual-d12-p0.5,haar-residual,deflate,6,49152,12,39062,56480,36.0056,20.40197,20.30674,0.4655763,12
walter-study,healpix,512,haar-residual-d12-p0.5,haar-residual,deflate,7,196608,12,112183,168663,33.76266,22.78663,22.72797,0.6517863,12
walter-study,healpix,512,haar-residual-d12-p0.5,haar-residual,deflate,8,786432,12,288405,457068,32.02559,25.74165,25.70158,0.8290373,12
walter-study,healpix,512,haar-residual-d12-p0.5,haar-residual,deflate,9,3145728,48,719595,1176663,30.82889,29.21277,29.19171,0.9403662,12
walter-study,healpix,512,haar-residual-d24,haar-residual,deflate,5,12288,1,22825,22825,45.67472,18.36983,18.22453,0.339261,24
walter-study,healpix,512,haar-residual-d24,haar-residual,deflate,6,49152,12,46126,68951,40.37114,20.45712,20.35942,0.4661896,24
walter-study,healpix,512,haar-residual-d24,haar-residual,deflate,7,196608,12,112183,181134,35.78907,22.89911,22.83747,0.6530913,24
walter-study,healpix,512,haar-residual-d24,haar-residual,deflate,8,786432,12,224560,405694,32.38812,25.88638,25.84319,0.827561,24
walter-study,healpix,512,haar-residual-d24,haar-residual,deflate,9,3145728,48,436920,842614,29.86349,29.19948,29.17504,0.9288268,24
walter-study,healpix,512,haar-replacement-d24,haar-replacement,deflate,5,12288,1,5902,5902,26.44809,17.89108,17.7446,0.331893,24
walter-study,healpix,512,haar-replacement-d24,haar-replacement,deflate,6,49152,12,21612,27514,26.91436,19.82281,19.72652,0.446001,24
walter-study,healpix,512,haar-replacement-d24,haar-replacement,deflate,7,196608,12,75696,103210,27.65219,22.0715,22.01868,0.61974,24
walter-study,healpix,512,haar-replacement-d24,haar-replacement,deflate,8,786432,12,257876,361086,28.64421,25.02736,24.99659,0.8002275,24
walter-study,healpix,512,haar-replacement-d24,haar-replacement,deflate,9,3145728,48,875852,1236938,29.86405,29.19981,29.17532,0.9288278,24
walter-study,healpix,512,haar-residual-d24-p0.5,haar-residual,deflate,5,12288,1,12865,12865,33.41017,18.28935,18.14705,0.3386524,24
walter-study,healpix,512,haar-residual-d24-p0.5,haar-residual,deflate,6,49152,12,26331,39196,31.09003,20.22895,20.13559,0.4625315,24
walter-study,healpix,512,haar-residual-d24-p0.5,haar-residual,deflate,7,196608,12,69432,108628,29.25249,22.32172,22.26855,0.6407048,24
walter-study,healpix,512,haar-residual-d24-p0.5,haar-residual,deflate,8,786432,12,172709,281337,27.89706,24.596,24.5681,0.804462,24
walter-study,healpix,512,haar-residual-d24-p0.5,haar-residual,deflate,9,3145728,48,436920,718257,26.85495,26.70561,26.6808,0.9024848,24
walter-study,healpix,512,jpeg-replacement-q50,image-replacement,jpeg,5,12288,1,2949,2949,23.38563,17.38273,17.20499,0.3106294,50
walter-study,healpix,512,jpeg-replacement-q50,image-replacement,jpeg,6,49152,12,13917,16866,24.41576,19.16302,19.05095,0.3996243,50
walter-study,healpix,512,jpeg-replacement-q50,image-replacement,jpeg,7,196608,12,41467,58333,25.59395,21.31265,21.25267,0.5637166,50
walter-study,healpix,512,jpeg-replacement-q50,image-replacement,jpeg,8,786432,12,140441,198774,26.89182,24.12269,24.09009,0.7590857,50
walter-study,healpix,512,jpeg-replacement-q50,image-replacement,jpeg,9,3145728,48,505711,704485,28.67892,28.43945,28.40263,0.9158222,50
walter-study,healpix,512,jpeg-residual-q50,image-residual,jpeg,5,12288,1,2949,2949,23.38563,17.38273,17.20499,0.3106294,50
walter-study,healpix,512,jpeg-residual-q50,image-residual,jpeg,6,49152,12,11842,14791,24.46556,19.17198,19.05888,0.398943,50
walter-study,healpix,512,jpeg-residual-q50,image-residual,jpeg,7,196608,12,33249,48040,25.64796,21.33344,21.27302,0.5635239,50
walter-study,healpix,512,jpeg-residual-q50,image-residual,jpeg,8,786432,12,109157,157197,26.94486,24.15282,24.11969,0.7592262,50
walter-study,healpix,512,jpeg-residual-q50,image-residual,jpeg,9,3145728,48,391377,548574,28.73416,28.4848,28.4466,0.9158402,50
walter-study,healpix,512,webp-replacement-q50,image-replacement,webp,5,12288,1,3390,3390,25.94686,17.73433,17.56749,0.3301235,50
walter-study,healpix,512,webp-replacement-q50,image-replacement,webp,6,49152,12,13192,16582,26.84476,19.6125,19.5084,0.4376616,50
walter-study,healpix,512,webp-replacement-q50,image-replacement,webp,7,196608,12,42582,59164,27.78604,21.81644,21.76193,0.6039552,50
walter-study,healpix,512,webp-replacement-q50,image-replacement,webp,8,786432,12,142136,201300,28.98658,24.76551,24.73436,0.78734,50
walter-study,healpix,512,webp-replacement-q50,image-replacement,webp,9,3145728,48,472222,673522,30.58553,29.07284,29.0438,0.9242289,50
walter-study,healpix,512,jpeg-replacement-q70,image-replacement,jpeg,5,12288,1,4058,4058,24.88022,17.65481,17.49091,0.3214574,70
walter-study,healpix,512,jpeg-replacement-q70,image-replacement,jpeg,6,49152,12,18109,22167,25.75148,19.48867,19.38165,0.4234147,70
walter-study,healpix,512,jpeg-replacement-q70,image-replacement,jpeg,7,196608,12,56324,78491,26.92212,21.71671,21.65929,0.596233,70
walter-study,healpix,512,jpeg-replacement-q70,image-replacement,jpeg,8,786432,12,195040,273531,28.32445,24.73381,24.70049,0.7897797,70
walter-study,healpix,512,jpeg-replacement-q70,image-replacement,jpeg,9,3145728,48,698019,971550,30.29146,29.40075,29.36387,0.9341672,70
walter-study,healpix,512,jpeg-residual-q70,image-residual,jpeg,5,12288,1,4058,4058,24.88022,17.65481,17.49091,0.3214574,70
walter-study,healpix,512,jpeg-residual-q70,image-residual,jpeg,6,49152,12,15390,19448,25.78772,19.49922,19.39238,0.4235753,70
walter-study,healpix,512,jpeg-residual-q70,image-residual,jpeg,7,196608,12,45613,65061,26.98557,21.73694,21.6794,0.5961909,70
walter-study,healpix,512,jpeg-residual-q70,image-residual,jpeg,8,786432,12,154406,219467,28.37937,24.75839,24.72438,0.7898575,70
walter-study,healpix,512,jpeg-residual-q70,image-residual,jpeg,9,3145728,48,549055,768522,30.34732,29.44257,29.40399,0.9342407,70
walter-study,healpix,512,webp-replacement-q70,image-replacement,webp,5,12288,1,4190,4190,26.9032,17.84341,17.67848,0.3337111,70
walter-study,healpix,512,webp-replacement-q70,image-replacement,webp,6,49152,12,16236,20426,27.92589,19.77534,19.67133,0.4473055,70
walter-study,healpix,512,webp-replacement-q70,image-replacement,webp,7,196608,12,53392,73818,29.00325,22.06391,22.00833,0.6226231,70
walter-study,healpix,512,webp-replacement-q70,image-replacement,webp,8,786432,12,180588,254406,30.41934,25.16707,25.1334,0.8065059,70
walter-study,healpix,512,webp-replacement-q70,image-replacement,webp,9,3145728,48,601692,856098,32.1955,29.76513,29.73225,0.9367053,70
walter-study,healpix,512,jpeg-replacement-q80,image-replacement,jpeg,5,12288,1,5131,5131,26.09866,17.80111,17.63905,0.3296995,80
walter-study,healpix,512,jpeg-replacement-q80,image-replacement,jpeg,6,49152,12,22107,27238,27.01052,19.70642,19.60228,0.4403225,80
walter-study,healpix,512,jpeg-replacement-q80,image-replacement,jpeg,7,196608,12,71156,98394,28.17374,22.00346,21.94643,0.6196287,80
walter-study,healpix,512,jpeg-replacement-q80,image-replacement,jpeg,8,786432,12,249440,347834,29.69469,25.16158,25.127,0.8102318,80
walter-study,healpix,512,jpeg-replacement-q80,image-replacement,jpeg,9,3145728,48,886145,1233979,31.80772,30.06318,30.02568,0.9443918,80
walter-study,healpix,512,jpeg-residual-q80,image-residual,jpeg,5,12288,1,5131,5131,26.09866,17.80111,17.63905,0.3296995,80
walter-study,healpix,512,jpeg-residual-q80,image-residual,jpeg,6,49152,12,18895,24026,27.07848,19.7203,19.61662,0.440274,80
walter-study,healpix,512,jpeg-residual-q80,image-residual,jpeg,7,196608,12,58204,82230,28.22741,22.02016,21.96328,0.6197135,80
walter-study,healpix,512,jpeg-residual-q80,image-residual,jpeg,8,786432,12,200391,282621,29.76249,25.18577,25.15061,0.8101576,80
walter-study,healpix,512,jpeg-residual-q80,image-residual,jpeg,9,3145728,48,705942,988563,31.87469,30.10881,30.06937,0.9443988,80
walter-study,healpix,512,webp-replacement-q80,image-replacement,webp,5,12288,1,5138,5138,27.78517,17.9292,17.76761,0.336004,80
walter-study,healpix,512,webp-replacement-q80,image-replacement,webp,6,49152,12,20018,25156,28.89762,19.88747,19.78326,0.4548153,80
walter-study,healpix,512,webp-replacement-q80,image-replacement,webp,7,196608,12,66448,91604,30.12323,22.23942,22.18304,0.6357902,80
walter-study,healpix,512,webp-replacement-q80,image-replacement,webp,8,786432,12,226670,318274,31.83,25.46632,25.42925,0.8194852,80
walter-study,healpix,512,webp-replacement-q80,image-replacement,webp,9,3145728,48,761488,1079762,33.94333,30.34317,30.30433,0.9451948,80
walter-study,healpix,512,jpeg-replacement-q90,image-replacement,jpeg,5,12288,1,7262,7262,28.04269,17.97704,17.81782,0.336747,90
walter-study,healpix,512,jpeg-replacement-q90,image-replacement,jpeg,6,49152,12,30511,37773,29.15952,19.96112,19.85797,0.4589104,90
walter-study,healpix,512,jpeg-replacement-q90,image-replacement,jpeg,7,196608,12,102687,140460,30.49157,22.36442,22.30604,0.6454052,90
walter-study,healpix,512,jpeg-replacement-q90,image-replacement,jpeg,8,786432,12,365359,505819,32.38143,25.68659,25.64818,0.8305506,90
walter-study,healpix,512,jpeg-replacement-q90,image-replacement,jpeg,9,3145728,48,1291467,1797286,34.86895,30.88189,30.83771,0.9541219,90
walter-study,healpix,512,jpeg-residual-q90,image-residual,jpeg,5,12288,1,7262,7262,28.04269,17.97704,17.81782,0.336747,90
walter-study,healpix,512,jpeg-residual-q90,image-residual,jpeg,6,49152,12,26458,33720,29.24592,19.97302,19.87044,0.459275,90
walter-study,healpix,512,jpeg-residual-q90,image-residual,jpeg,7,196608,12,86135,119855,30.58729,22.38333,22.32487,0.6454448,90
walter-study,healpix,512,jpeg-residual-q90,image-residual,jpeg,8,786432,12,301902,421757,32.48759,25.72012,25.68091,0.8306923,90
walter-study,healpix,512,jpeg-residual-q90,image-residual,jpeg,9,3145728,48,1056872,1478629,34.96321,30.93877,30.89257,0.9541594,90
walter-study,healpix,512,webp-replacement-q90,image-replacement,webp,5,12288,1,7054,7054,28.73062,17.99939,17.83862,0.3381767,90
walter-study,healpix,512,webp-replacement-q90,image-replacement,webp,6,49152,12,28286,35340,30.08557,20.00136,19.89642,0.4617756,90
walter-study,healpix,512,webp-replacement-q90,image-replacement,webp,7,196608,12,95564,130904,31.65153,22.42199,22.36282,0.6476035,90
walter-study,healpix,512,webp-replacement-q90,image-replacement,webp,8,786432,12,331814,462718,33.98741,25.78301,25.74268,0.8315118,90
walter-study,healpix,512,webp-replacement-q90,image-replacement,webp,9,3145728,48,1139632,1602350,37.04326,31.02323,30.97513,0.9534031,90
bookstore,healpix,512,exact,exact,deflate,5,12288,1,36864,36864,,26.20981,23.60679,0.7384986,
bookstore,healpix,512,exact,exact,deflate,6,49152,12,147456,184320,,28.45268,25.98611,0.7937079,
bookstore,healpix,512,exact,exact,deflate,7,196608,12,589824,774144,,31.33409,29.04858,0.8784987,
bookstore,healpix,512,exact,exact,deflate,8,786432,12,2359296,3133440,,35.5708,33.5141,0.9534933,
bookstore,healpix,512,exact,exact,deflate,9,3145728,48,9437184,12570624,,42.19895,40.43105,0.9902194,
bookstore,healpix,512,haar-residual-d3,haar-residual,deflate,5,12288,1,30189,30189,56.95286,26.2082,23.6064,0.7385061,3
bookstore,healpix,512,haar-residual-d3,haar-residual,deflate,6,49152,12,60246,90435,54.31099,28.44587,25.98437,0.7937116,3
bookstore,healpix,512,haar-residual-d3,haar-residual,deflate,7,196608,12,155422,245857,51.45222,31.29351,29.03974,0.8783596,3
bookstore,healpix,512,haar-residual-d3,haar-residual,deflate,8,786432,12,330578,576435,48.31091,35.36105,33.44716,0.9526095,3
bookstore,healpix,512,haar-residual-d3,haar-residual,deflate,9,3145728,48,570698,1147133,45.84756,41.04559,39.83872,0.9877242,3
bookstore,healpix,512,haar-replacement-d3,haar-replacement,deflate,5,12288,1,11245,11245,42.71724,26.11454,23.57632,0.7379562,3
bookstore,healpix,512,haar-replacement-d3,haar-replacement,deflate,6,49152,12,37798,49043,43.47912,28.30064,25.94171,0.7925302,3
bookstore,healpix,512,haar-replacement-d3,haar-replacement,deflate,7,196608,12,123335,172378,44.05667,31.08774,28.96985,0.8764317,3
bookstore,healpix,512,haar-replacement-d3,haar-replacement,deflate,8,786432,12,385948,558326,44.73082,35.11507,33.33795,0.9507979,3
bookstore,healpix,512,haar-replacement-d3,haar-replacement,deflate,9,3145728,48,1163465,1721791,45.85124,41.04668,39.83888,0.9877263,3
bookstore,healpix,512,haar-residual-d3-p0.5,haar-residual,deflate,5,12288,1,18706,18706,49.78455,26.18523,23.6027,0.7384638,3
bookstore,healpix,512,haar-residual-d3-p0.5,haar-residual,deflate,6,49152,12,38164,56870,47.75792,28.38069,25.97028,0.793462,3
bookstore,healpix,512,haar-residual-d3-p0.5,haar-residual,deflate,7,196608,12,105357,162227,45.90351,31.13076,28.99383,0.8775459,3
bookstore,healpix,512,haar-residual-d3-p0.5,haar-residual,deflate,8,786432,12,262853,425080,44.30632,34.96816,33.28574,0.9510433,3
bookstore,healpix,512,haar-residual-d3-p0.5,haar-residual,deflate,9,3145728,48,570698,995778,43.15438,40.00168,39.12622,0.9859151,3
bookstore,healpix,512,haar-residual-d6,haar-residual,deflate,5,12288,1,24858,24858,54.24043,26.20356,23.60562,0.7384945,6
bookstore,healpix,512,haar-residual-d6,haar-residual,deflate,6,49152,12,45120,69978,51.19236,28.42838,25.98185,0.7936283,6
bookstore,healpix,512,haar-residual-d6,haar-residual,deflate,7,196608,12,105357,175335,47.79749,31.22129,29.02006,0.8778107,6
bookstore,healpix,512,haar-residual-d6,haar-residual,deflate,8,786432,12,208713,384048,44.73082,35.11507,33.33795,0.9507979,6
bookstore,healpix,512,haar-residual-d6,haar-residual,deflate,9,3145728,48,352188,736236,42.43068,40.15779,39.16432,0.984666,6
bookstore,healpix,512,haar-replacement-d6,haar-replacement,deflate,5,12288,1,7910,7910,38.41017,25.9852,23.53132,0.737026,6
bookstore,healpix,512,haar-replacement-d6,haar-replacement,deflate,6,49152,12,26552,34462,39.33714,28.14865,25.86585,0.7902623,6
bookstore,healpix,512,haar-replacement-d6,haar-replacement,deflate,7,196608,12,85005,119467,40.29019,30.87259,28.85241,0.8727714,6
bookstore,healpix,512,haar-replacement-d6,haar-replacement,deflate,8,786432,12,259942,379409,41.20547,34.7258,33.09915,0.947081,6
bookstore,healpix,512,haar-replacement-d6,haar-replacement,deflate,9,3145728,48,752764,1132173,42.43217,40.15738,39.16351,0.9846627,6
bookstore,healpix,512,haar-residual-d6-p0.5,haar-residual,deflate,5,12288,1,14203,14203,45.42379,26.1357,23.5891,0.7382685,6
bookstore,healpix,512,haar-residual-d6-p0.5,haar-residual,deflate,6,49152,12,26327,40530,43.46264,28.25945,25.93539,0.7928013,6
bookstore,healpix,512,haar-residual-d6-p0.5,haar-residual,deflate,7,196608,12,69894,110424,41.79028,30.87981,28.89432,0.8755319,6
bookstore,healpix,512,haar-residual-d6-p0.5,haar-residual,deflate,8,786432,12,166666,277090,40.40706,34.39343,32.93992,0.9469171,6
bookstore,healpix,512,haar-residual-d6-p0.5,haar-residual,deflate,9,3145728,48,352188,629278,39.4121,38.41605,37.72811,0.98017,6
bookstore,healpix,512,haar-residual-d12,haar-residual,deflate,5,12288,1,19718,19718,51.10474,26.19579,23.60387,0.7384649,12
bookstore,healpix,512,haar-residual-d12,haar-residual,deflate,6,49152,12,31773,51491,47.42724,28.38521,25.96986,0.7933245,12
bookstore,healpix,512,haar-residual-d12,haar-residual,deflate,7,196608,12,69894,121385,44.05667,31.08774,28.96985,0.8764317,12
bookstore,healpix,512,haar-residual-d12,haar-residual,deflate,8,786432,12,134721,256106,41.20547,34.7258,33.09915,0.947081,12
bookstore,healpix,512,haar-residual-d12,haar-residual,deflate,9,3145728,48,218915,475021,39.05761,38.83077,37.99079,0.9782839,12
bookstore,healpix,512,haar-replacement-d12,haar-replacement,deflate,5,12288,1,5399,5399,34.49423,25.68978,23.3985,0.7338121,12
bookstore,healpix,512,haar-replacement-d12,haar-replacement,deflate,6,49152,12,17642,23041,35.39744,27.76216,25.6916,0.7828352,12
bookstore,healpix,512,haar-replacement-d12,haar-replacement,deflate,7,196608,12,56647,79688,36.45456,30.42075,28.58086,0.8622399,12
bookstore,healpix,512,haar-replacement-d12,haar-replacement,deflate,8,786432,12,172460,252148,37.67175,34.04768,32.59981,0.9375249,12
bookstore,healpix,512,haar-replacement-d12,haar-replacement,deflate,9,3145728,48,491119,743267,39.05798,38.82982,37.98955,0.978285,12
bookstore,healpix,512,haar-residual-d12-p0.5,haar-residual,deflate,5,12288,1,10417,10417,40.68045,26.02508,23.55239,0.7378376,12
bookstore,healpix,512,haar-residual-d12-p0.5,haar-residual,deflate,6,49152,12,18204,28621,39.01745,28.03649,25.84204,0.790998,12
bookstore,healpix,512,haar-residual-d12-p0.5,haar-residual,deflate,7,196608,12,46009,74630,37.59985,30.43389,28.6402,0.8701354,12
bookstore,healpix,512,haar-residual-d12-p0.5,haar-residual,deflate,8,786432,12,107830,182460,36.44064,33.37919,32.16421,0.936679,12
bookstore,healpix,512,haar-residual-d12-p0.5,haar-residual,deflate,9,3145728,48,218915,401375,35.6024,36.09237,35.46792,0.9663062,12
bookstore,healpix,512,haar-residual-d24,haar-residual,deflate,5,12288,1,15112,15112,47.14196,26.16712,23.59841,0.7382823,24
bookstore,healpix,512,haar-residual-d24,haar-residual,deflate,6,49152,12,22022,37134,43.47912,28.30064,25.94171,0.7925302,24
bookstore,healpix,512,haar-residual-d24,haar-residual,deflate,7,196608,12,46009,83143,40.29019,30.87259,28.85241,0.8727714,24
bookstore,healpix,512,haar-residual-d24,haar-residual,deflate,8,786432,12,84882,168025,37.67175,34.04768,32.59981,0.9375249,24
bookstore,healpix,512,haar-residual-d24,haar-residual,deflate,9,3145728,48,127703,295728,35.5656,36.86846,36.11256,0.9627791,24
bookstore,healpix,512,haar-replacement-d24,haar-replacement,deflate,5,12288,1,3500,3500,30.95506,25.1969,23.13919,0.7294698,24
bookstore,healpix,512,haar-replacement-d24,haar-replacement,deflate,6,49152,12,11204,14704,31.71392,27.12404,25.29602,0.7679897,24
bookstore,healpix,512,haar-replacement-d24,haar-replacement,deflate,7,196608,12,35628,50332,32.81438,29.5408,28.01258,0.8382568,24
bookstore,healpix,512,haar-replacement-d24,haar-replacement,deflate,8,786432,12,109739,160071,34.06753,32.79706,31.6032,0.9135064,24
bookstore,healpix,512,haar-replacement-d24,haar-replacement,deflate,9,3145728,48,309706,469777,35.5672,36.87048,36.11343,0.9627817,24
bookstore,healpix,512,haar-residual-d24-p0.5,haar-residual,deflate,5,12288,1,7181,7181,36.16181,25.75371,23.4575,0.7365302,24
bookstore,healpix,512,haar-residual-d24-p0.5,haar-residual,deflate,6,49152,12,11802,18983,34.69653,27.53135,25.60418,0.7855018,24
bookstore,healpix,512,haar-residual-d24-p0.5,haar-residual,deflate,7,196608,12,28972,47955,33.48683,29.48999,28.04766,0.8544382,24
bookstore,healpix,512,haar-residual-d24-p0.5,haar-residual,deflate,8,786432,12,65660,113615,32.51942,31.57088,30.66563,0.9093114,24
bookstore,healpix,512,haar-residual-d24-p0.5,haar-residual,deflate,9,3145728,48,127703,241318,31.76574,33.03608,32.44092,0.9315186,24
bookstore,healpix,512,jpeg-replacement-q50,image-replacement,jpeg,5,12288,1,2104,2104,28.76856,24.9803,22.77015,0.7187654,50
bookstore,healpix,512,jpeg-replacement-q50,image-replacement,jpeg,6,49152,12,9773,11877,29.99735,26.91722,24.84622,0.7486744,50
bookstore,healpix,512,jpeg-replacement-q50,image-replacement,jpeg,7,196608,12,24033,35910,31.26946,29.2752,27.40181,0.812693,50
bookstore,healpix,512,jpeg-replacement-q50,image-replacement,jpeg,8,786432,12,69717,105627,32.952,32.36022,30.86602,0.9039783,50
bookstore,healpix,512,jpeg-replacement-q50,image-replacement,jpeg,9,3145728,48,212670,318297,35.76654,36.79626,35.88893,0.9674443,50
bookstore,healpix,512,jpeg-residual-q50,image-residual,jpeg,5,12288,1,2104,2104,28.76856,24.9803,22.77015,0.7187654,50
bookstore,healpix,512,jpeg-residual-q50,image-residual,jpeg,6,49152,12,8287,10391,29.99601,26.89755,24.85265,0.7486429,50
bookstore,healpix,512,jpeg-residual-q50,image-residual,jpeg,7,196608,12,19368,29759,31.26999,29.24137,27.40892,0.8121463,50
bookstore,healpix,512,jpeg-residual-q50,image-residual,jpeg,8,786432,12,55044,84803,32.93073,32.31203,30.85226,0.9020163,50
bookstore,healpix,512,jpeg-residual-q50,image-residual,jpeg,9,3145728,48,168660,253463,35.71027,36.69786,35.83043,0.9654653,50
bookstore,healpix,512,webp-replacement-q50,image-replacement,webp,5,12288,1,1820,1820,30.79354,25.1426,23.02299,0.7291208,50
bookstore,healpix,512,webp-replacement-q50,image-replacement,webp,6,49152,12,6202,8022,31.88325,27.10713,25.16582,0.7672366,50
bookstore,healpix,512,webp-replacement-q50,image-replacement,webp,7,196608,12,17678,25700,32.90097,29.48497,27.79137,0.8343667,50
bookstore,healpix,512,webp-replacement-q50,image-replacement,webp,8,786432,12,49734,75434,34.32756,32.56273,31.26607,0.9105086,50
bookstore,healpix,512,webp-replacement-q50,image-replacement,webp,9,3145728,48,128382,203816,36.29871,36.48814,35.72796,0.962285,50
bookstore,healpix,512,jpeg-replacement-q70,image-replacement,jpeg,5,12288,1,2840,2840,30.54552,25.35793,23.0815,0.7239287,70
bookstore,healpix,512,jpeg-replacement-q70,image-replacement,jpeg,6,49152,12,12333,15173,31.45393,27.35647,25.22644,0.7602284,70
bookstore,healpix,512,jpeg-replacement-q70,image-replacement,jpeg,7,196608,12,32506,47679,32.74231,29.83522,27.89525,0.8331458,70
bookstore,healpix,512,jpeg-replacement-q70,image-replacement,jpeg,8,786432,12,95953,143632,34.49302,33.15167,31.60564,0.9210704,70
bookstore,healpix,512,jpeg-replacement-q70,image-replacement,jpeg,9,3145728,48,288704,432336,37.45755,37.98327,36.994,0.9760352,70
bookstore,healpix,512,jpeg-residual-q70,image-residual,jpeg,5,12288,1,2840,2840,30.54552,25.35793,23.0815,0.7239287,70
bookstore,healpix,512,jpeg-residual-q70,image-residual,jpeg,6,49152,12,10358,13198,31.45586,27.35345,25.22872,0.760644,70
bookstore,healpix,512,jpeg-residual-q70,image-residual,jpeg,7,196608,12,26337,39535,32.72746,29.81781,27.89197,0.8324142,70
bookstore,healpix,512,jpeg-residual-q70,image-residual,jpeg,8,786432,12,76923,116458,34.47215,33.14272,31.59815,0.9201577,70
bookstore,healpix,512,jpeg-residual-q70,image-residual,jpeg,9,3145728,48,231102,347560,37.43413,37.97746,36.99443,0.9753808,70
bookstore,healpix,512,webp-replacement-q70,image-replacement,webp,5,12288,1,2280,2280,32.16443,25.41248,23.16252,0.7313302,70
bookstore,healpix,512,webp-replacement-q70,image-replacement,webp,6,49152,12,7820,10100,33.1987,27.38712,25.37181,0.7730843,70
bookstore,healpix,512,webp-replacement-q70,image-replacement,webp,7,196608,12,22436,32536,34.31163,29.85816,28.08822,0.8453543,70
bookstore,healpix,512,webp-replacement-q70,image-replacement,webp,8,786432,12,62994,95530,35.72332,33.13368,31.78503,0.921986,70
bookstore,healpix,512,webp-replacement-q70,image-replacement,webp,9,3145728,48,161786,257316,37.62812,37.36387,36.58785,0.9698031,70
bookstore,healpix,512,jpeg-replacement-q80,image-replacement,jpeg,5,12288,1,3530,3530,32.0086,25.5686,23.23445,0.7283408,80
bookstore,healpix,512,jpeg-replacement-q80,image-replacement,jpeg,6,49152,12,14810,18340,32.91375,27.62209,25.45842,0.7696651,80
bookstore,healpix,512,jpeg-replacement-q80,image-replacement,jpeg,7,196608,12,40829,59169,34.1082,30.17833,28.2206,0.8463897,80
bookstore,healpix,512,jpeg-replacement-q80,image-replacement,jpeg,8,786432,12,122026,181195,35.81175,33.66403,32.0841,0.9311667,80
bookstore,healpix,512,jpeg-replacement-q80,image-replacement,jpeg,9,3145728,48,365665,546860,38.80574,38.73992,37.73341,0.9805879,80
bookstore,healpix,512,jpeg-residual-q80,image-residual,jpeg,5,12288,1,3530,3530,32.0086,25.5686,23.23445,0.7283408,80
bookstore,healpix,512,jpeg-residual-q80,image-residual,jpeg,6,49152,12,12487,16017,32.89443,27.58937,25.44522,0.7695095,80
bookstore,healpix,512,jpeg-residual-q80,image-residual,jpeg,7,196608,12,33254,49271,34.08746,30.15586,28.21137,0.8459895,80
bookstore,healpix,512,jpeg-residual-q80,image-residual,jpeg,8,786432,12,98774,148045,35.7784,33.64883,32.08331,0.9305123,80
bookstore,healpix,512,jpeg-residual-q80,image-residual,jpeg,9,3145728,48,296036,444081,38.73403,38.69825,37.71013,0.9800282,80
bookstore,healpix,512,webp-replacement-q80,image-replacement,webp,5,12288,1,2960,2960,33.7695,25.62525,23.28866,0.7334002,80
bookstore,healpix,512,webp-replacement-q80,image-replacement,webp,6,49152,12,9900,12860,34.78869,27.65466,25.53624,0.7791067,80
bookstore,healpix,512,webp-replacement-q80,image-replacement,webp,7,196608,12,28588,41448,35.86978,30.18256,28.34969,0.8549465,80
bookstore,healpix,512,webp-replacement-q80,image-replacement,webp,8,786432,12,81084,122532,37.28398,33.66928,32.22362,0.9320162,80
bookstore,healpix,512,webp-replacement-q80,image-replacement,webp,9,3145728,48,208786,331318,39.13635,38.25633,37.44049,0.9758606,80
bookstore,healpix,512,jpeg-replacement-q90,image-replacement,jpeg,5,12288,1,5030,5030,34.62918,25.82376,23.39463,0.7337592,90
bookstore,healpix,512,jpeg-replacement-q90,image-replacement,jpeg,6,49152,12,20310,25340,35.59426,27.91497,25.66988,0.781226,90
bookstore,healpix,512,jpeg-replacement-q90,image-replacement,jpeg,7,196608,12,59226,84566,36.74422,30.58824,28.56843,0.8630505,90
bookstore,healpix,512,jpeg-replacement-q90,image-replacement,jpeg,8,786432,12,182509,267075,38.36211,34.3264,32.66048,0.9427472,90
bookstore,healpix,512,jpeg-replacement-q90,image-replacement,jpeg,9,3145728,48,553268,820343,41.2407,39.87744,38.72469,0.9854449,90
bookstore,healpix,512,jpeg-residual-q90,image-residual,jpeg,5,12288,1,5030,5030,34.62918,25.82376,23.39463,0.7337592,90
bookstore,healpix,512,jpeg-residual-q90,image-residual,jpeg,6,49152,12,17305,22335,35.5805,27.90884,25.66792,0.7814564,90
bookstore,healpix,512,jpeg-residual-q90,image-residual,jpeg,7,196608,12,49592,71927,36.69453,30.57046,28.56618,0.8630297,90
bookstore,healpix,512,jpeg-residual-q90,image-residual,jpeg,8,786432,12,152086,224013,38.28523,34.29143,32.65147,0.9424872,90
bookstore,healpix,512,jpeg-residual-q90,image-residual,jpeg,9,3145728,48,460208,684221,41.06222,39.74749,38.66652,0.9851801,90
bookstore,healpix,512,webp-replacement-q90,image-replacement,webp,5,12288,1,4536,4536,36.58088,25.86223,23.41838,0.7361985,90
bookstore,healpix,512,webp-replacement-q90,image-replacement,webp,6,49152,12,15474,20010,37.51412,27.9853,25.71822,0.7869722,90
bookstore,healpix,512,webp-replacement-q90,image-replacement,webp,7,196608,12,45236,65246,38.52309,30.62245,28.61699,0.8679394,90
bookstore,healpix,512,webp-replacement-q90,image-replacement,webp,8,786432,12,131108,196354,40.01452,34.33267,32.7225,0.9434478,90
bookstore,healpix,512,webp-replacement-q90,image-replacement,webp,9,3145728,48,348270,544624,41.95101,39.50671,38.57306,0.98278,90
gardens,healpix,512,exact,exact,deflate,5,12288,1,36864,36864,,20.30772,19.63014,0.4557255,
gardens,healpix,512,exact,exact,deflate,6,49152,12,147456,184320,,22.22706,21.12431,0.5578093,
gardens,healpix,512,exact,exact,deflate,7,196608,12,589824,774144,,24.89916,23.28651,0.7246406,
gardens,healpix,512,exact,exact,deflate,8,786432,12,2359296,3133440,,29.0987,27.00745,0.8914417,
gardens,healpix,512,exact,exact,deflate,9,3145728,48,9437184,12570624,,35.84931,33.46847,0.978464,
gardens,healpix,512,haar-residual-d3,haar-residual,deflate,5,12288,1,38268,38268,56.85604,20.30744,19.62982,0.4557205,3
gardens,healpix,512,haar-residual-d3,haar-residual,deflate,6,49152,12,83176,121444,54.12556,22.22593,21.12373,0.5578023,3
gardens,healpix,512,haar-residual-d3,haar-residual,deflate,7,196608,12,255253,376697,50.77179,24.89321,23.28397,0.7245689,3
gardens,healpix,512,haar-residual-d3,haar-residual,deflate,8,786432,12,721850,1098547,46.40046,29.0466,26.98821,0.8909985,3
gardens,healpix,512,haar-residual-d3,haar-residual,deflate,9,3145728,48,1749901,2848448,42.0211,35.29427,33.249,0.9771857,3
gardens,healpix,512,haar-replacement-d3,haar-replacement,deflate,5,12288,1,18435,18435,40.58449,20.28624,19.61446,0.45549,3
gardens,healpix,512,haar-replacement-d3,haar-replacement,deflate,6,49152,12,67391,85826,40.81519,22.19267,21.10141,0.556955,3
gardens,healpix,512,haar-replacement-d3,haar-replacement,deflate,7,196608,12,242123,327949,41.12777,24.83635,23.25412,0.7233586,3
gardens,healpix,512,haar-replacement-d3,haar-replacement,deflate,8,786432,12,850877,1178826,41.42199,28.9379,26.93971,0.8899144,3
gardens,healpix,512,haar-replacement-d3,haar-replacement,deflate,9,3145728,48,2885517,4064343,42.02258,35.2977,33.25107,0.9771866,3
gardens,healpix,512,haar-residual-d3-p0.5,haar-residual,deflate,5,12288,1,26201,26201,49.37015,20.30501,19.62799,0.4557275,3
gardens,healpix,512,haar-residual-d3-p0.5,haar-residual,deflate,6,49152,12,62556,88757,46.95621,22.21625,21.11811,0.5576927,3
gardens,healpix,512,haar-residual-d3-p0.5,haar-residual,deflate,7,196608,12,205757,294514,44.47853,24.85913,23.26865,0.7241874,3
gardens,healpix,512,haar-residual-d3-p0.5,haar-residual,deflate,8,786432,12,626458,920972,42.06971,28.90198,26.93499,0.8901203,3
gardens,healpix,512,haar-residual-d3-p0.5,haar-residual,deflate,9,3145728,48,1749901,2670873,39.93507,34.68923,32.99696,0.9760964,3
gardens,healpix,512,haar-residual-d6,haar-residual,deflate,5,12288,1,32170,32170,54.16178,20.30699,19.62968,0.4557174,6
gardens,healpix,512,haar-residual-d6,haar-residual,deflate,6,49152,12,69158,101328,50.66839,22.22399,21.12257,0.5577564,6
gardens,healpix,512,haar-residual-d6,haar-residual,deflate,7,196608,12,205757,307085,46.17579,24.87948,23.2773,0.7243334,6
gardens,healpix,512,haar-residual-d6,haar-residual,deflate,8,786432,12,542121,849206,41.42199,28.9379,26.93971,0.8899144,6
gardens,healpix,512,haar-residual-d6,haar-residual,deflate,9,3145728,48,1185514,2034720,37.30813,34.53197,32.8113,0.9750316,6
gardens,healpix,512,haar-replacement-d6,haar-replacement,deflate,5,12288,1,14006,14006,35.42324,20.23711,19.57213,0.45452,6
gardens,healpix,512,haar-replacement-d6,haar-replacement,deflate,6,49152,12,50520,64526,35.79409,22.11699,21.04941,0.5550769,6
gardens,healpix,512,haar-replacement-d6,haar-replacement,deflate,7,196608,12,181473,245999,36.11231,24.70145,23.17349,0.7198868,6
gardens,healpix,512,haar-replacement-d6,haar-replacement,deflate,8,786432,12,623583,869582,36.54291,28.64851,26.78548,0.8866727,6
gardens,healpix,512,haar-replacement-d6,haar-replacement,deflate,9,3145728,48,2068346,2937928,37.30803,34.53354,32.81296,0.9750322,6
gardens,healpix,512,haar-residual-d6-p0.5,haar-residual,deflate,5,12288,1,21871,21871,44.20918,20.29832,19.6227,0.4556305,6
gardens,healpix,512,haar-residual-d6-p0.5,haar-residual,deflate,6,49152,12,49461,71332,41.64051,22.19116,21.10218,0.5572493,6
gardens,healpix,512,haar-residual-d6-p0.5,haar-residual,deflate,7,196608,12,157873,229205,39.19999,24.76908,23.22203,0.7227574,6
gardens,healpix,512,haar-residual-d6-p0.5,haar-residual,deflate,8,786432,12,461758,690963,36.90974,28.52691,26.75744,0.886932,6
gardens,healpix,512,haar-residual-d6-p0.5,haar-residual,deflate,9,3145728,48,1185514,1876477,35.01919,33.25802,32.07058,0.9713888,6
gardens,healpix,512,haar-residual-d12,haar-residual,deflate,5,12288,1,27265,27265,50.56369,20.30687,19.62929,0.4557302,12
gardens,healpix,512,haar-residual-d12,haar-residual,deflate,6,49152,12,55939,83204,45.98822,22.21686,21.11824,0.5576321,12
gardens,healpix,512,haar-residual-d12,haar-residual,deflate,7,196608,12,157873,241077,41.12777,24.83635,23.25412,0.7233586,12
gardens,healpix,512,haar-residual-d12,haar-residual,deflate,8,786432,12,379250,620327,36.54291,28.64851,26.78548,0.8866727,12
gardens,healpix,512,haar-residual-d12,haar-residual,deflate,9,3145728,48,754422,1374749,33.08064,33.11383,31.76386,0.9690787,12
gardens,healpix,512,haar-replacement-d12,haar-replacement,deflate,5,12288,1,9866,9866,30.62569,20.08193,19.44442,0.4520575,12
gardens,healpix,512,haar-replacement-d12,haar-replacement,deflate,6,49152,12,34666,44532,31.10019,21.89747,20.89114,0.5475851,12
gardens,healpix,512,haar-replacement-d12,haar-replacement,deflate,7,196608,12,123419,167951,31.52902,24.33712,22.94455,0.7100057,12
gardens,healpix,512,haar-replacement-d12,haar-replacement,deflate,8,786432,12,425643,593594,32.08826,27.95537,26.35878,0.8776491,12
gardens,healpix,512,haar-replacement-d12,haar-replacement,deflate,9,3145728,48,1404339,1997933,33.08069,33.11572,31.76598,0.969078,12
gardens,healpix,512,haar-residual-d12-p0.5,haar-residual,deflate,5,12288,1,17420,17420,38.81266,20.2662,19.59976,0.4553614,12
gardens,healpix,512,haar-residual-d12-p0.5,haar-residual,deflate,6,49152,12,36941,54361,36.36057,22.10151,21.04583,0.5559136,12
gardens,healpix,512,haar-residual-d12-p0.5,haar-residual,deflate,7,196608,12,112105,166466,34.08087,24.48952,23.06926,0.7180216,12
gardens,healpix,512,haar-residual-d12-p0.5,haar-residual,deflate,8,786432,12,307247,473713,32.05877,27.61995,26.24265,0.8774221,12
gardens,healpix,512,haar-residual-d12-p0.5,haar-residual,deflate,9,3145728,48,754422,1228135,30.54413,30.86193,30.12593,0.9582233,12
gardens,healpix,512,haar-residual-d24,haar-residual,deflate,5,12288,1,22827,22827,45.77019,20.30174,19.6256,0.4556543,24
gardens,healpix,512,haar-residual-d24,haar-residual,deflate,6,49152,12,43174,66001,40.81519,22.19267,21.10141,0.556955,24
gardens,healpix,512,haar-residual-d24,haar-residual,deflate,7,196608,12,112105,178106,36.11231,24.70145,23.17349,0.7198868,24
gardens,healpix,512,haar-residual-d24,haar-residual,deflate,8,786432,12,243499,421605,32.08826,27.95537,26.35878,0.8776491,24
gardens,healpix,512,haar-residual-d24,haar-residual,deflate,9,3145728,48,432432,854037,29.32307,30.92248,29.87962,0.9521472,24
gardens,healpix,512,haar-replacement-d24,haar-replacement,deflate,5,12288,1,6177,6177,26.48122,19.65231,19.11023,0.4436862,24
gardens,healpix,512,haar-replacement-d24,haar-replacement,deflate,6,49152,12,21162,27339,27.16893,21.36916,20.49897,0.5308789,24
gardens,healpix,512,haar-replacement-d24,haar-replacement,deflate,7,196608,12,75006,102345,27.69366,23.58646,22.41758,0.6837074,24
gardens,healpix,512,haar-replacement-d24,haar-replacement,deflate,8,786432,12,264014,366359,28.30557,26.72427,25.45621,0.8526183,24
gardens,healpix,512,haar-replacement-d24,haar-replacement,deflate,9,3145728,48,882969,1249328,29.32329,30.92214,29.88051,0.9521438,24
gardens,healpix,512,haar-residual-d24-p0.5,haar-residual,deflate,5,12288,1,13111,13111,33.51319,20.16994,19.52357,0.4543922,24
gardens,healpix,512,haar-residual-d24-p0.5,haar-residual,deflate,6,49152,12,25369,38480,31.31439,21.85444,20.87062,0.5507922,24
gardens,healpix,512,haar-residual-d24-p0.5,haar-residual,deflate,7,196608,12,71210,109690,29.34225,23.81393,22.637,0.7030244,24
gardens,healpix,512,haar-residual-d24-p0.5,haar-residual,deflate,8,786432,12,185082,294772,27.72481,26.01084,25.06816,0.8511079,24
gardens,healpix,512,haar-residual-d24-p0.5,haar-residual,deflate,9,3145728,48,432432,727204,26.53963,27.77452,27.25069,0.9227936,24
gardens,healpix,512,jpeg-replacement-q50,image-replacement,jpeg,5,12288,1,2940,2940,24.17834,18.96342,18.53253,0.4274599,50
gardens,healpix,512,jpeg-replacement-q50,image-replacement,jpeg,6,49152,12,13349,16289,25.05695,20.70401,19.91987,0.4996771,50
gardens,healpix,512,jpeg-replacement-q50,image-replacement,jpeg,7,196608,12,39707,55996,25.4027,22.79417,21.65527,0.6496571,50
gardens,healpix,512,jpeg-replacement-q50,image-replacement,jpeg,8,786432,12,138095,194091,26.01751,25.72652,24.32766,0.8328962,50
gardens,healpix,512,jpeg-replacement-q50,image-replacement,jpeg,9,3145728,48,487880,681971,28.00013,30.06476,28.60575,0.9521784,50
gardens,healpix,512,jpeg-residual-q50,image-residual,jpeg,5,12288,1,2940,2940,24.17834,18.96342,18.53253,0.4274599,50
gardens,healpix,512,jpeg-residual-q50,image-residual,jpeg,6,49152,12,11106,14046,25.08274,20.72085,19.92978,0.4998487,50
gardens,healpix,512,jpeg-residual-q50,image-residual,jpeg,7,196608,12,31515,45561,25.44543,22.81191,21.66718,0.6497439,50
gardens,healpix,512,jpeg-residual-q50,image-residual,jpeg,8,786432,12,108218,153779,26.0652,25.7574,24.35239,0.8331414,50
gardens,healpix,512,jpeg-residual-q50,image-residual,jpeg,9,3145728,48,375907,529686,28.08331,30.11643,28.67104,0.9524075,50
gardens,healpix,512,webp-replacement-q50,image-replacement,webp,5,12288,1,3356,3356,26.17573,19.47084,18.93241,0.4443033,50
gardens,healpix,512,webp-replacement-q50,image-replacement,webp,6,49152,12,12520,15876,27.07039,21.20286,20.33141,0.530874,50
gardens,healpix,512,webp-replacement-q50,image-replacement,webp,7,196608,12,43020,58896,27.54237,23.387,22.18286,0.6837618,50
gardens,healpix,512,webp-replacement-q50,image-replacement,webp,8,786432,12,154390,213286,28.3164,26.52127,25.13071,0.8548233,50
gardens,healpix,512,webp-replacement-q50,image-replacement,webp,9,3145728,48,506864,720150,29.89863,30.75551,29.57434,0.9548457,50
gardens,healpix,512,jpeg-replacement-q70,image-replacement,jpeg,5,12288,1,3974,3974,25.08562,19.20828,18.74521,0.4359652,70
gardens,healpix,512,jpeg-replacement-q70,image-replacement,jpeg,6,49152,12,17344,21318,26.20898,21.06557,20.22265,0.5209712,70
gardens,healpix,512,jpeg-replacement-q70,image-replacement,jpeg,7,196608,12,54375,75693,26.60236,23.25477,22.04991,0.6808899,70
gardens,healpix,512,jpeg-replacement-q70,image-replacement,jpeg,8,786432,12,191437,267130,27.35115,26.4203,24.95135,0.8581758,70
gardens,healpix,512,jpeg-replacement-q70,image-replacement,jpeg,9,3145728,48,662676,929806,29.41269,31.11556,29.57644,0.9635711,70
gardens,healpix,512,jpeg-residual-q70,image-residual,jpeg,5,12288,1,3974,3974,25.08562,19.20828,18.74521,0.4359652,70
gardens,healpix,512,jpeg-residual-q70,image-residual,jpeg,6,49152,12,14396,18370,26.2106,21.06468,20.22031,0.5208444,70
gardens,healpix,512,jpeg-residual-q70,image-residual,jpeg,7,196608,12,43762,62132,26.6361,23.2721,22.05877,0.6809418,70
gardens,healpix,512,jpeg-residual-q70,image-residual,jpeg,8,786432,12,152516,214648,27.38879,26.44662,24.97211,0.8583068,70
gardens,healpix,512,jpeg-residual-q70,image-residual,jpeg,9,3145728,48,516061,730709,29.48892,31.17481,29.63616,0.9637367,70
gardens,healpix,512,webp-replacement-q70,image-replacement,webp,5,12288,1,4074,4074,27.10959,19.61469,19.04659,0.4482711,70
gardens,healpix,512,webp-replacement-q70,image-replacement,webp,6,49152,12,15196,19270,28.04987,21.37936,20.466,0.5386465,70
gardens,healpix,512,webp-replacement-q70,image-replacement,webp,7,196608,12,52986,72256,28.56919,23.66168,22.37804,0.6967488,70
gardens,healpix,512,webp-replacement-q70,image-replacement,webp,8,786432,12,189106,261362,29.43234,26.97616,25.46727,0.8663788,70
gardens,healpix,512,webp-replacement-q70,image-replacement,webp,9,3145728,48,631444,892806,31.26003,31.58506,30.29269,0.9626355,70
gardens,healpix,512,jpeg-replacement-q80,image-replacement,jpeg,5,12288,1,5065,5065,26.15027,19.47429,18.94575,0.442971,80
gardens,healpix,512,jpeg-replacement-q80,image-replacement,jpeg,6,49152,12,21231,26296,27.25829,21.30779,20.41103,0.5353103,80
gardens,healpix,512,jpeg-replacement-q80,image-replacement,jpeg,7,196608,12,68498,94794,27.75137,23.58614,22.31864,0.6994463,80
gardens,healpix,512,jpeg-replacement-q80,image-replacement,jpeg,8,786432,12,243353,338147,28.60946,26.95306,25.39448,0.872105,80
gardens,healpix,512,jpeg-replacement-q80,image-replacement,jpeg,9,3145728,48,833133,1171280,30.73363,31.92648,30.3298,0.9694516,80
gardens,healpix,512,jpeg-residual-q80,image-residual,jpeg,5,12288,1,5065,5065,26.15027,19.47429,18.94575,0.442971,80
gardens,healpix,512,jpeg-residual-q80,image-residual,jpeg,6,49152,12,17667,22732,27.26906,21.31712,20.41761,0.5352467,80
gardens,healpix,512,jpeg-residual-q80,image-residual,jpeg,7,196608,12,55769,78501,27.77344,23.59345,22.32354,0.6995655,80
gardens,healpix,512,jpeg-residual-q80,image-residual,jpeg,8,786432,12,196465,274966,28.65569,26.97564,25.41449,0.8720973,80
gardens,healpix,512,jpeg-residual-q80,image-residual,jpeg,9,3145728,48,657893,932859,30.8039,31.96734,30.3843,0.9694422,80
gardens,healpix,512,webp-replacement-q80,image-replacement,webp,5,12288,1,4964,4964,27.85106,19.69234,19.12265,0.4514182,80
gardens,healpix,512,webp-replacement-q80,image-replacement,webp,6,49152,12,18670,23634,28.95099,21.54133,20.58036,0.5458013,80
gardens,healpix,512,webp-replacement-q80,image-replacement,webp,7,196608,12,64946,88580,29.49801,23.88701,22.53063,0.706619,80
gardens,healpix,512,webp-replacement-q80,image-replacement,webp,8,786432,12,232442,321022,30.47888,27.36709,25.73531,0.8751407,80
gardens,healpix,512,webp-replacement-q80,image-replacement,webp,9,3145728,48,784224,1105246,32.64967,32.3644,30.9123,0.9681216,80
gardens,healpix,512,jpeg-replacement-q90,image-replacement,jpeg,5,12288,1,7222,7222,28.0616,19.75557,19.17703,0.4523054,90
gardens,healpix,512,jpeg-replacement-q90,image-replacement,jpeg,6,49152,12,29046,36268,29.19572,21.61971,20.64174,0.5498884,90
gardens,healpix,512,jpeg-replacement-q90,image-replacement,jpeg,7,196608,12,97282,133550,29.74257,24.00999,22.624,0.7157918,90
gardens,healpix,512,jpeg-replacement-q90,image-replacement,jpeg,8,786432,12,349785,483335,30.78936,27.6318,25.9128,0.8848282,90
gardens,healpix,512,jpeg-replacement-q90,image-replacement,jpeg,9,3145728,48,1203374,1686709,33.25706,33.13552,31.39872,0.9751312,90
gardens,healpix,512,jpeg-residual-q90,image-residual,jpeg,5,12288,1,7222,7222,28.0616,19.75557,19.17703,0.4523054,90
gardens,healpix,512,jpeg-residual-q90,image-residual,jpeg,6,49152,12,24712,31934,29.25818,21.62934,20.65037,0.5498767,90
gardens,healpix,512,jpeg-residual-q90,image-residual,jpeg,7,196608,12,81338,113272,29.79957,24.03465,22.63675,0.7157806,90
gardens,healpix,512,jpeg-residual-q90,image-residual,jpeg,8,786432,12,291636,404908,30.87059,27.66364,25.94096,0.8848859,90
gardens,healpix,512,jpeg-residual-q90,image-residual,jpeg,9,3145728,48,986240,1391148,33.38302,33.18295,31.47467,0.9750948,90
gardens,healpix,512,webp-replacement-q90,image-replacement,webp,5,12288,1,6942,6942,28.79987,19.79861,19.20962,0.4542533,90
gardens,healpix,512,webp-replacement-q90,image-replacement,webp,6,49152,12,26574,33516,30.07206,21.68072,20.68342,0.5528856,90
gardens,healpix,512,webp-replacement-q90,image-replacement,webp,7,196608,12,90982,124498,30.5676,24.11626,22.67693,0.7167341,90
gardens,healpix,512,webp-replacement-q90,image-replacement,webp,8,786432,12,326146,450644,31.74009,27.79633,26.00103,0.8841329,90
gardens,healpix,512,webp-replacement-q90,image-replacement,webp,9,3145728,48,1128790,1579434,34.65724,33.35907,31.61976,0.9736855,90
stadium,healpix,512,exact,exact,deflate,5,12288,1,36864,36864,,25.51205,21.14304,0.546527,
stadium,healpix,512,exact,exact,deflate,6,49152,12,147456,184320,,27.2439,22.70804,0.6123068,
stadium,healpix,512,exact,exact,deflate,7,196608,12,589824,774144,,29.37113,24.51264,0.7232803,
stadium,healpix,512,exact,exact,deflate,8,786432,12,2359296,3133440,,32.26491,27.08741,0.8519257,
stadium,healpix,512,exact,exact,deflate,9,3145728,48,9437184,12570624,,37.1678,31.8745,0.9569543,
stadium,healpix,512,haar-residual-d3,haar-residual,deflate,5,12288,1,32570,32570,56.93315,25.5075,21.14297,0.5465271,3
stadium,healpix,512,haar-residual-d3,haar-residual,deflate,6,49152,12,66622,99192,54.35262,27.22181,22.70745,0.6122894,3
stadium,healpix,512,haar-residual-d3,haar-residual,deflate,7,196608,12,183908,283100,51.38431,29.26055,24.50976,0.7231697,3
stadium,healpix,512,haar-residual-d3,haar-residual,deflate,8,786432,12,478958,762058,47.64771,31.8471,27.07273,0.8512744,3
stadium,healpix,512,haar-residual-d3,haar-residual,deflate,9,3145728,48,1203276,1965334,44.07626,35.86184,31.77728,0.9552641,3
stadium,healpix,512,haar-replacement-d3,haar-replacement,deflate,5,12288,1,13077,13077,41.73354,25.10832,21.12407,0.5461085,3
stadium,healpix,512,haar-replacement-d3,haar-replacement,deflate,6,49152,12,45922,58999,42.29854,26.7968,22.68401,0.6114122,3
stadium,healpix,512,haar-replacement-d3,haar-replacement,deflate,7,196608,12,162314,221313,42.75742,28.78042,24.47985,0.7216399,3
stadium,healpix,512,haar-replacement-d3,haar-replacement,deflate,8,786432,12,567221,788534,43.26248,31.44725,27.04037,0.8499562,3
stadium,healpix,512,haar-replacement-d3,haar-replacement,deflate,9,3145728,48,1991696,2780230,44.07863,35.86404,31.77738,0.9552622,3
stadium,healpix,512,haar-residual-d3-p0.5,haar-residual,deflate,5,12288,1,20904,20904,49.56404,25.4149,21.14024,0.5464554,3
stadium,healpix,512,haar-residual-d3-p0.5,haar-residual,deflate,6,49152,12,44387,65291,47.45485,27.00793,22.70071,0.6121153,3
stadium,healpix,512,haar-residual-d3-p0.5,haar-residual,deflate,7,196608,12,135858,201149,45.40529,28.82075,24.49296,0.7225747,3
stadium,healpix,512,haar-residual-d3-p0.5,haar-residual,deflate,8,786432,12,410842,611991,43.40106,31.14031,27.03022,0.8501422,3
stadium,healpix,512,haar-residual-d3-p0.5,haar-residual,deflate,9,3145728,48,1203276,1815267,41.70274,34.89636,31.63971,0.9539342,3
stadium,healpix,512,haar-residual-d6,haar-residual,deflate,5,12288,1,27102,27102,54.26987,25.50028,21.14271,0.5465145,6
stadium,healpix,512,haar-residual-d6,haar-residual,deflate,6,49152,12,51191,78293,51.0379,27.17059,22.70569,0.61224,6
stadium,healpix,512,haar-residual-d6,haar-residual,deflate,7,196608,12,135858,214151,47.25851,29.0805,24.50255,0.7227905,6
stadium,healpix,512,haar-residual-d6,haar-residual,deflate,8,786432,12,349573,563724,43.26248,31.44725,27.04037,0.8499562,6
stadium,healpix,512,haar-residual-d6,haar-residual,deflate,9,3145728,48,852473,1416197,39.90483,35.16982,31.61219,0.9528739,6
stadium,healpix,512,haar-replacement-d6,haar-replacement,deflate,5,12288,1,9644,9644,37.02901,24.69151,21.08382,0.5453002,6
stadium,healpix,512,haar-replacement-d6,haar-replacement,deflate,6,49152,12,32982,42626,37.76207,26.38599,22.63728,0.6097797,6
stadium,healpix,512,haar-replacement-d6,haar-replacement,deflate,7,196608,12,115655,158281,38.4251,28.37059,24.41856,0.7194574,6
stadium,healpix,512,haar-replacement-d6,haar-replacement,deflate,8,786432,12,406097,564378,39.02414,30.93842,26.95189,0.847213,6
stadium,healpix,512,haar-replacement-d6,haar-replacement,deflate,9,3145728,48,1436949,2001327,39.90568,35.17092,31.61204,0.9528733,6
stadium,healpix,512,haar-residual-d6-p0.5,haar-residual,deflate,5,12288,1,16281,16281,44.7859,25.22777,21.13443,0.5463871,6
stadium,healpix,512,haar-residual-d6-p0.5,haar-residual,deflate,6,49152,12,32668,48949,42.62581,26.65545,22.68248,0.6116361,6
stadium,healpix,512,haar-residual-d6-p0.5,haar-residual,deflate,7,196608,12,99104,148053,40.60957,28.27366,24.44771,0.7210822,6
stadium,healpix,512,haar-residual-d6-p0.5,haar-residual,deflate,8,786432,12,289204,437257,38.76814,30.36482,26.91182,0.8470268,6
stadium,healpix,512,haar-residual-d6-p0.5,haar-residual,deflate,9,3145728,48,852473,1289730,37.269,33.74628,31.22427,0.9495234,6
stadium,healpix,512,haar-residual-d12,haar-residual,deflate,5,12288,1,21933,21933,50.7874,25.45579,21.1413,0.5464732,12
stadium,healpix,512,haar-residual-d12,haar-residual,deflate,6,49152,12,38143,60076,46.82711,27.03195,22.69999,0.6119557,12
stadium,healpix,512,haar-residual-d12,haar-residual,deflate,7,196608,12,99104,159180,42.75742,28.78042,24.47985,0.7216399,12
stadium,healpix,512,haar-residual-d12,haar-residual,deflate,8,786432,12,240408,399588,39.02414,30.93842,26.95189,0.847213,12
stadium,healpix,512,haar-residual-d12,haar-residual,deflate,9,3145728,48,589912,989500,35.93134,34.31294,31.21555,0.9479542,12
stadium,healpix,512,haar-replacement-d12,haar-replacement,deflate,5,12288,1,6528,6528,32.65042,24.03296,20.96611,0.5435249,12
stadium,healpix,512,haar-replacement-d12,haar-replacement,deflate,6,49152,12,22716,29244,33.47418,25.78984,22.50658,0.6063838,12
stadium,healpix,512,haar-replacement-d12,haar-replacement,deflate,7,196608,12,79203,108447,34.23018,27.76372,24.2646,0.7143603,12
stadium,healpix,512,haar-replacement-d12,haar-replacement,deflate,8,786432,12,278642,387089,34.9855,30.31,26.73456,0.8415564,12
stadium,healpix,512,haar-replacement-d12,haar-replacement,deflate,9,3145728,48,1012438,1399527,35.93229,34.31513,31.21583,0.947957,12
stadium,healpix,512,haar-residual-d12-p0.5,haar-residual,deflate,5,12288,1,12268,12268,39.80993,24.76373,21.1064,0.5459981,12
stadium,healpix,512,haar-residual-d12-p0.5,haar-residual,deflate,6,49152,12,23398,35666,37.81003,26.03283,22.62645,0.610311,12
stadium,healpix,512,haar-residual-d12-p0.5,haar-residual,deflate,7,196608,12,67665,103331,36.02046,27.46093,24.31748,0.7175503,12
stadium,healpix,512,haar-residual-d12-p0.5,haar-residual,deflate,8,786432,12,198958,302289,34.41718,29.31499,26.60285,0.8407198,12
stadium,healpix,512,haar-residual-d12-p0.5,haar-residual,deflate,9,3145728,48,589912,892201,33.09748,32.11273,30.28373,0.9403284,12
stadium,healpix,512,haar-residual-d24,haar-residual,deflate,5,12288,1,17227,17227,46.46205,25.35747,21.138,0.5464178,24
stadium,healpix,512,haar-residual-d24,haar-residual,deflate,6,49152,12,27731,44958,42.29854,26.7968,22.68401,0.6114122,24
stadium,healpix,512,haar-residual-d24,haar-residual,deflate,7,196608,12,67665,112623,38.4251,28.37059,24.41856,0.7194574,24
stadium,healpix,512,haar-residual-d24,haar-residual,deflate,8,786432,12,160203,272826,34.9855,30.31,26.73456,0.8415564,24
stadium,healpix,512,haar-residual-d24,haar-residual,deflate,9,3145728,48,379536,652362,31.80706,33.05516,30.32686,0.9352624,24
stadium,healpix,512,haar-replacement-d24,haar-replacement,deflate,5,12288,1,4240,4240,28.73552,23.25822,20.67788,0.5386729,24
stadium,healpix,512,haar-replacement-d24,haar-replacement,deflate,6,49152,12,14353,18593,29.50815,24.94024,22.17547,0.5970959,24
stadium,healpix,512,haar-replacement-d24,haar-replacement,deflate,7,196608,12,50468,69061,30.26084,26.90548,23.88159,0.6983105,24
stadium,healpix,512,haar-replacement-d24,haar-replacement,deflate,8,786432,12,182701,251762,31.04325,29.36352,26.25383,0.8255527,24
stadium,healpix,512,haar-replacement-d24,haar-replacement,deflate,9,3145728,48,678228,929990,31.80728,33.05548,30.32731,0.9352577,24
stadium,healpix,512,haar-residual-d24-p0.5,haar-residual,deflate,5,12288,1,8893,8893,34.81956,24.00959,21.02339,0.5450405,24
stadium,healpix,512,haar-residual-d24-p0.5,haar-residual,deflate,6,49152,12,15589,24482,33.11028,25.11318,22.44546,0.6067363,24
stadium,healpix,512,haar-residual-d24-p0.5,haar-residual,deflate,7,196608,12,44430,68912,31.5692,26.33604,23.96503,0.7096856,24
stadium,healpix,512,haar-residual-d24-p0.5,haar-residual,deflate,8,786432,12,127223,196135,30.18208,27.81921,25.85587,0.8252076,24
stadium,healpix,512,haar-residual-d24-p0.5,haar-residual,deflate,9,3145728,48,379536,575671,28.87084,29.729,28.4401,0.9163845,24
stadium,healpix,512,jpeg-replacement-q50,image-replacement,jpeg,5,12288,1,2305,2305,26.33477,23.05739,20.28261,0.529732,50
stadium,healpix,512,jpeg-replacement-q50,image-replacement,jpeg,6,49152,12,10861,13166,27.55474,25.10947,21.7596,0.5746293,50
stadium,healpix,512,jpeg-replacement-q50,image-replacement,jpeg,7,196608,12,29687,42853,28.33764,26.88103,23.37516,0.6654308,50
stadium,healpix,512,jpeg-replacement-q50,image-replacement,jpeg,8,786432,12,101728,144581,28.67504,29.01658,25.51068,0.7942538,50
stadium,healpix,512,jpeg-replacement-q50,image-replacement,jpeg,9,3145728,48,396854,541435,29.27797,32.52269,29.43023,0.9217152,50
stadium,healpix,512,jpeg-residual-q50,image-residual,jpeg,5,12288,1,2305,2305,26.33477,23.05739,20.28261,0.529732,50
stadium,healpix,512,jpeg-residual-q50,image-residual,jpeg,6,49152,12,9227,11532,27.5059,24.82464,21.75124,0.5743112,50
stadium,healpix,512,jpeg-residual-q50,image-residual,jpeg,7,196608,12,23733,35265,28.32893,26.78758,23.37178,0.6656896,50
stadium,healpix,512,jpeg-residual-q50,image-residual,jpeg,8,786432,12,80311,115576,28.69292,29.04113,25.51511,0.7942777,50
stadium,healpix,512,jpeg-residual-q50,image-residual,jpeg,9,3145728,48,319153,434729,29.29376,32.53956,29.44142,0.9215855,50
stadium,healpix,512,webp-replacement-q50,image-replacement,webp,5,12288,1,2180,2180,28.04589,23.17521,20.51224,0.5377992,50
stadium,healpix,512,webp-replacement-q50,image-replacement,webp,6,49152,12,8760,10940,29.64476,25.35349,22.07588,0.5939415,50
stadium,healpix,512,webp-replacement-q50,image-replacement,webp,7,196608,12,29016,39956,30.40907,27.19499,23.75196,0.6917495,50
stadium,healpix,512,webp-replacement-q50,image-replacement,webp,8,786432,12,107042,146998,31.18748,29.55416,26.09239,0.8185342,50
stadium,healpix,512,webp-replacement-q50,image-replacement,webp,9,3145728,48,418438,565436,32.15481,33.03454,30.1685,0.9327985,50
stadium,healpix,512,jpeg-replacement-q70,image-replacement,jpeg,5,12288,1,3128,3128,27.63951,23.32993,20.52456,0.5361638,70
stadium,healpix,512,jpeg-replacement-q70,image-replacement,jpeg,6,49152,12,13814,16942,28.90272,25.63274,22.03573,0.5875024,70
stadium,healpix,512,jpeg-replacement-q70,image-replacement,jpeg,7,196608,12,40395,57337,29.63696,27.45921,23.69473,0.6860074,70
stadium,healpix,512,jpeg-replacement-q70,image-replacement,jpeg,8,786432,12,143798,201135,30.18348,29.77335,26.02676,0.8174503,70
stadium,healpix,512,jpeg-replacement-q70,image-replacement,jpeg,9,3145728,48,555676,756811,31.09297,33.6121,30.32049,0.9374325,70
stadium,healpix,512,jpeg-residual-q70,image-residual,jpeg,5,12288,1,3128,3128,27.63951,23.32993,20.52456,0.5361638,70
stadium,healpix,512,jpeg-residual-q70,image-residual,jpeg,6,49152,12,11619,14747,28.81041,25.32983,22.01876,0.5872292,70
stadium,healpix,512,jpeg-residual-q70,image-residual,jpeg,7,196608,12,32625,47372,29.64639,27.35566,23.69592,0.6859863,70
stadium,healpix,512,jpeg-residual-q70,image-residual,jpeg,8,786432,12,115327,162699,30.19181,29.74786,26.02609,0.8173143,70
stadium,healpix,512,jpeg-residual-q70,image-residual,jpeg,9,3145728,48,452190,614889,31.10289,33.62221,30.32672,0.9374442,70
stadium,healpix,512,webp-replacement-q70,image-replacement,webp,5,12288,1,2778,2778,29.22754,23.45569,20.65657,0.5416458,70
stadium,healpix,512,webp-replacement-q70,image-replacement,webp,6,49152,12,10886,13664,31.03036,25.6479,22.24114,0.6003281,70
stadium,healpix,512,webp-replacement-q70,image-replacement,webp,7,196608,12,36360,50024,31.89901,27.58573,23.94172,0.7019206,70
stadium,healpix,512,webp-replacement-q70,image-replacement,webp,8,786432,12,134974,184998,32.88022,29.98901,26.36944,0.8299598,70
stadium,healpix,512,webp-replacement-q70,image-replacement,webp,9,3145728,48,521734,706732,33.93873,33.64597,30.64519,0.9403654,70
stadium,healpix,512,jpeg-replacement-q80,image-replacement,jpeg,5,12288,1,3913,3913,28.89631,23.53261,20.67961,0.5406515,80
stadium,healpix,512,jpeg-replacement-q80,image-replacement,jpeg,6,49152,12,16771,20684,30.23256,25.97223,22.21578,0.5968413,80
stadium,healpix,512,jpeg-replacement-q80,image-replacement,jpeg,7,196608,12,51485,72169,31.02892,27.85776,23.92924,0.7011917,80
stadium,healpix,512,jpeg-replacement-q80,image-replacement,jpeg,8,786432,12,185968,258137,31.78473,30.3062,26.37975,0.8321502,80
stadium,healpix,512,jpeg-replacement-q80,image-replacement,jpeg,9,3145728,48,712785,970922,32.88465,34.36649,30.85976,0.9457367,80
stadium,healpix,512,jpeg-residual-q80,image-residual,jpeg,5,12288,1,3913,3913,28.89631,23.53261,20.67961,0.5406515,80
stadium,healpix,512,jpeg-residual-q80,image-residual,jpeg,6,49152,12,14144,18057,30.13789,25.66939,22.20273,0.596597,80
stadium,healpix,512,jpeg-residual-q80,image-residual,jpeg,7,196608,12,42000,60057,31.02146,27.73991,23.92788,0.7009855,80
stadium,healpix,512,jpeg-residual-q80,image-residual,jpeg,8,786432,12,151417,211474,31.78203,30.21021,26.37923,0.8319634,80
stadium,healpix,512,jpeg-residual-q80,image-residual,jpeg,9,3145728,48,586880,798354,32.88214,34.22302,30.85906,0.9454503,80
stadium,healpix,512,webp-replacement-q80,image-replacement,webp,5,12288,1,3464,3464,30.24525,23.59973,20.74557,0.5432877,80
stadium,healpix,512,webp-replacement-q80,image-replacement,webp,6,49152,12,13452,16916,32.4295,25.87941,22.34056,0.6044048,80
stadium,healpix,512,webp-replacement-q80,image-replacement,webp,7,196608,12,45622,62538,33.43881,27.81149,24.09157,0.7100766,80
stadium,healpix,512,webp-replacement-q80,image-replacement,webp,8,786432,12,168324,230862,34.59074,30.30213,26.56725,0.8372704,80
stadium,healpix,512,webp-replacement-q80,image-replacement,webp,9,3145728,48,647006,877868,35.89102,34.14781,31.01463,0.9456053,80
stadium,healpix,512,jpeg-replacement-q90,image-replacement,jpeg,5,12288,1,5574,5574,30.88418,23.73785,20.82234,0.544169,90
stadium,healpix,512,jpeg-replacement-q90,image-replacement,jpeg,6,49152,12,23091,28665,32.90136,26.34642,22.41759,0.6080682,90
stadium,healpix,512,jpeg-replacement-q90,image-replacement,jpeg,7,196608,12,74982,103647,33.90875,28.33418,24.19736,0.7169439,90
stadium,healpix,512,jpeg-replacement-q90,image-replacement,jpeg,8,786432,12,274387,378034,35.05242,30.92372,26.72442,0.8455146,90
stadium,healpix,512,jpeg-replacement-q90,image-replacement,jpeg,9,3145728,48,1044797,1422831,36.50817,35.27686,31.38355,0.9529278,90
stadium,healpix,512,jpeg-residual-q90,image-residual,jpeg,5,12288,1,5574,5574,30.88418,23.73785,20.82234,0.544169,90
stadium,healpix,512,jpeg-residual-q90,image-residual,jpeg,6,49152,12,19837,25411,32.86194,26.18029,22.41574,0.6079476,90
stadium,healpix,512,jpeg-residual-q90,image-residual,jpeg,7,196608,12,62790,88201,33.93186,28.2537,24.2004,0.7168474,90
stadium,healpix,512,jpeg-residual-q90,image-residual,jpeg,8,786432,12,229590,317791,35.05077,30.79173,26.7241,0.8453057,90
stadium,healpix,512,jpeg-residual-q90,image-residual,jpeg,9,3145728,48,884102,1201893,36.47594,34.98936,31.38214,0.9527073,90
stadium,healpix,512,webp-replacement-q90,image-replacement,webp,5,12288,1,4914,4914,31.7081,23.72829,20.83267,0.5447945,90
stadium,healpix,512,webp-replacement-q90,image-replacement,webp,6,49152,12,19530,24444,34.40136,26.25621,22.44839,0.608615,90
stadium,healpix,512,webp-replacement-q90,image-replacement,webp,7,196608,12,66838,91282,35.71021,28.17272,24.229,0.7168209,90
stadium,healpix,512,webp-replacement-q90,image-replacement,webp,8,786432,12,246362,337644,37.35,30.72826,26.76827,0.8444739,90
stadium,healpix,512,webp-replacement-q90,image-replacement,webp,9,3145728,48,937752,1275396,39.36729,34.78727,31.4166,0.9508769,90
superblock,healpix,512,exact,exact,deflate,5,12288,1,36864,36864,,19.05382,18.81065,0.2810519,
superblock,healpix,512,exact,exact,deflate,6,49152,12,147456,184320,,20.28972,20.00594,0.3768906,
superblock,healpix,512,exact,exact,deflate,7,196608,12,589824,774144,,22.19706,21.88665,0.5757329,
superblock,healpix,512,exact,exact,deflate,8,786432,12,2359296,3133440,,25.51786,25.1897,0.8116028,
superblock,healpix,512,exact,exact,deflate,9,3145728,48,9437184,12570624,,31.44263,31.05975,0.9585315,
superblock,healpix,512,haar-residual-d3,haar-residual,deflate,5,12288,1,36508,36508,56.95286,19.05373,18.8105,0.2810551,3
superblock,healpix,512,haar-residual-d3,haar-residual,deflate,6,49152,12,83042,119550,54.12627,20.28925,20.00545,0.3768692,3
superblock,healpix,512,haar-residual-d3,haar-residual,deflate,7,196608,12,268499,388049,50.70495,22.19471,21.88458,0.5756652,3
superblock,healpix,512,haar-residual-d3,haar-residual,deflate,8,786432,12,808108,1196157,46.0709,25.50247,25.17637,0.8113348,3
superblock,healpix,512,haar-residual-d3,haar-residual,deflate,9,3145728,48,2111842,3307999,41.41779,31.27176,30.90954,0.9577976,3
superblock,healpix,512,haar-replacement-d3,haar-replacement,deflate,5,12288,1,17591,17591,40.53617,19.038,18.79587,0.2808444,3
superblock,healpix,512,haar-replacement-d3,haar-replacement,deflate,6,49152,12,66695,84286,40.68714,20.27054,19.98873,0.3765511,3
superblock,healpix,512,haar-replacement-d3,haar-replacement,deflate,7,196608,12,253943,338229,40.74733,22.16625,21.85925,0.5750672,3
superblock,healpix,512,haar-replacement-d3,haar-replacement,deflate,8,786432,12,937324,1275553,40.91349,25.45944,25.13794,0.8107814,3
superblock,healpix,512,haar-replacement-d3,haar-replacement,deflate,9,3145728,48,3344157,4619710,41.41881,31.27256,30.91082,0.9577985,3
superblock,healpix,512,haar-residual-d3-p0.5,haar-residual,deflate,5,12288,1,25265,25265,49.40982,19.05195,18.80899,0.2810648,3
superblock,healpix,512,haar-residual-d3-p0.5,haar-residual,deflate,6,49152,12,63041,88306,46.94315,20.28425,20.00113,0.3767945,3
superblock,healpix,512,haar-residual-d3-p0.5,haar-residual,deflate,7,196608,12,220327,308633,44.34649,22.18168,21.87336,0.5754289,3
superblock,healpix,512,haar-residual-d3-p0.5,haar-residual,deflate,8,786432,12,708877,1017510,41.73494,25.45949,25.13943,0.8108597,3
superblock,healpix,512,haar-residual-d3-p0.5,haar-residual,deflate,9,3145728,48,2111842,3129352,39.43189,31.08374,30.74904,0.9572047,3
superblock,healpix,512,haar-residual-d6,haar-residual,deflate,5,12288,1,30981,30981,54.1755,19.05364,18.81045,0.281065,6
superblock,healpix,512,haar-residual-d6,haar-residual,deflate,6,49152,12,69588,100569,50.64637,20.28777,20.00424,0.3768363,6
superblock,healpix,512,haar-residual-d6,haar-residual,deflate,7,196608,12,220327,320896,45.9752,22.18854,21.87926,0.5754944,6
superblock,healpix,512,haar-residual-d6,haar-residual,deflate,8,786432,12,618202,939098,40.91349,25.45944,25.13794,0.8107814,6
superblock,healpix,512,haar-residual-d6,haar-residual,deflate,9,3145728,48,1459077,2398175,36.56423,30.90244,30.5692,0.9563543,6
superblock,healpix,512,haar-replacement-d6,haar-replacement,deflate,5,12288,1,13005,13005,35.3356,18.99922,18.76065,0.2805787,6
superblock,healpix,512,haar-replacement-d6,haar-replacement,deflate,6,49152,12,49053,62058,35.50843,20.21675,19.93898,0.3756745,6
superblock,healpix,512,haar-replacement-d6,haar-replacement,deflate,7,196608,12,188250,250308,35.6726,22.09031,21.78931,0.5734237,6
superblock,healpix,512,haar-replacement-d6,haar-replacement,deflate,8,786432,12,689721,940029,35.91497,25.31749,25.00698,0.8089517,6
superblock,healpix,512,haar-replacement-d6,haar-replacement,deflate,9,3145728,48,2434334,3374363,36.56466,30.90319,30.57035,0.9563554,6
superblock,healpix,512,haar-residual-d6-p0.5,haar-residual,deflate,5,12288,1,21013,21013,44.43275,19.0465,18.80396,0.2810042,6
superblock,healpix,512,haar-residual-d6-p0.5,haar-residual,deflate,6,49152,12,49913,70926,41.67727,20.27095,19.98926,0.3766732,6
superblock,healpix,512,haar-residual-d6-p0.5,haar-residual,deflate,7,196608,12,169532,240458,38.97754,22.14084,21.83692,0.5747502,6
superblock,healpix,512,haar-residual-d6-p0.5,haar-residual,deflate,8,786432,12,524933,765391,36.47423,25.30683,25.00141,0.8091958,6
superblock,healpix,512,haar-residual-d6-p0.5,haar-residual,deflate,9,3145728,48,1459077,2224468,34.41728,30.32959,30.05336,0.9544163,6
superblock,healpix,512,haar-residual-d12,haar-residual,deflate,5,12288,1,26267,26267,50.65605,19.05238,18.80938,0.2810458,12
superblock,healpix,512,haar-residual-d12,haar-residual,deflate,6,49152,12,56500,82767,45.92504,20.28396,20.00086,0.3767764,12
superblock,healpix,512,haar-residual-d12,haar-residual,deflate,7,196608,12,169532,252299,40.74733,22.16625,21.85925,0.5750672,12
superblock,healpix,512,haar-residual-d12,haar-residual,deflate,8,786432,12,433944,686243,35.91497,25.31749,25.00698,0.8089517,12
superblock,healpix,512,haar-residual-d12,haar-residual,deflate,9,3145728,48,929813,1616056,32.23612,29.98788,29.69447,0.9513201,12
superblock,healpix,512,haar-replacement-d12,haar-replacement,deflate,5,12288,1,8856,8856,30.65281,18.88318,18.65021,0.2796284,12
superblock,healpix,512,haar-replacement-d12,haar-replacement,deflate,6,49152,12,32681,41537,30.92898,20.07158,19.80331,0.3726368,12
superblock,healpix,512,haar-replacement-d12,haar-replacement,deflate,7,196608,12,124842,166379,31.10661,21.87933,21.5915,0.5680481,12
superblock,healpix,512,haar-replacement-d12,haar-replacement,deflate,8,786432,12,467064,633443,31.44082,24.93471,24.64447,0.8022963,12
superblock,healpix,512,haar-replacement-d12,haar-replacement,deflate,9,3145728,48,1651129,2284572,32.23611,29.98842,29.6953,0.9513225,12
superblock,healpix,512,haar-residual-d12-p0.5,haar-residual,deflate,5,12288,1,16642,16642,38.77172,19.02591,18.78563,0.2808973,12
superblock,healpix,512,haar-residual-d12-p0.5,haar-residual,deflate,6,49152,12,37143,53785,36.15146,20.21736,19.9406,0.375974,12
superblock,healpix,512,haar-residual-d12-p0.5,haar-residual,deflate,7,196608,12,119471,173256,33.70547,21.99709,21.7064,0.5724155,12
superblock,healpix,512,haar-residual-d12-p0.5,haar-residual,deflate,8,786432,12,354089,527345,31.52729,24.85087,24.57998,0.8034373,12
superblock,healpix,512,haar-residual-d12-p0.5,haar-residual,deflate,9,3145728,48,929813,1457158,29.87202,28.6472,28.44168,0.9447883,12
superblock,healpix,512,haar-residual-d24,haar-residual,deflate,5,12288,1,21907,21907,45.95094,19.05048,18.80751,0.281052,24
superblock,healpix,512,haar-residual-d24,haar-residual,deflate,6,49152,12,43563,65470,40.68714,20.27054,19.98873,0.3765511,24
superblock,healpix,512,haar-residual-d24,haar-residual,deflate,7,196608,12,119471,184941,35.6726,22.09031,21.78931,0.5734237,24
superblock,healpix,512,haar-residual-d24,haar-residual,deflate,8,786432,12,278271,463212,31.44082,24.93471,24.64447,0.8022963,24
superblock,healpix,512,haar-residual-d24,haar-residual,deflate,9,3145728,48,533297,996509,28.44423,28.25875,27.99889,0.9348531,24
superblock,healpix,512,haar-replacement-d24,haar-replacement,deflate,5,12288,1,5382,5382,26.71462,18.56723,18.34847,0.2764332,24
superblock,healpix,512,haar-replacement-d24,haar-replacement,deflate,6,49152,12,19465,24847,27.06751,19.71996,19.46216,0.3627994,24
superblock,healpix,512,haar-replacement-d24,haar-replacement,deflate,7,196608,12,74521,99368,27.2791,21.38361,21.10967,0.5483319,24
superblock,healpix,512,haar-replacement-d24,haar-replacement,deflate,8,786432,12,284304,383672,27.63566,24.09537,23.82367,0.7808091,24
superblock,healpix,512,haar-replacement-d24,haar-replacement,deflate,9,3145728,48,1029825,1413497,28.44445,28.25885,27.99928,0.9348515,24
superblock,healpix,512,haar-residual-d24-p0.5,haar-residual,deflate,5,12288,1,12167,12167,33.60989,18.95983,18.72344,0.2804247,24
superblock,healpix,512,haar-residual-d24-p0.5,haar-residual,deflate,6,49152,12,24526,36693,31.23991,20.0602,19.79628,0.3735974,24
superblock,healpix,512,haar-residual-d24-p0.5,haar-residual,deflate,7,196608,12,74019,110712,29.11164,21.6165,21.354,0.5644119,24
superblock,healpix,512,haar-residual-d24-p0.5,haar-residual,deflate,8,786432,12,211015,321727,27.31611,23.83428,23.61214,0.7846239,24
superblock,healpix,512,haar-residual-d24-p0.5,haar-residual,deflate,9,3145728,48,533297,855024,25.95774,26.0632,25.89724,0.9146278,24
superblock,healpix,512,jpeg-replacement-q50,image-replacement,jpeg,5,12288,1,2650,2650,24.69116,18.08156,17.86352,0.2609321,50
superblock,healpix,512,jpeg-replacement-q50,image-replacement,jpeg,6,49152,12,12507,15157,24.99597,19.1444,18.87876,0.3202966,50
superblock,healpix,512,jpeg-replacement-q50,image-replacement,jpeg,7,196608,12,38352,53509,24.97818,20.57622,20.26659,0.4843764,50
superblock,healpix,512,jpeg-replacement-q50,image-replacement,jpeg,8,786432,12,144612,198121,25.22429,22.847,22.49731,0.7271559,50
superblock,healpix,512,jpeg-replacement-q50,image-replacement,jpeg,9,3145728,48,559328,757449,26.74701,26.72288,26.29497,0.919471,50
superblock,healpix,512,jpeg-residual-q50,image-residual,jpeg,5,12288,1,2650,2650,24.69116,18.08156,17.86352,0.2609321,50
superblock,healpix,512,jpeg-residual-q50,image-residual,jpeg,6,49152,12,10471,13121,24.98321,19.13492,18.87312,0.3202627,50
superblock,healpix,512,jpeg-residual-q50,image-residual,jpeg,7,196608,12,31260,44381,24.99072,20.58159,20.27332,0.4845979,50
superblock,healpix,512,jpeg-residual-q50,image-residual,jpeg,8,786432,12,117120,161501,25.23697,22.84942,22.50005,0.7269079,50
superblock,healpix,512,jpeg-residual-q50,image-residual,jpeg,9,3145728,48,448084,609585,26.79666,26.76209,26.34173,0.9194535,50
superblock,healpix,512,webp-replacement-q50,image-replacement,webp,5,12288,1,2848,2848,26.23596,18.36426,18.13057,0.2730539,50
superblock,healpix,512,webp-replacement-q50,image-replacement,webp,6,49152,12,11584,14432,26.87257,19.51428,19.24199,0.3530321,50
superblock,healpix,512,webp-replacement-q50,image-replacement,webp,7,196608,12,43000,57432,26.95708,21.06474,20.76198,0.5318717,50
superblock,healpix,512,webp-replacement-q50,image-replacement,webp,8,786432,12,168308,225740,27.41281,23.62619,23.29818,0.7675958,50
superblock,healpix,512,webp-replacement-q50,image-replacement,webp,9,3145728,48,607768,833508,28.75623,27.74932,27.42684,0.9305975,50
superblock,healpix,512,jpeg-replacement-q70,image-replacement,jpeg,5,12288,1,3560,3560,25.61774,18.25909,18.03429,0.2668344,70
superblock,healpix,512,jpeg-replacement-q70,image-replacement,jpeg,6,49152,12,16319,19879,26.0518,19.40026,19.12635,0.3415168,70
superblock,healpix,512,jpeg-replacement-q70,image-replacement,jpeg,7,196608,12,53675,73554,26.07533,20.93562,20.61825,0.5212819,70
superblock,healpix,512,jpeg-replacement-q70,image-replacement,jpeg,8,786432,12,204884,278438,26.4668,23.43919,23.08174,0.7643162,70
superblock,healpix,512,jpeg-replacement-q70,image-replacement,jpeg,9,3145728,48,769829,1048267,28.15766,27.68051,27.2488,0.9372348,70
superblock,healpix,512,jpeg-residual-q70,image-residual,jpeg,5,12288,1,3560,3560,25.61774,18.25909,18.03429,0.2668344,70
superblock,healpix,512,jpeg-residual-q70,image-residual,jpeg,6,49152,12,13702,17262,26.03886,19.39438,19.12311,0.3413604,70
superblock,healpix,512,jpeg-residual-q70,image-residual,jpeg,7,196608,12,44138,61400,26.08596,20.9348,20.61808,0.5209745,70
superblock,healpix,512,jpeg-residual-q70,image-residual,jpeg,8,786432,12,168006,229406,26.48462,23.44697,23.09034,0.7643683,70
superblock,healpix,512,jpeg-residual-q70,image-residual,jpeg,9,3145728,48,620902,850308,28.20478,27.71796,27.29159,0.9372741,70
superblock,healpix,512,webp-replacement-q70,image-replacement,webp,5,12288,1,3600,3600,27.1263,18.46937,18.23639,0.2760193,70
superblock,healpix,512,webp-replacement-q70,image-replacement,webp,6,49152,12,14504,18104,27.91403,19.64681,19.37081,0.3620911,70
superblock,healpix,512,webp-replacement-q70,image-replacement,webp,7,196608,12,54020,72124,27.97747,21.26863,20.95087,0.5486852,70
superblock,healpix,512,webp-replacement-q70,image-replacement,webp,8,786432,12,210326,282450,28.47868,23.94615,23.59352,0.7844665,70
superblock,healpix,512,webp-replacement-q70,image-replacement,webp,9,3145728,48,762914,1045364,30.05265,28.39882,28.03346,0.9411246,70
superblock,healpix,512,jpeg-replacement-q80,image-replacement,jpeg,5,12288,1,4540,4540,26.52102,18.4138,18.18041,0.2725304,80
superblock,healpix,512,jpeg-replacement-q80,image-replacement,jpeg,6,49152,12,20238,24778,27.11205,19.59547,19.31818,0.3568758,80
superblock,healpix,512,jpeg-replacement-q80,image-replacement,jpeg,7,196608,12,68852,93630,27.15574,21.1982,20.87814,0.5460837,80
superblock,healpix,512,jpeg-replacement-q80,image-replacement,jpeg,8,786432,12,263958,357588,27.65114,23.86654,23.50618,0.7859592,80
superblock,healpix,512,jpeg-replacement-q80,image-replacement,jpeg,9,3145728,48,973664,1331252,29.42933,28.38637,27.9503,0.9464115,80
superblock,healpix,512,jpeg-residual-q80,image-residual,jpeg,5,12288,1,4540,4540,26.52102,18.4138,18.18041,0.2725304,80
superblock,healpix,512,jpeg-residual-q80,image-residual,jpeg,6,49152,12,17006,21546,27.11055,19.59274,19.31682,0.3567833,80
superblock,healpix,512,jpeg-residual-q80,image-residual,jpeg,7,196608,12,57088,78634,27.18499,21.20213,20.88174,0.5458537,80
superblock,healpix,512,jpeg-residual-q80,image-residual,jpeg,8,786432,12,218432,297066,27.68216,23.87861,23.52057,0.7858262,80
superblock,healpix,512,jpeg-residual-q80,image-residual,jpeg,9,3145728,48,792718,1089784,29.48902,28.4291,28.00134,0.9462974,80
superblock,healpix,512,webp-replacement-q80,image-replacement,webp,5,12288,1,4470,4470,28.0869,18.5683,18.32929,0.2782165,80
superblock,healpix,512,webp-replacement-q80,image-replacement,webp,6,49152,12,17896,22366,28.74765,19.74561,19.46072,0.3677281,80
superblock,healpix,512,webp-replacement-q80,image-replacement,webp,7,196608,12,67352,89718,28.86636,21.40642,21.07751,0.5592951,80
superblock,healpix,512,webp-replacement-q80,image-replacement,webp,8,786432,12,259816,349534,29.442,24.18456,23.81381,0.7949948,80
superblock,healpix,512,webp-replacement-q80,image-replacement,webp,9,3145728,48,951282,1300816,31.34106,28.93812,28.5215,0.9479614,80
superblock,healpix,512,jpeg-replacement-q90,image-replacement,jpeg,5,12288,1,6627,6627,28.23738,18.59467,18.35629,0.2790712,90
superblock,healpix,512,jpeg-replacement-q90,image-replacement,jpeg,6,49152,12,28299,34926,28.96907,19.80198,19.51623,0.3715066,90
superblock,healpix,512,jpeg-replacement-q90,image-replacement,jpeg,7,196608,12,100268,135194,29.03355,21.4936,21.1583,0.56808,90
superblock,healpix,512,jpeg-replacement-q90,image-replacement,jpeg,8,786432,12,385486,520680,29.70126,24.35201,23.97086,0.80444,90
superblock,healpix,512,jpeg-replacement-q90,image-replacement,jpeg,9,3145728,48,1414239,1934919,31.78808,29.3329,28.86415,0.9546309,90
superblock,healpix,512,jpeg-residual-q90,image-residual,jpeg,5,12288,1,6627,6627,28.23738,18.59467,18.35629,0.2790712,90
superblock,healpix,512,jpeg-residual-q90,image-residual,jpeg,6,49152,12,24099,30726,28.99514,19.80613,19.52068,0.3713251,90
superblock,healpix,512,jpeg-residual-q90,image-residual,jpeg,7,196608,12,85038,115764,29.07486,21.50385,21.17053,0.5680874,90
superblock,healpix,512,jpeg-residual-q90,image-residual,jpeg,8,786432,12,327834,443598,29.75866,24.37208,23.99279,0.8042806,90
superblock,healpix,512,jpeg-residual-q90,image-residual,jpeg,9,3145728,48,1186865,1630463,31.89667,29.40272,28.94678,0.9545491,90
superblock,healpix,512,webp-replacement-q90,image-replacement,webp,5,12288,1,6234,6234,29.10701,18.64364,18.40238,0.2798701,90
superblock,healpix,512,webp-replacement-q90,image-replacement,webp,6,49152,12,25824,32058,29.85753,19.84889,19.55576,0.3733607,90
superblock,healpix,512,webp-replacement-q90,image-replacement,webp,7,196608,12,95234,127292,29.91709,21.54478,21.20364,0.5680788,90
superblock,healpix,512,webp-replacement-q90,image-replacement,webp,8,786432,12,371432,498724,30.69692,24.44904,24.05348,0.8046721,90
superblock,healpix,512,webp-replacement-q90,image-replacement,webp,9,3145728,48,1375654,1874378,33.17695,29.57218,29.07677,0.9542461,90
northrop-mall,ico-rhombus,512,exact,exact,deflate,5,10240,1,30720,30720,,20.86373,18.4757,0.472779,
northrop-mall,ico-rhombus,512,exact,exact,deflate,6,40960,10,122880,153600,,22.15674,19.72583,0.5328741,
northrop-mall,ico-rhombus,512,exact,exact,deflate,7,163840,10,491520,645120,,23.81399,21.36356,0.6562141,
northrop-mall,ico-rhombus,512,exact,exact,deflate,8,655360,10,1966080,2611200,,26.40424,23.95893,0.8182406,
northrop-mall,ico-rhombus,512,exact,exact,deflate,9,2621440,40,7864320,10475520,,30.87465,28.49419,0.9448307,
northrop-mall,ico-rhombus,512,haar-residual-d3,haar-residual,deflate,5,10240,1,29655,29655,56.81513,20.86114,18.47541,0.4727828,3
northrop-mall,ico-rhombus,512,haar-residual-d3,haar-residual,deflate,6,40960,10,62885,92540,54.23909,22.1491,19.72506,0.5328726,3
northrop-mall,ico-rhombus,512,haar-residual-d3,haar-residual,deflate,7,163840,10,184304,276844,51.10499,23.78544,21.36156,0.6561253,3
northrop-mall,ico-rhombus,512,haar-residual-d3,haar-residual,deflate,8,655360,10,525413,802257,46.98032,26.31427,23.94952,0.8176421,3
northrop-mall,ico-rhombus,512,haar-residual-d3,haar-residual,deflate,9,2621440,40,1398656,2200913,42.72346,30.55369,28.42483,0.942973,3
northrop-mall,ico-rhombus,512,haar-replacement-d3,haar-replacement,deflate,5,10240,1,12995,12995,41.1722,20.71632,18.46427,0.4724422,3
northrop-mall,ico-rhombus,512,haar-replacement-d3,haar-replacement,deflate,6,40960,10,46678,59673,41.56522,21.99843,19.71087,0.5320485,3
northrop-mall,ico-rhombus,512,haar-replacement-d3,haar-replacement,deflate,7,163840,10,169724,229397,41.89563,23.65251,21.34483,0.654903,3
northrop-mall,ico-rhombus,512,haar-replacement-d3,haar-replacement,deflate,8,655360,10,612314,841711,42.19992,26.20765,23.92798,0.8164073,3
northrop-mall,ico-rhombus,512,haar-replacement-d3,haar-replacement,deflate,9,2621440,40,2222357,3064068,42.72643,30.55655,28.42743,0.9429749,3
northrop-mall,ico-rhombus,512,haar-residual-d3-p0.5,haar-residual,deflate,5,10240,1,19670,19670,49.4672,20.83073,18.47462,0.4727507,3
northrop-mall,ico-rhombus,512,haar-residual-d3-p0.5,haar-residual,deflate,6,40960,10,44621,64291,47.19332,22.07553,19.72192,0.5327361,3
northrop-mall,ico-rhombus,512,haar-residual-d3-p0.5,haar-residual,deflate,7,163840,10,143780,208071,44.92605,23.65781,21.35294,0.6556379,3
northrop-mall,ico-rhombus,512,haar-residual-d3-p0.5,haar-residual,deflate,8,655360,10,453366,661437,42.67297,26.12049,23.92679,0.8166114,3
northrop-mall,ico-rhombus,512,haar-residual-d3-p0.5,haar-residual,deflate,9,2621440,40,1398656,2060093,40.61736,30.25367,28.35352,0.9417542,3
northrop-mall,ico-rhombus,512,haar-residual-d6,haar-residual,deflate,5,10240,1,24817,24817,54.09634,20.85816,18.47518,0.4727766,6
northrop-mall,ico-rhombus,512,haar-residual-d6,haar-residual,deflate,6,40960,10,50406,75223,50.8632,22.13255,19.72415,0.5328104,6
northrop-mall,ico-rhombus,512,haar-residual-d6,haar-residual,deflate,7,163840,10,143780,219003,46.71066,23.73636,21.35739,0.6557924,6
northrop-mall,ico-rhombus,512,haar-residual-d6,haar-residual,deflate,8,655360,10,389759,608762,42.19992,26.20765,23.92798,0.8164073,6
northrop-mall,ico-rhombus,512,haar-residual-d6,haar-residual,deflate,9,2621440,40,1012760,1621522,37.95698,30.29092,28.28945,0.940512,6
northrop-mall,ico-rhombus,512,haar-replacement-d6,haar-replacement,deflate,5,10240,1,9863,9863,35.9916,20.55079,18.43388,0.4717232,6
northrop-mall,ico-rhombus,512,haar-replacement-d6,haar-replacement,deflate,6,40960,10,34692,44555,36.55924,21.8491,19.68094,0.5305936,6
northrop-mall,ico-rhombus,512,haar-replacement-d6,haar-replacement,deflate,7,163840,10,126306,170861,36.97579,23.50761,21.30294,0.65282,6
northrop-mall,ico-rhombus,512,haar-replacement-d6,haar-replacement,deflate,8,655360,10,455483,626344,37.38105,26.05181,23.86487,0.8141558,6
northrop-mall,ico-rhombus,512,haar-replacement-d6,haar-replacement,deflate,9,2621440,40,1642015,2268359,37.95912,30.29394,28.29191,0.9405132,6
northrop-mall,ico-rhombus,512,haar-residual-d6-p0.5,haar-residual,deflate,5,10240,1,15878,15878,44.51728,20.75815,18.46913,0.4726517,6
northrop-mall,ico-rhombus,512,haar-residual-d6-p0.5,haar-residual,deflate,6,40960,10,33725,49603,42.14281,21.94769,19.71105,0.5322722,6
northrop-mall,ico-rhombus,512,haar-residual-d6-p0.5,haar-residual,deflate,7,163840,10,107648,157251,39.88061,23.4794,21.32691,0.6543007,6
northrop-mall,ico-rhombus,512,haar-residual-d6-p0.5,haar-residual,deflate,8,655360,10,336888,494139,37.69101,25.85767,23.85191,0.8138609,6
northrop-mall,ico-rhombus,512,haar-residual-d6-p0.5,haar-residual,deflate,9,2621440,40,1012760,1506899,35.7422,29.73576,28.06431,0.9375633,6
northrop-mall,ico-rhombus,512,haar-residual-d12,haar-residual,deflate,5,10240,1,20585,20585,50.73721,20.84477,18.47502,0.4727568,12
northrop-mall,ico-rhombus,512,haar-residual-d12,haar-residual,deflate,6,40960,10,38989,59574,46.41911,22.08717,19.7217,0.5326226,12
northrop-mall,ico-rhombus,512,haar-residual-d12,haar-residual,deflate,7,163840,10,107648,167222,41.89563,23.65251,21.34483,0.654903,12
northrop-mall,ico-rhombus,512,haar-residual-d12,haar-residual,deflate,8,655360,10,284741,451963,37.38105,26.05181,23.86487,0.8141558,12
northrop-mall,ico-rhombus,512,haar-residual-d12,haar-residual,deflate,9,2621440,40,693270,1145233,33.53296,29.83241,27.92139,0.9360709,12
northrop-mall,ico-rhombus,512,haar-replacement-d12,haar-replacement,deflate,5,10240,1,6920,6920,31.60118,20.2978,18.35911,0.4700301,12
northrop-mall,ico-rhombus,512,haar-replacement-d12,haar-replacement,deflate,6,40960,10,24137,31057,31.96439,21.58493,19.58555,0.5277348,12
northrop-mall,ico-rhombus,512,haar-replacement-d12,haar-replacement,deflate,7,163840,10,88049,119106,32.40509,23.25283,21.18334,0.6484881,12
northrop-mall,ico-rhombus,512,haar-replacement-d12,haar-replacement,deflate,8,655360,10,323493,442599,32.81046,25.74615,23.67354,0.8089642,12
northrop-mall,ico-rhombus,512,haar-replacement-d12,haar-replacement,deflate,9,2621440,40,1165597,1608196,33.5344,29.83405,27.92378,0.9360762,12
northrop-mall,ico-rhombus,512,haar-residual-d12-p0.5,haar-residual,deflate,5,10240,1,12259,12259,39.35675,20.61,18.45381,0.4723193,12
northrop-mall,ico-rhombus,512,haar-residual-d12-p0.5,haar-residual,deflate,6,40960,10,24886,37145,37.05704,21.73253,19.67657,0.5309804,12
northrop-mall,ico-rhombus,512,haar-residual-d12-p0.5,haar-residual,deflate,7,163840,10,77816,114961,34.87751,23.19363,21.24548,0.6510273,12
northrop-mall,ico-rhombus,512,haar-residual-d12-p0.5,haar-residual,deflate,8,655360,10,238568,353529,32.86081,25.41561,23.62932,0.8079393,12
northrop-mall,ico-rhombus,512,haar-residual-d12-p0.5,haar-residual,deflate,9,2621440,40,693270,1046799,31.17229,28.75701,27.30188,0.9289066,12
northrop-mall,ico-rhombus,512,haar-residual-d24,haar-residual,deflate,5,10240,1,16666,16666,46.15208,20.80249,18.4717,0.472657,24
northrop-mall,ico-rhombus,512,haar-residual-d24,haar-residual,deflate,6,40960,10,29048,45714,41.56522,21.99843,19.71087,0.5320485,24
northrop-mall,ico-rhombus,512,haar-residual-d24,haar-residual,deflate,7,163840,10,77816,123530,36.97579,23.50761,21.30294,0.65282,24
northrop-mall,ico-rhombus,512,haar-residual-d24,haar-residual,deflate,8,655360,10,196031,319561,32.81046,25.74615,23.67354,0.8089642,24
northrop-mall,ico-rhombus,512,haar-residual-d24,haar-residual,deflate,9,2621440,40,425016,744577,29.67934,28.90792,27.08478,0.9253389,24
northrop-mall,ico-rhombus,512,haar-replacement-d24,haar-replacement,deflate,5,10240,1,4516,4516,27.39289,19.77899,18.15252,0.4666034,24
northrop-mall,ico-rhombus,512,haar-replacement-d24,haar-replacement,deflate,6,40960,10,15556,20072,28.07439,21.16829,19.36389,0.5213934,24
northrop-mall,ico-rhombus,512,haar-replacement-d24,haar-replacement,deflate,7,163840,10,56046,76118,28.4716,22.78064,20.89025,0.6380478,24
northrop-mall,ico-rhombus,512,haar-replacement-d24,haar-replacement,deflate,8,655360,10,207801,283919,28.94366,25.17364,23.23437,0.7964208,24
northrop-mall,ico-rhombus,512,haar-replacement-d24,haar-replacement,deflate,9,2621440,40,765144,1049063,29.6812,28.91106,27.08726,0.9253418,24
northrop-mall,ico-rhombus,512,haar-residual-d24-p0.5,haar-residual,deflate,5,10240,1,9175,9175,34.0736,20.27442,18.4009,0.4714651,24
northrop-mall,ico-rhombus,512,haar-residual-d24-p0.5,haar-residual,deflate,6,40960,10,17231,26406,32.04164,21.30987,19.56119,0.5279753,24
northrop-mall,ico-rhombus,512,haar-residual-d24-p0.5,haar-residual,deflate,7,163840,10,51698,78104,30.15812,22.63356,21.00166,0.6444728,24
northrop-mall,ico-rhombus,512,haar-residual-d24-p0.5,haar-residual,deflate,8,655360,10,153106,231210,28.46656,24.50838,23.04222,0.7952769,24
northrop-mall,ico-rhombus,512,haar-residual-d24-p0.5,haar-residual,deflate,9,2621440,40,425016,656226,27.1043,26.92267,25.7488,0.909552,24
northrop-mall,ico-rhombus,512,jpeg-replacement-q50,image-replacement,jpeg,5,10240,1,2264,2264,24.00586,19.06262,17.61769,0.4575445,50
northrop-mall,ico-rhombus,512,jpeg-replacement-q50,image-replacement,jpeg,6,40960,10,10342,12606,25.40058,20.75009,18.91056,0.4994576,50
northrop-mall,ico-rhombus,512,jpeg-replacement-q50,image-replacement,jpeg,7,163840,10,30503,43109,25.74566,22.29139,20.3367,0.6002807,50
northrop-mall,ico-rhombus,512,jpeg-replacement-q50,image-replacement,jpeg,8,655360,10,110563,153672,25.95808,24.42299,22.43563,0.7627428,50
northrop-mall,ico-rhombus,512,jpeg-replacement-q50,image-replacement,jpeg,9,2621440,40,426738,580410,26.78575,27.82554,25.96054,0.9096723,50
northrop-mall,ico-rhombus,512,jpeg-residual-q50,image-residual,jpeg,5,10240,1,2264,2264,24.00586,19.06262,17.61769,0.4575445,50
northrop-mall,ico-rhombus,512,jpeg-residual-q50,image-residual,jpeg,6,40960,10,8727,10991,25.38446,20.62705,18.91026,0.4992971,50
northrop-mall,ico-rhombus,512,jpeg-residual-q50,image-residual,jpeg,7,163840,10,24627,35618,25.76748,22.25187,20.33923,0.6002821,50
northrop-mall,ico-rhombus,512,jpeg-residual-q50,image-residual,jpeg,8,655360,10,88848,124466,25.98857,24.40088,22.44551,0.7627277,50
northrop-mall,ico-rhombus,512,jpeg-residual-q50,image-residual,jpeg,9,2621440,40,345378,469844,26.82831,27.84702,25.99849,0.909686,50
northrop-mall,ico-rhombus,512,webp-replacement-q50,image-replacement,webp,5,10240,1,2462,2462,26.2693,19.4337,17.93086,0.4669672,50
northrop-mall,ico-rhombus,512,webp-replacement-q50,image-replacement,webp,6,40960,10,9254,11716,27.63774,21.19788,19.21619,0.5194331,50
northrop-mall,ico-rhombus,512,webp-replacement-q50,image-replacement,webp,7,163840,10,32384,44100,28.252,22.81444,20.74807,0.6330903,50
northrop-mall,ico-rhombus,512,webp-replacement-q50,image-replacement,webp,8,655360,10,122588,166688,28.77242,25.11463,23.04279,0.7909772,50
northrop-mall,ico-rhombus,512,webp-replacement-q50,image-replacement,webp,9,2621440,40,474992,641680,29.89613,28.7273,26.89168,0.9233287,50
northrop-mall,ico-rhombus,512,jpeg-replacement-q70,image-replacement,jpeg,5,10240,1,3072,3072,25.34794,19.36338,17.83873,0.4628761,70
northrop-mall,ico-rhombus,512,jpeg-replacement-q70,image-replacement,jpeg,6,40960,10,13393,16465,26.66746,20.99225,19.13578,0.5119502,70
northrop-mall,ico-rhombus,512,jpeg-replacement-q70,image-replacement,jpeg,7,163840,10,41900,58365,27.06856,22.65412,20.63174,0.6244439,70
northrop-mall,ico-rhombus,512,jpeg-replacement-q70,image-replacement,jpeg,8,655360,10,154615,212980,27.46206,24.96605,22.89341,0.7887424,70
northrop-mall,ico-rhombus,512,jpeg-replacement-q70,image-replacement,jpeg,9,2621440,40,590403,803383,28.44436,28.64039,26.67404,0.9255236,70
northrop-mall,ico-rhombus,512,jpeg-residual-q70,image-residual,jpeg,5,10240,1,3072,3072,25.34794,19.36338,17.83873,0.4628761,70
northrop-mall,ico-rhombus,512,jpeg-residual-q70,image-residual,jpeg,6,40960,10,11251,14323,26.67094,20.94805,19.13945,0.5117378,70
northrop-mall,ico-rhombus,512,jpeg-residual-q70,image-residual,jpeg,7,163840,10,34155,48478,27.08345,22.59685,20.63495,0.6245574,70
northrop-mall,ico-rhombus,512,jpeg-residual-q70,image-residual,jpeg,8,655360,10,126019,174497,27.48371,24.9411,22.89979,0.7885471,70
northrop-mall,ico-rhombus,512,jpeg-residual-q70,image-residual,jpeg,9,2621440,40,482456,656953,28.48838,28.64674,26.70767,0.925561,70
northrop-mall,ico-rhombus,512,webp-replacement-q70,image-replacement,webp,5,10240,1,2976,2976,27.15066,19.53973,18.01367,0.4693147,70
northrop-mall,ico-rhombus,512,webp-replacement-q70,image-replacement,webp,6,40960,10,11322,14298,28.7341,21.30248,19.31618,0.5233906,70
northrop-mall,ico-rhombus,512,webp-replacement-q70,image-replacement,webp,7,163840,10,39598,53896,29.39698,22.97032,20.8693,0.640165,70
northrop-mall,ico-rhombus,512,webp-replacement-q70,image-replacement,webp,8,655360,10,149090,202986,29.98959,25.30957,23.22383,0.79891,70
northrop-mall,ico-rhombus,512,webp-replacement-q70,image-replacement,webp,9,2621440,40,577616,780602,31.3053,29.13557,27.24363,0.9294969,70
northrop-mall,ico-rhombus,512,jpeg-replacement-q80,image-replacement,jpeg,5,10240,1,3836,3836,26.59219,19.55631,17.99523,0.4669005,80
northrop-mall,ico-rhombus,512,jpeg-replacement-q80,image-replacement,jpeg,6,40960,10,16298,20134,27.92192,21.23848,19.28956,0.5199971,80
northrop-mall,ico-rhombus,512,jpeg-replacement-q80,image-replacement,jpeg,7,163840,10,53060,73194,28.39211,22.90437,20.8243,0.6394732,80
northrop-mall,ico-rhombus,512,jpeg-replacement-q80,image-replacement,jpeg,8,655360,10,196555,269749,28.92824,25.31103,23.17321,0.8021915,80
northrop-mall,ico-rhombus,512,jpeg-replacement-q80,image-replacement,jpeg,9,2621440,40,747207,1016956,30.03389,29.16959,27.14111,0.9332843,80
northrop-mall,ico-rhombus,512,jpeg-residual-q80,image-residual,jpeg,5,10240,1,3836,3836,26.59219,19.55631,17.99523,0.4669005,80
northrop-mall,ico-rhombus,512,jpeg-residual-q80,image-residual,jpeg,6,40960,10,13734,17570,27.91946,21.17138,19.28799,0.5203243,80
northrop-mall,ico-rhombus,512,jpeg-residual-q80,image-residual,jpeg,7,163840,10,43826,61396,28.40938,22.85911,20.8276,0.6392517,80
northrop-mall,ico-rhombus,512,jpeg-residual-q80,image-residual,jpeg,8,655360,10,162375,223771,28.95068,25.26992,23.18253,0.8020468,80
northrop-mall,ico-rhombus,512,jpeg-residual-q80,image-residual,jpeg,9,2621440,40,619086,842857,30.06993,29.13162,27.16672,0.93304,80
northrop-mall,ico-rhombus,512,webp-replacement-q80,image-replacement,webp,5,10240,1,3594,3594,27.95089,19.6741,18.07618,0.4703318,80
northrop-mall,ico-rhombus,512,webp-replacement-q80,image-replacement,webp,6,40960,10,13850,17444,29.81589,21.40691,19.38938,0.5267337,80
northrop-mall,ico-rhombus,512,webp-replacement-q80,image-replacement,webp,7,163840,10,48410,65854,30.44508,23.0655,20.95332,0.644841,80
northrop-mall,ico-rhombus,512,webp-replacement-q80,image-replacement,webp,8,655360,10,182902,248756,31.151,25.46801,23.36508,0.8052621,80
northrop-mall,ico-rhombus,512,webp-replacement-q80,image-replacement,webp,9,2621440,40,704612,953368,32.67602,29.42445,27.51501,0.9341043,80
northrop-mall,ico-rhombus,512,jpeg-replacement-q90,image-replacement,jpeg,5,10240,1,5377,5377,28.33596,19.74748,18.11985,0.4707573,90
northrop-mall,ico-rhombus,512,jpeg-replacement-q90,image-replacement,jpeg,6,40960,10,22186,27563,30.11095,21.50785,19.43924,0.5289955,90
northrop-mall,ico-rhombus,512,jpeg-replacement-q90,image-replacement,jpeg,7,163840,10,74799,102362,30.68165,23.18916,21.00909,0.6509742,90
northrop-mall,ico-rhombus,512,jpeg-replacement-q90,image-replacement,jpeg,8,655360,10,279623,381985,31.39585,25.64686,23.44789,0.8122439,90
northrop-mall,ico-rhombus,512,jpeg-replacement-q90,image-replacement,jpeg,9,2621440,40,1068701,1450686,32.92195,29.7715,27.67192,0.9399223,90
northrop-mall,ico-rhombus,512,jpeg-residual-q90,image-residual,jpeg,5,10240,1,5377,5377,28.33596,19.74748,18.11985,0.4707573,90
northrop-mall,ico-rhombus,512,jpeg-residual-q90,image-residual,jpeg,6,40960,10,19079,24456,30.18252,21.45373,19.4454,0.5291158,90
northrop-mall,ico-rhombus,512,jpeg-residual-q90,image-residual,jpeg,7,163840,10,63421,87877,30.73471,23.15751,21.01585,0.6508231,90
northrop-mall,ico-rhombus,512,jpeg-residual-q90,image-residual,jpeg,8,655360,10,238295,326172,31.43169,25.59902,23.45621,0.8121119,90
northrop-mall,ico-rhombus,512,jpeg-residual-q90,image-residual,jpeg,9,2621440,40,913555,1239727,32.98027,29.71347,27.69613,0.9397446,90
northrop-mall,ico-rhombus,512,webp-replacement-q90,image-replacement,webp,5,10240,1,4970,4970,28.93874,19.79904,18.14443,0.471721,90
northrop-mall,ico-rhombus,512,webp-replacement-q90,image-replacement,webp,6,40960,10,19376,24346,31.07886,21.56063,19.4612,0.5300544,90
northrop-mall,ico-rhombus,512,webp-replacement-q90,image-replacement,webp,7,163840,10,67826,92172,31.75063,23.19834,21.0389,0.650406,90
northrop-mall,ico-rhombus,512,webp-replacement-q90,image-replacement,webp,8,655360,10,256806,348978,32.58592,25.64834,23.4987,0.8112188,90
northrop-mall,ico-rhombus,512,webp-replacement-q90,image-replacement,webp,9,2621440,40,976390,1325368,34.43638,29.74,27.77243,0.9384498,90
walter-study,ico-rhombus,512,exact,exact,deflate,5,10240,1,30720,30720,,17.98941,17.83839,0.3262716,
walter-study,ico-rhombus,512,exact,exact,deflate,6,40960,10,122880,153600,,20.03701,19.93656,0.4385636,
walter-study,ico-rhombus,512,exact,exact,deflate,7,163840,10,491520,645120,,22.44443,22.38081,0.6164013,
walter-study,ico-rhombus,512,exact,exact,deflate,8,655360,10,1966080,2611200,,25.69253,25.63324,0.8065297,
walter-study,ico-rhombus,512,exact,exact,deflate,9,2621440,40,7864320,10475520,,30.57939,30.4961,0.9416088,
walter-study,ico-rhombus,512,haar-residual-d3,haar-residual,deflate,5,10240,1,32235,32235,56.83711,17.98908,17.83808,0.3262601,3
walter-study,ico-rhombus,512,haar-residual-d3,haar-residual,deflate,6,40960,10,74623,106858,54.08504,20.03632,19.9359,0.4385624,3
walter-study,ico-rhombus,512,haar-residual-d3,haar-residual,deflate,7,163840,10,229411,336269,50.60402,22.44196,22.37844,0.6163455,3
walter-study,ico-rhombus,512,haar-residual-d3,haar-residual,deflate,8,655360,10,638626,974895,45.97181,25.67591,25.61711,0.8063215,3
walter-study,ico-rhombus,512,haar-residual-d3,haar-residual,deflate,9,2621440,40,1493365,2468260,41.74944,30.44199,30.36424,0.9407084,3
walter-study,ico-rhombus,512,haar-replacement-d3,haar-replacement,deflate,5,10240,1,15549,15549,40.2925,17.97656,17.8266,0.3262334,3
walter-study,ico-rhombus,512,haar-replacement-d3,haar-replacement,deflate,6,40960,10,59498,75047,40.37391,20.01489,19.91554,0.4381715,3
walter-study,ico-rhombus,512,haar-replacement-d3,haar-replacement,deflate,7,163840,10,217277,292324,40.5932,22.41033,22.34772,0.6156308,3
walter-study,ico-rhombus,512,haar-replacement-d3,haar-replacement,deflate,8,655360,10,743468,1035792,40.98637,25.63151,25.57402,0.8055642,3
walter-study,ico-rhombus,512,haar-replacement-d3,haar-replacement,deflate,9,2621440,40,2496979,3532771,41.75083,30.44177,30.36387,0.9407096,3
walter-study,ico-rhombus,512,haar-residual-d3-p0.5,haar-residual,deflate,5,10240,1,22217,22217,49.34378,17.98811,17.83727,0.3262664,3
walter-study,ico-rhombus,512,haar-residual-d3-p0.5,haar-residual,deflate,6,40960,10,56503,78720,46.79024,20.03273,19.93252,0.4385334,3
walter-study,ico-rhombus,512,haar-residual-d3-p0.5,haar-residual,deflate,7,163840,10,187890,266610,44.17015,22.42891,22.36582,0.6161304,3
walter-study,ico-rhombus,512,haar-residual-d3-p0.5,haar-residual,deflate,8,655360,10,555326,821936,41.64824,25.63203,25.57444,0.8057889,3
walter-study,ico-rhombus,512,haar-residual-d3-p0.5,haar-residual,deflate,9,2621440,40,1493365,2315301,39.59846,30.28704,30.21444,0.9400059,3
walter-study,ico-rhombus,512,haar-residual-d6,haar-residual,deflate,5,10240,1,27341,27341,54.09913,17.98912,17.83814,0.3262485,6
walter-study,ico-rhombus,512,haar-residual-d6,haar-residual,deflate,6,40960,10,62082,89423,50.59659,20.03548,19.93508,0.4385639,6
walter-study,ico-rhombus,512,haar-residual-d6,haar-residual,deflate,7,163840,10,187890,277313,45.81418,22.43581,22.37249,0.6161969,6
walter-study,ico-rhombus,512,haar-residual-d6,haar-residual,deflate,8,655360,10,472193,749506,40.98637,25.63151,25.57402,0.8055642,6
walter-study,ico-rhombus,512,haar-residual-d6,haar-residual,deflate,9,2621440,40,993014,1742520,37.38891,30.15696,30.09171,0.9384968,6
walter-study,ico-rhombus,512,haar-replacement-d6,haar-replacement,deflate,5,10240,1,11711,11711,35.08686,17.94338,17.79481,0.3257757,6
walter-study,ico-rhombus,512,haar-replacement-d6,haar-replacement,deflate,6,40960,10,44011,55722,35.31435,19.96468,19.86716,0.4372753,6
walter-study,ico-rhombus,512,haar-replacement-d6,haar-replacement,deflate,7,163840,10,157975,213697,35.69509,22.32771,22.26748,0.613418,6
walter-study,ico-rhombus,512,haar-replacement-d6,haar-replacement,deflate,8,655360,10,530709,744406,36.33285,25.48712,25.43429,0.8028992,6
walter-study,ico-rhombus,512,haar-replacement-d6,haar-replacement,deflate,9,2621440,40,1761143,2505549,37.3903,30.15652,30.09115,0.9384944,6
walter-study,ico-rhombus,512,haar-residual-d6-p0.5,haar-residual,deflate,5,10240,1,18610,18610,44.22727,17.98324,17.8328,0.3263029,6
walter-study,ico-rhombus,512,haar-residual-d6-p0.5,haar-residual,deflate,6,40960,10,45203,63813,41.39219,20.01875,19.91915,0.4384131,6
walter-study,ico-rhombus,512,haar-residual-d6-p0.5,haar-residual,deflate,7,163840,10,141736,205549,38.77571,22.38249,22.32062,0.6153342,6
walter-study,ico-rhombus,512,haar-residual-d6-p0.5,haar-residual,deflate,8,655360,10,387815,593364,36.54543,25.46905,25.41578,0.8034852,6
walter-study,ico-rhombus,512,haar-residual-d6-p0.5,haar-residual,deflate,9,2621440,40,993014,1586378,34.9131,29.65904,29.60766,0.9358565,6
walter-study,ico-rhombus,512,haar-residual-d12,haar-residual,deflate,5,10240,1,23097,23097,50.61352,17.98813,17.83717,0.3262419,12
walter-study,ico-rhombus,512,haar-residual-d12,haar-residual,deflate,6,40960,10,51019,74116,45.69964,20.03185,19.93164,0.4384913,12
walter-study,ico-rhombus,512,haar-residual-d12,haar-residual,deflate,7,163840,10,141736,215852,40.5932,22.41033,22.34772,0.6156308,12
walter-study,ico-rhombus,512,haar-residual-d12,haar-residual,deflate,8,655360,10,314562,530414,36.33285,25.48712,25.43429,0.8028992,12
walter-study,ico-rhombus,512,haar-residual-d12,haar-residual,deflate,9,2621440,40,629463,1159877,33.4405,29.49225,29.4496,0.9313511,12
walter-study,ico-rhombus,512,haar-replacement-d12,haar-replacement,deflate,5,10240,1,8145,8145,30.31333,17.83418,17.68313,0.324576,12
walter-study,ico-rhombus,512,haar-replacement-d12,haar-replacement,deflate,6,40960,10,30031,38176,30.70026,19.80608,19.70945,0.4334474,12
walter-study,ico-rhombus,512,haar-replacement-d12,haar-replacement,deflate,7,163840,10,105616,143792,31.32683,22.09405,22.03665,0.6058536,12
walter-study,ico-rhombus,512,haar-replacement-d12,haar-replacement,deflate,8,655360,10,354957,498749,32.19351,25.11343,25.0703,0.7939246,12
walter-study,ico-rhombus,512,haar-replacement-d12,haar-replacement,deflate,9,2621440,40,1183700,1682449,33.44132,29.49234,29.44957,0.9313485,12
walter-study,ico-rhombus,512,haar-residual-d12-p0.5,haar-residual,deflate,5,10240,1,14772,14772,38.61806,17.96519,17.81579,0.326199,12
walter-study,ico-rhombus,512,haar-residual-d12-p0.5,haar-residual,deflate,6,40960,10,33476,48248,35.97007,19.96654,19.86927,0.4378994,12
walter-study,ico-rhombus,512,haar-residual-d12-p0.5,haar-residual,deflate,7,163840,10,97244,145492,33.68407,22.23008,22.17207,0.6124789,12
walter-study,ico-rhombus,512,haar-residual-d12-p0.5,haar-residual,deflate,8,655360,10,253309,398801,31.87945,25.00552,24.96395,0.7957832,12
walter-study,ico-rhombus,512,haar-residual-d12-p0.5,haar-residual,deflate,9,2621440,40,629463,1028264,30.64389,28.28252,28.25982,0.9225632,12
walter-study,ico-rhombus,512,haar-residual-d24,haar-residual,deflate,5,10240,1,19309,19309,45.67786,17.98554,17.83478,0.3262329,24
walter-study,ico-rhombus,512,haar-residual-d24,haar-residual,deflate,6,40960,10,39335,58644,40.37391,20.01489,19.91554,0.4381715,24
walter-study,ico-rhombus,512,haar-residual-d24,haar-residual,deflate,7,163840,10,97244,155888,35.69509,22.32771,22.26748,0.613418,24
walter-study,ico-rhombus,512,haar-residual-d24,haar-residual,deflate,8,655360,10,196650,352538,32.19351,25.11343,25.0703,0.7939246,24
walter-study,ico-rhombus,512,haar-residual-d24,haar-residual,deflate,9,2621440,40,381285,733823,29.64816,28.20502,28.1831,0.9093776,24
walter-study,ico-rhombus,512,haar-replacement-d24,haar-replacement,deflate,5,10240,1,5076,5076,26.36618,17.5555,17.40219,0.3199646,24
walter-study,ico-rhombus,512,haar-replacement-d24,haar-replacement,deflate,6,40960,10,18387,23463,26.80488,19.41236,19.31405,0.419951,24
walter-study,ico-rhombus,512,haar-replacement-d24,haar-replacement,deflate,7,163840,10,65005,88468,27.50414,21.56964,21.51463,0.5821983,24
walter-study,ico-rhombus,512,haar-replacement-d24,haar-replacement,deflate,8,655360,10,222696,311164,28.46402,24.34841,24.31588,0.7660695,24
walter-study,ico-rhombus,512,haar-replacement-d24,haar-replacement,deflate,9,2621440,40,758738,1069902,29.64859,28.20529,28.18327,0.9093709,24
walter-study,ico-rhombus,512,haar-residual-d24-p0.5,haar-residual,deflate,5,10240,1,10961,10961,33.266,17.91309,17.7652,0.3256865,24
walter-study,ico-rhombus,512,haar-residual-d24-p0.5,haar-residual,deflate,6,40960,10,22650,33611,30.94752,19.80454,19.70915,0.4348751,24
walter-study,ico-rhombus,512,haar-residual-d24-p0.5,haar-residual,deflate,7,163840,10,60444,94055,29.0947,21.79866,21.74477,0.6016179,24
walter-study,ico-rhombus,512,haar-residual-d24-p0.5,haar-residual,deflate,8,655360,10,150117,244172,27.70973,23.96441,23.93493,0.7713099,24
walter-study,ico-rhombus,512,haar-residual-d24-p0.5,haar-residual,deflate,9,2621440,40,381285,625457,26.65445,26.03696,26.01601,0.8831926,24
walter-study,ico-rhombus,512,jpeg-replacement-q50,image-replacement,jpeg,5,10240,1,2523,2523,23.17816,17.07657,16.88948,0.3019252,50
walter-study,ico-rhombus,512,jpeg-replacement-q50,image-replacement,jpeg,6,40960,10,11749,14272,24.24197,18.80735,18.68872,0.3801603,50
walter-study,ico-rhombus,512,jpeg-replacement-q50,image-replacement,jpeg,7,163840,10,35101,49373,25.41721,20.83477,20.77193,0.5289078,50
walter-study,ico-rhombus,512,jpeg-replacement-q50,image-replacement,jpeg,8,655360,10,118982,168355,26.65787,23.48659,23.45296,0.7220477,50
walter-study,ico-rhombus,512,jpeg-replacement-q50,image-replacement,jpeg,9,2621440,40,429394,597749,28.29706,27.36402,27.33422,0.8898951,50
walter-study,ico-rhombus,512,jpeg-residual-q50,image-residual,jpeg,5,10240,1,2523,2523,23.17816,17.07657,16.88948,0.3019252,50
walter-study,ico-rhombus,512,jpeg-residual-q50,image-residual,jpeg,6,40960,10,10044,12567,24.27035,18.81734,18.69898,0.3794642,50
walter-study,ico-rhombus,512,jpeg-residual-q50,image-residual,jpeg,7,163840,10,28231,40798,25.47316,20.85877,20.79507,0.5286119,50
walter-study,ico-rhombus,512,jpeg-residual-q50,image-residual,jpeg,8,655360,10,92545,133343,26.71372,23.51365,23.47996,0.7220142,50
walter-study,ico-rhombus,512,jpeg-residual-q50,image-residual,jpeg,9,2621440,40,333054,466397,28.34597,27.40119,27.36995,0.8899075,50
walter-study,ico-rhombus,512,webp-replacement-q50,image-replacement,webp,5,10240,1,2888,2888,25.86888,17.41678,17.24595,0.3184405,50
walter-study,ico-rhombus,512,webp-replacement-q50,image-replacement,webp,6,40960,10,11336,14224,26.662,19.23333,19.12096,0.4142865,50
walter-study,ico-rhombus,512,webp-replacement-q50,image-replacement,webp,7,163840,10,36828,51052,27.59659,21.34482,21.28398,0.5715175,50
walter-study,ico-rhombus,512,webp-replacement-q50,image-replacement,webp,8,655360,10,123036,174088,28.8278,24.10554,24.07475,0.753314,50
walter-study,ico-rhombus,512,webp-replacement-q50,image-replacement,webp,9,2621440,40,414900,588988,30.30201,28.04433,28.02151,0.9032201,50
walter-study,ico-rhombus,512,jpeg-replacement-q70,image-replacement,jpeg,5,10240,1,3497,3497,24.68699,17.32043,17.14697,0.3119132,70
walter-study,ico-rhombus,512,jpeg-replacement-q70,image-replacement,jpeg,6,40960,10,15313,18810,25.58356,19.11123,19.00075,0.4005157,70
walter-study,ico-rhombus,512,jpeg-replacement-q70,image-replacement,jpeg,7,163840,10,47702,66512,26.76162,21.22719,21.16689,0.5598415,70
walter-study,ico-rhombus,512,jpeg-replacement-q70,image-replacement,jpeg,8,655360,10,165217,231729,28.08926,24.03931,24.00612,0.7540097,70
walter-study,ico-rhombus,512,jpeg-replacement-q70,image-replacement,jpeg,9,2621440,40,594376,826105,29.86025,28.21588,28.18591,0.9112028,70
walter-study,ico-rhombus,512,jpeg-residual-q70,image-residual,jpeg,5,10240,1,3497,3497,24.68699,17.32043,17.14697,0.3119132,70
walter-study,ico-rhombus,512,jpeg-residual-q70,image-residual,jpeg,6,40960,10,12989,16486,25.60915,19.11781,19.00782,0.4002902,70
walter-study,ico-rhombus,512,jpeg-residual-q70,image-residual,jpeg,7,163840,10,38761,55247,26.8156,21.24873,21.18809,0.5597399,70
walter-study,ico-rhombus,512,jpeg-residual-q70,image-residual,jpeg,8,655360,10,130972,186219,28.148,24.06229,24.02875,0.7540571,70
walter-study,ico-rhombus,512,jpeg-residual-q70,image-residual,jpeg,9,2621440,40,468378,654597,29.91535,28.24962,28.21827,0.9112368,70
walter-study,ico-rhombus,512,webp-replacement-q70,image-replacement,webp,5,10240,1,3504,3504,26.77028,17.49381,17.32136,0.3206212,70
walter-study,ico-rhombus,512,webp-replacement-q70,image-replacement,webp,6,40960,10,13874,17378,27.72749,19.37023,19.25832,0.4220905,70
walter-study,ico-rhombus,512,webp-replacement-q70,image-replacement,webp,7,163840,10,45568,62946,28.76187,21.55144,21.48998,0.5856712,70
walter-study,ico-rhombus,512,webp-replacement-q70,image-replacement,webp,8,655360,10,155512,218458,30.20334,24.45289,24.4189,0.7723294,70
walter-study,ico-rhombus,512,webp-replacement-q70,image-replacement,webp,9,2621440,40,525056,743514,31.87155,28.63859,28.60967,0.9168497,70
walter-study,ico-rhombus,512,jpeg-replacement-q80,image-replacement,jpeg,5,10240,1,4334,4334,25.90019,17.45549,17.28348,0.3178156,80
walter-study,ico-rhombus,512,jpeg-replacement-q80,image-replacement,jpeg,6,40960,10,18701,23035,26.87234,19.31611,19.20858,0.4166546,80
walter-study,ico-rhombus,512,jpeg-replacement-q80,image-replacement,jpeg,7,163840,10,59974,83009,28.00686,21.50046,21.44029,0.5816377,80
walter-study,ico-rhombus,512,jpeg-replacement-q80,image-replacement,jpeg,8,655360,10,211019,294028,29.44852,24.4281,24.39325,0.7749781,80
walter-study,ico-rhombus,512,jpeg-replacement-q80,image-replacement,jpeg,9,2621440,40,756999,1051027,31.37,28.82245,28.79089,0.9238926,80
walter-study,ico-rhombus,512,jpeg-residual-q80,image-residual,jpeg,5,10240,1,4334,4334,25.90019,17.45549,17.28348,0.3178156,80
walter-study,ico-rhombus,512,jpeg-residual-q80,image-residual,jpeg,6,40960,10,16025,20359,26.9105,19.32367,19.21522,0.4164785,80
walter-study,ico-rhombus,512,jpeg-residual-q80,image-residual,jpeg,7,163840,10,49309,69668,28.07311,21.51265,21.45307,0.5813501,80
walter-study,ico-rhombus,512,jpeg-residual-q80,image-residual,jpeg,8,655360,10,170049,239717,29.51276,24.45107,24.41588,0.7749477,80
walter-study,ico-rhombus,512,jpeg-residual-q80,image-residual,jpeg,9,2621440,40,605127,844844,31.43094,28.85991,28.82708,0.9239439,80
walter-study,ico-rhombus,512,webp-replacement-q80,image-replacement,webp,5,10240,1,4276,4276,27.59405,17.56726,17.39668,0.3228815,80
walter-study,ico-rhombus,512,webp-replacement-q80,image-replacement,webp,6,40960,10,17064,21340,28.76014,19.48526,19.37516,0.4283855,80
walter-study,ico-rhombus,512,webp-replacement-q80,image-replacement,webp,7,163840,10,56700,78040,29.87347,21.71063,21.64917,0.596956,80
walter-study,ico-rhombus,512,webp-replacement-q80,image-replacement,webp,8,655360,10,194798,272838,31.56562,24.71073,24.67342,0.7852484,80
walter-study,ico-rhombus,512,webp-replacement-q80,image-replacement,webp,9,2621440,40,663600,936438,33.58969,29.12992,29.09421,0.9263141,80
walter-study,ico-rhombus,512,jpeg-replacement-q90,image-replacement,jpeg,5,10240,1,6141,6141,27.92899,17.62583,17.46051,0.3244585,90
walter-study,ico-rhombus,512,jpeg-replacement-q90,image-replacement,jpeg,6,40960,10,25741,31882,29.04553,19.54916,19.44149,0.4318995,90
walter-study,ico-rhombus,512,jpeg-replacement-q90,image-replacement,jpeg,7,163840,10,86511,118393,30.2884,21.81953,21.75952,0.6057468,90
walter-study,ico-rhombus,512,jpeg-replacement-q90,image-replacement,jpeg,8,655360,10,309292,427685,32.05374,24.89411,24.85684,0.7963434,90
walter-study,ico-rhombus,512,jpeg-replacement-q90,image-replacement,jpeg,9,2621440,40,1104111,1531796,34.40872,29.54705,29.50786,0.9358518,90
walter-study,ico-rhombus,512,jpeg-residual-q90,image-residual,jpeg,5,10240,1,6141,6141,27.92899,17.62583,17.46051,0.3244585,90
walter-study,ico-rhombus,512,jpeg-residual-q90,image-residual,jpeg,6,40960,10,22390,28531,29.13352,19.55799,19.45123,0.4318147,90
walter-study,ico-rhombus,512,jpeg-residual-q90,image-residual,jpeg,7,163840,10,72793,101324,30.40305,21.83943,21.77971,0.6057523,90
walter-study,ico-rhombus,512,jpeg-residual-q90,image-residual,jpeg,8,655360,10,256184,357508,32.1592,24.92327,24.88543,0.7965469,90
walter-study,ico-rhombus,512,jpeg-residual-q90,image-residual,jpeg,9,2621440,40,906398,1263906,34.50752,29.59513,29.55398,0.9358577,90
walter-study,ico-rhombus,512,webp-replacement-q90,image-replacement,webp,5,10240,1,5966,5966,28.62558,17.6457,17.47716,0.3254896,90
walter-study,ico-rhombus,512,webp-replacement-q90,image-replacement,webp,6,40960,10,23966,29932,29.91343,19.58142,19.47195,0.4344499,90
walter-study,ico-rhombus,512,webp-replacement-q90,image-replacement,webp,7,163840,10,80836,110768,31.38579,21.87241,21.81052,0.6085054,90
walter-study,ico-rhombus,512,webp-replacement-q90,image-replacement,webp,8,655360,10,282884,393652,33.56183,24.98331,24.94344,0.7979127,90
walter-study,ico-rhombus,512,webp-replacement-q90,image-replacement,webp,9,2621440,40,988674,1382326,36.54756,29.6818,29.63717,0.93561,90
bookstore,ico-rhombus,512,exact,exact,deflate,5,10240,1,30720,30720,,25.85963,23.17828,0.7340983,
bookstore,ico-rhombus,512,exact,exact,deflate,6,40960,10,122880,153600,,28.12995,25.63581,0.7852614,
bookstore,ico-rhombus,512,exact,exact,deflate,7,163840,10,491520,645120,,30.91274,28.57754,0.8654012,
bookstore,ico-rhombus,512,exact,exact,deflate,8,655360,10,1966080,2611200,,34.89264,32.73561,0.9428204,
bookstore,ico-rhombus,512,exact,exact,deflate,9,2621440,40,7864320,10475520,,40.99978,39.01682,0.9859217,
bookstore,ico-rhombus,512,haar-residual-d3,haar-residual,deflate,5,10240,1,25599,25599,56.94013,25.85899,23.17812,0.7341001,3
bookstore,ico-rhombus,512,haar-residual-d3,haar-residual,deflate,6,40960,10,51659,77258,54.30918,28.12324,25.63461,0.785258,3
bookstore,ico-rhombus,512,haar-residual-d3,haar-residual,deflate,7,163840,10,134593,211851,51.37588,30.87187,28.56906,0.8652693,3
bookstore,ico-rhombus,512,haar-residual-d3,haar-residual,deflate,8,655360,10,293124,504975,48.20084,34.69414,32.67751,0.9420003,3
bookstore,ico-rhombus,512,haar-residual-d3,haar-residual,deflate,9,2621440,40,523585,1028560,45.64792,39.96457,38.55589,0.9833228,3
bookstore,ico-rhombus,512,haar-replacement-d3,haar-replacement,deflate,5,10240,1,9719,9719,42.68419,25.76724,23.15135,0.7336438,3
bookstore,ico-rhombus,512,haar-replacement-d3,haar-replacement,deflate,6,40960,10,32959,42678,43.3436,27.98311,25.5917,0.7841083,3
bookstore,ico-rhombus,512,haar-replacement-d3,haar-replacement,deflate,7,163840,10,107961,150639,43.94938,30.67627,28.50747,0.8634968,3
bookstore,ico-rhombus,512,haar-replacement-d3,haar-replacement,deflate,8,655360,10,343042,493681,44.586,34.45814,32.57946,0.9401839,3
bookstore,ico-rhombus,512,haar-replacement-d3,haar-replacement,deflate,9,2621440,40,1039119,1532800,45.65226,39.96601,38.55533,0.9833205,3
bookstore,ico-rhombus,512,haar-residual-d3-p0.5,haar-residual,deflate,5,10240,1,15963,15963,49.77828,25.8369,23.1743,0.7340504,3
bookstore,ico-rhombus,512,haar-residual-d3-p0.5,haar-residual,deflate,6,40960,10,33104,49067,47.71013,28.06208,25.62084,0.7850316,3
bookstore,ico-rhombus,512,haar-residual-d3-p0.5,haar-residual,deflate,7,163840,10,91955,141022,45.82895,30.71602,28.52705,0.8645073,3
bookstore,ico-rhombus,512,haar-residual-d3-p0.5,haar-residual,deflate,8,655360,10,236025,377047,44.20414,34.32459,32.53712,0.9404553,3
bookstore,ico-rhombus,512,haar-residual-d3-p0.5,haar-residual,deflate,9,2621440,40,523585,900632,43.00264,39.04916,37.99529,0.9814915,3
bookstore,ico-rhombus,512,haar-residual-d6,haar-residual,deflate,5,10240,1,21191,21191,54.22842,25.85677,23.17787,0.7340731,6
bookstore,ico-rhombus,512,haar-residual-d6,haar-residual,deflate,6,40960,10,38945,60136,51.1491,28.10779,25.63192,0.7851958,6
bookstore,ico-rhombus,512,haar-residual-d6,haar-residual,deflate,7,163840,10,91955,152091,47.70063,30.8027,28.55106,0.8647686,6
bookstore,ico-rhombus,512,haar-residual-d6,haar-residual,deflate,8,655360,10,189176,341267,44.586,34.45814,32.57946,0.9401839,6
bookstore,ico-rhombus,512,haar-residual-d6,haar-residual,deflate,9,2621440,40,329008,670275,42.19736,39.1852,38.01081,0.9801153,6
bookstore,ico-rhombus,512,haar-replacement-d6,haar-replacement,deflate,5,10240,1,6898,6898,38.31213,25.64512,23.10752,0.7325046,6
bookstore,ico-rhombus,512,haar-replacement-d6,haar-replacement,deflate,6,40960,10,23133,30031,39.21433,27.84416,25.5238,0.7819922,6
bookstore,ico-rhombus,512,haar-replacement-d6,haar-replacement,deflate,7,163840,10,74830,104861,40.10829,30.46168,28.39505,0.8596432,6
bookstore,ico-rhombus,512,haar-replacement-d6,haar-replacement,deflate,8,655360,10,232556,337417,41.02384,34.10337,32.37563,0.9363273,6
bookstore,ico-rhombus,512,haar-replacement-d6,haar-replacement,deflate,9,2621440,40,680340,1017757,42.20049,39.18614,38.01052,0.9801173,6
bookstore,ico-rhombus,512,haar-residual-d6-p0.5,haar-residual,deflate,5,10240,1,12249,12249,45.3001,25.78288,23.16103,0.733854,6
bookstore,ico-rhombus,512,haar-residual-d6-p0.5,haar-residual,deflate,6,40960,10,23233,35482,43.34389,27.94397,25.58804,0.7844447,6
bookstore,ico-rhombus,512,haar-residual-d6-p0.5,haar-residual,deflate,7,163840,10,61794,97276,41.67348,30.47245,28.43462,0.8626465,6
bookstore,ico-rhombus,512,haar-residual-d6-p0.5,haar-residual,deflate,8,655360,10,152584,249860,40.25851,33.78771,32.23439,0.9363727,6
bookstore,ico-rhombus,512,haar-residual-d6-p0.5,haar-residual,deflate,9,2621440,40,329008,578868,39.21951,37.65669,36.83189,0.9755273,6
bookstore,ico-rhombus,512,haar-residual-d12,haar-residual,deflate,5,10240,1,16862,16862,51.05932,25.84675,23.17624,0.7340744,12
bookstore,ico-rhombus,512,haar-residual-d12,haar-residual,deflate,6,40960,10,27776,44638,47.36404,28.06718,25.62253,0.7849582,12
bookstore,ico-rhombus,512,haar-residual-d12,haar-residual,deflate,7,163840,10,61794,106432,43.94938,30.67627,28.50747,0.8634968,12
bookstore,ico-rhombus,512,haar-residual-d12,haar-residual,deflate,8,655360,10,122917,229349,41.02384,34.10337,32.37563,0.9363273,12
bookstore,ico-rhombus,512,haar-residual-d12,haar-residual,deflate,9,2621440,40,204727,434076,38.78921,37.99694,37.01983,0.9727808,12
bookstore,ico-rhombus,512,haar-replacement-d12,haar-replacement,deflate,5,10240,1,4684,4684,34.36049,25.38213,22.97867,0.7299711,12
bookstore,ico-rhombus,512,haar-replacement-d12,haar-replacement,deflate,6,40960,10,15504,20188,35.24758,27.43735,25.35258,0.7742798,12
bookstore,ico-rhombus,512,haar-replacement-d12,haar-replacement,deflate,7,163840,10,49890,70078,36.30539,30.01827,28.13667,0.8491291,12
bookstore,ico-rhombus,512,haar-replacement-d12,haar-replacement,deflate,8,655360,10,154558,224636,37.44483,33.43473,31.91246,0.9256462,12
bookstore,ico-rhombus,512,haar-replacement-d12,haar-replacement,deflate,9,2621440,40,445435,670071,38.78997,37.99765,37.01992,0.9727769,12
bookstore,ico-rhombus,512,haar-residual-d12-p0.5,haar-residual,deflate,5,10240,1,8979,8979,40.64703,25.69142,23.13361,0.7335286,12
bookstore,ico-rhombus,512,haar-residual-d12-p0.5,haar-residual,deflate,6,40960,10,16073,25052,38.9134,27.73801,25.50599,0.7825981,12
bookstore,ico-rhombus,512,haar-residual-d12-p0.5,haar-residual,deflate,7,163840,10,40978,66030,37.45488,30.052,28.20713,0.8570576,12
bookstore,ico-rhombus,512,haar-residual-d12-p0.5,haar-residual,deflate,8,655360,10,98338,164368,36.26756,32.85457,31.55413,0.9254184,12
bookstore,ico-rhombus,512,haar-residual-d12-p0.5,haar-residual,deflate,9,2621440,40,204727,369095,35.38856,35.55524,34.85538,0.9600976,12
bookstore,ico-rhombus,512,haar-residual-d24,haar-residual,deflate,5,10240,1,13006,13006,47.05105,25.81654,23.16804,0.7339017,24
bookstore,ico-rhombus,512,haar-residual-d24,haar-residual,deflate,6,40960,10,19379,32385,43.3436,27.98311,25.5917,0.7841083,24
bookstore,ico-rhombus,512,haar-residual-d24,haar-residual,deflate,7,163840,10,40978,73363,40.10829,30.46168,28.39505,0.8596432,24
bookstore,ico-rhombus,512,haar-residual-d24,haar-residual,deflate,8,655360,10,77419,150782,37.44483,33.43473,31.91246,0.9256462,24
bookstore,ico-rhombus,512,haar-residual-d24,haar-residual,deflate,9,2621440,40,119387,270169,35.27549,36.14003,35.31088,0.9546197,24
bookstore,ico-rhombus,512,haar-replacement-d24,haar-replacement,deflate,5,10240,1,3107,3107,30.90817,24.9091,22.75809,0.7253584,24
bookstore,ico-rhombus,512,haar-replacement-d24,haar-replacement,deflate,6,40960,10,9988,13095,31.60365,26.88032,24.97611,0.7625329,24
bookstore,ico-rhombus,512,haar-replacement-d24,haar-replacement,deflate,7,163840,10,31703,44798,32.62396,29.14894,27.60285,0.8253524,24
bookstore,ico-rhombus,512,haar-replacement-d24,haar-replacement,deflate,8,655360,10,98021,142819,33.87037,32.2527,31.00244,0.9004204,24
bookstore,ico-rhombus,512,haar-replacement-d24,haar-replacement,deflate,9,2621440,40,280242,423061,35.27692,36.1392,35.31057,0.9546137,24
bookstore,ico-rhombus,512,haar-residual-d24-p0.5,haar-residual,deflate,5,10240,1,6252,6252,35.88329,25.40634,23.02658,0.7320378,24
bookstore,ico-rhombus,512,haar-residual-d24-p0.5,haar-residual,deflate,6,40960,10,10357,16609,34.45858,27.19759,25.25475,0.7772343,24
bookstore,ico-rhombus,512,haar-residual-d24-p0.5,haar-residual,deflate,7,163840,10,25817,42426,33.25929,29.06765,27.6131,0.8414998,24
bookstore,ico-rhombus,512,haar-residual-d24-p0.5,haar-residual,deflate,8,655360,10,60055,102481,32.2818,31.04699,30.1184,0.8968192,24
bookstore,ico-rhombus,512,haar-residual-d24-p0.5,haar-residual,deflate,9,2621440,40,119387,221868,31.50171,32.52022,31.93222,0.9224753,24
bookstore,ico-rhombus,512,jpeg-replacement-q50,image-replacement,jpeg,5,10240,1,1857,1857,28.35253,24.59063,22.3494,0.7133484,50
bookstore,ico-rhombus,512,jpeg-replacement-q50,image-replacement,jpeg,6,40960,10,8360,10217,29.74146,26.64371,24.5536,0.7423009,50
bookstore,ico-rhombus,512,jpeg-replacement-q50,image-replacement,jpeg,7,163840,10,20587,30804,31.05541,28.89258,27.01166,0.8021189,50
bookstore,ico-rhombus,512,jpeg-replacement-q50,image-replacement,jpeg,8,655360,10,60411,91215,32.55733,31.81653,30.23913,0.886911,50
bookstore,ico-rhombus,512,jpeg-replacement-q50,image-replacement,jpeg,9,2621440,40,187108,278323,35.0917,35.92663,34.86983,0.9567144,50
bookstore,ico-rhombus,512,jpeg-residual-q50,image-residual,jpeg,5,10240,1,1857,1857,28.35253,24.59063,22.3494,0.7133484,50
bookstore,ico-rhombus,512,jpeg-residual-q50,image-residual,jpeg,6,40960,10,7100,8957,29.7426,26.58668,24.5321,0.7420304,50
bookstore,ico-rhombus,512,jpeg-residual-q50,image-residual,jpeg,7,163840,10,16598,25555,31.04702,28.84302,27.00848,0.8015024,50
bookstore,ico-rhombus,512,jpeg-residual-q50,image-residual,jpeg,8,655360,10,47321,72876,32.5336,31.74925,30.21919,0.8852558,50
bookstore,ico-rhombus,512,jpeg-residual-q50,image-residual,jpeg,9,2621440,40,148177,221053,35.04555,35.81419,34.82184,0.9547892,50
bookstore,ico-rhombus,512,webp-replacement-q50,image-replacement,webp,5,10240,1,1592,1592,30.76516,24.97813,22.64934,0.7248236,50
bookstore,ico-rhombus,512,webp-replacement-q50,image-replacement,webp,6,40960,10,5398,6990,31.54962,26.84284,24.82965,0.760364,50
bookstore,ico-rhombus,512,webp-replacement-q50,image-replacement,webp,7,163840,10,15344,22334,32.60198,29.1404,27.37302,0.8225423,50
bookstore,ico-rhombus,512,webp-replacement-q50,image-replacement,webp,8,655360,10,43948,66282,33.96285,32.03318,30.64575,0.8969955,50
bookstore,ico-rhombus,512,webp-replacement-q50,image-replacement,webp,9,2621440,40,118896,185178,35.80401,35.74572,34.90828,0.9533355,50
bookstore,ico-rhombus,512,jpeg-replacement-q70,image-replacement,jpeg,5,10240,1,2465,2465,30.19702,25.01006,22.67786,0.7202074,70
bookstore,ico-rhombus,512,jpeg-replacement-q70,image-replacement,jpeg,6,40960,10,10542,13007,31.2338,27.06101,24.89172,0.7543281,70
bookstore,ico-rhombus,512,jpeg-replacement-q70,image-replacement,jpeg,7,163840,10,27916,40923,32.5222,29.45295,27.48913,0.8201659,70
bookstore,ico-rhombus,512,jpeg-replacement-q70,image-replacement,jpeg,8,655360,10,83857,124780,34.06755,32.57661,30.94736,0.9052496,70
bookstore,ico-rhombus,512,jpeg-replacement-q70,image-replacement,jpeg,9,2621440,40,255648,380428,36.67626,37.03322,35.89571,0.9672429,70
bookstore,ico-rhombus,512,jpeg-residual-q70,image-residual,jpeg,5,10240,1,2465,2465,30.19702,25.01006,22.67786,0.7202074,70
bookstore,ico-rhombus,512,jpeg-residual-q70,image-residual,jpeg,6,40960,10,8907,11372,31.25453,27.04407,24.89768,0.7540606,70
bookstore,ico-rhombus,512,jpeg-residual-q70,image-residual,jpeg,7,163840,10,22601,33973,32.51682,29.43101,27.48215,0.8196944,70
bookstore,ico-rhombus,512,jpeg-residual-q70,image-residual,jpeg,8,655360,10,66698,100671,34.06214,32.57103,30.94386,0.9045298,70
bookstore,ico-rhombus,512,jpeg-residual-q70,image-residual,jpeg,9,2621440,40,204472,305143,36.668,37.02716,35.89178,0.9665387,70
bookstore,ico-rhombus,512,webp-replacement-q70,image-replacement,webp,5,10240,1,2010,2010,32.17858,25.09674,22.76908,0.7273515,70
bookstore,ico-rhombus,512,webp-replacement-q70,image-replacement,webp,6,40960,10,6778,8788,32.99328,27.11499,25.03661,0.7665905,70
bookstore,ico-rhombus,512,webp-replacement-q70,image-replacement,webp,7,163840,10,19440,28228,33.99726,29.4954,27.66036,0.8326927,70
bookstore,ico-rhombus,512,webp-replacement-q70,image-replacement,webp,8,655360,10,56022,84250,35.40117,32.58598,31.1435,0.9093821,70
bookstore,ico-rhombus,512,webp-replacement-q70,image-replacement,webp,9,2621440,40,151038,235288,37.19137,36.5915,35.71063,0.9622262,70
bookstore,ico-rhombus,512,jpeg-replacement-q80,image-replacement,jpeg,5,10240,1,3047,3047,31.70873,25.21678,22.81355,0.7238272,80
bookstore,ico-rhombus,512,jpeg-replacement-q80,image-replacement,jpeg,6,40960,10,12710,15757,32.65349,27.30639,25.10883,0.762721,80
bookstore,ico-rhombus,512,jpeg-replacement-q80,image-replacement,jpeg,7,163840,10,35033,50790,33.88073,29.77257,27.78981,0.8325586,80
bookstore,ico-rhombus,512,jpeg-replacement-q80,image-replacement,jpeg,8,655360,10,106600,157390,35.39486,33.05731,31.40061,0.916198,80
bookstore,ico-rhombus,512,jpeg-replacement-q80,image-replacement,jpeg,9,2621440,40,325222,482612,37.99406,37.74154,36.58572,0.97297,80
bookstore,ico-rhombus,512,jpeg-residual-q80,image-residual,jpeg,5,10240,1,3047,3047,31.70873,25.21678,22.81355,0.7238272,80
bookstore,ico-rhombus,512,jpeg-residual-q80,image-residual,jpeg,6,40960,10,10739,13786,32.63658,27.30009,25.10694,0.7626439,80
bookstore,ico-rhombus,512,jpeg-residual-q80,image-residual,jpeg,7,163840,10,28551,42337,33.86547,29.75976,27.78345,0.8321317,80
bookstore,ico-rhombus,512,jpeg-residual-q80,image-residual,jpeg,8,655360,10,86058,128395,35.3672,33.03502,31.39069,0.9155123,80
bookstore,ico-rhombus,512,jpeg-residual-q80,image-residual,jpeg,9,2621440,40,263153,391548,37.9414,37.71103,36.56585,0.9723678,80
bookstore,ico-rhombus,512,webp-replacement-q80,image-replacement,webp,5,10240,1,2602,2602,33.80957,25.31085,22.88975,0.7293911,80
bookstore,ico-rhombus,512,webp-replacement-q80,image-replacement,webp,6,40960,10,8710,11312,34.65968,27.37913,25.21566,0.7725436,80
bookstore,ico-rhombus,512,webp-replacement-q80,image-replacement,webp,7,163840,10,25106,36418,35.65327,29.8134,27.91441,0.8427588,80
bookstore,ico-rhombus,512,webp-replacement-q80,image-replacement,webp,8,655360,10,72310,108728,36.985,33.07914,31.56109,0.9194662,80
bookstore,ico-rhombus,512,webp-replacement-q80,image-replacement,webp,9,2621440,40,195086,303814,38.71245,37.40958,36.47807,0.9692291,80
bookstore,ico-rhombus,512,jpeg-replacement-q90,image-replacement,jpeg,5,10240,1,4341,4341,34.43998,25.46472,22.98172,0.7290694,90
bookstore,ico-rhombus,512,jpeg-replacement-q90,image-replacement,jpeg,6,40960,10,17270,21611,35.31132,27.59748,25.32506,0.7735013,90
bookstore,ico-rhombus,512,jpeg-replacement-q90,image-replacement,jpeg,7,163840,10,51005,72616,36.49969,30.16735,28.11761,0.8489652,90
bookstore,ico-rhombus,512,jpeg-replacement-q90,image-replacement,jpeg,8,655360,10,159869,232485,37.97438,33.68884,31.9525,0.9299731,90
bookstore,ico-rhombus,512,jpeg-replacement-q90,image-replacement,jpeg,9,2621440,40,494337,726822,40.46267,38.80688,37.5106,0.9794861,90
bookstore,ico-rhombus,512,jpeg-residual-q90,image-residual,jpeg,5,10240,1,4341,4341,34.43998,25.46472,22.98172,0.7290694,90
bookstore,ico-rhombus,512,jpeg-residual-q90,image-residual,jpeg,6,40960,10,14805,19146,35.29524,27.59128,25.32635,0.7736196,90
bookstore,ico-rhombus,512,jpeg-residual-q90,image-residual,jpeg,7,163840,10,42705,61851,36.45241,30.15357,28.11655,0.8487027,90
bookstore,ico-rhombus,512,jpeg-residual-q90,image-residual,jpeg,8,655360,10,133140,194991,37.90131,33.65084,31.9446,0.9297973,90
bookstore,ico-rhombus,512,jpeg-residual-q90,image-residual,jpeg,9,2621440,40,410943,605934,40.30981,38.68113,37.46364,0.9792188,90
bookstore,ico-rhombus,512,webp-replacement-q90,image-replacement,webp,5,10240,1,3996,3996,36.65186,25.55175,23.01165,0.7319441,90
bookstore,ico-rhombus,512,webp-replacement-q90,image-replacement,webp,6,40960,10,13662,17658,37.42598,27.67671,25.37561,0.7792627,90
bookstore,ico-rhombus,512,webp-replacement-q90,image-replacement,webp,7,163840,10,39884,57542,38.40019,30.23573,28.17366,0.8547376,90
bookstore,ico-rhombus,512,webp-replacement-q90,image-replacement,webp,8,655360,10,117640,175182,39.75345,33.70881,32.01608,0.9316191,90
bookstore,ico-rhombus,512,webp-replacement-q90,image-replacement,webp,9,2621440,40,324120,499302,41.55219,38.53885,37.44929,0.9775327,90
gardens,ico-rhombus,512,exact,exact,deflate,5,10240,1,30720,30720,,19.99681,19.3359,0.4438891,
gardens,ico-rhombus,512,exact,exact,deflate,6,40960,10,122880,153600,,21.86974,20.78886,0.535365,
gardens,ico-rhombus,512,exact,exact,deflate,7,163840,10,491520,645120,,24.39102,22.78617,0.6929051,
gardens,ico-rhombus,512,exact,exact,deflate,8,655360,10,1966080,2611200,,28.22566,26.07193,0.8645889,
gardens,ico-rhombus,512,exact,exact,deflate,9,2621440,40,7864320,10475520,,34.30641,31.7269,0.9680767,
gardens,ico-rhombus,512,haar-residual-d3,haar-residual,deflate,5,10240,1,32257,32257,56.85815,19.99626,19.3356,0.4438824,3
gardens,ico-rhombus,512,haar-residual-d3,haar-residual,deflate,6,40960,10,70441,102698,54.1572,21.86952,20.78877,0.5353752,3
gardens,ico-rhombus,512,haar-residual-d3,haar-residual,deflate,7,163840,10,217829,320527,50.75433,24.38678,22.7844,0.6928505,3
gardens,ico-rhombus,512,haar-residual-d3,haar-residual,deflate,8,655360,10,623734,944261,46.33341,28.18029,26.05666,0.8641935,3
gardens,ico-rhombus,512,haar-residual-d3,haar-residual,deflate,9,2621440,40,1549371,2493632,41.87704,33.84078,31.57207,0.9667285,3
gardens,ico-rhombus,512,haar-replacement-d3,haar-replacement,deflate,5,10240,1,15711,15711,40.4295,19.97441,19.31906,0.4436034,3
gardens,ico-rhombus,512,haar-replacement-d3,haar-replacement,deflate,6,40960,10,57579,73290,40.74007,21.83821,20.7683,0.5346456,3
gardens,ico-rhombus,512,haar-replacement-d3,haar-replacement,deflate,7,163840,10,207761,281051,41.03069,24.33273,22.75606,0.6915956,3
gardens,ico-rhombus,512,haar-replacement-d3,haar-replacement,deflate,8,655360,10,733556,1014607,41.3296,28.08787,26.01763,0.8630755,3
gardens,ico-rhombus,512,haar-replacement-d3,haar-replacement,deflate,9,2621440,40,2518765,3533372,41.87766,33.83996,31.57059,0.9667295,3
gardens,ico-rhombus,512,haar-residual-d3-p0.5,haar-residual,deflate,5,10240,1,22195,22195,49.38396,19.99491,19.33487,0.4438862,3
gardens,ico-rhombus,512,haar-residual-d3-p0.5,haar-residual,deflate,6,40960,10,53434,75629,46.91885,21.86217,20.78436,0.5352546,3
gardens,ico-rhombus,512,haar-residual-d3-p0.5,haar-residual,deflate,7,163840,10,175848,251477,44.43231,24.35662,22.77122,0.6924725,3
gardens,ico-rhombus,512,haar-residual-d3-p0.5,haar-residual,deflate,8,655360,10,544663,796140,41.99515,28.05737,26.01432,0.8633394,3
gardens,ico-rhombus,512,haar-residual-d3-p0.5,haar-residual,deflate,9,2621440,40,1549371,2345511,39.81479,33.33907,31.39797,0.965641,3
gardens,ico-rhombus,512,haar-residual-d6,haar-residual,deflate,5,10240,1,27265,27265,54.08518,19.99639,19.33555,0.4438668,6
gardens,ico-rhombus,512,haar-residual-d6,haar-residual,deflate,6,40960,10,58751,86016,50.67372,21.86823,20.78789,0.5353592,6
gardens,ico-rhombus,512,haar-residual-d6,haar-residual,deflate,7,163840,10,175848,261864,46.12229,24.37374,22.77833,0.6926233,6
gardens,ico-rhombus,512,haar-residual-d6,haar-residual,deflate,8,655360,10,469050,730914,41.3296,28.08787,26.01763,0.8630755,6
gardens,ico-rhombus,512,haar-residual-d6,haar-residual,deflate,9,2621440,40,1056271,1787185,37.09415,33.19319,31.24716,0.9644016,6
gardens,ico-rhombus,512,haar-replacement-d6,haar-replacement,deflate,5,10240,1,12011,12011,35.28837,19.92797,19.28078,0.4429533,6
gardens,ico-rhombus,512,haar-replacement-d6,haar-replacement,deflate,6,40960,10,43456,55467,35.66318,21.76852,20.7185,0.5327588,6
gardens,ico-rhombus,512,haar-replacement-d6,haar-replacement,deflate,7,163840,10,156182,211649,36.0232,24.20542,22.68254,0.68824,6
gardens,ico-rhombus,512,haar-replacement-d6,haar-replacement,deflate,8,655360,10,542073,753722,36.41245,27.82534,25.88526,0.8596072,6
gardens,ico-rhombus,512,haar-replacement-d6,haar-replacement,deflate,9,2621440,40,1814714,2568436,37.09433,33.19218,31.24571,0.9644074,6
gardens,ico-rhombus,512,haar-residual-d6-p0.5,haar-residual,deflate,5,10240,1,18577,18577,44.28573,19.98802,19.32918,0.4437571,6
gardens,ico-rhombus,512,haar-residual-d6-p0.5,haar-residual,deflate,6,40960,10,42385,60962,41.63036,21.83853,20.76927,0.5349275,6
gardens,ico-rhombus,512,haar-residual-d6-p0.5,haar-residual,deflate,7,163840,10,135614,196576,39.14868,24.27555,22.72939,0.6911699,6
gardens,ico-rhombus,512,haar-residual-d6-p0.5,haar-residual,deflate,8,655360,10,400467,597043,36.82692,27.72595,25.86756,0.8600688,6
gardens,ico-rhombus,512,haar-residual-d6-p0.5,haar-residual,deflate,9,2621440,40,1056271,1653314,34.86063,32.12355,30.70921,0.9606704,6
gardens,ico-rhombus,512,haar-residual-d12,haar-residual,deflate,5,10240,1,23118,23118,50.57389,19.99495,19.33477,0.4438924,12
gardens,ico-rhombus,512,haar-residual-d12,haar-residual,deflate,6,40960,10,47776,70894,45.91094,21.86045,20.78316,0.5351848,12
gardens,ico-rhombus,512,haar-residual-d12,haar-residual,deflate,7,163840,10,135614,206508,41.03069,24.33273,22.75606,0.6915956,12
gardens,ico-rhombus,512,haar-residual-d12,haar-residual,deflate,8,655360,10,332991,539499,36.41245,27.82534,25.88526,0.8596072,12
gardens,ico-rhombus,512,haar-residual-d12,haar-residual,deflate,9,2621440,40,672469,1211968,32.81196,31.96161,30.42266,0.9578228,12
gardens,ico-rhombus,512,haar-replacement-d12,haar-replacement,deflate,5,10240,1,8478,8478,30.45471,19.76531,19.14996,0.4405067,12
gardens,ico-rhombus,512,haar-replacement-d12,haar-replacement,deflate,6,40960,10,29960,38438,30.92674,21.55161,20.56417,0.5259145,12
gardens,ico-rhombus,512,haar-replacement-d12,haar-replacement,deflate,7,163840,10,106505,144943,31.38275,23.87336,22.46968,0.6781189,12
gardens,ico-rhombus,512,haar-replacement-d12,haar-replacement,deflate,8,655360,10,369143,514086,31.92222,27.19458,25.52114,0.850105,12
gardens,ico-rhombus,512,haar-replacement-d12,haar-replacement,deflate,9,2621440,40,1233068,1747154,32.8118,31.96131,30.42109,0.9578229,12
gardens,ico-rhombus,512,haar-residual-d12-p0.5,haar-residual,deflate,5,10240,1,14915,14915,38.745,19.95476,19.30532,0.4435628,12
gardens,ico-rhombus,512,haar-residual-d12-p0.5,haar-residual,deflate,6,40960,10,31885,46800,36.27191,21.7514,20.71475,0.5336011,12
gardens,ico-rhombus,512,haar-residual-d12-p0.5,haar-residual,deflate,7,163840,10,96928,143728,33.98922,24.01064,22.58622,0.6862368,12
gardens,ico-rhombus,512,haar-residual-d12-p0.5,haar-residual,deflate,8,655360,10,268514,412242,31.93268,26.90286,25.42724,0.850032,12
gardens,ico-rhombus,512,haar-residual-d12-p0.5,haar-residual,deflate,9,2621440,40,672469,1084711,30.34413,30.01849,29.1301,0.9464224,12
gardens,ico-rhombus,512,haar-residual-d24,haar-residual,deflate,5,10240,1,19423,19423,45.76849,19.99233,19.33244,0.4438185,24
gardens,ico-rhombus,512,haar-residual-d24,haar-residual,deflate,6,40960,10,37018,56441,40.74007,21.83821,20.7683,0.5346456,24
gardens,ico-rhombus,512,haar-residual-d24,haar-residual,deflate,7,163840,10,96928,153369,36.0232,24.20542,22.68254,0.68824,24
gardens,ico-rhombus,512,haar-residual-d24,haar-residual,deflate,8,655360,10,212567,365936,31.92222,27.19458,25.52114,0.850105,24
gardens,ico-rhombus,512,haar-residual-d24,haar-residual,deflate,9,2621440,40,385082,751018,29.04356,30.03706,28.85304,0.9391579,24
gardens,ico-rhombus,512,haar-replacement-d24,haar-replacement,deflate,5,10240,1,5369,5369,26.29954,19.38096,18.8284,0.4324006,24
gardens,ico-rhombus,512,haar-replacement-d24,haar-replacement,deflate,6,40960,10,18262,23631,26.95847,21.0373,20.18169,0.5102119,24
gardens,ico-rhombus,512,haar-replacement-d24,haar-replacement,deflate,7,163840,10,64560,88191,27.50958,23.15184,21.97419,0.6529704,24
gardens,ico-rhombus,512,haar-replacement-d24,haar-replacement,deflate,8,655360,10,228304,316495,28.10591,26.0621,24.71567,0.8238138,24
gardens,ico-rhombus,512,haar-replacement-d24,haar-replacement,deflate,9,2621440,40,773425,1089920,29.04282,30.03557,28.85144,0.9391649,24
gardens,ico-rhombus,512,haar-residual-d24-p0.5,haar-residual,deflate,5,10240,1,11295,11295,33.50012,19.86551,19.23426,0.4427979,24
gardens,ico-rhombus,512,haar-residual-d24-p0.5,haar-residual,deflate,6,40960,10,21976,33271,31.24413,21.51642,20.54834,0.5290227,24
gardens,ico-rhombus,512,haar-residual-d24-p0.5,haar-residual,deflate,7,163840,10,61518,94789,29.23827,23.3799,22.1839,0.6717037,24
gardens,ico-rhombus,512,haar-residual-d24-p0.5,haar-residual,deflate,8,655360,10,161191,255980,27.57665,25.41077,24.38234,0.8230606,24
gardens,ico-rhombus,512,haar-residual-d24-p0.5,haar-residual,deflate,9,2621440,40,385082,641062,26.33162,27.17486,26.57014,0.9088647,24
gardens,ico-rhombus,512,jpeg-replacement-q50,image-replacement,jpeg,5,10240,1,2540,2540,23.85127,18.66868,18.21044,0.4200671,50
gardens,ico-rhombus,512,jpeg-replacement-q50,image-replacement,jpeg,6,40960,10,11380,13920,24.78833,20.33698,19.58764,0.4803482,50
gardens,ico-rhombus,512,jpeg-replacement-q50,image-replacement,jpeg,7,163840,10,33780,47700,25.20935,22.34059,21.22886,0.6164199,50
gardens,ico-rhombus,512,jpeg-replacement-q50,image-replacement,jpeg,8,655360,10,117376,165076,25.75976,25.06283,23.64699,0.8000257,50
gardens,ico-rhombus,512,jpeg-replacement-q50,image-replacement,jpeg,9,2621440,40,419443,584519,27.37682,29.04484,27.48448,0.9345778,50
gardens,ico-rhombus,512,jpeg-residual-q50,image-residual,jpeg,5,10240,1,2540,2540,23.85127,18.66868,18.21044,0.4200671,50
gardens,ico-rhombus,512,jpeg-residual-q50,image-residual,jpeg,6,40960,10,9381,11921,24.81362,20.35006,19.59373,0.4800025,50
gardens,ico-rhombus,512,jpeg-residual-q50,image-residual,jpeg,7,163840,10,26822,38743,25.25273,22.36661,21.23979,0.6162192,50
gardens,ico-rhombus,512,jpeg-residual-q50,image-residual,jpeg,8,655360,10,91839,130582,25.80633,25.09937,23.66998,0.8001774,50
gardens,ico-rhombus,512,jpeg-residual-q50,image-residual,jpeg,9,2621440,40,324297,454879,27.45192,29.10832,27.54548,0.9348761,50
gardens,ico-rhombus,512,webp-replacement-q50,image-replacement,webp,5,10240,1,2934,2934,25.90793,19.15149,18.6261,0.4332974,50
gardens,ico-rhombus,512,webp-replacement-q50,image-replacement,webp,6,40960,10,10708,13642,26.70798,20.82729,19.97634,0.5106705,50
gardens,ico-rhombus,512,webp-replacement-q50,image-replacement,webp,7,163840,10,36536,50178,27.26516,22.95092,21.73203,0.6535031,50
gardens,ico-rhombus,512,webp-replacement-q50,image-replacement,webp,8,655360,10,130558,180736,27.97781,25.84321,24.38776,0.8255273,50
gardens,ico-rhombus,512,webp-replacement-q50,image-replacement,webp,9,2621440,40,447208,627944,29.46727,29.79864,28.48384,0.9411325,50
gardens,ico-rhombus,512,jpeg-replacement-q70,image-replacement,jpeg,5,10240,1,3443,3443,24.86334,18.95712,18.4587,0.428107,70
gardens,ico-rhombus,512,jpeg-replacement-q70,image-replacement,jpeg,6,40960,10,14810,18253,25.91281,20.70577,19.88076,0.5002278,70
gardens,ico-rhombus,512,jpeg-replacement-q70,image-replacement,jpeg,7,163840,10,46285,64538,26.40446,22.79543,21.60778,0.6470283,70
gardens,ico-rhombus,512,jpeg-replacement-q70,image-replacement,jpeg,8,655360,10,163403,227941,27.06681,25.72775,24.2294,0.8278297,70
gardens,ico-rhombus,512,jpeg-replacement-q70,image-replacement,jpeg,9,2621440,40,574458,802399,28.74714,30.02915,28.36893,0.9488032,70
gardens,ico-rhombus,512,jpeg-residual-q70,image-residual,jpeg,5,10240,1,3443,3443,24.86334,18.95712,18.4587,0.428107,70
gardens,ico-rhombus,512,jpeg-residual-q70,image-residual,jpeg,6,40960,10,12282,15725,25.93244,20.72627,19.89154,0.5003522,70
gardens,ico-rhombus,512,jpeg-residual-q70,image-residual,jpeg,7,163840,10,37132,52857,26.45299,22.82427,21.62251,0.6472719,70
gardens,ico-rhombus,512,jpeg-residual-q70,image-residual,jpeg,8,655360,10,129923,182780,27.11304,25.76385,24.24997,0.8279417,70
gardens,ico-rhombus,512,jpeg-residual-q70,image-residual,jpeg,9,2621440,40,448805,631585,28.81841,30.07703,28.41759,0.9489718,70
gardens,ico-rhombus,512,webp-replacement-q70,image-replacement,webp,5,10240,1,3548,3548,26.85365,19.29437,18.73706,0.437105,70
gardens,ico-rhombus,512,webp-replacement-q70,image-replacement,webp,6,40960,10,13032,16580,27.75973,21.03577,20.13529,0.5186544,70
gardens,ico-rhombus,512,webp-replacement-q70,image-replacement,webp,7,163840,10,44730,61310,28.29959,23.20791,21.91425,0.6658589,70
gardens,ico-rhombus,512,webp-replacement-q70,image-replacement,webp,8,655360,10,160828,222138,29.11292,26.27644,24.6953,0.8385287,70
gardens,ico-rhombus,512,webp-replacement-q70,image-replacement,webp,9,2621440,40,555152,777290,30.7689,30.54726,29.09382,0.9500715,70
gardens,ico-rhombus,512,jpeg-replacement-q80,image-replacement,jpeg,5,10240,1,4339,4339,25.90752,19.18091,18.65873,0.4333315,80
gardens,ico-rhombus,512,jpeg-replacement-q80,image-replacement,jpeg,6,40960,10,18186,22525,27.07259,20.9833,20.09546,0.513766,80
gardens,ico-rhombus,512,jpeg-replacement-q80,image-replacement,jpeg,7,163840,10,58448,80973,27.54387,23.11476,21.8628,0.6663069,80
gardens,ico-rhombus,512,jpeg-replacement-q80,image-replacement,jpeg,8,655360,10,207838,288811,28.33246,26.21226,24.63735,0.8435554,80
gardens,ico-rhombus,512,jpeg-replacement-q80,image-replacement,jpeg,9,2621440,40,726023,1014834,30.04989,30.7694,29.05035,0.9565725,80
gardens,ico-rhombus,512,jpeg-residual-q80,image-residual,jpeg,5,10240,1,4339,4339,25.90752,19.18091,18.65873,0.4333315,80
gardens,ico-rhombus,512,jpeg-residual-q80,image-residual,jpeg,6,40960,10,15077,19416,27.057,20.99872,20.10057,0.5139046,80
gardens,ico-rhombus,512,jpeg-residual-q80,image-residual,jpeg,7,163840,10,47307,66723,27.58537,23.13267,21.87673,0.6663297,80
gardens,ico-rhombus,512,jpeg-residual-q80,image-residual,jpeg,8,655360,10,167606,234329,28.3762,26.23536,24.65475,0.8436618,80
gardens,ico-rhombus,512,jpeg-residual-q80,image-residual,jpeg,9,2621440,40,575813,810142,30.11275,30.80203,29.08959,0.9565323,80
gardens,ico-rhombus,512,webp-replacement-q80,image-replacement,webp,5,10240,1,4346,4346,27.76054,19.41677,18.83687,0.4396409,80
gardens,ico-rhombus,512,webp-replacement-q80,image-replacement,webp,6,40960,10,15936,20282,28.71499,21.18705,20.24851,0.5247737,80
gardens,ico-rhombus,512,webp-replacement-q80,image-replacement,webp,7,163840,10,55142,75424,29.22369,23.413,22.05755,0.6761061,80
gardens,ico-rhombus,512,webp-replacement-q80,image-replacement,webp,8,655360,10,197474,272898,30.13533,26.63,24.93126,0.8480312,80
gardens,ico-rhombus,512,webp-replacement-q80,image-replacement,webp,9,2621440,40,686840,959738,32.05748,31.22312,29.59165,0.9564253,80
gardens,ico-rhombus,512,jpeg-replacement-q90,image-replacement,jpeg,5,10240,1,6195,6195,27.84807,19.4798,18.88782,0.4405426,90
gardens,ico-rhombus,512,jpeg-replacement-q90,image-replacement,jpeg,6,40960,10,24832,31027,29.04677,21.26561,20.31755,0.5274942,90
gardens,ico-rhombus,512,jpeg-replacement-q90,image-replacement,jpeg,7,163840,10,83272,114299,29.56006,23.54552,22.16052,0.6835927,90
gardens,ico-rhombus,512,jpeg-replacement-q90,image-replacement,jpeg,8,655360,10,298360,412659,30.48276,26.84666,25.09344,0.8573491,90
gardens,ico-rhombus,512,jpeg-replacement-q90,image-replacement,jpeg,9,2621440,40,1052819,1465478,32.54992,31.86147,29.96996,0.9640122,90
gardens,ico-rhombus,512,jpeg-residual-q90,image-residual,jpeg,5,10240,1,6195,6195,27.84807,19.4798,18.88782,0.4405426,90
gardens,ico-rhombus,512,jpeg-residual-q90,image-residual,jpeg,6,40960,10,21031,27226,29.11554,21.28547,20.32922,0.527542,90
gardens,ico-rhombus,512,jpeg-residual-q90,image-residual,jpeg,7,163840,10,69207,96433,29.62176,23.55896,22.17134,0.6835028,90
gardens,ico-rhombus,512,jpeg-residual-q90,image-residual,jpeg,8,655360,10,248222,344655,30.56944,26.87717,25.11868,0.8573624,90
gardens,ico-rhombus,512,jpeg-residual-q90,image-residual,jpeg,9,2621440,40,866011,1210666,32.66474,31.90705,30.03096,0.9639797,90
gardens,ico-rhombus,512,webp-replacement-q90,image-replacement,webp,5,10240,1,5948,5948,28.55173,19.5145,18.91622,0.4425833,90
gardens,ico-rhombus,512,webp-replacement-q90,image-replacement,webp,6,40960,10,22492,28440,29.84803,21.33112,20.35263,0.530748,90
gardens,ico-rhombus,512,webp-replacement-q90,image-replacement,webp,7,163840,10,76852,105292,30.34089,23.62531,22.20147,0.6851731,90
gardens,ico-rhombus,512,webp-replacement-q90,image-replacement,webp,8,655360,10,278176,383468,31.4056,27.02531,25.17453,0.8571436,90
gardens,ico-rhombus,512,webp-replacement-q90,image-replacement,webp,9,2621440,40,981252,1364720,33.86425,32.0874,30.1472,0.9626744,90
stadium,ico-rhombus,512,exact,exact,deflate,5,10240,1,30720,30720,,24.88637,20.50513,0.5328821,
stadium,ico-rhombus,512,exact,exact,deflate,6,40960,10,122880,153600,,26.61814,22.02714,0.584554,
stadium,ico-rhombus,512,exact,exact,deflate,7,163840,10,491520,645120,,28.62619,23.76577,0.683977,
stadium,ico-rhombus,512,exact,exact,deflate,8,655360,10,1966080,2611200,,31.25374,26.09851,0.8156623,
stadium,ico-rhombus,512,exact,exact,deflate,9,2621440,40,7864320,10475520,,35.52343,30.22857,0.9360706,
stadium,ico-rhombus,512,haar-residual-d3,haar-residual,deflate,5,10240,1,27971,27971,56.86343,24.88289,20.50476,0.5328834,3
stadium,ico-rhombus,512,haar-residual-d3,haar-residual,deflate,6,40960,10,57918,85889,54.30171,26.59772,22.02647,0.5845543,3
stadium,ico-rhombus,512,haar-residual-d3,haar-residual,deflate,7,163840,10,159609,245498,51.30275,28.52134,23.76325,0.6838557,3
stadium,ico-rhombus,512,haar-residual-d3,haar-residual,deflate,8,655360,10,419526,665024,47.53542,30.85757,26.08587,0.8150387,3
stadium,ico-rhombus,512,haar-residual-d3,haar-residual,deflate,9,2621440,40,1060969,1725993,43.8113,34.31486,30.15587,0.934307,3
stadium,ico-rhombus,512,haar-replacement-d3,haar-replacement,deflate,5,10240,1,11583,11583,41.52896,24.48842,20.4874,0.5325247,3
stadium,ico-rhombus,512,haar-replacement-d3,haar-replacement,deflate,6,40960,10,40519,52102,42.05006,26.15254,22.00655,0.5836681,3
stadium,ico-rhombus,512,haar-replacement-d3,haar-replacement,deflate,7,163840,10,142376,194478,42.55435,28.05995,23.73747,0.6824156,3
stadium,ico-rhombus,512,haar-replacement-d3,haar-replacement,deflate,8,655360,10,497935,692413,43.04241,30.47214,26.05759,0.8136704,3
stadium,ico-rhombus,512,haar-replacement-d3,haar-replacement,deflate,9,2621440,40,1745097,2437510,43.8135,34.31597,30.15588,0.9343071,3
stadium,ico-rhombus,512,haar-residual-d3-p0.5,haar-residual,deflate,5,10240,1,18077,18077,49.51788,24.79949,20.50165,0.5328369,3
stadium,ico-rhombus,512,haar-residual-d3-p0.5,haar-residual,deflate,6,40960,10,39034,57111,47.33711,26.38691,22.02009,0.5844281,3
stadium,ico-rhombus,512,haar-residual-d3-p0.5,haar-residual,deflate,7,163840,10,119223,176334,45.26206,28.09711,23.74843,0.6833252,3
stadium,ico-rhombus,512,haar-residual-d3-p0.5,haar-residual,deflate,8,655360,10,358189,534523,43.23866,30.18176,26.05056,0.813924,3
stadium,ico-rhombus,512,haar-residual-d3-p0.5,haar-residual,deflate,9,2621440,40,1060969,1595492,41.46647,33.41747,30.05659,0.9329552,3
stadium,ico-rhombus,512,haar-residual-d6,haar-residual,deflate,5,10240,1,23353,23353,54.17977,24.87469,20.50475,0.5328718,6
stadium,ico-rhombus,512,haar-residual-d6,haar-residual,deflate,6,40960,10,44898,68251,50.96382,26.54371,22.02508,0.5844936,6
stadium,ico-rhombus,512,haar-residual-d6,haar-residual,deflate,7,163840,10,119223,187474,47.11927,28.34335,23.75725,0.6834814,6
stadium,ico-rhombus,512,haar-residual-d6,haar-residual,deflate,8,655360,10,308136,495610,43.04241,30.47214,26.05759,0.8136704,6
stadium,ico-rhombus,512,haar-residual-d6,haar-residual,deflate,9,2621440,40,743517,1239127,39.54873,33.68045,30.02522,0.9317711,6
stadium,ico-rhombus,512,haar-replacement-d6,haar-replacement,deflate,5,10240,1,8530,8530,36.8415,24.07018,20.45071,0.5316692,6
stadium,ico-rhombus,512,haar-replacement-d6,haar-replacement,deflate,6,40960,10,29212,37742,37.44331,25.7287,21.96009,0.5818566,6
stadium,ico-rhombus,512,haar-replacement-d6,haar-replacement,deflate,7,163840,10,101944,139686,38.11637,27.62752,23.6819,0.680028,6
stadium,ico-rhombus,512,haar-replacement-d6,haar-replacement,deflate,8,655360,10,356973,496659,38.72779,30.0024,25.98235,0.8110225,6
stadium,ico-rhombus,512,haar-replacement-d6,haar-replacement,deflate,9,2621440,40,1256406,1753065,39.54985,33.68245,30.02512,0.9317731,6
stadium,ico-rhombus,512,haar-residual-d6-p0.5,haar-residual,deflate,5,10240,1,14324,14324,44.64716,24.6234,20.49733,0.5327346,6
stadium,ico-rhombus,512,haar-residual-d6-p0.5,haar-residual,deflate,6,40960,10,28907,43231,42.43748,26.03014,22.00484,0.5839108,6
stadium,ico-rhombus,512,haar-residual-d6-p0.5,haar-residual,deflate,7,163840,10,86990,130221,40.40493,27.55061,23.70932,0.6817932,6
stadium,ico-rhombus,512,haar-residual-d6-p0.5,haar-residual,deflate,8,655360,10,255862,386083,38.51853,29.42512,25.94919,0.8107336,6
stadium,ico-rhombus,512,haar-residual-d6-p0.5,haar-residual,deflate,9,2621440,40,743517,1129600,36.95355,32.37533,29.73262,0.9282739,6
stadium,ico-rhombus,512,haar-residual-d12,haar-residual,deflate,5,10240,1,18990,18990,50.78566,24.83915,20.50304,0.5328225,12
stadium,ico-rhombus,512,haar-residual-d12,haar-residual,deflate,6,40960,10,33692,52682,46.69449,26.41341,22.01997,0.5842901,12
stadium,ico-rhombus,512,haar-residual-d12,haar-residual,deflate,7,163840,10,86990,139672,42.55435,28.05995,23.73747,0.6824156,12
stadium,ico-rhombus,512,haar-residual-d12,haar-residual,deflate,8,655360,10,210757,350429,38.72779,30.0024,25.98235,0.8110225,12
stadium,ico-rhombus,512,haar-residual-d12,haar-residual,deflate,9,2621440,40,509617,860046,35.5139,32.92901,29.70234,0.9265909,12
stadium,ico-rhombus,512,haar-replacement-d12,haar-replacement,deflate,5,10240,1,5868,5868,32.24811,23.44324,20.33279,0.5294971,12
stadium,ico-rhombus,512,haar-replacement-d12,haar-replacement,deflate,6,40960,10,19901,25769,33.10653,25.1297,21.83082,0.5782265,12
stadium,ico-rhombus,512,haar-replacement-d12,haar-replacement,deflate,7,163840,10,69605,95374,33.86908,27.02883,23.5344,0.6747442,12
stadium,ico-rhombus,512,haar-replacement-d12,haar-replacement,deflate,8,655360,10,245285,340659,34.60989,29.36005,25.78758,0.8048779,12
stadium,ico-rhombus,512,haar-replacement-d12,haar-replacement,deflate,9,2621440,40,878300,1218959,35.51378,32.92964,29.70237,0.9265882,12
stadium,ico-rhombus,512,haar-residual-d12-p0.5,haar-residual,deflate,5,10240,1,10845,10845,39.60635,24.17948,20.47118,0.5324581,12
stadium,ico-rhombus,512,haar-residual-d12-p0.5,haar-residual,deflate,6,40960,10,20673,31518,37.57567,25.40367,21.94982,0.5824698,12
stadium,ico-rhombus,512,haar-residual-d12-p0.5,haar-residual,deflate,7,163840,10,59794,91312,35.74401,26.75456,23.58909,0.6779838,12
stadium,ico-rhombus,512,haar-residual-d12-p0.5,haar-residual,deflate,8,655360,10,174385,265697,34.10777,28.42367,25.67751,0.8038755,12
stadium,ico-rhombus,512,haar-residual-d12-p0.5,haar-residual,deflate,9,2621440,40,509617,775314,32.72584,30.9269,28.9662,0.9181243,12
stadium,ico-rhombus,512,haar-residual-d24,haar-residual,deflate,5,10240,1,15105,15105,46.36019,24.73644,20.5005,0.5327565,24
stadium,ico-rhombus,512,haar-residual-d24,haar-residual,deflate,6,40960,10,24581,39686,42.05006,26.15254,22.00655,0.5836681,24
stadium,ico-rhombus,512,haar-residual-d24,haar-residual,deflate,7,163840,10,59794,99480,38.11637,27.62752,23.6819,0.680028,24
stadium,ico-rhombus,512,haar-residual-d24,haar-residual,deflate,8,655360,10,140259,239739,34.60989,29.36005,25.78758,0.8048779,24
stadium,ico-rhombus,512,haar-residual-d24,haar-residual,deflate,9,2621440,40,325808,565547,31.45684,31.79695,28.97474,0.9123449,24
stadium,ico-rhombus,512,haar-replacement-d24,haar-replacement,deflate,5,10240,1,3738,3738,28.40884,22.69028,20.11098,0.5247498,24
stadium,ico-rhombus,512,haar-replacement-d24,haar-replacement,deflate,6,40960,10,12710,16448,29.13289,24.30789,21.52616,0.5695972,24
stadium,ico-rhombus,512,haar-replacement-d24,haar-replacement,deflate,7,163840,10,44011,60459,29.89229,26.17575,23.16522,0.6591875,24
stadium,ico-rhombus,512,haar-replacement-d24,haar-replacement,deflate,8,655360,10,159032,219491,30.65665,28.46465,25.33812,0.7878262,24
stadium,ico-rhombus,512,haar-replacement-d24,haar-replacement,deflate,9,2621440,40,585731,805222,31.45698,31.79764,28.97507,0.912339,24
stadium,ico-rhombus,512,haar-residual-d24-p0.5,haar-residual,deflate,5,10240,1,7918,7918,34.80228,23.46356,20.40411,0.5313308,24
stadium,ico-rhombus,512,haar-residual-d24-p0.5,haar-residual,deflate,6,40960,10,13768,21686,32.93387,24.51416,21.80221,0.5787755,24
stadium,ico-rhombus,512,haar-residual-d24-p0.5,haar-residual,deflate,7,163840,10,38772,60458,31.32559,25.67474,23.28267,0.6697317,24
stadium,ico-rhombus,512,haar-residual-d24-p0.5,haar-residual,deflate,8,655360,10,110658,171116,29.87821,27.02918,25.02721,0.7874499,24
stadium,ico-rhombus,512,haar-residual-d24-p0.5,haar-residual,deflate,9,2621440,40,325808,496924,28.56046,28.82646,27.43622,0.8917956,24
stadium,ico-rhombus,512,jpeg-replacement-q50,image-replacement,jpeg,5,10240,1,2051,2051,25.9547,22.51532,19.65042,0.5181255,50
stadium,ico-rhombus,512,jpeg-replacement-q50,image-replacement,jpeg,6,40960,10,9360,11411,27.13065,24.53911,21.13485,0.552826,50
stadium,ico-rhombus,512,jpeg-replacement-q50,image-replacement,jpeg,7,163840,10,25778,37189,27.92068,26.21537,22.68389,0.6277415,50
stadium,ico-rhombus,512,jpeg-replacement-q50,image-replacement,jpeg,8,655360,10,87805,124994,28.35714,28.2106,24.64256,0.7534767,50
stadium,ico-rhombus,512,jpeg-replacement-q50,image-replacement,jpeg,9,2621440,40,339132,464126,28.78759,31.24265,27.98886,0.8917109,50
stadium,ico-rhombus,512,jpeg-residual-q50,image-residual,jpeg,5,10240,1,2051,2051,25.9547,22.51532,19.65042,0.5181255,50
stadium,ico-rhombus,512,jpeg-residual-q50,image-residual,jpeg,6,40960,10,7945,9996,27.05847,24.24656,21.11947,0.5527187,50
stadium,ico-rhombus,512,jpeg-residual-q50,image-residual,jpeg,7,163840,10,20561,30557,27.93252,26.16244,22.68157,0.6275109,50
stadium,ico-rhombus,512,jpeg-residual-q50,image-residual,jpeg,8,655360,10,68703,99260,28.37288,28.20429,24.64296,0.7534771,50
stadium,ico-rhombus,512,jpeg-residual-q50,image-residual,jpeg,9,2621440,40,271027,370287,28.80571,31.25116,27.99608,0.8916329,50
stadium,ico-rhombus,512,webp-replacement-q50,image-replacement,webp,5,10240,1,2006,2006,27.88915,22.75003,19.94551,0.5267427,50
stadium,ico-rhombus,512,webp-replacement-q50,image-replacement,webp,6,40960,10,7632,9638,29.18806,24.8617,21.42198,0.5685138,50
stadium,ico-rhombus,512,webp-replacement-q50,image-replacement,webp,7,163840,10,24862,34500,29.9261,26.69427,23.04595,0.654047,50
stadium,ico-rhombus,512,webp-replacement-q50,image-replacement,webp,8,655360,10,90586,125086,30.73357,28.83832,25.18453,0.7810167,50
stadium,ico-rhombus,512,webp-replacement-q50,image-replacement,webp,9,2621440,40,358770,483856,31.73815,31.84212,28.77963,0.9088744,50
stadium,ico-rhombus,512,jpeg-replacement-q70,image-replacement,jpeg,5,10240,1,2750,2750,27.19229,22.86194,19.89459,0.5229963,70
stadium,ico-rhombus,512,jpeg-replacement-q70,image-replacement,jpeg,6,40960,10,11885,14635,28.56547,25.06112,21.39378,0.5630832,70
stadium,ico-rhombus,512,jpeg-replacement-q70,image-replacement,jpeg,7,163840,10,34939,49574,29.21676,26.78966,22.99336,0.6471432,70
stadium,ico-rhombus,512,jpeg-replacement-q70,image-replacement,jpeg,8,655360,10,123274,172848,29.8027,28.926,25.1065,0.7785663,70
stadium,ico-rhombus,512,jpeg-replacement-q70,image-replacement,jpeg,9,2621440,40,476862,649710,30.50003,32.23292,28.78351,0.9114028,70
stadium,ico-rhombus,512,jpeg-residual-q70,image-residual,jpeg,5,10240,1,2750,2750,27.19229,22.86194,19.89459,0.5229963,70
stadium,ico-rhombus,512,jpeg-residual-q70,image-residual,jpeg,6,40960,10,10009,12759,28.48558,24.81756,21.37644,0.5630658,70
stadium,ico-rhombus,512,jpeg-residual-q70,image-residual,jpeg,7,163840,10,28133,40892,29.2246,26.70809,22.99283,0.6473087,70
stadium,ico-rhombus,512,jpeg-residual-q70,image-residual,jpeg,8,655360,10,98355,139247,29.81192,28.9093,25.10649,0.7785684,70
stadium,ico-rhombus,512,jpeg-residual-q70,image-residual,jpeg,9,2621440,40,385749,524996,30.51456,32.25139,28.78843,0.9114032,70
stadium,ico-rhombus,512,webp-replacement-q70,image-replacement,webp,5,10240,1,2478,2478,29.03286,23.00125,20.06164,0.5288806,70
stadium,ico-rhombus,512,webp-replacement-q70,image-replacement,webp,6,40960,10,9436,11914,30.52718,25.04277,21.55976,0.5736996,70
stadium,ico-rhombus,512,webp-replacement-q70,image-replacement,webp,7,163840,10,31056,42970,31.35451,26.9511,23.21458,0.6639932,70
stadium,ico-rhombus,512,webp-replacement-q70,image-replacement,webp,8,655360,10,113866,156836,32.31769,29.15049,25.42305,0.7923131,70
stadium,ico-rhombus,512,webp-replacement-q70,image-replacement,webp,9,2621440,40,446350,603186,33.47976,32.36872,29.18282,0.9176958,70
stadium,ico-rhombus,512,jpeg-replacement-q80,image-replacement,jpeg,5,10240,1,3458,3458,28.51544,23.06371,20.05556,0.526942,80
stadium,ico-rhombus,512,jpeg-replacement-q80,image-replacement,jpeg,6,40960,10,14403,17861,29.88766,25.38022,21.55275,0.5706825,80
stadium,ico-rhombus,512,jpeg-replacement-q80,image-replacement,jpeg,7,163840,10,44539,62400,30.63835,27.1973,23.21817,0.6625343,80
stadium,ico-rhombus,512,jpeg-replacement-q80,image-replacement,jpeg,8,655360,10,159329,221729,31.34629,29.40963,25.42077,0.7944492,80
stadium,ico-rhombus,512,jpeg-replacement-q80,image-replacement,jpeg,9,2621440,40,614025,835754,32.28038,32.92439,29.28665,0.9221344,80
stadium,ico-rhombus,512,jpeg-residual-q80,image-residual,jpeg,5,10240,1,3458,3458,28.51544,23.06371,20.05556,0.526942,80
stadium,ico-rhombus,512,jpeg-residual-q80,image-residual,jpeg,6,40960,10,12205,15663,29.82871,25.11845,21.55036,0.5705481,80
stadium,ico-rhombus,512,jpeg-residual-q80,image-residual,jpeg,7,163840,10,36267,51930,30.64935,27.09803,23.21838,0.6625082,80
stadium,ico-rhombus,512,jpeg-residual-q80,image-residual,jpeg,8,655360,10,128892,180822,31.35285,29.34219,25.42248,0.7941362,80
stadium,ico-rhombus,512,jpeg-residual-q80,image-residual,jpeg,9,2621440,40,503195,684017,32.2803,32.7985,29.28626,0.9218684,80
stadium,ico-rhombus,512,webp-replacement-q80,image-replacement,webp,5,10240,1,3068,3068,30.1694,23.16554,20.14379,0.5301511,80
stadium,ico-rhombus,512,webp-replacement-q80,image-replacement,webp,6,40960,10,11706,14774,31.8996,25.28337,21.66931,0.5777647,80
stadium,ico-rhombus,512,webp-replacement-q80,image-replacement,webp,7,163840,10,39058,53832,32.89469,27.17504,23.35722,0.671322,80
stadium,ico-rhombus,512,webp-replacement-q80,image-replacement,webp,8,655360,10,142928,196760,33.97986,29.44795,25.60404,0.8008207,80
stadium,ico-rhombus,512,webp-replacement-q80,image-replacement,webp,9,2621440,40,554026,750786,35.34342,32.78033,29.48452,0.9235644,80
stadium,ico-rhombus,512,jpeg-replacement-q90,image-replacement,jpeg,5,10240,1,4868,4868,30.6469,23.28961,20.21314,0.5309785,90
stadium,ico-rhombus,512,jpeg-replacement-q90,image-replacement,jpeg,6,40960,10,19822,24690,32.44797,25.72073,21.74694,0.5805825,90
stadium,ico-rhombus,512,jpeg-replacement-q90,image-replacement,jpeg,7,163840,10,64531,89221,33.45196,27.62279,23.45944,0.6778704,90
stadium,ico-rhombus,512,jpeg-replacement-q90,image-replacement,jpeg,8,655360,10,234826,324047,34.50538,29.98186,25.73988,0.8092015,90
stadium,ico-rhombus,512,jpeg-replacement-q90,image-replacement,jpeg,9,2621440,40,899522,1223569,35.8451,33.7425,29.75559,0.9314253,90
stadium,ico-rhombus,512,jpeg-residual-q90,image-residual,jpeg,5,10240,1,4868,4868,30.6469,23.28961,20.21314,0.5309785,90
stadium,ico-rhombus,512,jpeg-residual-q90,image-residual,jpeg,6,40960,10,17087,21955,32.44011,25.52833,21.7548,0.5806648,90
stadium,ico-rhombus,512,jpeg-residual-q90,image-residual,jpeg,7,163840,10,53869,75824,33.47659,27.56079,23.46172,0.6777672,90
stadium,ico-rhombus,512,jpeg-residual-q90,image-residual,jpeg,8,655360,10,195863,271687,34.52259,29.85152,25.74292,0.8090118,90
stadium,ico-rhombus,512,jpeg-residual-q90,image-residual,jpeg,9,2621440,40,759008,1030695,35.83236,33.48677,29.7583,0.9311878,90
stadium,ico-rhombus,512,webp-replacement-q90,image-replacement,webp,5,10240,1,4304,4304,31.50959,23.35524,20.21016,0.5316676,90
stadium,ico-rhombus,512,webp-replacement-q90,image-replacement,webp,6,40960,10,16832,21136,33.91445,25.63279,21.77281,0.5811597,90
stadium,ico-rhombus,512,webp-replacement-q90,image-replacement,webp,7,163840,10,57274,78410,35.14783,27.52333,23.48983,0.6777572,90
stadium,ico-rhombus,512,webp-replacement-q90,image-replacement,webp,8,655360,10,209478,287888,36.54294,29.81638,25.7847,0.8082677,90
stadium,ico-rhombus,512,webp-replacement-q90,image-replacement,webp,9,2621440,40,802038,1089926,38.51656,33.33964,29.80212,0.929399,90
superblock,ico-rhombus,512,exact,exact,deflate,5,10240,1,30720,30720,,18.76954,18.56393,0.2689877,
superblock,ico-rhombus,512,exact,exact,deflate,6,40960,10,122880,153600,,19.94909,19.7069,0.350123,
superblock,ico-rhombus,512,exact,exact,deflate,7,163840,10,491520,645120,,21.74067,21.47444,0.5340544,
superblock,ico-rhombus,512,exact,exact,deflate,8,655360,10,1966080,2611200,,24.78882,24.51866,0.7743673,
superblock,ico-rhombus,512,exact,exact,deflate,9,2621440,40,7864320,10475520,,30.20356,29.93891,0.9432079,
superblock,ico-rhombus,512,haar-residual-d3,haar-residual,deflate,5,10240,1,30955,30955,56.874,18.76946,18.56393,0.2689911,3
superblock,ico-rhombus,512,haar-residual-d3,haar-residual,deflate,6,40960,10,69895,100850,54.17224,19.94893,19.70681,0.3501225,3
superblock,ico-rhombus,512,haar-residual-d3,haar-residual,deflate,7,163840,10,225969,326819,50.69454,21.73895,21.47291,0.533987,3
superblock,ico-rhombus,512,haar-residual-d3,haar-residual,deflate,8,655360,10,688744,1015563,46.03299,24.77577,24.50699,0.7741184,3
superblock,ico-rhombus,512,haar-residual-d3,haar-residual,deflate,9,2621440,40,1848853,2864416,41.28383,30.07055,29.81602,0.9424415,3
superblock,ico-rhombus,512,haar-replacement-d3,haar-replacement,deflate,5,10240,1,15017,15017,40.47605,18.75444,18.54983,0.2688385,3
superblock,ico-rhombus,512,haar-replacement-d3,haar-replacement,deflate,6,40960,10,56690,71707,40.62166,19.93086,19.69013,0.3497864,3
superblock,ico-rhombus,512,haar-replacement-d3,haar-replacement,deflate,7,163840,10,215574,287281,40.71951,21.71358,21.44978,0.5334365,3
superblock,ico-rhombus,512,haar-replacement-d3,haar-replacement,deflate,8,655360,10,800029,1087310,40.84933,24.73887,24.47311,0.7735546,3
superblock,ico-rhombus,512,haar-replacement-d3,haar-replacement,deflate,9,2621440,40,2896435,3983745,41.28429,30.06936,29.81516,0.9424434,3
superblock,ico-rhombus,512,haar-residual-d3-p0.5,haar-residual,deflate,5,10240,1,21469,21469,49.41691,18.76781,18.56243,0.268987,3
superblock,ico-rhombus,512,haar-residual-d3-p0.5,haar-residual,deflate,6,40960,10,53221,74690,46.9532,19.94453,19.70292,0.3500627,3
superblock,ico-rhombus,512,haar-residual-d3-p0.5,haar-residual,deflate,7,163840,10,185602,260292,44.32064,21.7276,21.46296,0.5338346,3
superblock,ico-rhombus,512,haar-residual-d3-p0.5,haar-residual,deflate,8,655360,10,605437,865729,41.69127,24.73897,24.47411,0.77364,3
superblock,ico-rhombus,512,haar-residual-d3-p0.5,haar-residual,deflate,9,2621440,40,1848853,2714582,39.3272,29.92825,29.68705,0.94183,3
superblock,ico-rhombus,512,haar-residual-d6,haar-residual,deflate,5,10240,1,26276,26276,54.12154,18.76961,18.56401,0.2689911,6
superblock,ico-rhombus,512,haar-residual-d6,haar-residual,deflate,6,40960,10,58698,84974,50.62543,19.94798,19.70595,0.3501347,6
superblock,ico-rhombus,512,haar-residual-d6,haar-residual,deflate,7,163840,10,185602,270576,45.94498,21.73394,21.46848,0.5339271,6
superblock,ico-rhombus,512,haar-residual-d6,haar-residual,deflate,8,655360,10,528369,798945,40.84933,24.73887,24.47311,0.7735546,6
superblock,ico-rhombus,512,haar-residual-d6,haar-residual,deflate,9,2621440,40,1285558,2084503,36.3736,29.76844,29.52739,0.9408853,6
superblock,ico-rhombus,512,haar-replacement-d6,haar-replacement,deflate,5,10240,1,11259,11259,35.25953,18.71582,18.51351,0.268388,6
superblock,ico-rhombus,512,haar-replacement-d6,haar-replacement,deflate,6,40960,10,41926,53185,35.45622,19.87957,19.64254,0.3487907,6
superblock,ico-rhombus,512,haar-replacement-d6,haar-replacement,deflate,7,163840,10,160299,213484,35.5813,21.64205,21.38356,0.5318687,6
superblock,ico-rhombus,512,haar-replacement-d6,haar-replacement,deflate,8,655360,10,591315,804799,35.81324,24.61368,24.35557,0.7716585,6
superblock,ico-rhombus,512,haar-replacement-d6,haar-replacement,deflate,9,2621440,40,2116255,2921054,36.37328,29.76715,29.52637,0.9408858,6
superblock,ico-rhombus,512,haar-residual-d6-p0.5,haar-residual,deflate,5,10240,1,17892,17892,44.32616,18.76347,18.55828,0.2689551,6
superblock,ico-rhombus,512,haar-residual-d6-p0.5,haar-residual,deflate,6,40960,10,42385,60277,41.58481,19.93171,19.69098,0.3499094,6
superblock,ico-rhombus,512,haar-residual-d6-p0.5,haar-residual,deflate,7,163840,10,143904,204181,38.91374,21.69014,21.42847,0.5331648,6
superblock,ico-rhombus,512,haar-residual-d6-p0.5,haar-residual,deflate,8,655360,10,451049,655230,36.39378,24.60708,24.35246,0.7719842,6
superblock,ico-rhombus,512,haar-residual-d6-p0.5,haar-residual,deflate,9,2621440,40,1285558,1940788,34.26611,29.31387,29.10484,0.9388466,6
superblock,ico-rhombus,512,haar-residual-d12,haar-residual,deflate,5,10240,1,22397,22397,50.57687,18.76877,18.56332,0.2689874,12
superblock,ico-rhombus,512,haar-residual-d12,haar-residual,deflate,6,40960,10,47818,70215,45.92189,19.94436,19.7027,0.3500386,12
superblock,ico-rhombus,512,haar-residual-d12,haar-residual,deflate,7,163840,10,143904,214119,40.71951,21.71358,21.44978,0.5334365,12
superblock,ico-rhombus,512,haar-residual-d12,haar-residual,deflate,8,655360,10,373330,587449,35.81324,24.61368,24.35557,0.7716585,12
superblock,ico-rhombus,512,haar-residual-d12,haar-residual,deflate,9,2621440,40,821949,1409398,31.99301,28.9902,28.76771,0.9354276,12
superblock,ico-rhombus,512,haar-replacement-d12,haar-replacement,deflate,5,10240,1,7653,7653,30.46641,18.60507,18.40833,0.2676684,12
superblock,ico-rhombus,512,haar-replacement-d12,haar-replacement,deflate,6,40960,10,28034,35687,30.79568,19.74123,19.51123,0.3461375,12
superblock,ico-rhombus,512,haar-replacement-d12,haar-replacement,deflate,7,163840,10,106585,142272,30.99112,21.44024,21.19321,0.5263665,12
superblock,ico-rhombus,512,haar-replacement-d12,haar-replacement,deflate,8,655360,10,400013,542285,31.2878,24.26801,24.02508,0.765056,12
superblock,ico-rhombus,512,haar-replacement-d12,haar-replacement,deflate,9,2621440,40,1437319,1979604,31.99294,28.98929,28.76705,0.9354284,12
superblock,ico-rhombus,512,haar-residual-d12-p0.5,haar-residual,deflate,5,10240,1,14220,14220,38.74593,18.74186,18.53765,0.268843,12
superblock,ico-rhombus,512,haar-residual-d12-p0.5,haar-residual,deflate,6,40960,10,31671,45891,36.11629,19.88268,19.64538,0.3492052,12
superblock,ico-rhombus,512,haar-residual-d12-p0.5,haar-residual,deflate,7,163840,10,101715,147606,33.63801,21.55804,21.30679,0.530781,12
superblock,ico-rhombus,512,haar-residual-d12-p0.5,haar-residual,deflate,8,655360,10,304684,452290,31.4187,24.20451,23.97556,0.7661787,12
superblock,ico-rhombus,512,haar-residual-d12-p0.5,haar-residual,deflate,9,2621440,40,821949,1274239,29.68714,27.86744,27.7013,0.9286598,12
superblock,ico-rhombus,512,haar-residual-d24,haar-residual,deflate,5,10240,1,18695,18695,45.88829,18.76592,18.56053,0.2689598,24
superblock,ico-rhombus,512,haar-residual-d24,haar-residual,deflate,6,40960,10,36996,55691,40.62166,19.93086,19.69013,0.3497864,24
superblock,ico-rhombus,512,haar-residual-d24,haar-residual,deflate,7,163840,10,101715,157406,35.5813,21.64205,21.38356,0.5318687,24
superblock,ico-rhombus,512,haar-residual-d24,haar-residual,deflate,8,655360,10,239344,396750,31.2878,24.26801,24.02508,0.765056,24
superblock,ico-rhombus,512,haar-residual-d24,haar-residual,deflate,9,2621440,40,469241,865991,28.19611,27.4445,27.23433,0.9176109,24
superblock,ico-rhombus,512,haar-replacement-d24,haar-replacement,deflate,5,10240,1,4670,4670,26.59942,18.29902,18.11807,0.2644566,24
superblock,ico-rhombus,512,haar-replacement-d24,haar-replacement,deflate,6,40960,10,16714,21384,26.91021,19.40088,19.18357,0.3379808,24
superblock,ico-rhombus,512,haar-replacement-d24,haar-replacement,deflate,7,163840,10,63636,85020,27.14612,20.97386,20.73754,0.508252,24
superblock,ico-rhombus,512,haar-replacement-d24,haar-replacement,deflate,8,655360,10,242849,327869,27.46767,23.499,23.26819,0.742861,24
superblock,ico-rhombus,512,haar-replacement-d24,haar-replacement,deflate,9,2621440,40,893312,1221181,28.1954,27.44279,27.23259,0.9176064,24
superblock,ico-rhombus,512,haar-residual-d24-p0.5,haar-residual,deflate,5,10240,1,10430,10430,33.51938,18.67886,18.48101,0.2683101,24
superblock,ico-rhombus,512,haar-residual-d24-p0.5,haar-residual,deflate,6,40960,10,21053,31483,31.13541,19.73136,19.50787,0.3471208,24
superblock,ico-rhombus,512,haar-residual-d24-p0.5,haar-residual,deflate,7,163840,10,63078,94561,28.97948,21.19555,20.9715,0.5230793,24
superblock,ico-rhombus,512,haar-residual-d24-p0.5,haar-residual,deflate,8,655360,10,181078,275639,27.14877,23.27123,23.08412,0.7473804,24
superblock,ico-rhombus,512,haar-residual-d24-p0.5,haar-residual,deflate,9,2621440,40,469241,744880,25.73507,25.47401,25.3363,0.8970829,24
superblock,ico-rhombus,512,jpeg-replacement-q50,image-replacement,jpeg,5,10240,1,2299,2299,24.43301,17.78801,17.59872,0.252155,50
superblock,ico-rhombus,512,jpeg-replacement-q50,image-replacement,jpeg,6,40960,10,10614,12913,24.94332,18.86262,18.637,0.3017024,50
superblock,ico-rhombus,512,jpeg-replacement-q50,image-replacement,jpeg,7,163840,10,32496,45409,24.86698,20.21461,19.94701,0.4451593,50
superblock,ico-rhombus,512,jpeg-replacement-q50,image-replacement,jpeg,8,655360,10,121912,167321,25.01494,22.29747,21.99804,0.682984,50
superblock,ico-rhombus,512,jpeg-replacement-q50,image-replacement,jpeg,9,2621440,40,475761,643082,26.23456,25.83195,25.49617,0.8929011,50
superblock,ico-rhombus,512,jpeg-residual-q50,image-residual,jpeg,5,10240,1,2299,2299,24.43301,17.78801,17.59872,0.252155,50
superblock,ico-rhombus,512,jpeg-residual-q50,image-residual,jpeg,6,40960,10,8841,11140,24.91459,18.85968,18.63546,0.3020073,50
superblock,ico-rhombus,512,jpeg-residual-q50,image-residual,jpeg,7,163840,10,26231,37371,24.8835,20.21672,19.95043,0.4446478,50
superblock,ico-rhombus,512,jpeg-residual-q50,image-residual,jpeg,8,655360,10,98306,135677,25.03385,22.30162,22.00403,0.6828283,50
superblock,ico-rhombus,512,jpeg-residual-q50,image-residual,jpeg,9,2621440,40,381615,517292,26.27221,25.85525,25.52456,0.8930499,50
superblock,ico-rhombus,512,webp-replacement-q50,image-replacement,webp,5,10240,1,2520,2520,26.02887,18.09426,17.89826,0.2620824,50
superblock,ico-rhombus,512,webp-replacement-q50,image-replacement,webp,6,40960,10,9860,12380,26.71099,19.19622,18.96346,0.3296932,50
superblock,ico-rhombus,512,webp-replacement-q50,image-replacement,webp,7,163840,10,36364,48744,26.82337,20.68122,20.41986,0.4944878,50
superblock,ico-rhombus,512,webp-replacement-q50,image-replacement,webp,8,655360,10,143342,192086,27.21406,23.05394,22.7783,0.7291742,50
superblock,ico-rhombus,512,webp-replacement-q50,image-replacement,webp,9,2621440,40,530730,722816,28.38642,26.91366,26.66295,0.911752,50
superblock,ico-rhombus,512,jpeg-replacement-q70,image-replacement,jpeg,5,10240,1,3100,3100,25.41279,17.98677,17.7912,0.2570732,70
superblock,ico-rhombus,512,jpeg-replacement-q70,image-replacement,jpeg,6,40960,10,13771,16871,25.92046,19.08893,18.85501,0.3182309,70
superblock,ico-rhombus,512,jpeg-replacement-q70,image-replacement,jpeg,7,163840,10,45338,62209,25.95345,20.54304,20.27158,0.480772,70
superblock,ico-rhombus,512,jpeg-replacement-q70,image-replacement,jpeg,8,655360,10,173337,235546,26.21515,22.8467,22.54456,0.7231898,70
superblock,ico-rhombus,512,jpeg-replacement-q70,image-replacement,jpeg,9,2621440,40,660722,896268,27.58491,26.70891,26.37398,0.9151702,70
superblock,ico-rhombus,512,jpeg-residual-q70,image-residual,jpeg,5,10240,1,3100,3100,25.41279,17.98677,17.7912,0.2570732,70
superblock,ico-rhombus,512,jpeg-residual-q70,image-residual,jpeg,6,40960,10,11544,14644,25.91642,19.08608,18.85517,0.3183255,70
superblock,ico-rhombus,512,jpeg-residual-q70,image-residual,jpeg,7,163840,10,36985,51629,25.96761,20.54729,20.27516,0.4805682,70
superblock,ico-rhombus,512,jpeg-residual-q70,image-residual,jpeg,8,655360,10,141550,193179,26.2354,22.85523,22.55456,0.7230511,70
superblock,ico-rhombus,512,jpeg-residual-q70,image-residual,jpeg,9,2621440,40,534256,727435,27.63202,26.74478,26.41427,0.9151993,70
superblock,ico-rhombus,512,webp-replacement-q70,image-replacement,webp,5,10240,1,3116,3116,27.0546,18.21339,18.01222,0.2645557,70
superblock,ico-rhombus,512,webp-replacement-q70,image-replacement,webp,6,40960,10,12270,15386,27.7681,19.33328,19.09787,0.3369744,70
superblock,ico-rhombus,512,webp-replacement-q70,image-replacement,webp,7,163840,10,45538,60924,27.81011,20.85631,20.5843,0.5083295,70
superblock,ico-rhombus,512,webp-replacement-q70,image-replacement,webp,8,655360,10,178474,239398,28.27478,23.34431,23.05104,0.7459559,70
superblock,ico-rhombus,512,webp-replacement-q70,image-replacement,webp,9,2621440,40,665150,904548,29.66064,27.48794,27.20846,0.9237948,70
superblock,ico-rhombus,512,jpeg-replacement-q80,image-replacement,jpeg,5,10240,1,3933,3933,26.35609,18.15334,17.9534,0.2617153,80
superblock,ico-rhombus,512,jpeg-replacement-q80,image-replacement,jpeg,6,40960,10,17108,21041,26.91386,19.27114,19.03239,0.3320527,80
superblock,ico-rhombus,512,jpeg-replacement-q80,image-replacement,jpeg,7,163840,10,58258,79299,27.02869,20.79643,20.52377,0.5051936,80
superblock,ico-rhombus,512,jpeg-replacement-q80,image-replacement,jpeg,8,655360,10,223738,303037,27.4036,23.25287,22.95031,0.7471619,80
superblock,ico-rhombus,512,jpeg-replacement-q80,image-replacement,jpeg,9,2621440,40,840953,1143990,28.8678,27.39035,27.0597,0.9273354,80
superblock,ico-rhombus,512,jpeg-residual-q80,image-residual,jpeg,5,10240,1,3933,3933,26.35609,18.15334,17.9534,0.2617153,80
superblock,ico-rhombus,512,jpeg-residual-q80,image-residual,jpeg,6,40960,10,14318,18251,26.93054,19.27413,19.03698,0.3318042,80
superblock,ico-rhombus,512,jpeg-residual-q80,image-residual,jpeg,7,163840,10,48094,66345,27.04365,20.80047,20.52644,0.5050599,80
superblock,ico-rhombus,512,jpeg-residual-q80,image-residual,jpeg,8,655360,10,184791,251136,27.43069,23.26409,22.96266,0.7469004,80
superblock,ico-rhombus,512,jpeg-residual-q80,image-residual,jpeg,9,2621440,40,686911,938047,28.91841,27.42691,27.10203,0.9271874,80
superblock,ico-rhombus,512,webp-replacement-q80,image-replacement,webp,5,10240,1,3854,3854,28.00057,18.29243,18.08676,0.2666393,80
superblock,ico-rhombus,512,webp-replacement-q80,image-replacement,webp,6,40960,10,15210,19064,28.67946,19.43687,19.19459,0.342652,80
superblock,ico-rhombus,512,webp-replacement-q80,image-replacement,webp,7,163840,10,56178,75242,28.65398,20.98094,20.70084,0.5180614,80
superblock,ico-rhombus,512,webp-replacement-q80,image-replacement,webp,8,655360,10,221804,297046,29.22503,23.5649,23.25418,0.7576063,80
superblock,ico-rhombus,512,webp-replacement-q80,image-replacement,webp,9,2621440,40,824588,1121634,30.88016,27.95131,27.64149,0.9315125,80
superblock,ico-rhombus,512,jpeg-replacement-q90,image-replacement,jpeg,5,10240,1,5730,5730,28.35079,18.3488,18.14341,0.2667413,90
superblock,ico-rhombus,512,jpeg-replacement-q90,image-replacement,jpeg,6,40960,10,23916,29646,28.87632,19.48724,19.24272,0.3456801,90
superblock,ico-rhombus,512,jpeg-replacement-q90,image-replacement,jpeg,7,163840,10,84662,114308,28.89435,21.07018,20.78477,0.5264447,90
superblock,ico-rhombus,512,jpeg-replacement-q90,image-replacement,jpeg,8,655360,10,326517,440825,29.45585,23.70517,23.38809,0.7668651,90
superblock,ico-rhombus,512,jpeg-replacement-q90,image-replacement,jpeg,9,2621440,40,1226272,1667097,31.24493,28.27027,27.92902,0.9383388,90
superblock,ico-rhombus,512,jpeg-residual-q90,image-residual,jpeg,5,10240,1,5730,5730,28.35079,18.3488,18.14341,0.2667413,90
superblock,ico-rhombus,512,jpeg-residual-q90,image-residual,jpeg,6,40960,10,20325,26055,28.91349,19.49455,19.25052,0.3455484,90
superblock,ico-rhombus,512,jpeg-residual-q90,image-residual,jpeg,7,163840,10,71481,97536,28.93843,21.0816,20.79713,0.526573,90
superblock,ico-rhombus,512,jpeg-residual-q90,image-residual,jpeg,8,655360,10,277114,374650,29.51912,23.72733,23.41221,0.7669098,90
superblock,ico-rhombus,512,jpeg-residual-q90,image-residual,jpeg,9,2621440,40,1032872,1407522,31.34997,28.33547,28.00347,0.9382871,90
superblock,ico-rhombus,512,webp-replacement-q90,image-replacement,webp,5,10240,1,5398,5398,29.13133,18.38181,18.175,0.2679744,90
superblock,ico-rhombus,512,webp-replacement-q90,image-replacement,webp,6,40960,10,21612,27010,29.74083,19.52238,19.27464,0.34647,90
superblock,ico-rhombus,512,webp-replacement-q90,image-replacement,webp,7,163840,10,80412,107422,29.77843,21.12508,20.83375,0.5273151,90
superblock,ico-rhombus,512,webp-replacement-q90,image-replacement,webp,8,655360,10,312634,420056,30.39847,23.78658,23.45798,0.7669753,90
superblock,ico-rhombus,512,webp-replacement-q90,image-replacement,webp,9,2621440,40,1180898,1600954,32.55938,28.46461,28.10722,0.938402,90
