panorama,representation,scheme,policy,profile,trace,megabitsPerSecond,roundTripMs,timeToCoarseSphere,timeToAcceptable,timeToHigh,meanShortfallDb,worstShortfallDb,shareOfTimeBlank,shareOfTimeAcceptable,shareOfTimeHigh,meanDeficitDb,deficitWithEverythingDb,bytesReceived,bytesNeverLookedAt,bytesCancelled,requests,requestsCancelled,schemeBytes,schemeUnits,finalResidentBytes,afterTurnShortfallDb,afterTurnTimeToAcceptable,afterTurnTimeToHigh
northrop-mall,cube,haar-residual-d12,view,fast,stationary,50,20,0.03,0.25,0.25,0,0,0.02439024,0.9756098,0.9756098,-0.5064305,-0.5064305,320167,142315.2,0,16,0,1416354,91,3188736,,,
northrop-mall,cube,haar-residual-d12,view,moderate-mobile,stationary,10,50,0.08,0.5,0.5,0.198087,7.92348,0.02439024,0.9512195,0.9512195,-0.3083435,-0.5064305,320167,142315.2,0,16,0,1416354,91,3188736,,,
northrop-mall,cube,haar-residual-d12,view,constrained-mobile,stationary,2,100,0.21,1.5,1.5,1.194185,11.36053,0.02439024,0.8536585,0.8536585,0.6877542,-0.5064305,320167,142315.2,0,16,0,1416354,91,3188736,,,
northrop-mall,cube,haar-residual-d12,view,very-constrained,stationary,0.75,150,0.43,3.75,3.75,3.364289,11.36053,0.04878049,0.6341463,0.6341463,2.857858,-0.5064305,320167,142315.2,0,16,0,1416354,91,3188736,,,
northrop-mall,cube,haar-residual-d12,view-fill,fast,stationary,50,20,0.03,0.25,0.25,0,0,0.02439024,0.9756098,0.9756098,-0.5064305,-0.5064305,1443654,1265802,0,91,0,1416354,91,18855936,,,
northrop-mall,cube,haar-residual-d12,view-fill,moderate-mobile,stationary,10,50,0.08,0.5,0.5,0.198087,7.92348,0.02439024,0.9512195,0.9512195,-0.3083435,-0.5064305,1443654,1265802,0,91,0,1416354,91,18855936,,,
northrop-mall,cube,haar-residual-d12,view-fill,constrained-mobile,stationary,2,100,0.21,1.5,1.5,1.194185,11.36053,0.02439024,0.8536585,0.8536585,0.6877542,-0.5064305,1443654,1265802,0,91,0,1416354,91,18855936,,,
northrop-mall,cube,haar-residual-d12,view-fill,very-constrained,stationary,0.75,150,0.43,3.75,3.75,3.364289,11.36053,0.04878049,0.6341463,0.6341463,2.857858,-0.5064305,894854.5,717002.7,0,66,0,1416354,91,9156608,,,
northrop-mall,cube,haar-residual-d12,global,fast,stationary,50,20,0.03,0.25,0.5,0.04535436,1.814175,0.02439024,0.9756098,0.9512195,-0.4610761,-0.5064305,1443654,1265802,0,91,0,1416354,91,18855936,,,
northrop-mall,cube,haar-residual-d12,global,moderate-mobile,stationary,10,50,0.08,1,1,0.489414,9.915405,0.02439024,0.902439,0.902439,-0.0170165,-0.5064305,1443654,1265802,0,91,0,1416354,91,18855936,,,
northrop-mall,cube,haar-residual-d12,global,constrained-mobile,stationary,2,100,0.21,4.25,4.75,3.094097,11.36053,0.02439024,0.5853659,0.5365854,2.587666,-0.5064305,1443654,1265802,0,91,0,1416354,91,18855936,,,
northrop-mall,cube,haar-residual-d12,global,very-constrained,stationary,0.75,150,0.43,,,7.615674,11.36053,0.04878049,0,0,7.109243,-0.5064305,909719.5,777108.3,0,65,0,1416354,91,8894464,,,
northrop-mall,cube,haar-residual-d12-p0.5,view,fast,stationary,50,20,0.03,0.25,0.25,0,0,0.02439024,0.9756098,0.9756098,0.253687,0.253687,286523,123157.8,0,16,0,1293798,91,3188736,,,
northrop-mall,cube,haar-residual-d12-p0.5,view,moderate-mobile,stationary,10,50,0.07,0.5,0.5,0.1787391,7.149564,0.02439024,0.9512195,0.9512195,0.4324261,0.253687,286523,123157.8,0,16,0,1293798,91,3188736,,,
northrop-mall,cube,haar-residual-d12-p0.5,view,constrained-mobile,stationary,2,100,0.16,1.5,1.5,1.035565,10.6145,0.02439024,0.8536585,0.8536585,1.289252,0.253687,286523,123157.8,0,16,0,1293798,91,3188736,,,
northrop-mall,cube,haar-residual-d12-p0.5,view,very-constrained,stationary,0.75,150,0.31,3.25,3.5,2.602446,10.6145,0.04878049,0.6829268,0.6585366,2.856133,0.253687,286523,123157.8,0,16,0,1293798,91,3188736,,,
northrop-mall,cube,jpeg-residual-q80,view,fast,stationary,50,20,0.03,0.25,0.25,0,0,0.02439024,0.9756098,0.9756098,0.1868569,0.1868569,233079,96438.75,0,16,0,1082401,91,3188736,,,
northrop-mall,cube,jpeg-residual-q80,view,moderate-mobile,stationary,10,50,0.06,0.5,0.5,0.1677004,6.708017,0.02439024,0.9512195,0.9512195,0.3545573,0.1868569,233079,96438.75,0,16,0,1082401,91,3188736,,,
northrop-mall,cube,jpeg-residual-q80,view,constrained-mobile,stationary,2,100,0.12,1.25,1.25,0.7901958,9.580639,0.02439024,0.8780488,0.8780488,0.9770527,0.1868569,233079,96438.75,0,16,0,1082401,91,3188736,,,
northrop-mall,cube,jpeg-residual-q80,view,very-constrained,stationary,0.75,150,0.21,2.75,3,2.088947,10.9931,0.02439024,0.7317073,0.7073171,2.275804,0.1868569,233079,96438.75,0,16,0,1082401,91,3188736,,,
northrop-mall,cube,jpeg-residual-q80,view-fill,fast,stationary,50,20,0.03,0.25,0.25,0,0,0.02439024,0.9756098,0.9756098,0.1868569,0.1868569,1109701,973060.8,0,91,0,1082401,91,18855936,,,
northrop-mall,cube,jpeg-residual-q80,view-fill,moderate-mobile,stationary,10,50,0.06,0.5,0.5,0.1677004,6.708017,0.02439024,0.9512195,0.9512195,0.3545573,0.1868569,1109701,973060.8,0,91,0,1082401,91,18855936,,,
northrop-mall,cube,jpeg-residual-q80,view-fill,constrained-mobile,stationary,2,100,0.12,1.25,1.25,0.7901958,9.580639,0.02439024,0.8780488,0.8780488,0.9770527,0.1868569,1109701,973060.8,0,91,0,1082401,91,18855936,,,
northrop-mall,cube,jpeg-residual-q80,view-fill,very-constrained,stationary,0.75,150,0.21,2.75,3,2.088947,10.9931,0.02439024,0.7317073,0.7073171,2.275804,0.1868569,894954,758313.8,0,89,0,1082401,91,15185920,,,
northrop-mall,cube,jpeg-residual-q80,global,fast,stationary,50,20,0.03,0.25,0.25,0,0,0.02439024,0.9756098,0.9756098,0.1868569,0.1868569,1109701,973060.8,0,91,0,1082401,91,18855936,,,
northrop-mall,cube,jpeg-residual-q80,global,moderate-mobile,stationary,10,50,0.06,0.75,0.75,0.3278531,7.709229,0.02439024,0.9268293,0.9268293,0.51471,0.1868569,1109701,973060.8,0,91,0,1082401,91,18855936,,,
northrop-mall,cube,jpeg-residual-q80,global,constrained-mobile,stationary,2,100,0.12,3.25,3.5,1.929516,10.9931,0.02439024,0.6829268,0.6585366,2.116373,0.1868569,1109701,973060.8,0,91,0,1082401,91,18855936,,,
northrop-mall,cube,jpeg-residual-q80,global,very-constrained,stationary,0.75,150,0.21,8,8.5,5.140352,10.9931,0.02439024,0.2195122,0.1707317,5.327209,0.1868569,909448.5,772808.3,0,90,0,1082401,91,15448064,,,
northrop-mall,cube,jpeg-replacement-q80,view,fast,stationary,50,20,0.03,0.25,0.25,0,0,0.02439024,0.9756098,0.9756098,0.2092247,0.2092247,279734,115244.6,0,16,0,1298191,91,3188736,,,
northrop-mall,cube,jpeg-replacement-q80,view,moderate-mobile,stationary,10,50,0.06,0.5,0.5,0.1639002,6.556009,0.02439024,0.9512195,0.9512195,0.3731249,0.2092247,279734,115244.6,0,16,0,1298191,91,3188736,,,
northrop-mall,cube,jpeg-replacement-q80,view,constrained-mobile,stationary,2,100,0.12,1.25,1.5,0.9556495,10.97073,0.02439024,0.8780488,0.8536585,1.164874,0.2092247,279734,115244.6,0,16,0,1298191,91,3188736,,,
northrop-mall,cube,jpeg-replacement-q80,view,very-constrained,stationary,0.75,150,0.21,3,3.5,2.58515,10.97073,0.02439024,0.7073171,0.6585366,2.794375,0.2092247,279734,115244.6,0,16,0,1298191,91,3188736,,,
northrop-mall,cube,jpeg-replacement-q80,view-fill,fast,stationary,50,20,0.03,0.25,0.25,0,0,0.02439024,0.9756098,0.9756098,0.2092247,0.2092247,1325491,1161002,0,91,0,1298191,91,18855936,,,
northrop-mall,cube,jpeg-replacement-q80,view-fill,moderate-mobile,stationary,10,50,0.06,0.5,0.5,0.1639002,6.556009,0.02439024,0.9512195,0.9512195,0.3731249,0.2092247,1325491,1161002,0,91,0,1298191,91,18855936,,,
northrop-mall,cube,jpeg-replacement-q80,view-fill,constrained-mobile,stationary,2,100,0.12,1.25,1.5,0.9556495,10.97073,0.02439024,0.8780488,0.8536585,1.164874,0.2092247,1325491,1161002,0,91,0,1298191,91,18855936,,,
northrop-mall,cube,jpeg-replacement-q80,view-fill,very-constrained,stationary,0.75,150,0.21,3,3.5,2.58515,10.97073,0.02439024,0.7073171,0.6585366,2.794375,0.2092247,894734,730244.6,0,74,0,1298191,91,11253760,,,
northrop-mall,cube,jpeg-replacement-q80,view-direct,fast,stationary,50,20,0.03,0.25,0.25,0,0,0.02439024,0.9756098,0.9756098,0.2092247,0.2092247,205279,84658.35,0,10,0,1298191,91,2414592,,,
northrop-mall,cube,jpeg-replacement-q80,view-direct,moderate-mobile,stationary,10,50,0.06,0.5,0.5,0.2575726,10.30291,0.02439024,0.9512195,0.9512195,0.4667973,0.2092247,205279,84658.35,0,10,0,1298191,91,2414592,,,
northrop-mall,cube,jpeg-replacement-q80,view-direct,constrained-mobile,stationary,2,100,0.12,1.25,1.25,0.9745919,10.97073,0.02439024,0.8780488,0.8780488,1.183817,0.2092247,205279,84658.35,0,10,0,1298191,91,2414592,,,
northrop-mall,cube,jpeg-replacement-q80,view-direct,very-constrained,stationary,0.75,150,0.21,2.5,2.5,2.421451,10.97073,0.02439024,0.7560976,0.7560976,2.630676,0.2092247,205279,84658.35,0,10,0,1298191,91,2414592,,,
northrop-mall,cube,jpeg-replacement-q80,global,fast,stationary,50,20,0.03,0.25,0.25,0,0,0.02439024,0.9756098,0.9756098,0.2092247,0.2092247,1325491,1161002,0,91,0,1298191,91,18855936,,,
northrop-mall,cube,jpeg-replacement-q80,global,moderate-mobile,stationary,10,50,0.06,1,1,0.4324914,7.695026,0.02439024,0.902439,0.902439,0.6417161,0.2092247,1325491,1161002,0,91,0,1298191,91,18855936,,,
northrop-mall,cube,jpeg-replacement-q80,global,constrained-mobile,stationary,2,100,0.12,3.75,4,2.302247,10.97073,0.02439024,0.6341463,0.6097561,2.511471,0.2092247,1325491,1161002,0,91,0,1298191,91,18855936,,,
northrop-mall,cube,jpeg-replacement-q80,global,very-constrained,stationary,0.75,150,0.21,9.5,,6.099255,10.97073,0.02439024,0.07317073,0,6.30848,0.2092247,909448.5,747325.6,0,75,0,1298191,91,11515904,,,
northrop-mall,cube,jpeg-replacement-q80-whole,global,fast,stationary,50,20,0.03,0.5,0.5,0.1211317,4.845266,0.02439024,0.9512195,0.9512195,0.3291013,0.2079697,1287939,1128690,0,25,0,1280439,25,18855936,,,
northrop-mall,cube,jpeg-replacement-q80-whole,global,moderate-mobile,stationary,10,50,0.06,1.25,1.25,0.6270774,7.696281,0.02439024,0.8780488,0.8780488,0.835047,0.2079697,1287939,1128690,0,25,0,1280439,25,18855936,,,
northrop-mall,cube,jpeg-replacement-q80-whole,global,constrained-mobile,stationary,2,100,0.12,5.25,5.25,3.31067,10.97198,0.02439024,0.4878049,0.4878049,3.51864,0.2079697,1287939,1128690,0,25,0,1280439,25,18855936,,,
northrop-mall,cube,jpeg-replacement-q80-whole,global,very-constrained,stationary,0.75,150,0.21,,,7.17758,10.97198,0.02439024,0,0,7.38555,0.2079697,909448.5,802457.2,0,25,0,1280439,25,7059456,,,
northrop-mall,cube,jpeg-replacement-q80-whole,view-direct,fast,stationary,50,20,0.03,0.25,0.25,0,0,0.02439024,0.9756098,0.9756098,0.2079697,0.2079697,200637,84538.36,0,2,0,1280439,25,2414592,,,
northrop-mall,cube,jpeg-replacement-q80-whole,view-direct,moderate-mobile,stationary,10,50,0.06,0.5,0.5,0.2742996,10.97198,0.02439024,0.9512195,0.9512195,0.4822693,0.2079697,200637,84538.36,0,2,0,1280439,25,2414592,,,
northrop-mall,cube,jpeg-replacement-q80-whole,view-direct,constrained-mobile,stationary,2,100,0.12,1.25,1.25,1.097198,10.97198,0.02439024,0.8780488,0.8780488,1.305168,0.2079697,200637,84538.36,0,2,0,1280439,25,2414592,,,
northrop-mall,cube,jpeg-replacement-q80-whole,view-direct,very-constrained,stationary,0.75,150,0.21,2.5,2.5,2.468697,10.97198,0.02439024,0.7560976,0.7560976,2.676666,0.2079697,200637,84538.36,0,2,0,1280439,25,2414592,,,
bookstore,cube,haar-residual-d12,view,fast,stationary,50,20,0.03,0.25,0.25,0,0,0.02439024,0.9756098,0.9756098,1.329471,1.329471,92964,46260.04,0,16,0,374015,91,3188736,,,
bookstore,cube,haar-residual-d12,view,moderate-mobile,stationary,10,50,0.07,0.25,0.25,0,0,0.02439024,0.9756098,0.9756098,1.329471,1.329471,92964,46260.04,0,16,0,374015,91,3188736,,,
bookstore,cube,haar-residual-d12,view,constrained-mobile,stationary,2,100,0.19,0.75,0.75,0.6026346,15.20125,0.02439024,0.9268293,0.9268293,1.932105,1.329471,92964,46260.04,0,16,0,374015,91,3188736,,,
bookstore,cube,haar-residual-d12,view,very-constrained,stationary,0.75,150,0.37,1.5,1.5,1.372651,15.20125,0.04878049,0.8536585,0.8536585,2.702121,1.329471,92964,46260.04,0,16,0,374015,91,3188736,,,
bookstore,cube,haar-residual-d12,view-fill,fast,stationary,50,20,0.03,0.25,0.25,0,0,0.02439024,0.9756098,0.9756098,1.329471,1.329471,401315,354611,0,91,0,374015,91,18855936,,,
bookstore,cube,haar-residual-d12,view-fill,moderate-mobile,stationary,10,50,0.07,0.25,0.25,0,0,0.02439024,0.9756098,0.9756098,1.329471,1.329471,401315,354611,0,91,0,374015,91,18855936,,,
bookstore,cube,haar-residual-d12,view-fill,constrained-mobile,stationary,2,100,0.19,0.75,0.75,0.6026346,15.20125,0.02439024,0.9268293,0.9268293,1.932105,1.329471,401315,354611,0,91,0,374015,91,18855936,,,
bookstore,cube,haar-residual-d12,view-fill,very-constrained,stationary,0.75,150,0.37,1.5,1.5,1.372651,15.20125,0.04878049,0.8536585,0.8536585,2.702121,1.329471,401315,354611,0,91,0,374015,91,18855936,,,
bookstore,cube,haar-residual-d12,global,fast,stationary,50,20,0.03,0.25,0.25,0,0,0.02439024,0.9756098,0.9756098,1.329471,1.329471,401315,354611,0,91,0,374015,91,18855936,,,
bookstore,cube,haar-residual-d12,global,moderate-mobile,stationary,10,50,0.07,0.5,0.5,0.230418,9.216721,0.02439024,0.9512195,0.9512195,1.559889,1.329471,401315,354611,0,91,0,374015,91,18855936,,,
bookstore,cube,haar-residual-d12,global,constrained-mobile,stationary,2,100,0.19,1.75,1.75,1.503097,15.20125,0.02439024,0.8292683,0.8292683,2.832567,1.329471,401315,354611,0,91,0,374015,91,18855936,,,
bookstore,cube,haar-residual-d12,global,very-constrained,stationary,0.75,150,0.37,4,4.5,3.494964,15.20125,0.04878049,0.6097561,0.5609756,4.824435,1.329471,401315,354611,0,91,0,374015,91,18855936,,,
bookstore,cube,haar-residual-d12-p0.5,view,fast,stationary,50,20,0.03,0.25,0.25,0,0,0.02439024,0.9756098,0.9756098,4.111157,4.111157,72365,32989.48,0,16,0,307423,91,3188736,,,
bookstore,cube,haar-residual-d12-p0.5,view,moderate-mobile,stationary,10,50,0.06,0.25,0.25,0,0,0.02439024,0.9756098,0.9756098,4.111157,4.111157,72365,32989.48,0,16,0,307423,91,3188736,,,
bookstore,cube,haar-residual-d12-p0.5,view,constrained-mobile,stationary,2,100,0.15,0.5,0.75,0.3798533,12.46921,0.02439024,0.9512195,0.9268293,4.491011,4.111157,72365,32989.48,0,16,0,307423,91,3188736,,,
bookstore,cube,haar-residual-d12-p0.5,view,very-constrained,stationary,0.75,150,0.26,1,1.25,0.5947639,10.12607,0.04878049,0.902439,0.8780488,4.705921,4.111157,72365,32989.48,0,16,0,307423,91,3188736,,,
bookstore,cube,jpeg-residual-q80,view,fast,stationary,50,20,0.03,0.25,0.25,0,0,0.02439024,0.9756098,0.9756098,1.452003,1.452003,78799,32572.64,0,16,0,414399,91,3188736,,,
bookstore,cube,jpeg-residual-q80,view,moderate-mobile,stationary,10,50,0.06,0.25,0.25,0,0,0.02439024,0.9756098,0.9756098,1.452003,1.452003,78799,32572.64,0,16,0,414399,91,3188736,,,
bookstore,cube,jpeg-residual-q80,view,constrained-mobile,stationary,2,100,0.12,0.75,0.75,0.5319606,13.16037,0.02439024,0.9268293,0.9268293,1.983963,1.452003,78799,32572.64,0,16,0,414399,91,3188736,,,
bookstore,cube,jpeg-residual-q80,view,very-constrained,stationary,0.75,150,0.19,1.25,1.25,1.091342,15.45324,0.02439024,0.8780488,0.8780488,2.543345,1.452003,78799,32572.64,0,16,0,414399,91,3188736,,,
bookstore,cube,jpeg-residual-q80,view-fill,fast,stationary,50,20,0.03,0.25,0.25,0,0,0.02439024,0.9756098,0.9756098,1.452003,1.452003,441699,395472.6,0,91,0,414399,91,18855936,,,
bookstore,cube,jpeg-residual-q80,view-fill,moderate-mobile,stationary,10,50,0.06,0.25,0.25,0,0,0.02439024,0.9756098,0.9756098,1.452003,1.452003,441699,395472.6,0,91,0,414399,91,18855936,,,
bookstore,cube,jpeg-residual-q80,view-fill,constrained-mobile,stationary,2,100,0.12,0.75,0.75,0.5319606,13.16037,0.02439024,0.9268293,0.9268293,1.983963,1.452003,441699,395472.6,0,91,0,414399,91,18855936,,,
bookstore,cube,jpeg-residual-q80,view-fill,very-constrained,stationary,0.75,150,0.19,1.25,1.25,1.091342,15.45324,0.02439024,0.8780488,0.8780488,2.543345,1.452003,441699,395472.6,0,91,0,414399,91,18855936,,,
bookstore,cube,jpeg-residual-q80,global,fast,stationary,50,20,0.03,0.25,0.25,0,0,0.02439024,0.9756098,0.9756098,1.452003,1.452003,441699,395472.6,0,91,0,414399,91,18855936,,,
bookstore,cube,jpeg-residual-q80,global,moderate-mobile,stationary,10,50,0.06,0.5,0.5,0.2464116,9.856464,0.02439024,0.9512195,0.9512195,1.698414,1.452003,441699,395472.6,0,91,0,414399,91,18855936,,,
bookstore,cube,jpeg-residual-q80,global,constrained-mobile,stationary,2,100,0.12,1.75,1.75,1.149502,15.45324,0.02439024,0.8292683,0.8292683,2.601505,1.452003,441699,395472.6,0,91,0,414399,91,18855936,,,
bookstore,cube,jpeg-residual-q80,global,very-constrained,stationary,0.75,150,0.19,4.25,4.25,3.197838,15.45324,0.02439024,0.5853659,0.5853659,4.649841,1.452003,441699,395472.6,0,91,0,414399,91,18855936,,,
bookstore,cube,jpeg-replacement-q80,view,fast,stationary,50,20,0.03,0.25,0.25,0,0,0.02439024,0.9756098,0.9756098,1.392647,1.392647,95420,38938.03,0,16,0,496949,91,3188736,,,
bookstore,cube,jpeg-replacement-q80,view,moderate-mobile,stationary,10,50,0.06,0.25,0.25,0,0,0.02439024,0.9756098,0.9756098,1.392647,1.392647,95420,38938.03,0,16,0,496949,91,3188736,,,
bookstore,cube,jpeg-replacement-q80,view,constrained-mobile,stationary,2,100,0.12,0.75,0.75,0.5241338,15.51259,0.02439024,0.9268293,0.9268293,1.91678,1.392647,95420,38938.03,0,16,0,496949,91,3188736,,,
bookstore,cube,jpeg-replacement-q80,view,very-constrained,stationary,0.75,150,0.19,1.5,1.5,1.505112,15.51259,0.02439024,0.8536585,0.8536585,2.897759,1.392647,95420,38938.03,0,16,0,496949,91,3188736,,,
bookstore,cube,jpeg-replacement-q80,view-fill,fast,stationary,50,20,0.03,0.25,0.25,0,0,0.02439024,0.9756098,0.9756098,1.392647,1.392647,524249,467767,0,91,0,496949,91,18855936,,,
bookstore,cube,jpeg-replacement-q80,view-fill,moderate-mobile,stationary,10,50,0.06,0.25,0.25,0,0,0.02439024,0.9756098,0.9756098,1.392647,1.392647,524249,467767,0,91,0,496949,91,18855936,,,
bookstore,cube,jpeg-replacement-q80,view-fill,constrained-mobile,stationary,2,100,0.12,0.75,0.75,0.5241338,15.51259,0.02439024,0.9268293,0.9268293,1.91678,1.392647,524249,467767,0,91,0,496949,91,18855936,,,
bookstore,cube,jpeg-replacement-q80,view-fill,very-constrained,stationary,0.75,150,0.19,1.5,1.5,1.505112,15.51259,0.02439024,0.8536585,0.8536585,2.897759,1.392647,524249,467767,0,91,0,496949,91,18855936,,,
bookstore,cube,jpeg-replacement-q80,view-direct,fast,stationary,50,20,0.03,0.25,0.25,0,0,0.02439024,0.9756098,0.9756098,1.392647,1.392647,64530,25962.24,0,10,0,496949,91,2414592,,,
bookstore,cube,jpeg-replacement-q80,view-direct,moderate-mobile,stationary,10,50,0.06,0.25,0.25,0,0,0.02439024,0.9756098,0.9756098,1.392647,1.392647,64530,25962.24,0,10,0,496949,91,2414592,,,
bookstore,cube,jpeg-replacement-q80,view-direct,constrained-mobile,stationary,2,100,0.12,0.5,0.5,0.3878149,15.51259,0.02439024,0.9512195,0.9512195,1.780461,1.392647,64530,25962.24,0,10,0,496949,91,2414592,,,
bookstore,cube,jpeg-replacement-q80,view-direct,very-constrained,stationary,0.75,150,0.19,1,1,1.152202,15.51259,0.02439024,0.902439,0.902439,2.544849,1.392647,64530,25962.24,0,10,0,496949,91,2414592,,,
bookstore,cube,jpeg-replacement-q80,global,fast,stationary,50,20,0.03,0.25,0.25,0,0,0.02439024,0.9756098,0.9756098,1.392647,1.392647,524249,467767,0,91,0,496949,91,18855936,,,
bookstore,cube,jpeg-replacement-q80,global,moderate-mobile,stationary,10,50,0.06,0.75,0.75,0.2806292,5.85602,0.02439024,0.9268293,0.9268293,1.673276,1.392647,524249,467767,0,91,0,496949,91,18855936,,,
bookstore,cube,jpeg-replacement-q80,global,constrained-mobile,stationary,2,100,0.12,2,2,1.313302,15.51259,0.02439024,0.804878,0.804878,2.705948,1.392647,524249,467767,0,91,0,496949,91,18855936,,,
bookstore,cube,jpeg-replacement-q80,global,very-constrained,stationary,0.75,150,0.19,5,5.25,3.906252,15.51259,0.02439024,0.5121951,0.4878049,5.298899,1.392647,524249,467767,0,91,0,496949,91,18855936,,,
bookstore,cube,jpeg-replacement-q80-whole,global,fast,stationary,50,20,0.03,0.25,0.25,0,0,0.02439024,0.9756098,0.9756098,1.389948,1.389948,485215,434233.3,0,25,0,477715,25,18855936,,,
bookstore,cube,jpeg-replacement-q80-whole,global,moderate-mobile,stationary,10,50,0.06,0.75,0.75,0.3940354,9.903588,0.02439024,0.9268293,0.9268293,1.783984,1.389948,485215,434233.3,0,25,0,477715,25,18855936,,,
bookstore,cube,jpeg-replacement-q80-whole,global,constrained-mobile,stationary,2,100,0.12,2.25,2.25,1.817578,15.51529,0.02439024,0.7804878,0.7804878,3.207526,1.389948,485215,434233.3,0,25,0,477715,25,18855936,,,
bookstore,cube,jpeg-replacement-q80-whole,global,very-constrained,stationary,0.75,150,0.19,5.5,5.5,4.735451,15.51529,0.02439024,0.4634146,0.4634146,6.125399,1.389948,485215,434233.3,0,25,0,477715,25,18855936,,,
bookstore,cube,jpeg-replacement-q80-whole,view-direct,fast,stationary,50,20,0.03,0.25,0.25,0,0,0.02439024,0.9756098,0.9756098,1.389948,1.389948,60170,26476.67,0,2,0,477715,25,2414592,,,
bookstore,cube,jpeg-replacement-q80-whole,view-direct,moderate-mobile,stationary,10,50,0.06,0.25,0.25,0,0,0.02439024,0.9756098,0.9756098,1.389948,1.389948,60170,26476.67,0,2,0,477715,25,2414592,,,
bookstore,cube,jpeg-replacement-q80-whole,view-direct,constrained-mobile,stationary,2,100,0.12,0.5,0.5,0.3878823,15.51529,0.02439024,0.9512195,0.9512195,1.777831,1.389948,60170,26476.67,0,2,0,477715,25,2414592,,,
bookstore,cube,jpeg-replacement-q80-whole,view-direct,very-constrained,stationary,0.75,150,0.19,1,1,1.163647,15.51529,0.02439024,0.902439,0.902439,2.553595,1.389948,60170,26476.67,0,2,0,477715,25,2414592,,,
superblock,cube,haar-residual-d12,view,fast,stationary,50,20,0.03,0.25,0.25,0,0,0.02439024,0.9756098,0.9756098,0.817048,0.817048,174264,81383.69,0,16,0,1702387,91,3188736,,,
superblock,cube,haar-residual-d12,view,moderate-mobile,stationary,10,50,0.08,0.5,0.5,0.1842482,7.369929,0.02439024,0.9512195,0.9512195,1.001296,0.817048,174264,81383.69,0,16,0,1702387,91,3188736,,,
superblock,cube,haar-residual-d12,view,constrained-mobile,stationary,2,100,0.22,1,1,0.7561733,12.31148,0.02439024,0.902439,0.902439,1.573221,0.817048,174264,81383.69,0,16,0,1702387,91,3188736,,,
superblock,cube,haar-residual-d12,view,very-constrained,stationary,0.75,150,0.46,2.25,2.25,1.985912,12.31148,0.04878049,0.7804878,0.7804878,2.80296,0.817048,174264,81383.69,0,16,0,1702387,91,3188736,,,
superblock,cube,haar-residual-d12,view-fill,fast,stationary,50,20,0.03,0.25,0.25,0,0,0.02439024,0.9756098,0.9756098,0.817048,0.817048,1729687,1636807,0,91,0,1702387,91,18855936,,,
superblock,cube,haar-residual-d12,view-fill,moderate-mobile,stationary,10,50,0.08,0.5,0.5,0.1842482,7.369929,0.02439024,0.9512195,0.9512195,1.001296,0.817048,1729687,1636807,0,91,0,1702387,91,18855936,,,
superblock,cube,haar-residual-d12,view-fill,constrained-mobile,stationary,2,100,0.22,1,1,0.7561733,12.31148,0.02439024,0.902439,0.902439,1.573221,0.817048,1729687,1636807,0,91,0,1702387,91,18855936,,,
superblock,cube,haar-residual-d12,view-fill,very-constrained,stationary,0.75,150,0.46,2.25,2.25,1.985912,12.31148,0.04878049,0.7804878,0.7804878,2.80296,0.817048,895201.5,802321.2,0,57,0,1702387,91,6797312,,,
superblock,cube,haar-residual-d12,global,fast,stationary,50,20,0.03,0.5,0.5,0.1148992,4.595968,0.02439024,0.9512195,0.9512195,0.9319472,0.817048,1729687,1636807,0,91,0,1702387,91,18855936,,,
superblock,cube,haar-residual-d12,global,moderate-mobile,stationary,10,50,0.08,1.25,1.25,0.6155505,10.56552,0.02439024,0.8780488,0.8780488,1.432598,0.817048,1729687,1636807,0,91,0,1702387,91,18855936,,,
superblock,cube,haar-residual-d12,global,constrained-mobile,stationary,2,100,0.22,5,5.25,3.213081,12.31148,0.02439024,0.5121951,0.4878049,4.030129,0.817048,1729687,1636807,0,91,0,1702387,91,18855936,,,
superblock,cube,haar-residual-d12,global,very-constrained,stationary,0.75,150,0.46,,,7.201542,12.31148,0.04878049,0,0,8.01859,0.817048,909930,867859.2,0,55,0,1702387,91,5748736,,,
superblock,cube,haar-residual-d12-p0.5,view,fast,stationary,50,20,0.03,0.25,0.25,0,0,0.02439024,0.9756098,0.9756098,2.676006,2.676006,146234,64583.73,0,16,0,1531638,91,3188736,,,
superblock,cube,haar-residual-d12-p0.5,view,moderate-mobile,stationary,10,50,0.07,0.5,0.5,0.08531002,3.412401,0.02439024,0.9512195,0.9512195,2.761316,2.676006,146234,64583.73,0,16,0,1531638,91,3188736,,,
superblock,cube,haar-residual-d12-p0.5,view,constrained-mobile,stationary,2,100,0.18,1,1,0.5072453,10.48818,0.02439024,0.902439,0.902439,3.183252,2.676006,146234,64583.73,0,16,0,1531638,91,3188736,,,
superblock,cube,haar-residual-d12-p0.5,view,very-constrained,stationary,0.75,150,0.35,1.75,2,1.273996,10.48818,0.04878049,0.8292683,0.804878,3.950002,2.676006,146234,64583.73,0,16,0,1531638,91,3188736,,,
superblock,cube,jpeg-residual-q80,view,fast,stationary,50,20,0.03,0.25,0.25,0,0,0.02439024,0.9756098,0.9756098,1.647705,1.647705,123184,49446.36,0,16,0,1173180,91,3188736,,,
superblock,cube,jpeg-residual-q80,view,moderate-mobile,stationary,10,50,0.06,0.5,0.5,0.08192619,3.277047,0.02439024,0.9512195,0.9512195,1.729631,1.647705,123184,49446.36,0,16,0,1173180,91,3188736,,,
superblock,cube,jpeg-residual-q80,view,constrained-mobile,stationary,2,100,0.12,0.75,0.75,0.450581,10.4964,0.02439024,0.9268293,0.9268293,2.098286,1.647705,123184,49446.36,0,16,0,1173180,91,3188736,,,
superblock,cube,jpeg-residual-q80,view,very-constrained,stationary,0.75,150,0.21,1.75,1.75,1.257808,12.16146,0.02439024,0.8292683,0.8292683,2.905513,1.647705,123184,49446.36,0,16,0,1173180,91,3188736,,,
superblock,cube,jpeg-residual-q80,view-fill,fast,stationary,50,20,0.03,0.25,0.25,0,0,0.02439024,0.9756098,0.9756098,1.647705,1.647705,1200480,1126742,0,91,0,1173180,91,18855936,,,
superblock,cube,jpeg-residual-q80,view-fill,moderate-mobile,stationary,10,50,0.06,0.5,0.5,0.08192619,3.277047,0.02439024,0.9512195,0.9512195,1.729631,1.647705,1200480,1126742,0,91,0,1173180,91,18855936,,,
superblock,cube,jpeg-residual-q80,view-fill,constrained-mobile,stationary,2,100,0.12,0.75,0.75,0.450581,10.4964,0.02439024,0.9268293,0.9268293,2.098286,1.647705,1200480,1126742,0,91,0,1173180,91,18855936,,,
superblock,cube,jpeg-residual-q80,view-fill,very-constrained,stationary,0.75,150,0.21,1.75,1.75,1.257808,12.16146,0.02439024,0.8292683,0.8292683,2.905513,1.647705,893809,820071.4,0,82,0,1173180,91,13350912,,,
superblock,cube,jpeg-residual-q80,global,fast,stationary,50,20,0.03,0.25,0.25,0,0,0.02439024,0.9756098,0.9756098,1.647705,1.647705,1200480,1126742,0,91,0,1173180,91,18855936,,,
superblock,cube,jpeg-residual-q80,global,moderate-mobile,stationary,10,50,0.06,0.75,0.75,0.3281382,8.158574,0.02439024,0.9268293,0.9268293,1.975843,1.647705,1200480,1126742,0,91,0,1173180,91,18855936,,,
superblock,cube,jpeg-residual-q80,global,constrained-mobile,stationary,2,100,0.12,3.25,3.25,1.875316,12.16146,0.02439024,0.6829268,0.6829268,3.523021,1.647705,1200480,1126742,0,91,0,1173180,91,18855936,,,
superblock,cube,jpeg-residual-q80,global,very-constrained,stationary,0.75,150,0.21,8,8.5,4.982971,12.16146,0.02439024,0.2195122,0.1707317,6.630676,1.647705,909651.5,835913.9,0,82,0,1173180,91,13350912,,,
superblock,cube,jpeg-replacement-q80,view,fast,stationary,50,20,0.03,0.25,0.25,0,0,0.02439024,0.9756098,0.9756098,1.647017,1.647017,149670,59574.89,0,16,0,1429759,91,3188736,,,
superblock,cube,jpeg-replacement-q80,view,moderate-mobile,stationary,10,50,0.06,0.25,0.25,0,0,0.02439024,0.9756098,0.9756098,1.647017,1.647017,149670,59574.89,0,16,0,1429759,91,3188736,,,
superblock,cube,jpeg-replacement-q80,view,constrained-mobile,stationary,2,100,0.12,0.75,1,0.5875704,12.16215,0.02439024,0.9268293,0.902439,2.234588,1.647017,149670,59574.89,0,16,0,1429759,91,3188736,,,
superblock,cube,jpeg-replacement-q80,view,very-constrained,stationary,0.75,150,0.21,2,2,1.615256,12.16215,0.02439024,0.804878,0.804878,3.262273,1.647017,149670,59574.89,0,16,0,1429759,91,3188736,,,
superblock,cube,jpeg-replacement-q80,view-fill,fast,stationary,50,20,0.03,0.25,0.25,0,0,0.02439024,0.9756098,0.9756098,1.647017,1.647017,1457059,1366964,0,91,0,1429759,91,18855936,,,
superblock,cube,jpeg-replacement-q80,view-fill,moderate-mobile,stationary,10,50,0.06,0.25,0.25,0,0,0.02439024,0.9756098,0.9756098,1.647017,1.647017,1457059,1366964,0,91,0,1429759,91,18855936,,,
superblock,cube,jpeg-replacement-q80,view-fill,constrained-mobile,stationary,2,100,0.12,0.75,1,0.5875704,12.16215,0.02439024,0.9268293,0.902439,2.234588,1.647017,1457059,1366964,0,91,0,1429759,91,18855936,,,
superblock,cube,jpeg-replacement-q80,view-fill,very-constrained,stationary,0.75,150,0.21,2,2,1.615256,12.16215,0.02439024,0.804878,0.804878,3.262273,1.647017,894982.5,804887.4,0,72,0,1429759,91,10729472,,,
superblock,cube,jpeg-replacement-q80,view-direct,fast,stationary,50,20,0.03,0.25,0.25,0,0,0.02439024,0.9756098,0.9756098,1.647017,1.647017,107858,42246.6,0,10,0,1429759,91,2414592,,,
superblock,cube,jpeg-replacement-q80,view-direct,moderate-mobile,stationary,10,50,0.06,0.25,0.25,0,0,0.02439024,0.9756098,0.9756098,1.647017,1.647017,107858,42246.6,0,10,0,1429759,91,2414592,,,
superblock,cube,jpeg-replacement-q80,view-direct,constrained-mobile,stationary,2,100,0.12,0.75,0.75,0.6066892,12.16215,0.02439024,0.9268293,0.9268293,2.253707,1.647017,107858,42246.6,0,10,0,1429759,91,2414592,,,
superblock,cube,jpeg-replacement-q80,view-direct,very-constrained,stationary,0.75,150,0.21,1.5,1.5,1.516014,12.16215,0.02439024,0.8536585,0.8536585,3.163031,1.647017,107858,42246.6,0,10,0,1429759,91,2414592,,,
superblock,cube,jpeg-replacement-q80,global,fast,stationary,50,20,0.03,0.25,0.25,0,0,0.02439024,0.9756098,0.9756098,1.647017,1.647017,1457059,1366964,0,91,0,1429759,91,18855936,,,
superblock,cube,jpeg-replacement-q80,global,moderate-mobile,stationary,10,50,0.06,1,1,0.4520329,8.165173,0.02439024,0.902439,0.902439,2.09905,1.647017,1457059,1366964,0,91,0,1429759,91,18855936,,,
superblock,cube,jpeg-replacement-q80,global,constrained-mobile,stationary,2,100,0.12,3.75,4,2.248352,12.16215,0.02439024,0.6341463,0.6097561,3.895369,1.647017,1457059,1366964,0,91,0,1429759,91,18855936,,,
superblock,cube,jpeg-replacement-q80,global,very-constrained,stationary,0.75,150,0.21,9.5,,5.980374,12.16215,0.02439024,0.07317073,0,7.627391,1.647017,909651.5,820637.1,0,75,0,1429759,91,11515904,,,
superblock,cube,jpeg-replacement-q80-whole,global,fast,stationary,50,20,0.03,0.25,0.25,0,0,0.02439024,0.9756098,0.9756098,1.644581,1.644581,1418255,1335555,0,25,0,1410755,25,18855936,,,
superblock,cube,jpeg-replacement-q80-whole,global,moderate-mobile,stationary,10,50,0.06,1,1,0.452685,8.16761,0.02439024,0.902439,0.902439,2.097266,1.644581,1418255,1335555,0,25,0,1410755,25,18855936,,,
superblock,cube,jpeg-replacement-q80-whole,global,constrained-mobile,stationary,2,100,0.12,4.25,4.25,2.705555,12.16459,0.02439024,0.5853659,0.5853659,4.350136,1.644581,1418255,1335555,0,25,0,1410755,25,18855936,,,
superblock,cube,jpeg-replacement-q80-whole,global,very-constrained,stationary,0.75,150,0.21,,,6.782933,12.16459,0.02439024,0,0,8.427514,1.644581,909651.5,833724,0,25,0,1410755,25,4700160,,,
superblock,cube,jpeg-replacement-q80-whole,view-direct,fast,stationary,50,20,0.03,0.25,0.25,0,0,0.02439024,0.9756098,0.9756098,1.644581,1.644581,104023,45042.23,0,2,0,1410755,25,2414592,,,
superblock,cube,jpeg-replacement-q80-whole,view-direct,moderate-mobile,stationary,10,50,0.06,0.25,0.25,0,0,0.02439024,0.9756098,0.9756098,1.644581,1.644581,104023,45042.23,0,2,0,1410755,25,2414592,,,
superblock,cube,jpeg-replacement-q80-whole,view-direct,constrained-mobile,stationary,2,100,0.12,0.75,0.75,0.6082293,12.16459,0.02439024,0.9268293,0.9268293,2.25281,1.644581,104023,45042.23,0,2,0,1410755,25,2414592,,,
superblock,cube,jpeg-replacement-q80-whole,view-direct,very-constrained,stationary,0.75,150,0.21,1.5,1.5,1.520573,12.16459,0.02439024,0.8536585,0.8536585,3.165154,1.644581,104023,45042.23,0,2,0,1410755,25,2414592,,,
northrop-mall,cube,haar-residual-d12,view,fast,quick-turn,50,20,0.03,0.25,0.25,0.05858135,2.343254,0.02439024,0.9756098,0.9512195,-0.6666448,-0.7198897,946120,421068,0,58,0,1416354,91,11266048,0,0.15,0.15
northrop-mall,cube,haar-residual-d12,view,moderate-mobile,quick-turn,10,50,0.08,0.5,0.5,0.6566511,9.52355,0.02439024,0.902439,0.902439,-0.06857511,-0.7198897,926753.1,401701.1,85440.11,59,5,1416354,91,10397696,0,0.15,0.15
northrop-mall,cube,haar-residual-d12,view,constrained-mobile,quick-turn,2,100,0.21,1.5,1.5,2.560009,11.38618,0.02439024,0.7073171,0.7073171,1.834783,-0.7198897,686896.4,238692.8,74029.43,54,20,1416354,91,6395904,9.741284,1.15,1.15
northrop-mall,cube,haar-residual-d12,view,very-constrained,quick-turn,0.75,150,0.43,5.25,5.75,5.240479,11.71985,0.04878049,0.4878049,0.4390244,4.509643,-0.7198897,490999.4,163143.7,154215.4,42,21,1416354,91,3262464,11.23345,2.65,3.15
northrop-mall,cube,haar-residual-d12,view-fill,fast,quick-turn,50,20,0.03,0.25,0.25,0,0,0.02439024,0.9756098,0.9756098,-0.7252262,-0.7198897,1443654,918602,0,91,0,1416354,91,18855936,0,0.15,0.15
northrop-mall,cube,haar-residual-d12,view-fill,moderate-mobile,quick-turn,10,50,0.08,0.5,0.5,0.198087,7.92348,0.02439024,0.9512195,0.9512195,-0.5271392,-0.7198897,1443654,918602,0,91,0,1416354,91,18855936,0,0.15,0.15
northrop-mall,cube,haar-residual-d12,view-fill,constrained-mobile,quick-turn,2,100,0.21,1.5,1.5,2.454256,11.36053,0.02439024,0.7317073,0.7073171,1.72903,-0.7198897,1569768,1002786,126113.5,114,23,1416354,91,18855936,9.741284,0.9,1.15
northrop-mall,cube,haar-residual-d12,view-fill,very-constrained,quick-turn,0.75,150,0.43,5.25,5.75,5.240479,11.71985,0.04878049,0.4878049,0.4390244,4.509643,-0.7198897,895061.9,422265.3,154215.4,78,21,1416354,91,7649280,11.23345,2.65,3.15
northrop-mall,cube,haar-residual-d12,global,fast,quick-turn,50,20,0.03,0.25,0.5,0.04535436,1.814175,0.02439024,0.9756098,0.9512195,-0.6798718,-0.7198897,1443654,918602,0,91,0,1416354,91,18855936,0,0.15,0.15
northrop-mall,cube,haar-residual-d12,global,moderate-mobile,quick-turn,10,50,0.08,1,1,0.489414,9.915405,0.02439024,0.902439,0.902439,-0.2358122,-0.7198897,1443654,918602,0,91,0,1416354,91,18855936,0,0.15,0.15
northrop-mall,cube,haar-residual-d12,global,constrained-mobile,quick-turn,2,100,0.21,4.75,5.25,3.288096,11.36053,0.02439024,0.5365854,0.4878049,2.56287,-0.7198897,1443654,918602,0,91,0,1416354,91,18855936,4.757136,2.15,2.65
northrop-mall,cube,haar-residual-d12,global,very-constrained,quick-turn,0.75,150,0.43,,,7.499307,11.36053,0.04878049,0,0,6.768471,-0.7198897,909719.5,552355.6,0,65,0,1416354,91,8894464,9.741284,,
northrop-mall,cube,haar-residual-d12-p0.5,view,fast,quick-turn,50,20,0.03,0.25,0.25,0.04910089,1.964035,0.02439024,0.9756098,0.9512195,0.1855401,0.1392989,852370,373981.6,0,58,0,1293798,91,11266048,0,0.15,0.15
northrop-mall,cube,haar-residual-d12-p0.5,view,moderate-mobile,quick-turn,10,50,0.07,0.5,0.5,0.5925829,8.645824,0.02439024,0.902439,0.902439,0.7290221,0.1392989,870328.2,391939.7,17958.17,59,1,1293798,91,11266048,0,0.15,0.15
northrop-mall,cube,haar-residual-d12-p0.5,view,constrained-mobile,quick-turn,2,100,0.16,1.5,1.5,2.216823,10.6145,0.02439024,0.7317073,0.7073171,2.353262,0.1392989,630628.9,218852,68464.86,53,16,1293798,91,6711296,8.899018,0.9,1.15
northrop-mall,cube,haar-residual-d12-p0.5,view,very-constrained,quick-turn,0.75,150,0.31,4.75,5.5,4.245764,10.74063,0.04878049,0.5365854,0.4634146,4.379197,0.1392989,468092.1,153677.9,163522.1,43,20,1293798,91,3577856,10.3665,2.15,2.9
northrop-mall,cube,jpeg-residual-q80,view,fast,quick-turn,50,20,0.03,0.25,0.25,0.0572336,2.289344,0.02439024,0.9756098,0.9512195,0.03735595,-0.01483534,711636,303741,0,58,0,1082401,91,11266048,0,0.15,0.15
northrop-mall,cube,jpeg-residual-q80,view,moderate-mobile,quick-turn,10,50,0.06,0.5,0.5,0.4418275,6.992969,0.02439024,0.902439,0.902439,0.4219499,-0.01483534,711636,303741,0,58,0,1082401,91,11266048,0,0.15,0.15
northrop-mall,cube,jpeg-residual-q80,view,constrained-mobile,quick-turn,2,100,0.12,1.25,1.25,1.775016,10.98351,0.02439024,0.7804878,0.7560976,1.755138,-0.01483534,526229.8,179180.7,50063.76,53,14,1082401,91,6924288,9.461846,0.65,0.9
northrop-mall,cube,jpeg-residual-q80,view,very-constrained,quick-turn,0.75,150,0.21,4.5,5,3.831701,10.9931,0.02439024,0.5609756,0.5121951,3.811823,-0.01483534,425526.5,134667.1,141727.5,53,29,1082401,91,3885056,9.461846,1.9,2.4
northrop-mall,cube,jpeg-residual-q80,view-fill,fast,quick-turn,50,20,0.03,0.25,0.25,0,0,0.02439024,0.9756098,0.9756098,-0.01987764,-0.01483534,1109701,701806,0,91,0,1082401,91,18855936,0,0.15,0.15
northrop-mall,cube,jpeg-residual-q80,view-fill,moderate-mobile,quick-turn,10,50,0.06,0.5,0.5,0.1677004,6.708017,0.02439024,0.9512195,0.9512195,0.1478228,-0.01483534,1109701,701806,0,91,0,1082401,91,18855936,0,0.15,0.15
northrop-mall,cube,jpeg-residual-q80,view-fill,constrained-mobile,quick-turn,2,100,0.12,1.25,1.25,1.473488,9.580639,0.02439024,0.7804878,0.7560976,1.453611,-0.01483534,1221248,760190.7,111547.3,103,12,1082401,91,18855936,6.789008,0.65,0.9
northrop-mall,cube,jpeg-residual-q80,view-fill,very-constrained,quick-turn,0.75,150,0.21,4.5,5,3.831701,10.9931,0.02439024,0.5609756,0.5121951,3.811823,-0.01483534,893339,436757.9,141727.5,104,29,1082401,91,11515904,9.461846,1.9,2.4
northrop-mall,cube,jpeg-residual-q80,global,fast,quick-turn,50,20,0.03,0.25,0.25,0,0,0.02439024,0.9756098,0.9756098,-0.01987764,-0.01483534,1109701,701806,0,91,0,1082401,91,18855936,0,0.15,0.15
northrop-mall,cube,jpeg-residual-q80,global,moderate-mobile,quick-turn,10,50,0.06,0.75,0.75,0.3278531,7.709229,0.02439024,0.9268293,0.9268293,0.3079755,-0.01483534,1109701,701806,0,91,0,1082401,91,18855936,0,0.15,0.15
northrop-mall,cube,jpeg-residual-q80,global,constrained-mobile,quick-turn,2,100,0.12,2.25,4,2.119936,10.9931,0.02439024,0.6585366,0.6097561,2.100058,-0.01483534,1109701,701806,0,91,0,1082401,91,18855936,4.81623,1.15,1.4
northrop-mall,cube,jpeg-residual-q80,global,very-constrained,quick-turn,0.75,150,0.21,9.75,,5.900454,10.9931,0.02439024,0.04878049,0,5.880576,-0.01483534,909448.5,507562.1,0,90,0,1082401,91,15448064,7.520848,7.15,
northrop-mall,cube,jpeg-replacement-q80,view,fast,quick-turn,50,20,0.03,0.25,0.25,0.05699634,2.279854,0.02439024,0.9756098,0.9512195,0.0627733,0.0107391,851757,361170.2,0,58,0,1298191,91,11266048,0,0.15,0.15
northrop-mall,cube,jpeg-replacement-q80,view,moderate-mobile,quick-turn,10,50,0.06,0.5,0.5,0.4096206,6.563439,0.02439024,0.902439,0.902439,0.4153976,0.0107391,851757,361170.2,0,58,0,1298191,91,11266048,0,0.15,0.15
northrop-mall,cube,jpeg-replacement-q80,view,constrained-mobile,quick-turn,2,100,0.12,1.25,1.5,2.089766,10.97073,0.02439024,0.7560976,0.7073171,2.095543,0.0107391,623083.6,205842,66592.57,54,19,1298191,91,6608896,9.448235,0.9,1.15
northrop-mall,cube,jpeg-replacement-q80,view,very-constrained,quick-turn,0.75,150,0.21,5,5.5,4.440155,11.11427,0.02439024,0.5121951,0.4634146,4.445932,0.0107391,468869.5,145542.4,139894.5,51,28,1298191,91,3999744,9.448235,2.4,2.9
northrop-mall,cube,jpeg-replacement-q80,view-fill,fast,quick-turn,50,20,0.03,0.25,0.25,0,0,0.02439024,0.9756098,0.9756098,0.005776958,0.0107391,1325491,834904.2,0,91,0,1298191,91,18855936,0,0.15,0.15
northrop-mall,cube,jpeg-replacement-q80,view-fill,moderate-mobile,quick-turn,10,50,0.06,0.5,0.5,0.1639002,6.556009,0.02439024,0.9512195,0.9512195,0.1696772,0.0107391,1325491,834904.2,0,91,0,1298191,91,18855936,0,0.15,0.15
northrop-mall,cube,jpeg-replacement-q80,view-fill,constrained-mobile,quick-turn,2,100,0.12,1.25,1.5,1.722656,10.97073,0.02439024,0.7560976,0.7317073,1.728433,0.0107391,1447000,913732.9,121509.2,111,20,1298191,91,18855936,7.626872,0.9,0.9
northrop-mall,cube,jpeg-replacement-q80,view-fill,very-constrained,quick-turn,0.75,150,0.21,5,5.5,4.440155,11.11427,0.02439024,0.5121951,0.4634146,4.445932,0.0107391,893557,439815.8,139894.5,96,28,1298191,91,9418752,9.448235,2.4,2.9
northrop-mall,cube,jpeg-replacement-q80,view-direct,fast,quick-turn,50,20,0.03,0.25,0.25,0.1039626,4.158504,0.02439024,0.9512195,0.9512195,0.1097396,0.0107391,604799,245784.3,0,32,0,1298191,91,8181760,0,0.15,0.15
northrop-mall,cube,jpeg-replacement-q80,view-direct,moderate-mobile,quick-turn,10,50,0.06,0.5,0.5,0.6967494,10.30291,0.02439024,0.902439,0.902439,0.7025263,0.0107391,604799,245784.3,0,32,0,1298191,91,8181760,0,0.15,0.15
northrop-mall,cube,jpeg-replacement-q80,view-direct,constrained-mobile,quick-turn,2,100,0.12,1.25,1.25,2.263568,11.25436,0.02439024,0.7560976,0.7560976,2.269345,0.0107391,513167.9,196922.1,58535.89,32,8,1298191,91,6084608,10.8832,0.9,0.9
northrop-mall,cube,jpeg-replacement-q80,view-direct,very-constrained,quick-turn,0.75,150,0.21,5.25,5.25,5.209894,11.48312,0.02439024,0.4878049,0.4878049,5.215671,0.0107391,447555.6,169454.4,152461.6,32,16,1298191,91,3987456,10.8832,2.65,2.65
northrop-mall,cube,jpeg-replacement-q80,global,fast,quick-turn,50,20,0.03,0.25,0.25,0,0,0.02439024,0.9756098,0.9756098,0.005776958,0.0107391,1325491,834904.2,0,91,0,1298191,91,18855936,0,0.15,0.15
northrop-mall,cube,jpeg-replacement-q80,global,moderate-mobile,quick-turn,10,50,0.06,1,1,0.4324914,7.695026,0.02439024,0.902439,0.902439,0.4382684,0.0107391,1325491,834904.2,0,91,0,1298191,91,18855936,0,0.15,0.15
northrop-mall,cube,jpeg-replacement-q80,global,constrained-mobile,quick-turn,2,100,0.12,4.5,4.75,2.585661,10.97073,0.02439024,0.5609756,0.5365854,2.591438,0.0107391,1325491,834904.2,0,91,0,1298191,91,18855936,4.792347,1.9,2.15
northrop-mall,cube,jpeg-replacement-q80,global,very-constrained,quick-turn,0.75,150,0.21,,,6.274428,10.97073,0.02439024,0,0,6.280205,0.0107391,909448.5,498471.6,0,75,0,1298191,91,11515904,7.626872,,
northrop-mall,cube,jpeg-replacement-q80-whole,global,fast,quick-turn,50,20,0.03,0.5,0.5,0.1211317,4.845266,0.02439024,0.9512195,0.9512195,0.1251423,0.008985254,1287939,800467.3,0,25,0,1280439,25,18855936,0,0.15,0.15
northrop-mall,cube,jpeg-replacement-q80-whole,global,moderate-mobile,quick-turn,10,50,0.06,1.25,1.25,0.6270774,7.696281,0.02439024,0.8780488,0.8780488,0.631088,0.008985254,1287939,800467.3,0,25,0,1280439,25,18855936,0,0.15,0.15
northrop-mall,cube,jpeg-replacement-q80-whole,global,constrained-mobile,quick-turn,2,100,0.12,5.25,5.25,3.263854,10.97198,0.02439024,0.4878049,0.4878049,3.267865,0.008985254,1287939,800467.3,0,25,0,1280439,25,18855936,4.794039,2.65,2.65
northrop-mall,cube,jpeg-replacement-q80-whole,global,very-constrained,quick-turn,0.75,150,0.21,,,7.078019,10.97198,0.02439024,0,0,7.082029,0.008985254,909448.5,558878.4,0,25,0,1280439,25,7059456,7.628804,,
northrop-mall,cube,jpeg-replacement-q80-whole,view-direct,fast,quick-turn,50,20,0.03,0.25,0.25,0,0,0.02439024,0.9756098,0.9756098,0.004010643,0.008985254,816417,460395.3,0,6,0,1280439,25,11851776,0,0.15,0.15
northrop-mall,cube,jpeg-replacement-q80-whole,view-direct,moderate-mobile,quick-turn,10,50,0.06,0.5,0.5,0.8074314,10.97198,0.02439024,0.902439,0.902439,0.8114421,0.008985254,816417,460395.3,0,6,0,1280439,25,11851776,0,0.15,0.15
northrop-mall,cube,jpeg-replacement-q80-whole,view-direct,constrained-mobile,quick-turn,2,100,0.12,1.25,1.25,3.547545,11.25593,0.02439024,0.6585366,0.6585366,3.551556,0.008985254,816417,460395.3,0,6,0,1280439,25,11851776,10.88513,1.9,1.9
northrop-mall,cube,jpeg-replacement-q80-whole,view-direct,very-constrained,quick-turn,0.75,150,0.21,8.5,8.5,9.036892,12.08581,0.02439024,0.1707317,0.1707317,9.040903,0.008985254,816417,460395.3,0,6,0,1280439,25,11851776,10.88513,5.9,5.9
bookstore,cube,haar-residual-d12,view,fast,quick-turn,50,20,0.03,0.25,0.25,0.00924402,0.3697608,0.02439024,0.9756098,0.9756098,1.205809,1.199806,284571,109067.6,0,58,0,374015,91,11266048,0,0.15,0.15
bookstore,cube,haar-residual-d12,view,moderate-mobile,quick-turn,10,50,0.07,0.25,0.25,0.3358069,8.566974,0.02439024,0.9268293,0.9268293,1.532372,1.199806,284571,109067.6,0,58,0,374015,91,11266048,0,0.15,0.15
bookstore,cube,haar-residual-d12,view,constrained-mobile,quick-turn,2,100,0.19,0.75,0.75,1.567165,15.39718,0.02439024,0.8536585,0.8536585,2.76373,1.199806,245267.8,91500.84,25645.76,54,11,374015,91,7710720,8.302458,0.4,0.4
bookstore,cube,haar-residual-d12,view,very-constrained,quick-turn,0.75,150,0.37,1.5,1.5,3.008462,15.39718,0.04878049,0.7317073,0.7317073,4.201619,1.199806,193777,63263.59,17477,54,20,374015,91,6359040,12.50102,0.9,0.9
bookstore,cube,haar-residual-d12,view-fill,fast,quick-turn,50,20,0.03,0.25,0.25,0,0,0.02439024,0.9756098,0.9756098,1.196565,1.199806,401315,225811.6,0,91,0,374015,91,18855936,0,0.15,0.15
bookstore,cube,haar-residual-d12,view-fill,moderate-mobile,quick-turn,10,50,0.07,0.25,0.25,0,0,0.02439024,0.9756098,0.9756098,1.196565,1.199806,401315,225811.6,0,91,0,374015,91,18855936,0,0.15,0.15
bookstore,cube,haar-residual-d12,view-fill,constrained-mobile,quick-turn,2,100,0.19,0.75,0.75,0.6026346,15.20125,0.02439024,0.9268293,0.9268293,1.799199,1.199806,401315,225811.6,0,91,0,374015,91,18855936,0,0.15,0.15
bookstore,cube,haar-residual-d12,view-fill,very-constrained,quick-turn,0.75,150,0.37,1.5,1.5,3.115294,15.20125,0.04878049,0.7317073,0.7317073,4.308451,1.199806,456366.5,254743.8,55051.47,111,20,374015,91,18855936,15.19182,0.9,0.9
bookstore,cube,haar-residual-d12,global,fast,quick-turn,50,20,0.03,0.25,0.25,0,0,0.02439024,0.9756098,0.9756098,1.196565,1.199806,401315,225811.6,0,91,0,374015,91,18855936,0,0.15,0.15
bookstore,cube,haar-residual-d12,global,moderate-mobile,quick-turn,10,50,0.07,0.5,0.5,0.230418,9.216721,0.02439024,0.9512195,0.9512195,1.426983,1.199806,401315,225811.6,0,91,0,374015,91,18855936,0,0.15,0.15
bookstore,cube,haar-residual-d12,global,constrained-mobile,quick-turn,2,100,0.19,1.75,1.75,1.503097,15.20125,0.02439024,0.8292683,0.8292683,2.699662,1.199806,401315,225811.6,0,91,0,374015,91,18855936,0,0.15,0.15
bookstore,cube,haar-residual-d12,global,very-constrained,quick-turn,0.75,150,0.37,4.5,4.5,3.791889,15.20125,0.04878049,0.5609756,0.5609756,4.985046,1.199806,401315,225811.6,0,91,0,374015,91,18855936,8.430083,1.9,1.9
bookstore,cube,haar-residual-d12-p0.5,view,fast,quick-turn,50,20,0.03,0.25,0.25,0.004186646,0.1674658,0.02439024,0.9756098,0.9756098,3.898809,3.899903,231774,82556.63,0,58,0,307423,91,11266048,0,0.15,0.15
bookstore,cube,haar-residual-d12-p0.5,view,moderate-mobile,quick-turn,10,50,0.06,0.25,0.25,0.1620833,3.403575,0.02439024,0.9268293,0.9268293,4.056705,3.899903,231774,82556.63,0,58,0,307423,91,11266048,0,0.15,0.15
bookstore,cube,haar-residual-d12-p0.5,view,constrained-mobile,quick-turn,2,100,0.15,0.5,0.75,0.8786776,12.46921,0.02439024,0.902439,0.8780488,4.773299,3.899903,200103,67361.91,18643,55,9,307423,91,7923712,0,0.15,0.15
bookstore,cube,haar-residual-d12-p0.5,view,very-constrained,quick-turn,0.75,150,0.26,1,1.25,1.5807,13.00408,0.04878049,0.804878,0.7804878,5.46977,3.899903,163343,50946.79,19485,55,20,307423,91,6395904,6.765797,0.65,0.65
bookstore,cube,jpeg-residual-q80,view,fast,quick-turn,50,20,0.03,0.25,0.25,0.0176713,0.7068518,0.02439024,0.9756098,0.9756098,1.433529,1.416739,285983,111333.5,0,58,0,414399,91,11266048,0,0.15,0.15
bookstore,cube,jpeg-residual-q80,view,moderate-mobile,quick-turn,10,50,0.06,0.25,0.25,0.2792139,5.83683,0.02439024,0.9268293,0.9268293,1.695072,1.416739,285983,111333.5,0,58,0,414399,91,11266048,0,0.15,0.15
bookstore,cube,jpeg-residual-q80,view,constrained-mobile,quick-turn,2,100,0.12,0.75,0.75,1.454544,15.28385,0.02439024,0.8536585,0.8536585,2.870402,1.416739,232635.4,82793.17,30019.39,55,12,414399,91,7710720,9.026879,0.4,0.4
bookstore,cube,jpeg-residual-q80,view,very-constrained,quick-turn,0.75,150,0.19,1.25,1.25,2.562236,15.45324,0.02439024,0.7560976,0.7560976,3.978094,1.416739,185701,57093.28,14517,55,20,414399,91,6608896,9.686448,0.9,0.9
bookstore,cube,jpeg-residual-q80,view-fill,fast,quick-turn,50,20,0.03,0.25,0.25,0,0,0.02439024,0.9756098,0.9756098,1.415858,1.416739,441699,267049.5,0,91,0,414399,91,18855936,0,0.15,0.15
bookstore,cube,jpeg-residual-q80,view-fill,moderate-mobile,quick-turn,10,50,0.06,0.25,0.25,0,0,0.02439024,0.9756098,0.9756098,1.415858,1.416739,441699,267049.5,0,91,0,414399,91,18855936,0,0.15,0.15
bookstore,cube,jpeg-residual-q80,view-fill,constrained-mobile,quick-turn,2,100,0.12,0.75,0.75,0.5319606,13.16037,0.02439024,0.9268293,0.9268293,1.947818,1.416739,441699,267049.5,0,91,0,414399,91,18855936,0,0.15,0.15
bookstore,cube,jpeg-residual-q80,view-fill,very-constrained,quick-turn,0.75,150,0.19,1.25,1.25,2.162512,15.45324,0.02439024,0.7560976,0.7560976,3.57837,1.416739,488492.3,297973.8,46793.31,111,20,414399,91,18855936,9.623959,0.9,0.9
bookstore,cube,jpeg-residual-q80,global,fast,quick-turn,50,20,0.03,0.25,0.25,0,0,0.02439024,0.9756098,0.9756098,1.415858,1.416739,441699,267049.5,0,91,0,414399,91,18855936,0,0.15,0.15
bookstore,cube,jpeg-residual-q80,global,moderate-mobile,quick-turn,10,50,0.06,0.5,0.5,0.2464116,9.856464,0.02439024,0.9512195,0.9512195,1.662269,1.416739,441699,267049.5,0,91,0,414399,91,18855936,0,0.15,0.15
bookstore,cube,jpeg-residual-q80,global,constrained-mobile,quick-turn,2,100,0.12,1.75,1.75,1.149502,15.45324,0.02439024,0.8292683,0.8292683,2.56536,1.416739,441699,267049.5,0,91,0,414399,91,18855936,0,0.15,0.15
bookstore,cube,jpeg-residual-q80,global,very-constrained,quick-turn,0.75,150,0.19,4.5,4.5,3.395703,15.45324,0.02439024,0.5609756,0.5609756,4.811561,1.416739,441699,267049.5,0,91,0,414399,91,18855936,5.712523,1.9,1.9
bookstore,cube,jpeg-replacement-q80,view,fast,quick-turn,50,20,0.03,0.25,0.25,0.01763044,0.7052176,0.02439024,0.9756098,0.9756098,1.372566,1.355856,344079,130193.3,0,58,0,496949,91,11266048,0,0.15,0.15
bookstore,cube,jpeg-replacement-q80,view,moderate-mobile,quick-turn,10,50,0.06,0.25,0.25,0.1319954,4.5746,0.02439024,0.9512195,0.9512195,1.486931,1.355856,344079,130193.3,0,58,0,496949,91,11266048,0,0.15,0.15
bookstore,cube,jpeg-replacement-q80,view,constrained-mobile,quick-turn,2,100,0.12,0.75,0.75,1.513053,15.51259,0.02439024,0.8536585,0.8536585,2.867989,1.355856,271440.6,92021.8,36637.61,54,12,496949,91,7645184,9.012369,0.4,0.4
bookstore,cube,jpeg-replacement-q80,view,very-constrained,quick-turn,0.75,150,0.19,1.5,1.5,3.19584,15.53595,0.02439024,0.7073171,0.7073171,4.550776,1.355856,218998,62048.91,25077,53,21,496949,91,6359040,12.90962,1.15,1.15
bookstore,cube,jpeg-replacement-q80,view-fill,fast,quick-turn,50,20,0.03,0.25,0.25,0,0,0.02439024,0.9756098,0.9756098,1.354936,1.355856,524249,310363.3,0,91,0,496949,91,18855936,0,0.15,0.15
bookstore,cube,jpeg-replacement-q80,view-fill,moderate-mobile,quick-turn,10,50,0.06,0.25,0.25,0,0,0.02439024,0.9756098,0.9756098,1.354936,1.355856,524249,310363.3,0,91,0,496949,91,18855936,0,0.15,0.15
bookstore,cube,jpeg-replacement-q80,view-fill,constrained-mobile,quick-turn,2,100,0.12,0.75,0.75,0.5491317,15.51259,0.02439024,0.9268293,0.9268293,1.904068,1.355856,532005,311933.1,7756.041,92,1,496949,91,18855936,0,0.15,0.15
bookstore,cube,jpeg-replacement-q80,view-fill,very-constrained,quick-turn,0.75,150,0.19,1.5,1.5,2.900331,15.51259,0.02439024,0.7317073,0.7073171,4.255267,1.355856,571126.5,338885.8,46877.5,115,24,496949,91,18855936,12.90962,0.9,1.15
bookstore,cube,jpeg-replacement-q80,view-direct,fast,quick-turn,50,20,0.03,0.25,0.25,0.0501298,2.005192,0.02439024,0.9756098,0.9512195,1.405066,1.355856,220686,75202.19,0,32,0,496949,91,8181760,0,0.15,0.15
bookstore,cube,jpeg-replacement-q80,view-direct,moderate-mobile,quick-turn,10,50,0.06,0.25,0.25,0.3957343,13.82418,0.02439024,0.9512195,0.9268293,1.75067,1.355856,220686,75202.19,0,32,0,496949,91,8181760,0,0.15,0.15
bookstore,cube,jpeg-replacement-q80,view-direct,constrained-mobile,quick-turn,2,100,0.12,0.5,0.5,1.533713,15.7077,0.02439024,0.8780488,0.8780488,2.888649,1.355856,211043.5,74424.16,16912.47,32,2,496949,91,7657472,14.94858,0.4,0.4
bookstore,cube,jpeg-replacement-q80,view-direct,very-constrained,quick-turn,0.75,150,0.19,1,1,3.07319,15.76671,0.02439024,0.7804878,0.7804878,4.428126,1.355856,168101.9,57248.16,23046.88,32,10,496949,91,5560320,15.4152,0.9,0.9
bookstore,cube,jpeg-replacement-q80,global,fast,quick-turn,50,20,0.03,0.25,0.25,0,0,0.02439024,0.9756098,0.9756098,1.354936,1.355856,524249,310363.3,0,91,0,496949,91,18855936,0,0.15,0.15
bookstore,cube,jpeg-replacement-q80,global,moderate-mobile,quick-turn,10,50,0.06,0.75,0.75,0.2806292,5.85602,0.02439024,0.9268293,0.9268293,1.635565,1.355856,524249,310363.3,0,91,0,496949,91,18855936,0,0.15,0.15
bookstore,cube,jpeg-replacement-q80,global,constrained-mobile,quick-turn,2,100,0.12,2,2,1.313302,15.51259,0.02439024,0.804878,0.804878,2.668238,1.355856,524249,310363.3,0,91,0,496949,91,18855936,0,0.15,0.15
bookstore,cube,jpeg-replacement-q80,global,very-constrained,quick-turn,0.75,150,0.19,5.25,5.25,4.043907,15.51259,0.02439024,0.4878049,0.4878049,5.398843,1.355856,524249,310363.3,0,91,0,496949,91,18855936,5.738279,2.65,2.65
bookstore,cube,jpeg-replacement-q80-whole,global,fast,quick-turn,50,20,0.03,0.25,0.25,0,0,0.02439024,0.9756098,0.9756098,1.353534,1.354422,485215,295811,0,25,0,477715,25,18855936,0,0.15,0.15
bookstore,cube,jpeg-replacement-q80-whole,global,moderate-mobile,quick-turn,10,50,0.06,0.75,0.75,0.3940354,9.903588,0.02439024,0.9268293,0.9268293,1.747569,1.354422,485215,295811,0,25,0,477715,25,18855936,0,0.15,0.15
bookstore,cube,jpeg-replacement-q80-whole,global,constrained-mobile,quick-turn,2,100,0.12,2.25,2.25,1.817578,15.51529,0.02439024,0.7804878,0.7804878,3.171112,1.354422,485215,295811,0,25,0,477715,25,18855936,0,0.15,0.15
bookstore,cube,jpeg-replacement-q80-whole,global,very-constrained,quick-turn,0.75,150,0.19,5.5,5.5,4.71193,15.51529,0.02439024,0.4634146,0.4634146,6.065464,1.354422,485215,295811,0,25,0,477715,25,18855936,9.735371,2.9,2.9
bookstore,cube,jpeg-replacement-q80-whole,view-direct,fast,quick-turn,50,20,0.03,0.25,0.25,0,0,0.02439024,0.9756098,0.9756098,1.353534,1.354422,260623,135128.1,0,6,0,477715,25,11851776,0,0.15,0.15
bookstore,cube,jpeg-replacement-q80-whole,view-direct,moderate-mobile,quick-turn,10,50,0.06,0.25,0.25,0.3795202,15.18081,0.02439024,0.9512195,0.9512195,1.733054,1.354422,260623,135128.1,0,6,0,477715,25,11851776,0,0.15,0.15
bookstore,cube,jpeg-replacement-q80-whole,view-direct,constrained-mobile,quick-turn,2,100,0.12,0.5,0.5,1.932408,15.76765,0.02439024,0.8536585,0.8536585,3.285942,1.354422,260623,135128.1,0,6,0,477715,25,11851776,15.41628,0.65,0.65
bookstore,cube,jpeg-replacement-q80-whole,view-direct,very-constrained,quick-turn,0.75,150,0.19,1,1,4.635208,15.76765,0.02439024,0.6829268,0.6829268,5.988741,1.354422,260623,135128.1,0,6,0,477715,25,11851776,15.41628,1.9,1.9
superblock,cube,haar-residual-d12,view,fast,quick-turn,50,20,0.03,0.25,0.25,0.03129305,1.251722,0.02439024,0.9756098,0.9512195,0.04166034,0.03004243,1009773,512852.8,0,58,0,1702387,91,11266048,0,0.15,0.15
superblock,cube,haar-residual-d12,view,moderate-mobile,quick-turn,10,50,0.08,0.5,0.5,0.6883876,10.15582,0.02439024,0.902439,0.902439,0.6987549,0.03004243,893127.9,399709.5,168634.9,56,10,1702387,91,7956480,0,0.15,0.15
superblock,cube,haar-residual-d12,view,constrained-mobile,quick-turn,2,100,0.22,1,1,2.543009,12.31148,0.02439024,0.7317073,0.7317073,2.553376,0.03004243,574693.8,209833.3,83976.83,54,22,1702387,91,6359040,10.38293,1.4,1.4
superblock,cube,haar-residual-d12,view,very-constrained,quick-turn,0.75,150,0.46,6,6,6.049212,12.31148,0.04878049,0.4146341,0.4146341,6.038895,0.03004243,511048,164263.1,31250,55,24,1702387,91,6322176,11.72286,3.4,3.4
superblock,cube,haar-residual-d12,view-fill,fast,quick-turn,50,20,0.03,0.25,0.25,0,0,0.02439024,0.9756098,0.9756098,0.01036729,0.03004243,1729687,1232767,0,91,0,1702387,91,18855936,0,0.15,0.15
superblock,cube,haar-residual-d12,view-fill,moderate-mobile,quick-turn,10,50,0.08,0.5,0.5,0.1842482,7.369929,0.02439024,0.9512195,0.9512195,0.1946155,0.03004243,1729687,1232767,0,91,0,1702387,91,18855936,0,0.15,0.15
superblock,cube,haar-residual-d12,view-fill,constrained-mobile,quick-turn,2,100,0.22,1,1,2.298606,12.31148,0.02439024,0.7560976,0.7560976,2.308973,0.03004243,1938679,1363573,208992.2,116,25,1702387,91,18855936,10.38293,1.15,1.15
superblock,cube,haar-residual-d12,view-fill,very-constrained,quick-turn,0.75,150,0.46,6,6,6.049212,12.31148,0.04878049,0.4146341,0.4146341,6.038895,0.03004243,886985.5,470260.1,31250,81,24,1702387,91,7567360,11.72286,3.4,3.4
superblock,cube,haar-residual-d12,global,fast,quick-turn,50,20,0.03,0.5,0.5,0.1148992,4.595968,0.02439024,0.9512195,0.9512195,0.1252665,0.03004243,1729687,1232767,0,91,0,1702387,91,18855936,0,0.15,0.15
superblock,cube,haar-residual-d12,global,moderate-mobile,quick-turn,10,50,0.08,1.25,1.25,0.6155505,10.56552,0.02439024,0.8780488,0.8780488,0.6259177,0.03004243,1729687,1232767,0,91,0,1702387,91,18855936,0,0.15,0.15
superblock,cube,haar-residual-d12,global,constrained-mobile,quick-turn,2,100,0.22,5.75,5.75,3.984308,12.31148,0.02439024,0.4390244,0.4390244,3.994675,0.03004243,1729687,1232767,0,91,0,1702387,91,18855936,8.020213,3.15,3.15
superblock,cube,haar-residual-d12,global,very-constrained,quick-turn,0.75,150,0.46,,,8.907123,12.31148,0.04878049,0,0,8.896806,0.03004243,909930,595824,0,55,0,1702387,91,5748736,10.38293,,
superblock,cube,haar-residual-d12-p0.5,view,fast,quick-turn,50,20,0.03,0.25,0.25,0.02225918,0.8903672,0.02439024,0.9756098,0.9756098,1.524799,1.531161,885901,442485.3,0,58,0,1531638,91,11266048,0,0.15,0.15
superblock,cube,haar-residual-d12-p0.5,view,moderate-mobile,quick-turn,10,50,0.07,0.5,0.5,0.5180916,8.812808,0.02439024,0.902439,0.902439,2.020631,1.531161,808873.5,366956.1,114919.5,56,7,1531638,91,9267200,0,0.15,0.15
superblock,cube,haar-residual-d12-p0.5,view,constrained-mobile,quick-turn,2,100,0.18,1,1,1.842799,10.48818,0.02439024,0.7560976,0.7560976,3.345338,1.531161,514356.3,185901.7,72644.29,55,21,1531638,91,6395904,9.04571,1.15,1.15
superblock,cube,haar-residual-d12-p0.5,view,very-constrained,quick-turn,0.75,150,0.35,1.75,2,4.442561,10.48818,0.04878049,0.4878049,0.4634146,5.915011,1.531161,453642,145865,23986,54,22,1531638,91,6359040,10.34981,3.15,3.15
superblock,cube,jpeg-residual-q80,view,fast,quick-turn,50,20,0.03,0.25,0.25,0.03032557,1.213023,0.02439024,0.9756098,0.9512195,1.197672,1.179062,675514,319891.9,0,58,0,1173180,91,11266048,0,0.15,0.15
superblock,cube,jpeg-residual-q80,view,moderate-mobile,quick-turn,10,50,0.06,0.5,0.5,0.4518978,7.488241,0.02439024,0.902439,0.902439,1.619244,1.179062,660294,304671.9,0,58,1,1173180,91,11003904,0,0.15,0.15
superblock,cube,jpeg-residual-q80,view,constrained-mobile,quick-turn,2,100,0.12,0.75,0.75,1.539039,10.4964,0.02439024,0.804878,0.804878,2.706385,1.179062,420518,146220.1,56155,54,18,1173180,91,6645760,9.721204,0.9,0.9
superblock,cube,jpeg-residual-q80,view,very-constrained,quick-turn,0.75,150,0.21,1.75,1.75,3.582811,12.16146,0.02439024,0.5609756,0.5609756,4.750157,1.179062,371936.6,117939,28524.63,55,23,1173180,91,6359040,9.721204,2.4,2.4
superblock,cube,jpeg-residual-q80,view-fill,fast,quick-turn,50,20,0.03,0.25,0.25,0,0,0.02439024,0.9756098,0.9756098,1.167346,1.179062,1200480,844857.9,0,91,0,1173180,91,18855936,0,0.15,0.15
superblock,cube,jpeg-residual-q80,view-fill,moderate-mobile,quick-turn,10,50,0.06,0.5,0.5,0.08192619,3.277047,0.02439024,0.9512195,0.9512195,1.249272,1.179062,1200480,844857.9,0,91,0,1173180,91,18855936,0,0.15,0.15
superblock,cube,jpeg-residual-q80,view-fill,constrained-mobile,quick-turn,2,100,0.12,0.75,0.75,1.270685,10.4964,0.02439024,0.804878,0.804878,2.438031,1.179062,1336849,909531,136369.5,102,11,1173180,91,18855936,7.057783,0.9,0.9
superblock,cube,jpeg-residual-q80,view-fill,very-constrained,quick-turn,0.75,150,0.21,1.75,1.75,3.446156,12.16146,0.02439024,0.5853659,0.5609756,4.613502,1.179062,879671,503608.1,50119.5,103,26,1173180,91,12040192,9.721204,2.15,2.4
superblock,cube,jpeg-residual-q80,global,fast,quick-turn,50,20,0.03,0.25,0.25,0,0,0.02439024,0.9756098,0.9756098,1.167346,1.179062,1200480,844857.9,0,91,0,1173180,91,18855936,0,0.15,0.15
superblock,cube,jpeg-residual-q80,global,moderate-mobile,quick-turn,10,50,0.06,0.75,0.75,0.3281382,8.158574,0.02439024,0.9268293,0.9268293,1.495484,1.179062,1200480,844857.9,0,91,0,1173180,91,18855936,0,0.15,0.15
superblock,cube,jpeg-residual-q80,global,constrained-mobile,quick-turn,2,100,0.12,2.25,4,2.096941,12.16146,0.02439024,0.6585366,0.6097561,3.264287,1.179062,1200480,844857.9,0,91,0,1173180,91,18855936,5.038139,1.15,1.4
superblock,cube,jpeg-residual-q80,global,very-constrained,quick-turn,0.75,150,0.21,9.75,,6.280904,12.16146,0.02439024,0.04878049,0,7.44825,1.179062,909651.5,555574.2,0,82,0,1173180,91,13350912,8.008052,7.15,
superblock,cube,jpeg-replacement-q80,view,fast,quick-turn,50,20,0.03,0.25,0.25,0.03002887,1.201155,0.02439024,0.9756098,0.9512195,1.224527,1.205535,821560,387355.1,0,58,0,1429759,91,11266048,0,0.15,0.15
superblock,cube,jpeg-replacement-q80,view,moderate-mobile,quick-turn,10,50,0.06,0.25,0.25,0.3578357,7.277932,0.02439024,0.9268293,0.9268293,1.552334,1.205535,798964.4,364759.5,25644.39,58,2,1429759,91,10741760,0,0.15,0.15
superblock,cube,jpeg-replacement-q80,view,constrained-mobile,quick-turn,2,100,0.12,0.75,1,1.747415,12.16215,0.02439024,0.7804878,0.7560976,2.941913,1.205535,500980.3,164229.5,69538.28,54,21,1429759,91,6506496,7.979278,1.15,1.15
superblock,cube,jpeg-replacement-q80,view,very-constrained,quick-turn,0.75,150,0.21,2,2,4.248837,12.16215,0.02439024,0.5121951,0.4878049,5.443335,1.205535,443176,133498,24448,53,21,1429759,91,6359040,9.690589,2.65,2.9
superblock,cube,jpeg-replacement-q80,view-fill,fast,quick-turn,50,20,0.03,0.25,0.25,0,0,0.02439024,0.9756098,0.9756098,1.194498,1.205535,1457059,1022854,0,91,0,1429759,91,18855936,0,0.15,0.15
superblock,cube,jpeg-replacement-q80,view-fill,moderate-mobile,quick-turn,10,50,0.06,0.25,0.25,0,0,0.02439024,0.9756098,0.9756098,1.194498,1.205535,1457059,1022854,0,91,0,1429759,91,18855936,0,0.15,0.15
superblock,cube,jpeg-replacement-q80,view-fill,constrained-mobile,quick-turn,2,100,0.12,0.75,1,1.444767,12.16215,0.02439024,0.804878,0.7560976,2.639266,1.205535,1583993,1103254,126933.5,105,14,1429759,91,18855936,7.028725,0.9,1.15
superblock,cube,jpeg-replacement-q80,view-fill,very-constrained,quick-turn,0.75,150,0.21,2,2,4.244688,12.16215,0.02439024,0.5121951,0.4878049,5.439187,1.205535,879582.2,452080.4,41791.75,94,26,1429759,91,9680896,9.690589,2.65,2.9
superblock,cube,jpeg-replacement-q80,view-direct,fast,quick-turn,50,20,0.03,0.25,0.25,0.05290819,2.116328,0.02439024,0.9756098,0.9512195,1.247407,1.205535,568308,254242.3,0,32,0,1429759,91,8181760,0,0.15,0.15
superblock,cube,jpeg-replacement-q80,view-direct,moderate-mobile,quick-turn,10,50,0.06,0.25,0.25,0.4780866,9.643029,0.02439024,0.9268293,0.9268293,1.672585,1.205535,568308,254242.3,0,32,0,1429759,91,8181760,0,0.15,0.15
superblock,cube,jpeg-replacement-q80,view-direct,constrained-mobile,quick-turn,2,100,0.12,0.75,0.75,2.069457,12.16215,0.02439024,0.7804878,0.7804878,3.263955,1.205535,436130.7,183002.9,67162.7,32,10,1429759,91,5560320,10.9335,1.15,1.15
superblock,cube,jpeg-replacement-q80,view-direct,very-constrained,quick-turn,0.75,150,0.21,1.5,1.5,4.824406,12.16215,0.02439024,0.5365854,0.5365854,6.018905,1.205535,392014.9,162335.2,23046.88,32,10,1429759,91,5560320,10.9335,2.9,2.9
superblock,cube,jpeg-replacement-q80,global,fast,quick-turn,50,20,0.03,0.25,0.25,0,0,0.02439024,0.9756098,0.9756098,1.194498,1.205535,1457059,1022854,0,91,0,1429759,91,18855936,0,0.15,0.15
superblock,cube,jpeg-replacement-q80,global,moderate-mobile,quick-turn,10,50,0.06,1,1,0.4520329,8.165173,0.02439024,0.902439,0.902439,1.646531,1.205535,1457059,1022854,0,91,0,1429759,91,18855936,0,0.15,0.15
superblock,cube,jpeg-replacement-q80,global,constrained-mobile,quick-turn,2,100,0.12,4.5,4.75,2.637933,12.16215,0.02439024,0.5609756,0.5365854,3.832432,1.205535,1457059,1022854,0,91,0,1429759,91,18855936,5.011339,1.9,2.15
superblock,cube,jpeg-replacement-q80,global,very-constrained,quick-turn,0.75,150,0.21,,,6.699168,12.16215,0.02439024,0,0,7.893667,1.205535,909651.5,565264.9,0,75,0,1429759,91,11515904,7.979278,,
superblock,cube,jpeg-replacement-q80-whole,global,fast,quick-turn,50,20,0.03,0.25,0.25,0,0,0.02439024,0.9756098,0.9756098,1.191977,1.203016,1418255,992831.3,0,25,0,1410755,25,18855936,0,0.15,0.15
superblock,cube,jpeg-replacement-q80-whole,global,moderate-mobile,quick-turn,10,50,0.06,1,1,0.452685,8.16761,0.02439024,0.902439,0.902439,1.644662,1.203016,1418255,992831.3,0,25,0,1410755,25,18855936,0,0.15,0.15
superblock,cube,jpeg-replacement-q80-whole,global,constrained-mobile,quick-turn,2,100,0.12,5.75,5.75,3.682029,12.16459,0.02439024,0.4390244,0.4390244,4.874006,1.203016,1418255,992831.3,0,25,0,1410755,25,18855936,7.981876,3.15,3.15
superblock,cube,jpeg-replacement-q80-whole,global,very-constrained,quick-turn,0.75,150,0.21,,,7.574821,12.16459,0.02439024,0,0,8.766798,1.203016,909651.5,612092.2,0,25,0,1410755,25,4700160,7.981876,,
superblock,cube,jpeg-replacement-q80-whole,view-direct,fast,quick-turn,50,20,0.03,0.25,0.25,0,0,0.02439024,0.9756098,0.9756098,1.191977,1.203016,875770,568134.5,0,6,0,1410755,25,11851776,0,0.15,0.15
superblock,cube,jpeg-replacement-q80-whole,view-direct,moderate-mobile,quick-turn,10,50,0.06,0.25,0.25,0.8174432,10.9361,0.02439024,0.902439,0.902439,2.00942,1.203016,875770,568134.5,0,6,0,1410755,25,11851776,10.9361,0.4,0.4
superblock,cube,jpeg-replacement-q80-whole,view-direct,constrained-mobile,quick-turn,2,100,0.12,0.75,0.75,4.159698,12.16459,0.02439024,0.6097561,0.6097561,5.351675,1.203016,875770,568134.5,0,6,0,1410755,25,11851776,10.9361,2.9,2.9
superblock,cube,jpeg-replacement-q80-whole,view-direct,very-constrained,quick-turn,0.75,150,0.21,1.5,1.5,10.26669,12.16459,0.02439024,0.07317073,0.07317073,11.45867,1.203016,831523,529383.8,0,6,0,1410755,25,4773888,10.9361,,
northrop-mall,healpix,haar-residual-d12,view,fast,stationary,50,20,0.03,0.25,0.25,0,0,0.02439024,0.9756098,0.9756098,-0.8676038,-0.8676038,480566,283825.9,0,28,0,1317047,85,4915200,,,
northrop-mall,healpix,haar-residual-d12,view,moderate-mobile,stationary,10,50,0.07,0.5,0.75,0.2320774,8.022817,0.02439024,0.9512195,0.9268293,-0.6355263,-0.8676038,480566,283825.9,0,28,0,1317047,85,4915200,,,
northrop-mall,healpix,haar-residual-d12,view,constrained-mobile,stationary,2,100,0.2,2,2.25,1.642648,11.53851,0.02439024,0.804878,0.7804878,0.7750445,-0.8676038,480566,283825.9,0,28,0,1317047,85,4915200,,,
northrop-mall,healpix,haar-residual-d12,view,very-constrained,stationary,0.75,150,0.41,5.25,5.5,4.198376,11.53851,0.04878049,0.4878049,0.4634146,3.330772,-0.8676038,480566,283825.9,0,28,0,1317047,85,4915200,,,
northrop-mall,healpix,haar-residual-d12,view-fill,fast,stationary,50,20,0.03,0.25,0.25,0,0,0.02439024,0.9756098,0.9756098,-0.8676038,-0.8676038,1342547,1145807,0,85,0,1317047,85,16760832,,,
northrop-mall,healpix,haar-residual-d12,view-fill,moderate-mobile,stationary,10,50,0.07,0.5,0.75,0.2320774,8.022817,0.02439024,0.9512195,0.9268293,-0.6355263,-0.8676038,1342547,1145807,0,85,0,1317047,85,16760832,,,
northrop-mall,healpix,haar-residual-d12,view-fill,constrained-mobile,stationary,2,100,0.2,2,2.25,1.642648,11.53851,0.02439024,0.804878,0.7804878,0.7750445,-0.8676038,1342547,1145807,0,85,0,1317047,85,16760832,,,
northrop-mall,healpix,haar-residual-d12,view-fill,very-constrained,stationary,0.75,150,0.41,5.25,5.5,4.198376,11.53851,0.04878049,0.4878049,0.4634146,3.330772,-0.8676038,895878.5,699138.4,0,72,0,1317047,85,10207232,,,
northrop-mall,healpix,haar-residual-d12,global,fast,stationary,50,20,0.03,0.5,0.5,0.102827,4.11308,0.02439024,0.9512195,0.9512195,-0.7647768,-0.8676038,1342547,1145807,0,85,0,1317047,85,16760832,,,
northrop-mall,healpix,haar-residual-d12,global,moderate-mobile,stationary,10,50,0.07,1,1.25,0.5713077,9.726824,0.02439024,0.902439,0.8780488,-0.296296,-0.8676038,1342547,1145807,0,85,0,1317047,85,16760832,,,
northrop-mall,healpix,haar-residual-d12,global,constrained-mobile,stationary,2,100,0.2,4,5,2.896445,11.53851,0.02439024,0.6097561,0.5121951,2.028842,-0.8676038,1342547,1145807,0,85,0,1317047,85,16760832,,,
northrop-mall,healpix,haar-residual-d12,global,very-constrained,stationary,0.75,150,0.41,10,,7.060947,11.53851,0.04878049,0.02439024,0,6.193344,-0.8676038,910038.5,741530.8,0,74,0,1317047,85,10731520,,,
northrop-mall,healpix,haar-residual-d12-p0.5,view,fast,stationary,50,20,0.03,0.25,0.25,0,0,0.02439024,0.9756098,0.9756098,-0.04374604,-0.04374604,426405,246722.1,0,28,0,1201763,85,4915200,,,
northrop-mall,healpix,haar-residual-d12-p0.5,view,moderate-mobile,stationary,10,50,0.07,0.5,0.5,0.1789152,7.156608,0.02439024,0.9512195,0.9512195,0.1351692,-0.04374604,426405,246722.1,0,28,0,1201763,85,4915200,,,
northrop-mall,healpix,haar-residual-d12-p0.5,view,constrained-mobile,stationary,2,100,0.16,1.75,2,1.23844,10.73228,0.02439024,0.8292683,0.804878,1.194694,-0.04374604,426405,246722.1,0,28,0,1201763,85,4915200,,,
northrop-mall,healpix,haar-residual-d12-p0.5,view,very-constrained,stationary,0.75,150,0.31,4.25,5,3.199837,10.73228,0.04878049,0.5853659,0.5121951,3.156091,-0.04374604,426405,246722.1,0,28,0,1201763,85,4915200,,,
northrop-mall,healpix,jpeg-residual-q80,view,fast,stationary,50,20,0.03,0.25,0.25,0,0,0.02439024,0.9756098,0.9756098,-0.1615519,-0.1615519,335823,186449.5,0,28,0,982929,85,4915200,,,
northrop-mall,healpix,jpeg-residual-q80,view,moderate-mobile,stationary,10,50,0.06,0.5,0.5,0.1827692,7.310767,0.02439024,0.9512195,0.9512195,0.02121725,-0.1615519,335823,186449.5,0,28,0,982929,85,4915200,,,
northrop-mall,healpix,jpeg-residual-q80,view,constrained-mobile,stationary,2,100,0.12,1.5,1.75,0.9685195,10.88654,0.02439024,0.8536585,0.8292683,0.8069676,-0.1615519,335823,186449.5,0,28,0,982929,85,4915200,,,
northrop-mall,healpix,jpeg-residual-q80,view,very-constrained,stationary,0.75,150,0.2,3.5,4,2.587059,11.19435,0.02439024,0.6585366,0.6097561,2.425507,-0.1615519,335823,186449.5,0,28,0,982929,85,4915200,,,
northrop-mall,healpix,jpeg-residual-q80,view-fill,fast,stationary,50,20,0.03,0.25,0.25,0,0,0.02439024,0.9756098,0.9756098,-0.1615519,-0.1615519,1008429,859055.5,0,85,0,982929,85,16760832,,,
northrop-mall,healpix,jpeg-residual-q80,view-fill,moderate-mobile,stationary,10,50,0.06,0.5,0.5,0.1827692,7.310767,0.02439024,0.9512195,0.9512195,0.02121725,-0.1615519,1008429,859055.5,0,85,0,982929,85,16760832,,,
northrop-mall,healpix,jpeg-residual-q80,view-fill,constrained-mobile,stationary,2,100,0.12,1.5,1.75,0.9685195,10.88654,0.02439024,0.8536585,0.8292683,0.8069676,-0.1615519,1008429,859055.5,0,85,0,982929,85,16760832,,,
northrop-mall,healpix,jpeg-residual-q80,view-fill,very-constrained,stationary,0.75,150,0.2,3.5,4,2.587059,11.19435,0.02439024,0.6585366,0.6097561,2.425507,-0.1615519,895510.5,746137,0,85,0,982929,85,13877248,,,
northrop-mall,healpix,jpeg-residual-q80,global,fast,stationary,50,20,0.03,0.25,0.5,0.03306007,1.322403,0.02439024,0.9756098,0.9512195,-0.1284918,-0.1615519,1008429,859055.5,0,85,0,982929,85,16760832,,,
northrop-mall,healpix,jpeg-residual-q80,global,moderate-mobile,stationary,10,50,0.06,0.75,1,0.3379794,7.83392,0.02439024,0.9268293,0.902439,0.1764275,-0.1615519,1008429,859055.5,0,85,0,982929,85,16760832,,,
northrop-mall,healpix,jpeg-residual-q80,global,constrained-mobile,stationary,2,100,0.12,2.75,3.75,1.863332,11.19435,0.02439024,0.7317073,0.6341463,1.70178,-0.1615519,1008429,859055.5,0,85,0,982929,85,16760832,,,
northrop-mall,healpix,jpeg-residual-q80,global,very-constrained,stationary,0.75,150,0.2,6.75,9.75,4.844894,11.19435,0.02439024,0.3414634,0.04878049,4.683342,-0.1615519,901861,753320.9,0,85,0,982929,85,14139392,,,
northrop-mall,healpix,jpeg-replacement-q80,view,fast,stationary,50,20,0.03,0.25,0.25,0,0,0.02439024,0.9756098,0.9756098,-0.1280321,-0.1280321,403425,222213.9,0,28,0,1185661,85,4915200,,,
northrop-mall,healpix,jpeg-replacement-q80,view,moderate-mobile,stationary,10,50,0.06,0.5,0.5,0.1360934,5.443738,0.02439024,0.9512195,0.9512195,0.008061341,-0.1280321,403425,222213.9,0,28,0,1185661,85,4915200,,,
northrop-mall,healpix,jpeg-replacement-q80,view,constrained-mobile,stationary,2,100,0.12,1.75,2,1.134588,11.16083,0.02439024,0.8292683,0.804878,1.006556,-0.1280321,403425,222213.9,0,28,0,1185661,85,4915200,,,
northrop-mall,healpix,jpeg-replacement-q80,view,very-constrained,stationary,0.75,150,0.2,4,4.75,3.102634,11.16083,0.02439024,0.6097561,0.5365854,2.974602,-0.1280321,403425,222213.9,0,28,0,1185661,85,4915200,,,
northrop-mall,healpix,jpeg-replacement-q80,view-fill,fast,stationary,50,20,0.03,0.25,0.25,0,0,0.02439024,0.9756098,0.9756098,-0.1280321,-0.1280321,1211161,1029950,0,85,0,1185661,85,16760832,,,
northrop-mall,healpix,jpeg-replacement-q80,view-fill,moderate-mobile,stationary,10,50,0.06,0.5,0.5,0.1360934,5.443738,0.02439024,0.9512195,0.9512195,0.008061341,-0.1280321,1211161,1029950,0,85,0,1185661,85,16760832,,,
northrop-mall,healpix,jpeg-replacement-q80,view-fill,constrained-mobile,stationary,2,100,0.12,1.75,2,1.134588,11.16083,0.02439024,0.8292683,0.804878,1.006556,-0.1280321,1211161,1029950,0,85,0,1185661,85,16760832,,,
northrop-mall,healpix,jpeg-replacement-q80,view-fill,very-constrained,stationary,0.75,150,0.2,4,4.75,3.102634,11.16083,0.02439024,0.6097561,0.5365854,2.974602,-0.1280321,894675,713463.9,0,80,0,1185661,85,12304384,,,
northrop-mall,healpix,jpeg-replacement-q80,view-direct,fast,stationary,50,20,0.03,0.25,0.25,0,0,0.02439024,0.9756098,0.9756098,-0.1280321,-0.1280321,265368,132582.9,0,13,0,1185661,85,3194880,,,
northrop-mall,healpix,jpeg-replacement-q80,view-direct,moderate-mobile,stationary,10,50,0.06,0.5,0.5,0.2750403,11.00161,0.02439024,0.9512195,0.9512195,0.1470082,-0.1280321,265368,132582.9,0,13,0,1185661,85,3194880,,,
northrop-mall,healpix,jpeg-replacement-q80,view-direct,constrained-mobile,stationary,2,100,0.12,1.25,1.5,1.169366,11.16083,0.02439024,0.8780488,0.8536585,1.041334,-0.1280321,265368,132582.9,0,13,0,1185661,85,3194880,,,
northrop-mall,healpix,jpeg-replacement-q80,view-direct,very-constrained,stationary,0.75,150,0.2,3.25,3.25,3.224743,11.16083,0.02439024,0.6829268,0.6829268,3.096711,-0.1280321,265368,132582.9,0,13,0,1185661,85,3194880,,,
northrop-mall,healpix,jpeg-replacement-q80,global,fast,stationary,50,20,0.03,0.25,0.5,0.03822911,1.529165,0.02439024,0.9756098,0.9512195,-0.08980299,-0.1280321,1211161,1029950,0,85,0,1185661,85,16760832,,,
northrop-mall,healpix,jpeg-replacement-q80,global,moderate-mobile,stationary,10,50,0.06,1,1.25,0.5084115,7.802732,0.02439024,0.902439,0.8780488,0.3803794,-0.1280321,1211161,1029950,0,85,0,1185661,85,16760832,,,
northrop-mall,healpix,jpeg-replacement-q80,global,constrained-mobile,stationary,2,100,0.12,3.25,4.5,2.187919,11.16083,0.02439024,0.6829268,0.5609756,2.059887,-0.1280321,1211161,1029950,0,85,0,1185661,85,16760832,,,
northrop-mall,healpix,jpeg-replacement-q80,global,very-constrained,stationary,0.75,150,0.2,8.25,,5.554721,11.16083,0.02439024,0.195122,0,5.426689,-0.1280321,902025.5,732113.7,0,81,0,1185661,85,12566528,,,
northrop-mall,healpix,jpeg-replacement-q80-whole,global,fast,stationary,50,20,0.03,0.5,0.5,0.102991,4.119641,0.02439024,0.9512195,0.9512195,-0.02565895,-0.12865,1193471,1020348,0,49,0,1178771,49,16760832,,,
northrop-mall,healpix,jpeg-replacement-q80-whole,global,moderate-mobile,stationary,10,50,0.06,1.25,1.25,0.5829968,7.80335,0.02439024,0.8780488,0.8780488,0.4543468,-0.12865,1193471,1020348,0,49,0,1178771,49,16760832,,,
northrop-mall,healpix,jpeg-replacement-q80-whole,global,constrained-mobile,stationary,2,100,0.12,4.75,5,2.709647,11.16145,0.02439024,0.5365854,0.5121951,2.580997,-0.12865,1193471,1020348,0,49,0,1178771,49,16760832,,,
northrop-mall,healpix,jpeg-replacement-q80-whole,global,very-constrained,stationary,0.75,150,0.2,,,6.261227,11.16145,0.02439024,0,0,6.132577,-0.12865,902025.5,774538.6,0,49,0,1178771,49,8372224,,,
northrop-mall,healpix,jpeg-replacement-q80-whole,view-direct,fast,stationary,50,20,0.03,0.25,0.25,0,0,0.02439024,0.9756098,0.9756098,-0.12865,-0.12865,380794,256097.4,0,6,0,1178771,49,5292032,,,
northrop-mall,healpix,jpeg-replacement-q80-whole,view-direct,moderate-mobile,stationary,10,50,0.06,0.5,0.5,0.27118,10.8472,0.02439024,0.9512195,0.9512195,0.1425301,-0.12865,380794,256097.4,0,6,0,1178771,49,5292032,,,
northrop-mall,healpix,jpeg-replacement-q80-whole,view-direct,constrained-mobile,stationary,2,100,0.12,1.75,1.75,1.619077,11.16145,0.02439024,0.8292683,0.8292683,1.490427,-0.12865,380794,256097.4,0,6,0,1178771,49,5292032,,,
northrop-mall,healpix,jpeg-replacement-q80-whole,view-direct,very-constrained,stationary,0.75,150,0.2,4.5,4.5,4.397725,11.16145,0.02439024,0.5609756,0.5609756,4.269075,-0.12865,380794,256097.4,0,6,0,1178771,49,5292032,,,
bookstore,healpix,haar-residual-d12,view,fast,stationary,50,20,0.03,0.25,0.25,0,0,0.02439024,0.9756098,0.9756098,0.8189153,0.8189153,168500,99301.5,0,28,0,475021,85,4915200,,,
bookstore,healpix,haar-residual-d12,view,moderate-mobile,stationary,10,50,0.07,0.5,0.5,0.1051085,4.204338,0.02439024,0.9512195,0.9512195,0.9240238,0.8189153,168500,99301.5,0,28,0,475021,85,4915200,,,
bookstore,healpix,haar-residual-d12,view,constrained-mobile,stationary,2,100,0.19,1,1,0.9176083,15.28959,0.02439024,0.902439,0.902439,1.736524,0.8189153,168500,99301.5,0,28,0,475021,85,4915200,,,
bookstore,healpix,haar-residual-d12,view,very-constrained,stationary,0.75,150,0.37,2.25,2.25,2.11766,15.28959,0.04878049,0.7804878,0.7804878,2.936575,0.8189153,168500,99301.5,0,28,0,475021,85,4915200,,,
bookstore,healpix,haar-residual-d12,view-fill,fast,stationary,50,20,0.03,0.25,0.25,0,0,0.02439024,0.9756098,0.9756098,0.8189153,0.8189153,500521,431322.5,0,85,0,475021,85,16760832,,,
bookstore,healpix,haar-residual-d12,view-fill,moderate-mobile,stationary,10,50,0.07,0.5,0.5,0.1051085,4.204338,0.02439024,0.9512195,0.9512195,0.9240238,0.8189153,500521,431322.5,0,85,0,475021,85,16760832,,,
bookstore,healpix,haar-residual-d12,view-fill,constrained-mobile,stationary,2,100,0.19,1,1,0.9176083,15.28959,0.02439024,0.902439,0.902439,1.736524,0.8189153,500521,431322.5,0,85,0,475021,85,16760832,,,
bookstore,healpix,haar-residual-d12,view-fill,very-constrained,stationary,0.75,150,0.37,2.25,2.25,2.11766,15.28959,0.04878049,0.7804878,0.7804878,2.936575,0.8189153,500521,431322.5,0,85,0,475021,85,16760832,,,
bookstore,healpix,haar-residual-d12,global,fast,stationary,50,20,0.03,0.25,0.25,0,0,0.02439024,0.9756098,0.9756098,0.8189153,0.8189153,500521,431322.5,0,85,0,475021,85,16760832,,,
bookstore,healpix,haar-residual-d12,global,moderate-mobile,stationary,10,50,0.07,0.75,0.75,0.3477373,9.390091,0.02439024,0.9268293,0.9268293,1.166653,0.8189153,500521,431322.5,0,85,0,475021,85,16760832,,,
bookstore,healpix,haar-residual-d12,global,constrained-mobile,stationary,2,100,0.19,2,2.25,1.715578,15.28959,0.02439024,0.804878,0.7804878,2.534493,0.8189153,500521,431322.5,0,85,0,475021,85,16760832,,,
bookstore,healpix,haar-residual-d12,global,very-constrained,stationary,0.75,150,0.37,4.75,5.25,4.078722,15.28959,0.04878049,0.5365854,0.4878049,4.897637,0.8189153,500521,431322.5,0,85,0,475021,85,16760832,,,
bookstore,healpix,haar-residual-d12-p0.5,view,fast,stationary,50,20,0.03,0.25,0.25,0,0,0.02439024,0.9756098,0.9756098,3.871374,3.871374,135924,77028.63,0,28,0,401375,85,4915200,,,
bookstore,healpix,haar-residual-d12-p0.5,view,moderate-mobile,stationary,10,50,0.06,0.25,0.5,0.05461194,2.184478,0.02439024,0.9756098,0.9512195,3.925986,3.871374,135924,77028.63,0,28,0,401375,85,4915200,,,
bookstore,healpix,haar-residual-d12-p0.5,view,constrained-mobile,stationary,2,100,0.15,0.75,0.75,0.477498,12.27984,0.02439024,0.9268293,0.9268293,4.348872,3.871374,135924,77028.63,0,28,0,401375,85,4915200,,,
bookstore,healpix,haar-residual-d12-p0.5,view,very-constrained,stationary,0.75,150,0.27,1.75,2,1.120842,12.27984,0.04878049,0.8292683,0.804878,4.992217,3.871374,135924,77028.63,0,28,0,401375,85,4915200,,,
bookstore,healpix,jpeg-residual-q80,view,fast,stationary,50,20,0.03,0.25,0.25,0,0,0.02439024,0.9756098,0.9756098,1.075842,1.075842,139795,78322.92,0,28,0,444081,85,4915200,,,
bookstore,healpix,jpeg-residual-q80,view,moderate-mobile,stationary,10,50,0.06,0.5,0.5,0.1137987,4.551949,0.02439024,0.9512195,0.9512195,1.189641,1.075842,139795,78322.92,0,28,0,444081,85,4915200,,,
bookstore,healpix,jpeg-residual-q80,view,constrained-mobile,stationary,2,100,0.12,0.75,1,0.6108841,13.10633,0.02439024,0.9268293,0.902439,1.686726,1.075842,139795,78322.92,0,28,0,444081,85,4915200,,,
bookstore,healpix,jpeg-residual-q80,view,very-constrained,stationary,0.75,150,0.2,2,2,1.74053,15.46607,0.02439024,0.804878,0.804878,2.816371,1.075842,139795,78322.92,0,28,0,444081,85,4915200,,,
bookstore,healpix,jpeg-residual-q80,view-fill,fast,stationary,50,20,0.03,0.25,0.25,0,0,0.02439024,0.9756098,0.9756098,1.075842,1.075842,469581,408108.9,0,85,0,444081,85,16760832,,,
bookstore,healpix,jpeg-residual-q80,view-fill,moderate-mobile,stationary,10,50,0.06,0.5,0.5,0.1137987,4.551949,0.02439024,0.9512195,0.9512195,1.189641,1.075842,469581,408108.9,0,85,0,444081,85,16760832,,,
bookstore,healpix,jpeg-residual-q80,view-fill,constrained-mobile,stationary,2,100,0.12,0.75,1,0.6108841,13.10633,0.02439024,0.9268293,0.902439,1.686726,1.075842,469581,408108.9,0,85,0,444081,85,16760832,,,
bookstore,healpix,jpeg-residual-q80,view-fill,very-constrained,stationary,0.75,150,0.2,2,2,1.74053,15.46607,0.02439024,0.804878,0.804878,2.816371,1.075842,469581,408108.9,0,85,0,444081,85,16760832,,,
bookstore,healpix,jpeg-residual-q80,global,fast,stationary,50,20,0.03,0.25,0.25,0,0,0.02439024,0.9756098,0.9756098,1.075842,1.075842,469581,408108.9,0,85,0,444081,85,16760832,,,
bookstore,healpix,jpeg-residual-q80,global,moderate-mobile,stationary,10,50,0.06,0.75,0.75,0.3782301,9.71436,0.02439024,0.9268293,0.9268293,1.454072,1.075842,469581,408108.9,0,85,0,444081,85,16760832,,,
bookstore,healpix,jpeg-residual-q80,global,constrained-mobile,stationary,2,100,0.12,1.75,2.25,1.428308,15.46607,0.02439024,0.8292683,0.7804878,2.50415,1.075842,469581,408108.9,0,85,0,444081,85,16760832,,,
bookstore,healpix,jpeg-residual-q80,global,very-constrained,stationary,0.75,150,0.2,4.25,5,3.646022,15.46607,0.02439024,0.5853659,0.5121951,4.721864,1.075842,469581,408108.9,0,85,0,444081,85,16760832,,,
bookstore,healpix,jpeg-replacement-q80,view,fast,stationary,50,20,0.03,0.25,0.25,0,0,0.02439024,0.9756098,0.9756098,1.037601,1.037601,171718,94453.64,0,28,0,546860,85,4915200,,,
bookstore,healpix,jpeg-replacement-q80,view,moderate-mobile,stationary,10,50,0.06,0.5,0.5,0.1486854,5.947416,0.02439024,0.9512195,0.9512195,1.186286,1.037601,171718,94453.64,0,28,0,546860,85,4915200,,,
bookstore,healpix,jpeg-replacement-q80,view,constrained-mobile,stationary,2,100,0.12,1,1,0.6967865,15.50431,0.02439024,0.902439,0.902439,1.734387,1.037601,171718,94453.64,0,28,0,546860,85,4915200,,,
bookstore,healpix,jpeg-replacement-q80,view,very-constrained,stationary,0.75,150,0.2,2.25,2.25,2.010289,15.50431,0.02439024,0.7804878,0.7804878,3.047889,1.037601,171718,94453.64,0,28,0,546860,85,4915200,,,
bookstore,healpix,jpeg-replacement-q80,view-fill,fast,stationary,50,20,0.03,0.25,0.25,0,0,0.02439024,0.9756098,0.9756098,1.037601,1.037601,572360,495095.6,0,85,0,546860,85,16760832,,,
bookstore,healpix,jpeg-replacement-q80,view-fill,moderate-mobile,stationary,10,50,0.06,0.5,0.5,0.1486854,5.947416,0.02439024,0.9512195,0.9512195,1.186286,1.037601,572360,495095.6,0,85,0,546860,85,16760832,,,
bookstore,healpix,jpeg-replacement-q80,view-fill,constrained-mobile,stationary,2,100,0.12,1,1,0.6967865,15.50431,0.02439024,0.902439,0.902439,1.734387,1.037601,572360,495095.6,0,85,0,546860,85,16760832,,,
bookstore,healpix,jpeg-replacement-q80,view-fill,very-constrained,stationary,0.75,150,0.2,2.25,2.25,2.010289,15.50431,0.02439024,0.7804878,0.7804878,3.047889,1.037601,572360,495095.6,0,85,0,546860,85,16760832,,,
bookstore,healpix,jpeg-replacement-q80,view-direct,fast,stationary,50,20,0.03,0.25,0.25,0,0,0.02439024,0.9756098,0.9756098,1.037601,1.037601,100822,48499.77,0,13,0,546860,85,3194880,,,
bookstore,healpix,jpeg-replacement-q80,view-direct,moderate-mobile,stationary,10,50,0.06,0.25,0.25,0,0,0.02439024,0.9756098,0.9756098,1.037601,1.037601,100822,48499.77,0,13,0,546860,85,3194880,,,
bookstore,healpix,jpeg-replacement-q80,view-direct,constrained-mobile,stationary,2,100,0.12,0.75,0.75,0.7718775,15.50431,0.02439024,0.9268293,0.9268293,1.809478,1.037601,100822,48499.77,0,13,0,546860,85,3194880,,,
bookstore,healpix,jpeg-replacement-q80,view-direct,very-constrained,stationary,0.75,150,0.2,1.5,1.5,1.901934,15.50431,0.02439024,0.8536585,0.8536585,2.939535,1.037601,100822,48499.77,0,13,0,546860,85,3194880,,,
bookstore,healpix,jpeg-replacement-q80,global,fast,stationary,50,20,0.03,0.25,0.25,0,0,0.02439024,0.9756098,0.9756098,1.037601,1.037601,572360,495095.6,0,85,0,546860,85,16760832,,,
bookstore,healpix,jpeg-replacement-q80,global,moderate-mobile,stationary,10,50,0.06,0.75,0.75,0.3870707,10.02267,0.02439024,0.9268293,0.9268293,1.424671,1.037601,572360,495095.6,0,85,0,546860,85,16760832,,,
bookstore,healpix,jpeg-replacement-q80,global,constrained-mobile,stationary,2,100,0.12,2.25,2.5,1.73513,15.50431,0.02439024,0.7804878,0.7560976,2.772731,1.037601,572360,495095.6,0,85,0,546860,85,16760832,,,
bookstore,healpix,jpeg-replacement-q80,global,very-constrained,stationary,0.75,150,0.2,5.25,6.25,4.324441,15.50431,0.02439024,0.4878049,0.3902439,5.362042,1.037601,572360,495095.6,0,85,0,546860,85,16760832,,,
bookstore,healpix,jpeg-replacement-q80-whole,global,fast,stationary,50,20,0.03,0.25,0.25,0,0,0.02439024,0.9756098,0.9756098,1.035489,1.035489,551526,477811.3,0,49,0,536826,49,16760832,,,
bookstore,healpix,jpeg-replacement-q80-whole,global,moderate-mobile,stationary,10,50,0.06,0.75,0.75,0.387174,10.02479,0.02439024,0.9268293,0.9268293,1.422663,1.035489,551526,477811.3,0,49,0,536826,49,16760832,,,
bookstore,healpix,jpeg-replacement-q80-whole,global,constrained-mobile,stationary,2,100,0.12,2.5,2.5,1.894267,15.50643,0.02439024,0.7560976,0.7560976,2.929756,1.035489,551526,477811.3,0,49,0,536826,49,16760832,,,
bookstore,healpix,jpeg-replacement-q80-whole,global,very-constrained,stationary,0.75,150,0.2,6.25,6.25,4.850588,15.50643,0.02439024,0.3902439,0.3902439,5.886077,1.035489,551526,477811.3,0,49,0,536826,49,16760832,,,
bookstore,healpix,jpeg-replacement-q80-whole,view-direct,fast,stationary,50,20,0.03,0.25,0.25,0,0,0.02439024,0.9756098,0.9756098,1.035489,1.035489,136863,88090.42,0,6,0,536826,49,5292032,,,
bookstore,healpix,jpeg-replacement-q80-whole,view-direct,moderate-mobile,stationary,10,50,0.06,0.25,0.25,0,0,0.02439024,0.9756098,0.9756098,1.035489,1.035489,136863,88090.42,0,6,0,536826,49,5292032,,,
bookstore,healpix,jpeg-replacement-q80-whole,view-direct,constrained-mobile,stationary,2,100,0.12,1,1,1.136117,15.50643,0.02439024,0.902439,0.902439,2.171606,1.035489,136863,88090.42,0,6,0,536826,49,5292032,,,
bookstore,healpix,jpeg-replacement-q80-whole,view-direct,very-constrained,stationary,0.75,150,0.2,2,2,2.674639,15.50643,0.02439024,0.804878,0.804878,3.710128,1.035489,136863,88090.42,0,6,0,536826,49,5292032,,,
superblock,healpix,haar-residual-d12,view,fast,stationary,50,20,0.03,0.25,0.25,0,0,0.02439024,0.9756098,0.9756098,0.1145375,0.1145375,419351,277545.1,0,28,0,1616056,85,4915200,,,
superblock,healpix,haar-residual-d12,view,moderate-mobile,stationary,10,50,0.08,0.5,0.5,0.2039995,8.159979,0.02439024,0.9512195,0.9512195,0.318537,0.1145375,419351,277545.1,0,28,0,1616056,85,4915200,,,
superblock,healpix,haar-residual-d12,view,constrained-mobile,stationary,2,100,0.21,2,2,1.479001,12.67483,0.02439024,0.804878,0.804878,1.593538,0.1145375,419351,277545.1,0,28,0,1616056,85,4915200,,,
superblock,healpix,haar-residual-d12,view,very-constrained,stationary,0.75,150,0.44,4.75,4.75,3.730256,12.67483,0.04878049,0.5365854,0.5365854,3.844793,0.1145375,419351,277545.1,0,28,0,1616056,85,4915200,,,
superblock,healpix,haar-residual-d12,view-fill,fast,stationary,50,20,0.03,0.25,0.25,0,0,0.02439024,0.9756098,0.9756098,0.1145375,0.1145375,1641556,1499750,0,85,0,1616056,85,16760832,,,
superblock,healpix,haar-residual-d12,view-fill,moderate-mobile,stationary,10,50,0.08,0.5,0.5,0.2039995,8.159979,0.02439024,0.9512195,0.9512195,0.318537,0.1145375,1641556,1499750,0,85,0,1616056,85,16760832,,,
superblock,healpix,haar-residual-d12,view-fill,constrained-mobile,stationary,2,100,0.21,2,2,1.479001,12.67483,0.02439024,0.804878,0.804878,1.593538,0.1145375,1641556,1499750,0,85,0,1616056,85,16760832,,,
superblock,healpix,haar-residual-d12,view-fill,very-constrained,stationary,0.75,150,0.44,4.75,4.75,3.730256,12.67483,0.04878049,0.5365854,0.5365854,3.844793,0.1145375,894663.5,752857.6,0,59,0,1616056,85,6799360,,,
superblock,healpix,haar-residual-d12,global,fast,stationary,50,20,0.03,0.5,0.5,0.1101214,4.404856,0.02439024,0.9512195,0.9512195,0.2246589,0.1145375,1641556,1499750,0,85,0,1616056,85,16760832,,,
superblock,healpix,haar-residual-d12,global,moderate-mobile,stationary,10,50,0.08,1.25,1.5,0.7325731,10.71815,0.02439024,0.8780488,0.8536585,0.8471107,0.1145375,1641556,1499750,0,85,0,1616056,85,16760832,,,
superblock,healpix,haar-residual-d12,global,constrained-mobile,stationary,2,100,0.21,5.25,6.25,3.714702,12.67483,0.02439024,0.4878049,0.3902439,3.82924,0.1145375,1641556,1499750,0,85,0,1616056,85,16760832,,,
superblock,healpix,haar-residual-d12,global,very-constrained,stationary,0.75,150,0.44,,,7.663712,12.67483,0.04878049,0,0,7.778249,0.1145375,903229.5,824616.9,0,55,0,1616056,85,5750784,,,
superblock,healpix,haar-residual-d12-p0.5,view,fast,stationary,50,20,0.03,0.25,0.25,0,0,0.02439024,0.9756098,0.9756098,2.397772,2.397772,355058,230285.5,0,28,0,1457158,85,4915200,,,
superblock,healpix,haar-residual-d12-p0.5,view,moderate-mobile,stationary,10,50,0.07,0.5,0.5,0.1548997,6.19599,0.02439024,0.9512195,0.9512195,2.552671,2.397772,355058,230285.5,0,28,0,1457158,85,4915200,,,
superblock,healpix,haar-residual-d12-p0.5,view,constrained-mobile,stationary,2,100,0.17,1.5,1.75,0.9343309,10.43808,0.02439024,0.8536585,0.8292683,3.332103,2.397772,355058,230285.5,0,28,0,1457158,85,4915200,,,
superblock,healpix,haar-residual-d12-p0.5,view,very-constrained,stationary,0.75,150,0.34,3.75,4,2.28326,10.43808,0.04878049,0.6341463,0.6097561,4.681031,2.397772,355058,230285.5,0,28,0,1457158,85,4915200,,,
superblock,healpix,jpeg-residual-q80,view,fast,stationary,50,20,0.03,0.25,0.25,0,0,0.02439024,0.9756098,0.9756098,0.9617852,0.9617852,253745,154779.4,0,28,0,1089784,85,4915200,,,
superblock,healpix,jpeg-residual-q80,view,moderate-mobile,stationary,10,50,0.06,0.5,0.5,0.2114906,8.459624,0.02439024,0.9512195,0.9512195,1.173276,0.9617852,253745,154779.4,0,28,0,1089784,85,4915200,,,
superblock,healpix,jpeg-residual-q80,view,constrained-mobile,stationary,2,100,0.12,1.25,1.25,0.8728128,12.79732,0.02439024,0.8780488,0.8780488,1.834598,0.9617852,253745,154779.4,0,28,0,1089784,85,4915200,,,
superblock,healpix,jpeg-residual-q80,view,very-constrained,stationary,0.75,150,0.21,2.75,3,2.285511,12.79732,0.02439024,0.7317073,0.7073171,3.247296,0.9617852,253745,154779.4,0,28,0,1089784,85,4915200,,,
superblock,healpix,jpeg-residual-q80,view-fill,fast,stationary,50,20,0.03,0.25,0.25,0,0,0.02439024,0.9756098,0.9756098,0.9617852,0.9617852,1115284,1016318,0,85,0,1089784,85,16760832,,,
superblock,healpix,jpeg-residual-q80,view-fill,moderate-mobile,stationary,10,50,0.06,0.5,0.5,0.2114906,8.459624,0.02439024,0.9512195,0.9512195,1.173276,0.9617852,1115284,1016318,0,85,0,1089784,85,16760832,,,
superblock,healpix,jpeg-residual-q80,view-fill,constrained-mobile,stationary,2,100,0.12,1.25,1.25,0.8728128,12.79732,0.02439024,0.8780488,0.8780488,1.834598,0.9617852,1115284,1016318,0,85,0,1089784,85,16760832,,,
superblock,healpix,jpeg-residual-q80,view-fill,very-constrained,stationary,0.75,150,0.21,2.75,3,2.285511,12.79732,0.02439024,0.7317073,0.7073171,3.247296,0.9617852,894995,796029.4,0,81,0,1089784,85,12566528,,,
superblock,healpix,jpeg-residual-q80,global,fast,stationary,50,20,0.03,0.25,0.5,0.03927021,1.570808,0.02439024,0.9756098,0.9512195,1.001055,0.9617852,1115284,1016318,0,85,0,1089784,85,16760832,,,
superblock,healpix,jpeg-residual-q80,global,moderate-mobile,stationary,10,50,0.06,1,1.25,0.4884974,8.459624,0.02439024,0.902439,0.8780488,1.450283,0.9617852,1115284,1016318,0,85,0,1089784,85,16760832,,,
superblock,healpix,jpeg-residual-q80,global,constrained-mobile,stationary,2,100,0.12,3.5,4.5,2.363952,12.79732,0.02439024,0.6585366,0.5609756,3.325737,0.9617852,1115284,1016318,0,85,0,1089784,85,16760832,,,
superblock,healpix,jpeg-residual-q80,global,very-constrained,stationary,0.75,150,0.21,9,,5.952849,12.79732,0.02439024,0.1219512,0,6.914634,0.9617852,890509,799544.5,0,79,0,1089784,85,12042240,,,
superblock,healpix,jpeg-replacement-q80,view,fast,stationary,50,20,0.03,0.25,0.25,0,0,0.02439024,0.9756098,0.9756098,0.9469982,0.9469982,308193,186182.2,0,28,0,1331252,85,4915200,,,
superblock,healpix,jpeg-replacement-q80,view,moderate-mobile,stationary,10,50,0.06,0.5,0.5,0.1449691,5.798765,0.02439024,0.9512195,0.9512195,1.091967,0.9469982,308193,186182.2,0,28,0,1331252,85,4915200,,,
superblock,healpix,jpeg-replacement-q80,view,constrained-mobile,stationary,2,100,0.12,1.5,1.5,0.9734195,12.8121,0.02439024,0.8536585,0.8536585,1.920418,0.9469982,308193,186182.2,0,28,0,1331252,85,4915200,,,
superblock,healpix,jpeg-replacement-q80,view,very-constrained,stationary,0.75,150,0.21,3.25,3.75,2.636202,12.8121,0.02439024,0.6829268,0.6341463,3.5832,0.9469982,308193,186182.2,0,28,0,1331252,85,4915200,,,
superblock,healpix,jpeg-replacement-q80,view-fill,fast,stationary,50,20,0.03,0.25,0.25,0,0,0.02439024,0.9756098,0.9756098,0.9469982,0.9469982,1356752,1234741,0,85,0,1331252,85,16760832,,,
superblock,healpix,jpeg-replacement-q80,view-fill,moderate-mobile,stationary,10,50,0.06,0.5,0.5,0.1449691,5.798765,0.02439024,0.9512195,0.9512195,1.091967,0.9469982,1356752,1234741,0,85,0,1331252,85,16760832,,,
superblock,healpix,jpeg-replacement-q80,view-fill,constrained-mobile,stationary,2,100,0.12,1.5,1.5,0.9734195,12.8121,0.02439024,0.8536585,0.8536585,1.920418,0.9469982,1356752,1234741,0,85,0,1331252,85,16760832,,,
superblock,healpix,jpeg-replacement-q80,view-fill,very-constrained,stationary,0.75,150,0.21,3.25,3.75,2.636202,12.8121,0.02439024,0.6829268,0.6341463,3.5832,0.9469982,895068,773057.2,0,67,0,1331252,85,8896512,,,
superblock,healpix,jpeg-replacement-q80,view-direct,fast,stationary,50,20,0.03,0.25,0.25,0,0,0.02439024,0.9756098,0.9756098,0.9469982,0.9469982,176687,91761.4,0,13,0,1331252,85,3194880,,,
superblock,healpix,jpeg-replacement-q80,view-direct,moderate-mobile,stationary,10,50,0.06,0.5,0.5,0.2190288,8.761151,0.02439024,0.9512195,0.9512195,1.166027,0.9469982,176687,91761.4,0,13,0,1331252,85,3194880,,,
superblock,healpix,jpeg-replacement-q80,view-direct,constrained-mobile,stationary,2,100,0.12,1,1,0.937567,12.8121,0.02439024,0.902439,0.902439,1.884565,0.9469982,176687,91761.4,0,13,0,1331252,85,3194880,,,
superblock,healpix,jpeg-replacement-q80,view-direct,very-constrained,stationary,0.75,150,0.21,2.25,2.25,2.48401,12.8121,0.02439024,0.7804878,0.7804878,3.431009,0.9469982,176687,91761.4,0,13,0,1331252,85,3194880,,,
superblock,healpix,jpeg-replacement-q80,global,fast,stationary,50,20,0.03,0.5,0.5,0.1164484,4.657935,0.02439024,0.9512195,0.9512195,1.063447,0.9469982,1356752,1234741,0,85,0,1331252,85,16760832,,,
superblock,healpix,jpeg-replacement-q80,global,moderate-mobile,stationary,10,50,0.06,1,1.25,0.5035379,8.458432,0.02439024,0.902439,0.8780488,1.450536,0.9469982,1356752,1234741,0,85,0,1331252,85,16760832,,,
superblock,healpix,jpeg-replacement-q80,global,constrained-mobile,stationary,2,100,0.12,4.25,5.5,2.826,12.8121,0.02439024,0.5853659,0.4634146,3.772999,0.9469982,1356752,1234741,0,85,0,1331252,85,16760832,,,
superblock,healpix,jpeg-replacement-q80,global,very-constrained,stationary,0.75,150,0.21,,,6.66447,12.8121,0.02439024,0,0,7.611468,0.9469982,894255,797499.8,0,70,0,1331252,85,9682944,,,
superblock,healpix,jpeg-replacement-q80-whole,global,fast,stationary,50,20,0.03,0.5,0.5,0.1238237,4.952947,0.02439024,0.9512195,0.9512195,1.069204,0.9453805,1334687,1207011,0,49,0,1319987,49,16760832,,,
superblock,healpix,jpeg-replacement-q80-whole,global,moderate-mobile,stationary,10,50,0.06,1.25,1.25,0.5968388,8.46005,0.02439024,0.8780488,0.8780488,1.542219,0.9453805,1334687,1207011,0,49,0,1319987,49,16760832,,,
superblock,healpix,jpeg-replacement-q80-whole,global,constrained-mobile,stationary,2,100,0.12,4.75,5.5,3.109293,12.81372,0.02439024,0.5365854,0.4634146,4.054674,0.9453805,1334687,1207011,0,49,0,1319987,49,16760832,,,
superblock,healpix,jpeg-replacement-q80-whole,global,very-constrained,stationary,0.75,150,0.21,,,6.809399,12.81372,0.02439024,0,0,7.754779,0.9453805,894255,792702.9,0,49,0,1319987,49,4177920,,,
superblock,healpix,jpeg-replacement-q80-whole,view-direct,fast,stationary,50,20,0.03,0.25,0.25,0,0,0.02439024,0.9756098,0.9756098,0.9453805,0.9453805,348069,257478.1,0,6,0,1319987,49,5292032,,,
superblock,healpix,jpeg-replacement-q80-whole,view-direct,moderate-mobile,stationary,10,50,0.06,0.5,0.5,0.320343,12.81372,0.02439024,0.9512195,0.9512195,1.265723,0.9453805,348069,257478.1,0,6,0,1319987,49,5292032,,,
superblock,healpix,jpeg-replacement-q80-whole,view-direct,constrained-mobile,stationary,2,100,0.12,1.75,1.75,1.748044,12.81372,0.02439024,0.8292683,0.8292683,2.693424,0.9453805,348069,257478.1,0,6,0,1319987,49,5292032,,,
superblock,healpix,jpeg-replacement-q80-whole,view-direct,very-constrained,stationary,0.75,150,0.21,4.25,4.25,4.642156,12.81372,0.02439024,0.5853659,0.5853659,5.587537,0.9453805,348069,257478.1,0,6,0,1319987,49,5292032,,,
northrop-mall,healpix,haar-residual-d12,view,fast,quick-turn,50,20,0.03,0.25,0.25,0.09495029,3.070841,0.02439024,0.9512195,0.9512195,-0.7356614,-0.831514,1063643,525693.1,0,66,0,1317047,85,12222464,0,0.15,0.15
northrop-mall,healpix,haar-residual-d12,view,moderate-mobile,quick-turn,10,50,0.07,0.5,0.75,0.4997885,8.681362,0.02439024,0.9268293,0.8780488,-0.3308232,-0.831514,1063643,525693.1,0,66,0,1317047,85,12222464,0,0.15,0.15
northrop-mall,healpix,haar-residual-d12,view,constrained-mobile,quick-turn,2,100,0.2,2,4.25,3.193223,11.53851,0.02439024,0.6097561,0.5853659,2.362612,-0.831514,980774.5,477221.1,41957.53,64,5,1317047,85,10125312,9.589483,1.65,1.65
northrop-mall,healpix,haar-residual-d12,view,very-constrained,quick-turn,0.75,150,0.41,6.75,7.25,5.810554,11.53851,0.04878049,0.3414634,0.2926829,4.980891,-0.831514,636516.5,323207.2,112732.5,54,16,1317047,85,5275648,11.04279,4.15,4.65
northrop-mall,healpix,haar-residual-d12,view-fill,fast,quick-turn,50,20,0.03,0.25,0.25,0,0,0.02439024,0.9756098,0.9756098,-0.8306117,-0.831514,1342547,804597.1,0,85,0,1317047,85,16760832,0,0.15,0.15
northrop-mall,healpix,haar-residual-d12,view-fill,moderate-mobile,quick-turn,10,50,0.07,0.5,0.75,0.2320774,8.022817,0.02439024,0.9512195,0.9268293,-0.5985343,-0.831514,1342547,804597.1,0,85,0,1317047,85,16760832,0,0.15,0.15
northrop-mall,healpix,haar-residual-d12,view-fill,constrained-mobile,quick-turn,2,100,0.2,2,4.25,3.193223,11.53851,0.02439024,0.6097561,0.5853659,2.362612,-0.831514,1384505,819500.5,41957.53,90,5,1317047,85,16760832,9.589483,1.65,1.65
northrop-mall,healpix,haar-residual-d12,view-fill,very-constrained,quick-turn,0.75,150,0.41,6.75,7.25,5.810554,11.53851,0.04878049,0.3414634,0.2926829,4.980891,-0.831514,895266.5,481135.8,112732.5,80,16,1317047,85,8110080,11.04279,4.15,4.65
northrop-mall,healpix,haar-residual-d12,global,fast,quick-turn,50,20,0.03,0.5,0.5,0.102827,4.11308,0.02439024,0.9512195,0.9512195,-0.7277847,-0.831514,1342547,804597.1,0,85,0,1317047,85,16760832,0,0.15,0.15
northrop-mall,healpix,haar-residual-d12,global,moderate-mobile,quick-turn,10,50,0.07,1,1.25,0.5713077,9.726824,0.02439024,0.902439,0.8780488,-0.259304,-0.831514,1342547,804597.1,0,85,0,1317047,85,16760832,0,0.15,0.15
northrop-mall,healpix,haar-residual-d12,global,constrained-mobile,quick-turn,2,100,0.2,4.25,5.5,2.961654,11.53851,0.02439024,0.5853659,0.4634146,2.131042,-0.831514,1342547,804597.1,0,85,0,1317047,85,16760832,5.367351,1.65,2.9
northrop-mall,healpix,haar-residual-d12,global,very-constrained,quick-turn,0.75,150,0.41,,,6.842857,11.53851,0.04878049,0,0,6.013194,-0.831514,910038.5,475125.6,0,74,0,1317047,85,10731520,9.182245,,
northrop-mall,healpix,haar-residual-d12-p0.5,view,fast,quick-turn,50,20,0.03,0.25,0.25,0.078535,2.57975,0.02439024,0.9756098,0.9512195,0.1544432,0.07298976,957381,467543.3,0,66,0,1201763,85,12222464,0,0.15,0.15
northrop-mall,healpix,haar-residual-d12-p0.5,view,moderate-mobile,quick-turn,10,50,0.07,0.5,0.5,0.3689645,7.156608,0.02439024,0.9268293,0.902439,0.4448727,0.07298976,957381,467543.3,0,66,0,1201763,85,12222464,0,0.15,0.15
northrop-mall,healpix,haar-residual-d12-p0.5,view,constrained-mobile,quick-turn,2,100,0.16,1.75,2,2.4312,10.73228,0.02439024,0.6829268,0.6097561,2.507108,0.07298976,882181.9,425642.3,51920.88,64,6,1201763,85,10125312,8.530613,1.15,1.65
northrop-mall,healpix,haar-residual-d12-p0.5,view,very-constrained,quick-turn,0.75,150,0.31,6.25,6.75,4.661408,10.73228,0.04878049,0.3902439,0.3414634,4.740384,0.07298976,592848.9,294193.9,104365.9,59,17,1201763,85,6127616,10.07885,3.65,4.15
northrop-mall,healpix,jpeg-residual-q80,view,fast,quick-turn,50,20,0.03,0.25,0.25,0.09145324,2.852224,0.02439024,0.9756098,0.9512195,-0.0102872,-0.1031993,775605,366012.3,0,66,0,982929,85,12222464,0,0.15,0.15
northrop-mall,healpix,jpeg-residual-q80,view,moderate-mobile,quick-turn,10,50,0.06,0.5,0.5,0.4007216,7.310767,0.02439024,0.9268293,0.902439,0.2989811,-0.1031993,775605,366012.3,0,66,0,982929,85,12222464,0,0.15,0.15
northrop-mall,healpix,jpeg-residual-q80,view,constrained-mobile,quick-turn,2,100,0.12,1.5,1.75,1.979316,10.88654,0.02439024,0.7317073,0.6829268,1.877575,-0.1031993,713072.6,330413.8,31662.57,64,5,982929,85,10387456,7.528219,0.9,1.15
northrop-mall,healpix,jpeg-residual-q80,view,very-constrained,quick-turn,0.75,150,0.2,5.25,6,4.234336,11.19435,0.02439024,0.4878049,0.4146341,4.132595,-0.1031993,516805.1,240999.6,132566.1,59,16,982929,85,6193152,9.550967,2.65,3.4
northrop-mall,healpix,jpeg-residual-q80,view-fill,fast,quick-turn,50,20,0.03,0.25,0.25,0,0,0.02439024,0.9756098,0.9756098,-0.1017404,-0.1031993,1008429,598836.3,0,85,0,982929,85,16760832,0,0.15,0.15
northrop-mall,healpix,jpeg-residual-q80,view-fill,moderate-mobile,quick-turn,10,50,0.06,0.5,0.5,0.1827692,7.310767,0.02439024,0.9512195,0.9512195,0.08102873,-0.1031993,1008429,598836.3,0,85,0,982929,85,16760832,0,0.15,0.15
northrop-mall,healpix,jpeg-residual-q80,view-fill,constrained-mobile,quick-turn,2,100,0.12,1.5,1.75,1.811764,10.88654,0.02439024,0.7317073,0.6829268,1.710024,-0.1031993,1097648,653462.9,89219.18,99,14,982929,85,16760832,7.192488,0.9,1.15
northrop-mall,healpix,jpeg-residual-q80,view-fill,very-constrained,quick-turn,0.75,150,0.2,5.25,6,4.234336,11.19435,0.02439024,0.4878049,0.4146341,4.132595,-0.1031993,894617.6,433839.6,132566.1,96,16,982929,85,12304384,9.550967,2.65,3.4
northrop-mall,healpix,jpeg-residual-q80,global,fast,quick-turn,50,20,0.03,0.25,0.5,0.03306007,1.322403,0.02439024,0.9756098,0.9512195,-0.06868037,-0.1031993,1008429,598836.3,0,85,0,982929,85,16760832,0,0.15,0.15
northrop-mall,healpix,jpeg-residual-q80,global,moderate-mobile,quick-turn,10,50,0.06,0.75,1,0.3379794,7.83392,0.02439024,0.9268293,0.902439,0.2362389,-0.1031993,1008429,598836.3,0,85,0,982929,85,16760832,0,0.15,0.15
northrop-mall,healpix,jpeg-residual-q80,global,constrained-mobile,quick-turn,2,100,0.12,3.25,4.25,2.037442,11.19435,0.02439024,0.6829268,0.5853659,1.935701,-0.1031993,1008429,598836.3,0,85,0,982929,85,16760832,3.664905,0.65,1.65
northrop-mall,healpix,jpeg-residual-q80,global,very-constrained,quick-turn,0.75,150,0.2,8.25,,5.117244,11.19435,0.02439024,0.195122,0,5.015504,-0.1031993,901861,511783.5,0,85,0,982929,85,14139392,6.840789,5.65,
northrop-mall,healpix,jpeg-replacement-q80,view,fast,quick-turn,50,20,0.03,0.25,0.25,0.02048541,0.8047054,0.02439024,0.9756098,0.9756098,-0.05865426,-0.08033218,932814,435160.9,0,66,0,1185661,85,12222464,0,0.15,0.15
northrop-mall,healpix,jpeg-replacement-q80,view,moderate-mobile,quick-turn,10,50,0.06,0.5,0.5,0.2762158,5.443738,0.02439024,0.9268293,0.9268293,0.1970761,-0.08033218,932814,435160.9,0,66,0,1185661,85,12222464,0,0.15,0.15
northrop-mall,healpix,jpeg-replacement-q80,view,constrained-mobile,quick-turn,2,100,0.12,1.75,2,2.336351,11.16083,0.02439024,0.6829268,0.6341463,2.257211,-0.08033218,841238.1,377511.1,48697.06,64,6,1185661,85,10125312,7.513897,1.15,1.4
northrop-mall,healpix,jpeg-replacement-q80,view,very-constrained,quick-turn,0.75,150,0.2,6,6.5,4.67068,11.16083,0.02439024,0.4146341,0.3658537,4.591541,-0.08033218,581709.3,271539.5,136056.3,56,15,1185661,85,5865472,9.524448,3.4,3.9
northrop-mall,healpix,jpeg-replacement-q80,view-fill,fast,quick-turn,50,20,0.03,0.25,0.25,0,0,0.02439024,0.9756098,0.9756098,-0.07913968,-0.08033218,1211161,713507.9,0,85,0,1185661,85,16760832,0,0.15,0.15
northrop-mall,healpix,jpeg-replacement-q80,view-fill,moderate-mobile,quick-turn,10,50,0.06,0.5,0.5,0.1360934,5.443738,0.02439024,0.9512195,0.9512195,0.05695376,-0.08033218,1211161,713507.9,0,85,0,1185661,85,16760832,0,0.15,0.15
northrop-mall,healpix,jpeg-replacement-q80,view-fill,constrained-mobile,quick-turn,2,100,0.12,1.75,2,2.159987,11.16083,0.02439024,0.6829268,0.6341463,2.080847,-0.08033218,1281940,744812.3,70779.2,100,15,1185661,85,16760832,7.513897,1.15,1.4
northrop-mall,healpix,jpeg-replacement-q80,view-fill,very-constrained,quick-turn,0.75,150,0.2,6,6.5,4.67068,11.16083,0.02439024,0.4146341,0.3658537,4.591541,-0.08033218,895771.8,421070.6,136056.3,90,15,1185661,85,10993664,9.524448,3.4,3.9
northrop-mall,healpix,jpeg-replacement-q80,view-direct,fast,quick-turn,50,20,0.03,0.25,0.25,0.08591798,3.360091,0.02439024,0.9512195,0.9512195,0.006778301,-0.08033218,635229,271342.8,0,33,0,1185661,85,8437760,0,0.15,0.15
northrop-mall,healpix,jpeg-replacement-q80,view-direct,moderate-mobile,quick-turn,10,50,0.06,0.5,0.5,0.4989301,11.00161,0.02439024,0.902439,0.902439,0.4197904,-0.08033218,635229,271342.8,0,33,0,1185661,85,8437760,0,0.15,0.15
northrop-mall,healpix,jpeg-replacement-q80,view-direct,constrained-mobile,quick-turn,2,100,0.12,1.25,1.5,2.555912,11.16083,0.02439024,0.7560976,0.7073171,2.476773,-0.08033218,599514.4,252341.8,44719.36,33,4,1185661,85,7389184,10.81475,0.9,1.15
northrop-mall,healpix,jpeg-replacement-q80,view-direct,very-constrained,quick-turn,0.75,150,0.2,5.25,5.25,5.299677,11.82441,0.02439024,0.4878049,0.4878049,5.220537,-0.08033218,453045.1,183049.9,190611.1,33,18,1185661,85,3719168,10.81475,2.65,2.65
northrop-mall,healpix,jpeg-replacement-q80,global,fast,quick-turn,50,20,0.03,0.25,0.5,0.03822911,1.529165,0.02439024,0.9756098,0.9512195,-0.04091056,-0.08033218,1211161,713507.9,0,85,0,1185661,85,16760832,0,0.15,0.15
northrop-mall,healpix,jpeg-replacement-q80,global,moderate-mobile,quick-turn,10,50,0.06,1,1.25,0.5084115,7.802732,0.02439024,0.902439,0.8780488,0.4292718,-0.08033218,1211161,713507.9,0,85,0,1185661,85,16760832,0,0.15,0.15
northrop-mall,healpix,jpeg-replacement-q80,global,constrained-mobile,quick-turn,2,100,0.12,4,5.25,2.42894,11.16083,0.02439024,0.6097561,0.4878049,2.3498,-0.08033218,1211161,713507.9,0,85,0,1185661,85,16760832,3.847078,1.4,2.65
northrop-mall,healpix,jpeg-replacement-q80,global,very-constrained,quick-turn,0.75,150,0.2,10,,5.773654,11.16083,0.02439024,0.02439024,0,5.694514,-0.08033218,902025.5,456093.6,0,81,0,1185661,85,12566528,6.825983,7.4,
northrop-mall,healpix,jpeg-replacement-q80-whole,global,fast,quick-turn,50,20,0.03,0.5,0.5,0.102991,4.119641,0.02439024,0.9512195,0.9512195,0.02311523,-0.08106541,1193471,714115,0,49,0,1178771,49,16760832,0,0.15,0.15
northrop-mall,healpix,jpeg-replacement-q80-whole,global,moderate-mobile,quick-turn,10,50,0.06,1.25,1.25,0.5829968,7.80335,0.02439024,0.8780488,0.8780488,0.503121,-0.08106541,1193471,714115,0,49,0,1178771,49,16760832,0,0.15,0.15
northrop-mall,healpix,jpeg-replacement-q80-whole,global,constrained-mobile,quick-turn,2,100,0.12,4.75,5.25,2.676861,11.16145,0.02439024,0.5365854,0.4878049,2.596985,-0.08106541,1193471,714115,0,49,0,1178771,49,16760832,4.570355,2.15,2.65
northrop-mall,healpix,jpeg-replacement-q80-whole,global,very-constrained,quick-turn,0.75,150,0.2,,,5.962869,11.16145,0.02439024,0,0,5.882993,-0.08106541,902025.5,533434.9,0,49,0,1178771,49,8372224,6.826746,,
northrop-mall,healpix,jpeg-replacement-q80-whole,view-direct,fast,quick-turn,50,20,0.03,0.25,0.25,0.005632813,0.2253125,0.02439024,0.9756098,0.9756098,-0.07424298,-0.08106541,810002,464412.9,0,12,0,1178771,49,11583488,0,0.15,0.15
northrop-mall,healpix,jpeg-replacement-q80-whole,view-direct,moderate-mobile,quick-turn,10,50,0.06,0.5,0.5,0.3609771,10.8472,0.02439024,0.9268293,0.9268293,0.2811013,-0.08106541,810002,464412.9,0,12,0,1178771,49,11583488,0,0.15,0.15
northrop-mall,healpix,jpeg-replacement-q80-whole,view-direct,constrained-mobile,quick-turn,2,100,0.12,1.75,1.75,3.263188,11.16145,0.02439024,0.6585366,0.6585366,3.183312,-0.08106541,810002,464412.9,0,12,0,1178771,49,11583488,10.81763,1.4,1.4
northrop-mall,healpix,jpeg-replacement-q80-whole,view-direct,very-constrained,quick-turn,0.75,150,0.2,9,9,8.992137,11.82529,0.02439024,0.1219512,0.1219512,8.912262,-0.08106541,810002,464412.9,0,12,0,1178771,49,11583488,10.81763,6.4,6.4
bookstore,healpix,haar-residual-d12,view,fast,quick-turn,50,20,0.03,0.25,0.25,0.07072303,1.43746,0.02439024,0.9756098,0.9268293,0.8639407,0.7938445,409200,172969.7,0,66,0,475021,85,12222464,0,0.15,0.15
bookstore,healpix,haar-residual-d12,view,moderate-mobile,quick-turn,10,50,0.07,0.5,0.5,0.3757411,8.310715,0.02439024,0.9268293,0.902439,1.168959,0.7938445,409200,172969.7,0,66,0,475021,85,12222464,0,0.15,0.15
bookstore,healpix,haar-residual-d12,view,constrained-mobile,quick-turn,2,100,0.19,1,1,1.988549,15.28959,0.02439024,0.804878,0.804878,2.781767,0.7938445,372857.7,160751.8,34416.74,65,5,475021,85,10649600,8.537853,0.65,0.65
bookstore,healpix,haar-residual-d12,view,very-constrained,quick-turn,0.75,150,0.37,4.25,4.25,4.604063,15.4917,0.04878049,0.5853659,0.5853659,5.396622,0.7938445,334949.9,149033.9,20944.88,64,8,475021,85,10043392,14.6716,1.65,1.65
bookstore,healpix,haar-residual-d12,view-fill,fast,quick-turn,50,20,0.03,0.25,0.25,0,0,0.02439024,0.9756098,0.9756098,0.7932177,0.7938445,500521,264290.7,0,85,0,475021,85,16760832,0,0.15,0.15
bookstore,healpix,haar-residual-d12,view-fill,moderate-mobile,quick-turn,10,50,0.07,0.5,0.5,0.1051085,4.204338,0.02439024,0.9512195,0.9512195,0.8983262,0.7938445,500521,264290.7,0,85,0,475021,85,16760832,0,0.15,0.15
bookstore,healpix,haar-residual-d12,view-fill,constrained-mobile,quick-turn,2,100,0.19,1,1,0.9273483,15.28959,0.02439024,0.902439,0.902439,1.720566,0.7938445,500521,264290.7,0,85,0,475021,85,16760832,0,0.15,0.15
bookstore,healpix,haar-residual-d12,view-fill,very-constrained,quick-turn,0.75,150,0.37,4.25,4.25,4.604063,15.4917,0.04878049,0.5853659,0.5853659,5.396622,0.7938445,521465.9,270450.2,20944.88,93,8,475021,85,16760832,14.6716,1.65,1.65
bookstore,healpix,haar-residual-d12,global,fast,quick-turn,50,20,0.03,0.25,0.25,0,0,0.02439024,0.9756098,0.9756098,0.7932177,0.7938445,500521,264290.7,0,85,0,475021,85,16760832,0,0.15,0.15
bookstore,healpix,haar-residual-d12,global,moderate-mobile,quick-turn,10,50,0.07,0.75,0.75,0.3477373,9.390091,0.02439024,0.9268293,0.9268293,1.140955,0.7938445,500521,264290.7,0,85,0,475021,85,16760832,0,0.15,0.15
bookstore,healpix,haar-residual-d12,global,constrained-mobile,quick-turn,2,100,0.19,2,2.25,1.716627,15.28959,0.02439024,0.804878,0.7804878,2.509845,0.7938445,500521,264290.7,0,85,0,475021,85,16760832,0,0.15,0.15
bookstore,healpix,haar-residual-d12,global,very-constrained,quick-turn,0.75,150,0.37,5.5,5.75,4.443415,15.28959,0.04878049,0.4634146,0.4390244,5.235973,0.7938445,500521,264290.7,0,85,0,475021,85,16760832,8.837438,2.9,3.15
bookstore,healpix,haar-residual-d12-p0.5,view,fast,quick-turn,50,20,0.03,0.25,0.25,0.03515584,0.731471,0.02439024,0.9756098,0.9756098,3.869464,3.835212,343636,140636,0,66,0,401375,85,12222464,0,0.15,0.15
bookstore,healpix,haar-residual-d12-p0.5,view,moderate-mobile,quick-turn,10,50,0.06,0.25,0.5,0.1461613,2.381753,0.02439024,0.9756098,0.902439,3.980469,3.835212,343636,140636,0,66,0,401375,85,12222464,0,0.15,0.15
bookstore,healpix,haar-residual-d12-p0.5,view,constrained-mobile,quick-turn,2,100,0.15,0.75,0.75,1.127661,12.27984,0.02439024,0.8536585,0.8536585,4.961969,3.835212,313328.9,128410.7,36984.91,64,5,401375,85,10387456,5.959241,0.4,0.4
bookstore,healpix,haar-residual-d12-p0.5,view,very-constrained,quick-turn,0.75,150,0.27,1.75,2,2.497476,12.28206,0.04878049,0.6829268,0.6341463,6.330834,3.835212,279331.9,120022,16978.94,64,7,401375,85,10059776,9.231808,1.15,1.4
bookstore,healpix,jpeg-residual-q80,view,fast,quick-turn,50,20,0.03,0.25,0.25,0.08411297,1.843246,0.02439024,0.9756098,0.9268293,1.213859,1.128432,363441,157102.4,0,66,0,444081,85,12222464,0,0.15,0.15
bookstore,healpix,jpeg-residual-q80,view,moderate-mobile,quick-turn,10,50,0.06,0.5,0.5,0.2286553,4.551949,0.02439024,0.9268293,0.902439,1.358402,1.128432,363441,157102.4,0,66,0,444081,85,12222464,0,0.15,0.15
bookstore,healpix,jpeg-residual-q80,view,constrained-mobile,quick-turn,2,100,0.12,0.75,1,1.411258,14.37286,0.02439024,0.8536585,0.8292683,2.541004,1.128432,332696.6,144392,35355.56,65,5,444081,85,10649600,6.011865,0.4,0.4
bookstore,healpix,jpeg-residual-q80,view,very-constrained,quick-turn,0.75,150,0.2,2,2,3.549671,15.50883,0.02439024,0.6341463,0.6341463,4.679417,1.128432,297575.3,131944.8,16790.26,64,7,444081,85,10059776,9.906988,1.4,1.4
bookstore,healpix,jpeg-residual-q80,view-fill,fast,quick-turn,50,20,0.03,0.25,0.25,0,0,0.02439024,0.9756098,0.9756098,1.129746,1.128432,469581,263242.4,0,85,0,444081,85,16760832,0,0.15,0.15
bookstore,healpix,jpeg-residual-q80,view-fill,moderate-mobile,quick-turn,10,50,0.06,0.5,0.5,0.1137987,4.551949,0.02439024,0.9512195,0.9512195,1.243545,1.128432,469581,263242.4,0,85,0,444081,85,16760832,0,0.15,0.15
bookstore,healpix,jpeg-residual-q80,view-fill,constrained-mobile,quick-turn,2,100,0.12,0.75,1,0.6120162,13.10633,0.02439024,0.9268293,0.902439,1.741763,1.128432,469581,263242.4,0,85,0,444081,85,16760832,0,0.15,0.15
bookstore,healpix,jpeg-residual-q80,view-fill,very-constrained,quick-turn,0.75,150,0.2,2,2,3.479734,15.46607,0.02439024,0.6341463,0.6341463,4.609481,1.128432,494965.5,273465.2,25384.5,96,11,444081,85,16760832,12.38879,1.4,1.4
bookstore,healpix,jpeg-residual-q80,global,fast,quick-turn,50,20,0.03,0.25,0.25,0,0,0.02439024,0.9756098,0.9756098,1.129746,1.128432,469581,263242.4,0,85,0,444081,85,16760832,0,0.15,0.15
bookstore,healpix,jpeg-residual-q80,global,moderate-mobile,quick-turn,10,50,0.06,0.75,0.75,0.3782301,9.71436,0.02439024,0.9268293,0.9268293,1.507977,1.128432,469581,263242.4,0,85,0,444081,85,16760832,0,0.15,0.15
bookstore,healpix,jpeg-residual-q80,global,constrained-mobile,quick-turn,2,100,0.12,1.75,2.25,1.428308,15.46607,0.02439024,0.8292683,0.7804878,2.558054,1.128432,469581,263242.4,0,85,0,444081,85,16760832,0,0.15,0.15
bookstore,healpix,jpeg-residual-q80,global,very-constrained,quick-turn,0.75,150,0.2,5,5.5,4.052778,15.46607,0.02439024,0.5121951,0.4634146,5.182525,1.128432,469581,263242.4,0,85,0,444081,85,16760832,5.666477,2.4,2.9
bookstore,healpix,jpeg-replacement-q80,view,fast,quick-turn,50,20,0.03,0.25,0.25,0.03795393,1.515897,0.02439024,0.9756098,0.9512195,1.131365,1.09205,447993,187564.1,0,66,0,546860,85,12222464,0,0.15,0.15
bookstore,healpix,jpeg-replacement-q80,view,moderate-mobile,quick-turn,10,50,0.06,0.5,0.5,0.2640136,5.947416,0.02439024,0.9268293,0.902439,1.357425,1.09205,447993,187564.1,0,66,0,546860,85,12222464,0,0.15,0.15
bookstore,healpix,jpeg-replacement-q80,view,constrained-mobile,quick-turn,2,100,0.12,1,1,1.724961,15.50431,0.02439024,0.804878,0.804878,2.818372,1.09205,396590.2,160540.1,46233.23,64,6,546860,85,10125312,9.217328,0.65,0.65
bookstore,healpix,jpeg-replacement-q80,view,very-constrained,quick-turn,0.75,150,0.2,4.25,4.25,4.094129,15.80566,0.02439024,0.5853659,0.5853659,5.18754,1.09205,357454.2,150470.8,18639.2,63,7,546860,85,9797632,12.39933,1.65,1.65
bookstore,healpix,jpeg-replacement-q80,view-fill,fast,quick-turn,50,20,0.03,0.25,0.25,0,0,0.02439024,0.9756098,0.9756098,1.093411,1.09205,572360,311931.1,0,85,0,546860,85,16760832,0,0.15,0.15
bookstore,healpix,jpeg-replacement-q80,view-fill,moderate-mobile,quick-turn,10,50,0.06,0.5,0.5,0.1486854,5.947416,0.02439024,0.9512195,0.9512195,1.242097,1.09205,572360,311931.1,0,85,0,546860,85,16760832,0,0.15,0.15
bookstore,healpix,jpeg-replacement-q80,view-fill,constrained-mobile,quick-turn,2,100,0.12,1,1,0.7835119,15.50431,0.02439024,0.8780488,0.8780488,1.876923,1.09205,584329.3,312984.7,11969.33,86,1,546860,85,16760832,0,0.15,0.15
bookstore,healpix,jpeg-replacement-q80,view-fill,very-constrained,quick-turn,0.75,150,0.2,4.25,4.25,4.094129,15.80566,0.02439024,0.5853659,0.5853659,5.18754,1.09205,590999.2,316790.9,18639.2,92,7,546860,85,16760832,12.39933,1.65,1.65
bookstore,healpix,jpeg-replacement-q80,view-direct,fast,quick-turn,50,20,0.03,0.25,0.25,0.1622358,6.355857,0.02439024,0.9512195,0.9512195,1.255647,1.09205,279475,102343.9,0,33,0,546860,85,8437760,0,0.15,0.15
bookstore,healpix,jpeg-replacement-q80,view-direct,moderate-mobile,quick-turn,10,50,0.06,0.25,0.25,0.2823813,6.355857,0.02439024,0.9268293,0.9268293,1.375793,1.09205,279475,102343.9,0,33,0,546860,85,8437760,0,0.15,0.15
bookstore,healpix,jpeg-replacement-q80,view-direct,constrained-mobile,quick-turn,2,100,0.12,0.75,0.75,1.8929,15.8488,0.02439024,0.8536585,0.8536585,2.986312,1.09205,263672.9,93512.78,38542.93,33,4,546860,85,7389184,14.47802,0.4,0.4
bookstore,healpix,jpeg-replacement-q80,view-direct,very-constrained,quick-turn,0.75,150,0.2,1.5,1.5,4.115476,15.8488,0.02439024,0.7073171,0.7073171,5.208887,1.09205,220298.1,77571.31,24107.14,33,8,546860,85,6340608,15.3796,1.15,1.15
bookstore,healpix,jpeg-replacement-q80,global,fast,quick-turn,50,20,0.03,0.25,0.25,0,0,0.02439024,0.9756098,0.9756098,1.093411,1.09205,572360,311931.1,0,85,0,546860,85,16760832,0,0.15,0.15
bookstore,healpix,jpeg-replacement-q80,global,moderate-mobile,quick-turn,10,50,0.06,0.75,0.75,0.3870707,10.02267,0.02439024,0.9268293,0.9268293,1.480482,1.09205,572360,311931.1,0,85,0,546860,85,16760832,0,0.15,0.15
bookstore,healpix,jpeg-replacement-q80,global,constrained-mobile,quick-turn,2,100,0.12,2.25,2.75,1.781617,15.50431,0.02439024,0.7804878,0.7317073,2.875028,1.09205,572360,311931.1,0,85,0,546860,85,16760832,0,0.15,0.15
bookstore,healpix,jpeg-replacement-q80,global,very-constrained,quick-turn,0.75,150,0.2,6.25,6.5,4.823565,15.50431,0.02439024,0.3902439,0.3658537,5.916977,1.09205,572360,311931.1,0,85,0,546860,85,16760832,5.736321,3.65,3.9
bookstore,healpix,jpeg-replacement-q80-whole,global,fast,quick-turn,50,20,0.03,0.25,0.25,0,0,0.02439024,0.9756098,0.9756098,1.091546,1.090178,551526,307359,0,49,0,536826,49,16760832,0,0.15,0.15
bookstore,healpix,jpeg-replacement-q80-whole,global,moderate-mobile,quick-turn,10,50,0.06,0.75,0.75,0.387174,10.02479,0.02439024,0.9268293,0.9268293,1.47872,1.090178,551526,307359,0,49,0,536826,49,16760832,0,0.15,0.15
bookstore,healpix,jpeg-replacement-q80-whole,global,constrained-mobile,quick-turn,2,100,0.12,2.5,2.5,1.896659,15.50643,0.02439024,0.7560976,0.7560976,2.988205,1.090178,551526,307359,0,49,0,536826,49,16760832,0,0.15,0.15
bookstore,healpix,jpeg-replacement-q80-whole,global,very-constrained,quick-turn,0.75,150,0.2,6.25,6.25,4.951138,15.50643,0.02439024,0.3902439,0.3902439,6.042684,1.090178,551526,307359,0,49,0,536826,49,16760832,9.331246,3.65,3.65
bookstore,healpix,jpeg-replacement-q80-whole,view-direct,fast,quick-turn,50,20,0.03,0.25,0.25,0.01352833,0.5411334,0.02439024,0.9756098,0.9756098,1.105074,1.090178,323335,162465.8,0,12,0,536826,49,11583488,0,0.15,0.15
bookstore,healpix,jpeg-replacement-q80-whole,view-direct,moderate-mobile,quick-turn,10,50,0.06,0.25,0.25,0.0837948,2.810659,0.02439024,0.9756098,0.9512195,1.17534,1.090178,323335,162465.8,0,12,0,536826,49,11583488,0,0.15,0.15
bookstore,healpix,jpeg-replacement-q80-whole,view-direct,constrained-mobile,quick-turn,2,100,0.12,1,1,2.263422,15.85066,0.02439024,0.8292683,0.8292683,3.354968,1.090178,323335,162465.8,0,12,0,536826,49,11583488,15.07844,0.4,0.4
bookstore,healpix,jpeg-replacement-q80-whole,view-direct,very-constrained,quick-turn,0.75,150,0.2,2,2,5.705003,15.85066,0.02439024,0.6097561,0.6097561,6.796548,1.090178,323335,162465.8,0,12,0,536826,49,11583488,15.38138,1.65,1.65
superblock,healpix,haar-residual-d12,view,fast,quick-turn,50,20,0.03,0.25,0.25,0.09689114,2.314027,0.02439024,0.9756098,0.9268293,-0.08346956,-0.1731681,1209005,659151.7,0,66,0,1616056,85,12222464,0,0.15,0.15
superblock,healpix,haar-residual-d12,view,moderate-mobile,quick-turn,10,50,0.08,0.5,0.5,0.7422453,9.460951,0.02439024,0.8780488,0.8780488,0.5618846,-0.1731681,1208756,658908.1,27565.25,66,1,1616056,85,11960320,4.58463,0.4,0.4
superblock,healpix,haar-residual-d12,view,constrained-mobile,quick-turn,2,100,0.21,2,2,3.695936,12.67483,0.02439024,0.5609756,0.5609756,3.515575,-0.1731681,1044868,579060.9,58918.04,64,8,1616056,85,9797632,10.6953,2.15,2.15
superblock,healpix,haar-residual-d12,view,very-constrained,quick-turn,0.75,150,0.44,8.5,8.5,7.574569,12.67483,0.04878049,0.1707317,0.1707317,7.386647,-0.1731681,765417.6,427090.2,86617.63,56,17,1616056,85,5324800,11.66467,5.9,5.9
superblock,healpix,haar-residual-d12,view-fill,fast,quick-turn,50,20,0.03,0.25,0.25,0,0,0.02439024,0.9756098,0.9756098,-0.1803607,-0.1731681,1641556,1091703,0,85,0,1616056,85,16760832,0,0.15,0.15
superblock,healpix,haar-residual-d12,view-fill,moderate-mobile,quick-turn,10,50,0.08,0.5,0.5,0.2039995,8.159979,0.02439024,0.9512195,0.9512195,0.02363878,-0.1731681,1641556,1091703,0,85,0,1616056,85,16760832,0,0.15,0.15
superblock,healpix,haar-residual-d12,view-fill,constrained-mobile,quick-turn,2,100,0.21,2,2,3.632228,12.67483,0.02439024,0.5609756,0.5609756,3.451867,-0.1731681,1747086,1153556,105529.8,102,17,1616056,85,16760832,10.62664,2.15,2.15
superblock,healpix,haar-residual-d12,view-fill,very-constrained,quick-turn,0.75,150,0.44,8.5,8.5,7.574569,12.67483,0.04878049,0.1707317,0.1707317,7.386647,-0.1731681,894792.6,526415.7,86617.63,70,17,1616056,85,5357568,11.66467,5.9,5.9
superblock,healpix,haar-residual-d12,global,fast,quick-turn,50,20,0.03,0.5,0.5,0.1101214,4.404856,0.02439024,0.9512195,0.9512195,-0.07023929,-0.1731681,1641556,1091703,0,85,0,1616056,85,16760832,0,0.15,0.15
superblock,healpix,haar-residual-d12,global,moderate-mobile,quick-turn,10,50,0.08,1.25,1.5,0.7325731,10.71815,0.02439024,0.8780488,0.8536585,0.5522124,-0.1731681,1641556,1091703,0,85,0,1616056,85,16760832,0,0.15,0.15
superblock,healpix,haar-residual-d12,global,constrained-mobile,quick-turn,2,100,0.21,5.75,6.75,4.128326,12.67483,0.02439024,0.4390244,0.3414634,3.947965,-0.1731681,1641556,1091703,0,85,0,1616056,85,16760832,8.379747,3.15,4.15
superblock,healpix,haar-residual-d12,global,very-constrained,quick-turn,0.75,150,0.44,,,8.588026,12.67483,0.04878049,0,0,8.400104,-0.1731681,903229.5,608532.5,0,55,0,1616056,85,5750784,10.34138,,
superblock,healpix,haar-residual-d12-p0.5,view,fast,quick-turn,50,20,0.03,0.25,0.25,0.070084,1.72018,0.02439024,0.9756098,0.9268293,1.518931,1.471992,1062944,572308.6,0,66,0,1457158,85,12222464,0,0.15,0.15
superblock,healpix,haar-residual-d12-p0.5,view,moderate-mobile,quick-turn,10,50,0.07,0.5,0.5,0.4877528,7.169604,0.02439024,0.902439,0.8780488,1.9366,1.471992,1062944,572308.6,0,66,0,1457158,85,12222464,2.76785,0.15,0.4
superblock,healpix,haar-residual-d12-p0.5,view,constrained-mobile,quick-turn,2,100,0.17,1.5,1.75,2.541642,10.43808,0.02439024,0.6341463,0.6097561,3.99049,1.471992,913871.6,496486.9,50474.56,64,7,1457158,85,9863168,8.876829,1.9,1.9
superblock,healpix,haar-residual-d12-p0.5,view,very-constrained,quick-turn,0.75,150,0.34,7.5,7.75,5.401911,10.43808,0.04878049,0.2682927,0.2439024,6.826427,1.471992,693991.2,381313.9,115010.2,59,19,1457158,85,5341184,9.998949,4.9,5.15
superblock,healpix,jpeg-residual-q80,view,fast,quick-turn,50,20,0.03,0.25,0.25,0.08438069,2.00179,0.02439024,0.9756098,0.9268293,1.089604,1.004164,782152,402437.9,0,66,0,1089784,85,12222464,0,0.15,0.15
superblock,healpix,jpeg-residual-q80,view,moderate-mobile,quick-turn,10,50,0.06,0.5,0.5,0.4719923,8.459624,0.02439024,0.902439,0.902439,1.477215,1.004164,782152,402437.9,0,66,0,1089784,85,12222464,0,0.15,0.15
superblock,healpix,jpeg-residual-q80,view,constrained-mobile,quick-turn,2,100,0.12,1.25,1.25,2.129169,12.79732,0.02439024,0.7073171,0.7073171,3.134392,1.004164,676251.8,346141.9,57364.8,64,7,1089784,85,9863168,8.458997,1.4,1.4
superblock,healpix,jpeg-residual-q80,view,very-constrained,quick-turn,0.75,150,0.21,5.75,6.5,4.931211,12.79732,0.02439024,0.4390244,0.3658537,5.936434,1.004164,562824.8,286112.7,103539.7,61,16,1089784,85,6651904,9.983787,3.15,3.9
superblock,healpix,jpeg-residual-q80,view-fill,fast,quick-turn,50,20,0.03,0.25,0.25,0,0,0.02439024,0.9756098,0.9756098,1.005223,1.004164,1115284,735569.9,0,85,0,1089784,85,16760832,0,0.15,0.15
superblock,healpix,jpeg-residual-q80,view-fill,moderate-mobile,quick-turn,10,50,0.06,0.5,0.5,0.2114906,8.459624,0.02439024,0.9512195,0.9512195,1.216714,1.004164,1115284,735569.9,0,85,0,1089784,85,16760832,0,0.15,0.15
superblock,healpix,jpeg-residual-q80,view-fill,constrained-mobile,quick-turn,2,100,0.12,1.25,1.25,1.924428,12.79732,0.02439024,0.7317073,0.7317073,2.929651,1.004164,1237058,807422.5,121773.9,102,17,1089784,85,16760832,7.843599,1.15,1.15
superblock,healpix,jpeg-residual-q80,view-fill,very-constrained,quick-turn,0.75,150,0.21,5.75,6.5,4.931211,12.79732,0.02439024,0.4390244,0.3658537,5.936434,1.004164,893762.2,527252.9,103539.7,89,16,1089784,85,10469376,9.983787,3.15,3.9
superblock,healpix,jpeg-residual-q80,global,fast,quick-turn,50,20,0.03,0.25,0.5,0.03927021,1.570808,0.02439024,0.9756098,0.9512195,1.044493,1.004164,1115284,735569.9,0,85,0,1089784,85,16760832,0,0.15,0.15
superblock,healpix,jpeg-residual-q80,global,moderate-mobile,quick-turn,10,50,0.06,1,1.25,0.4884974,8.459624,0.02439024,0.902439,0.8780488,1.49372,1.004164,1115284,735569.9,0,85,0,1089784,85,16760832,0,0.15,0.15
superblock,healpix,jpeg-residual-q80,global,constrained-mobile,quick-turn,2,100,0.12,4,4.75,2.442921,12.79732,0.02439024,0.6097561,0.5365854,3.448144,1.004164,1115284,735569.9,0,85,0,1089784,85,16760832,4.3062,1.4,2.15
superblock,healpix,jpeg-residual-q80,global,very-constrained,quick-turn,0.75,150,0.21,9.75,,6.162237,12.79732,0.02439024,0.04878049,0,7.16746,1.004164,890509,552872.4,0,79,0,1089784,85,12042240,7.977967,7.15,
superblock,healpix,jpeg-replacement-q80,view,fast,quick-turn,50,20,0.03,0.25,0.25,0.03421632,1.357584,0.02439024,0.9756098,0.9512195,1.062487,1.026288,951810,485306.1,0,66,0,1331252,85,12222464,0,0.15,0.15
superblock,healpix,jpeg-replacement-q80,view,moderate-mobile,quick-turn,10,50,0.06,0.5,0.5,0.4004517,6.431778,0.02439024,0.902439,0.902439,1.428722,1.026288,951810,485306.1,0,66,0,1331252,85,12222464,0,0.15,0.15
superblock,healpix,jpeg-replacement-q80,view,constrained-mobile,quick-turn,2,100,0.12,1.5,1.5,2.397982,12.8121,0.02439024,0.6829268,0.6585366,3.426252,1.026288,800651.9,398067.8,49298.94,64,7,1331252,85,9863168,8.43562,1.4,1.65
superblock,healpix,jpeg-replacement-q80,view,very-constrained,quick-turn,0.75,150,0.21,6.5,7.25,5.401001,12.8121,0.02439024,0.3658537,0.2926829,6.429271,1.026288,635909.6,326207.1,114438.6,56,14,1331252,85,6127616,9.955771,3.9,4.65
superblock,healpix,jpeg-replacement-q80,view-fill,fast,quick-turn,50,20,0.03,0.25,0.25,0,0,0.02439024,0.9756098,0.9756098,1.02827,1.026288,1356752,890248.1,0,85,0,1331252,85,16760832,0,0.15,0.15
superblock,healpix,jpeg-replacement-q80,view-fill,moderate-mobile,quick-turn,10,50,0.06,0.5,0.5,0.1449691,5.798765,0.02439024,0.9512195,0.9512195,1.173239,1.026288,1356752,890248.1,0,85,0,1331252,85,16760832,0,0.15,0.15
superblock,healpix,jpeg-replacement-q80,view-fill,constrained-mobile,quick-turn,2,100,0.12,1.5,1.5,2.134289,12.8121,0.02439024,0.7073171,0.6829268,3.162559,1.026288,1516616,990274.8,159864,103,18,1331252,85,16760832,7.821904,1.15,1.4
superblock,healpix,jpeg-replacement-q80,view-fill,very-constrained,quick-turn,0.75,150,0.21,6.5,7.25,5.401001,12.8121,0.02439024,0.3658537,0.2926829,6.429271,1.026288,894659.6,522131.4,114438.6,79,14,1331252,85,8372224,9.955771,3.9,4.65
superblock,healpix,jpeg-replacement-q80,view-direct,fast,quick-turn,50,20,0.03,0.25,0.25,0.08704198,3.427364,0.02439024,0.9512195,0.9512195,1.115312,1.026288,619858,287427.4,0,33,0,1331252,85,8437760,0,0.15,0.15
superblock,healpix,jpeg-replacement-q80,view-direct,moderate-mobile,quick-turn,10,50,0.06,0.5,0.5,0.3912404,8.761151,0.02439024,0.902439,0.902439,1.419511,1.026288,619858,287427.4,0,33,0,1331252,85,8437760,0,0.15,0.15
superblock,healpix,jpeg-replacement-q80,view-direct,constrained-mobile,quick-turn,2,100,0.12,1,1,2.441353,12.8121,0.02439024,0.7560976,0.7560976,3.469623,1.026288,514042.3,224954.2,70337.3,33,8,1331252,85,6340608,10.8673,1.15,1.15
superblock,healpix,jpeg-replacement-q80,view-direct,very-constrained,quick-turn,0.75,150,0.21,5.5,5.5,5.903373,12.8121,0.02439024,0.4634146,0.4634146,6.931643,1.026288,467812.1,203619.3,24107.14,33,8,1331252,85,6340608,10.8673,2.9,2.9
superblock,healpix,jpeg-replacement-q80,global,fast,quick-turn,50,20,0.03,0.5,0.5,0.1164484,4.657935,0.02439024,0.9512195,0.9512195,1.144719,1.026288,1356752,890248.1,0,85,0,1331252,85,16760832,0,0.15,0.15
superblock,healpix,jpeg-replacement-q80,global,moderate-mobile,quick-turn,10,50,0.06,1,1.25,0.5035379,8.458432,0.02439024,0.902439,0.8780488,1.531808,1.026288,1356752,890248.1,0,85,0,1331252,85,16760832,0,0.15,0.15
superblock,healpix,jpeg-replacement-q80,global,constrained-mobile,quick-turn,2,100,0.12,4.75,5.75,2.895245,12.8121,0.02439024,0.5365854,0.4390244,3.923515,1.026288,1356752,890248.1,0,85,0,1331252,85,16760832,4.998565,2.15,3.15
superblock,healpix,jpeg-replacement-q80,global,very-constrained,quick-turn,0.75,150,0.21,,,6.565956,12.8121,0.02439024,0,0,7.594226,1.026288,894255,571019.7,0,70,0,1331252,85,9682944,7.956512,,
superblock,healpix,jpeg-replacement-q80-whole,global,fast,quick-turn,50,20,0.03,0.5,0.5,0.1238237,4.952947,0.02439024,0.9512195,0.9512195,1.150458,1.024652,1334687,857677.9,0,49,0,1319987,49,16760832,0,0.15,0.15
superblock,healpix,jpeg-replacement-q80-whole,global,moderate-mobile,quick-turn,10,50,0.06,1.25,1.25,0.5968388,8.46005,0.02439024,0.8780488,0.8780488,1.623473,1.024652,1334687,857677.9,0,49,0,1319987,49,16760832,0,0.15,0.15
superblock,healpix,jpeg-replacement-q80-whole,global,constrained-mobile,quick-turn,2,100,0.12,5.75,5.75,3.412873,12.81372,0.02439024,0.4390244,0.4390244,4.439507,1.024652,1334687,857677.9,0,49,0,1319987,49,16760832,5.000249,3.15,3.15
superblock,healpix,jpeg-replacement-q80-whole,global,very-constrained,quick-turn,0.75,150,0.21,,,6.854289,12.81372,0.02439024,0,0,7.880923,1.024652,894255,561828.1,0,49,0,1319987,49,4177920,7.958196,,
superblock,healpix,jpeg-replacement-q80-whole,view-direct,fast,quick-turn,50,20,0.03,0.25,0.25,0.07706302,2.067365,0.02439024,0.9756098,0.9268293,1.103697,1.024652,890405,547469.2,0,12,0,1319987,49,11583488,0,0.15,0.15
superblock,healpix,jpeg-replacement-q80-whole,view-direct,moderate-mobile,quick-turn,10,50,0.06,0.5,0.5,0.554595,12.81372,0.02439024,0.9268293,0.902439,1.581229,1.024652,890405,547469.2,0,12,0,1319987,49,11583488,0,0.15,0.15
superblock,healpix,jpeg-replacement-q80-whole,view-direct,constrained-mobile,quick-turn,2,100,0.12,1.75,1.75,4.08792,12.81372,0.02439024,0.6097561,0.6097561,5.114554,1.024652,890405,547469.2,0,12,0,1319987,49,11583488,10.86899,1.9,1.9
superblock,healpix,jpeg-replacement-q80-whole,view-direct,very-constrained,quick-turn,0.75,150,0.21,10,10,10.7143,12.81372,0.02439024,0.02439024,0.02439024,11.74093,1.024652,890405,547469.2,0,12,0,1319987,49,11583488,10.86899,7.4,7.4
