panorama,representation,scheme,policy,profile,trace,megabitsPerSecond,roundTripMs,timeToCoarseSphere,timeToAcceptable,timeToHigh,meanShortfallDb,worstShortfallDb,shareOfTimeBlank,shareOfTimeAcceptable,shareOfTimeHigh,meanDeficitDb,deficitWithEverythingDb,bytesReceived,bytesNeverLookedAt,bytesCancelled,requests,requestsCancelled,schemeBytes,schemeUnits,finalResidentBytes,afterTurnShortfallDb,afterTurnTimeToAcceptable,afterTurnTimeToHigh
northrop-mall,cube,haar-residual-d12,view,fast,stationary,50,20,0.03,0.25,0.5,0.03586196,1.434478,0.02439024,0.9756098,0.9512195,-0.4705685,-0.5064305,320167,142315.2,0,16,0,1416354,91,3188736,,,
northrop-mall,cube,haar-residual-d12,view,moderate-mobile,stationary,10,50,0.08,0.5,0.75,0.2213505,6.437718,0.02439024,0.9512195,0.9268293,-0.28508,-0.5064305,320167,142315.2,0,16,0,1416354,91,3188736,,,
northrop-mall,cube,haar-residual-d12,view,constrained-mobile,stationary,2,100,0.21,1.5,1.75,0.8867147,11.36053,0.02439024,0.8536585,0.8292683,0.3802842,-0.5064305,320167,142315.2,0,16,0,1416354,91,3188736,,,
northrop-mall,cube,haar-residual-d12,view,very-constrained,stationary,0.75,150,0.43,3.25,4,2.045835,11.36053,0.04878049,0.6829268,0.6097561,1.539405,-0.5064305,320167,142315.2,0,16,0,1416354,91,3188736,,,
northrop-mall,cube,haar-residual-d12,view-fill,fast,stationary,50,20,0.03,0.25,0.5,0.03586196,1.434478,0.02439024,0.9756098,0.9512195,-0.4705685,-0.5064305,1443654,1265802,0,91,0,1416354,91,18855936,,,
northrop-mall,cube,haar-residual-d12,view-fill,moderate-mobile,stationary,10,50,0.08,0.5,0.75,0.2213505,6.437718,0.02439024,0.9512195,0.9268293,-0.28508,-0.5064305,1443654,1265802,0,91,0,1416354,91,18855936,,,
northrop-mall,cube,haar-residual-d12,view-fill,constrained-mobile,stationary,2,100,0.21,1.5,1.75,0.8867147,11.36053,0.02439024,0.8536585,0.8292683,0.3802842,-0.5064305,1443654,1265802,0,91,0,1416354,91,18855936,,,
northrop-mall,cube,haar-residual-d12,view-fill,very-constrained,stationary,0.75,150,0.43,3.25,4,2.045835,11.36053,0.04878049,0.6829268,0.6097561,1.539405,-0.5064305,754632,576780.2,0,48,0,1416354,91,7059456,,,
northrop-mall,cube,haar-residual-d12,global,fast,stationary,50,20,0.03,1,1.25,0.5016983,7.92348,0.02439024,0.902439,0.8780488,-0.004732214,-0.5064305,1443654,1265802,0,91,0,1416354,91,18855936,,,
northrop-mall,cube,haar-residual-d12,global,moderate-mobile,stationary,10,50,0.08,2.5,2.5,1.336406,9.915405,0.02439024,0.7560976,0.7560976,0.829976,-0.5064305,1443654,1265802,0,91,0,1416354,91,18855936,,,
northrop-mall,cube,haar-residual-d12,global,constrained-mobile,stationary,2,100,0.21,6,6.25,3.818698,11.36053,0.02439024,0.4146341,0.3902439,3.312267,-0.5064305,1443654,1265802,0,91,0,1416354,91,18855936,,,
northrop-mall,cube,haar-residual-d12,global,very-constrained,stationary,0.75,150,0.43,,,6.964803,11.36053,0.04878049,0,0,6.458372,-0.5064305,699299,627513.1,0,49,0,1416354,91,7321600,,,
northrop-mall,cube,haar-residual-d12-p0.5,view,fast,stationary,50,20,0.03,0.25,0.5,0.03070831,1.228332,0.02439024,0.9756098,0.9512195,0.2843953,0.253687,286523,123157.8,0,16,0,1293798,91,3188736,,,
northrop-mall,cube,haar-residual-d12-p0.5,view,moderate-mobile,stationary,10,50,0.07,0.5,0.75,0.1979869,5.822779,0.02439024,0.9512195,0.9268293,0.4516739,0.253687,286523,123157.8,0,16,0,1293798,91,3188736,,,
northrop-mall,cube,haar-residual-d12-p0.5,view,constrained-mobile,stationary,2,100,0.16,1.25,1.75,0.7284286,10.6145,0.02439024,0.8780488,0.8292683,0.9821156,0.253687,286523,123157.8,0,16,0,1293798,91,3188736,,,
northrop-mall,cube,haar-residual-d12-p0.5,view,very-constrained,stationary,0.75,150,0.31,2.75,3.5,1.486838,10.6145,0.04878049,0.7317073,0.6585366,1.740525,0.253687,286523,123157.8,0,16,0,1293798,91,3188736,,,
northrop-mall,cube,jpeg-residual-q80,view,fast,stationary,50,20,0.03,0.25,0.5,0.03531813,1.412725,0.02439024,0.9756098,0.9512195,0.222175,0.1868569,233079,96438.75,0,16,0,1082401,91,3188736,,,
northrop-mall,cube,jpeg-residual-q80,view,moderate-mobile,stationary,10,50,0.06,0.5,0.75,0.1989262,5.546237,0.02439024,0.9512195,0.9268293,0.3857831,0.1868569,233079,96438.75,0,16,0,1082401,91,3188736,,,
northrop-mall,cube,jpeg-residual-q80,view,constrained-mobile,stationary,2,100,0.12,1.25,1.5,0.6501361,9.580639,0.02439024,0.8780488,0.8536585,0.836993,0.1868569,233079,96438.75,0,16,0,1082401,91,3188736,,,
northrop-mall,cube,jpeg-residual-q80,view,very-constrained,stationary,0.75,150,0.21,2.5,3,1.457791,10.9931,0.02439024,0.7560976,0.7073171,1.644648,0.1868569,233079,96438.75,0,16,0,1082401,91,3188736,,,
northrop-mall,cube,jpeg-residual-q80,view-fill,fast,stationary,50,20,0.03,0.25,0.5,0.03531813,1.412725,0.02439024,0.9756098,0.9512195,0.222175,0.1868569,1109701,973060.8,0,91,0,1082401,91,18855936,,,
northrop-mall,cube,jpeg-residual-q80,view-fill,moderate-mobile,stationary,10,50,0.06,0.5,0.75,0.1989262,5.546237,0.02439024,0.9512195,0.9268293,0.3857831,0.1868569,1109701,973060.8,0,91,0,1082401,91,18855936,,,
northrop-mall,cube,jpeg-residual-q80,view-fill,constrained-mobile,stationary,2,100,0.12,1.25,1.5,0.6501361,9.580639,0.02439024,0.8780488,0.8536585,0.836993,0.1868569,1109701,973060.8,0,91,0,1082401,91,18855936,,,
northrop-mall,cube,jpeg-residual-q80,view-fill,very-constrained,stationary,0.75,150,0.21,2.5,3,1.457791,10.9931,0.02439024,0.7560976,0.7073171,1.644648,0.1868569,649764.5,513124.3,0,63,0,1082401,91,10991616,,,
northrop-mall,cube,jpeg-residual-q80,global,fast,stationary,50,20,0.03,1,1.25,0.4809778,7.709229,0.02439024,0.902439,0.8780488,0.6678348,0.1868569,1109701,973060.8,0,91,0,1082401,91,18855936,,,
northrop-mall,cube,jpeg-residual-q80,global,moderate-mobile,stationary,10,50,0.06,2.25,2.25,1.24368,9.580639,0.02439024,0.7804878,0.7804878,1.430537,0.1868569,1109701,973060.8,0,91,0,1082401,91,18855936,,,
northrop-mall,cube,jpeg-residual-q80,global,constrained-mobile,stationary,2,100,0.12,5.25,5.5,3.099114,10.9931,0.02439024,0.4878049,0.4634146,3.285971,0.1868569,1109701,973060.8,0,91,0,1082401,91,18855936,,,
northrop-mall,cube,jpeg-residual-q80,global,very-constrained,stationary,0.75,150,0.21,,,6.062916,10.9931,0.02439024,0,0,6.249773,0.1868569,620675,527092.9,0,62,0,1082401,91,10467328,,,
northrop-mall,cube,jpeg-replacement-q80,view,fast,stationary,50,20,0.03,0.25,0.25,0.01368599,0.5474396,0.02439024,0.9756098,0.9756098,0.2229107,0.2092247,279734,115244.6,0,16,0,1298191,91,3188736,,,
northrop-mall,cube,jpeg-replacement-q80,view,moderate-mobile,stationary,10,50,0.06,0.5,0.75,0.1983943,5.530052,0.02439024,0.9512195,0.9268293,0.4076189,0.2092247,279734,115244.6,0,16,0,1298191,91,3188736,,,
northrop-mall,cube,jpeg-replacement-q80,view,constrained-mobile,stationary,2,100,0.12,1.25,1.75,0.7842407,10.97073,0.02439024,0.8780488,0.8292683,0.9934654,0.2092247,279734,115244.6,0,16,0,1298191,91,3188736,,,
northrop-mall,cube,jpeg-replacement-q80,view,very-constrained,stationary,0.75,150,0.21,2.75,3.5,1.652872,10.97073,0.02439024,0.7317073,0.6585366,1.862097,0.2092247,279734,115244.6,0,16,0,1298191,91,3188736,,,
northrop-mall,cube,jpeg-replacement-q80,view-fill,fast,stationary,50,20,0.03,0.25,0.25,0.01368599,0.5474396,0.02439024,0.9756098,0.9756098,0.2229107,0.2092247,1325491,1161002,0,91,0,1298191,91,18855936,,,
northrop-mall,cube,jpeg-replacement-q80,view-fill,moderate-mobile,stationary,10,50,0.06,0.5,0.75,0.1983943,5.530052,0.02439024,0.9512195,0.9268293,0.4076189,0.2092247,1325491,1161002,0,91,0,1298191,91,18855936,,,
northrop-mall,cube,jpeg-replacement-q80,view-fill,constrained-mobile,stationary,2,100,0.12,1.25,1.75,0.7842407,10.97073,0.02439024,0.8780488,0.8292683,0.9934654,0.2092247,1325491,1161002,0,91,0,1298191,91,18855936,,,
northrop-mall,cube,jpeg-replacement-q80,view-fill,very-constrained,stationary,0.75,150,0.21,2.75,3.5,1.652872,10.97073,0.02439024,0.7317073,0.6585366,1.862097,0.2092247,681697,517207.6,0,56,0,1298191,91,9156608,,,
northrop-mall,cube,jpeg-replacement-q80,view-direct,fast,stationary,50,20,0.03,0.25,0.25,0,0,0.02439024,0.9756098,0.9756098,0.2092247,0.2092247,205279,84658.35,0,10,0,1298191,91,2414592,,,
northrop-mall,cube,jpeg-replacement-q80,view-direct,moderate-mobile,stationary,10,50,0.06,0.5,0.5,0.2161626,8.646506,0.02439024,0.9512195,0.9512195,0.4253873,0.2092247,205279,84658.35,0,10,0,1298191,91,2414592,,,
northrop-mall,cube,jpeg-replacement-q80,view-direct,constrained-mobile,stationary,2,100,0.12,1.25,1.25,0.7741241,10.97073,0.02439024,0.8780488,0.8780488,0.9833488,0.2092247,205279,84658.35,0,10,0,1298191,91,2414592,,,
northrop-mall,cube,jpeg-replacement-q80,view-direct,very-constrained,stationary,0.75,150,0.21,2.5,2.75,1.84857,10.97073,0.02439024,0.7560976,0.7317073,2.057795,0.2092247,205279,84658.35,0,10,0,1298191,91,2414592,,,
northrop-mall,cube,jpeg-replacement-q80,global,fast,stationary,50,20,0.03,1,1.25,0.4798859,7.695026,0.02439024,0.902439,0.8780488,0.6891105,0.2092247,1325491,1161002,0,91,0,1298191,91,18855936,,,
northrop-mall,cube,jpeg-replacement-q80,global,moderate-mobile,stationary,10,50,0.06,2.25,2.5,1.274654,9.562841,0.02439024,0.7804878,0.7560976,1.483878,0.2092247,1325491,1161002,0,91,0,1298191,91,18855936,,,
northrop-mall,cube,jpeg-replacement-q80,global,constrained-mobile,stationary,2,100,0.12,5.5,6,3.309938,10.97073,0.02439024,0.4634146,0.4146341,3.519163,0.2092247,1325491,1161002,0,91,0,1298191,91,18855936,,,
northrop-mall,cube,jpeg-replacement-q80,global,very-constrained,stationary,0.75,150,0.21,,,6.207654,10.97073,0.02439024,0,0,6.416879,0.2092247,655219,601887.8,0,58,0,1298191,91,9680896,,,
northrop-mall,cube,jpeg-replacement-q80-whole,global,fast,stationary,50,20,0.03,0.5,0.5,0.192407,7.696281,0.02439024,0.9512195,0.9512195,0.4003767,0.2079697,1287939,1128690,0,25,0,1280439,25,18855936,,,
northrop-mall,cube,jpeg-replacement-q80-whole,global,moderate-mobile,stationary,10,50,0.06,1.5,1.5,0.7949044,9.564096,0.02439024,0.8536585,0.8536585,1.002874,0.2079697,1287939,1128690,0,25,0,1280439,25,18855936,,,
northrop-mall,cube,jpeg-replacement-q80-whole,global,constrained-mobile,stationary,2,100,0.12,5,5,2.975712,10.97198,0.02439024,0.5121951,0.5121951,3.183682,0.2079697,1287939,1128690,0,25,0,1280439,25,18855936,,,
northrop-mall,cube,jpeg-replacement-q80-whole,global,very-constrained,stationary,0.75,150,0.21,,,6.264963,10.97198,0.02439024,0,0,6.472933,0.2079697,822120.5,703595.4,0,23,0,1280439,25,9418752,,,
northrop-mall,cube,jpeg-replacement-q80-whole,view-direct,fast,stationary,50,20,0.03,0.25,0.25,0,0,0.02439024,0.9756098,0.9756098,0.2079697,0.2079697,200637,84538.36,0,2,0,1280439,25,2414592,,,
northrop-mall,cube,jpeg-replacement-q80-whole,view-direct,moderate-mobile,stationary,10,50,0.06,0.5,0.5,0.2742996,10.97198,0.02439024,0.9512195,0.9512195,0.4822693,0.2079697,200637,84538.36,0,2,0,1280439,25,2414592,,,
northrop-mall,cube,jpeg-replacement-q80-whole,view-direct,constrained-mobile,stationary,2,100,0.12,1.25,1.25,1.097198,10.97198,0.02439024,0.8780488,0.8780488,1.305168,0.2079697,200637,84538.36,0,2,0,1280439,25,2414592,,,
northrop-mall,cube,jpeg-replacement-q80-whole,view-direct,very-constrained,stationary,0.75,150,0.21,2.5,2.5,2.468697,10.97198,0.02439024,0.7560976,0.7560976,2.676666,0.2079697,200637,84538.36,0,2,0,1280439,25,2414592,,,
bookstore,cube,haar-residual-d12,view,fast,stationary,50,20,0.03,0.25,0.5,0.03044791,1.217916,0.02439024,0.9756098,0.9512195,1.359919,1.329471,92964,46260.04,0,16,0,374015,91,3188736,,,
bookstore,cube,haar-residual-d12,view,moderate-mobile,stationary,10,50,0.07,0.5,0.75,0.1635734,5.325021,0.02439024,0.9512195,0.9268293,1.493044,1.329471,92964,46260.04,0,16,0,374015,91,3188736,,,
bookstore,cube,haar-residual-d12,view,constrained-mobile,stationary,2,100,0.19,1.25,1.25,0.7722771,15.20125,0.02439024,0.8780488,0.8780488,2.101748,1.329471,92964,46260.04,0,16,0,374015,91,3188736,,,
bookstore,cube,haar-residual-d12,view,very-constrained,stationary,0.75,150,0.37,1.75,2,1.067004,15.20125,0.04878049,0.8292683,0.804878,2.396475,1.329471,92964,46260.04,0,16,0,374015,91,3188736,,,
bookstore,cube,haar-residual-d12,view-fill,fast,stationary,50,20,0.03,0.25,0.5,0.03044791,1.217916,0.02439024,0.9756098,0.9512195,1.359919,1.329471,401315,354611,0,91,0,374015,91,18855936,,,
bookstore,cube,haar-residual-d12,view-fill,moderate-mobile,stationary,10,50,0.07,0.5,0.75,0.1635734,5.325021,0.02439024,0.9512195,0.9268293,1.493044,1.329471,401315,354611,0,91,0,374015,91,18855936,,,
bookstore,cube,haar-residual-d12,view-fill,constrained-mobile,stationary,2,100,0.19,1.25,1.25,0.7722771,15.20125,0.02439024,0.8780488,0.8780488,2.101748,1.329471,401315,354611,0,91,0,374015,91,18855936,,,
bookstore,cube,haar-residual-d12,view-fill,very-constrained,stationary,0.75,150,0.37,1.75,2,1.067004,15.20125,0.04878049,0.8292683,0.804878,2.396475,1.329471,394261,347557,0,90,0,374015,91,18069504,,,
bookstore,cube,haar-residual-d12,global,fast,stationary,50,20,0.03,1,1.25,0.5119367,9.216721,0.02439024,0.902439,0.8780488,1.841407,1.329471,401315,354611,0,91,0,374015,91,18855936,,,
bookstore,cube,haar-residual-d12,global,moderate-mobile,stationary,10,50,0.07,2,2.25,1.310042,12.77738,0.02439024,0.804878,0.7804878,2.639512,1.329471,401315,354611,0,91,0,374015,91,18855936,,,
bookstore,cube,haar-residual-d12,global,constrained-mobile,stationary,2,100,0.19,4.5,4.5,3.206064,15.20125,0.02439024,0.5609756,0.5609756,4.535534,1.329471,401315,354611,0,91,0,374015,91,18855936,,,
bookstore,cube,haar-residual-d12,global,very-constrained,stationary,0.75,150,0.37,7.75,8,5.820731,15.20125,0.04878049,0.2439024,0.2195122,7.150202,1.329471,386215,339511,0,87,0,374015,91,17283072,,,
bookstore,cube,haar-residual-d12-p0.5,view,fast,stationary,50,20,0.03,0.25,0.25,0.01677693,0.6710773,0.02439024,0.9756098,0.9756098,4.127934,4.111157,72365,32989.48,0,16,0,307423,91,3188736,,,
bookstore,cube,haar-residual-d12-p0.5,view,moderate-mobile,stationary,10,50,0.06,0.5,0.5,0.1042759,3.499957,0.02439024,0.9512195,0.9512195,4.215433,4.111157,72365,32989.48,0,16,0,307423,91,3188736,,,
bookstore,cube,haar-residual-d12-p0.5,view,constrained-mobile,stationary,2,100,0.15,1,1,0.5048444,12.46921,0.02439024,0.902439,0.902439,4.616002,4.111157,72365,32989.48,0,16,0,307423,91,3188736,,,
bookstore,cube,haar-residual-d12-p0.5,view,very-constrained,stationary,0.75,150,0.26,1.5,1.75,0.6163988,10.12607,0.04878049,0.8536585,0.8292683,4.727556,4.111157,72365,32989.48,0,16,0,307423,91,3188736,,,
bookstore,cube,jpeg-residual-q80,view,fast,stationary,50,20,0.03,0.25,0.5,0.03698492,1.479397,0.02439024,0.9756098,0.9512195,1.488988,1.452003,78799,32572.64,0,16,0,414399,91,3188736,,,
bookstore,cube,jpeg-residual-q80,view,moderate-mobile,stationary,10,50,0.06,0.5,0.75,0.1908227,6.15351,0.02439024,0.9512195,0.9268293,1.642826,1.452003,78799,32572.64,0,16,0,414399,91,3188736,,,
bookstore,cube,jpeg-residual-q80,view,constrained-mobile,stationary,2,100,0.12,1,1.25,0.6600727,13.16037,0.02439024,0.902439,0.8780488,2.112076,1.452003,78799,32572.64,0,16,0,414399,91,3188736,,,
bookstore,cube,jpeg-residual-q80,view,very-constrained,stationary,0.75,150,0.19,1.75,2,1.24857,15.45324,0.02439024,0.8292683,0.804878,2.700573,1.452003,78799,32572.64,0,16,0,414399,91,3188736,,,
bookstore,cube,jpeg-residual-q80,view-fill,fast,stationary,50,20,0.03,0.25,0.5,0.03698492,1.479397,0.02439024,0.9756098,0.9512195,1.488988,1.452003,441699,395472.6,0,91,0,414399,91,18855936,,,
bookstore,cube,jpeg-residual-q80,view-fill,moderate-mobile,stationary,10,50,0.06,0.5,0.75,0.1908227,6.15351,0.02439024,0.9512195,0.9268293,1.642826,1.452003,441699,395472.6,0,91,0,414399,91,18855936,,,
bookstore,cube,jpeg-residual-q80,view-fill,constrained-mobile,stationary,2,100,0.12,1,1.25,0.6600727,13.16037,0.02439024,0.902439,0.8780488,2.112076,1.452003,441699,395472.6,0,91,0,414399,91,18855936,,,
bookstore,cube,jpeg-residual-q80,view-fill,very-constrained,stationary,0.75,150,0.19,1.75,2,1.24857,15.45324,0.02439024,0.8292683,0.804878,2.700573,1.452003,403373,357146.6,0,86,0,414399,91,17020928,,,
bookstore,cube,jpeg-residual-q80,global,fast,stationary,50,20,0.03,1,1.25,0.5789665,9.856464,0.02439024,0.902439,0.8780488,2.030969,1.452003,441699,395472.6,0,91,0,414399,91,18855936,,,
bookstore,cube,jpeg-residual-q80,global,moderate-mobile,stationary,10,50,0.06,2,2.25,1.408898,13.16037,0.02439024,0.804878,0.7804878,2.860901,1.452003,441699,395472.6,0,91,0,414399,91,18855936,,,
bookstore,cube,jpeg-residual-q80,global,constrained-mobile,stationary,2,100,0.12,4.25,4.5,3.26353,15.45324,0.02439024,0.5853659,0.5609756,4.715533,1.452003,441699,395472.6,0,91,0,414399,91,18855936,,,
bookstore,cube,jpeg-residual-q80,global,very-constrained,stationary,0.75,150,0.19,7.5,7.75,5.920638,15.45324,0.02439024,0.2682927,0.2439024,7.372641,1.452003,403373,357146.6,0,86,0,414399,91,16758784,,,
bookstore,cube,jpeg-replacement-q80,view,fast,stationary,50,20,0.03,0.25,0.25,0.01846227,0.7384908,0.02439024,0.9756098,0.9756098,1.411109,1.392647,95420,38938.03,0,16,0,496949,91,3188736,,,
bookstore,cube,jpeg-replacement-q80,view,moderate-mobile,stationary,10,50,0.06,0.5,0.75,0.2068252,6.58545,0.02439024,0.9512195,0.9268293,1.599472,1.392647,95420,38938.03,0,16,0,496949,91,3188736,,,
bookstore,cube,jpeg-replacement-q80,view,constrained-mobile,stationary,2,100,0.12,1,1.25,0.7007614,13.21645,0.02439024,0.902439,0.8780488,2.093408,1.392647,95420,38938.03,0,16,0,496949,91,3188736,,,
bookstore,cube,jpeg-replacement-q80,view,very-constrained,stationary,0.75,150,0.19,1.75,2,1.288407,15.51259,0.02439024,0.8292683,0.804878,2.681053,1.392647,95420,38938.03,0,16,0,496949,91,3188736,,,
bookstore,cube,jpeg-replacement-q80,view-fill,fast,stationary,50,20,0.03,0.25,0.25,0.01846227,0.7384908,0.02439024,0.9756098,0.9756098,1.411109,1.392647,524249,467767,0,91,0,496949,91,18855936,,,
bookstore,cube,jpeg-replacement-q80,view-fill,moderate-mobile,stationary,10,50,0.06,0.5,0.75,0.2068252,6.58545,0.02439024,0.9512195,0.9268293,1.599472,1.392647,524249,467767,0,91,0,496949,91,18855936,,,
bookstore,cube,jpeg-replacement-q80,view-fill,constrained-mobile,stationary,2,100,0.12,1,1.25,0.7007614,13.21645,0.02439024,0.902439,0.8780488,2.093408,1.392647,524249,467767,0,91,0,496949,91,18855936,,,
bookstore,cube,jpeg-replacement-q80,view-fill,very-constrained,stationary,0.75,150,0.19,1.75,2,1.288407,15.51259,0.02439024,0.8292683,0.804878,2.681053,1.392647,462015,405533,0,80,0,496949,91,15448064,,,
bookstore,cube,jpeg-replacement-q80,view-direct,fast,stationary,50,20,0.03,0.25,0.25,0,0,0.02439024,0.9756098,0.9756098,1.392647,1.392647,64530,25962.24,0,10,0,496949,91,2414592,,,
bookstore,cube,jpeg-replacement-q80,view-direct,moderate-mobile,stationary,10,50,0.06,0.5,0.5,0.3709388,14.83755,0.02439024,0.9512195,0.9512195,1.763585,1.392647,64530,25962.24,0,10,0,496949,91,2414592,,,
bookstore,cube,jpeg-replacement-q80,view-direct,constrained-mobile,stationary,2,100,0.12,1,1,0.870441,15.39764,0.02439024,0.902439,0.902439,2.263088,1.392647,64530,25962.24,0,10,0,496949,91,2414592,,,
bookstore,cube,jpeg-replacement-q80,view-direct,very-constrained,stationary,0.75,150,0.19,1.75,1.75,1.789223,15.51259,0.02439024,0.8292683,0.8292683,3.18187,1.392647,64530,25962.24,0,10,0,496949,91,2414592,,,
bookstore,cube,jpeg-replacement-q80,global,fast,stationary,50,20,0.03,1,1.25,0.5825122,9.90089,0.02439024,0.902439,0.8780488,1.975159,1.392647,524249,467767,0,91,0,496949,91,18855936,,,
bookstore,cube,jpeg-replacement-q80,global,moderate-mobile,stationary,10,50,0.06,2,2.25,1.453247,13.21645,0.02439024,0.804878,0.7804878,2.845893,1.392647,524249,467767,0,91,0,496949,91,18855936,,,
bookstore,cube,jpeg-replacement-q80,global,constrained-mobile,stationary,2,100,0.12,4.5,4.5,3.428226,15.51259,0.02439024,0.5609756,0.5609756,4.820873,1.392647,524249,467767,0,91,0,496949,91,18855936,,,
bookstore,cube,jpeg-replacement-q80,global,very-constrained,stationary,0.75,150,0.19,8.25,8.5,6.383794,15.51259,0.02439024,0.195122,0.1707317,7.77644,1.392647,449484,393002,0,76,0,496949,91,14399488,,,
bookstore,cube,jpeg-replacement-q80-whole,global,fast,stationary,50,20,0.03,0.5,0.5,0.2475897,9.903588,0.02439024,0.9512195,0.9512195,1.637538,1.389948,485215,434233.3,0,25,0,477715,25,18855936,,,
bookstore,cube,jpeg-replacement-q80-whole,global,moderate-mobile,stationary,10,50,0.06,1.25,1.25,0.8709597,13.21914,0.02439024,0.8780488,0.8780488,2.260908,1.389948,485215,434233.3,0,25,0,477715,25,18855936,,,
bookstore,cube,jpeg-replacement-q80-whole,global,constrained-mobile,stationary,2,100,0.12,3,3,2.422693,15.51529,0.02439024,0.7073171,0.7073171,3.812641,1.389948,485215,434233.3,0,25,0,477715,25,18855936,,,
bookstore,cube,jpeg-replacement-q80-whole,global,very-constrained,stationary,0.75,150,0.19,6.25,6.25,5.156532,15.51529,0.02439024,0.3902439,0.3902439,6.546481,1.389948,485215,434233.3,0,25,0,477715,25,18855936,,,
bookstore,cube,jpeg-replacement-q80-whole,view-direct,fast,stationary,50,20,0.03,0.25,0.25,0,0,0.02439024,0.9756098,0.9756098,1.389948,1.389948,60170,26476.67,0,2,0,477715,25,2414592,,,
bookstore,cube,jpeg-replacement-q80-whole,view-direct,moderate-mobile,stationary,10,50,0.06,0.25,0.25,0,0,0.02439024,0.9756098,0.9756098,1.389948,1.389948,60170,26476.67,0,2,0,477715,25,2414592,,,
bookstore,cube,jpeg-replacement-q80-whole,view-direct,constrained-mobile,stationary,2,100,0.12,0.5,0.5,0.3878823,15.51529,0.02439024,0.9512195,0.9512195,1.777831,1.389948,60170,26476.67,0,2,0,477715,25,2414592,,,
bookstore,cube,jpeg-replacement-q80-whole,view-direct,very-constrained,stationary,0.75,150,0.19,1,1,1.163647,15.51529,0.02439024,0.902439,0.902439,2.553595,1.389948,60170,26476.67,0,2,0,477715,25,2414592,,,
superblock,cube,haar-residual-d12,view,fast,stationary,50,20,0.03,0.25,0.5,0.03616009,1.446404,0.02439024,0.9756098,0.9512195,0.8532081,0.817048,174264,81383.69,0,16,0,1702387,91,3188736,,,
superblock,cube,haar-residual-d12,view,moderate-mobile,stationary,10,50,0.08,0.5,0.75,0.1822029,5.579041,0.02439024,0.9512195,0.9268293,0.9992509,0.817048,174264,81383.69,0,16,0,1702387,91,3188736,,,
superblock,cube,haar-residual-d12,view,constrained-mobile,stationary,2,100,0.22,1.25,1.5,0.7654184,12.31148,0.02439024,0.8780488,0.8536585,1.582466,0.817048,174264,81383.69,0,16,0,1702387,91,3188736,,,
superblock,cube,haar-residual-d12,view,very-constrained,stationary,0.75,150,0.46,2.25,2.75,1.35392,12.31148,0.04878049,0.7804878,0.7317073,2.170968,0.817048,174264,81383.69,0,16,0,1702387,91,3188736,,,
superblock,cube,haar-residual-d12,view-fill,fast,stationary,50,20,0.03,0.25,0.5,0.03616009,1.446404,0.02439024,0.9756098,0.9512195,0.8532081,0.817048,1729687,1636807,0,91,0,1702387,91,18855936,,,
superblock,cube,haar-residual-d12,view-fill,moderate-mobile,stationary,10,50,0.08,0.5,0.75,0.1822029,5.579041,0.02439024,0.9512195,0.9268293,0.9992509,0.817048,1729687,1636807,0,91,0,1702387,91,18855936,,,
superblock,cube,haar-residual-d12,view-fill,constrained-mobile,stationary,2,100,0.22,1.25,1.5,0.7654184,12.31148,0.02439024,0.8780488,0.8536585,1.582466,0.817048,1680503,1587623,0,90,0,1702387,91,18069504,,,
superblock,cube,haar-residual-d12,view-fill,very-constrained,stationary,0.75,150,0.46,2.25,2.75,1.35392,12.31148,0.04878049,0.7804878,0.7317073,2.170968,0.817048,768388,675507.7,0,44,0,1702387,91,6469632,,,
superblock,cube,haar-residual-d12,global,fast,stationary,50,20,0.03,1,1.25,0.4976916,8.043104,0.02439024,0.902439,0.8780488,1.31474,0.817048,1729687,1636807,0,91,0,1702387,91,18855936,,,
superblock,cube,haar-residual-d12,global,moderate-mobile,stationary,10,50,0.08,2.5,2.5,1.380256,10.56552,0.02439024,0.7560976,0.7560976,2.197304,0.817048,1729687,1636807,0,91,0,1702387,91,18855936,,,
superblock,cube,haar-residual-d12,global,constrained-mobile,stationary,2,100,0.22,6.75,7,4.380617,12.31148,0.02439024,0.3414634,0.3170732,5.197665,0.817048,1660503,1567623,0,90,0,1702387,91,18069504,,,
superblock,cube,haar-residual-d12,global,very-constrained,stationary,0.75,150,0.46,,,7.372737,12.31148,0.04878049,0,0,8.189785,0.817048,757423,715352.2,0,39,0,1702387,91,4700160,,,
superblock,cube,haar-residual-d12-p0.5,view,fast,stationary,50,20,0.03,0.25,0.25,0.0242868,0.9714719,0.02439024,0.9756098,0.9756098,2.700293,2.676006,146234,64583.73,0,16,0,1531638,91,3188736,,,
superblock,cube,haar-residual-d12-p0.5,view,moderate-mobile,stationary,10,50,0.07,0.5,0.75,0.1159922,3.483744,0.02439024,0.9512195,0.9268293,2.791999,2.676006,146234,64583.73,0,16,0,1531638,91,3188736,,,
superblock,cube,haar-residual-d12-p0.5,view,constrained-mobile,stationary,2,100,0.18,1,1.25,0.5027986,10.48818,0.02439024,0.902439,0.8780488,3.178805,2.676006,146234,64583.73,0,16,0,1531638,91,3188736,,,
superblock,cube,haar-residual-d12-p0.5,view,very-constrained,stationary,0.75,150,0.35,1.75,2.25,0.8458344,10.48818,0.04878049,0.8292683,0.7804878,3.521841,2.676006,146234,64583.73,0,16,0,1531638,91,3188736,,,
superblock,cube,jpeg-residual-q80,view,fast,stationary,50,20,0.03,0.25,0.5,0.03726009,1.490404,0.02439024,0.9756098,0.9512195,1.684965,1.647705,123184,49446.36,0,16,0,1173180,91,3188736,,,
superblock,cube,jpeg-residual-q80,view,moderate-mobile,stationary,10,50,0.06,0.5,0.75,0.1988768,5.046556,0.02439024,0.9512195,0.9268293,1.846582,1.647705,123184,49446.36,0,16,0,1173180,91,3188736,,,
superblock,cube,jpeg-residual-q80,view,constrained-mobile,stationary,2,100,0.12,1,1.25,0.576285,10.4964,0.02439024,0.902439,0.8780488,2.22399,1.647705,123184,49446.36,0,16,0,1173180,91,3188736,,,
superblock,cube,jpeg-residual-q80,view,very-constrained,stationary,0.75,150,0.21,1.75,2.25,1.11809,12.16146,0.02439024,0.8292683,0.7804878,2.765795,1.647705,123184,49446.36,0,16,0,1173180,91,3188736,,,
superblock,cube,jpeg-residual-q80,view-fill,fast,stationary,50,20,0.03,0.25,0.5,0.03726009,1.490404,0.02439024,0.9756098,0.9512195,1.684965,1.647705,1200480,1126742,0,91,0,1173180,91,18855936,,,
superblock,cube,jpeg-residual-q80,view-fill,moderate-mobile,stationary,10,50,0.06,0.5,0.75,0.1988768,5.046556,0.02439024,0.9512195,0.9268293,1.846582,1.647705,1200480,1126742,0,91,0,1173180,91,18855936,,,
superblock,cube,jpeg-residual-q80,view-fill,constrained-mobile,stationary,2,100,0.12,1,1.25,0.576285,10.4964,0.02439024,0.902439,0.8780488,2.22399,1.647705,1200480,1126742,0,91,0,1173180,91,18855936,,,
superblock,cube,jpeg-residual-q80,view-fill,very-constrained,stationary,0.75,150,0.21,1.75,2.25,1.11809,12.16146,0.02439024,0.8292683,0.7804878,2.765795,1.647705,651643,577905.4,0,63,0,1173180,91,10729472,,,
superblock,cube,jpeg-residual-q80,global,fast,stationary,50,20,0.03,1,1.25,0.4971334,8.158574,0.02439024,0.902439,0.8780488,2.144839,1.647705,1200480,1126742,0,91,0,1173180,91,18855936,,,
superblock,cube,jpeg-residual-q80,global,moderate-mobile,stationary,10,50,0.06,2.25,2.25,1.291146,10.4964,0.02439024,0.7804878,0.7804878,2.938852,1.647705,1200480,1126742,0,91,0,1173180,91,18855936,,,
superblock,cube,jpeg-residual-q80,global,constrained-mobile,stationary,2,100,0.12,5.25,5.5,3.278726,12.16146,0.02439024,0.4878049,0.4634146,4.926431,1.647705,1200480,1126742,0,91,0,1173180,91,18855936,,,
superblock,cube,jpeg-residual-q80,global,very-constrained,stationary,0.75,150,0.21,10,,6.390116,12.16146,0.02439024,0.02439024,0,8.037821,1.647705,654871.5,602282.9,0,62,0,1173180,91,10729472,,,
superblock,cube,jpeg-replacement-q80,view,fast,stationary,50,20,0.03,0.25,0.25,0.005537791,0.2215116,0.02439024,0.9756098,0.9756098,1.652555,1.647017,149670,59574.89,0,16,0,1429759,91,3188736,,,
superblock,cube,jpeg-replacement-q80,view,moderate-mobile,stationary,10,50,0.06,0.5,0.75,0.1712784,5.052339,0.02439024,0.9512195,0.9268293,1.818296,1.647017,149670,59574.89,0,16,0,1429759,91,3188736,,,
superblock,cube,jpeg-replacement-q80,view,constrained-mobile,stationary,2,100,0.12,1,1.25,0.6096988,10.48807,0.02439024,0.902439,0.8780488,2.256716,1.647017,149670,59574.89,0,16,0,1429759,91,3188736,,,
superblock,cube,jpeg-replacement-q80,view,very-constrained,stationary,0.75,150,0.21,1.75,2.5,1.260292,12.16215,0.02439024,0.8292683,0.7560976,2.907309,1.647017,149670,59574.89,0,16,0,1429759,91,3188736,,,
superblock,cube,jpeg-replacement-q80,view-fill,fast,stationary,50,20,0.03,0.25,0.25,0.005537791,0.2215116,0.02439024,0.9756098,0.9756098,1.652555,1.647017,1457059,1366964,0,91,0,1429759,91,18855936,,,
superblock,cube,jpeg-replacement-q80,view-fill,moderate-mobile,stationary,10,50,0.06,0.5,0.75,0.1712784,5.052339,0.02439024,0.9512195,0.9268293,1.818296,1.647017,1457059,1366964,0,91,0,1429759,91,18855936,,,
superblock,cube,jpeg-replacement-q80,view-fill,constrained-mobile,stationary,2,100,0.12,1,1.25,0.6096988,10.48807,0.02439024,0.902439,0.8780488,2.256716,1.647017,1457059,1366964,0,91,0,1429759,91,18855936,,,
superblock,cube,jpeg-replacement-q80,view-fill,very-constrained,stationary,0.75,150,0.21,1.75,2.5,1.260292,12.16215,0.02439024,0.8292683,0.7560976,2.907309,1.647017,707591.5,617496.4,0,58,0,1429759,91,9680896,,,
superblock,cube,jpeg-replacement-q80,view-direct,fast,stationary,50,20,0.03,0.25,0.25,0,0,0.02439024,0.9756098,0.9756098,1.647017,1.647017,107858,42246.6,0,10,0,1429759,91,2414592,,,
superblock,cube,jpeg-replacement-q80,view-direct,moderate-mobile,stationary,10,50,0.06,0.5,0.5,0.2774523,11.09809,0.02439024,0.9512195,0.9512195,1.92447,1.647017,107858,42246.6,0,10,0,1429759,91,2414592,,,
superblock,cube,jpeg-replacement-q80,view-direct,constrained-mobile,stationary,2,100,0.12,1,1,0.6967174,12.12906,0.02439024,0.902439,0.902439,2.343735,1.647017,107858,42246.6,0,10,0,1429759,91,2414592,,,
superblock,cube,jpeg-replacement-q80,view-direct,very-constrained,stationary,0.75,150,0.21,1.75,1.75,1.39725,12.16215,0.02439024,0.8292683,0.8292683,3.044267,1.647017,107858,42246.6,0,10,0,1429759,91,2414592,,,
superblock,cube,jpeg-replacement-q80,global,fast,stationary,50,20,0.03,1,1.25,0.497533,8.165173,0.02439024,0.902439,0.8780488,2.14455,1.647017,1457059,1366964,0,91,0,1429759,91,18855936,,,
superblock,cube,jpeg-replacement-q80,global,moderate-mobile,stationary,10,50,0.06,2.25,2.5,1.364182,10.48807,0.02439024,0.7804878,0.7560976,3.011199,1.647017,1457059,1366964,0,91,0,1429759,91,18855936,,,
superblock,cube,jpeg-replacement-q80,global,constrained-mobile,stationary,2,100,0.12,5.75,6,3.579623,12.16215,0.02439024,0.4390244,0.4146341,5.226641,1.647017,1457059,1366964,0,91,0,1429759,91,18855936,,,
superblock,cube,jpeg-replacement-q80,global,very-constrained,stationary,0.75,150,0.21,,,6.540778,12.16215,0.02439024,0,0,8.187796,1.647017,718573.5,693571.3,0,55,0,1429759,91,8894464,,,
superblock,cube,jpeg-replacement-q80-whole,global,fast,stationary,50,20,0.03,0.5,0.5,0.2041902,8.16761,0.02439024,0.9512195,0.9512195,1.848771,1.644581,1418255,1335555,0,25,0,1410755,25,18855936,,,
superblock,cube,jpeg-replacement-q80-whole,global,moderate-mobile,stationary,10,50,0.06,1.5,1.5,0.8391951,10.49051,0.02439024,0.8536585,0.8536585,2.483776,1.644581,1418255,1335555,0,25,0,1410755,25,18855936,,,
superblock,cube,jpeg-replacement-q80-whole,global,constrained-mobile,stationary,2,100,0.12,4.75,4.75,3.012122,12.16459,0.02439024,0.5365854,0.5365854,4.656703,1.644581,1418255,1335555,0,25,0,1410755,25,18855936,,,
superblock,cube,jpeg-replacement-q80-whole,global,very-constrained,stationary,0.75,150,0.21,,,6.601177,12.16459,0.02439024,0,0,8.245758,1.644581,819210.5,761775.3,0,23,0,1410755,25,9418752,,,
superblock,cube,jpeg-replacement-q80-whole,view-direct,fast,stationary,50,20,0.03,0.25,0.25,0,0,0.02439024,0.9756098,0.9756098,1.644581,1.644581,104023,45042.23,0,2,0,1410755,25,2414592,,,
superblock,cube,jpeg-replacement-q80-whole,view-direct,moderate-mobile,stationary,10,50,0.06,0.25,0.25,0,0,0.02439024,0.9756098,0.9756098,1.644581,1.644581,104023,45042.23,0,2,0,1410755,25,2414592,,,
superblock,cube,jpeg-replacement-q80-whole,view-direct,constrained-mobile,stationary,2,100,0.12,0.75,0.75,0.6082293,12.16459,0.02439024,0.9268293,0.9268293,2.25281,1.644581,104023,45042.23,0,2,0,1410755,25,2414592,,,
superblock,cube,jpeg-replacement-q80-whole,view-direct,very-constrained,stationary,0.75,150,0.21,1.5,1.5,1.520573,12.16459,0.02439024,0.8536585,0.8536585,3.165154,1.644581,104023,45042.23,0,2,0,1410755,25,2414592,,,
northrop-mall,cube,haar-residual-d12,view,fast,quick-turn,50,20,0.03,0.25,0.5,0.2362352,4.23374,0.02439024,0.9268293,0.902439,-0.4889909,-0.7198897,850318,351829.2,0,52,0,1416354,91,9693184,0,0.15,0.15
northrop-mall,cube,haar-residual-d12,view,moderate-mobile,quick-turn,10,50,0.08,0.5,0.75,0.6699756,7.698766,0.02439024,0.8780488,0.8536585,-0.05525058,-0.7198897,723286,278461.7,12500,40,1,1416354,91,7268352,3.661239,0.4,0.4
northrop-mall,cube,haar-residual-d12,view,constrained-mobile,quick-turn,2,100,0.21,1.5,1.75,2.074358,11.36053,0.02439024,0.7073171,0.6585366,1.349132,-0.7198897,638443,207159.7,5000,37,3,1416354,91,6543360,9.741284,1.15,1.4
northrop-mall,cube,haar-residual-d12,view,very-constrained,quick-turn,0.75,150,0.43,5.25,6,3.735439,11.38618,0.04878049,0.4878049,0.4146341,3.004603,-0.7198897,461316.5,155075.9,22003.5,27,3,1416354,91,4261888,9.741284,2.65,3.4
northrop-mall,cube,haar-residual-d12,view-fill,fast,quick-turn,50,20,0.03,0.25,0.5,0.03586196,1.434478,0.02439024,0.9756098,0.9512195,-0.6893642,-0.7198897,1443654,918602,0,91,0,1416354,91,18855936,0,0.15,0.15
northrop-mall,cube,haar-residual-d12,view-fill,moderate-mobile,quick-turn,10,50,0.08,0.5,0.75,0.2982989,6.437718,0.02439024,0.9268293,0.902439,-0.4269273,-0.7198897,1443654,918602,0,95,4,1416354,91,18855936,0,0.15,0.15
northrop-mall,cube,haar-residual-d12,view-fill,constrained-mobile,quick-turn,2,100,0.21,1.5,1.75,1.97875,11.36053,0.02439024,0.7073171,0.6585366,1.253524,-0.7198897,1453654,920604.6,10000,94,3,1416354,91,18855936,7.783658,1.15,1.4
northrop-mall,cube,haar-residual-d12,view-fill,very-constrained,quick-turn,0.75,150,0.43,5.25,6,3.735439,11.38618,0.04878049,0.4878049,0.4146341,3.004603,-0.7198897,732623.5,384164.1,22003.5,49,3,1416354,91,6862848,9.741284,2.65,3.4
northrop-mall,cube,haar-residual-d12,global,fast,quick-turn,50,20,0.03,1,1.25,0.5016983,7.92348,0.02439024,0.902439,0.8780488,-0.2235279,-0.7198897,1443654,918602,0,91,0,1416354,91,18855936,0,0.15,0.15
northrop-mall,cube,haar-residual-d12,global,moderate-mobile,quick-turn,10,50,0.08,2.25,2.75,1.383683,9.915405,0.02439024,0.7560976,0.7317073,0.6584573,-0.7198897,1443654,918602,0,91,0,1416354,91,18855936,0,0.15,0.15
northrop-mall,cube,haar-residual-d12,global,constrained-mobile,quick-turn,2,100,0.21,7,7.25,4.328251,11.36053,0.02439024,0.3170732,0.2926829,3.603025,-0.7198897,1443654,918602,0,91,0,1416354,91,18855936,7.783658,4.4,4.65
northrop-mall,cube,haar-residual-d12,global,very-constrained,quick-turn,0.75,150,0.43,,,7.164052,11.36053,0.04878049,0,0,6.433215,-0.7198897,699299,414170.5,0,49,0,1416354,91,7321600,7.783658,,
northrop-mall,cube,haar-residual-d12-p0.5,view,fast,quick-turn,50,20,0.03,0.25,0.5,0.202218,3.65435,0.02439024,0.9268293,0.902439,0.3386573,0.1392989,756568,304742.8,0,52,0,1293798,91,9693184,0,0.15,0.15
northrop-mall,cube,haar-residual-d12-p0.5,view,moderate-mobile,quick-turn,10,50,0.07,0.5,0.75,0.5839442,6.889463,0.02439024,0.902439,0.8536585,0.7203834,0.1392989,648598,248339.2,22308,40,1,1293798,91,7268352,2.769448,0.15,0.4
northrop-mall,cube,haar-residual-d12-p0.5,view,constrained-mobile,quick-turn,2,100,0.16,1.25,1.75,1.730422,10.6145,0.02439024,0.7560976,0.6585366,1.866862,0.1392989,576681,182538.6,10000,37,3,1293798,91,6543360,8.899018,0.9,1.4
northrop-mall,cube,haar-residual-d12-p0.5,view,very-constrained,quick-turn,0.75,150,0.31,4.75,5.75,3.031695,10.6145,0.04878049,0.5365854,0.4390244,3.165128,0.1392989,434855,143100,7500,28,2,1293798,91,4786176,8.899018,2.15,3.15
northrop-mall,cube,jpeg-residual-q80,view,fast,quick-turn,50,20,0.03,0.25,0.5,0.2410795,4.258338,0.02439024,0.9268293,0.902439,0.2212018,-0.01483534,621822,238950.3,0,52,0,1082401,91,9693184,0,0.15,0.15
northrop-mall,cube,jpeg-residual-q80,view,moderate-mobile,quick-turn,10,50,0.06,0.5,0.75,0.6377666,7.592357,0.02439024,0.8780488,0.8536585,0.6178889,-0.01483534,514518,176319.3,0,41,0,1082401,91,7464960,3.267792,0.4,0.4
northrop-mall,cube,jpeg-residual-q80,view,constrained-mobile,quick-turn,2,100,0.12,1.25,1.5,1.635535,9.595911,0.02439024,0.7317073,0.6829268,1.615658,-0.01483534,471713,143836.6,10000,37,3,1082401,91,6543360,6.538965,1.15,1.4
northrop-mall,cube,jpeg-residual-q80,view,very-constrained,quick-turn,0.75,150,0.21,4.75,5.25,3.002211,11.13296,0.02439024,0.5365854,0.4878049,2.982334,-0.01483534,388442.5,115830.3,27187.5,31,3,1082401,91,5195776,9.461846,2.15,2.65
northrop-mall,cube,jpeg-residual-q80,view-fill,fast,quick-turn,50,20,0.03,0.25,0.5,0.03531813,1.412725,0.02439024,0.9756098,0.9512195,0.01544048,-0.01483534,1109701,701806,0,91,0,1082401,91,18855936,0,0.15,0.15
northrop-mall,cube,jpeg-residual-q80,view-fill,moderate-mobile,quick-turn,10,50,0.06,0.5,0.75,0.265044,5.546237,0.02439024,0.9512195,0.902439,0.2451663,-0.01483534,1109701,701806,0,95,4,1082401,91,18855936,0,0.15,0.15
northrop-mall,cube,jpeg-residual-q80,view-fill,constrained-mobile,quick-turn,2,100,0.12,1.25,1.5,1.424723,9.595911,0.02439024,0.7560976,0.7073171,1.404845,-0.01483534,1109701,701806,0,93,2,1082401,91,18855936,5.043364,0.9,1.15
northrop-mall,cube,jpeg-residual-q80,view-fill,very-constrained,quick-turn,0.75,150,0.21,4.75,5.25,3.002211,11.13296,0.02439024,0.5365854,0.4878049,2.982334,-0.01483534,654035.5,297100.8,27187.5,63,3,1082401,91,9943040,9.461846,2.15,2.65
northrop-mall,cube,jpeg-residual-q80,global,fast,quick-turn,50,20,0.03,1,1.25,0.4809778,7.709229,0.02439024,0.902439,0.8780488,0.4611002,-0.01483534,1109701,701806,0,91,0,1082401,91,18855936,0,0.15,0.15
northrop-mall,cube,jpeg-residual-q80,global,moderate-mobile,quick-turn,10,50,0.06,2.25,2.25,1.278622,9.580639,0.02439024,0.7804878,0.7560976,1.258745,-0.01483534,1109701,701806,0,91,0,1082401,91,18855936,0,0.15,0.15
northrop-mall,cube,jpeg-residual-q80,global,constrained-mobile,quick-turn,2,100,0.12,6,6.25,3.470283,10.9931,0.02439024,0.4146341,0.3902439,3.450405,-0.01483534,1109701,701806,0,91,0,1082401,91,18855936,4.81623,3.4,3.65
northrop-mall,cube,jpeg-residual-q80,global,very-constrained,quick-turn,0.75,150,0.21,,,6.31175,10.9931,0.02439024,0,0,6.291872,-0.01483534,620675,376497.5,0,62,0,1082401,91,10467328,7.644171,,
northrop-mall,cube,jpeg-replacement-q80,view,fast,quick-turn,50,20,0.03,0.25,0.25,0.2190142,4.243669,0.02439024,0.9268293,0.9268293,0.2247911,0.0107391,745814,285034.8,0,52,0,1298191,91,9693184,0,0.15,0.15
northrop-mall,cube,jpeg-replacement-q80,view,moderate-mobile,quick-turn,10,50,0.06,0.5,0.75,0.6423347,6.68942,0.02439024,0.8780488,0.8536585,0.6481117,0.0107391,617526,210672.7,0,41,0,1298191,91,7464960,4.341826,0.4,0.4
northrop-mall,cube,jpeg-replacement-q80,view,constrained-mobile,quick-turn,2,100,0.12,1.25,1.75,1.782785,10.97073,0.02439024,0.7317073,0.6585366,1.788562,0.0107391,564547,171654,10000,37,3,1298191,91,6543360,6.515991,1.15,1.4
northrop-mall,cube,jpeg-replacement-q80,view,very-constrained,quick-turn,0.75,150,0.21,5,5.75,3.235265,11.11427,0.02439024,0.5121951,0.4390244,3.241042,0.0107391,417890.5,132933.6,13732.5,31,5,1298191,91,4786176,9.448235,2.4,3.15
northrop-mall,cube,jpeg-replacement-q80,view-fill,fast,quick-turn,50,20,0.03,0.25,0.25,0.01368599,0.5474396,0.02439024,0.9756098,0.9756098,0.01946295,0.0107391,1325491,834904.2,0,91,0,1298191,91,18855936,0,0.15,0.15
northrop-mall,cube,jpeg-replacement-q80,view-fill,moderate-mobile,quick-turn,10,50,0.06,0.5,0.75,0.2944603,5.530052,0.02439024,0.9268293,0.902439,0.3002373,0.0107391,1325491,834904.2,0,95,4,1298191,91,18855936,0,0.15,0.15
northrop-mall,cube,jpeg-replacement-q80,view-fill,constrained-mobile,quick-turn,2,100,0.12,1.25,1.75,1.607971,10.97073,0.02439024,0.7560976,0.6829268,1.613747,0.0107391,1325491,834904.2,0,93,2,1298191,91,18855936,6.077361,0.9,1.15
northrop-mall,cube,jpeg-replacement-q80,view-fill,very-constrained,quick-turn,0.75,150,0.21,5,5.75,3.235265,11.11427,0.02439024,0.5121951,0.4390244,3.241042,0.0107391,641619,314946.6,13732.5,58,5,1298191,91,8370176,9.448235,2.4,3.15
northrop-mall,cube,jpeg-replacement-q80,view-direct,fast,quick-turn,50,20,0.03,0.25,0.25,0.1874152,4.158504,0.02439024,0.9268293,0.9268293,0.1931922,0.0107391,604799,245784.3,0,32,0,1298191,91,8181760,0,0.15,0.15
northrop-mall,cube,jpeg-replacement-q80,view-direct,moderate-mobile,quick-turn,10,50,0.06,0.5,0.5,0.7276329,10.02691,0.02439024,0.902439,0.8780488,0.7334098,0.0107391,503829,160823.5,0,28,1,1298191,91,6871040,1.852101,0.15,0.4
northrop-mall,cube,jpeg-replacement-q80,view-direct,constrained-mobile,quick-turn,2,100,0.12,1.25,1.25,1.915265,11.25436,0.02439024,0.7560976,0.7317073,1.921042,0.0107391,438655,123686.6,0,23,0,1298191,91,5822464,9.110196,0.9,1.15
northrop-mall,cube,jpeg-replacement-q80,view-direct,very-constrained,quick-turn,0.75,150,0.21,4.75,5,3.805027,11.25436,0.02439024,0.5365854,0.5121951,3.810804,0.0107391,372409.5,112868.4,28544.5,21,4,1298191,91,4249600,10.8832,2.15,2.4
northrop-mall,cube,jpeg-replacement-q80,global,fast,quick-turn,50,20,0.03,1,1.25,0.4798859,7.695026,0.02439024,0.902439,0.8780488,0.4856628,0.0107391,1325491,834904.2,0,91,0,1298191,91,18855936,0,0.15,0.15
northrop-mall,cube,jpeg-replacement-q80,global,moderate-mobile,quick-turn,10,50,0.06,2.25,2.25,1.322101,9.562841,0.02439024,0.7560976,0.7560976,1.327878,0.0107391,1325491,834904.2,0,91,0,1298191,91,18855936,0,0.15,0.15
northrop-mall,cube,jpeg-replacement-q80,global,constrained-mobile,quick-turn,2,100,0.12,6.5,6.75,3.742762,10.97073,0.02439024,0.3658537,0.3414634,3.748539,0.0107391,1325491,834904.2,0,91,0,1298191,91,18855936,4.792347,3.9,4.15
northrop-mall,cube,jpeg-replacement-q80,global,very-constrained,quick-turn,0.75,150,0.21,,,6.37657,10.97073,0.02439024,0,0,6.382347,0.0107391,655219,429276.6,0,58,0,1298191,91,9680896,7.626872,,
northrop-mall,cube,jpeg-replacement-q80-whole,global,fast,quick-turn,50,20,0.03,0.5,0.5,0.192407,7.696281,0.02439024,0.9512195,0.9512195,0.1964177,0.008985254,1287939,800467.3,0,25,0,1280439,25,18855936,0,0.15,0.15
northrop-mall,cube,jpeg-replacement-q80-whole,global,moderate-mobile,quick-turn,10,50,0.06,1.5,1.5,0.7949044,9.564096,0.02439024,0.8536585,0.8536585,0.798915,0.008985254,1287939,800467.3,0,25,0,1280439,25,18855936,0,0.15,0.15
northrop-mall,cube,jpeg-replacement-q80-whole,global,constrained-mobile,quick-turn,2,100,0.12,5,5,2.971204,10.97198,0.02439024,0.5121951,0.5121951,2.975214,0.008985254,1287939,800467.3,0,25,0,1280439,25,18855936,4.794039,2.4,2.4
northrop-mall,cube,jpeg-replacement-q80-whole,global,very-constrained,quick-turn,0.75,150,0.21,,,6.311609,10.97198,0.02439024,0,0,6.315619,0.008985254,822120.5,460497.2,0,23,0,1280439,25,9418752,7.628804,,
northrop-mall,cube,jpeg-replacement-q80-whole,view-direct,fast,quick-turn,50,20,0.03,0.25,0.25,0,0,0.02439024,0.9756098,0.9756098,0.004010643,0.008985254,816417,460395.3,0,6,0,1280439,25,11851776,0,0.15,0.15
northrop-mall,cube,jpeg-replacement-q80-whole,view-direct,moderate-mobile,quick-turn,10,50,0.06,0.5,0.5,0.8074314,10.97198,0.02439024,0.902439,0.902439,0.8114421,0.008985254,816417,460395.3,0,6,0,1280439,25,11851776,0,0.15,0.15
northrop-mall,cube,jpeg-replacement-q80-whole,view-direct,constrained-mobile,quick-turn,2,100,0.12,1.25,1.25,2.73116,11.25593,0.02439024,0.7317073,0.7317073,2.735171,0.008985254,558126,202104.3,0,5,0,1280439,25,9492480,10.88513,1.15,1.15
northrop-mall,cube,jpeg-replacement-q80-whole,view-direct,very-constrained,quick-turn,0.75,150,0.21,6,6,6.315609,12.08581,0.02439024,0.4146341,0.4146341,6.319619,0.008985254,514433,168189.9,181875,4,1,1280439,25,4773888,10.88513,3.4,3.4
bookstore,cube,haar-residual-d12,view,fast,quick-turn,50,20,0.03,0.25,0.5,0.2407798,4.943009,0.02439024,0.9268293,0.902439,1.437345,1.199806,271547,100752.9,0,52,0,374015,91,9693184,0,0.15,0.15
bookstore,cube,haar-residual-d12,view,moderate-mobile,quick-turn,10,50,0.07,0.5,0.75,0.8262957,12.32424,0.02439024,0.8780488,0.8536585,2.02286,1.199806,233773,86310.24,0,43,0,374015,91,7661568,4.817717,0.4,0.4
bookstore,cube,haar-residual-d12,view,constrained-mobile,quick-turn,2,100,0.19,1.25,1.25,1.791139,15.20125,0.02439024,0.7804878,0.7560976,2.987703,1.199806,199025,60319.76,10000,37,3,374015,91,6543360,6.276524,0.65,0.9
bookstore,cube,haar-residual-d12,view,very-constrained,quick-turn,0.75,150,0.37,1.75,2,2.638073,15.39718,0.04878049,0.6829268,0.6341463,3.83123,1.199806,184125.8,56585.22,11718.75,35,3,374015,91,6359040,12.50102,1.15,1.4
bookstore,cube,haar-residual-d12,view-fill,fast,quick-turn,50,20,0.03,0.25,0.5,0.03044791,1.217916,0.02439024,0.9756098,0.9512195,1.227013,1.199806,401315,225811.6,0,91,0,374015,91,18855936,0,0.15,0.15
bookstore,cube,haar-residual-d12,view-fill,moderate-mobile,quick-turn,10,50,0.07,0.5,0.75,0.1664845,5.325021,0.02439024,0.9512195,0.9268293,1.363049,1.199806,401315,225811.6,0,94,3,374015,91,18855936,0,0.15,0.15
bookstore,cube,haar-residual-d12,view-fill,constrained-mobile,quick-turn,2,100,0.19,1.25,1.25,1.346849,15.20125,0.02439024,0.7804878,0.7804878,2.543414,1.199806,401315,225811.6,0,93,2,374015,91,18855936,4.896266,0.65,0.65
bookstore,cube,haar-residual-d12,view-fill,very-constrained,quick-turn,0.75,150,0.37,1.75,2,2.569186,15.20125,0.04878049,0.6829268,0.6341463,3.762343,1.199806,395204,212879.3,11250,90,4,374015,91,17020928,12.50102,1.15,1.4
bookstore,cube,haar-residual-d12,global,fast,quick-turn,50,20,0.03,1,1.25,0.5119367,9.216721,0.02439024,0.902439,0.8780488,1.708501,1.199806,401315,225811.6,0,91,0,374015,91,18855936,0,0.15,0.15
bookstore,cube,haar-residual-d12,global,moderate-mobile,quick-turn,10,50,0.07,2,2.25,1.310042,12.77738,0.02439024,0.804878,0.7804878,2.506606,1.199806,401315,225811.6,0,91,0,374015,91,18855936,0,0.15,0.15
bookstore,cube,haar-residual-d12,global,constrained-mobile,quick-turn,2,100,0.19,5,5.25,3.467139,15.20125,0.02439024,0.5121951,0.4878049,4.663703,1.199806,401315,225811.6,0,91,0,374015,91,18855936,4.896266,2.4,2.65
bookstore,cube,haar-residual-d12,global,very-constrained,quick-turn,0.75,150,0.37,8.75,9,6.504458,15.20125,0.04878049,0.1463415,0.1219512,7.697615,1.199806,386215,210711.6,0,87,0,374015,91,17283072,9.096393,6.15,6.4
bookstore,cube,haar-residual-d12-p0.5,view,fast,quick-turn,50,20,0.03,0.25,0.25,0.1537084,3.403575,0.02439024,0.9512195,0.9268293,4.04833,3.899903,218750,74241.92,0,52,0,307423,91,9693184,0,0.15,0.15
bookstore,cube,haar-residual-d12-p0.5,view,moderate-mobile,quick-turn,10,50,0.06,0.5,0.5,0.5066563,7.231999,0.02439024,0.902439,0.8780488,4.401278,3.899903,179234,58057.28,0,41,0,307423,91,7464960,2.30665,0.15,0.4
bookstore,cube,haar-residual-d12-p0.5,view,constrained-mobile,quick-turn,2,100,0.15,1,1,1.204279,12.46921,0.02439024,0.804878,0.804878,5.098901,3.899903,159871,43898.97,10000,37,3,307423,91,6543360,3.866667,0.65,0.65
bookstore,cube,haar-residual-d12-p0.5,view,very-constrained,quick-turn,0.75,150,0.26,1.5,1.75,1.808272,13.00408,0.04878049,0.7073171,0.6829268,5.697342,3.899903,149758,42116.05,9375,36,3,307423,91,6395904,9.944549,1.15,1.15
bookstore,cube,jpeg-residual-q80,view,fast,quick-turn,50,20,0.03,0.25,0.5,0.2773077,5.331727,0.02439024,0.9268293,0.902439,1.693166,1.416739,257493,91708.97,0,52,0,414399,91,9693184,0,0.15,0.15
bookstore,cube,jpeg-residual-q80,view,moderate-mobile,quick-turn,10,50,0.06,0.5,0.75,0.7815671,9.814124,0.02439024,0.8780488,0.8536585,2.197425,1.416739,200440,64733.2,0,41,0,414399,91,7464960,4.373642,0.4,0.4
bookstore,cube,jpeg-residual-q80,view,constrained-mobile,quick-turn,2,100,0.12,1,1.25,1.736365,15.30966,0.02439024,0.804878,0.7560976,3.152223,1.416739,182880,51305.76,10000,38,3,414399,91,6674432,7.021677,0.65,0.9
bookstore,cube,jpeg-residual-q80,view,very-constrained,quick-turn,0.75,150,0.19,1.75,2,2.874134,15.45949,0.02439024,0.6829268,0.6097561,4.289991,1.416739,168402,46213.34,0,37,3,414399,91,6543360,12.85765,1.15,1.65
bookstore,cube,jpeg-residual-q80,view-fill,fast,quick-turn,50,20,0.03,0.25,0.5,0.03698492,1.479397,0.02439024,0.9756098,0.9512195,1.452843,1.416739,441699,267049.5,0,91,0,414399,91,18855936,0,0.15,0.15
bookstore,cube,jpeg-residual-q80,view-fill,moderate-mobile,quick-turn,10,50,0.06,0.5,0.75,0.1955172,6.15351,0.02439024,0.9512195,0.9268293,1.611375,1.416739,441699,267049.5,0,94,3,414399,91,18855936,0,0.15,0.15
bookstore,cube,jpeg-residual-q80,view-fill,constrained-mobile,quick-turn,2,100,0.12,1,1.25,1.303135,13.16037,0.02439024,0.804878,0.7804878,2.718993,1.416739,441699,267049.5,0,93,2,414399,91,18855936,5.712523,0.65,0.65
bookstore,cube,jpeg-residual-q80,view-fill,very-constrained,quick-turn,0.75,150,0.19,1.75,2,2.807098,15.45324,0.02439024,0.6829268,0.6097561,4.222956,1.416739,406185.5,231536,0,90,4,414399,91,17020928,12.85765,1.15,1.65
bookstore,cube,jpeg-residual-q80,global,fast,quick-turn,50,20,0.03,1,1.25,0.5789665,9.856464,0.02439024,0.902439,0.8780488,1.994824,1.416739,441699,267049.5,0,91,0,414399,91,18855936,0,0.15,0.15
bookstore,cube,jpeg-residual-q80,global,moderate-mobile,quick-turn,10,50,0.06,2,2.25,1.408898,13.16037,0.02439024,0.804878,0.7804878,2.824756,1.416739,441699,267049.5,0,91,0,414399,91,18855936,0,0.15,0.15
bookstore,cube,jpeg-residual-q80,global,constrained-mobile,quick-turn,2,100,0.12,4.75,5,3.55387,15.45324,0.02439024,0.5365854,0.5121951,4.969728,1.416739,441699,267049.5,0,91,0,414399,91,18855936,5.712523,2.15,2.4
bookstore,cube,jpeg-residual-q80,global,very-constrained,quick-turn,0.75,150,0.19,8.5,9,6.584709,15.45324,0.02439024,0.1707317,0.1219512,8.000566,1.416739,403373,228723.5,0,86,0,414399,91,16758784,9.686448,5.9,6.4
bookstore,cube,jpeg-replacement-q80,view,fast,quick-turn,50,20,0.03,0.25,0.25,0.2597027,5.349123,0.02439024,0.9268293,0.9268293,1.614639,1.355856,311909,108453.7,0,52,0,496949,91,9693184,0,0.15,0.15
bookstore,cube,jpeg-replacement-q80,view,moderate-mobile,quick-turn,10,50,0.06,0.5,0.75,0.800226,9.873885,0.02439024,0.8780488,0.8536585,2.155162,1.355856,241830,76532.86,0,41,0,496949,91,7464960,4.404898,0.4,0.4
bookstore,cube,jpeg-replacement-q80,view,constrained-mobile,quick-turn,2,100,0.12,1,1.25,1.767779,13.21645,0.02439024,0.7804878,0.7560976,3.122715,1.355856,213812,56692.61,10000,37,3,496949,91,6543360,6.493686,0.9,0.9
bookstore,cube,jpeg-replacement-q80,view,very-constrained,quick-turn,0.75,150,0.19,1.75,2,2.994681,15.53595,0.02439024,0.6585366,0.6097561,4.349617,1.355856,203414.5,54556.68,937.5,37,4,496949,91,6506496,12.90962,1.4,1.65
bookstore,cube,jpeg-replacement-q80,view-fill,fast,quick-turn,50,20,0.03,0.25,0.25,0.01846227,0.7384908,0.02439024,0.9756098,0.9756098,1.373398,1.355856,524249,310363.3,0,91,0,496949,91,18855936,0,0.15,0.15
bookstore,cube,jpeg-replacement-q80,view-fill,moderate-mobile,quick-turn,10,50,0.06,0.5,0.75,0.2132959,6.58545,0.02439024,0.9512195,0.9268293,1.568232,1.355856,524249,310363.3,0,94,3,496949,91,18855936,0,0.15,0.15
bookstore,cube,jpeg-replacement-q80,view-fill,constrained-mobile,quick-turn,2,100,0.12,1,1.25,1.347228,13.21645,0.02439024,0.804878,0.7804878,2.702164,1.355856,524249,310363.3,0,93,2,496949,91,18855936,5.738279,0.65,0.65
bookstore,cube,jpeg-replacement-q80,view-fill,very-constrained,quick-turn,0.75,150,0.19,1.75,2,2.994681,15.53595,0.02439024,0.6585366,0.6097561,4.349617,1.355856,460140,246254.3,937.5,84,4,496949,91,15448064,12.90962,1.4,1.65
bookstore,cube,jpeg-replacement-q80,view-direct,fast,quick-turn,50,20,0.03,0.25,0.25,0.2587294,8.343985,0.02439024,0.9512195,0.9268293,1.613665,1.355856,220686,75202.19,0,32,0,496949,91,8181760,0,0.15,0.15
bookstore,cube,jpeg-replacement-q80,view-direct,moderate-mobile,quick-turn,10,50,0.06,0.5,0.5,0.9103545,14.83755,0.02439024,0.902439,0.902439,2.26529,1.355856,193703,50954.52,0,28,1,496949,91,6871040,0,0.15,0.15
bookstore,cube,jpeg-replacement-q80,view-direct,constrained-mobile,quick-turn,2,100,0.12,1,1,1.979446,15.76671,0.02439024,0.804878,0.804878,3.334382,1.355856,165635,36169.92,0,23,0,496949,91,5822464,9.246417,0.65,0.65
bookstore,cube,jpeg-replacement-q80,view-direct,very-constrained,quick-turn,0.75,150,0.19,1.75,1.75,3.379537,15.76671,0.02439024,0.6829268,0.6829268,4.734472,1.355856,142533.5,32363.88,8560.5,22,2,496949,91,5036032,12.71945,1.15,1.15
bookstore,cube,jpeg-replacement-q80,global,fast,quick-turn,50,20,0.03,1,1.25,0.5825122,9.90089,0.02439024,0.902439,0.8780488,1.937448,1.355856,524249,310363.3,0,91,0,496949,91,18855936,0,0.15,0.15
bookstore,cube,jpeg-replacement-q80,global,moderate-mobile,quick-turn,10,50,0.06,2,2.25,1.453247,13.21645,0.02439024,0.804878,0.7804878,2.808183,1.355856,524249,310363.3,0,91,0,496949,91,18855936,0,0.15,0.15
bookstore,cube,jpeg-replacement-q80,global,constrained-mobile,quick-turn,2,100,0.12,5,5.25,3.748176,15.51259,0.02439024,0.5121951,0.4878049,5.103112,1.355856,524249,310363.3,0,91,0,496949,91,18855936,5.738279,2.4,2.65
bookstore,cube,jpeg-replacement-q80,global,very-constrained,quick-turn,0.75,150,0.19,9.25,10,7.208907,15.51259,0.02439024,0.09756098,0.02439024,8.563843,1.355856,449484,235598.3,0,76,0,496949,91,14399488,9.734292,6.65,7.4
bookstore,cube,jpeg-replacement-q80-whole,global,fast,quick-turn,50,20,0.03,0.5,0.5,0.2475897,9.903588,0.02439024,0.9512195,0.9512195,1.601124,1.354422,485215,295811,0,25,0,477715,25,18855936,0,0.15,0.15
bookstore,cube,jpeg-replacement-q80-whole,global,moderate-mobile,quick-turn,10,50,0.06,1.25,1.25,0.8709597,13.21914,0.02439024,0.8780488,0.8780488,2.224493,1.354422,485215,295811,0,25,0,477715,25,18855936,0,0.15,0.15
bookstore,cube,jpeg-replacement-q80-whole,global,constrained-mobile,quick-turn,2,100,0.12,3,3,2.418665,15.51529,0.02439024,0.7073171,0.7073171,3.772199,1.354422,485215,295811,0,25,0,477715,25,18855936,5.739046,0.4,0.4
bookstore,cube,jpeg-replacement-q80-whole,global,very-constrained,quick-turn,0.75,150,0.19,6.25,6.25,5.120255,15.51529,0.02439024,0.3902439,0.3902439,6.473789,1.354422,485215,295811,0,25,0,477715,25,18855936,9.735371,3.65,3.65
bookstore,cube,jpeg-replacement-q80-whole,view-direct,fast,quick-turn,50,20,0.03,0.25,0.25,0,0,0.02439024,0.9756098,0.9756098,1.353534,1.354422,260623,135128.1,0,6,0,477715,25,11851776,0,0.15,0.15
bookstore,cube,jpeg-replacement-q80-whole,view-direct,moderate-mobile,quick-turn,10,50,0.06,0.25,0.25,0,0,0.02439024,0.9756098,0.9756098,1.353534,1.354422,260623,135128.1,0,6,0,477715,25,11851776,0,0.15,0.15
bookstore,cube,jpeg-replacement-q80-whole,view-direct,constrained-mobile,quick-turn,2,100,0.12,0.5,0.5,1.547001,15.76765,0.02439024,0.8780488,0.8780488,2.900535,1.354422,211697,86202.07,0,5,0,477715,25,9492480,15.41628,0.4,0.4
bookstore,cube,jpeg-replacement-q80-whole,view-direct,very-constrained,quick-turn,0.75,150,0.19,1,1,3.093579,15.76765,0.02439024,0.7804878,0.7804878,4.447113,1.354422,154942.5,63435.76,14062.5,5,1,477715,25,7133184,15.41628,0.9,0.9
superblock,cube,haar-residual-d12,view,fast,quick-turn,50,20,0.03,0.25,0.5,0.2456408,4.609997,0.02439024,0.9268293,0.902439,0.256008,0.03004243,891523,413691.6,0,52,0,1702387,91,9693184,0,0.15,0.15
superblock,cube,haar-residual-d12,view,moderate-mobile,quick-turn,10,50,0.08,0.5,0.75,0.8050842,10.15582,0.02439024,0.8780488,0.8292683,0.8154515,0.03004243,677147,283852.6,37500,41,3,1702387,91,7120896,5.02397,0.4,0.65
superblock,cube,haar-residual-d12,view,constrained-mobile,quick-turn,2,100,0.22,1.25,1.5,2.052769,12.31148,0.02439024,0.7317073,0.6829268,2.063137,0.03004243,539575,178387,5000,37,3,1702387,91,6543360,10.38293,1.15,1.4
superblock,cube,haar-residual-d12,view,very-constrained,quick-turn,0.75,150,0.46,5.25,6.25,3.80079,12.31148,0.04878049,0.4878049,0.3902439,3.790473,0.03004243,470354.5,143708.2,17812.5,31,2,1702387,91,5572608,10.38293,2.65,3.65
superblock,cube,haar-residual-d12,view-fill,fast,quick-turn,50,20,0.03,0.25,0.5,0.03616009,1.446404,0.02439024,0.9756098,0.9512195,0.04652738,0.03004243,1729687,1232767,0,91,0,1702387,91,18855936,0,0.15,0.15
superblock,cube,haar-residual-d12,view-fill,moderate-mobile,quick-turn,10,50,0.08,0.5,0.75,0.2681085,5.579041,0.02439024,0.9512195,0.902439,0.2784758,0.03004243,1754687,1257767,25000,94,3,1702387,91,18855936,0,0.15,0.15
superblock,cube,haar-residual-d12,view-fill,constrained-mobile,quick-turn,2,100,0.22,1.25,1.5,1.907543,12.31148,0.02439024,0.7317073,0.6585366,1.91791,0.03004243,1673517,1172466,30000,95,6,1702387,91,17807360,8.408517,1.15,1.65
superblock,cube,haar-residual-d12,view-fill,very-constrained,quick-turn,0.75,150,0.46,5.25,6.25,3.80079,12.31148,0.04878049,0.4878049,0.3902439,3.790473,0.03004243,750347.5,356487.8,17812.5,45,2,1702387,91,6993920,10.38293,2.65,3.65
superblock,cube,haar-residual-d12,global,fast,quick-turn,50,20,0.03,1,1.25,0.4976916,8.043104,0.02439024,0.902439,0.8780488,0.5080589,0.03004243,1729687,1232767,0,91,0,1702387,91,18855936,0,0.15,0.15
superblock,cube,haar-residual-d12,global,moderate-mobile,quick-turn,10,50,0.08,2.25,2.25,1.424657,10.56552,0.02439024,0.7560976,0.7317073,1.435024,0.03004243,1729687,1232767,0,91,0,1702387,91,18855936,1.110951,0.15,0.4
superblock,cube,haar-residual-d12,global,constrained-mobile,quick-turn,2,100,0.22,7.5,8,5.062127,12.31148,0.02439024,0.2682927,0.2195122,5.072494,0.03004243,1660503,1163583,0,90,0,1702387,91,18069504,8.408517,4.9,5.4
superblock,cube,haar-residual-d12,global,very-constrained,quick-turn,0.75,150,0.46,,,8.092639,12.31148,0.04878049,0,0,8.082322,0.03004243,757423,521971,0,39,0,1702387,91,4700160,10.38293,,
superblock,cube,haar-residual-d12-p0.5,view,fast,quick-turn,50,20,0.03,0.25,0.25,0.1892741,3.695255,0.02439024,0.9512195,0.9268293,1.691814,1.531161,767651,343324.1,0,52,0,1531638,91,9693184,0,0.15,0.15
superblock,cube,haar-residual-d12-p0.5,view,moderate-mobile,quick-turn,10,50,0.07,0.5,0.75,0.5774793,6.840302,0.02439024,0.8780488,0.8536585,2.080019,1.531161,589134,246447.1,25000,41,2,1531638,91,7268352,4.074272,0.4,0.4
superblock,cube,haar-residual-d12-p0.5,view,constrained-mobile,quick-turn,2,100,0.18,1,1.25,1.574213,10.48818,0.02439024,0.7804878,0.7073171,3.076753,1.531161,465999,149224.7,5000,37,3,1531638,91,6543360,9.04571,0.9,1.4
superblock,cube,haar-residual-d12-p0.5,view,very-constrained,quick-turn,0.75,150,0.35,1.75,6,2.763979,10.48818,0.04878049,0.5609756,0.4146341,4.23643,1.531161,423790,130061.8,20625,34,4,1531638,91,5834752,9.04571,2.4,3.4
superblock,cube,jpeg-residual-q80,view,fast,quick-turn,50,20,0.03,0.25,0.5,0.2507539,4.719773,0.02439024,0.9268293,0.902439,1.4181,1.179062,572142,235253.7,0,52,0,1173180,91,9693184,0,0.15,0.15
superblock,cube,jpeg-residual-q80,view,moderate-mobile,quick-turn,10,50,0.06,0.5,0.75,0.6061046,7.655011,0.02439024,0.902439,0.8536585,1.773451,1.179062,423992,150218.6,0,41,0,1173180,91,7464960,2.797219,0.15,0.4
superblock,cube,jpeg-residual-q80,view,constrained-mobile,quick-turn,2,100,0.12,1,1.25,1.549549,10.4964,0.02439024,0.7804878,0.7073171,2.716895,1.179062,367382,109655.6,10000,37,3,1173180,91,6543360,6.46644,0.9,1.4
superblock,cube,jpeg-residual-q80,view,very-constrained,quick-turn,0.75,150,0.21,1.75,5.75,3.00474,12.16146,0.02439024,0.5853659,0.4390244,4.172086,1.179062,352787,105545.6,6893,35,2,1173180,91,6395904,9.721204,2.15,3.15
superblock,cube,jpeg-residual-q80,view-fill,fast,quick-turn,50,20,0.03,0.25,0.5,0.03726009,1.490404,0.02439024,0.9756098,0.9512195,1.204606,1.179062,1200480,844857.9,0,91,0,1173180,91,18855936,0,0.15,0.15
superblock,cube,jpeg-residual-q80,view-fill,moderate-mobile,quick-turn,10,50,0.06,0.5,0.75,0.261266,5.046556,0.02439024,0.9512195,0.902439,1.428612,1.179062,1200480,844857.9,0,94,3,1173180,91,18855936,0,0.15,0.15
superblock,cube,jpeg-residual-q80,view-fill,constrained-mobile,quick-turn,2,100,0.12,1,1.25,1.336247,10.4964,0.02439024,0.7804878,0.7317073,2.503593,1.179062,1207980,850475.3,7500,93,2,1173180,91,18855936,6.082737,0.9,1.15
superblock,cube,jpeg-residual-q80,view-fill,very-constrained,quick-turn,0.75,150,0.21,1.75,5.75,3.00474,12.16146,0.02439024,0.5853659,0.4390244,4.172086,1.179062,612805.5,315045.6,6893,61,2,1173180,91,9943040,9.721204,2.15,3.15
superblock,cube,jpeg-residual-q80,global,fast,quick-turn,50,20,0.03,1,1.25,0.4971334,8.158574,0.02439024,0.902439,0.8780488,1.664479,1.179062,1200480,844857.9,0,91,0,1173180,91,18855936,0,0.15,0.15
superblock,cube,jpeg-residual-q80,global,moderate-mobile,quick-turn,10,50,0.06,2.25,2.25,1.32779,10.4964,0.02439024,0.7804878,0.7560976,2.495136,1.179062,1200480,844857.9,0,91,0,1173180,91,18855936,0,0.15,0.15
superblock,cube,jpeg-residual-q80,global,constrained-mobile,quick-turn,2,100,0.12,6,6.25,3.660407,12.16146,0.02439024,0.4146341,0.3902439,4.827753,1.179062,1200480,844857.9,0,91,0,1173180,91,18855936,5.038139,3.4,3.65
superblock,cube,jpeg-residual-q80,global,very-constrained,quick-turn,0.75,150,0.21,,,6.699458,12.16146,0.02439024,0,0,7.866804,1.179062,654871.5,435217.4,0,62,0,1173180,91,10729472,8.008052,,
superblock,cube,jpeg-replacement-q80,view,fast,quick-turn,50,20,0.03,0.25,0.25,0.2176112,4.688021,0.02439024,0.9268293,0.9268293,1.41211,1.205535,695917,284301.9,0,52,0,1429759,91,9693184,0,0.15,0.15
superblock,cube,jpeg-replacement-q80,view,moderate-mobile,quick-turn,10,50,0.06,0.5,0.75,0.6444206,7.962937,0.02439024,0.8780488,0.8536585,1.838919,1.205535,509506,177109.1,0,40,0,1429759,91,7399424,3.349208,0.4,0.4
superblock,cube,jpeg-replacement-q80,view,constrained-mobile,quick-turn,2,100,0.12,1,1.25,1.652899,10.62689,0.02439024,0.7804878,0.7073171,2.847398,1.205535,445446,132848.4,10000,37,3,1429759,91,6543360,7.979278,0.9,1.4
superblock,cube,jpeg-replacement-q80,view,very-constrained,quick-turn,0.75,150,0.21,1.75,6,3.210618,12.16215,0.02439024,0.5609756,0.4146341,4.405116,1.205535,418579,123059.6,31875,33,3,1429759,91,5834752,9.690589,2.4,3.4
superblock,cube,jpeg-replacement-q80,view-fill,fast,quick-turn,50,20,0.03,0.25,0.25,0.005537791,0.2215116,0.02439024,0.9756098,0.9756098,1.200036,1.205535,1457059,1022854,0,91,0,1429759,91,18855936,0,0.15,0.15
superblock,cube,jpeg-replacement-q80,view-fill,moderate-mobile,quick-turn,10,50,0.06,0.5,0.75,0.2705093,5.052339,0.02439024,0.9268293,0.902439,1.465008,1.205535,1457059,1022854,0,95,4,1429759,91,18855936,0.3449323,0.15,0.15
superblock,cube,jpeg-replacement-q80,view-fill,constrained-mobile,quick-turn,2,100,0.12,1,1.25,1.485687,10.48807,0.02439024,0.7804878,0.7073171,2.680186,1.205535,1457059,1022854,0,91,0,1429759,91,18855936,6.055974,0.9,1.4
superblock,cube,jpeg-replacement-q80,view-fill,very-constrained,quick-turn,0.75,150,0.21,1.75,6,3.210618,12.16215,0.02439024,0.5609756,0.4146341,4.405116,1.205535,682573.5,350125.9,31875,56,3,1429759,91,8697856,9.690589,2.4,3.4
superblock,cube,jpeg-replacement-q80,view-direct,fast,quick-turn,50,20,0.03,0.25,0.25,0.1039976,2.116328,0.02439024,0.9756098,0.9268293,1.298496,1.205535,568308,254242.3,0,32,0,1429759,91,8181760,0,0.15,0.15
superblock,cube,jpeg-replacement-q80,view-direct,moderate-mobile,quick-turn,10,50,0.06,0.5,0.5,0.8917114,11.09809,0.02439024,0.8780488,0.8780488,2.08621,1.205535,457236,157360.4,0,27,0,1429759,91,6871040,6.386188,0.4,0.4
superblock,cube,jpeg-replacement-q80,view-direct,constrained-mobile,quick-turn,2,100,0.12,1,1,1.906702,12.12906,0.02439024,0.7560976,0.7560976,3.101201,1.205535,345783,90465.94,12500,23,2,1429759,91,5298176,9.555279,1.15,1.15
superblock,cube,jpeg-replacement-q80,view-direct,very-constrained,quick-turn,0.75,150,0.21,1.75,1.75,3.586671,12.16215,0.02439024,0.5853659,0.5365854,4.78117,1.205535,314615.5,88144.25,14062.5,22,3,1429759,91,4773888,10.9335,2.15,2.65
superblock,cube,jpeg-replacement-q80,global,fast,quick-turn,50,20,0.03,1,1.25,0.497533,8.165173,0.02439024,0.902439,0.8780488,1.692031,1.205535,1457059,1022854,0,91,0,1429759,91,18855936,0,0.15,0.15
superblock,cube,jpeg-replacement-q80,global,moderate-mobile,quick-turn,10,50,0.06,2.25,2.25,1.386143,10.48807,0.02439024,0.7560976,0.7560976,2.580641,1.205535,1457059,1022854,0,91,0,1429759,91,18855936,0,0.15,0.15
superblock,cube,jpeg-replacement-q80,global,constrained-mobile,quick-turn,2,100,0.12,6.5,7,4.02128,12.16215,0.02439024,0.3658537,0.3170732,5.215778,1.205535,1457059,1022854,0,91,0,1429759,91,18855936,5.011339,3.9,4.4
superblock,cube,jpeg-replacement-q80,global,very-constrained,quick-turn,0.75,150,0.21,,,6.799205,12.16215,0.02439024,0,0,7.993704,1.205535,718573.5,496041.6,0,55,0,1429759,91,8894464,7.979278,,
superblock,cube,jpeg-replacement-q80-whole,global,fast,quick-turn,50,20,0.03,0.5,0.5,0.2041902,8.16761,0.02439024,0.9512195,0.9512195,1.396167,1.203016,1418255,992831.3,0,25,0,1410755,25,18855936,0,0.15,0.15
superblock,cube,jpeg-replacement-q80-whole,global,moderate-mobile,quick-turn,10,50,0.06,1.5,1.5,0.8391951,10.49051,0.02439024,0.8536585,0.8536585,2.031172,1.203016,1418255,992831.3,0,25,0,1410755,25,18855936,0,0.15,0.15
superblock,cube,jpeg-replacement-q80-whole,global,constrained-mobile,quick-turn,2,100,0.12,5.5,5.5,3.395656,12.16459,0.02439024,0.4634146,0.4634146,4.587633,1.203016,1418255,992831.3,0,25,0,1410755,25,18855936,5.013213,2.9,2.9
superblock,cube,jpeg-replacement-q80-whole,global,very-constrained,quick-turn,0.75,150,0.21,,,6.742294,12.16459,0.02439024,0,0,7.934271,1.203016,819210.5,526278.8,0,23,0,1410755,25,9418752,7.981876,,
superblock,cube,jpeg-replacement-q80-whole,view-direct,fast,quick-turn,50,20,0.03,0.25,0.25,0,0,0.02439024,0.9756098,0.9756098,1.191977,1.203016,875770,568134.5,0,6,0,1410755,25,11851776,0,0.15,0.15
superblock,cube,jpeg-replacement-q80-whole,view-direct,moderate-mobile,quick-turn,10,50,0.06,0.25,0.25,0.8072063,10.9361,0.02439024,0.902439,0.902439,1.999183,1.203016,875770,568134.5,0,6,0,1410755,25,11851776,10.9361,0.4,0.4
superblock,cube,jpeg-replacement-q80-whole,view-direct,constrained-mobile,quick-turn,2,100,0.12,0.75,0.75,2.519283,12.16459,0.02439024,0.7560976,0.7560976,3.71126,1.203016,539550,308388.8,43750,5,1,1410755,25,7133184,10.9361,1.4,1.4
superblock,cube,jpeg-replacement-q80-whole,view-direct,very-constrained,quick-turn,0.75,150,0.21,1.5,1.5,6.439055,12.16459,0.02439024,0.4146341,0.4146341,7.631032,1.203016,509862.5,296480,14062.5,5,1,1410755,25,7133184,10.9361,4.15,4.15
northrop-mall,healpix,haar-residual-d12,view,fast,stationary,50,20,0.03,0.5,0.5,0.1300877,5.203507,0.02439024,0.9512195,0.9512195,-0.7375161,-0.8676038,480566,283825.9,0,28,0,1317047,85,4915200,,,
northrop-mall,healpix,haar-residual-d12,view,moderate-mobile,stationary,10,50,0.07,1,1,0.5012104,10.05279,0.02439024,0.902439,0.902439,-0.3663933,-0.8676038,480566,283825.9,0,28,0,1317047,85,4915200,,,
northrop-mall,healpix,haar-residual-d12,view,constrained-mobile,stationary,2,100,0.2,2.25,2.75,1.556882,11.53851,0.02439024,0.7804878,0.7317073,0.6892781,-0.8676038,480566,283825.9,0,28,0,1317047,85,4915200,,,
northrop-mall,healpix,haar-residual-d12,view,very-constrained,stationary,0.75,150,0.41,4.75,5.75,3.19483,11.53851,0.04878049,0.5365854,0.4390244,2.327227,-0.8676038,480566,283825.9,0,28,0,1317047,85,4915200,,,
northrop-mall,healpix,haar-residual-d12,view-fill,fast,stationary,50,20,0.03,0.5,0.5,0.1300877,5.203507,0.02439024,0.9512195,0.9512195,-0.7375161,-0.8676038,1342547,1145807,0,85,0,1317047,85,16760832,,,
northrop-mall,healpix,haar-residual-d12,view-fill,moderate-mobile,stationary,10,50,0.07,1,1,0.5012104,10.05279,0.02439024,0.902439,0.902439,-0.3663933,-0.8676038,1342547,1145807,0,85,0,1317047,85,16760832,,,
northrop-mall,healpix,haar-residual-d12,view-fill,constrained-mobile,stationary,2,100,0.2,2.25,2.75,1.556882,11.53851,0.02439024,0.7804878,0.7317073,0.6892781,-0.8676038,1342547,1145807,0,85,0,1317047,85,16760832,,,
northrop-mall,healpix,haar-residual-d12,view-fill,very-constrained,stationary,0.75,150,0.41,4.75,5.75,3.19483,11.53851,0.04878049,0.5365854,0.4390244,2.327227,-0.8676038,739466,542725.9,0,50,0,1317047,85,7061504,,,
northrop-mall,healpix,haar-residual-d12,global,fast,stationary,50,20,0.03,1,1.25,0.6103383,9.726824,0.02439024,0.902439,0.8780488,-0.2572654,-0.8676038,1342547,1145807,0,85,0,1317047,85,16760832,,,
northrop-mall,healpix,haar-residual-d12,global,moderate-mobile,stationary,10,50,0.07,2.25,2.75,1.43309,10.19146,0.02439024,0.7804878,0.7317073,0.5654861,-0.8676038,1342547,1145807,0,85,0,1317047,85,16760832,,,
northrop-mall,healpix,haar-residual-d12,global,constrained-mobile,stationary,2,100,0.2,5.75,7,3.895011,11.53851,0.02439024,0.4390244,0.3170732,3.027407,-0.8676038,1342547,1145807,0,85,0,1317047,85,16760832,,,
northrop-mall,healpix,haar-residual-d12,global,very-constrained,stationary,0.75,150,0.41,,,7.080718,11.53851,0.04878049,0,0,6.213114,-0.8676038,666683,572961.9,0,54,0,1317047,85,8110080,,,
northrop-mall,healpix,haar-residual-d12-p0.5,view,fast,stationary,50,20,0.03,0.5,0.5,0.1154932,4.619727,0.02439024,0.9512195,0.9512195,0.07174715,-0.04374604,426405,246722.1,0,28,0,1201763,85,4915200,,,
northrop-mall,healpix,haar-residual-d12-p0.5,view,moderate-mobile,stationary,10,50,0.07,0.75,1,0.4515173,9.267522,0.02439024,0.9268293,0.902439,0.4077713,-0.04374604,426405,246722.1,0,28,0,1201763,85,4915200,,,
northrop-mall,healpix,haar-residual-d12-p0.5,view,constrained-mobile,stationary,2,100,0.16,2,2.5,1.291839,10.73228,0.02439024,0.804878,0.7560976,1.248093,-0.04374604,426405,246722.1,0,28,0,1201763,85,4915200,,,
northrop-mall,healpix,haar-residual-d12-p0.5,view,very-constrained,stationary,0.75,150,0.31,3.75,5.25,2.448561,10.73228,0.04878049,0.6341463,0.4878049,2.404815,-0.04374604,426405,246722.1,0,28,0,1201763,85,4915200,,,
northrop-mall,healpix,jpeg-residual-q80,view,fast,stationary,50,20,0.03,0.5,0.5,0.1300773,5.203094,0.02439024,0.9512195,0.9512195,-0.03147458,-0.1615519,335823,186449.5,0,28,0,982929,85,4915200,,,
northrop-mall,healpix,jpeg-residual-q80,view,moderate-mobile,stationary,10,50,0.06,0.75,1,0.4172231,8.4993,0.02439024,0.9268293,0.902439,0.2556712,-0.1615519,335823,186449.5,0,28,0,982929,85,4915200,,,
northrop-mall,healpix,jpeg-residual-q80,view,constrained-mobile,stationary,2,100,0.12,1.75,2.25,1.145951,9.995914,0.02439024,0.8292683,0.7804878,0.9843988,-0.1615519,335823,186449.5,0,28,0,982929,85,4915200,,,
northrop-mall,healpix,jpeg-residual-q80,view,very-constrained,stationary,0.75,150,0.2,3.25,4.25,2.363045,11.19435,0.02439024,0.6829268,0.5853659,2.201493,-0.1615519,335823,186449.5,0,28,0,982929,85,4915200,,,
northrop-mall,healpix,jpeg-residual-q80,view-fill,fast,stationary,50,20,0.03,0.5,0.5,0.1300773,5.203094,0.02439024,0.9512195,0.9512195,-0.03147458,-0.1615519,1008429,859055.5,0,85,0,982929,85,16760832,,,
northrop-mall,healpix,jpeg-residual-q80,view-fill,moderate-mobile,stationary,10,50,0.06,0.75,1,0.4172231,8.4993,0.02439024,0.9268293,0.902439,0.2556712,-0.1615519,1008429,859055.5,0,85,0,982929,85,16760832,,,
northrop-mall,healpix,jpeg-residual-q80,view-fill,constrained-mobile,stationary,2,100,0.12,1.75,2.25,1.145951,9.995914,0.02439024,0.8292683,0.7804878,0.9843988,-0.1615519,1008429,859055.5,0,85,0,982929,85,16760832,,,
northrop-mall,healpix,jpeg-residual-q80,view-fill,very-constrained,stationary,0.75,150,0.2,3.25,4.25,2.363045,11.19435,0.02439024,0.6829268,0.5853659,2.201493,-0.1615519,637333,487959.5,0,68,0,982929,85,11517952,,,
northrop-mall,healpix,jpeg-residual-q80,global,fast,stationary,50,20,0.03,1,1.25,0.5602969,9.415853,0.02439024,0.902439,0.8780488,0.398745,-0.1615519,1008429,859055.5,0,85,0,982929,85,16760832,,,
northrop-mall,healpix,jpeg-residual-q80,global,moderate-mobile,stationary,10,50,0.06,2.25,2.75,1.398744,9.860884,0.02439024,0.7804878,0.7317073,1.237192,-0.1615519,1008429,859055.5,0,85,0,982929,85,16760832,,,
northrop-mall,healpix,jpeg-residual-q80,global,constrained-mobile,stationary,2,100,0.12,4.75,6,3.124982,10.94852,0.02439024,0.5365854,0.4146341,2.96343,-0.1615519,1008429,859055.5,0,85,0,982929,85,16760832,,,
northrop-mall,healpix,jpeg-residual-q80,global,very-constrained,stationary,0.75,150,0.2,9.25,,5.827962,11.19435,0.02439024,0.09756098,0,5.66641,-0.1615519,599836,470678.6,0,67,0,982929,85,11517952,,,
northrop-mall,healpix,jpeg-replacement-q80,view,fast,stationary,50,20,0.03,0.5,0.5,0.129325,5.173001,0.02439024,0.9512195,0.9512195,0.001292932,-0.1280321,403425,222213.9,0,28,0,1185661,85,4915200,,,
northrop-mall,healpix,jpeg-replacement-q80,view,moderate-mobile,stationary,10,50,0.06,1,1,0.4614113,8.463918,0.02439024,0.902439,0.902439,0.3333792,-0.1280321,403425,222213.9,0,28,0,1185661,85,4915200,,,
northrop-mall,healpix,jpeg-replacement-q80,view,constrained-mobile,stationary,2,100,0.12,2,2.5,1.330059,9.966779,0.02439024,0.804878,0.7560976,1.202027,-0.1280321,403425,222213.9,0,28,0,1185661,85,4915200,,,
northrop-mall,healpix,jpeg-replacement-q80,view,very-constrained,stationary,0.75,150,0.2,3.75,5,2.617499,11.16083,0.02439024,0.6341463,0.5121951,2.489467,-0.1280321,403425,222213.9,0,28,0,1185661,85,4915200,,,
northrop-mall,healpix,jpeg-replacement-q80,view-fill,fast,stationary,50,20,0.03,0.5,0.5,0.129325,5.173001,0.02439024,0.9512195,0.9512195,0.001292932,-0.1280321,1211161,1029950,0,85,0,1185661,85,16760832,,,
northrop-mall,healpix,jpeg-replacement-q80,view-fill,moderate-mobile,stationary,10,50,0.06,1,1,0.4614113,8.463918,0.02439024,0.902439,0.902439,0.3333792,-0.1280321,1211161,1029950,0,85,0,1185661,85,16760832,,,
northrop-mall,healpix,jpeg-replacement-q80,view-fill,constrained-mobile,stationary,2,100,0.12,2,2.5,1.330059,9.966779,0.02439024,0.804878,0.7560976,1.202027,-0.1280321,1211161,1029950,0,85,0,1185661,85,16760832,,,
northrop-mall,healpix,jpeg-replacement-q80,view-fill,very-constrained,stationary,0.75,150,0.2,3.75,5,2.617499,11.16083,0.02439024,0.6341463,0.5121951,2.489467,-0.1280321,640854,459642.9,0,59,0,1185661,85,9420800,,,
northrop-mall,healpix,jpeg-replacement-q80,view-direct,fast,stationary,50,20,0.03,0.25,0.25,0,0,0.02439024,0.9756098,0.9756098,-0.1280321,-0.1280321,265368,132582.9,0,13,0,1185661,85,3194880,,,
northrop-mall,healpix,jpeg-replacement-q80,view-direct,moderate-mobile,stationary,10,50,0.06,0.75,0.75,0.3293343,8.686443,0.02439024,0.9268293,0.9268293,0.2013022,-0.1280321,265368,132582.9,0,13,0,1185661,85,3194880,,,
northrop-mall,healpix,jpeg-replacement-q80,view-direct,constrained-mobile,stationary,2,100,0.12,1.5,1.75,1.003488,11.16083,0.02439024,0.8536585,0.8292683,0.8754561,-0.1280321,265368,132582.9,0,13,0,1185661,85,3194880,,,
northrop-mall,healpix,jpeg-replacement-q80,view-direct,very-constrained,stationary,0.75,150,0.2,3.25,3.75,2.426067,11.16083,0.02439024,0.6829268,0.6341463,2.298035,-0.1280321,265368,132582.9,0,13,0,1185661,85,3194880,,,
northrop-mall,healpix,jpeg-replacement-q80,global,fast,stationary,50,20,0.03,1,1.25,0.5578648,9.389724,0.02439024,0.902439,0.8780488,0.4298327,-0.1280321,1211161,1029950,0,85,0,1185661,85,16760832,,,
northrop-mall,healpix,jpeg-replacement-q80,global,moderate-mobile,stationary,10,50,0.06,2.25,2.75,1.392577,9.831431,0.02439024,0.7804878,0.7317073,1.264545,-0.1280321,1211161,1029950,0,85,0,1185661,85,16760832,,,
northrop-mall,healpix,jpeg-replacement-q80,global,constrained-mobile,stationary,2,100,0.12,5.25,7,3.544567,10.91471,0.02439024,0.4878049,0.3170732,3.416535,-0.1280321,1211161,1029950,0,85,0,1185661,85,16760832,,,
northrop-mall,healpix,jpeg-replacement-q80,global,very-constrained,stationary,0.75,150,0.2,,,6.185344,11.16083,0.02439024,0,0,6.057312,-0.1280321,630083.5,486035.3,0,61,0,1185661,85,9945088,,,
northrop-mall,healpix,jpeg-replacement-q80-whole,global,fast,stationary,50,20,0.03,0.75,1,0.4549257,9.390342,0.02439024,0.9268293,0.902439,0.3262757,-0.12865,1193471,1020348,0,49,0,1178771,49,16760832,,,
northrop-mall,healpix,jpeg-replacement-q80-whole,global,moderate-mobile,stationary,10,50,0.06,1.75,2,1.145174,9.832048,0.02439024,0.8292683,0.804878,1.016524,-0.12865,1193471,1020348,0,49,0,1178771,49,16760832,,,
northrop-mall,healpix,jpeg-replacement-q80-whole,global,constrained-mobile,stationary,2,100,0.12,4.75,5.75,3.217741,10.91532,0.02439024,0.5365854,0.4390244,3.089091,-0.12865,1193471,1020348,0,49,0,1178771,49,16760832,,,
northrop-mall,healpix,jpeg-replacement-q80-whole,global,very-constrained,stationary,0.75,150,0.2,9.75,,6.137038,11.16145,0.02439024,0.04878049,0,6.008388,-0.12865,704495,556682.3,0,45,0,1178771,49,10469376,,,
northrop-mall,healpix,jpeg-replacement-q80-whole,view-direct,fast,stationary,50,20,0.03,0.25,0.25,0,0,0.02439024,0.9756098,0.9756098,-0.12865,-0.12865,380794,256097.4,0,6,0,1178771,49,5292032,,,
northrop-mall,healpix,jpeg-replacement-q80-whole,view-direct,moderate-mobile,stationary,10,50,0.06,0.5,0.5,0.1324895,5.29958,0.02439024,0.9512195,0.9512195,0.003839522,-0.12865,380794,256097.4,0,6,0,1178771,49,5292032,,,
northrop-mall,healpix,jpeg-replacement-q80-whole,view-direct,constrained-mobile,stationary,2,100,0.12,1.75,2,1.175678,11.16145,0.02439024,0.8292683,0.804878,1.047028,-0.12865,380794,256097.4,0,6,0,1178771,49,5292032,,,
northrop-mall,healpix,jpeg-replacement-q80-whole,view-direct,very-constrained,stationary,0.75,150,0.2,4.5,4.5,3.075575,11.16145,0.02439024,0.5609756,0.5609756,2.946925,-0.12865,380794,256097.4,0,6,0,1178771,49,5292032,,,
bookstore,healpix,haar-residual-d12,view,fast,stationary,50,20,0.03,0.5,0.5,0.1231994,4.927975,0.02439024,0.9512195,0.9512195,0.9421147,0.8189153,168500,99301.5,0,28,0,475021,85,4915200,,,
bookstore,healpix,haar-residual-d12,view,moderate-mobile,stationary,10,50,0.07,0.75,1,0.4384653,10.25291,0.02439024,0.9268293,0.902439,1.257381,0.8189153,168500,99301.5,0,28,0,475021,85,4915200,,,
bookstore,healpix,haar-residual-d12,view,constrained-mobile,stationary,2,100,0.19,1.75,2,1.453221,15.28959,0.02439024,0.8292683,0.804878,2.272136,0.8189153,168500,99301.5,0,28,0,475021,85,4915200,,,
bookstore,healpix,haar-residual-d12,view,very-constrained,stationary,0.75,150,0.37,3,3.25,2.334944,15.28959,0.04878049,0.7073171,0.6829268,3.15386,0.8189153,168500,99301.5,0,28,0,475021,85,4915200,,,
bookstore,healpix,haar-residual-d12,view-fill,fast,stationary,50,20,0.03,0.5,0.5,0.1231994,4.927975,0.02439024,0.9512195,0.9512195,0.9421147,0.8189153,500521,431322.5,0,85,0,475021,85,16760832,,,
bookstore,healpix,haar-residual-d12,view-fill,moderate-mobile,stationary,10,50,0.07,0.75,1,0.4384653,10.25291,0.02439024,0.9268293,0.902439,1.257381,0.8189153,500521,431322.5,0,85,0,475021,85,16760832,,,
bookstore,healpix,haar-residual-d12,view-fill,constrained-mobile,stationary,2,100,0.19,1.75,2,1.453221,15.28959,0.02439024,0.8292683,0.804878,2.272136,0.8189153,500521,431322.5,0,85,0,475021,85,16760832,,,
bookstore,healpix,haar-residual-d12,view-fill,very-constrained,stationary,0.75,150,0.37,3,3.25,2.334944,15.28959,0.04878049,0.7073171,0.6829268,3.15386,0.8189153,479714,410515.5,0,83,0,475021,85,15712256,,,
bookstore,healpix,haar-residual-d12,global,fast,stationary,50,20,0.03,1,1.25,0.6873593,12.56537,0.02439024,0.902439,0.8780488,1.506275,0.8189153,500521,431322.5,0,85,0,475021,85,16760832,,,
bookstore,healpix,haar-residual-d12,global,moderate-mobile,stationary,10,50,0.07,2,2.5,1.528034,13.18404,0.02439024,0.804878,0.7560976,2.34695,0.8189153,500521,431322.5,0,85,0,475021,85,16760832,,,
bookstore,healpix,haar-residual-d12,global,constrained-mobile,stationary,2,100,0.19,4.75,5.25,3.79235,15.28959,0.02439024,0.5365854,0.4878049,4.611266,0.8189153,500521,431322.5,0,85,0,475021,85,16760832,,,
bookstore,healpix,haar-residual-d12,global,very-constrained,stationary,0.75,150,0.37,8.25,9.5,6.7594,15.28959,0.04878049,0.195122,0.07317073,7.578315,0.8189153,460517,391318.5,0,79,0,475021,85,14401536,,,
bookstore,healpix,haar-residual-d12-p0.5,view,fast,stationary,50,20,0.03,0.5,0.5,0.07580018,3.032007,0.02439024,0.9512195,0.9512195,3.947174,3.871374,135924,77028.63,0,28,0,401375,85,4915200,,,
bookstore,healpix,haar-residual-d12-p0.5,view,moderate-mobile,stationary,10,50,0.06,0.75,0.75,0.2981741,7.490894,0.02439024,0.9268293,0.9268293,4.169548,3.871374,135924,77028.63,0,28,0,401375,85,4915200,,,
bookstore,healpix,haar-residual-d12-p0.5,view,constrained-mobile,stationary,2,100,0.15,1.25,1.5,0.9071247,12.27984,0.02439024,0.8780488,0.8536585,4.778499,3.871374,135924,77028.63,0,28,0,401375,85,4915200,,,
bookstore,healpix,haar-residual-d12-p0.5,view,very-constrained,stationary,0.75,150,0.27,2,2.5,1.333686,10.25964,0.04878049,0.804878,0.7560976,5.20506,3.871374,135924,77028.63,0,28,0,401375,85,4915200,,,
bookstore,healpix,jpeg-residual-q80,view,fast,stationary,50,20,0.03,0.5,0.5,0.1489009,5.956037,0.02439024,0.9512195,0.9512195,1.224743,1.075842,139795,78322.92,0,28,0,444081,85,4915200,,,
bookstore,healpix,jpeg-residual-q80,view,moderate-mobile,stationary,10,50,0.06,0.75,1,0.4895106,10.80391,0.02439024,0.9268293,0.902439,1.565352,1.075842,139795,78322.92,0,28,0,444081,85,4915200,,,
bookstore,healpix,jpeg-residual-q80,view,constrained-mobile,stationary,2,100,0.12,1.5,2,1.254102,13.55669,0.02439024,0.8536585,0.804878,2.329944,1.075842,139795,78322.92,0,28,0,444081,85,4915200,,,
bookstore,healpix,jpeg-residual-q80,view,very-constrained,stationary,0.75,150,0.2,2.5,3,2.254906,15.46607,0.02439024,0.7560976,0.7073171,3.330747,1.075842,139795,78322.92,0,28,0,444081,85,4915200,,,
bookstore,healpix,jpeg-residual-q80,view-fill,fast,stationary,50,20,0.03,0.5,0.5,0.1489009,5.956037,0.02439024,0.9512195,0.9512195,1.224743,1.075842,469581,408108.9,0,85,0,444081,85,16760832,,,
bookstore,healpix,jpeg-residual-q80,view-fill,moderate-mobile,stationary,10,50,0.06,0.75,1,0.4895106,10.80391,0.02439024,0.9268293,0.902439,1.565352,1.075842,469581,408108.9,0,85,0,444081,85,16760832,,,
bookstore,healpix,jpeg-residual-q80,view-fill,constrained-mobile,stationary,2,100,0.12,1.5,2,1.254102,13.55669,0.02439024,0.8536585,0.804878,2.329944,1.075842,469581,408108.9,0,85,0,444081,85,16760832,,,
bookstore,healpix,jpeg-residual-q80,view-fill,very-constrained,stationary,0.75,150,0.2,2.5,3,2.254906,15.46607,0.02439024,0.7560976,0.7073171,3.330747,1.075842,463222,401749.9,0,85,0,444081,85,16498688,,,
bookstore,healpix,jpeg-residual-q80,global,fast,stationary,50,20,0.03,1,1.25,0.7409354,12.90454,0.02439024,0.902439,0.8780488,1.816777,1.075842,469581,408108.9,0,85,0,444081,85,16760832,,,
bookstore,healpix,jpeg-residual-q80,global,moderate-mobile,stationary,10,50,0.06,2,2.5,1.64784,13.51265,0.02439024,0.804878,0.7560976,2.723682,1.075842,469581,408108.9,0,85,0,444081,85,16760832,,,
bookstore,healpix,jpeg-residual-q80,global,constrained-mobile,stationary,2,100,0.12,4.5,5.25,3.730728,15.26991,0.02439024,0.5609756,0.4878049,4.80657,1.075842,469581,408108.9,0,85,0,444081,85,16760832,,,
bookstore,healpix,jpeg-residual-q80,global,very-constrained,stationary,0.75,150,0.2,7.75,9.25,6.59209,15.46607,0.02439024,0.2439024,0.09756098,7.667932,1.075842,436157.5,374685.4,0,82,0,444081,85,15450112,,,
bookstore,healpix,jpeg-replacement-q80,view,fast,stationary,50,20,0.03,0.5,0.5,0.1500487,6.001949,0.02439024,0.9512195,0.9512195,1.187649,1.037601,171718,94453.64,0,28,0,546860,85,4915200,,,
bookstore,healpix,jpeg-replacement-q80,view,moderate-mobile,stationary,10,50,0.06,0.75,1,0.4919122,10.83096,0.02439024,0.9268293,0.902439,1.529513,1.037601,171718,94453.64,0,28,0,546860,85,4915200,,,
bookstore,healpix,jpeg-replacement-q80,view,constrained-mobile,stationary,2,100,0.12,1.5,2,1.268479,13.57251,0.02439024,0.8536585,0.804878,2.306079,1.037601,171718,94453.64,0,28,0,546860,85,4915200,,,
bookstore,healpix,jpeg-replacement-q80,view,very-constrained,stationary,0.75,150,0.2,2.75,3.25,2.498744,15.50431,0.02439024,0.7317073,0.6829268,3.536345,1.037601,171718,94453.64,0,28,0,546860,85,4915200,,,
bookstore,healpix,jpeg-replacement-q80,view-fill,fast,stationary,50,20,0.03,0.5,0.5,0.1500487,6.001949,0.02439024,0.9512195,0.9512195,1.187649,1.037601,572360,495095.6,0,85,0,546860,85,16760832,,,
bookstore,healpix,jpeg-replacement-q80,view-fill,moderate-mobile,stationary,10,50,0.06,0.75,1,0.4919122,10.83096,0.02439024,0.9268293,0.902439,1.529513,1.037601,572360,495095.6,0,85,0,546860,85,16760832,,,
bookstore,healpix,jpeg-replacement-q80,view-fill,constrained-mobile,stationary,2,100,0.12,1.5,2,1.268479,13.57251,0.02439024,0.8536585,0.804878,2.306079,1.037601,572360,495095.6,0,85,0,546860,85,16760832,,,
bookstore,healpix,jpeg-replacement-q80,view-fill,very-constrained,stationary,0.75,150,0.2,2.75,3.25,2.498744,15.50431,0.02439024,0.7317073,0.6829268,3.536345,1.037601,506883,429618.6,0,79,0,546860,85,14401536,,,
bookstore,healpix,jpeg-replacement-q80,view-direct,fast,stationary,50,20,0.03,0.25,0.25,0,0,0.02439024,0.9756098,0.9756098,1.037601,1.037601,100822,48499.77,0,13,0,546860,85,3194880,,,
bookstore,healpix,jpeg-replacement-q80,view-direct,moderate-mobile,stationary,10,50,0.06,0.5,0.5,0.2356542,9.426169,0.02439024,0.9512195,0.9512195,1.273255,1.037601,100822,48499.77,0,13,0,546860,85,3194880,,,
bookstore,healpix,jpeg-replacement-q80,view-direct,constrained-mobile,stationary,2,100,0.12,1.25,1.25,0.9944174,15.50431,0.02439024,0.8780488,0.8780488,2.032018,1.037601,100822,48499.77,0,13,0,546860,85,3194880,,,
bookstore,healpix,jpeg-replacement-q80,view-direct,very-constrained,stationary,0.75,150,0.2,2,2,1.910932,15.50431,0.02439024,0.804878,0.804878,2.948533,1.037601,100822,48499.77,0,13,0,546860,85,3194880,,,
bookstore,healpix,jpeg-replacement-q80,global,fast,stationary,50,20,0.03,1,1.25,0.7438547,12.92164,0.02439024,0.902439,0.8780488,1.781455,1.037601,572360,495095.6,0,85,0,546860,85,16760832,,,
bookstore,healpix,jpeg-replacement-q80,global,moderate-mobile,stationary,10,50,0.06,2.25,2.5,1.739086,13.52743,0.02439024,0.7804878,0.7560976,2.776687,1.037601,572360,495095.6,0,85,0,546860,85,16760832,,,
bookstore,healpix,jpeg-replacement-q80,global,constrained-mobile,stationary,2,100,0.12,4.75,5.5,3.892617,15.30436,0.02439024,0.5365854,0.4634146,4.930218,1.037601,572360,495095.6,0,85,0,546860,85,16760832,,,
bookstore,healpix,jpeg-replacement-q80,global,very-constrained,stationary,0.75,150,0.2,8.5,10,7.118033,15.50431,0.02439024,0.1707317,0.02439024,8.155634,1.037601,484089,410464.6,0,76,0,546860,85,13877248,,,
bookstore,healpix,jpeg-replacement-q80-whole,global,fast,stationary,50,20,0.03,0.75,1,0.6074775,12.92375,0.02439024,0.9268293,0.902439,1.642966,1.035489,551526,477811.3,0,49,0,536826,49,16760832,,,
bookstore,healpix,jpeg-replacement-q80-whole,global,moderate-mobile,stationary,10,50,0.06,1.75,2,1.478018,13.52954,0.02439024,0.8292683,0.804878,2.513507,1.035489,551526,477811.3,0,49,0,536826,49,16760832,,,
bookstore,healpix,jpeg-replacement-q80-whole,global,constrained-mobile,stationary,2,100,0.12,3.75,4.5,3.358884,15.30647,0.02439024,0.6341463,0.5609756,4.394372,1.035489,551526,477811.3,0,49,0,536826,49,16760832,,,
bookstore,healpix,jpeg-replacement-q80-whole,global,very-constrained,stationary,0.75,150,0.2,6.75,8.5,6.263913,15.50643,0.02439024,0.3414634,0.1707317,7.299402,1.035489,551526,477811.3,0,49,0,536826,49,16760832,,,
bookstore,healpix,jpeg-replacement-q80-whole,view-direct,fast,stationary,50,20,0.03,0.25,0.25,0,0,0.02439024,0.9756098,0.9756098,1.035489,1.035489,136863,88090.42,0,6,0,536826,49,5292032,,,
bookstore,healpix,jpeg-replacement-q80-whole,view-direct,moderate-mobile,stationary,10,50,0.06,0.5,0.5,0.1824748,7.298991,0.02439024,0.9512195,0.9512195,1.217964,1.035489,136863,88090.42,0,6,0,536826,49,5292032,,,
bookstore,healpix,jpeg-replacement-q80-whole,view-direct,constrained-mobile,stationary,2,100,0.12,0.75,1,0.6457642,15.50643,0.02439024,0.9268293,0.902439,1.681253,1.035489,136863,88090.42,0,6,0,536826,49,5292032,,,
bookstore,healpix,jpeg-replacement-q80-whole,view-direct,very-constrained,stationary,0.75,150,0.2,1.75,2,1.786035,15.50643,0.02439024,0.8292683,0.804878,2.821524,1.035489,136863,88090.42,0,6,0,536826,49,5292032,,,
superblock,healpix,haar-residual-d12,view,fast,stationary,50,20,0.03,0.5,0.5,0.130615,5.2246,0.02439024,0.9512195,0.9512195,0.2451525,0.1145375,419351,277545.1,0,28,0,1616056,85,4915200,,,
superblock,healpix,haar-residual-d12,view,moderate-mobile,stationary,10,50,0.08,1,1,0.5319267,11.01128,0.02439024,0.902439,0.902439,0.6464642,0.1145375,419351,277545.1,0,28,0,1616056,85,4915200,,,
superblock,healpix,haar-residual-d12,view,constrained-mobile,stationary,2,100,0.21,2.25,2.75,1.71526,12.67483,0.02439024,0.7804878,0.7317073,1.829798,0.1145375,419351,277545.1,0,28,0,1616056,85,4915200,,,
superblock,healpix,haar-residual-d12,view,very-constrained,stationary,0.75,150,0.44,4.25,5.25,3.283902,12.67483,0.04878049,0.5853659,0.4878049,3.39844,0.1145375,419351,277545.1,0,28,0,1616056,85,4915200,,,
superblock,healpix,haar-residual-d12,view-fill,fast,stationary,50,20,0.03,0.5,0.5,0.130615,5.2246,0.02439024,0.9512195,0.9512195,0.2451525,0.1145375,1641556,1499750,0,85,0,1616056,85,16760832,,,
superblock,healpix,haar-residual-d12,view-fill,moderate-mobile,stationary,10,50,0.08,1,1,0.5319267,11.01128,0.02439024,0.902439,0.902439,0.6464642,0.1145375,1641556,1499750,0,85,0,1616056,85,16760832,,,
superblock,healpix,haar-residual-d12,view-fill,constrained-mobile,stationary,2,100,0.21,2.25,2.75,1.71526,12.67483,0.02439024,0.7804878,0.7317073,1.829798,0.1145375,1641556,1499750,0,85,0,1616056,85,16760832,,,
superblock,healpix,haar-residual-d12,view-fill,very-constrained,stationary,0.75,150,0.44,4.25,5.25,3.283902,12.67483,0.04878049,0.5853659,0.4878049,3.39844,0.1145375,753185.5,611379.6,0,48,0,1616056,85,6537216,,,
superblock,healpix,haar-residual-d12,global,fast,stationary,50,20,0.03,1,1.25,0.6271897,10.55803,0.02439024,0.902439,0.8780488,0.7417272,0.1145375,1641556,1499750,0,85,0,1616056,85,16760832,,,
superblock,healpix,haar-residual-d12,global,moderate-mobile,stationary,10,50,0.08,2.5,3,1.680687,12.55787,0.02439024,0.7560976,0.7073171,1.795225,0.1145375,1641556,1499750,0,85,0,1616056,85,16760832,,,
superblock,healpix,haar-residual-d12,global,constrained-mobile,stationary,2,100,0.21,7.5,8.75,5.184824,12.67483,0.02439024,0.2682927,0.1463415,5.299362,0.1145375,1641556,1499750,0,85,0,1616056,85,16760832,,,
superblock,healpix,haar-residual-d12,global,very-constrained,stationary,0.75,150,0.44,,,8.225503,12.67483,0.04878049,0,0,8.340041,0.1145375,705780.5,634712.5,0,39,0,1616056,85,4177920,,,
superblock,healpix,haar-residual-d12-p0.5,view,fast,stationary,50,20,0.03,0.5,0.5,0.0920602,3.682408,0.02439024,0.9512195,0.9512195,2.489832,2.397772,355058,230285.5,0,28,0,1457158,85,4915200,,,
superblock,healpix,haar-residual-d12-p0.5,view,moderate-mobile,stationary,10,50,0.07,0.75,1,0.3487794,6.8819,0.02439024,0.9268293,0.902439,2.746551,2.397772,355058,230285.5,0,28,0,1457158,85,4915200,,,
superblock,healpix,haar-residual-d12-p0.5,view,constrained-mobile,stationary,2,100,0.17,1.75,2.25,1.120251,10.43808,0.02439024,0.8292683,0.7804878,3.518022,2.397772,355058,230285.5,0,28,0,1457158,85,4915200,,,
superblock,healpix,haar-residual-d12-p0.5,view,very-constrained,stationary,0.75,150,0.34,3.25,4.5,2.066851,10.43808,0.04878049,0.6829268,0.5609756,4.464623,2.397772,355058,230285.5,0,28,0,1457158,85,4915200,,,
superblock,healpix,jpeg-residual-q80,view,fast,stationary,50,20,0.03,0.5,0.5,0.1416219,5.664874,0.02439024,0.9512195,0.9512195,1.103407,0.9617852,253745,154779.4,0,28,0,1089784,85,4915200,,,
superblock,healpix,jpeg-residual-q80,view,moderate-mobile,stationary,10,50,0.06,0.75,1,0.4404621,9.173003,0.02439024,0.9268293,0.902439,1.402247,0.9617852,253745,154779.4,0,28,0,1089784,85,4915200,,,
superblock,healpix,jpeg-residual-q80,view,constrained-mobile,stationary,2,100,0.12,1.75,2.25,1.248829,11.35072,0.02439024,0.8292683,0.7804878,2.210614,0.9617852,253745,154779.4,0,28,0,1089784,85,4915200,,,
superblock,healpix,jpeg-residual-q80,view,very-constrained,stationary,0.75,150,0.21,3.25,4,2.46007,12.79732,0.02439024,0.6829268,0.6097561,3.421856,0.9617852,253745,154779.4,0,28,0,1089784,85,4915200,,,
superblock,healpix,jpeg-residual-q80,view-fill,fast,stationary,50,20,0.03,0.5,0.5,0.1416219,5.664874,0.02439024,0.9512195,0.9512195,1.103407,0.9617852,1115284,1016318,0,85,0,1089784,85,16760832,,,
superblock,healpix,jpeg-residual-q80,view-fill,moderate-mobile,stationary,10,50,0.06,0.75,1,0.4404621,9.173003,0.02439024,0.9268293,0.902439,1.402247,0.9617852,1115284,1016318,0,85,0,1089784,85,16760832,,,
superblock,healpix,jpeg-residual-q80,view-fill,constrained-mobile,stationary,2,100,0.12,1.75,2.25,1.248829,11.35072,0.02439024,0.8292683,0.7804878,2.210614,0.9617852,1115284,1016318,0,85,0,1089784,85,16760832,,,
superblock,healpix,jpeg-residual-q80,view-fill,very-constrained,stationary,0.75,150,0.21,3.25,4,2.46007,12.79732,0.02439024,0.6829268,0.6097561,3.421856,0.9617852,602341.5,503375.9,0,58,0,1089784,85,9158656,,,
superblock,healpix,jpeg-residual-q80,global,fast,stationary,50,20,0.03,1,1.25,0.6367456,10.67711,0.02439024,0.902439,0.8780488,1.598531,0.9617852,1115284,1016318,0,85,0,1089784,85,16760832,,,
superblock,healpix,jpeg-residual-q80,global,moderate-mobile,stationary,10,50,0.06,2.25,2.75,1.547193,11.21953,0.02439024,0.7804878,0.7317073,2.508978,0.9617852,1115284,1016318,0,85,0,1089784,85,16760832,,,
superblock,healpix,jpeg-residual-q80,global,constrained-mobile,stationary,2,100,0.12,5.5,7,4.007379,12.62909,0.02439024,0.4634146,0.3170732,4.969164,0.9617852,1115284,1016318,0,85,0,1089784,85,16760832,,,
superblock,healpix,jpeg-residual-q80,global,very-constrained,stationary,0.75,150,0.21,,,7.24865,12.79732,0.02439024,0,0,8.210436,0.9617852,598985,559803.8,0,56,0,1089784,85,8634368,,,
superblock,healpix,jpeg-replacement-q80,view,fast,stationary,50,20,0.03,0.5,0.5,0.1416665,5.66666,0.02439024,0.9512195,0.9512195,1.088665,0.9469982,308193,186182.2,0,28,0,1331252,85,4915200,,,
superblock,healpix,jpeg-replacement-q80,view,moderate-mobile,stationary,10,50,0.06,1,1,0.488352,9.160069,0.02439024,0.902439,0.902439,1.43535,0.9469982,308193,186182.2,0,28,0,1331252,85,4915200,,,
superblock,healpix,jpeg-replacement-q80,view,constrained-mobile,stationary,2,100,0.12,2,2.5,1.341023,11.3527,0.02439024,0.804878,0.7560976,2.288022,0.9469982,308193,186182.2,0,28,0,1331252,85,4915200,,,
superblock,healpix,jpeg-replacement-q80,view,very-constrained,stationary,0.75,150,0.21,3.5,4.25,2.632891,12.8121,0.02439024,0.6585366,0.5853659,3.579889,0.9469982,308193,186182.2,0,28,0,1331252,85,4915200,,,
superblock,healpix,jpeg-replacement-q80,view-fill,fast,stationary,50,20,0.03,0.5,0.5,0.1416665,5.66666,0.02439024,0.9512195,0.9512195,1.088665,0.9469982,1356752,1234741,0,85,0,1331252,85,16760832,,,
superblock,healpix,jpeg-replacement-q80,view-fill,moderate-mobile,stationary,10,50,0.06,1,1,0.488352,9.160069,0.02439024,0.902439,0.902439,1.43535,0.9469982,1356752,1234741,0,85,0,1331252,85,16760832,,,
superblock,healpix,jpeg-replacement-q80,view-fill,constrained-mobile,stationary,2,100,0.12,2,2.5,1.341023,11.3527,0.02439024,0.804878,0.7560976,2.288022,0.9469982,1356752,1234741,0,85,0,1331252,85,16760832,,,
superblock,healpix,jpeg-replacement-q80,view-fill,very-constrained,stationary,0.75,150,0.21,3.5,4.25,2.632891,12.8121,0.02439024,0.6585366,0.5853659,3.579889,0.9469982,643649.5,521638.7,0,54,0,1331252,85,8110080,,,
superblock,healpix,jpeg-replacement-q80,view-direct,fast,stationary,50,20,0.03,0.25,0.25,0,0,0.02439024,0.9756098,0.9756098,0.9469982,0.9469982,176687,91761.4,0,13,0,1331252,85,3194880,,,
superblock,healpix,jpeg-replacement-q80,view-direct,moderate-mobile,stationary,10,50,0.06,0.75,0.75,0.279638,7.40026,0.02439024,0.9268293,0.9268293,1.226636,0.9469982,176687,91761.4,0,13,0,1331252,85,3194880,,,
superblock,healpix,jpeg-replacement-q80,view-direct,constrained-mobile,stationary,2,100,0.12,1.5,1.5,0.9772644,12.8121,0.02439024,0.8536585,0.8536585,1.924263,0.9469982,176687,91761.4,0,13,0,1331252,85,3194880,,,
superblock,healpix,jpeg-replacement-q80,view-direct,very-constrained,stationary,0.75,150,0.21,2.75,2.75,2.066737,12.8121,0.02439024,0.7317073,0.7317073,3.013736,0.9469982,176687,91761.4,0,13,0,1331252,85,3194880,,,
superblock,healpix,jpeg-replacement-q80,global,fast,stationary,50,20,0.03,1,1.25,0.6371314,10.67823,0.02439024,0.902439,0.8780488,1.58413,0.9469982,1356752,1234741,0,85,0,1331252,85,16760832,,,
superblock,healpix,jpeg-replacement-q80,global,moderate-mobile,stationary,10,50,0.06,2.5,3,1.675488,11.20887,0.02439024,0.7560976,0.7073171,2.622486,0.9469982,1356752,1234741,0,85,0,1331252,85,16760832,,,
superblock,healpix,jpeg-replacement-q80,global,constrained-mobile,stationary,2,100,0.12,6.25,7.75,4.454727,12.63157,0.02439024,0.3902439,0.2439024,5.401725,0.9469982,1356752,1234741,0,85,0,1331252,85,16760832,,,
superblock,healpix,jpeg-replacement-q80,global,very-constrained,stationary,0.75,150,0.21,,,7.357145,12.8121,0.02439024,0,0,8.304143,0.9469982,629040,581500,0,52,0,1331252,85,7585792,,,
superblock,healpix,jpeg-replacement-q80-whole,global,fast,stationary,50,20,0.03,1,1,0.5980004,10.67985,0.02439024,0.902439,0.902439,1.543381,0.9453805,1334687,1207011,0,49,0,1319987,49,16760832,,,
superblock,healpix,jpeg-replacement-q80-whole,global,moderate-mobile,stationary,10,50,0.06,2,2.25,1.416101,11.21049,0.02439024,0.804878,0.7804878,2.361481,0.9453805,1334687,1207011,0,49,0,1319987,49,16760832,,,
superblock,healpix,jpeg-replacement-q80-whole,global,constrained-mobile,stationary,2,100,0.12,5.5,7,4.123823,12.63319,0.02439024,0.4634146,0.3170732,5.069203,0.9453805,1334687,1207011,0,49,0,1319987,49,16760832,,,
superblock,healpix,jpeg-replacement-q80-whole,global,very-constrained,stationary,0.75,150,0.21,,,7.374976,12.81372,0.02439024,0,0,8.320356,0.9453805,668040.5,614944.9,0,41,0,1319987,49,6275072,,,
superblock,healpix,jpeg-replacement-q80-whole,view-direct,fast,stationary,50,20,0.03,0.25,0.25,0,0,0.02439024,0.9756098,0.9756098,0.9453805,0.9453805,348069,257478.1,0,6,0,1319987,49,5292032,,,
superblock,healpix,jpeg-replacement-q80-whole,view-direct,moderate-mobile,stationary,10,50,0.06,0.5,0.5,0.1682105,6.728422,0.02439024,0.9512195,0.9512195,1.113591,0.9453805,348069,257478.1,0,6,0,1319987,49,5292032,,,
superblock,healpix,jpeg-replacement-q80-whole,view-direct,constrained-mobile,stationary,2,100,0.12,1.75,1.75,1.24252,12.81372,0.02439024,0.8292683,0.8292683,2.187901,0.9453805,348069,257478.1,0,6,0,1319987,49,5292032,,,
superblock,healpix,jpeg-replacement-q80-whole,view-direct,very-constrained,stationary,0.75,150,0.21,4.25,4.25,3.413022,12.81372,0.02439024,0.5853659,0.5853659,4.358403,0.9453805,348069,257478.1,0,6,0,1319987,49,5292032,,,
northrop-mall,healpix,haar-residual-d12,view,fast,quick-turn,50,20,0.03,0.5,0.5,0.268841,5.203507,0.02439024,0.9268293,0.9268293,-0.5617708,-0.831514,1039783,502331.2,0,65,0,1317047,85,11960320,0,0.15,0.15
northrop-mall,healpix,haar-residual-d12,view,moderate-mobile,quick-turn,10,50,0.07,1,1,1.107451,10.05279,0.02439024,0.804878,0.804878,0.2768391,-0.831514,998346,483773.3,0,61,0,1317047,85,10911744,5.542397,0.65,0.65
northrop-mall,healpix,haar-residual-d12,view,constrained-mobile,quick-turn,2,100,0.2,4.25,5,3.107731,11.53851,0.02439024,0.5853659,0.5121951,2.277119,-0.831514,786340,383025.9,1250,50,1,1317047,85,7962624,9.588823,1.65,2.4
northrop-mall,healpix,haar-residual-d12,view,very-constrained,quick-turn,0.75,150,0.41,6.5,7.75,5.089769,11.53851,0.04878049,0.3658537,0.2439024,4.260105,-0.831514,588502,298112.7,32362,41,1,1317047,85,5603328,9.916692,3.9,5.15
northrop-mall,healpix,haar-residual-d12,view-fill,fast,quick-turn,50,20,0.03,0.5,0.5,0.1300877,5.203507,0.02439024,0.9512195,0.9512195,-0.700524,-0.831514,1342547,804597.1,0,85,0,1317047,85,16760832,0,0.15,0.15
northrop-mall,healpix,haar-residual-d12,view-fill,moderate-mobile,quick-turn,10,50,0.07,1,1,0.5949439,10.05279,0.02439024,0.902439,0.8780488,-0.2356678,-0.831514,1342547,804597.1,0,89,4,1317047,85,16760832,0.330204,0.15,0.15
northrop-mall,healpix,haar-residual-d12,view-fill,constrained-mobile,quick-turn,2,100,0.2,4.25,5,3.107731,11.53851,0.02439024,0.5853659,0.5121951,2.277119,-0.831514,1343797,804643.5,1250,86,1,1317047,85,16760832,9.588823,1.65,2.4
northrop-mall,healpix,haar-residual-d12,view-fill,very-constrained,quick-turn,0.75,150,0.41,6.5,7.75,5.089769,11.53851,0.04878049,0.3658537,0.2439024,4.260105,-0.831514,720726.5,361181,32362,50,1,1317047,85,6537216,9.916692,3.9,5.15
northrop-mall,healpix,haar-residual-d12,global,fast,quick-turn,50,20,0.03,1,1.25,0.6103383,9.726824,0.02439024,0.902439,0.8780488,-0.2202734,-0.831514,1342547,804597.1,0,85,0,1317047,85,16760832,0,0.15,0.15
northrop-mall,healpix,haar-residual-d12,global,moderate-mobile,quick-turn,10,50,0.07,2.25,3.25,1.497023,10.19146,0.02439024,0.7804878,0.6829268,0.6664117,-0.831514,1342547,804597.1,0,85,0,1317047,85,16760832,1.674968,0.15,0.65
northrop-mall,healpix,haar-residual-d12,global,constrained-mobile,quick-turn,2,100,0.2,6.25,8.25,4.255257,11.53851,0.02439024,0.3902439,0.195122,3.424645,-0.831514,1342547,804597.1,0,85,0,1317047,85,16760832,6.916793,3.65,5.65
northrop-mall,healpix,haar-residual-d12,global,very-constrained,quick-turn,0.75,150,0.41,,,7.147776,11.53851,0.04878049,0,0,6.318113,-0.831514,666683,393165.5,0,54,0,1317047,85,8110080,9.182245,,
northrop-mall,healpix,haar-residual-d12-p0.5,view,fast,quick-turn,50,20,0.03,0.5,0.5,0.2336885,4.619727,0.02439024,0.9268293,0.9268293,0.3095966,0.07298976,933521,444181.3,0,65,0,1201763,85,11960320,0,0.15,0.15
northrop-mall,healpix,haar-residual-d12-p0.5,view,moderate-mobile,quick-turn,10,50,0.07,0.75,1,0.9353171,9.267522,0.02439024,0.8536585,0.804878,1.011225,0.07298976,892084,425623.5,0,61,0,1201763,85,10911744,4.858134,0.4,0.65
northrop-mall,healpix,haar-residual-d12-p0.5,view,constrained-mobile,quick-turn,2,100,0.16,2,4.75,2.555815,10.73228,0.02439024,0.6341463,0.5365854,2.631723,0.07298976,742690,354424.1,0,52,0,1201763,85,8749056,7.639175,1.4,2.15
northrop-mall,healpix,haar-residual-d12-p0.5,view,very-constrained,quick-turn,0.75,150,0.31,6,7.25,4.166258,10.73228,0.04878049,0.4146341,0.2926829,4.245234,0.07298976,536336.3,271494.2,27656.25,43,2,1201763,85,5865472,10.07885,3.4,4.65
northrop-mall,healpix,jpeg-residual-q80,view,fast,quick-turn,50,20,0.03,0.5,0.5,0.2690964,5.203094,0.02439024,0.9268293,0.9268293,0.167356,-0.1031993,753379,344250.3,0,65,0,982929,85,11960320,0,0.15,0.15
northrop-mall,healpix,jpeg-residual-q80,view,moderate-mobile,quick-turn,10,50,0.06,0.75,1,0.9354575,8.4993,0.02439024,0.8536585,0.804878,0.8337171,-0.1031993,711427,325662.4,0,61,0,982929,85,10911744,5.083782,0.4,0.65
northrop-mall,healpix,jpeg-residual-q80,view,constrained-mobile,quick-turn,2,100,0.12,1.75,4.5,2.430427,9.995914,0.02439024,0.6585366,0.5609756,2.328687,-0.1031993,636349,292955.1,10000,56,1,982929,85,9338880,7.903573,1.4,1.9
northrop-mall,healpix,jpeg-residual-q80,view,very-constrained,quick-turn,0.75,150,0.2,5.5,6.75,4.047325,11.19435,0.02439024,0.4634146,0.3414634,3.945584,-0.1031993,430119.5,217463.3,15643.5,46,3,982929,85,6389760,9.404676,2.9,4.15
northrop-mall,healpix,jpeg-residual-q80,view-fill,fast,quick-turn,50,20,0.03,0.5,0.5,0.1300773,5.203094,0.02439024,0.9512195,0.9512195,0.0283369,-0.1031993,1008429,598836.3,0,85,0,982929,85,16760832,0,0.15,0.15
northrop-mall,healpix,jpeg-residual-q80,view-fill,moderate-mobile,quick-turn,10,50,0.06,0.75,1,0.4799897,8.4993,0.02439024,0.9268293,0.8780488,0.3782492,-0.1031993,1008429,598836.3,0,88,3,982929,85,16760832,0,0.15,0.15
northrop-mall,healpix,jpeg-residual-q80,view-fill,constrained-mobile,quick-turn,2,100,0.12,1.75,4.5,2.430427,9.995914,0.02439024,0.6585366,0.5609756,2.328687,-0.1031993,1018429,606616.2,10000,86,1,982929,85,16760832,7.903573,1.4,1.9
northrop-mall,healpix,jpeg-residual-q80,view-fill,very-constrained,quick-turn,0.75,150,0.2,5.5,6.75,4.047325,11.19435,0.02439024,0.4634146,0.3414634,3.945584,-0.1031993,613663.5,320366.3,15643.5,68,3,982929,85,10993664,9.404676,2.9,4.15
northrop-mall,healpix,jpeg-residual-q80,global,fast,quick-turn,50,20,0.03,1,1.25,0.5602969,9.415853,0.02439024,0.902439,0.8780488,0.4585564,-0.1031993,1008429,598836.3,0,85,0,982929,85,16760832,0,0.15,0.15
northrop-mall,healpix,jpeg-residual-q80,global,moderate-mobile,quick-turn,10,50,0.06,2.25,3,1.452864,9.860884,0.02439024,0.7804878,0.7073171,1.351123,-0.1031993,1008429,598836.3,0,85,0,982929,85,16760832,1.663947,0.15,0.4
northrop-mall,healpix,jpeg-residual-q80,global,constrained-mobile,quick-turn,2,100,0.12,5.25,7.25,3.488869,10.94852,0.02439024,0.4878049,0.2926829,3.387128,-0.1031993,1008429,598836.3,0,85,0,982929,85,16760832,5.083782,2.65,4.65
northrop-mall,healpix,jpeg-residual-q80,global,very-constrained,quick-turn,0.75,150,0.2,,,6.088536,11.19435,0.02439024,0,0,5.986796,-0.1031993,599836,309607.2,0,67,0,982929,85,11517952,7.502993,,
northrop-mall,healpix,jpeg-replacement-q80,view,fast,quick-turn,50,20,0.03,0.5,0.5,0.2602042,5.173001,0.02439024,0.9268293,0.9268293,0.1810645,-0.08033218,906678,409570.5,0,65,0,1185661,85,11960320,0,0.15,0.15
northrop-mall,healpix,jpeg-replacement-q80,view,moderate-mobile,quick-turn,10,50,0.06,1,1,0.9605551,8.463918,0.02439024,0.8292683,0.804878,0.8814154,-0.08033218,853182,370642.9,0,61,0,1185661,85,10911744,5.529742,0.65,0.65
northrop-mall,healpix,jpeg-replacement-q80,view,constrained-mobile,quick-turn,2,100,0.12,2,4.75,2.70554,10.67647,0.02439024,0.6341463,0.5365854,2.6264,-0.08033218,706037,313517.5,0,53,0,1185661,85,8814592,8.249743,1.4,2.15
northrop-mall,healpix,jpeg-replacement-q80,view,very-constrained,quick-turn,0.75,150,0.2,6,7.25,4.429647,11.16083,0.02439024,0.4146341,0.2926829,4.350508,-0.08033218,505652.8,245462.5,2343.75,45,1,1185661,85,6455296,9.605127,3.4,4.65
northrop-mall,healpix,jpeg-replacement-q80,view-fill,fast,quick-turn,50,20,0.03,0.5,0.5,0.129325,5.173001,0.02439024,0.9512195,0.9512195,0.05018535,-0.08033218,1211161,713507.9,0,85,0,1185661,85,16760832,0,0.15,0.15
northrop-mall,healpix,jpeg-replacement-q80,view-fill,moderate-mobile,quick-turn,10,50,0.06,1,1,0.5984045,8.463918,0.02439024,0.8780488,0.8536585,0.5192648,-0.08033218,1211161,713507.9,0,87,2,1185661,85,16760832,0.3535485,0.15,0.15
northrop-mall,healpix,jpeg-replacement-q80,view-fill,constrained-mobile,quick-turn,2,100,0.12,2,4.75,2.70554,10.67647,0.02439024,0.6341463,0.5365854,2.6264,-0.08033218,1211161,713507.9,0,85,0,1185661,85,16760832,8.249743,1.4,2.15
northrop-mall,healpix,jpeg-replacement-q80,view-fill,very-constrained,quick-turn,0.75,150,0.2,6,7.25,4.429647,11.16083,0.02439024,0.4146341,0.2926829,4.350508,-0.08033218,652726.3,341706.8,2343.75,59,1,1185661,85,9158656,9.605127,3.4,4.65
northrop-mall,healpix,jpeg-replacement-q80,view-direct,fast,quick-turn,50,20,0.03,0.25,0.25,0.113481,3.360091,0.02439024,0.9512195,0.9268293,0.03434133,-0.08033218,635229,271342.8,0,33,0,1185661,85,8437760,0,0.15,0.15
northrop-mall,healpix,jpeg-replacement-q80,view-direct,moderate-mobile,quick-turn,10,50,0.06,0.75,0.75,0.8347582,9.172803,0.02439024,0.8536585,0.8536585,0.7556185,-0.08033218,635229,271342.8,0,33,0,1185661,85,8437760,4.982792,0.4,0.4
northrop-mall,healpix,jpeg-replacement-q80,view-direct,constrained-mobile,quick-turn,2,100,0.12,1.5,1.75,2.251433,11.16083,0.02439024,0.7073171,0.6585366,2.172293,-0.08033218,557343,207999,0,29,0,1185661,85,7389184,9.755413,1.15,1.4
northrop-mall,healpix,jpeg-replacement-q80,view-direct,very-constrained,quick-turn,0.75,150,0.2,5.25,5.75,4.233379,11.54079,0.02439024,0.4878049,0.4390244,4.154239,-0.08033218,413898,152878.1,37500,23,4,1185661,85,4767744,10.81687,2.65,3.15
northrop-mall,healpix,jpeg-replacement-q80,global,fast,quick-turn,50,20,0.03,1,1.25,0.5578648,9.389724,0.02439024,0.902439,0.8780488,0.4787252,-0.08033218,1211161,713507.9,0,85,0,1185661,85,16760832,0,0.15,0.15
northrop-mall,healpix,jpeg-replacement-q80,global,moderate-mobile,quick-turn,10,50,0.06,2.25,3.25,1.453584,9.831431,0.02439024,0.7804878,0.6829268,1.374444,-0.08033218,1211161,713507.9,0,85,0,1185661,85,16760832,1.652201,0.15,0.65
northrop-mall,healpix,jpeg-replacement-q80,global,constrained-mobile,quick-turn,2,100,0.12,6,8,3.93931,10.91471,0.02439024,0.4146341,0.2195122,3.86017,-0.08033218,1211161,713507.9,0,85,0,1185661,85,16760832,5.345515,3.4,5.4
northrop-mall,healpix,jpeg-replacement-q80,global,very-constrained,quick-turn,0.75,150,0.2,,,6.262856,11.16083,0.02439024,0,0,6.183717,-0.08033218,630083.5,307300.1,0,61,0,1185661,85,9945088,7.769127,,
northrop-mall,healpix,jpeg-replacement-q80-whole,global,fast,quick-turn,50,20,0.03,0.75,1,0.4549257,9.390342,0.02439024,0.9268293,0.902439,0.3750499,-0.08106541,1193471,714115,0,49,0,1178771,49,16760832,0,0.15,0.15
northrop-mall,healpix,jpeg-replacement-q80-whole,global,moderate-mobile,quick-turn,10,50,0.06,1.75,2,1.145174,9.832048,0.02439024,0.8292683,0.804878,1.065298,-0.08106541,1193471,714115,0,49,0,1178771,49,16760832,0,0.15,0.15
northrop-mall,healpix,jpeg-replacement-q80-whole,global,constrained-mobile,quick-turn,2,100,0.12,5.5,6.75,3.560755,10.91532,0.02439024,0.4634146,0.3414634,3.480879,-0.08106541,1193471,714115,0,49,0,1178771,49,16760832,5.346278,2.9,4.15
northrop-mall,healpix,jpeg-replacement-q80-whole,global,very-constrained,quick-turn,0.75,150,0.2,,,6.271707,11.16145,0.02439024,0,0,6.191831,-0.08106541,704495,380536.1,0,45,0,1178771,49,10469376,7.769889,,
northrop-mall,healpix,jpeg-replacement-q80-whole,view-direct,fast,quick-turn,50,20,0.03,0.25,0.25,0.005632813,0.2253125,0.02439024,0.9756098,0.9756098,-0.07424298,-0.08106541,810002,464412.9,0,12,0,1178771,49,11583488,0,0.15,0.15
northrop-mall,healpix,jpeg-replacement-q80-whole,view-direct,moderate-mobile,quick-turn,10,50,0.06,0.5,0.5,0.2222866,5.29958,0.02439024,0.9268293,0.9268293,0.1424108,-0.08106541,810002,464412.9,0,12,0,1178771,49,11583488,0,0.15,0.15
northrop-mall,healpix,jpeg-replacement-q80-whole,view-direct,constrained-mobile,quick-turn,2,100,0.12,1.75,2,2.680867,11.16145,0.02439024,0.6829268,0.6341463,2.600991,-0.08106541,809839,464375.6,62500,12,1,1178771,49,10534912,10.562,1.15,1.4
northrop-mall,healpix,jpeg-replacement-q80-whole,view-direct,very-constrained,quick-turn,0.75,150,0.2,6.75,6.75,5.353926,11.16145,0.02439024,0.3414634,0.3414634,5.27405,-0.08106541,564602,303124.4,24375,11,2,1178771,49,8437760,10.81763,4.15,4.15
bookstore,healpix,haar-residual-d12,view,fast,quick-turn,50,20,0.03,0.5,0.5,0.2687173,4.927975,0.02439024,0.9268293,0.902439,1.061935,0.7938445,404092,167968.3,0,65,0,475021,85,11960320,0,0.15,0.15
bookstore,healpix,haar-residual-d12,view,moderate-mobile,quick-turn,10,50,0.07,0.75,1,1.055526,10.25291,0.02439024,0.8536585,0.804878,1.848744,0.7938445,374192,155949.3,0,61,0,475021,85,10911744,5.472728,0.4,0.65
bookstore,healpix,haar-residual-d12,view,constrained-mobile,quick-turn,2,100,0.19,1.75,2,3.014229,15.42686,0.02439024,0.6829268,0.6341463,3.807447,0.7938445,356298,152281.3,0,59,0,475021,85,10387456,12.42383,1.15,1.4
bookstore,healpix,haar-residual-d12,view,very-constrained,quick-turn,0.75,150,0.37,4.75,5,4.476137,15.43521,0.04878049,0.5365854,0.5121951,5.268695,0.7938445,261014,120939.4,0,45,1,475021,85,6455296,12.60054,2.15,2.4
bookstore,healpix,haar-residual-d12,view-fill,fast,quick-turn,50,20,0.03,0.5,0.5,0.1231994,4.927975,0.02439024,0.9512195,0.9512195,0.9164171,0.7938445,500521,264290.7,0,85,0,475021,85,16760832,0,0.15,0.15
bookstore,healpix,haar-residual-d12,view-fill,moderate-mobile,quick-turn,10,50,0.07,0.75,1,0.4574131,10.25291,0.02439024,0.9268293,0.902439,1.250631,0.7938445,500521,264290.7,0,87,2,475021,85,16760832,0,0.15,0.15
bookstore,healpix,haar-residual-d12,view-fill,constrained-mobile,quick-turn,2,100,0.19,1.75,2,3.014229,15.42686,0.02439024,0.6829268,0.6341463,3.807447,0.7938445,500521,264290.7,0,87,2,475021,85,16760832,12.42383,1.15,1.4
bookstore,healpix,haar-residual-d12,view-fill,very-constrained,quick-turn,0.75,150,0.37,4.75,5,4.476137,15.43521,0.04878049,0.5365854,0.5121951,5.268695,0.7938445,478711.5,243296.4,0,83,1,475021,85,15450112,12.60054,2.15,2.4
bookstore,healpix,haar-residual-d12,global,fast,quick-turn,50,20,0.03,1,1.25,0.6873593,12.56537,0.02439024,0.902439,0.8780488,1.480577,0.7938445,500521,264290.7,0,85,0,475021,85,16760832,0,0.15,0.15
bookstore,healpix,haar-residual-d12,global,moderate-mobile,quick-turn,10,50,0.07,2,2.75,1.575431,13.18404,0.02439024,0.804878,0.7317073,2.368648,0.7938445,500521,264290.7,0,85,0,475021,85,16760832,0,0.15,0.15
bookstore,healpix,haar-residual-d12,global,constrained-mobile,quick-turn,2,100,0.19,5,6.25,4.154478,15.28959,0.02439024,0.5121951,0.3902439,4.947696,0.7938445,500521,264290.7,0,85,0,475021,85,16760832,5.759647,2.4,3.65
bookstore,healpix,haar-residual-d12,global,very-constrained,quick-turn,0.75,150,0.37,9,,7.483978,15.28959,0.04878049,0.1219512,0,8.276536,0.7938445,460517,232728.8,0,79,0,475021,85,14401536,12.22222,6.4,
bookstore,healpix,haar-residual-d12-p0.5,view,fast,quick-turn,50,20,0.03,0.5,0.5,0.1582381,3.032007,0.02439024,0.9512195,0.9268293,3.992546,3.835212,338528,135634.7,0,65,0,401375,85,11960320,0,0.15,0.15
bookstore,healpix,haar-residual-d12-p0.5,view,moderate-mobile,quick-turn,10,50,0.06,0.75,0.75,0.7148501,7.490894,0.02439024,0.8536585,0.8536585,4.549158,3.835212,308628,123615.7,0,61,0,401375,85,10911744,3.464747,0.4,0.4
bookstore,healpix,haar-residual-d12-p0.5,view,constrained-mobile,quick-turn,2,100,0.15,1.25,1.5,2.027805,12.27984,0.02439024,0.7560976,0.7073171,5.862113,3.835212,290734,119947.7,0,59,0,401375,85,10387456,9.534701,0.9,1.15
bookstore,healpix,haar-residual-d12-p0.5,view,very-constrained,quick-turn,0.75,150,0.27,2,4.5,2.991623,12.26382,0.04878049,0.6097561,0.5609756,6.824981,3.835212,219208,98040.73,0,48,1,401375,85,7241728,9.700289,1.65,1.9
bookstore,healpix,jpeg-residual-q80,view,fast,quick-turn,50,20,0.03,0.5,0.5,0.3234581,5.956037,0.02439024,0.9268293,0.902439,1.453204,1.128432,355608,149432.9,0,65,0,444081,85,11960320,0,0.15,0.15
bookstore,healpix,jpeg-residual-q80,view,moderate-mobile,quick-turn,10,50,0.06,0.75,1,1.161796,10.80391,0.02439024,0.8536585,0.804878,2.291542,1.128432,321066,135316.2,0,61,0,444081,85,10911744,6.33909,0.4,0.65
bookstore,healpix,jpeg-residual-q80,view,constrained-mobile,quick-turn,2,100,0.12,1.5,2,2.799061,15.48184,0.02439024,0.7073171,0.6341463,3.928807,1.128432,301116,130122.1,0,59,0,444081,85,10387456,10.5902,1.15,1.4
bookstore,healpix,jpeg-residual-q80,view,very-constrained,quick-turn,0.75,150,0.2,4.5,5,4.311382,15.50883,0.02439024,0.5609756,0.5121951,5.441128,1.128432,223280.5,99439.61,4687.5,48,1,444081,85,7438336,12.89182,1.9,2.4
bookstore,healpix,jpeg-residual-q80,view-fill,fast,quick-turn,50,20,0.03,0.5,0.5,0.1489009,5.956037,0.02439024,0.9512195,0.9512195,1.278647,1.128432,469581,263242.4,0,85,0,444081,85,16760832,0,0.15,0.15
bookstore,healpix,jpeg-residual-q80,view-fill,moderate-mobile,quick-turn,10,50,0.06,0.75,1,0.513318,10.80391,0.02439024,0.9268293,0.902439,1.643064,1.128432,469581,263242.4,0,87,2,444081,85,16760832,0,0.15,0.15
bookstore,healpix,jpeg-residual-q80,view-fill,constrained-mobile,quick-turn,2,100,0.12,1.5,2,2.652715,15.46279,0.02439024,0.7073171,0.6341463,3.782461,1.128432,479503,263267.1,9922,87,2,444081,85,16760832,10.25524,1.15,1.4
bookstore,healpix,jpeg-residual-q80,view-fill,very-constrained,quick-turn,0.75,150,0.2,4.5,5,4.311382,15.50883,0.02439024,0.5609756,0.5121951,5.441128,1.128432,453866,243007,4687.5,85,1,444081,85,15974400,12.89182,1.9,2.4
bookstore,healpix,jpeg-residual-q80,global,fast,quick-turn,50,20,0.03,1,1.25,0.7409354,12.90454,0.02439024,0.902439,0.8780488,1.870682,1.128432,469581,263242.4,0,85,0,444081,85,16760832,0,0.15,0.15
bookstore,healpix,jpeg-residual-q80,global,moderate-mobile,quick-turn,10,50,0.06,2,2.75,1.701119,13.51265,0.02439024,0.804878,0.7317073,2.830865,1.128432,469581,263242.4,0,85,0,444081,85,16760832,0,0.15,0.15
bookstore,healpix,jpeg-residual-q80,global,constrained-mobile,quick-turn,2,100,0.12,5,6,4.129452,15.26991,0.02439024,0.5121951,0.4146341,5.259198,1.128432,469581,263242.4,0,85,0,444081,85,16760832,5.714915,2.4,3.4
bookstore,healpix,jpeg-residual-q80,global,very-constrained,quick-turn,0.75,150,0.2,8.75,,7.368915,15.46607,0.02439024,0.1463415,0,8.498662,1.128432,436157.5,238662.3,0,82,0,444081,85,15450112,9.663541,6.15,
bookstore,healpix,jpeg-replacement-q80,view,fast,quick-turn,50,20,0.03,0.5,0.5,0.2890256,6.001949,0.02439024,0.9268293,0.902439,1.382437,1.09205,438985,178744.1,0,65,0,546860,85,11960320,0,0.15,0.15
bookstore,healpix,jpeg-replacement-q80,view,moderate-mobile,quick-turn,10,50,0.06,0.75,1,1.052824,10.83096,0.02439024,0.8536585,0.804878,2.146235,1.09205,405020,153580.4,0,61,0,546860,85,10911744,6.369862,0.4,0.65
bookstore,healpix,jpeg-replacement-q80,view,constrained-mobile,quick-turn,2,100,0.12,1.5,2,2.864872,15.78053,0.02439024,0.7073171,0.6097561,3.958283,1.09205,372209,151429.9,7500,59,1,546860,85,10125312,12.79643,1.15,1.65
bookstore,healpix,jpeg-replacement-q80,view,very-constrained,quick-turn,0.75,150,0.2,5,5.5,4.777356,15.78836,0.02439024,0.5121951,0.4634146,5.870767,1.09205,264676,118417.7,0,48,1,546860,85,7241728,12.97156,2.4,2.9
bookstore,healpix,jpeg-replacement-q80,view-fill,fast,quick-turn,50,20,0.03,0.5,0.5,0.1500487,6.001949,0.02439024,0.9512195,0.9512195,1.24346,1.09205,572360,311931.1,0,85,0,546860,85,16760832,0,0.15,0.15
bookstore,healpix,jpeg-replacement-q80,view-fill,moderate-mobile,quick-turn,10,50,0.06,0.75,1,0.5430823,10.83096,0.02439024,0.9268293,0.8780488,1.636494,1.09205,572360,311931.1,0,87,2,546860,85,16760832,0,0.15,0.15
bookstore,healpix,jpeg-replacement-q80,view-fill,constrained-mobile,quick-turn,2,100,0.12,1.5,2,2.864872,15.78053,0.02439024,0.7073171,0.6097561,3.958283,1.09205,579860,311949.8,7500,88,3,546860,85,16760832,12.79643,1.15,1.65
bookstore,healpix,jpeg-replacement-q80,view-fill,very-constrained,quick-turn,0.75,150,0.2,5,5.5,4.777356,15.78836,0.02439024,0.5121951,0.4634146,5.870767,1.09205,496705.5,252069.5,0,78,1,546860,85,14139392,12.97156,2.4,2.9
bookstore,healpix,jpeg-replacement-q80,view-direct,fast,quick-turn,50,20,0.03,0.25,0.25,0.2114974,6.355857,0.02439024,0.9512195,0.9268293,1.304909,1.09205,279475,102343.9,0,33,0,546860,85,8437760,0,0.15,0.15
bookstore,healpix,jpeg-replacement-q80,view-direct,moderate-mobile,quick-turn,10,50,0.06,0.5,0.5,0.7448268,10.40473,0.02439024,0.902439,0.902439,1.838238,1.09205,279475,102343.9,0,33,0,546860,85,8437760,0,0.15,0.15
bookstore,healpix,jpeg-replacement-q80,view-direct,constrained-mobile,quick-turn,2,100,0.12,1.25,1.25,2.198545,15.8488,0.02439024,0.7804878,0.7560976,3.291956,1.09205,241494,71717.39,0,29,0,546860,85,7389184,10.48084,0.65,0.9
bookstore,healpix,jpeg-replacement-q80,view-direct,very-constrained,quick-turn,0.75,150,0.2,2,2,3.895117,15.8488,0.02439024,0.6341463,0.6341463,4.988528,1.09205,210253.5,69570.8,9070.5,27,1,546860,85,6602752,15.1478,1.4,1.4
bookstore,healpix,jpeg-replacement-q80,global,fast,quick-turn,50,20,0.03,1,1.25,0.7438547,12.92164,0.02439024,0.902439,0.8780488,1.837266,1.09205,572360,311931.1,0,85,0,546860,85,16760832,0,0.15,0.15
bookstore,healpix,jpeg-replacement-q80,global,moderate-mobile,quick-turn,10,50,0.06,2.25,3,1.811613,13.52743,0.02439024,0.7804878,0.7073171,2.905024,1.09205,572360,311931.1,0,85,0,546860,85,16760832,1.246793,0.15,0.4
bookstore,healpix,jpeg-replacement-q80,global,constrained-mobile,quick-turn,2,100,0.12,5.25,6.25,4.297475,15.30436,0.02439024,0.4878049,0.3902439,5.390886,1.09205,572360,311931.1,0,85,0,546860,85,16760832,5.736321,2.65,3.65
bookstore,healpix,jpeg-replacement-q80,global,very-constrained,quick-turn,0.75,150,0.2,9.25,,7.760997,15.50431,0.02439024,0.09756098,0,8.854409,1.09205,484089,241081.2,0,76,0,546860,85,13877248,9.685735,6.65,
bookstore,healpix,jpeg-replacement-q80-whole,global,fast,quick-turn,50,20,0.03,0.75,1,0.6074775,12.92375,0.02439024,0.9268293,0.902439,1.699023,1.090178,551526,307359,0,49,0,536826,49,16760832,0,0.15,0.15
bookstore,healpix,jpeg-replacement-q80-whole,global,moderate-mobile,quick-turn,10,50,0.06,1.75,2,1.478018,13.52954,0.02439024,0.8292683,0.804878,2.569563,1.090178,551526,307359,0,49,0,536826,49,16760832,0,0.15,0.15
bookstore,healpix,jpeg-replacement-q80-whole,global,constrained-mobile,quick-turn,2,100,0.12,4,4.75,3.560828,15.30647,0.02439024,0.6097561,0.5365854,4.652374,1.090178,551526,307359,0,49,0,536826,49,16760832,5.738095,1.4,2.15
bookstore,healpix,jpeg-replacement-q80-whole,global,very-constrained,quick-turn,0.75,150,0.2,7.75,9.5,7.044462,15.50643,0.02439024,0.2439024,0.07317073,8.136008,1.090178,551526,307359,0,49,0,536826,49,16760832,9.687509,5.15,6.9
bookstore,healpix,jpeg-replacement-q80-whole,view-direct,fast,quick-turn,50,20,0.03,0.25,0.25,0.01352833,0.5411334,0.02439024,0.9756098,0.9756098,1.105074,1.090178,323335,162465.8,0,12,0,536826,49,11583488,0,0.15,0.15
bookstore,healpix,jpeg-replacement-q80-whole,view-direct,moderate-mobile,quick-turn,10,50,0.06,0.5,0.5,0.2662696,7.298991,0.02439024,0.9512195,0.9268293,1.357815,1.090178,323335,162465.8,0,12,0,536826,49,11583488,0,0.15,0.15
bookstore,healpix,jpeg-replacement-q80-whole,view-direct,constrained-mobile,quick-turn,2,100,0.12,0.75,1,1.873147,15.50643,0.02439024,0.8292683,0.804878,2.964693,1.090178,323335,162465.8,0,12,0,536826,49,11583488,15.07844,0.65,0.65
bookstore,healpix,jpeg-replacement-q80-whole,view-direct,very-constrained,quick-turn,0.75,150,0.2,1.75,2,3.888885,15.85066,0.02439024,0.6585366,0.6341463,4.980431,1.090178,290070.8,154857.2,21093.75,12,1,536826,49,10534912,15.07844,1.4,1.4
superblock,healpix,haar-residual-d12,view,fast,quick-turn,50,20,0.03,0.5,0.5,0.2791843,5.2246,0.02439024,0.9268293,0.902439,0.09882363,-0.1731681,1188384,638961.1,0,65,0,1616056,85,11960320,0,0.15,0.15
superblock,healpix,haar-residual-d12,view,moderate-mobile,quick-turn,10,50,0.08,1,1,1.212616,11.01128,0.02439024,0.804878,0.7804878,1.032255,-0.1731681,1084625,581816.7,0,60,0,1616056,85,10649600,6.318301,0.65,0.9
superblock,healpix,haar-residual-d12,view,constrained-mobile,quick-turn,2,100,0.21,4.75,5.25,3.640694,12.67483,0.02439024,0.5365854,0.4878049,3.460333,-0.1731681,893651,491541.7,1250,50,1,1616056,85,7962624,10.34138,2.15,2.65
superblock,healpix,haar-residual-d12,view,very-constrained,quick-turn,0.75,150,0.44,7.75,9,6.153014,12.67483,0.04878049,0.2439024,0.1219512,5.965092,-0.1731681,709851,404912.2,31875,41,2,1616056,85,5341184,10.74893,5.15,6.4
superblock,healpix,haar-residual-d12,view-fill,fast,quick-turn,50,20,0.03,0.5,0.5,0.130615,5.2246,0.02439024,0.9512195,0.9512195,-0.0497457,-0.1731681,1641556,1091703,0,85,0,1616056,85,16760832,0,0.15,0.15
superblock,healpix,haar-residual-d12,view-fill,moderate-mobile,quick-turn,10,50,0.08,1,1,0.7432828,11.01128,0.02439024,0.8536585,0.8292683,0.5629221,-0.1731681,1641556,1091703,0,87,2,1616056,85,16760832,1.605384,0.15,0.4
superblock,healpix,haar-residual-d12,view-fill,constrained-mobile,quick-turn,2,100,0.21,4.75,5.25,3.640694,12.67483,0.02439024,0.5365854,0.4878049,3.460333,-0.1731681,1642806,1091749,1250,86,1,1616056,85,16760832,10.34138,2.15,2.65
superblock,healpix,haar-residual-d12,view-fill,very-constrained,quick-turn,0.75,150,0.44,7.75,9,6.153014,12.67483,0.04878049,0.2439024,0.1219512,5.965092,-0.1731681,761620,438221.8,31875,46,2,1616056,85,5488640,10.74893,5.15,6.4
superblock,healpix,haar-residual-d12,global,fast,quick-turn,50,20,0.03,1,1.25,0.6271897,10.55803,0.02439024,0.902439,0.8780488,0.446829,-0.1731681,1641556,1091703,0,85,0,1616056,85,16760832,0,0.15,0.15
superblock,healpix,haar-residual-d12,global,moderate-mobile,quick-turn,10,50,0.08,2.75,3.25,1.763738,12.55787,0.02439024,0.7317073,0.6829268,1.583377,-0.1731681,1641556,1091703,0,85,0,1616056,85,16760832,2.13621,0.15,0.65
superblock,healpix,haar-residual-d12,global,constrained-mobile,quick-turn,2,100,0.21,8,9.25,5.520377,12.67483,0.02439024,0.2195122,0.09756098,5.340017,-0.1731681,1641556,1091703,0,85,0,1616056,85,16760832,8.379747,5.4,6.65
superblock,healpix,haar-residual-d12,global,very-constrained,quick-turn,0.75,150,0.44,,,8.493251,12.67483,0.04878049,0,0,8.305328,-0.1731681,705780.5,444403.5,0,39,0,1616056,85,4177920,10.34138,,
superblock,healpix,haar-residual-d12-p0.5,view,fast,quick-turn,50,20,0.03,0.5,0.5,0.205026,3.682408,0.02439024,0.9268293,0.902439,1.653873,1.471992,1042323,552118,0,65,0,1457158,85,11960320,0,0.15,0.15
superblock,healpix,haar-residual-d12-p0.5,view,moderate-mobile,quick-turn,10,50,0.07,0.75,1,0.8490198,7.172605,0.02439024,0.8536585,0.804878,2.297867,1.471992,938564,494973.5,0,60,0,1457158,85,10649600,4.436383,0.4,0.65
superblock,healpix,haar-residual-d12-p0.5,view,constrained-mobile,quick-turn,2,100,0.17,1.75,5.25,2.733088,10.43808,0.02439024,0.6097561,0.4878049,4.181936,1.471992,832200,446168.2,0,53,0,1457158,85,8814592,8.944452,1.9,2.65
superblock,healpix,haar-residual-d12-p0.5,view,very-constrained,quick-turn,0.75,150,0.34,6.5,8,4.636331,10.43808,0.04878049,0.3658537,0.2195122,6.060847,1.471992,635776,353176.8,15000,42,1,1457158,85,5865472,9.998949,3.9,5.4
superblock,healpix,jpeg-residual-q80,view,fast,quick-turn,50,20,0.03,0.5,0.5,0.2815206,5.664874,0.02439024,0.9268293,0.902439,1.286744,1.004164,763512,384187,0,65,0,1089784,85,11960320,0,0.15,0.15
superblock,healpix,jpeg-residual-q80,view,moderate-mobile,quick-turn,10,50,0.06,0.75,1,0.9594794,9.173003,0.02439024,0.8536585,0.804878,1.964702,1.004164,686956,337437.1,0,61,0,1089784,85,10911744,5.275496,0.4,0.65
superblock,healpix,jpeg-residual-q80,view,constrained-mobile,quick-turn,2,100,0.12,1.75,4.5,2.662537,11.35072,0.02439024,0.6341463,0.5609756,3.66776,1.004164,597833,303466.2,0,55,0,1089784,85,9338880,8.540999,1.65,1.9
superblock,healpix,jpeg-residual-q80,view,very-constrained,quick-turn,0.75,150,0.21,5.75,6.75,4.428541,12.79732,0.02439024,0.4390244,0.3414634,5.433764,1.004164,464909.5,250633.9,2812.5,45,1,1089784,85,6455296,9.983787,3.15,4.15
superblock,healpix,jpeg-residual-q80,view-fill,fast,quick-turn,50,20,0.03,0.5,0.5,0.1416219,5.664874,0.02439024,0.9512195,0.9512195,1.146845,1.004164,1115284,735569.9,0,85,0,1089784,85,16760832,0,0.15,0.15
superblock,healpix,jpeg-residual-q80,view-fill,moderate-mobile,quick-turn,10,50,0.06,0.75,1,0.5973329,9.173003,0.02439024,0.8780488,0.8536585,1.602556,1.004164,1115284,735569.9,0,87,2,1089784,85,16760832,0,0.15,0.15
superblock,healpix,jpeg-residual-q80,view-fill,constrained-mobile,quick-turn,2,100,0.12,1.75,4.5,2.662537,11.35072,0.02439024,0.6341463,0.5609756,3.66776,1.004164,1115284,735569.9,0,85,0,1089784,85,16760832,8.540999,1.65,1.9
superblock,healpix,jpeg-residual-q80,view-fill,very-constrained,quick-turn,0.75,150,0.21,5.75,6.75,4.428541,12.79732,0.02439024,0.4390244,0.3414634,5.433764,1.004164,677579.5,425438.3,2812.5,61,1,1089784,85,9682944,9.983787,3.15,4.15
superblock,healpix,jpeg-residual-q80,global,fast,quick-turn,50,20,0.03,1,1.25,0.6367456,10.67711,0.02439024,0.902439,0.8780488,1.641969,1.004164,1115284,735569.9,0,85,0,1089784,85,16760832,0,0.15,0.15
superblock,healpix,jpeg-residual-q80,global,moderate-mobile,quick-turn,10,50,0.06,2.25,2.25,1.553547,11.21953,0.02439024,0.7804878,0.7317073,2.55877,1.004164,1115284,735569.9,0,85,0,1089784,85,16760832,1.140273,0.15,0.4
superblock,healpix,jpeg-residual-q80,global,constrained-mobile,quick-turn,2,100,0.12,6.25,7.25,4.107569,12.62909,0.02439024,0.3902439,0.2926829,5.112792,1.004164,1115284,735569.9,0,85,0,1089784,85,16760832,5.433629,3.65,4.65
superblock,healpix,jpeg-residual-q80,global,very-constrained,quick-turn,0.75,150,0.21,,,6.938737,12.79732,0.02439024,0,0,7.94396,1.004164,598985,420264.5,0,56,0,1089784,85,8634368,8.155121,,
superblock,healpix,jpeg-replacement-q80,view,fast,quick-turn,50,20,0.03,0.5,0.5,0.2800728,5.66666,0.02439024,0.9268293,0.902439,1.308343,1.026288,929552,463512.7,0,65,0,1331252,85,11960320,0,0.15,0.15
superblock,healpix,jpeg-replacement-q80,view,moderate-mobile,quick-turn,10,50,0.06,1,1,1.080312,9.160069,0.02439024,0.804878,0.804878,2.108582,1.026288,839739,393800.3,0,61,0,1331252,85,10911744,6.094972,0.65,0.65
superblock,healpix,jpeg-replacement-q80,view,constrained-mobile,quick-turn,2,100,0.12,2,4.75,2.813213,11.3527,0.02439024,0.6097561,0.5365854,3.841483,1.026288,714727,353319.9,0,54,0,1331252,85,9076736,9.651638,1.65,2.15
superblock,healpix,jpeg-replacement-q80,view,very-constrained,quick-turn,0.75,150,0.21,6.25,7.75,4.773868,12.8121,0.02439024,0.3902439,0.2439024,5.802138,1.026288,551983,296362.7,0,43,0,1331252,85,6389760,9.721864,3.65,5.15
superblock,healpix,jpeg-replacement-q80,view-fill,fast,quick-turn,50,20,0.03,0.5,0.5,0.1416665,5.66666,0.02439024,0.9512195,0.9512195,1.169937,1.026288,1356752,890248.1,0,85,0,1331252,85,16760832,0,0.15,0.15
superblock,healpix,jpeg-replacement-q80,view-fill,moderate-mobile,quick-turn,10,50,0.06,1,1,0.6981123,9.160069,0.02439024,0.8536585,0.8536585,1.726382,1.026288,1356752,890248.1,0,87,2,1331252,85,16760832,0.754172,0.15,0.15
superblock,healpix,jpeg-replacement-q80,view-fill,constrained-mobile,quick-turn,2,100,0.12,2,4.75,2.813213,11.3527,0.02439024,0.6097561,0.5365854,3.841483,1.026288,1356752,890248.1,0,85,0,1331252,85,16760832,9.651638,1.65,2.15
superblock,healpix,jpeg-replacement-q80,view-fill,very-constrained,quick-turn,0.75,150,0.21,6.25,7.75,4.773868,12.8121,0.02439024,0.3902439,0.2439024,5.802138,1.026288,712744,407734.5,0,56,0,1331252,85,8634368,9.721864,3.65,5.15
superblock,healpix,jpeg-replacement-q80,view-direct,fast,quick-turn,50,20,0.03,0.25,0.25,0.09508567,3.427364,0.02439024,0.9512195,0.9512195,1.123356,1.026288,619858,287427.4,0,33,0,1331252,85,8437760,0,0.15,0.15
superblock,healpix,jpeg-replacement-q80,view-direct,moderate-mobile,quick-turn,10,50,0.06,0.75,0.75,0.863279,9.283925,0.02439024,0.8536585,0.8536585,1.891549,1.026288,571364,239945.7,0,31,0,1331252,85,7913472,4.849185,0.4,0.4
superblock,healpix,jpeg-replacement-q80,view-direct,constrained-mobile,quick-turn,2,100,0.12,1.5,1.5,2.414658,12.8121,0.02439024,0.6829268,0.6829268,3.442928,1.026288,488395,206954.1,0,27,0,1331252,85,6864896,10.38789,1.4,1.4
superblock,healpix,jpeg-replacement-q80,view-direct,very-constrained,quick-turn,0.75,150,0.21,5.25,5.75,4.504086,12.8121,0.02439024,0.4878049,0.4390244,5.532356,1.026288,417810.8,174565.3,13593.75,25,3,1331252,85,5554176,10.8673,2.65,3.15
superblock,healpix,jpeg-replacement-q80,global,fast,quick-turn,50,20,0.03,1,1.25,0.6371314,10.67823,0.02439024,0.902439,0.8780488,1.665402,1.026288,1356752,890248.1,0,85,0,1331252,85,16760832,0,0.15,0.15
superblock,healpix,jpeg-replacement-q80,global,moderate-mobile,quick-turn,10,50,0.06,2.25,3,1.655442,11.20887,0.02439024,0.7560976,0.7073171,2.683712,1.026288,1356752,890248.1,0,85,0,1331252,85,16760832,1.131527,0.15,0.4
superblock,healpix,jpeg-replacement-q80,global,constrained-mobile,quick-turn,2,100,0.12,6.75,8,4.449623,12.63157,0.02439024,0.3414634,0.2195122,5.477894,1.026288,1356752,890248.1,0,85,0,1331252,85,16760832,6.984285,4.15,5.4
superblock,healpix,jpeg-replacement-q80,global,very-constrained,quick-turn,0.75,150,0.21,,,7.141723,12.8121,0.02439024,0,0,8.169993,1.026288,629040,438885.6,0,52,0,1331252,85,7585792,8.129446,,
superblock,healpix,jpeg-replacement-q80-whole,global,fast,quick-turn,50,20,0.03,1,1,0.5980004,10.67985,0.02439024,0.902439,0.902439,1.624634,1.024652,1334687,857677.9,0,49,0,1319987,49,16760832,0,0.15,0.15
superblock,healpix,jpeg-replacement-q80-whole,global,moderate-mobile,quick-turn,10,50,0.06,2,2.25,1.417507,11.21049,0.02439024,0.804878,0.7804878,2.444141,1.024652,1334687,857677.9,0,49,0,1319987,49,16760832,0,0.15,0.15
superblock,healpix,jpeg-replacement-q80-whole,global,constrained-mobile,quick-turn,2,100,0.12,6.25,7.75,4.222509,12.63319,0.02439024,0.3902439,0.2439024,5.249143,1.024652,1334687,857677.9,0,49,0,1319987,49,16760832,6.985969,3.65,5.15
superblock,healpix,jpeg-replacement-q80-whole,global,very-constrained,quick-turn,0.75,150,0.21,,,7.241044,12.81372,0.02439024,0,0,8.267678,1.024652,668040.5,466699.4,0,41,0,1319987,49,6275072,8.131131,,
superblock,healpix,jpeg-replacement-q80-whole,view-direct,fast,quick-turn,50,20,0.03,0.25,0.25,0.07706302,2.067365,0.02439024,0.9756098,0.9268293,1.103697,1.024652,890405,547469.2,0,12,0,1319987,49,11583488,0,0.15,0.15
superblock,healpix,jpeg-replacement-q80-whole,view-direct,moderate-mobile,quick-turn,10,50,0.06,0.5,0.5,0.4024626,8.354925,0.02439024,0.9268293,0.902439,1.429097,1.024652,890405,547469.2,0,12,0,1319987,49,11583488,0,0.15,0.15
superblock,healpix,jpeg-replacement-q80-whole,view-direct,constrained-mobile,quick-turn,2,100,0.12,1.75,1.75,2.894679,12.81372,0.02439024,0.6585366,0.6097561,3.921313,1.024652,870780,542980.3,62500,12,1,1319987,49,10534912,10.86899,1.4,1.9
superblock,healpix,jpeg-replacement-q80-whole,view-direct,very-constrained,quick-turn,0.75,150,0.21,6.75,7.75,6.343571,12.81372,0.02439024,0.3414634,0.2439024,7.370205,1.024652,664865,404517.1,76875,11,3,1319987,49,7389184,10.86899,4.15,5.15
