panorama,representation,scheme,policy,profile,trace,megabitsPerSecond,roundTripMs,timeToCoarseSphere,timeToAcceptable,timeToHigh,meanShortfallDb,worstShortfallDb,shareOfTimeBlank,shareOfTimeAcceptable,shareOfTimeHigh,meanDeficitDb,deficitWithEverythingDb,bytesReceived,bytesNeverLookedAt,bytesCancelled,requests,requestsCancelled,schemeBytes,schemeUnits,finalResidentBytes,afterTurnShortfallDb,afterTurnTimeToAcceptable,afterTurnTimeToHigh
northrop-mall,cube,haar-residual-d12,view,fast,stationary,50,20,0.03,0.25,0.25,0,0,0.02439024,0.9756098,0.9756098,-0.5064305,-0.5064305,320167,142315.2,0,16,0,1416354,91,3188736,,,
northrop-mall,cube,haar-residual-d12,view,moderate-mobile,stationary,10,50,0.08,0.5,0.5,0.1267972,5.071888,0.02439024,0.9512195,0.9512195,-0.3796333,-0.5064305,320167,142315.2,0,16,0,1416354,91,3188736,,,
northrop-mall,cube,haar-residual-d12,view,constrained-mobile,stationary,2,100,0.21,1.25,1.5,0.7699366,11.36053,0.02439024,0.8780488,0.8536585,0.2635061,-0.5064305,320167,142315.2,0,16,0,1416354,91,3188736,,,
northrop-mall,cube,haar-residual-d12,view,very-constrained,stationary,0.75,150,0.43,3,3.5,1.75247,11.36053,0.04878049,0.7073171,0.6585366,1.24604,-0.5064305,320167,142315.2,0,16,0,1416354,91,3188736,,,
northrop-mall,cube,haar-residual-d12,view-fill,fast,stationary,50,20,0.03,0.25,0.25,0,0,0.02439024,0.9756098,0.9756098,-0.5064305,-0.5064305,1443654,1265802,0,91,0,1416354,91,18855936,,,
northrop-mall,cube,haar-residual-d12,view-fill,moderate-mobile,stationary,10,50,0.08,0.5,0.5,0.1267972,5.071888,0.02439024,0.9512195,0.9512195,-0.3796333,-0.5064305,1443654,1265802,0,91,0,1416354,91,18855936,,,
northrop-mall,cube,haar-residual-d12,view-fill,constrained-mobile,stationary,2,100,0.21,1.25,1.5,0.7699366,11.36053,0.02439024,0.8780488,0.8536585,0.2635061,-0.5064305,1443654,1265802,0,91,0,1416354,91,18855936,,,
northrop-mall,cube,haar-residual-d12,view-fill,very-constrained,stationary,0.75,150,0.43,3,3.5,1.75247,11.36053,0.04878049,0.7073171,0.6585366,1.24604,-0.5064305,894854.5,717002.7,0,64,0,1416354,91,10205184,,,
northrop-mall,cube,haar-residual-d12,global,fast,stationary,50,20,0.03,0.5,0.5,0.1216019,4.864075,0.02439024,0.9512195,0.9512195,-0.3848286,-0.5064305,1443654,1265802,0,91,0,1416354,91,18855936,,,
northrop-mall,cube,haar-residual-d12,global,moderate-mobile,stationary,10,50,0.08,1,1.25,0.4771527,7.92348,0.02439024,0.902439,0.8780488,-0.0292778,-0.5064305,1443654,1265802,0,91,0,1416354,91,18855936,,,
northrop-mall,cube,haar-residual-d12,global,constrained-mobile,stationary,2,100,0.21,4,4.25,2.488925,11.36053,0.02439024,0.6097561,0.5853659,1.982495,-0.5064305,1443654,1265802,0,91,0,1416354,91,18855936,,,
northrop-mall,cube,haar-residual-d12,global,very-constrained,stationary,0.75,150,0.43,10,,6.279791,11.36053,0.04878049,0.02439024,0,5.77336,-0.5064305,909719.5,775241.2,0,66,0,1416354,91,10729472,,,
northrop-mall,cube,haar-residual-d12-p0.5,view,fast,stationary,50,20,0.03,0.25,0.25,0,0,0.02439024,0.9756098,0.9756098,0.253687,0.253687,286523,123157.8,0,16,0,1293798,91,3188736,,,
northrop-mall,cube,haar-residual-d12-p0.5,view,moderate-mobile,stationary,10,50,0.07,0.5,0.5,0.107077,4.283079,0.02439024,0.9512195,0.9512195,0.3607639,0.253687,286523,123157.8,0,16,0,1293798,91,3188736,,,
northrop-mall,cube,haar-residual-d12-p0.5,view,constrained-mobile,stationary,2,100,0.16,1,1.5,0.658525,10.6145,0.02439024,0.902439,0.8536585,0.9122119,0.253687,286523,123157.8,0,16,0,1293798,91,3188736,,,
northrop-mall,cube,haar-residual-d12-p0.5,view,very-constrained,stationary,0.75,150,0.31,2.25,3.25,1.350475,10.6145,0.04878049,0.7804878,0.6829268,1.604162,0.253687,286523,123157.8,0,16,0,1293798,91,3188736,,,
northrop-mall,cube,jpeg-residual-q80,view,fast,stationary,50,20,0.03,0.25,0.25,0,0,0.02439024,0.9756098,0.9756098,0.1868569,0.1868569,233079,96438.75,0,16,0,1082401,91,3188736,,,
northrop-mall,cube,jpeg-residual-q80,view,moderate-mobile,stationary,10,50,0.06,0.5,0.5,0.1013728,4.05491,0.02439024,0.9512195,0.9512195,0.2882297,0.1868569,233079,96438.75,0,16,0,1082401,91,3188736,,,
northrop-mall,cube,jpeg-residual-q80,view,constrained-mobile,stationary,2,100,0.12,1,1.25,0.4876855,9.580639,0.02439024,0.902439,0.8780488,0.6745424,0.1868569,233079,96438.75,0,16,0,1082401,91,3188736,,,
northrop-mall,cube,jpeg-residual-q80,view,very-constrained,stationary,0.75,150,0.21,2,2.75,1.257599,10.9931,0.02439024,0.804878,0.7317073,1.444456,0.1868569,233079,96438.75,0,16,0,1082401,91,3188736,,,
northrop-mall,cube,jpeg-residual-q80,view-fill,fast,stationary,50,20,0.03,0.25,0.25,0,0,0.02439024,0.9756098,0.9756098,0.1868569,0.1868569,1109701,973060.8,0,91,0,1082401,91,18855936,,,
northrop-mall,cube,jpeg-residual-q80,view-fill,moderate-mobile,stationary,10,50,0.06,0.5,0.5,0.1013728,4.05491,0.02439024,0.9512195,0.9512195,0.2882297,0.1868569,1109701,973060.8,0,91,0,1082401,91,18855936,,,
northrop-mall,cube,jpeg-residual-q80,view-fill,constrained-mobile,stationary,2,100,0.12,1,1.25,0.4876855,9.580639,0.02439024,0.902439,0.8780488,0.6745424,0.1868569,1109701,973060.8,0,91,0,1082401,91,18855936,,,
northrop-mall,cube,jpeg-residual-q80,view-fill,very-constrained,stationary,0.75,150,0.21,2,2.75,1.257599,10.9931,0.02439024,0.804878,0.7317073,1.444456,0.1868569,890159,753518.8,0,88,0,1082401,91,16496640,,,
northrop-mall,cube,jpeg-residual-q80,global,fast,stationary,50,20,0.03,0.5,0.5,0.1214189,4.856756,0.02439024,0.9512195,0.9512195,0.3082758,0.1868569,1109701,973060.8,0,91,0,1082401,91,18855936,,,
northrop-mall,cube,jpeg-residual-q80,global,moderate-mobile,stationary,10,50,0.06,1,1,0.433473,7.709229,0.02439024,0.902439,0.902439,0.6203299,0.1868569,1109701,973060.8,0,91,0,1082401,91,18855936,,,
northrop-mall,cube,jpeg-residual-q80,global,constrained-mobile,stationary,2,100,0.12,3,3.25,1.632158,10.9931,0.02439024,0.7073171,0.6829268,1.819015,0.1868569,1109701,973060.8,0,91,0,1082401,91,18855936,,,
northrop-mall,cube,jpeg-residual-q80,global,very-constrained,stationary,0.75,150,0.21,7,7.75,4.136932,10.9931,0.02439024,0.3170732,0.2439024,4.323789,0.1868569,903854.5,767214.3,0,88,0,1082401,91,16496640,,,
northrop-mall,cube,jpeg-replacement-q80,view,fast,stationary,50,20,0.03,0.25,0.25,0,0,0.02439024,0.9756098,0.9756098,0.2092247,0.2092247,279734,115244.6,0,16,0,1298191,91,3188736,,,
northrop-mall,cube,jpeg-replacement-q80,view,moderate-mobile,stationary,10,50,0.06,0.5,0.5,0.09120836,3.648335,0.02439024,0.9512195,0.9512195,0.300433,0.2092247,279734,115244.6,0,16,0,1298191,91,3188736,,,
northrop-mall,cube,jpeg-replacement-q80,view,constrained-mobile,stationary,2,100,0.12,1,1.25,0.5397283,9.562841,0.02439024,0.902439,0.8780488,0.7489529,0.2092247,279734,115244.6,0,16,0,1298191,91,3188736,,,
northrop-mall,cube,jpeg-replacement-q80,view,very-constrained,stationary,0.75,150,0.21,2.5,3.25,1.489691,10.97073,0.02439024,0.7560976,0.6829268,1.698915,0.2092247,279734,115244.6,0,16,0,1298191,91,3188736,,,
northrop-mall,cube,jpeg-replacement-q80,view-fill,fast,stationary,50,20,0.03,0.25,0.25,0,0,0.02439024,0.9756098,0.9756098,0.2092247,0.2092247,1325491,1161002,0,91,0,1298191,91,18855936,,,
northrop-mall,cube,jpeg-replacement-q80,view-fill,moderate-mobile,stationary,10,50,0.06,0.5,0.5,0.09120836,3.648335,0.02439024,0.9512195,0.9512195,0.300433,0.2092247,1325491,1161002,0,91,0,1298191,91,18855936,,,
northrop-mall,cube,jpeg-replacement-q80,view-fill,constrained-mobile,stationary,2,100,0.12,1,1.25,0.5397283,9.562841,0.02439024,0.902439,0.8780488,0.7489529,0.2092247,1325491,1161002,0,91,0,1298191,91,18855936,,,
northrop-mall,cube,jpeg-replacement-q80,view-fill,very-constrained,stationary,0.75,150,0.21,2.5,3.25,1.489691,10.97073,0.02439024,0.7560976,0.6829268,1.698915,0.2092247,894734,730244.6,0,73,0,1298191,91,12302336,,,
northrop-mall,cube,jpeg-replacement-q80,view-direct,fast,stationary,50,20,0.03,0.25,0.25,0,0,0.02439024,0.9756098,0.9756098,0.2092247,0.2092247,205279,84658.35,0,10,0,1298191,91,2414592,,,
northrop-mall,cube,jpeg-replacement-q80,view-direct,moderate-mobile,stationary,10,50,0.06,0.5,0.5,0.09090892,3.636357,0.02439024,0.9512195,0.9512195,0.3001336,0.2092247,205279,84658.35,0,10,0,1298191,91,2414592,,,
northrop-mall,cube,jpeg-replacement-q80,view-direct,constrained-mobile,stationary,2,100,0.12,1,1.25,0.6584256,10.97073,0.02439024,0.902439,0.8780488,0.8676503,0.2092247,205279,84658.35,0,10,0,1298191,91,2414592,,,
northrop-mall,cube,jpeg-replacement-q80,view-direct,very-constrained,stationary,0.75,150,0.21,2.25,2.5,1.680782,10.97073,0.02439024,0.7804878,0.7560976,1.890006,0.2092247,205279,84658.35,0,10,0,1298191,91,2414592,,,
northrop-mall,cube,jpeg-replacement-q80,global,fast,stationary,50,20,0.03,0.5,0.5,0.121107,4.844281,0.02439024,0.9512195,0.9512195,0.3303317,0.2092247,1325491,1161002,0,91,0,1298191,91,18855936,,,
northrop-mall,cube,jpeg-replacement-q80,global,moderate-mobile,stationary,10,50,0.06,1,1,0.4345897,7.695026,0.02439024,0.902439,0.902439,0.6438144,0.2092247,1325491,1161002,0,91,0,1298191,91,18855936,,,
northrop-mall,cube,jpeg-replacement-q80,global,constrained-mobile,stationary,2,100,0.12,3.5,3.75,1.91935,10.97073,0.02439024,0.6585366,0.6341463,2.128575,0.2092247,1325491,1161002,0,91,0,1298191,91,18855936,,,
northrop-mall,cube,jpeg-replacement-q80,global,very-constrained,stationary,0.75,150,0.21,8.25,9,4.815876,10.97073,0.02439024,0.195122,0.1219512,5.025101,0.2092247,909448.5,744959.1,0,73,0,1298191,91,12564480,,,
northrop-mall,cube,jpeg-replacement-q80-whole,global,fast,stationary,50,20,0.03,0.25,0.25,0,0,0.02439024,0.9756098,0.9756098,0.2079697,0.2079697,1287939,1128690,0,25,0,1280439,25,18855936,,,
northrop-mall,cube,jpeg-replacement-q80-whole,global,moderate-mobile,stationary,10,50,0.06,1,1,0.4346703,7.696281,0.02439024,0.902439,0.902439,0.64264,0.2079697,1287939,1128690,0,25,0,1280439,25,18855936,,,
northrop-mall,cube,jpeg-replacement-q80-whole,global,constrained-mobile,stationary,2,100,0.12,3.75,3.75,2.062837,10.97198,0.02439024,0.6341463,0.6341463,2.270807,0.2079697,1287939,1128690,0,25,0,1280439,25,18855936,,,
northrop-mall,cube,jpeg-replacement-q80-whole,global,very-constrained,stationary,0.75,150,0.21,9,9,5.127645,10.97198,0.02439024,0.1219512,0.1219512,5.335615,0.2079697,909448.5,750199,0,25,0,1280439,25,11778048,,,
northrop-mall,cube,jpeg-replacement-q80-whole,view-direct,fast,stationary,50,20,0.03,0.25,0.25,0,0,0.02439024,0.9756098,0.9756098,0.2079697,0.2079697,200637,84538.36,0,2,0,1280439,25,2414592,,,
northrop-mall,cube,jpeg-replacement-q80-whole,view-direct,moderate-mobile,stationary,10,50,0.06,0.5,0.5,0.2742996,10.97198,0.02439024,0.9512195,0.9512195,0.4822693,0.2079697,200637,84538.36,0,2,0,1280439,25,2414592,,,
northrop-mall,cube,jpeg-replacement-q80-whole,view-direct,constrained-mobile,stationary,2,100,0.12,1.25,1.25,1.097198,10.97198,0.02439024,0.8780488,0.8780488,1.305168,0.2079697,200637,84538.36,0,2,0,1280439,25,2414592,,,
northrop-mall,cube,jpeg-replacement-q80-whole,view-direct,very-constrained,stationary,0.75,150,0.21,2.5,2.5,2.468697,10.97198,0.02439024,0.7560976,0.7560976,2.676666,0.2079697,200637,84538.36,0,2,0,1280439,25,2414592,,,
bookstore,cube,haar-residual-d12,view,fast,stationary,50,20,0.03,0.25,0.25,0,0,0.02439024,0.9756098,0.9756098,1.329471,1.329471,92964,46260.04,0,16,0,374015,91,3188736,,,
bookstore,cube,haar-residual-d12,view,moderate-mobile,stationary,10,50,0.07,0.5,0.5,0.1205201,4.820804,0.02439024,0.9512195,0.9512195,1.449991,1.329471,92964,46260.04,0,16,0,374015,91,3188736,,,
bookstore,cube,haar-residual-d12,view,constrained-mobile,stationary,2,100,0.19,0.75,0.75,0.5035451,15.20125,0.02439024,0.9268293,0.9268293,1.833016,1.329471,92964,46260.04,0,16,0,374015,91,3188736,,,
bookstore,cube,haar-residual-d12,view,very-constrained,stationary,0.75,150,0.37,1.25,1.5,0.7809408,15.20125,0.04878049,0.8780488,0.8536585,2.110411,1.329471,92964,46260.04,0,16,0,374015,91,3188736,,,
bookstore,cube,haar-residual-d12,view-fill,fast,stationary,50,20,0.03,0.25,0.25,0,0,0.02439024,0.9756098,0.9756098,1.329471,1.329471,401315,354611,0,91,0,374015,91,18855936,,,
bookstore,cube,haar-residual-d12,view-fill,moderate-mobile,stationary,10,50,0.07,0.5,0.5,0.1205201,4.820804,0.02439024,0.9512195,0.9512195,1.449991,1.329471,401315,354611,0,91,0,374015,91,18855936,,,
bookstore,cube,haar-residual-d12,view-fill,constrained-mobile,stationary,2,100,0.19,0.75,0.75,0.5035451,15.20125,0.02439024,0.9268293,0.9268293,1.833016,1.329471,401315,354611,0,91,0,374015,91,18855936,,,
bookstore,cube,haar-residual-d12,view-fill,very-constrained,stationary,0.75,150,0.37,1.25,1.5,0.7809408,15.20125,0.04878049,0.8780488,0.8536585,2.110411,1.329471,401315,354611,0,91,0,374015,91,18855936,,,
bookstore,cube,haar-residual-d12,global,fast,stationary,50,20,0.03,0.5,0.5,0.1241262,4.965048,0.02439024,0.9512195,0.9512195,1.453597,1.329471,401315,354611,0,91,0,374015,91,18855936,,,
bookstore,cube,haar-residual-d12,global,moderate-mobile,stationary,10,50,0.07,0.75,1,0.3878105,9.216721,0.02439024,0.9268293,0.902439,1.717281,1.329471,401315,354611,0,91,0,374015,91,18855936,,,
bookstore,cube,haar-residual-d12,global,constrained-mobile,stationary,2,100,0.19,2,2,1.418418,15.20125,0.02439024,0.804878,0.804878,2.747889,1.329471,401315,354611,0,91,0,374015,91,18855936,,,
bookstore,cube,haar-residual-d12,global,very-constrained,stationary,0.75,150,0.37,4,4,2.978754,15.20125,0.04878049,0.6097561,0.6097561,4.308225,1.329471,401315,354611,0,91,0,374015,91,18855936,,,
bookstore,cube,haar-residual-d12-p0.5,view,fast,stationary,50,20,0.03,0.25,0.25,0,0,0.02439024,0.9756098,0.9756098,4.111157,4.111157,72365,32989.48,0,16,0,307423,91,3188736,,,
bookstore,cube,haar-residual-d12-p0.5,view,moderate-mobile,stationary,10,50,0.06,0.25,0.5,0.07450379,2.980152,0.02439024,0.9756098,0.9512195,4.185661,4.111157,72365,32989.48,0,16,0,307423,91,3188736,,,
bookstore,cube,haar-residual-d12-p0.5,view,constrained-mobile,stationary,2,100,0.15,0.5,0.75,0.386234,12.46921,0.02439024,0.9512195,0.9268293,4.497391,4.111157,72365,32989.48,0,16,0,307423,91,3188736,,,
bookstore,cube,haar-residual-d12-p0.5,view,very-constrained,stationary,0.75,150,0.26,1,1.25,0.3890921,10.12607,0.04878049,0.902439,0.8780488,4.500249,4.111157,72365,32989.48,0,16,0,307423,91,3188736,,,
bookstore,cube,jpeg-residual-q80,view,fast,stationary,50,20,0.03,0.25,0.25,0,0,0.02439024,0.9756098,0.9756098,1.452003,1.452003,78799,32572.64,0,16,0,414399,91,3188736,,,
bookstore,cube,jpeg-residual-q80,view,moderate-mobile,stationary,10,50,0.06,0.5,0.5,0.1352202,5.408808,0.02439024,0.9512195,0.9512195,1.587223,1.452003,78799,32572.64,0,16,0,414399,91,3188736,,,
bookstore,cube,jpeg-residual-q80,view,constrained-mobile,stationary,2,100,0.12,0.75,0.75,0.4642294,13.16037,0.02439024,0.9268293,0.9268293,1.916232,1.452003,78799,32572.64,0,16,0,414399,91,3188736,,,
bookstore,cube,jpeg-residual-q80,view,very-constrained,stationary,0.75,150,0.19,1,1.25,0.77387,15.45324,0.02439024,0.902439,0.8780488,2.225873,1.452003,78799,32572.64,0,16,0,414399,91,3188736,,,
bookstore,cube,jpeg-residual-q80,view-fill,fast,stationary,50,20,0.03,0.25,0.25,0,0,0.02439024,0.9756098,0.9756098,1.452003,1.452003,441699,395472.6,0,91,0,414399,91,18855936,,,
bookstore,cube,jpeg-residual-q80,view-fill,moderate-mobile,stationary,10,50,0.06,0.5,0.5,0.1352202,5.408808,0.02439024,0.9512195,0.9512195,1.587223,1.452003,441699,395472.6,0,91,0,414399,91,18855936,,,
bookstore,cube,jpeg-residual-q80,view-fill,constrained-mobile,stationary,2,100,0.12,0.75,0.75,0.4642294,13.16037,0.02439024,0.9268293,0.9268293,1.916232,1.452003,441699,395472.6,0,91,0,414399,91,18855936,,,
bookstore,cube,jpeg-residual-q80,view-fill,very-constrained,stationary,0.75,150,0.19,1,1.25,0.77387,15.45324,0.02439024,0.902439,0.8780488,2.225873,1.452003,441699,395472.6,0,91,0,414399,91,18855936,,,
bookstore,cube,jpeg-residual-q80,global,fast,stationary,50,20,0.03,0.5,0.5,0.1453045,5.812182,0.02439024,0.9512195,0.9512195,1.597307,1.452003,441699,395472.6,0,91,0,414399,91,18855936,,,
bookstore,cube,jpeg-residual-q80,global,moderate-mobile,stationary,10,50,0.06,0.75,1,0.4287011,9.856464,0.02439024,0.9268293,0.902439,1.880704,1.452003,441699,395472.6,0,91,0,414399,91,18855936,,,
bookstore,cube,jpeg-residual-q80,global,constrained-mobile,stationary,2,100,0.12,1.75,1.75,1.156344,13.16037,0.02439024,0.8292683,0.8292683,2.608347,1.452003,441699,395472.6,0,91,0,414399,91,18855936,,,
bookstore,cube,jpeg-residual-q80,global,very-constrained,stationary,0.75,150,0.19,3.75,3.75,2.730132,15.45324,0.02439024,0.6341463,0.6341463,4.182135,1.452003,441699,395472.6,0,91,0,414399,91,18855936,,,
bookstore,cube,jpeg-replacement-q80,view,fast,stationary,50,20,0.03,0.25,0.25,0,0,0.02439024,0.9756098,0.9756098,1.392647,1.392647,95420,38938.03,0,16,0,496949,91,3188736,,,
bookstore,cube,jpeg-replacement-q80,view,moderate-mobile,stationary,10,50,0.06,0.25,0.5,0.03714704,1.485881,0.02439024,0.9756098,0.9512195,1.429794,1.392647,95420,38938.03,0,16,0,496949,91,3188736,,,
bookstore,cube,jpeg-replacement-q80,view,constrained-mobile,stationary,2,100,0.12,0.75,0.75,0.4260958,13.21645,0.02439024,0.9268293,0.9268293,1.818742,1.392647,95420,38938.03,0,16,0,496949,91,3188736,,,
bookstore,cube,jpeg-replacement-q80,view,very-constrained,stationary,0.75,150,0.19,1.25,1.25,0.8945468,15.51259,0.02439024,0.8780488,0.8780488,2.287193,1.392647,95420,38938.03,0,16,0,496949,91,3188736,,,
bookstore,cube,jpeg-replacement-q80,view-fill,fast,stationary,50,20,0.03,0.25,0.25,0,0,0.02439024,0.9756098,0.9756098,1.392647,1.392647,524249,467767,0,91,0,496949,91,18855936,,,
bookstore,cube,jpeg-replacement-q80,view-fill,moderate-mobile,stationary,10,50,0.06,0.25,0.5,0.03714704,1.485881,0.02439024,0.9756098,0.9512195,1.429794,1.392647,524249,467767,0,91,0,496949,91,18855936,,,
bookstore,cube,jpeg-replacement-q80,view-fill,constrained-mobile,stationary,2,100,0.12,0.75,0.75,0.4260958,13.21645,0.02439024,0.9268293,0.9268293,1.818742,1.392647,524249,467767,0,91,0,496949,91,18855936,,,
bookstore,cube,jpeg-replacement-q80,view-fill,very-constrained,stationary,0.75,150,0.19,1.25,1.25,0.8945468,15.51259,0.02439024,0.8780488,0.8780488,2.287193,1.392647,524249,467767,0,91,0,496949,91,18855936,,,
bookstore,cube,jpeg-replacement-q80,view-direct,fast,stationary,50,20,0.03,0.25,0.25,0,0,0.02439024,0.9756098,0.9756098,1.392647,1.392647,64530,25962.24,0,10,0,496949,91,2414592,,,
bookstore,cube,jpeg-replacement-q80,view-direct,moderate-mobile,stationary,10,50,0.06,0.25,0.25,0,0,0.02439024,0.9756098,0.9756098,1.392647,1.392647,64530,25962.24,0,10,0,496949,91,2414592,,,
bookstore,cube,jpeg-replacement-q80,view-direct,constrained-mobile,stationary,2,100,0.12,0.5,0.5,0.3849411,15.39764,0.02439024,0.9512195,0.9512195,1.777588,1.392647,64530,25962.24,0,10,0,496949,91,2414592,,,
bookstore,cube,jpeg-replacement-q80,view-direct,very-constrained,stationary,0.75,150,0.19,1,1,1.075951,15.51259,0.02439024,0.902439,0.902439,2.468598,1.392647,64530,25962.24,0,10,0,496949,91,2414592,,,
bookstore,cube,jpeg-replacement-q80,global,fast,stationary,50,20,0.03,0.5,0.5,0.1464005,5.85602,0.02439024,0.9512195,0.9512195,1.539047,1.392647,524249,467767,0,91,0,496949,91,18855936,,,
bookstore,cube,jpeg-replacement-q80,global,moderate-mobile,stationary,10,50,0.06,0.75,1,0.4310698,9.90089,0.02439024,0.9268293,0.902439,1.823716,1.392647,524249,467767,0,91,0,496949,91,18855936,,,
bookstore,cube,jpeg-replacement-q80,global,constrained-mobile,stationary,2,100,0.12,2,2,1.375494,15.51259,0.02439024,0.804878,0.804878,2.76814,1.392647,524249,467767,0,91,0,496949,91,18855936,,,
bookstore,cube,jpeg-replacement-q80,global,very-constrained,stationary,0.75,150,0.19,4.25,4.5,3.287316,15.51259,0.02439024,0.5853659,0.5609756,4.679963,1.392647,524249,467767,0,91,0,496949,91,18855936,,,
bookstore,cube,jpeg-replacement-q80-whole,global,fast,stationary,50,20,0.03,0.25,0.25,0,0,0.02439024,0.9756098,0.9756098,1.389948,1.389948,485215,434233.3,0,25,0,477715,25,18855936,,,
bookstore,cube,jpeg-replacement-q80-whole,global,moderate-mobile,stationary,10,50,0.06,0.5,0.5,0.2475897,9.903588,0.02439024,0.9512195,0.9512195,1.637538,1.389948,485215,434233.3,0,25,0,477715,25,18855936,,,
bookstore,cube,jpeg-replacement-q80-whole,global,constrained-mobile,stationary,2,100,0.12,1.75,1.75,1.322399,15.51529,0.02439024,0.8292683,0.8292683,2.712347,1.389948,485215,434233.3,0,25,0,477715,25,18855936,,,
bookstore,cube,jpeg-replacement-q80-whole,global,very-constrained,stationary,0.75,150,0.19,4.25,4.25,3.256065,15.51529,0.02439024,0.5853659,0.5853659,4.646014,1.389948,485215,434233.3,0,25,0,477715,25,18855936,,,
bookstore,cube,jpeg-replacement-q80-whole,view-direct,fast,stationary,50,20,0.03,0.25,0.25,0,0,0.02439024,0.9756098,0.9756098,1.389948,1.389948,60170,26476.67,0,2,0,477715,25,2414592,,,
bookstore,cube,jpeg-replacement-q80-whole,view-direct,moderate-mobile,stationary,10,50,0.06,0.25,0.25,0,0,0.02439024,0.9756098,0.9756098,1.389948,1.389948,60170,26476.67,0,2,0,477715,25,2414592,,,
bookstore,cube,jpeg-replacement-q80-whole,view-direct,constrained-mobile,stationary,2,100,0.12,0.5,0.5,0.3878823,15.51529,0.02439024,0.9512195,0.9512195,1.777831,1.389948,60170,26476.67,0,2,0,477715,25,2414592,,,
bookstore,cube,jpeg-replacement-q80-whole,view-direct,very-constrained,stationary,0.75,150,0.19,1,1,1.163647,15.51529,0.02439024,0.902439,0.902439,2.553595,1.389948,60170,26476.67,0,2,0,477715,25,2414592,,,
superblock,cube,haar-residual-d12,view,fast,stationary,50,20,0.03,0.25,0.25,0,0,0.02439024,0.9756098,0.9756098,0.817048,0.817048,174264,81383.69,0,16,0,1702387,91,3188736,,,
superblock,cube,haar-residual-d12,view,moderate-mobile,stationary,10,50,0.08,0.5,0.5,0.1148707,4.594826,0.02439024,0.9512195,0.9512195,0.9319186,0.817048,174264,81383.69,0,16,0,1702387,91,3188736,,,
superblock,cube,haar-residual-d12,view,constrained-mobile,stationary,2,100,0.22,0.75,1,0.5370915,12.31148,0.02439024,0.9268293,0.902439,1.354139,0.817048,174264,81383.69,0,16,0,1702387,91,3188736,,,
superblock,cube,haar-residual-d12,view,very-constrained,stationary,0.75,150,0.46,1.75,2.25,1.142963,12.31148,0.04878049,0.8292683,0.7804878,1.960011,0.817048,174264,81383.69,0,16,0,1702387,91,3188736,,,
superblock,cube,haar-residual-d12,view-fill,fast,stationary,50,20,0.03,0.25,0.25,0,0,0.02439024,0.9756098,0.9756098,0.817048,0.817048,1729687,1636807,0,91,0,1702387,91,18855936,,,
superblock,cube,haar-residual-d12,view-fill,moderate-mobile,stationary,10,50,0.08,0.5,0.5,0.1148707,4.594826,0.02439024,0.9512195,0.9512195,0.9319186,0.817048,1729687,1636807,0,91,0,1702387,91,18855936,,,
superblock,cube,haar-residual-d12,view-fill,constrained-mobile,stationary,2,100,0.22,0.75,1,0.5370915,12.31148,0.02439024,0.9268293,0.902439,1.354139,0.817048,1729687,1636807,0,91,0,1702387,91,18855936,,,
superblock,cube,haar-residual-d12,view-fill,very-constrained,stationary,0.75,150,0.46,1.75,2.25,1.142963,12.31148,0.04878049,0.8292683,0.7804878,1.960011,0.817048,895201.5,802321.2,0,55,0,1702387,91,7845888,,,
superblock,cube,haar-residual-d12,global,fast,stationary,50,20,0.03,0.5,0.5,0.1148969,4.595877,0.02439024,0.9512195,0.9512195,0.9319449,0.817048,1729687,1636807,0,91,0,1702387,91,18855936,,,
superblock,cube,haar-residual-d12,global,moderate-mobile,stationary,10,50,0.08,1.25,1.25,0.6088114,10.56552,0.02439024,0.8780488,0.8780488,1.425859,0.817048,1729687,1636807,0,91,0,1702387,91,18855936,,,
superblock,cube,haar-residual-d12,global,constrained-mobile,stationary,2,100,0.22,4.75,4.75,2.912852,12.31148,0.02439024,0.5365854,0.5365854,3.7299,0.817048,1729687,1636807,0,91,0,1702387,91,18855936,,,
superblock,cube,haar-residual-d12,global,very-constrained,stationary,0.75,150,0.46,,,6.780375,12.31148,0.04878049,0,0,7.597423,0.817048,909930,867859.2,0,52,0,1702387,91,7059456,,,
superblock,cube,haar-residual-d12-p0.5,view,fast,stationary,50,20,0.03,0.25,0.25,0,0,0.02439024,0.9756098,0.9756098,2.676006,2.676006,146234,64583.73,0,16,0,1531638,91,3188736,,,
superblock,cube,haar-residual-d12-p0.5,view,moderate-mobile,stationary,10,50,0.07,0.5,0.5,0.08531002,3.412401,0.02439024,0.9512195,0.9512195,2.761316,2.676006,146234,64583.73,0,16,0,1531638,91,3188736,,,
superblock,cube,haar-residual-d12-p0.5,view,constrained-mobile,stationary,2,100,0.18,0.75,0.75,0.371773,10.48818,0.02439024,0.9268293,0.9268293,3.047779,2.676006,146234,64583.73,0,16,0,1531638,91,3188736,,,
superblock,cube,haar-residual-d12-p0.5,view,very-constrained,stationary,0.75,150,0.35,1.25,1.75,0.6516487,10.48818,0.04878049,0.8780488,0.8292683,3.327655,2.676006,146234,64583.73,0,16,0,1531638,91,3188736,,,
superblock,cube,jpeg-residual-q80,view,fast,stationary,50,20,0.03,0.25,0.25,0,0,0.02439024,0.9756098,0.9756098,1.647705,1.647705,123184,49446.36,0,16,0,1173180,91,3188736,,,
superblock,cube,jpeg-residual-q80,view,moderate-mobile,stationary,10,50,0.06,0.5,0.5,0.1236495,4.945981,0.02439024,0.9512195,0.9512195,1.771355,1.647705,123184,49446.36,0,16,0,1173180,91,3188736,,,
superblock,cube,jpeg-residual-q80,view,constrained-mobile,stationary,2,100,0.12,0.75,0.75,0.3915953,10.4964,0.02439024,0.9268293,0.9268293,2.0393,1.647705,123184,49446.36,0,16,0,1173180,91,3188736,,,
superblock,cube,jpeg-residual-q80,view,very-constrained,stationary,0.75,150,0.21,1.25,1.75,0.8209224,12.16146,0.02439024,0.8780488,0.8292683,2.468628,1.647705,123184,49446.36,0,16,0,1173180,91,3188736,,,
superblock,cube,jpeg-residual-q80,view-fill,fast,stationary,50,20,0.03,0.25,0.25,0,0,0.02439024,0.9756098,0.9756098,1.647705,1.647705,1200480,1126742,0,91,0,1173180,91,18855936,,,
superblock,cube,jpeg-residual-q80,view-fill,moderate-mobile,stationary,10,50,0.06,0.5,0.5,0.1236495,4.945981,0.02439024,0.9512195,0.9512195,1.771355,1.647705,1200480,1126742,0,91,0,1173180,91,18855936,,,
superblock,cube,jpeg-residual-q80,view-fill,constrained-mobile,stationary,2,100,0.12,0.75,0.75,0.3915953,10.4964,0.02439024,0.9268293,0.9268293,2.0393,1.647705,1200480,1126742,0,91,0,1173180,91,18855936,,,
superblock,cube,jpeg-residual-q80,view-fill,very-constrained,stationary,0.75,150,0.21,1.25,1.75,0.8209224,12.16146,0.02439024,0.8780488,0.8292683,2.468628,1.647705,893809,820071.4,0,80,0,1173180,91,14399488,,,
superblock,cube,jpeg-residual-q80,global,fast,stationary,50,20,0.03,0.5,0.5,0.1241738,4.966952,0.02439024,0.9512195,0.9512195,1.771879,1.647705,1200480,1126742,0,91,0,1173180,91,18855936,,,
superblock,cube,jpeg-residual-q80,global,moderate-mobile,stationary,10,50,0.06,1,1,0.452312,8.158574,0.02439024,0.902439,0.902439,2.100017,1.647705,1200480,1126742,0,91,0,1173180,91,18855936,,,
superblock,cube,jpeg-residual-q80,global,constrained-mobile,stationary,2,100,0.12,3,3,1.712357,12.16146,0.02439024,0.7073171,0.7073171,3.360063,1.647705,1200480,1126742,0,91,0,1173180,91,18855936,,,
superblock,cube,jpeg-residual-q80,global,very-constrained,stationary,0.75,150,0.21,7.25,7.75,4.462833,12.16146,0.02439024,0.2926829,0.2439024,6.110538,1.647705,909540,835802.4,0,81,0,1173180,91,14661632,,,
superblock,cube,jpeg-replacement-q80,view,fast,stationary,50,20,0.03,0.25,0.25,0,0,0.02439024,0.9756098,0.9756098,1.647017,1.647017,149670,59574.89,0,16,0,1429759,91,3188736,,,
superblock,cube,jpeg-replacement-q80,view,moderate-mobile,stationary,10,50,0.06,0.25,0.5,0.04496993,1.798797,0.02439024,0.9756098,0.9512195,1.691987,1.647017,149670,59574.89,0,16,0,1429759,91,3188736,,,
superblock,cube,jpeg-replacement-q80,view,constrained-mobile,stationary,2,100,0.12,0.75,1,0.423252,10.48807,0.02439024,0.9268293,0.902439,2.070269,1.647017,149670,59574.89,0,16,0,1429759,91,3188736,,,
superblock,cube,jpeg-replacement-q80,view,very-constrained,stationary,0.75,150,0.21,1.25,2,0.9322485,12.16215,0.02439024,0.8780488,0.804878,2.579266,1.647017,149670,59574.89,0,16,0,1429759,91,3188736,,,
superblock,cube,jpeg-replacement-q80,view-fill,fast,stationary,50,20,0.03,0.25,0.25,0,0,0.02439024,0.9756098,0.9756098,1.647017,1.647017,1457059,1366964,0,91,0,1429759,91,18855936,,,
superblock,cube,jpeg-replacement-q80,view-fill,moderate-mobile,stationary,10,50,0.06,0.25,0.5,0.04496993,1.798797,0.02439024,0.9756098,0.9512195,1.691987,1.647017,1457059,1366964,0,91,0,1429759,91,18855936,,,
superblock,cube,jpeg-replacement-q80,view-fill,constrained-mobile,stationary,2,100,0.12,0.75,1,0.423252,10.48807,0.02439024,0.9268293,0.902439,2.070269,1.647017,1457059,1366964,0,91,0,1429759,91,18855936,,,
superblock,cube,jpeg-replacement-q80,view-fill,very-constrained,stationary,0.75,150,0.21,1.25,2,0.9322485,12.16215,0.02439024,0.8780488,0.804878,2.579266,1.647017,894982.5,804887.4,0,72,0,1429759,91,12302336,,,
superblock,cube,jpeg-replacement-q80,view-direct,fast,stationary,50,20,0.03,0.25,0.25,0,0,0.02439024,0.9756098,0.9756098,1.647017,1.647017,107858,42246.6,0,10,0,1429759,91,2414592,,,
superblock,cube,jpeg-replacement-q80,view-direct,moderate-mobile,stationary,10,50,0.06,0.25,0.25,0,0,0.02439024,0.9756098,0.9756098,1.647017,1.647017,107858,42246.6,0,10,0,1429759,91,2414592,,,
superblock,cube,jpeg-replacement-q80,view-direct,constrained-mobile,stationary,2,100,0.12,0.75,0.75,0.4528388,12.12906,0.02439024,0.9268293,0.9268293,2.099856,1.647017,107858,42246.6,0,10,0,1429759,91,2414592,,,
superblock,cube,jpeg-replacement-q80,view-direct,very-constrained,stationary,0.75,150,0.21,1.5,1.5,1.149793,12.16215,0.02439024,0.8536585,0.8536585,2.79681,1.647017,107858,42246.6,0,10,0,1429759,91,2414592,,,
superblock,cube,jpeg-replacement-q80,global,fast,stationary,50,20,0.03,0.5,0.5,0.1242169,4.968674,0.02439024,0.9512195,0.9512195,1.771234,1.647017,1457059,1366964,0,91,0,1429759,91,18855936,,,
superblock,cube,jpeg-replacement-q80,global,moderate-mobile,stationary,10,50,0.06,1,1,0.452563,8.165173,0.02439024,0.902439,0.902439,2.09958,1.647017,1457059,1366964,0,91,0,1429759,91,18855936,,,
superblock,cube,jpeg-replacement-q80,global,constrained-mobile,stationary,2,100,0.12,3.5,3.75,2.071227,12.16215,0.02439024,0.6585366,0.6341463,3.718244,1.647017,1457059,1366964,0,91,0,1429759,91,18855936,,,
superblock,cube,jpeg-replacement-q80,global,very-constrained,stationary,0.75,150,0.21,8.75,9.25,5.336542,12.16215,0.02439024,0.1463415,0.09756098,6.983559,1.647017,909651.5,819556.4,0,72,0,1429759,91,12302336,,,
superblock,cube,jpeg-replacement-q80-whole,global,fast,stationary,50,20,0.03,0.25,0.25,0,0,0.02439024,0.9756098,0.9756098,1.644581,1.644581,1418255,1335555,0,25,0,1410755,25,18855936,,,
superblock,cube,jpeg-replacement-q80-whole,global,moderate-mobile,stationary,10,50,0.06,1,1,0.452685,8.16761,0.02439024,0.902439,0.902439,2.097266,1.644581,1418255,1335555,0,25,0,1410755,25,18855936,,,
superblock,cube,jpeg-replacement-q80-whole,global,constrained-mobile,stationary,2,100,0.12,3.75,3.75,2.159159,12.16459,0.02439024,0.6341463,0.6341463,3.80374,1.644581,1418255,1335555,0,25,0,1410755,25,18855936,,,
superblock,cube,jpeg-replacement-q80-whole,global,very-constrained,stationary,0.75,150,0.21,9.25,9.25,5.488404,12.16459,0.02439024,0.09756098,0.09756098,7.132985,1.644581,909651.5,826951.5,0,25,0,1410755,25,11778048,,,
superblock,cube,jpeg-replacement-q80-whole,view-direct,fast,stationary,50,20,0.03,0.25,0.25,0,0,0.02439024,0.9756098,0.9756098,1.644581,1.644581,104023,45042.23,0,2,0,1410755,25,2414592,,,
superblock,cube,jpeg-replacement-q80-whole,view-direct,moderate-mobile,stationary,10,50,0.06,0.25,0.25,0,0,0.02439024,0.9756098,0.9756098,1.644581,1.644581,104023,45042.23,0,2,0,1410755,25,2414592,,,
superblock,cube,jpeg-replacement-q80-whole,view-direct,constrained-mobile,stationary,2,100,0.12,0.75,0.75,0.6082293,12.16459,0.02439024,0.9268293,0.9268293,2.25281,1.644581,104023,45042.23,0,2,0,1410755,25,2414592,,,
superblock,cube,jpeg-replacement-q80-whole,view-direct,very-constrained,stationary,0.75,150,0.21,1.5,1.5,1.520573,12.16459,0.02439024,0.8536585,0.8536585,3.165154,1.644581,104023,45042.23,0,2,0,1410755,25,2414592,,,
northrop-mall,cube,haar-residual-d12,view,fast,quick-turn,50,20,0.03,0.25,0.25,0.05858135,2.343254,0.02439024,0.9756098,0.9512195,-0.6666448,-0.7198897,946120,421068,0,58,0,1416354,91,11266048,0,0.15,0.15
northrop-mall,cube,haar-residual-d12,view,moderate-mobile,quick-turn,10,50,0.08,0.5,0.5,0.4187481,6.585,0.02439024,0.902439,0.902439,-0.3064781,-0.7198897,875342,361809,5619,54,1,1416354,91,9955328,0,0.15,0.15
northrop-mall,cube,haar-residual-d12,view,constrained-mobile,quick-turn,2,100,0.21,1.25,1.5,1.713369,11.36053,0.02439024,0.7560976,0.7073171,0.9881425,-0.7198897,687120,238206.4,3442,44,6,1416354,91,7038976,7.783658,0.9,1.15
northrop-mall,cube,haar-residual-d12,view,very-constrained,quick-turn,0.75,150,0.43,4.75,5.5,3.359707,11.38618,0.04878049,0.5365854,0.4634146,2.628871,-0.7198897,494859,168087.2,28385,39,14,1416354,91,4524032,9.741284,2.15,2.9
northrop-mall,cube,haar-residual-d12,view-fill,fast,quick-turn,50,20,0.03,0.25,0.25,0,0,0.02439024,0.9756098,0.9756098,-0.7252262,-0.7198897,1443654,918602,0,91,0,1416354,91,18855936,0,0.15,0.15
northrop-mall,cube,haar-residual-d12,view-fill,moderate-mobile,quick-turn,10,50,0.08,0.5,0.5,0.1267972,5.071888,0.02439024,0.9512195,0.9512195,-0.598429,-0.7198897,1443654,918602,0,91,0,1416354,91,18855936,0,0.15,0.15
northrop-mall,cube,haar-residual-d12,view-fill,constrained-mobile,quick-turn,2,100,0.21,1.25,1.5,1.378655,11.36053,0.02439024,0.7804878,0.7317073,0.6534293,-0.7198897,1443973,918921,319,98,7,1416354,91,18855936,6.16353,0.65,0.9
northrop-mall,cube,haar-residual-d12,view-fill,very-constrained,quick-turn,0.75,150,0.43,4.75,5.5,3.359707,11.38618,0.04878049,0.5365854,0.4634146,2.628871,-0.7198897,892359,464396.1,28385,75,14,1416354,91,9418752,9.741284,2.15,2.9
northrop-mall,cube,haar-residual-d12,global,fast,quick-turn,50,20,0.03,0.5,0.5,0.1216019,4.864075,0.02439024,0.9512195,0.9512195,-0.6036243,-0.7198897,1443654,918602,0,91,0,1416354,91,18855936,0,0.15,0.15
northrop-mall,cube,haar-residual-d12,global,moderate-mobile,quick-turn,10,50,0.08,1,1.25,0.4771527,7.92348,0.02439024,0.902439,0.8780488,-0.2480735,-0.7198897,1443654,918602,0,91,0,1416354,91,18855936,0,0.15,0.15
northrop-mall,cube,haar-residual-d12,global,constrained-mobile,quick-turn,2,100,0.21,4.75,5,2.814975,11.36053,0.02439024,0.5365854,0.5121951,2.089749,-0.7198897,1443654,918602,0,91,0,1416354,91,18855936,4.757136,2.15,2.4
northrop-mall,cube,haar-residual-d12,global,very-constrained,quick-turn,0.75,150,0.43,,,6.602029,11.36053,0.04878049,0,0,5.871192,-0.7198897,909719.5,553756.8,0,66,0,1416354,91,10729472,7.783658,,
northrop-mall,cube,haar-residual-d12-p0.5,view,fast,quick-turn,50,20,0.03,0.25,0.25,0.04910089,1.964035,0.02439024,0.9756098,0.9512195,0.1855401,0.1392989,852370,373981.6,0,58,0,1293798,91,11266048,0,0.15,0.15
northrop-mall,cube,haar-residual-d12-p0.5,view,moderate-mobile,quick-turn,10,50,0.07,0.5,0.5,0.3090574,4.283079,0.02439024,0.902439,0.902439,0.4454967,0.1392989,787187,315524,11214,55,2,1293798,91,9955328,0,0.15,0.15
northrop-mall,cube,haar-residual-d12-p0.5,view,constrained-mobile,quick-turn,2,100,0.16,1,1.5,1.421846,10.6145,0.02439024,0.804878,0.7317073,1.558286,0.1392989,617743,207952,0,45,6,1293798,91,7170048,5.932366,0.65,0.9
northrop-mall,cube,haar-residual-d12-p0.5,view,very-constrained,quick-turn,0.75,150,0.31,4.5,5.25,2.757177,10.6145,0.04878049,0.5609756,0.4878049,2.89061,0.1392989,469744,152523.6,42389,41,15,1293798,91,4786176,8.899018,1.9,2.65
northrop-mall,cube,jpeg-residual-q80,view,fast,quick-turn,50,20,0.03,0.25,0.25,0.0572336,2.289344,0.02439024,0.9756098,0.9512195,0.03735595,-0.01483534,711636,303741,0,58,0,1082401,91,11266048,0,0.15,0.15
northrop-mall,cube,jpeg-residual-q80,view,moderate-mobile,quick-turn,10,50,0.06,0.5,0.5,0.2980394,4.05491,0.02439024,0.902439,0.902439,0.2781617,-0.01483534,683742,275847,0,56,0,1082401,91,10741760,0,0.15,0.15
northrop-mall,cube,jpeg-residual-q80,view,constrained-mobile,quick-turn,2,100,0.12,1,1.25,1.183518,9.580639,0.02439024,0.804878,0.7560976,1.163641,-0.01483534,504346,166147.3,2622,47,7,1082401,91,7317504,4.81623,0.65,0.9
northrop-mall,cube,jpeg-residual-q80,view,very-constrained,quick-turn,0.75,150,0.21,2,4.75,2.567152,10.9931,0.02439024,0.6097561,0.5365854,2.547275,-0.01483534,423189,128978.3,26297,43,13,1082401,91,5720064,7.644171,1.65,2.15
northrop-mall,cube,jpeg-residual-q80,view-fill,fast,quick-turn,50,20,0.03,0.25,0.25,0,0,0.02439024,0.9756098,0.9756098,-0.01987764,-0.01483534,1109701,701806,0,91,0,1082401,91,18855936,0,0.15,0.15
northrop-mall,cube,jpeg-residual-q80,view-fill,moderate-mobile,quick-turn,10,50,0.06,0.5,0.5,0.1013728,4.05491,0.02439024,0.9512195,0.9512195,0.08149512,-0.01483534,1109701,701806,0,91,0,1082401,91,18855936,0,0.15,0.15
northrop-mall,cube,jpeg-residual-q80,view-fill,constrained-mobile,quick-turn,2,100,0.12,1,1.25,0.8576783,9.580639,0.02439024,0.8292683,0.7804878,0.8378006,-0.01483534,1146832,728282,37131,101,10,1082401,91,18855936,3.565186,0.4,0.65
northrop-mall,cube,jpeg-residual-q80,view-fill,very-constrained,quick-turn,0.75,150,0.21,2,4.75,2.567152,10.9931,0.02439024,0.6097561,0.5365854,2.547275,-0.01483534,890954.5,469910.5,26297,93,13,1082401,91,14399488,7.644171,1.65,2.15
northrop-mall,cube,jpeg-residual-q80,global,fast,quick-turn,50,20,0.03,0.5,0.5,0.1214189,4.856756,0.02439024,0.9512195,0.9512195,0.1015412,-0.01483534,1109701,701806,0,91,0,1082401,91,18855936,0,0.15,0.15
northrop-mall,cube,jpeg-residual-q80,global,moderate-mobile,quick-turn,10,50,0.06,1,1,0.433473,7.709229,0.02439024,0.902439,0.902439,0.4135954,-0.01483534,1109701,701806,0,91,0,1082401,91,18855936,0,0.15,0.15
northrop-mall,cube,jpeg-residual-q80,global,constrained-mobile,quick-turn,2,100,0.12,2.25,3.75,1.847596,10.9931,0.02439024,0.6829268,0.6341463,1.827718,-0.01483534,1109701,701806,0,91,0,1082401,91,18855936,4.81623,0.9,1.15
northrop-mall,cube,jpeg-residual-q80,global,very-constrained,quick-turn,0.75,150,0.21,8.75,9.5,5.037304,10.9931,0.02439024,0.1463415,0.07317073,5.017426,-0.01483534,903854.5,495959.5,0,88,0,1082401,91,16496640,5.043364,6.15,6.9
northrop-mall,cube,jpeg-replacement-q80,view,fast,quick-turn,50,20,0.03,0.25,0.25,0.05699634,2.279854,0.02439024,0.9756098,0.9512195,0.0627733,0.0107391,851757,361170.2,0,58,0,1298191,91,11266048,0,0.15,0.15
northrop-mall,cube,jpeg-replacement-q80,view,moderate-mobile,quick-turn,10,50,0.06,0.5,0.5,0.2951968,4.19008,0.02439024,0.902439,0.902439,0.3009738,0.0107391,788831,298244.2,0,56,2,1298191,91,10217472,0,0.15,0.15
northrop-mall,cube,jpeg-replacement-q80,view,constrained-mobile,quick-turn,2,100,0.12,1,1.25,1.285924,9.562841,0.02439024,0.804878,0.7560976,1.291701,0.0107391,605007,198153.7,2586,47,7,1298191,91,7317504,5.014882,0.65,0.9
northrop-mall,cube,jpeg-replacement-q80,view,very-constrained,quick-turn,0.75,150,0.21,4.5,5.25,2.971258,11.11427,0.02439024,0.5609756,0.4878049,2.977035,0.0107391,463435.5,140961.7,30066.5,42,14,1298191,91,5195776,9.448235,1.9,2.65
northrop-mall,cube,jpeg-replacement-q80,view-fill,fast,quick-turn,50,20,0.03,0.25,0.25,0,0,0.02439024,0.9756098,0.9756098,0.005776958,0.0107391,1325491,834904.2,0,91,0,1298191,91,18855936,0,0.15,0.15
northrop-mall,cube,jpeg-replacement-q80,view-fill,moderate-mobile,quick-turn,10,50,0.06,0.5,0.5,0.09120836,3.648335,0.02439024,0.9512195,0.9512195,0.09698532,0.0107391,1325491,834904.2,0,91,0,1298191,91,18855936,0,0.15,0.15
northrop-mall,cube,jpeg-replacement-q80,view-fill,constrained-mobile,quick-turn,2,100,0.12,1,1.25,1.119752,9.562841,0.02439024,0.804878,0.7560976,1.125529,0.0107391,1370301,843931.5,44810,104,13,1298191,91,18855936,5.014882,0.65,0.9
northrop-mall,cube,jpeg-replacement-q80,view-fill,very-constrained,quick-turn,0.75,150,0.21,4.5,5.25,2.971258,11.11427,0.02439024,0.5609756,0.4878049,2.977035,0.0107391,881560.5,453131.3,30066.5,85,14,1298191,91,12040192,9.448235,1.9,2.65
northrop-mall,cube,jpeg-replacement-q80,view-direct,fast,quick-turn,50,20,0.03,0.25,0.25,0.1039626,4.158504,0.02439024,0.9512195,0.9512195,0.1097396,0.0107391,604799,245784.3,0,32,0,1298191,91,8181760,0,0.15,0.15
northrop-mall,cube,jpeg-replacement-q80,view-direct,moderate-mobile,quick-turn,10,50,0.06,0.5,0.5,0.4431962,8.579794,0.02439024,0.902439,0.902439,0.4489732,0.0107391,604799,245784.3,0,32,0,1298191,91,8181760,0,0.15,0.15
northrop-mall,cube,jpeg-replacement-q80,view-direct,constrained-mobile,quick-turn,2,100,0.12,1,1.25,1.666293,11.25436,0.02439024,0.804878,0.7560976,1.67207,0.0107391,482707,144835.5,21202,29,6,1298191,91,5822464,9.110196,0.65,0.9
northrop-mall,cube,jpeg-replacement-q80,view-direct,very-constrained,quick-turn,0.75,150,0.21,4.5,4.75,3.662968,11.25436,0.02439024,0.5609756,0.5365854,3.668745,0.0107391,400001.5,122816.5,28811.5,26,8,1298191,91,4511744,10.8832,1.9,2.15
northrop-mall,cube,jpeg-replacement-q80,global,fast,quick-turn,50,20,0.03,0.5,0.5,0.121107,4.844281,0.02439024,0.9512195,0.9512195,0.126884,0.0107391,1325491,834904.2,0,91,0,1298191,91,18855936,0,0.15,0.15
northrop-mall,cube,jpeg-replacement-q80,global,moderate-mobile,quick-turn,10,50,0.06,1,1,0.4345897,7.695026,0.02439024,0.902439,0.902439,0.4403667,0.0107391,1325491,834904.2,0,91,0,1298191,91,18855936,0,0.15,0.15
northrop-mall,cube,jpeg-replacement-q80,global,constrained-mobile,quick-turn,2,100,0.12,2.25,4.5,2.225811,10.97073,0.02439024,0.6097561,0.5609756,2.231588,0.0107391,1325491,834904.2,0,91,0,1298191,91,18855936,4.792347,1.65,1.9
northrop-mall,cube,jpeg-replacement-q80,global,very-constrained,quick-turn,0.75,150,0.21,,,5.737194,10.97073,0.02439024,0,0,5.742971,0.0107391,909448.5,503209.2,0,73,0,1298191,91,12564480,7.626872,,
northrop-mall,cube,jpeg-replacement-q80-whole,global,fast,quick-turn,50,20,0.03,0.25,0.25,0,0,0.02439024,0.9756098,0.9756098,0.004010643,0.008985254,1287939,800467.3,0,25,0,1280439,25,18855936,0,0.15,0.15
northrop-mall,cube,jpeg-replacement-q80-whole,global,moderate-mobile,quick-turn,10,50,0.06,1,1,0.4346703,7.696281,0.02439024,0.902439,0.902439,0.438681,0.008985254,1287939,800467.3,0,25,0,1280439,25,18855936,0,0.15,0.15
northrop-mall,cube,jpeg-replacement-q80-whole,global,constrained-mobile,quick-turn,2,100,0.12,2.25,4.25,2.229852,10.97198,0.02439024,0.6097561,0.5853659,2.233862,0.008985254,1287939,800467.3,0,25,0,1280439,25,18855936,4.794039,1.65,1.65
northrop-mall,cube,jpeg-replacement-q80-whole,global,very-constrained,quick-turn,0.75,150,0.21,,,5.802612,10.97198,0.02439024,0,0,5.806623,0.008985254,909448.5,486556.8,0,25,0,1280439,25,11778048,7.628804,,
northrop-mall,cube,jpeg-replacement-q80-whole,view-direct,fast,quick-turn,50,20,0.03,0.25,0.25,0,0,0.02439024,0.9756098,0.9756098,0.004010643,0.008985254,816417,460395.3,0,6,0,1280439,25,11851776,0,0.15,0.15
northrop-mall,cube,jpeg-replacement-q80-whole,view-direct,moderate-mobile,quick-turn,10,50,0.06,0.5,0.5,0.8074314,10.97198,0.02439024,0.902439,0.902439,0.8114421,0.008985254,816417,460395.3,0,6,0,1280439,25,11851776,0,0.15,0.15
northrop-mall,cube,jpeg-replacement-q80-whole,view-direct,constrained-mobile,quick-turn,2,100,0.12,1.25,1.25,3.819673,11.25593,0.02439024,0.6341463,0.6341463,3.823684,0.008985254,816417,460395.3,0,6,0,1280439,25,11851776,10.88513,2.15,2.15
northrop-mall,cube,jpeg-replacement-q80-whole,view-direct,very-constrained,quick-turn,0.75,150,0.21,9.25,9.25,9.853277,12.08581,0.02439024,0.09756098,0.09756098,9.857288,0.008985254,816417,460395.3,0,6,0,1280439,25,11851776,10.88513,6.65,6.65
bookstore,cube,haar-residual-d12,view,fast,quick-turn,50,20,0.03,0.25,0.25,0.00924402,0.3697608,0.02439024,0.9756098,0.9756098,1.205809,1.199806,284571,109067.6,0,58,0,374015,91,11266048,0,0.15,0.15
bookstore,cube,haar-residual-d12,view,moderate-mobile,quick-turn,10,50,0.07,0.5,0.5,0.2758945,4.943009,0.02439024,0.9268293,0.902439,1.472459,1.199806,281501,105997.6,0,56,0,374015,91,10741760,0,0.15,0.15
bookstore,cube,haar-residual-d12,view,constrained-mobile,quick-turn,2,100,0.19,0.75,0.75,1.285221,15.20125,0.02439024,0.8536585,0.8536585,2.481786,1.199806,221547,73270.26,0,45,5,374015,91,7432192,3.673644,0.4,0.4
bookstore,cube,haar-residual-d12,view,very-constrained,quick-turn,0.75,150,0.37,1.25,1.5,1.968718,15.39718,0.04878049,0.7804878,0.7317073,3.161875,1.199806,193777,61577.06,1744,45,11,374015,91,6637568,9.096393,0.65,0.9
bookstore,cube,haar-residual-d12,view-fill,fast,quick-turn,50,20,0.03,0.25,0.25,0,0,0.02439024,0.9756098,0.9756098,1.196565,1.199806,401315,225811.6,0,91,0,374015,91,18855936,0,0.15,0.15
bookstore,cube,haar-residual-d12,view-fill,moderate-mobile,quick-turn,10,50,0.07,0.5,0.5,0.1205201,4.820804,0.02439024,0.9512195,0.9512195,1.317085,1.199806,401315,225811.6,0,91,0,374015,91,18855936,0,0.15,0.15
bookstore,cube,haar-residual-d12,view-fill,constrained-mobile,quick-turn,2,100,0.19,0.75,0.75,0.5035451,15.20125,0.02439024,0.9268293,0.9268293,1.70011,1.199806,402351,226244.2,1036,94,3,374015,91,18855936,0,0.15,0.15
bookstore,cube,haar-residual-d12,view-fill,very-constrained,quick-turn,0.75,150,0.37,1.25,1.5,1.705201,15.20125,0.04878049,0.7804878,0.7560976,2.898358,1.199806,409570.5,227548.1,8255.5,98,7,374015,91,18855936,9.096393,0.65,0.65
bookstore,cube,haar-residual-d12,global,fast,quick-turn,50,20,0.03,0.5,0.5,0.1241262,4.965048,0.02439024,0.9512195,0.9512195,1.320691,1.199806,401315,225811.6,0,91,0,374015,91,18855936,0,0.15,0.15
bookstore,cube,haar-residual-d12,global,moderate-mobile,quick-turn,10,50,0.07,0.75,1,0.3878105,9.216721,0.02439024,0.9268293,0.902439,1.584375,1.199806,401315,225811.6,0,91,0,374015,91,18855936,0,0.15,0.15
bookstore,cube,haar-residual-d12,global,constrained-mobile,quick-turn,2,100,0.19,2,2,1.418418,15.20125,0.02439024,0.804878,0.804878,2.614983,1.199806,401315,225811.6,0,91,0,374015,91,18855936,0,0.15,0.15
bookstore,cube,haar-residual-d12,global,very-constrained,quick-turn,0.75,150,0.37,4.25,4.5,3.149966,15.20125,0.04878049,0.5853659,0.5609756,4.343123,1.199806,401315,225811.6,0,91,0,374015,91,18855936,4.896266,1.65,1.9
bookstore,cube,haar-residual-d12-p0.5,view,fast,quick-turn,50,20,0.03,0.25,0.25,0.004186646,0.1674658,0.02439024,0.9756098,0.9756098,3.898809,3.899903,231774,82556.63,0,58,0,307423,91,11266048,0,0.15,0.15
bookstore,cube,haar-residual-d12-p0.5,view,moderate-mobile,quick-turn,10,50,0.06,0.25,0.5,0.2365871,3.403575,0.02439024,0.9268293,0.902439,4.131209,3.899903,228704,79486.63,0,56,0,307423,91,10741760,0,0.15,0.15
bookstore,cube,haar-residual-d12-p0.5,view,constrained-mobile,quick-turn,2,100,0.15,0.5,0.75,0.932566,12.46921,0.02439024,0.902439,0.8536585,4.827188,3.899903,181875,59884.3,1097,47,5,307423,91,7727104,1.893775,0.15,0.4
bookstore,cube,haar-residual-d12-p0.5,view,very-constrained,quick-turn,0.75,150,0.26,1,1.25,1.302163,13.00408,0.04878049,0.804878,0.7804878,5.191232,3.899903,155648.5,46427.72,671.5,46,11,307423,91,6703104,6.765797,0.65,0.65
bookstore,cube,jpeg-residual-q80,view,fast,quick-turn,50,20,0.03,0.25,0.25,0.0176713,0.7068518,0.02439024,0.9756098,0.9756098,1.433529,1.416739,285983,111333.5,0,58,0,414399,91,11266048,0,0.15,0.15
bookstore,cube,jpeg-residual-q80,view,moderate-mobile,quick-turn,10,50,0.06,0.5,0.5,0.3136317,5.408808,0.02439024,0.9268293,0.902439,1.72949,1.416739,278288,103638.5,0,56,0,414399,91,10741760,0,0.15,0.15
bookstore,cube,jpeg-residual-q80,view,constrained-mobile,quick-turn,2,100,0.12,0.75,0.75,1.205805,13.16037,0.02439024,0.8536585,0.8536585,2.621663,1.416739,207518,69672.91,3022,47,5,414399,91,7727104,4.172387,0.4,0.4
bookstore,cube,jpeg-residual-q80,view,very-constrained,quick-turn,0.75,150,0.19,1,1.25,1.963666,15.45324,0.02439024,0.804878,0.7560976,3.379524,1.416739,178427.5,52951.62,2765.5,45,9,414399,91,6739968,9.686448,0.65,0.9
bookstore,cube,jpeg-residual-q80,view-fill,fast,quick-turn,50,20,0.03,0.25,0.25,0,0,0.02439024,0.9756098,0.9756098,1.415858,1.416739,441699,267049.5,0,91,0,414399,91,18855936,0,0.15,0.15
bookstore,cube,jpeg-residual-q80,view-fill,moderate-mobile,quick-turn,10,50,0.06,0.5,0.5,0.1352202,5.408808,0.02439024,0.9512195,0.9512195,1.551078,1.416739,441699,267049.5,0,91,0,414399,91,18855936,0,0.15,0.15
bookstore,cube,jpeg-residual-q80,view-fill,constrained-mobile,quick-turn,2,100,0.12,0.75,0.75,0.468924,13.16037,0.02439024,0.9268293,0.9268293,1.884782,1.416739,449369,271455.5,7670,94,3,414399,91,18855936,0,0.15,0.15
bookstore,cube,jpeg-residual-q80,view-fill,very-constrained,quick-turn,0.75,150,0.19,1,1.25,1.432558,15.45324,0.02439024,0.804878,0.7804878,2.848416,1.416739,452843,274920.9,11144,105,14,414399,91,18855936,6.506393,0.65,0.65
bookstore,cube,jpeg-residual-q80,global,fast,quick-turn,50,20,0.03,0.5,0.5,0.1453045,5.812182,0.02439024,0.9512195,0.9512195,1.561162,1.416739,441699,267049.5,0,91,0,414399,91,18855936,0,0.15,0.15
bookstore,cube,jpeg-residual-q80,global,moderate-mobile,quick-turn,10,50,0.06,0.75,1,0.4287011,9.856464,0.02439024,0.9268293,0.902439,1.844559,1.416739,441699,267049.5,0,91,0,414399,91,18855936,0,0.15,0.15
bookstore,cube,jpeg-residual-q80,global,constrained-mobile,quick-turn,2,100,0.12,1.75,1.75,1.156344,13.16037,0.02439024,0.8292683,0.8292683,2.572202,1.416739,441699,267049.5,0,91,0,414399,91,18855936,0,0.15,0.15
bookstore,cube,jpeg-residual-q80,global,very-constrained,quick-turn,0.75,150,0.19,4.25,4.5,3.022739,15.45324,0.02439024,0.5853659,0.5609756,4.438597,1.416739,441699,267049.5,0,91,0,414399,91,18855936,5.712523,1.65,1.9
bookstore,cube,jpeg-replacement-q80,view,fast,quick-turn,50,20,0.03,0.25,0.25,0.01763044,0.7052176,0.02439024,0.9756098,0.9756098,1.372566,1.355856,344079,130193.3,0,58,0,496949,91,11266048,0,0.15,0.15
bookstore,cube,jpeg-replacement-q80,view,moderate-mobile,quick-turn,10,50,0.06,0.25,0.5,0.1742987,4.780848,0.02439024,0.9512195,0.9268293,1.529235,1.355856,343204,129318.3,1739,58,1,496949,91,11003904,0,0.15,0.15
bookstore,cube,jpeg-replacement-q80,view,constrained-mobile,quick-turn,2,100,0.12,0.75,0.75,1.132485,13.21645,0.02439024,0.8780488,0.8536585,2.487421,1.355856,246937,78947.5,0,47,5,496949,91,7727104,2.683762,0.15,0.4
bookstore,cube,jpeg-replacement-q80,view,very-constrained,quick-turn,0.75,150,0.19,1.25,1.25,2.18985,15.51259,0.02439024,0.7560976,0.7317073,3.544786,1.355856,213865,62118.78,1242,45,9,496949,91,6739968,9.734292,0.9,1.15
bookstore,cube,jpeg-replacement-q80,view-fill,fast,quick-turn,50,20,0.03,0.25,0.25,0,0,0.02439024,0.9756098,0.9756098,1.354936,1.355856,524249,310363.3,0,91,0,496949,91,18855936,0,0.15,0.15
bookstore,cube,jpeg-replacement-q80,view-fill,moderate-mobile,quick-turn,10,50,0.06,0.25,0.5,0.03714704,1.485881,0.02439024,0.9756098,0.9512195,1.392083,1.355856,524249,310363.3,0,91,0,496949,91,18855936,0,0.15,0.15
bookstore,cube,jpeg-replacement-q80,view-fill,constrained-mobile,quick-turn,2,100,0.12,0.75,0.75,0.5108102,13.21645,0.02439024,0.902439,0.902439,1.865746,1.355856,534332,310363.3,10083,95,4,496949,91,18855936,0,0.15,0.15
bookstore,cube,jpeg-replacement-q80,view-fill,very-constrained,quick-turn,0.75,150,0.19,1.25,1.25,1.595652,15.51259,0.02439024,0.7804878,0.7560976,2.950587,1.355856,540794,316608.2,16545,104,13,496949,91,18855936,6.527906,0.65,0.9
bookstore,cube,jpeg-replacement-q80,view-direct,fast,quick-turn,50,20,0.03,0.25,0.25,0.0501298,2.005192,0.02439024,0.9756098,0.9512195,1.405066,1.355856,220686,75202.19,0,32,0,496949,91,8181760,0,0.15,0.15
bookstore,cube,jpeg-replacement-q80,view-direct,moderate-mobile,quick-turn,10,50,0.06,0.25,0.25,0.3957343,13.82418,0.02439024,0.9512195,0.9268293,1.75067,1.355856,220686,75202.19,0,32,0,496949,91,8181760,0,0.15,0.15
bookstore,cube,jpeg-replacement-q80,view-direct,constrained-mobile,quick-turn,2,100,0.12,0.5,0.5,1.194889,15.54917,0.02439024,0.902439,0.8780488,2.549825,1.355856,204726,59242.19,1043,30,2,496949,91,7133184,2.297521,0.15,0.4
bookstore,cube,jpeg-replacement-q80,view-direct,very-constrained,quick-turn,0.75,150,0.19,1,1,2.384117,15.76671,0.02439024,0.804878,0.804878,3.739053,1.355856,151937,36117.54,7682,29,8,496949,91,5298176,12.71945,0.65,0.65
bookstore,cube,jpeg-replacement-q80,global,fast,quick-turn,50,20,0.03,0.5,0.5,0.1464005,5.85602,0.02439024,0.9512195,0.9512195,1.501336,1.355856,524249,310363.3,0,91,0,496949,91,18855936,0,0.15,0.15
bookstore,cube,jpeg-replacement-q80,global,moderate-mobile,quick-turn,10,50,0.06,0.75,1,0.4310698,9.90089,0.02439024,0.9268293,0.902439,1.786006,1.355856,524249,310363.3,0,91,0,496949,91,18855936,0,0.15,0.15
bookstore,cube,jpeg-replacement-q80,global,constrained-mobile,quick-turn,2,100,0.12,2,2,1.375494,15.51259,0.02439024,0.804878,0.804878,2.73043,1.355856,524249,310363.3,0,91,0,496949,91,18855936,0,0.15,0.15
bookstore,cube,jpeg-replacement-q80,global,very-constrained,quick-turn,0.75,150,0.19,5,5.25,3.667702,15.51259,0.02439024,0.5121951,0.4878049,5.022637,1.355856,524249,310363.3,0,91,0,496949,91,18855936,5.738279,2.4,2.65
bookstore,cube,jpeg-replacement-q80-whole,global,fast,quick-turn,50,20,0.03,0.25,0.25,0,0,0.02439024,0.9756098,0.9756098,1.353534,1.354422,485215,295811,0,25,0,477715,25,18855936,0,0.15,0.15
bookstore,cube,jpeg-replacement-q80-whole,global,moderate-mobile,quick-turn,10,50,0.06,0.5,0.5,0.2475897,9.903588,0.02439024,0.9512195,0.9512195,1.601124,1.354422,485215,295811,0,25,0,477715,25,18855936,0,0.15,0.15
bookstore,cube,jpeg-replacement-q80-whole,global,constrained-mobile,quick-turn,2,100,0.12,1.75,1.75,1.322399,15.51529,0.02439024,0.8292683,0.8292683,2.675933,1.354422,485215,295811,0,25,0,477715,25,18855936,0,0.15,0.15
bookstore,cube,jpeg-replacement-q80-whole,global,very-constrained,quick-turn,0.75,150,0.19,5,5,3.670905,15.51529,0.02439024,0.5121951,0.5121951,5.024439,1.354422,485215,295811,0,25,0,477715,25,18855936,5.739046,2.4,2.4
bookstore,cube,jpeg-replacement-q80-whole,view-direct,fast,quick-turn,50,20,0.03,0.25,0.25,0,0,0.02439024,0.9756098,0.9756098,1.353534,1.354422,260623,135128.1,0,6,0,477715,25,11851776,0,0.15,0.15
bookstore,cube,jpeg-replacement-q80-whole,view-direct,moderate-mobile,quick-turn,10,50,0.06,0.25,0.25,0,0,0.02439024,0.9756098,0.9756098,1.353534,1.354422,260623,135128.1,0,6,0,477715,25,11851776,0,0.15,0.15
bookstore,cube,jpeg-replacement-q80-whole,view-direct,constrained-mobile,quick-turn,2,100,0.12,0.5,0.5,1.922047,15.51529,0.02439024,0.8536585,0.8536585,3.275581,1.354422,260623,135128.1,0,6,0,477715,25,11851776,15.41628,0.65,0.65
bookstore,cube,jpeg-replacement-q80-whole,view-direct,very-constrained,quick-turn,0.75,150,0.19,1,1,4.635208,15.76765,0.02439024,0.6829268,0.6829268,5.988741,1.354422,260623,135128.1,0,6,0,477715,25,11851776,15.41628,1.9,1.9
superblock,cube,haar-residual-d12,view,fast,quick-turn,50,20,0.03,0.25,0.25,0.03129305,1.251722,0.02439024,0.9756098,0.9512195,0.04166034,0.03004243,1009773,512852.8,0,58,0,1702387,91,11266048,0,0.15,0.15
superblock,cube,haar-residual-d12,view,moderate-mobile,quick-turn,10,50,0.08,0.5,0.5,0.4579023,7.964115,0.02439024,0.902439,0.902439,0.4682696,0.03004243,826715,370091.5,0,51,3,1702387,91,8972288,0,0.15,0.15
superblock,cube,haar-residual-d12,view,constrained-mobile,quick-turn,2,100,0.22,0.75,1,1.613648,12.31148,0.02439024,0.804878,0.7560976,1.624015,0.03004243,567298,199212.1,11252,45,10,1702387,91,6674432,8.408517,0.9,1.15
superblock,cube,haar-residual-d12,view,very-constrained,quick-turn,0.75,150,0.46,1.75,5.75,3.403056,12.31148,0.04878049,0.5609756,0.4390244,3.392739,0.03004243,512610.5,163114.6,21893.5,43,11,1702387,91,6359040,10.38293,2.4,3.15
superblock,cube,haar-residual-d12,view-fill,fast,quick-turn,50,20,0.03,0.25,0.25,0,0,0.02439024,0.9756098,0.9756098,0.01036729,0.03004243,1729687,1232767,0,91,0,1702387,91,18855936,0,0.15,0.15
superblock,cube,haar-residual-d12,view-fill,moderate-mobile,quick-turn,10,50,0.08,0.5,0.5,0.1148707,4.594826,0.02439024,0.9512195,0.9512195,0.1252379,0.03004243,1729687,1232767,0,91,0,1702387,91,18855936,0,0.15,0.15
superblock,cube,haar-residual-d12,view-fill,constrained-mobile,quick-turn,2,100,0.22,0.75,1,1.242856,12.31148,0.02439024,0.8292683,0.7560976,1.253223,0.03004243,1783268,1264113,53581,104,13,1702387,91,18855936,6.714024,0.65,1.15
superblock,cube,haar-residual-d12,view-fill,very-constrained,quick-turn,0.75,150,0.46,1.75,5.75,3.403056,12.31148,0.04878049,0.5609756,0.4390244,3.392739,0.03004243,886673,469963.8,21893.5,65,11,1702387,91,8501248,10.38293,2.4,3.15
superblock,cube,haar-residual-d12,global,fast,quick-turn,50,20,0.03,0.5,0.5,0.1148969,4.595877,0.02439024,0.9512195,0.9512195,0.1252642,0.03004243,1729687,1232767,0,91,0,1702387,91,18855936,0,0.15,0.15
superblock,cube,haar-residual-d12,global,moderate-mobile,quick-turn,10,50,0.08,1.25,1.25,0.6088114,10.56552,0.02439024,0.8780488,0.8780488,0.6191787,0.03004243,1729687,1232767,0,91,0,1702387,91,18855936,0,0.15,0.15
superblock,cube,haar-residual-d12,global,constrained-mobile,quick-turn,2,100,0.22,5.25,5.5,3.29204,12.31148,0.02439024,0.4878049,0.4634146,3.302407,0.03004243,1729687,1232767,0,91,0,1702387,91,18855936,5.02397,2.65,2.9
superblock,cube,haar-residual-d12,global,very-constrained,quick-turn,0.75,150,0.46,,,7.380804,12.31148,0.04878049,0,0,7.370488,0.03004243,909930,593346.3,0,52,0,1702387,91,7059456,8.408517,,
superblock,cube,haar-residual-d12-p0.5,view,fast,quick-turn,50,20,0.03,0.25,0.25,0.02225918,0.8903672,0.02439024,0.9756098,0.9756098,1.524799,1.531161,885901,442485.3,0,58,0,1531638,91,11266048,0,0.15,0.15
superblock,cube,haar-residual-d12-p0.5,view,moderate-mobile,quick-turn,10,50,0.07,0.5,0.5,0.3542057,6.731107,0.02439024,0.902439,0.902439,1.856745,1.531161,737405,325528.8,3301,52,2,1531638,91,9299968,0,0.15,0.15
superblock,cube,haar-residual-d12-p0.5,view,constrained-mobile,quick-turn,2,100,0.18,0.75,0.75,1.20651,10.48818,0.02439024,0.8292683,0.804878,2.70905,1.531161,508544,175299.1,17975,44,7,1531638,91,6776832,7.164311,0.65,0.9
superblock,cube,haar-residual-d12-p0.5,view,very-constrained,quick-turn,0.75,150,0.35,1.25,1.75,2.350331,10.48818,0.04878049,0.6585366,0.5365854,3.822782,1.531161,455204.5,142487.9,25548.5,44,12,1531638,91,6359040,9.04571,1.9,2.65
superblock,cube,jpeg-residual-q80,view,fast,quick-turn,50,20,0.03,0.25,0.25,0.03032557,1.213023,0.02439024,0.9756098,0.9512195,1.197672,1.179062,675514,319891.9,0,58,0,1173180,91,11266048,0,0.15,0.15
superblock,cube,jpeg-residual-q80,view,moderate-mobile,quick-turn,10,50,0.06,0.5,0.5,0.3567434,4.945981,0.02439024,0.902439,0.902439,1.524089,1.179062,600182,244559.9,0,55,1,1173180,91,10217472,0,0.15,0.15
superblock,cube,jpeg-residual-q80,view,constrained-mobile,quick-turn,2,100,0.12,0.75,0.75,1.138377,10.55217,0.02439024,0.8292683,0.804878,2.305723,1.179062,403491,129717.6,1940,46,7,1173180,91,7170048,5.172478,0.65,0.9
superblock,cube,jpeg-residual-q80,view,very-constrained,quick-turn,0.75,150,0.21,1.25,1.75,2.244644,12.16146,0.02439024,0.6829268,0.5853659,3.41199,1.179062,365856,113263.4,11884,44,11,1173180,91,6506496,8.008052,1.65,2.15
superblock,cube,jpeg-residual-q80,view-fill,fast,quick-turn,50,20,0.03,0.25,0.25,0,0,0.02439024,0.9756098,0.9756098,1.167346,1.179062,1200480,844857.9,0,91,0,1173180,91,18855936,0,0.15,0.15
superblock,cube,jpeg-residual-q80,view-fill,moderate-mobile,quick-turn,10,50,0.06,0.5,0.5,0.1236495,4.945981,0.02439024,0.9512195,0.9512195,1.290995,1.179062,1200480,844857.9,0,91,0,1173180,91,18855936,0,0.15,0.15
superblock,cube,jpeg-residual-q80,view-fill,constrained-mobile,quick-turn,2,100,0.12,0.75,0.75,0.7681983,10.4964,0.02439024,0.8536585,0.8292683,1.935544,1.179062,1229449,869952,28969,100,9,1173180,91,18855936,4.155789,0.4,0.65
superblock,cube,jpeg-residual-q80,view-fill,very-constrained,quick-turn,0.75,150,0.21,1.25,1.75,2.099239,12.16146,0.02439024,0.7073171,0.5853659,3.266585,1.179062,878885,509291.9,33013,91,13,1173180,91,13875200,8.008052,1.4,2.15
superblock,cube,jpeg-residual-q80,global,fast,quick-turn,50,20,0.03,0.5,0.5,0.1241738,4.966952,0.02439024,0.9512195,0.9512195,1.29152,1.179062,1200480,844857.9,0,91,0,1173180,91,18855936,0,0.15,0.15
superblock,cube,jpeg-residual-q80,global,moderate-mobile,quick-turn,10,50,0.06,1,1,0.452312,8.158574,0.02439024,0.902439,0.902439,1.619658,1.179062,1200480,844857.9,0,91,0,1173180,91,18855936,0,0.15,0.15
superblock,cube,jpeg-residual-q80,global,constrained-mobile,quick-turn,2,100,0.12,2.25,2.25,1.858829,12.16146,0.02439024,0.6829268,0.6585366,3.026174,1.179062,1200480,844857.9,0,91,0,1173180,91,18855936,5.038139,0.9,1.15
superblock,cube,jpeg-residual-q80,global,very-constrained,quick-turn,0.75,150,0.21,8.75,9.25,5.223317,12.16146,0.02439024,0.1463415,0.09756098,6.390663,1.179062,909540,553917.9,0,81,0,1173180,91,14661632,5.640981,6.15,6.65
superblock,cube,jpeg-replacement-q80,view,fast,quick-turn,50,20,0.03,0.25,0.25,0.03002887,1.201155,0.02439024,0.9756098,0.9512195,1.224527,1.205535,821560,387355.1,0,58,0,1429759,91,11266048,0,0.15,0.15
superblock,cube,jpeg-replacement-q80,view,moderate-mobile,quick-turn,10,50,0.06,0.25,0.5,0.2765665,4.688021,0.02439024,0.9268293,0.902439,1.471065,1.205535,729707,295502.1,0,55,1,1429759,91,10217472,0,0.15,0.15
superblock,cube,jpeg-replacement-q80,view,constrained-mobile,quick-turn,2,100,0.12,0.75,1,1.275358,10.53161,0.02439024,0.8292683,0.7560976,2.469857,1.205535,490059,156503.8,1719,46,7,1429759,91,7170048,6.055974,0.65,1.15
superblock,cube,jpeg-replacement-q80,view,very-constrained,quick-turn,0.75,150,0.21,1.25,2,2.585888,12.16215,0.02439024,0.6585366,0.5121951,3.780387,1.205535,442765,135301.2,11323,44,11,1429759,91,6506496,7.979278,1.9,2.65
superblock,cube,jpeg-replacement-q80,view-fill,fast,quick-turn,50,20,0.03,0.25,0.25,0,0,0.02439024,0.9756098,0.9756098,1.194498,1.205535,1457059,1022854,0,91,0,1429759,91,18855936,0,0.15,0.15
superblock,cube,jpeg-replacement-q80,view-fill,moderate-mobile,quick-turn,10,50,0.06,0.25,0.5,0.04496993,1.798797,0.02439024,0.9756098,0.9512195,1.239468,1.205535,1457059,1022854,0,91,0,1429759,91,18855936,0,0.15,0.15
superblock,cube,jpeg-replacement-q80,view-fill,constrained-mobile,quick-turn,2,100,0.12,0.75,1,0.8237945,10.48807,0.02439024,0.8536585,0.804878,2.018293,1.205535,1499837,1044022,42778,102,11,1429759,91,18855936,3.960604,0.4,0.65
superblock,cube,jpeg-replacement-q80,view-fill,very-constrained,quick-turn,0.75,150,0.21,1.25,2,2.550935,12.16215,0.02439024,0.6585366,0.5121951,3.745433,1.205535,880051,434722.5,22656.5,83,14,1429759,91,11515904,7.979278,1.9,2.65
superblock,cube,jpeg-replacement-q80,view-direct,fast,quick-turn,50,20,0.03,0.25,0.25,0.05290819,2.116328,0.02439024,0.9756098,0.9512195,1.247407,1.205535,568308,254242.3,0,32,0,1429759,91,8181760,0,0.15,0.15
superblock,cube,jpeg-replacement-q80,view-direct,moderate-mobile,quick-turn,10,50,0.06,0.25,0.25,0.4367714,9.480436,0.02439024,0.9268293,0.9268293,1.63127,1.205535,568308,254242.3,0,32,0,1429759,91,8181760,0,0.15,0.15
superblock,cube,jpeg-replacement-q80,view-direct,constrained-mobile,quick-turn,2,100,0.12,0.75,0.75,1.442268,12.12906,0.02439024,0.8292683,0.804878,2.636766,1.205535,388053,111882.9,40278,29,7,1429759,91,5560320,9.553403,0.65,0.9
superblock,cube,jpeg-replacement-q80,view-direct,very-constrained,quick-turn,0.75,150,0.21,1.5,1.5,3.090272,12.16215,0.02439024,0.6341463,0.6097561,4.284771,1.205535,328678,94896.98,28125,27,8,1429759,91,4773888,10.9335,1.9,2.15
superblock,cube,jpeg-replacement-q80,global,fast,quick-turn,50,20,0.03,0.5,0.5,0.1242169,4.968674,0.02439024,0.9512195,0.9512195,1.318715,1.205535,1457059,1022854,0,91,0,1429759,91,18855936,0,0.15,0.15
superblock,cube,jpeg-replacement-q80,global,moderate-mobile,quick-turn,10,50,0.06,1,1,0.452563,8.165173,0.02439024,0.902439,0.902439,1.647061,1.205535,1457059,1022854,0,91,0,1429759,91,18855936,0,0.15,0.15
superblock,cube,jpeg-replacement-q80,global,constrained-mobile,quick-turn,2,100,0.12,2.25,4.5,2.276508,12.16215,0.02439024,0.6341463,0.5609756,3.471006,1.205535,1457059,1022854,0,91,0,1429759,91,18855936,5.011339,1.4,1.9
superblock,cube,jpeg-replacement-q80,global,very-constrained,quick-turn,0.75,150,0.21,,,6.02061,12.16215,0.02439024,0,0,7.215108,1.205535,909651.5,568482.4,0,72,0,1429759,91,12302336,7.979278,,
superblock,cube,jpeg-replacement-q80-whole,global,fast,quick-turn,50,20,0.03,0.25,0.25,0,0,0.02439024,0.9756098,0.9756098,1.191977,1.203016,1418255,992831.3,0,25,0,1410755,25,18855936,0,0.15,0.15
superblock,cube,jpeg-replacement-q80-whole,global,moderate-mobile,quick-turn,10,50,0.06,1,1,0.452685,8.16761,0.02439024,0.902439,0.902439,1.644662,1.203016,1418255,992831.3,0,25,0,1410755,25,18855936,0,0.15,0.15
superblock,cube,jpeg-replacement-q80-whole,global,constrained-mobile,quick-turn,2,100,0.12,4.5,4.5,2.53176,12.16459,0.02439024,0.5609756,0.5609756,3.723737,1.203016,1418255,992831.3,0,25,0,1410755,25,18855936,5.013213,1.9,1.9
superblock,cube,jpeg-replacement-q80-whole,global,very-constrained,quick-turn,0.75,150,0.21,,,6.083718,12.16459,0.02439024,0,0,7.275695,1.203016,909651.5,552834.3,0,25,0,1410755,25,11778048,7.981876,,
superblock,cube,jpeg-replacement-q80-whole,view-direct,fast,quick-turn,50,20,0.03,0.25,0.25,0,0,0.02439024,0.9756098,0.9756098,1.191977,1.203016,875770,568134.5,0,6,0,1410755,25,11851776,0,0.15,0.15
superblock,cube,jpeg-replacement-q80-whole,view-direct,moderate-mobile,quick-turn,10,50,0.06,0.25,0.25,0.8072063,10.9361,0.02439024,0.902439,0.902439,1.999183,1.203016,875770,568134.5,0,6,0,1410755,25,11851776,10.9361,0.4,0.4
superblock,cube,jpeg-replacement-q80-whole,view-direct,constrained-mobile,quick-turn,2,100,0.12,0.75,0.75,4.159698,12.16459,0.02439024,0.6097561,0.6097561,5.351675,1.203016,875770,568134.5,0,6,0,1410755,25,11851776,10.9361,2.9,2.9
superblock,cube,jpeg-replacement-q80-whole,view-direct,very-constrained,quick-turn,0.75,150,0.21,1.5,1.5,10.26669,12.16459,0.02439024,0.07317073,0.07317073,11.45867,1.203016,831523,555459.1,0,6,0,1410755,25,9492480,10.9361,,
northrop-mall,healpix,haar-residual-d12,view,fast,stationary,50,20,0.03,0.25,0.25,0,0,0.02439024,0.9756098,0.9756098,-0.8676038,-0.8676038,480566,283825.9,0,28,0,1317047,85,4915200,,,
northrop-mall,healpix,haar-residual-d12,view,moderate-mobile,stationary,10,50,0.07,0.5,0.5,0.1724653,6.331616,0.02439024,0.9512195,0.9512195,-0.6951384,-0.8676038,480566,283825.9,0,28,0,1317047,85,4915200,,,
northrop-mall,healpix,haar-residual-d12,view,constrained-mobile,stationary,2,100,0.2,1.75,2,1.100209,11.53851,0.02439024,0.8292683,0.804878,0.232605,-0.8676038,480566,283825.9,0,28,0,1317047,85,4915200,,,
northrop-mall,healpix,haar-residual-d12,view,very-constrained,stationary,0.75,150,0.41,4,5,2.561905,11.53851,0.04878049,0.6097561,0.5121951,1.694301,-0.8676038,480566,283825.9,0,28,0,1317047,85,4915200,,,
northrop-mall,healpix,haar-residual-d12,view-fill,fast,stationary,50,20,0.03,0.25,0.25,0,0,0.02439024,0.9756098,0.9756098,-0.8676038,-0.8676038,1342547,1145807,0,85,0,1317047,85,16760832,,,
northrop-mall,healpix,haar-residual-d12,view-fill,moderate-mobile,stationary,10,50,0.07,0.5,0.5,0.1724653,6.331616,0.02439024,0.9512195,0.9512195,-0.6951384,-0.8676038,1342547,1145807,0,85,0,1317047,85,16760832,,,
northrop-mall,healpix,haar-residual-d12,view-fill,constrained-mobile,stationary,2,100,0.2,1.75,2,1.100209,11.53851,0.02439024,0.8292683,0.804878,0.232605,-0.8676038,1342547,1145807,0,85,0,1317047,85,16760832,,,
northrop-mall,healpix,haar-residual-d12,view-fill,very-constrained,stationary,0.75,150,0.41,4,5,2.561905,11.53851,0.04878049,0.6097561,0.5121951,1.694301,-0.8676038,895878.5,699138.4,0,71,0,1317047,85,11255808,,,
northrop-mall,healpix,haar-residual-d12,global,fast,stationary,50,20,0.03,0.5,0.5,0.1083161,4.332643,0.02439024,0.9512195,0.9512195,-0.7592877,-0.8676038,1342547,1145807,0,85,0,1317047,85,16760832,,,
northrop-mall,healpix,haar-residual-d12,global,moderate-mobile,stationary,10,50,0.07,1,1.25,0.5219698,9.726824,0.02439024,0.902439,0.8780488,-0.3456339,-0.8676038,1342547,1145807,0,85,0,1317047,85,16760832,,,
northrop-mall,healpix,haar-residual-d12,global,constrained-mobile,stationary,2,100,0.2,3.5,4.5,2.332719,11.53851,0.02439024,0.6585366,0.5609756,1.465116,-0.8676038,1342547,1145807,0,85,0,1317047,85,16760832,,,
northrop-mall,healpix,haar-residual-d12,global,very-constrained,stationary,0.75,150,0.41,8.75,,5.65611,11.53851,0.04878049,0.1463415,0,4.788507,-0.8676038,910038.5,736338,0,73,0,1317047,85,12042240,,,
northrop-mall,healpix,haar-residual-d12-p0.5,view,fast,stationary,50,20,0.03,0.25,0.25,0,0,0.02439024,0.9756098,0.9756098,-0.04374604,-0.04374604,426405,246722.1,0,28,0,1201763,85,4915200,,,
northrop-mall,healpix,haar-residual-d12-p0.5,view,moderate-mobile,stationary,10,50,0.07,0.5,0.5,0.1225307,4.901229,0.02439024,0.9512195,0.9512195,0.07878469,-0.04374604,426405,246722.1,0,28,0,1201763,85,4915200,,,
northrop-mall,healpix,haar-residual-d12-p0.5,view,constrained-mobile,stationary,2,100,0.16,1.25,1.75,0.8193887,10.73228,0.02439024,0.8780488,0.8292683,0.7756427,-0.04374604,426405,246722.1,0,28,0,1201763,85,4915200,,,
northrop-mall,healpix,haar-residual-d12-p0.5,view,very-constrained,stationary,0.75,150,0.31,3,4.5,1.877029,9.685332,0.04878049,0.7073171,0.5609756,1.833283,-0.04374604,426405,246722.1,0,28,0,1201763,85,4915200,,,
northrop-mall,healpix,jpeg-residual-q80,view,fast,stationary,50,20,0.03,0.25,0.25,0,0,0.02439024,0.9756098,0.9756098,-0.1615519,-0.1615519,335823,186449.5,0,28,0,982929,85,4915200,,,
northrop-mall,healpix,jpeg-residual-q80,view,moderate-mobile,stationary,10,50,0.06,0.5,0.5,0.1368543,5.474174,0.02439024,0.9512195,0.9512195,-0.02469757,-0.1615519,335823,186449.5,0,28,0,982929,85,4915200,,,
northrop-mall,healpix,jpeg-residual-q80,view,constrained-mobile,stationary,2,100,0.12,1.25,1.5,0.6699795,9.781284,0.02439024,0.8780488,0.8536585,0.5084276,-0.1615519,335823,186449.5,0,28,0,982929,85,4915200,,,
northrop-mall,healpix,jpeg-residual-q80,view,very-constrained,stationary,0.75,150,0.2,2.5,3.5,1.701425,11.19435,0.02439024,0.7560976,0.6585366,1.539873,-0.1615519,335823,186449.5,0,28,0,982929,85,4915200,,,
northrop-mall,healpix,jpeg-residual-q80,view-fill,fast,stationary,50,20,0.03,0.25,0.25,0,0,0.02439024,0.9756098,0.9756098,-0.1615519,-0.1615519,1008429,859055.5,0,85,0,982929,85,16760832,,,
northrop-mall,healpix,jpeg-residual-q80,view-fill,moderate-mobile,stationary,10,50,0.06,0.5,0.5,0.1368543,5.474174,0.02439024,0.9512195,0.9512195,-0.02469757,-0.1615519,1008429,859055.5,0,85,0,982929,85,16760832,,,
northrop-mall,healpix,jpeg-residual-q80,view-fill,constrained-mobile,stationary,2,100,0.12,1.25,1.5,0.6699795,9.781284,0.02439024,0.8780488,0.8536585,0.5084276,-0.1615519,1008429,859055.5,0,85,0,982929,85,16760832,,,
northrop-mall,healpix,jpeg-residual-q80,view-fill,very-constrained,stationary,0.75,150,0.2,2.5,3.5,1.701425,11.19435,0.02439024,0.7560976,0.6585366,1.539873,-0.1615519,887530,738156.5,0,85,0,982929,85,15187968,,,
northrop-mall,healpix,jpeg-residual-q80,global,fast,stationary,50,20,0.03,0.5,0.5,0.106946,4.27784,0.02439024,0.9512195,0.9512195,-0.05460592,-0.1615519,1008429,859055.5,0,85,0,982929,85,16760832,,,
northrop-mall,healpix,jpeg-residual-q80,global,moderate-mobile,stationary,10,50,0.06,1,1,0.4831776,9.415853,0.02439024,0.902439,0.902439,0.3216257,-0.1615519,1008429,859055.5,0,85,0,982929,85,16760832,,,
northrop-mall,healpix,jpeg-residual-q80,global,constrained-mobile,stationary,2,100,0.12,2.5,3.5,1.591551,10.94852,0.02439024,0.7560976,0.6585366,1.43,-0.1615519,1008429,859055.5,0,85,0,982929,85,16760832,,,
northrop-mall,healpix,jpeg-residual-q80,global,very-constrained,stationary,0.75,150,0.2,6,8.5,3.871123,11.19435,0.02439024,0.4146341,0.1707317,3.709572,-0.1615519,898111,748737.5,0,85,0,982929,85,15187968,,,
northrop-mall,healpix,jpeg-replacement-q80,view,fast,stationary,50,20,0.03,0.25,0.25,0,0,0.02439024,0.9756098,0.9756098,-0.1280321,-0.1280321,403425,222213.9,0,28,0,1185661,85,4915200,,,
northrop-mall,healpix,jpeg-replacement-q80,view,moderate-mobile,stationary,10,50,0.06,0.5,0.5,0.1360934,5.443738,0.02439024,0.9512195,0.9512195,0.008061341,-0.1280321,403425,222213.9,0,28,0,1185661,85,4915200,,,
northrop-mall,healpix,jpeg-replacement-q80,view,constrained-mobile,stationary,2,100,0.12,1.25,1.75,0.812465,9.751362,0.02439024,0.8780488,0.8292683,0.6844329,-0.1280321,403425,222213.9,0,28,0,1185661,85,4915200,,,
northrop-mall,healpix,jpeg-replacement-q80,view,very-constrained,stationary,0.75,150,0.2,3,4.25,2.007621,11.16083,0.02439024,0.7073171,0.5853659,1.879588,-0.1280321,403425,222213.9,0,28,0,1185661,85,4915200,,,
northrop-mall,healpix,jpeg-replacement-q80,view-fill,fast,stationary,50,20,0.03,0.25,0.25,0,0,0.02439024,0.9756098,0.9756098,-0.1280321,-0.1280321,1211161,1029950,0,85,0,1185661,85,16760832,,,
northrop-mall,healpix,jpeg-replacement-q80,view-fill,moderate-mobile,stationary,10,50,0.06,0.5,0.5,0.1360934,5.443738,0.02439024,0.9512195,0.9512195,0.008061341,-0.1280321,1211161,1029950,0,85,0,1185661,85,16760832,,,
northrop-mall,healpix,jpeg-replacement-q80,view-fill,constrained-mobile,stationary,2,100,0.12,1.25,1.75,0.812465,9.751362,0.02439024,0.8780488,0.8292683,0.6844329,-0.1280321,1211161,1029950,0,85,0,1185661,85,16760832,,,
northrop-mall,healpix,jpeg-replacement-q80,view-fill,very-constrained,stationary,0.75,150,0.2,3,4.25,2.007621,11.16083,0.02439024,0.7073171,0.5853659,1.879588,-0.1280321,890103.5,708892.4,0,79,0,1185661,85,13615104,,,
northrop-mall,healpix,jpeg-replacement-q80,view-direct,fast,stationary,50,20,0.03,0.25,0.25,0,0,0.02439024,0.9756098,0.9756098,-0.1280321,-0.1280321,265368,132582.9,0,13,0,1185661,85,3194880,,,
northrop-mall,healpix,jpeg-replacement-q80,view-direct,moderate-mobile,stationary,10,50,0.06,0.5,0.5,0.1266621,5.066485,0.02439024,0.9512195,0.9512195,-0.001369985,-0.1280321,265368,132582.9,0,13,0,1185661,85,3194880,,,
northrop-mall,healpix,jpeg-replacement-q80,view-direct,constrained-mobile,stationary,2,100,0.12,1.25,1.5,0.8016409,11.16083,0.02439024,0.8780488,0.8536585,0.6736088,-0.1280321,265368,132582.9,0,13,0,1185661,85,3194880,,,
northrop-mall,healpix,jpeg-replacement-q80,view-direct,very-constrained,stationary,0.75,150,0.2,2.75,3.25,2.050717,11.16083,0.02439024,0.7317073,0.6829268,1.922684,-0.1280321,265368,132582.9,0,13,0,1185661,85,3194880,,,
northrop-mall,healpix,jpeg-replacement-q80,global,fast,stationary,50,20,0.03,0.5,0.5,0.1062997,4.251989,0.02439024,0.9512195,0.9512195,-0.02173239,-0.1280321,1211161,1029950,0,85,0,1185661,85,16760832,,,
northrop-mall,healpix,jpeg-replacement-q80,global,moderate-mobile,stationary,10,50,0.06,1,1.25,0.5052743,9.389724,0.02439024,0.902439,0.8780488,0.3772422,-0.1280321,1211161,1029950,0,85,0,1185661,85,16760832,,,
northrop-mall,healpix,jpeg-replacement-q80,global,constrained-mobile,stationary,2,100,0.12,3,4,1.836154,10.91471,0.02439024,0.7073171,0.6097561,1.708122,-0.1280321,1211161,1029950,0,85,0,1185661,85,16760832,,,
northrop-mall,healpix,jpeg-replacement-q80,global,very-constrained,stationary,0.75,150,0.2,7,10,4.459745,11.16083,0.02439024,0.3170732,0.02439024,4.331713,-0.1280321,900150.5,731156.2,0,79,0,1185661,85,13615104,,,
northrop-mall,healpix,jpeg-replacement-q80-whole,global,fast,stationary,50,20,0.03,0.5,0.5,0.102991,4.119641,0.02439024,0.9512195,0.9512195,-0.02565895,-0.12865,1193471,1020348,0,49,0,1178771,49,16760832,,,
northrop-mall,healpix,jpeg-replacement-q80-whole,global,moderate-mobile,stationary,10,50,0.06,1,1,0.4880013,9.390342,0.02439024,0.902439,0.902439,0.3593513,-0.12865,1193471,1020348,0,49,0,1178771,49,16760832,,,
northrop-mall,healpix,jpeg-replacement-q80-whole,global,constrained-mobile,stationary,2,100,0.12,3,4,1.872415,10.91532,0.02439024,0.7073171,0.6097561,1.743765,-0.12865,1193471,1020348,0,49,0,1178771,49,16760832,,,
northrop-mall,healpix,jpeg-replacement-q80-whole,global,very-constrained,stationary,0.75,150,0.2,7.25,10,4.510868,11.16145,0.02439024,0.2926829,0.02439024,4.382218,-0.12865,900150.5,737347.3,0,49,0,1178771,49,13615104,,,
northrop-mall,healpix,jpeg-replacement-q80-whole,view-direct,fast,stationary,50,20,0.03,0.25,0.25,0,0,0.02439024,0.9756098,0.9756098,-0.12865,-0.12865,380794,256097.4,0,6,0,1178771,49,5292032,,,
northrop-mall,healpix,jpeg-replacement-q80-whole,view-direct,moderate-mobile,stationary,10,50,0.06,0.5,0.5,0.1324895,5.29958,0.02439024,0.9512195,0.9512195,0.003839522,-0.12865,380794,256097.4,0,6,0,1178771,49,5292032,,,
northrop-mall,healpix,jpeg-replacement-q80-whole,view-direct,constrained-mobile,stationary,2,100,0.12,1.5,1.75,0.9880086,11.16145,0.02439024,0.8536585,0.8292683,0.8593586,-0.12865,380794,256097.4,0,6,0,1178771,49,5292032,,,
northrop-mall,healpix,jpeg-replacement-q80-whole,view-direct,very-constrained,stationary,0.75,150,0.2,3.25,4.5,2.559964,11.16145,0.02439024,0.6829268,0.5609756,2.431314,-0.12865,380794,256097.4,0,6,0,1178771,49,5292032,,,
bookstore,healpix,haar-residual-d12,view,fast,stationary,50,20,0.03,0.25,0.25,0,0,0.02439024,0.9756098,0.9756098,0.8189153,0.8189153,168500,99301.5,0,28,0,475021,85,4915200,,,
bookstore,healpix,haar-residual-d12,view,moderate-mobile,stationary,10,50,0.07,0.5,0.5,0.1408487,5.633949,0.02439024,0.9512195,0.9512195,0.959764,0.8189153,168500,99301.5,0,28,0,475021,85,4915200,,,
bookstore,healpix,haar-residual-d12,view,constrained-mobile,stationary,2,100,0.19,1,1,0.7256898,15.28959,0.02439024,0.902439,0.902439,1.544605,0.8189153,168500,99301.5,0,28,0,475021,85,4915200,,,
bookstore,healpix,haar-residual-d12,view,very-constrained,stationary,0.75,150,0.37,1.75,2,1.289605,15.28959,0.04878049,0.8292683,0.804878,2.10852,0.8189153,168500,99301.5,0,28,0,475021,85,4915200,,,
bookstore,healpix,haar-residual-d12,view-fill,fast,stationary,50,20,0.03,0.25,0.25,0,0,0.02439024,0.9756098,0.9756098,0.8189153,0.8189153,500521,431322.5,0,85,0,475021,85,16760832,,,
bookstore,healpix,haar-residual-d12,view-fill,moderate-mobile,stationary,10,50,0.07,0.5,0.5,0.1408487,5.633949,0.02439024,0.9512195,0.9512195,0.959764,0.8189153,500521,431322.5,0,85,0,475021,85,16760832,,,
bookstore,healpix,haar-residual-d12,view-fill,constrained-mobile,stationary,2,100,0.19,1,1,0.7256898,15.28959,0.02439024,0.902439,0.902439,1.544605,0.8189153,500521,431322.5,0,85,0,475021,85,16760832,,,
bookstore,healpix,haar-residual-d12,view-fill,very-constrained,stationary,0.75,150,0.37,1.75,2,1.289605,15.28959,0.04878049,0.8292683,0.804878,2.10852,0.8189153,500521,431322.5,0,85,0,475021,85,16760832,,,
bookstore,healpix,haar-residual-d12,global,fast,stationary,50,20,0.03,0.5,0.5,0.1129947,4.519789,0.02439024,0.9512195,0.9512195,0.93191,0.8189153,500521,431322.5,0,85,0,475021,85,16760832,,,
bookstore,healpix,haar-residual-d12,global,moderate-mobile,stationary,10,50,0.07,0.75,1,0.460498,12.56537,0.02439024,0.9268293,0.902439,1.279413,0.8189153,500521,431322.5,0,85,0,475021,85,16760832,,,
bookstore,healpix,haar-residual-d12,global,constrained-mobile,stationary,2,100,0.19,2,2.25,1.599243,15.28959,0.02439024,0.804878,0.7804878,2.418158,0.8189153,500521,431322.5,0,85,0,475021,85,16760832,,,
bookstore,healpix,haar-residual-d12,global,very-constrained,stationary,0.75,150,0.37,4.5,5.25,3.413858,15.28959,0.04878049,0.5609756,0.4878049,4.232774,0.8189153,500521,431322.5,0,85,0,475021,85,16760832,,,
bookstore,healpix,haar-residual-d12-p0.5,view,fast,stationary,50,20,0.03,0.25,0.25,0,0,0.02439024,0.9756098,0.9756098,3.871374,3.871374,135924,77028.63,0,28,0,401375,85,4915200,,,
bookstore,healpix,haar-residual-d12-p0.5,view,moderate-mobile,stationary,10,50,0.06,0.5,0.5,0.08920704,3.568281,0.02439024,0.9512195,0.9512195,3.960581,3.871374,135924,77028.63,0,28,0,401375,85,4915200,,,
bookstore,healpix,haar-residual-d12-p0.5,view,constrained-mobile,stationary,2,100,0.15,0.75,0.75,0.4102158,12.27984,0.02439024,0.9268293,0.9268293,4.28159,3.871374,135924,77028.63,0,28,0,401375,85,4915200,,,
bookstore,healpix,haar-residual-d12-p0.5,view,very-constrained,stationary,0.75,150,0.27,1.25,1.5,0.6258355,10.23925,0.04878049,0.8780488,0.8536585,4.49721,3.871374,135924,77028.63,0,28,0,401375,85,4915200,,,
bookstore,healpix,jpeg-residual-q80,view,fast,stationary,50,20,0.03,0.25,0.25,0,0,0.02439024,0.9756098,0.9756098,1.075842,1.075842,139795,78322.92,0,28,0,444081,85,4915200,,,
bookstore,healpix,jpeg-residual-q80,view,moderate-mobile,stationary,10,50,0.06,0.5,0.5,0.1633091,6.532364,0.02439024,0.9512195,0.9512195,1.239151,1.075842,139795,78322.92,0,28,0,444081,85,4915200,,,
bookstore,healpix,jpeg-residual-q80,view,constrained-mobile,stationary,2,100,0.12,0.75,1,0.5381447,13.10633,0.02439024,0.9268293,0.902439,1.613987,1.075842,139795,78322.92,0,28,0,444081,85,4915200,,,
bookstore,healpix,jpeg-residual-q80,view,very-constrained,stationary,0.75,150,0.2,1.5,1.75,1.176867,15.46607,0.02439024,0.8536585,0.8292683,2.252709,1.075842,139795,78322.92,0,28,0,444081,85,4915200,,,
bookstore,healpix,jpeg-residual-q80,view-fill,fast,stationary,50,20,0.03,0.25,0.25,0,0,0.02439024,0.9756098,0.9756098,1.075842,1.075842,469581,408108.9,0,85,0,444081,85,16760832,,,
bookstore,healpix,jpeg-residual-q80,view-fill,moderate-mobile,stationary,10,50,0.06,0.5,0.5,0.1633091,6.532364,0.02439024,0.9512195,0.9512195,1.239151,1.075842,469581,408108.9,0,85,0,444081,85,16760832,,,
bookstore,healpix,jpeg-residual-q80,view-fill,constrained-mobile,stationary,2,100,0.12,0.75,1,0.5381447,13.10633,0.02439024,0.9268293,0.902439,1.613987,1.075842,469581,408108.9,0,85,0,444081,85,16760832,,,
bookstore,healpix,jpeg-residual-q80,view-fill,very-constrained,stationary,0.75,150,0.2,1.5,1.75,1.176867,15.46607,0.02439024,0.8536585,0.8292683,2.252709,1.075842,469581,408108.9,0,85,0,444081,85,16760832,,,
bookstore,healpix,jpeg-residual-q80,global,fast,stationary,50,20,0.03,0.5,0.5,0.1357627,5.43051,0.02439024,0.9512195,0.9512195,1.211605,1.075842,469581,408108.9,0,85,0,444081,85,16760832,,,
bookstore,healpix,jpeg-residual-q80,global,moderate-mobile,stationary,10,50,0.06,0.75,1,0.4985857,12.90454,0.02439024,0.9268293,0.902439,1.574428,1.075842,469581,408108.9,0,85,0,444081,85,16760832,,,
bookstore,healpix,jpeg-residual-q80,global,constrained-mobile,stationary,2,100,0.12,1.75,2.25,1.447439,15.26991,0.02439024,0.8292683,0.7804878,2.52328,1.075842,469581,408108.9,0,85,0,444081,85,16760832,,,
bookstore,healpix,jpeg-residual-q80,global,very-constrained,stationary,0.75,150,0.2,3.75,4.75,3.052042,15.46607,0.02439024,0.6341463,0.5365854,4.127884,1.075842,469581,408108.9,0,85,0,444081,85,16760832,,,
bookstore,healpix,jpeg-replacement-q80,view,fast,stationary,50,20,0.03,0.25,0.25,0,0,0.02439024,0.9756098,0.9756098,1.037601,1.037601,171718,94453.64,0,28,0,546860,85,4915200,,,
bookstore,healpix,jpeg-replacement-q80,view,moderate-mobile,stationary,10,50,0.06,0.5,0.5,0.1646694,6.586777,0.02439024,0.9512195,0.9512195,1.20227,1.037601,171718,94453.64,0,28,0,546860,85,4915200,,,
bookstore,healpix,jpeg-replacement-q80,view,constrained-mobile,stationary,2,100,0.12,0.75,1,0.5491261,13.11952,0.02439024,0.9268293,0.902439,1.586727,1.037601,171718,94453.64,0,28,0,546860,85,4915200,,,
bookstore,healpix,jpeg-replacement-q80,view,very-constrained,stationary,0.75,150,0.2,1.75,2,1.414919,15.50431,0.02439024,0.8292683,0.804878,2.452519,1.037601,171718,94453.64,0,28,0,546860,85,4915200,,,
bookstore,healpix,jpeg-replacement-q80,view-fill,fast,stationary,50,20,0.03,0.25,0.25,0,0,0.02439024,0.9756098,0.9756098,1.037601,1.037601,572360,495095.6,0,85,0,546860,85,16760832,,,
bookstore,healpix,jpeg-replacement-q80,view-fill,moderate-mobile,stationary,10,50,0.06,0.5,0.5,0.1646694,6.586777,0.02439024,0.9512195,0.9512195,1.20227,1.037601,572360,495095.6,0,85,0,546860,85,16760832,,,
bookstore,healpix,jpeg-replacement-q80,view-fill,constrained-mobile,stationary,2,100,0.12,0.75,1,0.5491261,13.11952,0.02439024,0.9268293,0.902439,1.586727,1.037601,572360,495095.6,0,85,0,546860,85,16760832,,,
bookstore,healpix,jpeg-replacement-q80,view-fill,very-constrained,stationary,0.75,150,0.2,1.75,2,1.414919,15.50431,0.02439024,0.8292683,0.804878,2.452519,1.037601,572360,495095.6,0,85,0,546860,85,16760832,,,
bookstore,healpix,jpeg-replacement-q80,view-direct,fast,stationary,50,20,0.03,0.25,0.25,0,0,0.02439024,0.9756098,0.9756098,1.037601,1.037601,100822,48499.77,0,13,0,546860,85,3194880,,,
bookstore,healpix,jpeg-replacement-q80,view-direct,moderate-mobile,stationary,10,50,0.06,0.25,0.25,0,0,0.02439024,0.9756098,0.9756098,1.037601,1.037601,100822,48499.77,0,13,0,546860,85,3194880,,,
bookstore,healpix,jpeg-replacement-q80,view-direct,constrained-mobile,stationary,2,100,0.12,0.75,0.75,0.5970525,15.50431,0.02439024,0.9268293,0.9268293,1.634653,1.037601,100822,48499.77,0,13,0,546860,85,3194880,,,
bookstore,healpix,jpeg-replacement-q80,view-direct,very-constrained,stationary,0.75,150,0.2,1.5,1.5,1.498531,15.50431,0.02439024,0.8536585,0.8536585,2.536131,1.037601,100822,48499.77,0,13,0,546860,85,3194880,,,
bookstore,healpix,jpeg-replacement-q80,global,fast,stationary,50,20,0.03,0.5,0.5,0.1369099,5.476395,0.02439024,0.9512195,0.9512195,1.174511,1.037601,572360,495095.6,0,85,0,546860,85,16760832,,,
bookstore,healpix,jpeg-replacement-q80,global,moderate-mobile,stationary,10,50,0.06,0.75,1,0.502273,12.92164,0.02439024,0.9268293,0.902439,1.539874,1.037601,572360,495095.6,0,85,0,546860,85,16760832,,,
bookstore,healpix,jpeg-replacement-q80,global,constrained-mobile,stationary,2,100,0.12,2,2.5,1.609206,15.30436,0.02439024,0.804878,0.7560976,2.646807,1.037601,572360,495095.6,0,85,0,546860,85,16760832,,,
bookstore,healpix,jpeg-replacement-q80,global,very-constrained,stationary,0.75,150,0.2,4.5,5.75,3.639884,15.50431,0.02439024,0.5609756,0.4390244,4.677485,1.037601,572360,495095.6,0,85,0,546860,85,16760832,,,
bookstore,healpix,jpeg-replacement-q80-whole,global,fast,stationary,50,20,0.03,0.5,0.5,0.1365544,5.462176,0.02439024,0.9512195,0.9512195,1.172043,1.035489,551526,477811.3,0,49,0,536826,49,16760832,,,
bookstore,healpix,jpeg-replacement-q80-whole,global,moderate-mobile,stationary,10,50,0.06,0.75,0.75,0.4682214,12.92375,0.02439024,0.9268293,0.9268293,1.50371,1.035489,551526,477811.3,0,49,0,536826,49,16760832,,,
bookstore,healpix,jpeg-replacement-q80-whole,global,constrained-mobile,stationary,2,100,0.12,2,2.5,1.613588,15.30647,0.02439024,0.804878,0.7560976,2.649077,1.035489,551526,477811.3,0,49,0,536826,49,16760832,,,
bookstore,healpix,jpeg-replacement-q80-whole,global,very-constrained,stationary,0.75,150,0.2,4.25,5.5,3.537764,15.50643,0.02439024,0.5853659,0.4634146,4.573252,1.035489,551526,477811.3,0,49,0,536826,49,16760832,,,
bookstore,healpix,jpeg-replacement-q80-whole,view-direct,fast,stationary,50,20,0.03,0.25,0.25,0,0,0.02439024,0.9756098,0.9756098,1.035489,1.035489,136863,88090.42,0,6,0,536826,49,5292032,,,
bookstore,healpix,jpeg-replacement-q80-whole,view-direct,moderate-mobile,stationary,10,50,0.06,0.25,0.25,0,0,0.02439024,0.9756098,0.9756098,1.035489,1.035489,136863,88090.42,0,6,0,536826,49,5292032,,,
bookstore,healpix,jpeg-replacement-q80-whole,view-direct,constrained-mobile,stationary,2,100,0.12,0.75,1,0.6457642,15.50643,0.02439024,0.9268293,0.902439,1.681253,1.035489,136863,88090.42,0,6,0,536826,49,5292032,,,
bookstore,healpix,jpeg-replacement-q80-whole,view-direct,very-constrained,stationary,0.75,150,0.2,1.5,2,1.671751,15.50643,0.02439024,0.8536585,0.804878,2.70724,1.035489,136863,88090.42,0,6,0,536826,49,5292032,,,
superblock,healpix,haar-residual-d12,view,fast,stationary,50,20,0.03,0.25,0.25,0,0,0.02439024,0.9756098,0.9756098,0.1145375,0.1145375,419351,277545.1,0,28,0,1616056,85,4915200,,,
superblock,healpix,haar-residual-d12,view,moderate-mobile,stationary,10,50,0.08,0.5,0.5,0.2039995,8.159979,0.02439024,0.9512195,0.9512195,0.318537,0.1145375,419351,277545.1,0,28,0,1616056,85,4915200,,,
superblock,healpix,haar-residual-d12,view,constrained-mobile,stationary,2,100,0.21,1.5,1.75,1.083136,12.67483,0.02439024,0.8536585,0.8292683,1.197674,0.1145375,419351,277545.1,0,28,0,1616056,85,4915200,,,
superblock,healpix,haar-residual-d12,view,very-constrained,stationary,0.75,150,0.44,3.75,4.5,2.55992,12.67483,0.04878049,0.6341463,0.5609756,2.674458,0.1145375,419351,277545.1,0,28,0,1616056,85,4915200,,,
superblock,healpix,haar-residual-d12,view-fill,fast,stationary,50,20,0.03,0.25,0.25,0,0,0.02439024,0.9756098,0.9756098,0.1145375,0.1145375,1641556,1499750,0,85,0,1616056,85,16760832,,,
superblock,healpix,haar-residual-d12,view-fill,moderate-mobile,stationary,10,50,0.08,0.5,0.5,0.2039995,8.159979,0.02439024,0.9512195,0.9512195,0.318537,0.1145375,1641556,1499750,0,85,0,1616056,85,16760832,,,
superblock,healpix,haar-residual-d12,view-fill,constrained-mobile,stationary,2,100,0.21,1.5,1.75,1.083136,12.67483,0.02439024,0.8536585,0.8292683,1.197674,0.1145375,1641556,1499750,0,85,0,1616056,85,16760832,,,
superblock,healpix,haar-residual-d12,view-fill,very-constrained,stationary,0.75,150,0.44,3.75,4.5,2.55992,12.67483,0.04878049,0.6341463,0.5609756,2.674458,0.1145375,894663.5,752857.6,0,56,0,1616056,85,7585792,,,
superblock,healpix,haar-residual-d12,global,fast,stationary,50,20,0.03,0.5,0.5,0.1135231,4.540924,0.02439024,0.9512195,0.9512195,0.2280606,0.1145375,1641556,1499750,0,85,0,1616056,85,16760832,,,
superblock,healpix,haar-residual-d12,global,moderate-mobile,stationary,10,50,0.08,1.25,1.5,0.7281207,10.71815,0.02439024,0.8780488,0.8536585,0.8426582,0.1145375,1641556,1499750,0,85,0,1616056,85,16760832,,,
superblock,healpix,haar-residual-d12,global,constrained-mobile,stationary,2,100,0.21,5,6,3.314211,12.67483,0.02439024,0.5121951,0.4146341,3.428748,0.1145375,1641556,1499750,0,85,0,1616056,85,16760832,,,
superblock,healpix,haar-residual-d12,global,very-constrained,stationary,0.75,150,0.44,,,7.077636,12.67483,0.04878049,0,0,7.192174,0.1145375,909692,831079.4,0,53,0,1616056,85,6799360,,,
superblock,healpix,haar-residual-d12-p0.5,view,fast,stationary,50,20,0.03,0.25,0.25,0,0,0.02439024,0.9756098,0.9756098,2.397772,2.397772,355058,230285.5,0,28,0,1457158,85,4915200,,,
superblock,healpix,haar-residual-d12-p0.5,view,moderate-mobile,stationary,10,50,0.07,0.5,0.5,0.102964,4.118558,0.02439024,0.9512195,0.9512195,2.500736,2.397772,355058,230285.5,0,28,0,1457158,85,4915200,,,
superblock,healpix,haar-residual-d12-p0.5,view,constrained-mobile,stationary,2,100,0.17,1.25,1.5,0.661307,10.43808,0.02439024,0.8780488,0.8536585,3.059079,2.397772,355058,230285.5,0,28,0,1457158,85,4915200,,,
superblock,healpix,haar-residual-d12-p0.5,view,very-constrained,stationary,0.75,150,0.34,2.75,3.5,1.420664,10.43808,0.04878049,0.7317073,0.6585366,3.818436,2.397772,355058,230285.5,0,28,0,1457158,85,4915200,,,
superblock,healpix,jpeg-residual-q80,view,fast,stationary,50,20,0.03,0.25,0.25,0,0,0.02439024,0.9756098,0.9756098,0.9617852,0.9617852,253745,154779.4,0,28,0,1089784,85,4915200,,,
superblock,healpix,jpeg-residual-q80,view,moderate-mobile,stationary,10,50,0.06,0.5,0.5,0.1507182,6.028726,0.02439024,0.9512195,0.9512195,1.112503,0.9617852,253745,154779.4,0,28,0,1089784,85,4915200,,,
superblock,healpix,jpeg-residual-q80,view,constrained-mobile,stationary,2,100,0.12,1,1.25,0.6208835,11.11256,0.02439024,0.902439,0.8780488,1.582669,0.9617852,253745,154779.4,0,28,0,1089784,85,4915200,,,
superblock,healpix,jpeg-residual-q80,view,very-constrained,stationary,0.75,150,0.21,2.25,2.75,1.530688,12.79732,0.02439024,0.7804878,0.7317073,2.492474,0.9617852,253745,154779.4,0,28,0,1089784,85,4915200,,,
superblock,healpix,jpeg-residual-q80,view-fill,fast,stationary,50,20,0.03,0.25,0.25,0,0,0.02439024,0.9756098,0.9756098,0.9617852,0.9617852,1115284,1016318,0,85,0,1089784,85,16760832,,,
superblock,healpix,jpeg-residual-q80,view-fill,moderate-mobile,stationary,10,50,0.06,0.5,0.5,0.1507182,6.028726,0.02439024,0.9512195,0.9512195,1.112503,0.9617852,1115284,1016318,0,85,0,1089784,85,16760832,,,
superblock,healpix,jpeg-residual-q80,view-fill,constrained-mobile,stationary,2,100,0.12,1,1.25,0.6208835,11.11256,0.02439024,0.902439,0.8780488,1.582669,0.9617852,1115284,1016318,0,85,0,1089784,85,16760832,,,
superblock,healpix,jpeg-residual-q80,view-fill,very-constrained,stationary,0.75,150,0.21,2.25,2.75,1.530688,12.79732,0.02439024,0.7804878,0.7317073,2.492474,0.9617852,885122,786156.4,0,78,0,1089784,85,13352960,,,
superblock,healpix,jpeg-residual-q80,global,fast,stationary,50,20,0.03,0.5,0.5,0.1235416,4.941666,0.02439024,0.9512195,0.9512195,1.085327,0.9617852,1115284,1016318,0,85,0,1089784,85,16760832,,,
superblock,healpix,jpeg-residual-q80,global,moderate-mobile,stationary,10,50,0.06,1,1.25,0.5713262,10.67711,0.02439024,0.902439,0.8780488,1.533111,0.9617852,1115284,1016318,0,85,0,1089784,85,16760832,,,
superblock,healpix,jpeg-residual-q80,global,constrained-mobile,stationary,2,100,0.12,3.25,4.25,2.165216,12.62909,0.02439024,0.6829268,0.5853659,3.127001,0.9617852,1115284,1016318,0,85,0,1089784,85,16760832,,,
superblock,healpix,jpeg-residual-q80,global,very-constrained,stationary,0.75,150,0.21,8,,5.369243,12.79732,0.02439024,0.2195122,0,6.331028,0.9617852,896383.5,805221,0,79,0,1089784,85,13615104,,,
superblock,healpix,jpeg-replacement-q80,view,fast,stationary,50,20,0.03,0.25,0.25,0,0,0.02439024,0.9756098,0.9756098,0.9469982,0.9469982,308193,186182.2,0,28,0,1331252,85,4915200,,,
superblock,healpix,jpeg-replacement-q80,view,moderate-mobile,stationary,10,50,0.06,0.5,0.5,0.1506562,6.026249,0.02439024,0.9512195,0.9512195,1.097654,0.9469982,308193,186182.2,0,28,0,1331252,85,4915200,,,
superblock,healpix,jpeg-replacement-q80,view,constrained-mobile,stationary,2,100,0.12,1.25,1.5,0.7006573,11.10321,0.02439024,0.8780488,0.8536585,1.647656,0.9469982,308193,186182.2,0,28,0,1331252,85,4915200,,,
superblock,healpix,jpeg-replacement-q80,view,very-constrained,stationary,0.75,150,0.21,2.5,3.25,1.78246,12.8121,0.02439024,0.7560976,0.6829268,2.729459,0.9469982,308193,186182.2,0,28,0,1331252,85,4915200,,,
superblock,healpix,jpeg-replacement-q80,view-fill,fast,stationary,50,20,0.03,0.25,0.25,0,0,0.02439024,0.9756098,0.9756098,0.9469982,0.9469982,1356752,1234741,0,85,0,1331252,85,16760832,,,
superblock,healpix,jpeg-replacement-q80,view-fill,moderate-mobile,stationary,10,50,0.06,0.5,0.5,0.1506562,6.026249,0.02439024,0.9512195,0.9512195,1.097654,0.9469982,1356752,1234741,0,85,0,1331252,85,16760832,,,
superblock,healpix,jpeg-replacement-q80,view-fill,constrained-mobile,stationary,2,100,0.12,1.25,1.5,0.7006573,11.10321,0.02439024,0.8780488,0.8536585,1.647656,0.9469982,1356752,1234741,0,85,0,1331252,85,16760832,,,
superblock,healpix,jpeg-replacement-q80,view-fill,very-constrained,stationary,0.75,150,0.21,2.5,3.25,1.78246,12.8121,0.02439024,0.7560976,0.6829268,2.729459,0.9469982,888105.5,766094.7,0,69,0,1331252,85,10993664,,,
superblock,healpix,jpeg-replacement-q80,view-direct,fast,stationary,50,20,0.03,0.25,0.25,0,0,0.02439024,0.9756098,0.9756098,0.9469982,0.9469982,176687,91761.4,0,13,0,1331252,85,3194880,,,
superblock,healpix,jpeg-replacement-q80,view-direct,moderate-mobile,stationary,10,50,0.06,0.5,0.5,0.09463147,3.785259,0.02439024,0.9512195,0.9512195,1.04163,0.9469982,176687,91761.4,0,13,0,1331252,85,3194880,,,
superblock,healpix,jpeg-replacement-q80,view-direct,constrained-mobile,stationary,2,100,0.12,1,1,0.6248475,12.8121,0.02439024,0.902439,0.902439,1.571846,0.9469982,176687,91761.4,0,13,0,1331252,85,3194880,,,
superblock,healpix,jpeg-replacement-q80,view-direct,very-constrained,stationary,0.75,150,0.21,2.25,2.25,1.705026,12.8121,0.02439024,0.7804878,0.7804878,2.652024,0.9469982,176687,91761.4,0,13,0,1331252,85,3194880,,,
superblock,healpix,jpeg-replacement-q80,global,fast,stationary,50,20,0.03,0.5,0.5,0.1271333,5.085333,0.02439024,0.9512195,0.9512195,1.074132,0.9469982,1356752,1234741,0,85,0,1331252,85,16760832,,,
superblock,healpix,jpeg-replacement-q80,global,moderate-mobile,stationary,10,50,0.06,1,1.25,0.5765509,10.67823,0.02439024,0.902439,0.8780488,1.523549,0.9469982,1356752,1234741,0,85,0,1331252,85,16760832,,,
superblock,healpix,jpeg-replacement-q80,global,constrained-mobile,stationary,2,100,0.12,3.75,5,2.547529,12.63157,0.02439024,0.6341463,0.5121951,3.494528,0.9469982,1356752,1234741,0,85,0,1331252,85,16760832,,,
superblock,healpix,jpeg-replacement-q80,global,very-constrained,stationary,0.75,150,0.21,9.5,,6.005645,12.8121,0.02439024,0.07317073,0,6.952643,0.9469982,899615.5,795691.1,0,69,0,1331252,85,10993664,,,
superblock,healpix,jpeg-replacement-q80-whole,global,fast,stationary,50,20,0.03,0.5,0.5,0.1271737,5.086949,0.02439024,0.9512195,0.9512195,1.072554,0.9453805,1334687,1207011,0,49,0,1319987,49,16760832,,,
superblock,healpix,jpeg-replacement-q80-whole,global,moderate-mobile,stationary,10,50,0.06,1,1.25,0.5766856,10.67985,0.02439024,0.902439,0.8780488,1.522066,0.9453805,1334687,1207011,0,49,0,1319987,49,16760832,,,
superblock,healpix,jpeg-replacement-q80-whole,global,constrained-mobile,stationary,2,100,0.12,3.75,5,2.543341,12.63319,0.02439024,0.6341463,0.5121951,3.488721,0.9453805,1334687,1207011,0,49,0,1319987,49,16760832,,,
superblock,healpix,jpeg-replacement-q80-whole,global,very-constrained,stationary,0.75,150,0.21,9.5,,6.067842,12.81372,0.02439024,0.07317073,0,7.013222,0.9453805,899615.5,791528,0,49,0,1319987,49,10469376,,,
superblock,healpix,jpeg-replacement-q80-whole,view-direct,fast,stationary,50,20,0.03,0.25,0.25,0,0,0.02439024,0.9756098,0.9756098,0.9453805,0.9453805,348069,257478.1,0,6,0,1319987,49,5292032,,,
superblock,healpix,jpeg-replacement-q80-whole,view-direct,moderate-mobile,stationary,10,50,0.06,0.5,0.5,0.1682105,6.728422,0.02439024,0.9512195,0.9512195,1.113591,0.9453805,348069,257478.1,0,6,0,1319987,49,5292032,,,
superblock,healpix,jpeg-replacement-q80-whole,view-direct,constrained-mobile,stationary,2,100,0.12,1.75,1.75,1.085336,12.81372,0.02439024,0.8292683,0.8292683,2.030716,0.9453805,348069,257478.1,0,6,0,1319987,49,5292032,,,
superblock,healpix,jpeg-replacement-q80-whole,view-direct,very-constrained,stationary,0.75,150,0.21,4.25,4.25,2.936107,12.81372,0.02439024,0.5853659,0.5853659,3.881487,0.9453805,348069,257478.1,0,6,0,1319987,49,5292032,,,
northrop-mall,healpix,haar-residual-d12,view,fast,quick-turn,50,20,0.03,0.25,0.25,0.09495029,3.070841,0.02439024,0.9512195,0.9512195,-0.7356614,-0.831514,1063643,525693.1,0,66,0,1317047,85,12222464,0,0.15,0.15
northrop-mall,healpix,haar-residual-d12,view,moderate-mobile,quick-turn,10,50,0.07,0.5,0.5,0.3473671,6.331616,0.02439024,0.9268293,0.902439,-0.4832446,-0.831514,1063643,525693.1,0,66,0,1317047,85,12222464,0,0.15,0.15
northrop-mall,healpix,haar-residual-d12,view,constrained-mobile,quick-turn,2,100,0.2,1.75,2,2.279288,11.53851,0.02439024,0.6829268,0.6097561,1.448676,-0.831514,990509,484489.9,8605,63,3,1317047,85,10649600,8.230842,1.15,1.65
northrop-mall,healpix,haar-residual-d12,view,very-constrained,quick-turn,0.75,150,0.41,5.75,6.5,4.144047,11.53851,0.04878049,0.4390244,0.3658537,3.314384,-0.831514,638585.5,328032.5,34050.5,50,8,1317047,85,6127616,9.840816,3.15,3.9
northrop-mall,healpix,haar-residual-d12,view-fill,fast,quick-turn,50,20,0.03,0.25,0.25,0,0,0.02439024,0.9756098,0.9756098,-0.8306117,-0.831514,1342547,804597.1,0,85,0,1317047,85,16760832,0,0.15,0.15
northrop-mall,healpix,haar-residual-d12,view-fill,moderate-mobile,quick-turn,10,50,0.07,0.5,0.5,0.1724653,6.331616,0.02439024,0.9512195,0.9512195,-0.6581464,-0.831514,1342547,804597.1,0,85,0,1317047,85,16760832,0,0.15,0.15
northrop-mall,healpix,haar-residual-d12,view-fill,constrained-mobile,quick-turn,2,100,0.2,1.75,2,2.279288,11.53851,0.02439024,0.6829268,0.6097561,1.448676,-0.831514,1351152,805354.6,8605,88,3,1317047,85,16760832,8.230842,1.15,1.65
northrop-mall,healpix,haar-residual-d12,view-fill,very-constrained,quick-turn,0.75,150,0.41,5.75,6.5,4.144047,11.53851,0.04878049,0.4390244,0.3658537,3.314384,-0.831514,887651,476905.7,34050.5,76,8,1317047,85,10731520,9.840816,3.15,3.9
northrop-mall,healpix,haar-residual-d12,global,fast,quick-turn,50,20,0.03,0.5,0.5,0.1083161,4.332643,0.02439024,0.9512195,0.9512195,-0.7222956,-0.831514,1342547,804597.1,0,85,0,1317047,85,16760832,0,0.15,0.15
northrop-mall,healpix,haar-residual-d12,global,moderate-mobile,quick-turn,10,50,0.07,1,1.25,0.5219698,9.726824,0.02439024,0.902439,0.8780488,-0.3086419,-0.831514,1342547,804597.1,0,85,0,1317047,85,16760832,0,0.15,0.15
northrop-mall,healpix,haar-residual-d12,global,constrained-mobile,quick-turn,2,100,0.2,4,5.5,2.604253,11.53851,0.02439024,0.6097561,0.4634146,1.773641,-0.831514,1342547,804597.1,0,85,0,1317047,85,16760832,4.668497,1.4,2.9
northrop-mall,healpix,haar-residual-d12,global,very-constrained,quick-turn,0.75,150,0.41,10,,5.920869,11.53851,0.04878049,0.02439024,0,5.091206,-0.831514,910038.5,464987.1,0,73,0,1317047,85,12042240,7.635685,7.4,
northrop-mall,healpix,haar-residual-d12-p0.5,view,fast,quick-turn,50,20,0.03,0.25,0.25,0.078535,2.57975,0.02439024,0.9756098,0.9512195,0.1544432,0.07298976,957381,467543.3,0,66,0,1201763,85,12222464,0,0.15,0.15
northrop-mall,healpix,haar-residual-d12-p0.5,view,moderate-mobile,quick-turn,10,50,0.07,0.5,0.5,0.265146,4.901229,0.02439024,0.9268293,0.902439,0.3410542,0.07298976,957381,467543.3,0,66,0,1201763,85,12222464,0,0.15,0.15
northrop-mall,healpix,haar-residual-d12-p0.5,view,constrained-mobile,quick-turn,2,100,0.16,1.25,1.75,1.757693,10.73228,0.02439024,0.7560976,0.6585366,1.833601,0.07298976,893564,427160.2,4814,63,2,1201763,85,10911744,6.98014,0.9,1.4
northrop-mall,healpix,haar-residual-d12-p0.5,view,very-constrained,quick-turn,0.75,150,0.31,5.25,6.25,3.24153,10.01044,0.04878049,0.4878049,0.3902439,3.320506,0.07298976,590133,302183.1,32834,52,8,1201763,85,6455296,8.865397,2.65,3.65
northrop-mall,healpix,jpeg-residual-q80,view,fast,quick-turn,50,20,0.03,0.25,0.25,0.09145324,2.852224,0.02439024,0.9756098,0.9512195,-0.0102872,-0.1031993,775605,366012.3,0,66,0,982929,85,12222464,0,0.15,0.15
northrop-mall,healpix,jpeg-residual-q80,view,moderate-mobile,quick-turn,10,50,0.06,0.5,0.5,0.2997745,5.474174,0.02439024,0.9268293,0.902439,0.198034,-0.1031993,775605,366012.3,0,66,0,982929,85,12222464,0,0.15,0.15
northrop-mall,healpix,jpeg-residual-q80,view,constrained-mobile,quick-turn,2,100,0.12,1.25,1.5,1.596579,10.66597,0.02439024,0.7560976,0.7073171,1.494839,-0.1031993,721471,327464.7,4351,63,1,982929,85,11173888,7.502993,0.9,1.15
northrop-mall,healpix,jpeg-residual-q80,view,very-constrained,quick-turn,0.75,150,0.2,4.75,5.75,3.166711,11.19435,0.02439024,0.5365854,0.4390244,3.064971,-0.1031993,511334,226122,27009,54,7,982929,85,7241728,9.13488,2.15,3.15
northrop-mall,healpix,jpeg-residual-q80,view-fill,fast,quick-turn,50,20,0.03,0.25,0.25,0,0,0.02439024,0.9756098,0.9756098,-0.1017404,-0.1031993,1008429,598836.3,0,85,0,982929,85,16760832,0,0.15,0.15
northrop-mall,healpix,jpeg-residual-q80,view-fill,moderate-mobile,quick-turn,10,50,0.06,0.5,0.5,0.1368543,5.474174,0.02439024,0.9512195,0.9512195,0.03511391,-0.1031993,1008429,598836.3,0,85,0,982929,85,16760832,0,0.15,0.15
northrop-mall,healpix,jpeg-residual-q80,view-fill,constrained-mobile,quick-turn,2,100,0.12,1.25,1.5,1.179892,9.781284,0.02439024,0.804878,0.7317073,1.078151,-0.1031993,1018648,608008.8,10219,90,5,982929,85,16760832,4.721064,0.65,0.9
northrop-mall,healpix,jpeg-residual-q80,view-fill,very-constrained,quick-turn,0.75,150,0.2,4.75,5.75,3.166711,11.19435,0.02439024,0.5365854,0.4390244,3.064971,-0.1031993,882838.5,457841,27009,91,7,982929,85,14925824,9.13488,2.15,3.15
northrop-mall,healpix,jpeg-residual-q80,global,fast,quick-turn,50,20,0.03,0.5,0.5,0.106946,4.27784,0.02439024,0.9512195,0.9512195,0.005205557,-0.1031993,1008429,598836.3,0,85,0,982929,85,16760832,0,0.15,0.15
northrop-mall,healpix,jpeg-residual-q80,global,moderate-mobile,quick-turn,10,50,0.06,1,1,0.4831776,9.415853,0.02439024,0.902439,0.902439,0.3814371,-0.1031993,1008429,598836.3,0,85,0,982929,85,16760832,0,0.15,0.15
northrop-mall,healpix,jpeg-residual-q80,global,constrained-mobile,quick-turn,2,100,0.12,2.25,4.25,1.751935,10.94852,0.02439024,0.7317073,0.5853659,1.650195,-0.1031993,1008429,598836.3,0,85,0,982929,85,16760832,3.664905,0.4,1.65
northrop-mall,healpix,jpeg-residual-q80,global,very-constrained,quick-turn,0.75,150,0.2,7.25,,4.357038,11.19435,0.02439024,0.2926829,0,4.255298,-0.1031993,898111,511066.5,0,85,0,982929,85,15187968,5.359737,4.65,
northrop-mall,healpix,jpeg-replacement-q80,view,fast,quick-turn,50,20,0.03,0.25,0.25,0.0606634,1.621831,0.02439024,0.9756098,0.9512195,-0.01847628,-0.08033218,932814,435160.9,0,66,0,1185661,85,12222464,0,0.15,0.15
northrop-mall,healpix,jpeg-replacement-q80,view,moderate-mobile,quick-turn,10,50,0.06,0.5,0.5,0.2762158,5.443738,0.02439024,0.9268293,0.9268293,0.1970761,-0.08033218,932814,435160.9,0,66,0,1185661,85,12222464,0,0.15,0.15
northrop-mall,healpix,jpeg-replacement-q80,view,constrained-mobile,quick-turn,2,100,0.12,1.25,1.75,1.769303,11.06661,0.02439024,0.7560976,0.6585366,1.690163,-0.08033218,857878,373948.3,12925,63,2,1185661,85,10911744,7.492139,0.9,1.4
northrop-mall,healpix,jpeg-replacement-q80,view,very-constrained,quick-turn,0.75,150,0.2,5,6.25,3.407264,11.16083,0.02439024,0.5121951,0.3902439,3.328124,-0.08033218,579499,267647.4,25068,53,7,1185661,85,6979584,7.626883,2.4,3.65
northrop-mall,healpix,jpeg-replacement-q80,view-fill,fast,quick-turn,50,20,0.03,0.25,0.25,0,0,0.02439024,0.9756098,0.9756098,-0.07913968,-0.08033218,1211161,713507.9,0,85,0,1185661,85,16760832,0,0.15,0.15
northrop-mall,healpix,jpeg-replacement-q80,view-fill,moderate-mobile,quick-turn,10,50,0.06,0.5,0.5,0.1360934,5.443738,0.02439024,0.9512195,0.9512195,0.05695376,-0.08033218,1211161,713507.9,0,85,0,1185661,85,16760832,0,0.15,0.15
northrop-mall,healpix,jpeg-replacement-q80,view-fill,constrained-mobile,quick-turn,2,100,0.12,1.25,1.75,1.634211,9.751362,0.02439024,0.7560976,0.6585366,1.555071,-0.08033218,1234503,724026.7,23342,92,7,1185661,85,16760832,6.098966,0.9,1.4
northrop-mall,healpix,jpeg-replacement-q80,view-fill,very-constrained,quick-turn,0.75,150,0.2,5,6.25,3.407264,11.16083,0.02439024,0.5121951,0.3902439,3.328124,-0.08033218,895242,420090.4,25068,84,7,1185661,85,13090816,7.626883,2.4,3.65
northrop-mall,healpix,jpeg-replacement-q80,view-direct,fast,quick-turn,50,20,0.03,0.25,0.25,0.08591798,3.360091,0.02439024,0.9512195,0.9512195,0.006778301,-0.08033218,635229,271342.8,0,33,0,1185661,85,8437760,0,0.15,0.15
northrop-mall,healpix,jpeg-replacement-q80,view-direct,moderate-mobile,quick-turn,10,50,0.06,0.5,0.5,0.3505519,5.595501,0.02439024,0.902439,0.902439,0.2714122,-0.08033218,635229,271342.8,0,33,0,1185661,85,8437760,0,0.15,0.15
northrop-mall,healpix,jpeg-replacement-q80,view-direct,constrained-mobile,quick-turn,2,100,0.12,1.25,1.5,1.881337,11.16083,0.02439024,0.7560976,0.7073171,1.802198,-0.08033218,599052,237050.9,15686,33,3,1185661,85,7651328,9.755413,0.9,1.15
northrop-mall,healpix,jpeg-replacement-q80,view-direct,very-constrained,quick-turn,0.75,150,0.2,5,5.25,4.014517,11.52034,0.02439024,0.5121951,0.4878049,3.935377,-0.08033218,452375.5,168262.6,47037.5,31,11,1185661,85,5029888,10.81687,2.4,2.65
northrop-mall,healpix,jpeg-replacement-q80,global,fast,quick-turn,50,20,0.03,0.5,0.5,0.1062997,4.251989,0.02439024,0.9512195,0.9512195,0.02716004,-0.08033218,1211161,713507.9,0,85,0,1185661,85,16760832,0,0.15,0.15
northrop-mall,healpix,jpeg-replacement-q80,global,moderate-mobile,quick-turn,10,50,0.06,1,1.25,0.5052743,9.389724,0.02439024,0.902439,0.8780488,0.4261346,-0.08033218,1211161,713507.9,0,85,0,1185661,85,16760832,0,0.15,0.15
northrop-mall,healpix,jpeg-replacement-q80,global,constrained-mobile,quick-turn,2,100,0.12,3.5,5,2.100692,10.91471,0.02439024,0.6585366,0.5121951,2.021552,-0.08033218,1211161,713507.9,0,85,0,1185661,85,16760832,3.649143,0.9,2.4
northrop-mall,healpix,jpeg-replacement-q80,global,very-constrained,quick-turn,0.75,150,0.2,8.5,,4.832834,11.16083,0.02439024,0.1707317,0,4.753694,-0.08033218,900150.5,449654.6,0,79,0,1185661,85,13615104,6.825983,5.9,
northrop-mall,healpix,jpeg-replacement-q80-whole,global,fast,quick-turn,50,20,0.03,0.5,0.5,0.102991,4.119641,0.02439024,0.9512195,0.9512195,0.02311523,-0.08106541,1193471,714115,0,49,0,1178771,49,16760832,0,0.15,0.15
northrop-mall,healpix,jpeg-replacement-q80-whole,global,moderate-mobile,quick-turn,10,50,0.06,1,1,0.4880013,9.390342,0.02439024,0.902439,0.902439,0.4081255,-0.08106541,1193471,714115,0,49,0,1178771,49,16760832,0,0.15,0.15
northrop-mall,healpix,jpeg-replacement-q80-whole,global,constrained-mobile,quick-turn,2,100,0.12,3.5,4.75,2.084686,10.91532,0.02439024,0.6585366,0.5365854,2.00481,-0.08106541,1193471,714115,0,49,0,1178771,49,16760832,3.649842,0.9,2.15
northrop-mall,healpix,jpeg-replacement-q80-whole,global,very-constrained,quick-turn,0.75,150,0.2,8.75,,4.866331,11.16145,0.02439024,0.1463415,0,4.786455,-0.08106541,900150.5,469859.1,0,49,0,1178771,49,13615104,6.826746,6.15,
northrop-mall,healpix,jpeg-replacement-q80-whole,view-direct,fast,quick-turn,50,20,0.03,0.25,0.25,0.005632813,0.2253125,0.02439024,0.9756098,0.9756098,-0.07424298,-0.08106541,810002,464412.9,0,12,0,1178771,49,11583488,0,0.15,0.15
northrop-mall,healpix,jpeg-replacement-q80-whole,view-direct,moderate-mobile,quick-turn,10,50,0.06,0.5,0.5,0.2222866,5.29958,0.02439024,0.9268293,0.9268293,0.1424108,-0.08106541,810002,464412.9,0,12,0,1178771,49,11583488,0,0.15,0.15
northrop-mall,healpix,jpeg-replacement-q80-whole,view-direct,constrained-mobile,quick-turn,2,100,0.12,1.5,1.75,2.38791,11.16145,0.02439024,0.7317073,0.6585366,2.308035,-0.08106541,810002,464412.9,0,12,0,1178771,49,11583488,10.562,0.9,1.4
northrop-mall,healpix,jpeg-replacement-q80-whole,view-direct,very-constrained,quick-turn,0.75,150,0.2,6,7.25,5.918067,11.16145,0.02439024,0.4146341,0.2926829,5.838192,-0.08106541,630712,326535,27822,12,2,1178771,49,9486336,10.81763,3.4,4.65
bookstore,healpix,haar-residual-d12,view,fast,quick-turn,50,20,0.03,0.25,0.25,0.07072303,1.43746,0.02439024,0.9756098,0.9268293,0.8639407,0.7938445,409200,172969.7,0,66,0,475021,85,12222464,0,0.15,0.15
bookstore,healpix,haar-residual-d12,view,moderate-mobile,quick-turn,10,50,0.07,0.5,0.5,0.2585337,5.633949,0.02439024,0.9512195,0.902439,1.051751,0.7938445,409200,172969.7,0,66,0,475021,85,12222464,0,0.15,0.15
bookstore,healpix,haar-residual-d12,view,constrained-mobile,quick-turn,2,100,0.19,1,1,1.579206,15.28959,0.02439024,0.8292683,0.804878,2.372424,0.7938445,377802,157331.8,39,63,1,475021,85,11173888,6.189913,0.4,0.65
bookstore,healpix,haar-residual-d12,view,very-constrained,quick-turn,0.75,150,0.37,1.75,2,2.936375,15.45336,0.04878049,0.6829268,0.6341463,3.728933,0.7938445,340028,151032.3,3283,61,2,475021,85,10387456,12.2596,1.15,1.4
bookstore,healpix,haar-residual-d12,view-fill,fast,quick-turn,50,20,0.03,0.25,0.25,0,0,0.02439024,0.9756098,0.9756098,0.7932177,0.7938445,500521,264290.7,0,85,0,475021,85,16760832,0,0.15,0.15
bookstore,healpix,haar-residual-d12,view-fill,moderate-mobile,quick-turn,10,50,0.07,0.5,0.5,0.1408487,5.633949,0.02439024,0.9512195,0.9512195,0.9340664,0.7938445,500521,264290.7,0,85,0,475021,85,16760832,0,0.15,0.15
bookstore,healpix,haar-residual-d12,view-fill,constrained-mobile,quick-turn,2,100,0.19,1,1,0.8149834,15.28959,0.02439024,0.902439,0.8536585,1.608201,0.7938445,506509,268700.2,5988,86,1,475021,85,16760832,0,0.15,0.15
bookstore,healpix,haar-residual-d12,view-fill,very-constrained,quick-turn,0.75,150,0.37,1.75,2,2.936375,15.45336,0.04878049,0.6829268,0.6341463,3.728933,0.7938445,503804,265030.6,3283,87,2,475021,85,16760832,12.2596,1.15,1.4
bookstore,healpix,haar-residual-d12,global,fast,quick-turn,50,20,0.03,0.5,0.5,0.1129947,4.519789,0.02439024,0.9512195,0.9512195,0.9062124,0.7938445,500521,264290.7,0,85,0,475021,85,16760832,0,0.15,0.15
bookstore,healpix,haar-residual-d12,global,moderate-mobile,quick-turn,10,50,0.07,0.75,1,0.460498,12.56537,0.02439024,0.9268293,0.902439,1.253716,0.7938445,500521,264290.7,0,85,0,475021,85,16760832,0,0.15,0.15
bookstore,healpix,haar-residual-d12,global,constrained-mobile,quick-turn,2,100,0.19,2,2.75,1.649105,15.28959,0.02439024,0.804878,0.7317073,2.442322,0.7938445,500521,264290.7,0,85,0,475021,85,16760832,0,0.15,0.15
bookstore,healpix,haar-residual-d12,global,very-constrained,quick-turn,0.75,150,0.37,5,5.75,3.733771,15.28959,0.04878049,0.5121951,0.4390244,4.52633,0.7938445,500521,264290.7,0,85,0,475021,85,16760832,5.759647,2.4,3.15
bookstore,healpix,haar-residual-d12-p0.5,view,fast,quick-turn,50,20,0.03,0.25,0.25,0.03515584,0.731471,0.02439024,0.9756098,0.9756098,3.869464,3.835212,343636,140636,0,66,0,401375,85,12222464,0,0.15,0.15
bookstore,healpix,haar-residual-d12-p0.5,view,moderate-mobile,quick-turn,10,50,0.06,0.5,0.5,0.1807564,3.568281,0.02439024,0.9512195,0.902439,4.015064,3.835212,343636,140636,0,66,0,401375,85,12222464,0,0.15,0.15
bookstore,healpix,haar-residual-d12-p0.5,view,constrained-mobile,quick-turn,2,100,0.15,0.75,0.75,0.9761702,12.27984,0.02439024,0.8536585,0.8536585,4.810478,3.835212,317401,125011,5202,63,1,401375,85,11173888,3.723115,0.4,0.4
bookstore,healpix,haar-residual-d12-p0.5,view,very-constrained,quick-turn,0.75,150,0.27,1.25,1.5,1.807861,12.26382,0.04878049,0.7560976,0.7073171,5.641219,3.835212,285051,121084.8,8707,60,1,401375,85,10387456,9.381256,0.9,1.15
bookstore,healpix,jpeg-residual-q80,view,fast,quick-turn,50,20,0.03,0.25,0.25,0.08411297,1.843246,0.02439024,0.9756098,0.9268293,1.213859,1.128432,363441,157102.4,0,66,0,444081,85,12222464,0,0.15,0.15
bookstore,healpix,jpeg-residual-q80,view,moderate-mobile,quick-turn,10,50,0.06,0.5,0.5,0.2781657,6.532364,0.02439024,0.9268293,0.902439,1.407912,1.128432,363441,157102.4,0,66,0,444081,85,12222464,0,0.15,0.15
bookstore,healpix,jpeg-residual-q80,view,constrained-mobile,quick-turn,2,100,0.12,0.75,1,1.370369,13.15831,0.02439024,0.8536585,0.804878,2.500116,1.128432,337532,136966.7,9922,63,1,444081,85,11173888,6.691367,0.4,0.65
bookstore,healpix,jpeg-residual-q80,view,very-constrained,quick-turn,0.75,150,0.2,1.5,1.75,2.745133,15.74814,0.02439024,0.7073171,0.6585366,3.87488,1.128432,302794,133933.4,9078,60,1,444081,85,10387456,12.64093,1.15,1.4
bookstore,healpix,jpeg-residual-q80,view-fill,fast,quick-turn,50,20,0.03,0.25,0.25,0,0,0.02439024,0.9756098,0.9756098,1.129746,1.128432,469581,263242.4,0,85,0,444081,85,16760832,0,0.15,0.15
bookstore,healpix,jpeg-residual-q80,view-fill,moderate-mobile,quick-turn,10,50,0.06,0.5,0.5,0.1633091,6.532364,0.02439024,0.9512195,0.9512195,1.293055,1.128432,469581,263242.4,0,85,0,444081,85,16760832,0,0.15,0.15
bookstore,healpix,jpeg-residual-q80,view-fill,constrained-mobile,quick-turn,2,100,0.12,0.75,1,0.5560811,13.10633,0.02439024,0.9268293,0.902439,1.685827,1.128432,469581,263242.4,0,86,1,444081,85,16760832,0,0.15,0.15
bookstore,healpix,jpeg-residual-q80,view-fill,very-constrained,quick-turn,0.75,150,0.2,1.5,1.75,2.444968,15.46607,0.02439024,0.7317073,0.6585366,3.574715,1.128432,473862,263804,4281,94,9,444081,85,16760832,9.663541,0.9,1.4
bookstore,healpix,jpeg-residual-q80,global,fast,quick-turn,50,20,0.03,0.5,0.5,0.1357627,5.43051,0.02439024,0.9512195,0.9512195,1.265509,1.128432,469581,263242.4,0,85,0,444081,85,16760832,0,0.15,0.15
bookstore,healpix,jpeg-residual-q80,global,moderate-mobile,quick-turn,10,50,0.06,0.75,1,0.4985857,12.90454,0.02439024,0.9268293,0.902439,1.628332,1.128432,469581,263242.4,0,85,0,444081,85,16760832,0,0.15,0.15
bookstore,healpix,jpeg-residual-q80,global,constrained-mobile,quick-turn,2,100,0.12,1.75,2.25,1.448571,15.26991,0.02439024,0.8292683,0.7804878,2.578317,1.128432,469581,263242.4,0,85,0,444081,85,16760832,0,0.15,0.15
bookstore,healpix,jpeg-residual-q80,global,very-constrained,quick-turn,0.75,150,0.2,4.25,5.5,3.438403,15.46607,0.02439024,0.5853659,0.4634146,4.568149,1.128432,469581,263242.4,0,85,0,444081,85,16760832,5.546048,1.65,2.9
bookstore,healpix,jpeg-replacement-q80,view,fast,quick-turn,50,20,0.03,0.25,0.25,0.06291076,1.515897,0.02439024,0.9756098,0.9268293,1.156322,1.09205,447993,187564.1,0,66,0,546860,85,12222464,0,0.15,0.15
bookstore,healpix,jpeg-replacement-q80,view,moderate-mobile,quick-turn,10,50,0.06,0.5,0.5,0.2799977,6.586777,0.02439024,0.9268293,0.902439,1.373409,1.09205,447993,187564.1,0,66,0,546860,85,12222464,0,0.15,0.15
bookstore,healpix,jpeg-replacement-q80,view,constrained-mobile,quick-turn,2,100,0.12,0.75,1,1.41128,15.78053,0.02439024,0.8292683,0.804878,2.504691,1.09205,410645,157363.3,633,63,1,546860,85,11173888,6.955045,0.65,0.65
bookstore,healpix,jpeg-replacement-q80,view,very-constrained,quick-turn,0.75,150,0.2,1.75,2,3.063043,15.78836,0.02439024,0.6829268,0.6097561,4.156454,1.09205,361169.5,148726.6,22613.5,61,5,546860,85,9601024,12.39933,1.15,1.65
bookstore,healpix,jpeg-replacement-q80,view-fill,fast,quick-turn,50,20,0.03,0.25,0.25,0,0,0.02439024,0.9756098,0.9756098,1.093411,1.09205,572360,311931.1,0,85,0,546860,85,16760832,0,0.15,0.15
bookstore,healpix,jpeg-replacement-q80,view-fill,moderate-mobile,quick-turn,10,50,0.06,0.5,0.5,0.1646694,6.586777,0.02439024,0.9512195,0.9512195,1.258081,1.09205,572360,311931.1,0,85,0,546860,85,16760832,0,0.15,0.15
bookstore,healpix,jpeg-replacement-q80,view-fill,constrained-mobile,quick-turn,2,100,0.12,0.75,1,0.6990437,13.11952,0.02439024,0.902439,0.8536585,1.792455,1.09205,579523,312561.6,7163,86,1,546860,85,16760832,0,0.15,0.15
bookstore,healpix,jpeg-replacement-q80,view-fill,very-constrained,quick-turn,0.75,150,0.2,1.75,2,3.063043,15.78836,0.02439024,0.6829268,0.6097561,4.156454,1.09205,594973.5,318903.7,22613.5,90,5,546860,85,16760832,12.39933,1.15,1.65
bookstore,healpix,jpeg-replacement-q80,view-direct,fast,quick-turn,50,20,0.03,0.25,0.25,0.1622358,6.355857,0.02439024,0.9512195,0.9512195,1.255647,1.09205,279475,102343.9,0,33,0,546860,85,8437760,0,0.15,0.15
bookstore,healpix,jpeg-replacement-q80,view-direct,moderate-mobile,quick-turn,10,50,0.06,0.25,0.25,0.2823813,6.355857,0.02439024,0.9268293,0.9268293,1.375793,1.09205,279475,102343.9,0,33,0,546860,85,8437760,0,0.15,0.15
bookstore,healpix,jpeg-replacement-q80,view-direct,constrained-mobile,quick-turn,2,100,0.12,0.75,0.75,1.577819,15.77779,0.02439024,0.8536585,0.8536585,2.671231,1.09205,279475,102343.9,0,33,0,546860,85,8437760,8.938789,0.4,0.4
bookstore,healpix,jpeg-replacement-q80,view-direct,very-constrained,quick-turn,0.75,150,0.2,1.5,1.5,3.031102,15.8488,0.02439024,0.7317073,0.7073171,4.124513,1.09205,224316,70503.11,28125,31,6,546860,85,6340608,12.80864,0.9,1.15
bookstore,healpix,jpeg-replacement-q80,global,fast,quick-turn,50,20,0.03,0.5,0.5,0.1369099,5.476395,0.02439024,0.9512195,0.9512195,1.230321,1.09205,572360,311931.1,0,85,0,546860,85,16760832,0,0.15,0.15
bookstore,healpix,jpeg-replacement-q80,global,moderate-mobile,quick-turn,10,50,0.06,0.75,1,0.502273,12.92164,0.02439024,0.9268293,0.902439,1.595684,1.09205,572360,311931.1,0,85,0,546860,85,16760832,0,0.15,0.15
bookstore,healpix,jpeg-replacement-q80,global,constrained-mobile,quick-turn,2,100,0.12,2,2.75,1.676843,15.30436,0.02439024,0.804878,0.7317073,2.770255,1.09205,572360,311931.1,0,85,0,546860,85,16760832,0.6615611,0.15,0.15
bookstore,healpix,jpeg-replacement-q80,global,very-constrained,quick-turn,0.75,150,0.2,5.25,6.5,4.143274,15.50431,0.02439024,0.4878049,0.3658537,5.236685,1.09205,572360,311931.1,0,85,0,546860,85,16760832,5.736321,2.65,3.9
bookstore,healpix,jpeg-replacement-q80-whole,global,fast,quick-turn,50,20,0.03,0.5,0.5,0.1365544,5.462176,0.02439024,0.9512195,0.9512195,1.2281,1.090178,551526,307359,0,49,0,536826,49,16760832,0,0.15,0.15
bookstore,healpix,jpeg-replacement-q80-whole,global,moderate-mobile,quick-turn,10,50,0.06,0.75,0.75,0.4682214,12.92375,0.02439024,0.9268293,0.9268293,1.559767,1.090178,551526,307359,0,49,0,536826,49,16760832,0,0.15,0.15
bookstore,healpix,jpeg-replacement-q80-whole,global,constrained-mobile,quick-turn,2,100,0.12,2,2.75,1.660071,15.30647,0.02439024,0.804878,0.7317073,2.751617,1.090178,551526,307359,0,49,0,536826,49,16760832,0,0.15,0.15
bookstore,healpix,jpeg-replacement-q80-whole,global,very-constrained,quick-turn,0.75,150,0.2,5.25,6.5,4.122938,15.50643,0.02439024,0.4878049,0.3658537,5.214483,1.090178,551526,307359,0,49,0,536826,49,16760832,5.738095,2.65,3.9
bookstore,healpix,jpeg-replacement-q80-whole,view-direct,fast,quick-turn,50,20,0.03,0.25,0.25,0.01352833,0.5411334,0.02439024,0.9756098,0.9756098,1.105074,1.090178,323335,162465.8,0,12,0,536826,49,11583488,0,0.15,0.15
bookstore,healpix,jpeg-replacement-q80-whole,view-direct,moderate-mobile,quick-turn,10,50,0.06,0.25,0.25,0.0837948,2.810659,0.02439024,0.9756098,0.9512195,1.17534,1.090178,323335,162465.8,0,12,0,536826,49,11583488,0,0.15,0.15
bookstore,healpix,jpeg-replacement-q80-whole,view-direct,constrained-mobile,quick-turn,2,100,0.12,0.75,1,1.743136,15.50643,0.02439024,0.8536585,0.8292683,2.834682,1.090178,323335,162465.8,0,12,0,536826,49,11583488,14.4943,0.4,0.4
bookstore,healpix,jpeg-replacement-q80-whole,view-direct,very-constrained,quick-turn,0.75,150,0.2,1.5,2,4.38049,15.85066,0.02439024,0.6585366,0.6097561,5.472036,1.090178,323335,162465.8,0,12,0,536826,49,11583488,15.38138,1.65,1.65
superblock,healpix,haar-residual-d12,view,fast,quick-turn,50,20,0.03,0.25,0.25,0.09689114,2.314027,0.02439024,0.9756098,0.9268293,-0.08346956,-0.1731681,1209005,659151.7,0,66,0,1616056,85,12222464,0,0.15,0.15
superblock,healpix,haar-residual-d12,view,moderate-mobile,quick-turn,10,50,0.08,0.5,0.5,0.5635209,8.182189,0.02439024,0.902439,0.8780488,0.3831602,-0.1731681,1209005,659151.7,0,66,0,1616056,85,12222464,1.750597,0.15,0.4
superblock,healpix,haar-residual-d12,view,constrained-mobile,quick-turn,2,100,0.21,1.5,1.75,2.75802,12.67483,0.02439024,0.6585366,0.5853659,2.577659,-0.1731681,1067811,591867.2,42064,62,4,1616056,85,10125312,9.478325,1.65,2.15
superblock,healpix,haar-residual-d12,view,very-constrained,quick-turn,0.75,150,0.44,7,8.25,5.469156,12.67483,0.04878049,0.3170732,0.195122,5.281234,-0.1731681,771277,433799.9,34105,48,7,1616056,85,5865472,11.42794,4.4,5.65
superblock,healpix,haar-residual-d12,view-fill,fast,quick-turn,50,20,0.03,0.25,0.25,0,0,0.02439024,0.9756098,0.9756098,-0.1803607,-0.1731681,1641556,1091703,0,85,0,1616056,85,16760832,0,0.15,0.15
superblock,healpix,haar-residual-d12,view-fill,moderate-mobile,quick-turn,10,50,0.08,0.5,0.5,0.2039995,8.159979,0.02439024,0.9512195,0.9512195,0.02363878,-0.1731681,1641556,1091703,0,85,0,1616056,85,16760832,0,0.15,0.15
superblock,healpix,haar-residual-d12,view-fill,constrained-mobile,quick-turn,2,100,0.21,1.5,1.75,2.585883,12.67483,0.02439024,0.6585366,0.5853659,2.405523,-0.1731681,1643813,1091739,2257,93,8,1616056,85,16760832,8.975161,1.65,2.15
superblock,healpix,haar-residual-d12,view-fill,very-constrained,quick-turn,0.75,150,0.44,7,8.25,5.469156,12.67483,0.04878049,0.3170732,0.195122,5.281234,-0.1731681,895027,518609.1,34105,59,7,1616056,85,6733824,11.42794,4.4,5.65
superblock,healpix,haar-residual-d12,global,fast,quick-turn,50,20,0.03,0.5,0.5,0.1135231,4.540924,0.02439024,0.9512195,0.9512195,-0.06683759,-0.1731681,1641556,1091703,0,85,0,1616056,85,16760832,0,0.15,0.15
superblock,healpix,haar-residual-d12,global,moderate-mobile,quick-turn,10,50,0.08,1.25,1.5,0.7281207,10.71815,0.02439024,0.8780488,0.8536585,0.54776,-0.1731681,1641556,1091703,0,85,0,1616056,85,16760832,0,0.15,0.15
superblock,healpix,haar-residual-d12,global,constrained-mobile,quick-turn,2,100,0.21,5.5,6.5,3.509637,12.67483,0.02439024,0.4634146,0.3658537,3.329276,-0.1731681,1641556,1091703,0,85,0,1616056,85,16760832,5.495728,2.9,3.9
superblock,healpix,haar-residual-d12,global,very-constrained,quick-turn,0.75,150,0.44,,,7.40842,12.67483,0.04878049,0,0,7.220498,-0.1731681,909692,619495.4,0,53,0,1616056,85,6799360,8.583399,,
superblock,healpix,haar-residual-d12-p0.5,view,fast,quick-turn,50,20,0.03,0.25,0.25,0.070084,1.72018,0.02439024,0.9756098,0.9268293,1.518931,1.471992,1062944,572308.6,0,66,0,1457158,85,12222464,0,0.15,0.15
superblock,healpix,haar-residual-d12-p0.5,view,moderate-mobile,quick-turn,10,50,0.07,0.5,0.5,0.3501904,5.628023,0.02439024,0.902439,0.902439,1.799038,1.471992,1062944,572308.6,0,66,0,1457158,85,12222464,0.8843642,0.15,0.15
superblock,healpix,haar-residual-d12-p0.5,view,constrained-mobile,quick-turn,2,100,0.17,1.25,1.5,1.869084,10.43808,0.02439024,0.7073171,0.6341463,3.317931,1.471992,935174,508095.7,27313,62,3,1457158,85,10387456,7.734469,1.4,1.9
superblock,healpix,haar-residual-d12-p0.5,view,very-constrained,quick-turn,0.75,150,0.34,5.75,7.25,3.74908,10.43808,0.04878049,0.4390244,0.2926829,5.173596,1.471992,694968.5,385980.1,9873.5,50,6,1457158,85,6455296,9.752717,3.15,4.65
superblock,healpix,jpeg-residual-q80,view,fast,quick-turn,50,20,0.03,0.25,0.25,0.08438069,2.00179,0.02439024,0.9756098,0.9268293,1.089604,1.004164,782152,402437.9,0,66,0,1089784,85,12222464,0,0.15,0.15
superblock,healpix,jpeg-residual-q80,view,moderate-mobile,quick-turn,10,50,0.06,0.5,0.5,0.3453601,6.028726,0.02439024,0.902439,0.902439,1.350583,1.004164,782152,402437.9,0,66,0,1089784,85,12222464,0,0.15,0.15
superblock,healpix,jpeg-residual-q80,view,constrained-mobile,quick-turn,2,100,0.12,1,1.25,1.677079,11.11256,0.02439024,0.7804878,0.7073171,2.682302,1.004164,686140,349682.7,11146,62,2,1089784,85,10649600,7.977967,0.9,1.4
superblock,healpix,jpeg-residual-q80,view,very-constrained,quick-turn,0.75,150,0.21,5,6,3.469843,12.79732,0.02439024,0.5121951,0.4146341,4.475066,1.004164,552983,280768.6,17721,56,6,1089784,85,8028160,8.458997,2.4,3.4
superblock,healpix,jpeg-residual-q80,view-fill,fast,quick-turn,50,20,0.03,0.25,0.25,0,0,0.02439024,0.9756098,0.9756098,1.005223,1.004164,1115284,735569.9,0,85,0,1089784,85,16760832,0,0.15,0.15
superblock,healpix,jpeg-residual-q80,view-fill,moderate-mobile,quick-turn,10,50,0.06,0.5,0.5,0.1507182,6.028726,0.02439024,0.9512195,0.9512195,1.155941,1.004164,1115284,735569.9,0,85,0,1089784,85,16760832,0,0.15,0.15
superblock,healpix,jpeg-residual-q80,view-fill,constrained-mobile,quick-turn,2,100,0.12,1,1.25,1.100383,11.11256,0.02439024,0.804878,0.7560976,2.105606,1.004164,1148643,755829.7,33359,93,8,1089784,85,16760832,4.491455,0.65,0.9
superblock,healpix,jpeg-residual-q80,view-fill,very-constrained,quick-turn,0.75,150,0.21,5,6,3.469843,12.79732,0.02439024,0.5121951,0.4146341,4.475066,1.004164,886733,528246.2,17721,83,6,1089784,85,13090816,8.458997,2.4,3.4
superblock,healpix,jpeg-residual-q80,global,fast,quick-turn,50,20,0.03,0.5,0.5,0.1235416,4.941666,0.02439024,0.9512195,0.9512195,1.128765,1.004164,1115284,735569.9,0,85,0,1089784,85,16760832,0,0.15,0.15
superblock,healpix,jpeg-residual-q80,global,moderate-mobile,quick-turn,10,50,0.06,1,1.25,0.5713262,10.67711,0.02439024,0.902439,0.8780488,1.576549,1.004164,1115284,735569.9,0,85,0,1089784,85,16760832,0,0.15,0.15
superblock,healpix,jpeg-residual-q80,global,constrained-mobile,quick-turn,2,100,0.12,3.75,4.5,2.215365,12.62909,0.02439024,0.6341463,0.5609756,3.220587,1.004164,1115284,735569.9,0,85,0,1089784,85,16760832,3.57865,1.15,1.9
superblock,healpix,jpeg-residual-q80,global,very-constrained,quick-turn,0.75,150,0.21,9,,5.304059,12.79732,0.02439024,0.1219512,0,6.309282,1.004164,896383.5,550250.9,0,79,0,1089784,85,13615104,7.004002,6.4,
superblock,healpix,jpeg-replacement-q80,view,fast,quick-turn,50,20,0.03,0.25,0.25,0.05932325,1.357584,0.02439024,0.9756098,0.9268293,1.087593,1.026288,951810,485306.1,0,66,0,1331252,85,12222464,0,0.15,0.15
superblock,healpix,jpeg-replacement-q80,view,moderate-mobile,quick-turn,10,50,0.06,0.5,0.5,0.3461782,6.026249,0.02439024,0.902439,0.902439,1.374448,1.026288,951810,485306.1,0,66,0,1331252,85,12222464,0,0.15,0.15
superblock,healpix,jpeg-replacement-q80,view,constrained-mobile,quick-turn,2,100,0.12,1.25,1.5,1.830578,11.10321,0.02439024,0.7317073,0.6585366,2.858848,1.026288,817111,392359.3,26505,63,4,1331252,85,10387456,7.956512,1.15,1.65
superblock,healpix,jpeg-replacement-q80,view,very-constrained,quick-turn,0.75,150,0.21,5.5,7,3.984575,12.8121,0.02439024,0.4634146,0.3170732,5.012846,1.026288,637034,319310.5,35020,54,7,1331252,85,7241728,9.69867,2.9,4.4
superblock,healpix,jpeg-replacement-q80,view-fill,fast,quick-turn,50,20,0.03,0.25,0.25,0,0,0.02439024,0.9756098,0.9756098,1.02827,1.026288,1356752,890248.1,0,85,0,1331252,85,16760832,0,0.15,0.15
superblock,healpix,jpeg-replacement-q80,view-fill,moderate-mobile,quick-turn,10,50,0.06,0.5,0.5,0.1506562,6.026249,0.02439024,0.9512195,0.9512195,1.178926,1.026288,1356752,890248.1,0,85,0,1331252,85,16760832,0,0.15,0.15
superblock,healpix,jpeg-replacement-q80,view-fill,constrained-mobile,quick-turn,2,100,0.12,1.25,1.5,1.475306,11.10321,0.02439024,0.7560976,0.6829268,2.503576,1.026288,1392379,909842.2,35627,92,7,1331252,85,16760832,6.815239,0.9,1.4
superblock,healpix,jpeg-replacement-q80,view-fill,very-constrained,quick-turn,0.75,150,0.21,5.5,7,3.984575,12.8121,0.02439024,0.4634146,0.3170732,5.012846,1.026288,888284,526452.7,35020,74,7,1331252,85,10469376,9.69867,2.9,4.4
superblock,healpix,jpeg-replacement-q80,view-direct,fast,quick-turn,50,20,0.03,0.25,0.25,0.08704198,3.427364,0.02439024,0.9512195,0.9512195,1.115312,1.026288,619858,287427.4,0,33,0,1331252,85,8437760,0,0.15,0.15
superblock,healpix,jpeg-replacement-q80,view-direct,moderate-mobile,quick-turn,10,50,0.06,0.5,0.5,0.2668431,3.785259,0.02439024,0.902439,0.902439,1.295113,1.026288,619858,287427.4,0,33,0,1331252,85,8437760,0,0.15,0.15
superblock,healpix,jpeg-replacement-q80,view-direct,constrained-mobile,quick-turn,2,100,0.12,1,1,1.877749,12.8121,0.02439024,0.7560976,0.7560976,2.906019,1.026288,531205,221930.7,27861,32,4,1331252,85,7127040,9.683265,1.15,1.15
superblock,healpix,jpeg-replacement-q80,view-direct,very-constrained,quick-turn,0.75,150,0.21,5.25,5.5,4.158989,12.8121,0.02439024,0.4878049,0.4634146,5.187259,1.026288,471830,196551.1,28125,31,6,1331252,85,6340608,10.8673,2.65,2.9
superblock,healpix,jpeg-replacement-q80,global,fast,quick-turn,50,20,0.03,0.5,0.5,0.1271333,5.085333,0.02439024,0.9512195,0.9512195,1.155404,1.026288,1356752,890248.1,0,85,0,1331252,85,16760832,0,0.15,0.15
superblock,healpix,jpeg-replacement-q80,global,moderate-mobile,quick-turn,10,50,0.06,1,1.25,0.5765509,10.67823,0.02439024,0.902439,0.8780488,1.604821,1.026288,1356752,890248.1,0,85,0,1331252,85,16760832,0,0.15,0.15
superblock,healpix,jpeg-replacement-q80,global,constrained-mobile,quick-turn,2,100,0.12,4.25,5.25,2.604328,12.63157,0.02439024,0.5853659,0.4878049,3.632599,1.026288,1356752,890248.1,0,85,0,1331252,85,16760832,4.283036,1.65,2.65
superblock,healpix,jpeg-replacement-q80,global,very-constrained,quick-turn,0.75,150,0.21,,,5.807169,12.8121,0.02439024,0,0,6.83544,1.026288,899615.5,577988.7,0,69,0,1331252,85,10993664,6.984285,,
superblock,healpix,jpeg-replacement-q80-whole,global,fast,quick-turn,50,20,0.03,0.5,0.5,0.1271737,5.086949,0.02439024,0.9512195,0.9512195,1.153808,1.024652,1334687,857677.9,0,49,0,1319987,49,16760832,0,0.15,0.15
superblock,healpix,jpeg-replacement-q80-whole,global,moderate-mobile,quick-turn,10,50,0.06,1,1.25,0.5766856,10.67985,0.02439024,0.902439,0.8780488,1.60332,1.024652,1334687,857677.9,0,49,0,1319987,49,16760832,0,0.15,0.15
superblock,healpix,jpeg-replacement-q80-whole,global,constrained-mobile,quick-turn,2,100,0.12,4.5,5.5,2.638183,12.63319,0.02439024,0.5609756,0.4634146,3.664817,1.024652,1334687,857677.9,0,49,0,1319987,49,16760832,4.284453,1.9,2.9
superblock,healpix,jpeg-replacement-q80-whole,global,very-constrained,quick-turn,0.75,150,0.21,,,5.896204,12.81372,0.02439024,0,0,6.922838,1.024652,899615.5,573805.8,0,49,0,1319987,49,10469376,6.985969,,
superblock,healpix,jpeg-replacement-q80-whole,view-direct,fast,quick-turn,50,20,0.03,0.25,0.25,0.03394699,1.015156,0.02439024,0.9756098,0.9512195,1.060581,1.024652,890405,547469.2,0,12,0,1319987,49,11583488,0,0.15,0.15
superblock,healpix,jpeg-replacement-q80-whole,view-direct,moderate-mobile,quick-turn,10,50,0.06,0.5,0.5,0.4024626,8.354925,0.02439024,0.9268293,0.902439,1.429097,1.024652,890405,547469.2,0,12,0,1319987,49,11583488,0,0.15,0.15
superblock,healpix,jpeg-replacement-q80-whole,view-direct,constrained-mobile,quick-turn,2,100,0.12,1.75,1.75,2.956278,12.81372,0.02439024,0.6341463,0.6097561,3.982912,1.024652,890405,547469.2,0,12,0,1319987,49,11583488,10.86899,1.65,1.9
superblock,healpix,jpeg-replacement-q80-whole,view-direct,very-constrained,quick-turn,0.75,150,0.21,7.5,8.25,6.882219,12.81372,0.02439024,0.2682927,0.195122,7.908853,1.024652,743113.5,436099.3,13002.5,12,2,1319987,49,9486336,10.86899,4.9,5.65
