panorama,representation,scheme,policy,profile,trace,megabitsPerSecond,roundTripMs,timeToCoarseSphere,timeToAcceptable,timeToHigh,meanShortfallDb,worstShortfallDb,shareOfTimeBlank,shareOfTimeAcceptable,shareOfTimeHigh,meanDeficitDb,deficitWithEverythingDb,bytesReceived,bytesNeverLookedAt,bytesCancelled,requests,requestsCancelled,schemeBytes,schemeUnits,finalResidentBytes,afterTurnShortfallDb,afterTurnTimeToAcceptable,afterTurnTimeToHigh
northrop-mall,cube,haar-residual-d12,view,fast,stationary,50,20,0.03,0.25,0.25,0,0,0.02439024,0.9756098,0.9756098,-0.5064305,-0.5064305,314521,142526.8,0,8,0,1394071,43,3188736,,,
northrop-mall,cube,haar-residual-d12,view,moderate-mobile,stationary,10,50,0.08,0.5,0.5,0.198087,7.92348,0.02439024,0.9512195,0.9512195,-0.3083435,-0.5064305,314521,142526.8,0,8,0,1394071,43,3188736,,,
northrop-mall,cube,haar-residual-d12,view,constrained-mobile,stationary,2,100,0.21,1.5,1.5,1.126159,11.36053,0.02439024,0.8536585,0.8536585,0.6197289,-0.5064305,314521,142526.8,0,8,0,1394071,43,3188736,,,
northrop-mall,cube,haar-residual-d12,view,very-constrained,stationary,0.75,150,0.43,3.75,3.75,3.072794,11.36053,0.04878049,0.6341463,0.6341463,2.566364,-0.5064305,314521,142526.8,0,8,0,1394071,43,3188736,,,
northrop-mall,cube,haar-residual-d12,view-fill,fast,stationary,50,20,0.03,0.25,0.25,0,0,0.02439024,0.9756098,0.9756098,-0.5064305,-0.5064305,1406971,1234977,0,43,0,1394071,43,18855936,,,
northrop-mall,cube,haar-residual-d12,view-fill,moderate-mobile,stationary,10,50,0.08,0.5,0.5,0.198087,7.92348,0.02439024,0.9512195,0.9512195,-0.3083435,-0.5064305,1406971,1234977,0,43,0,1394071,43,18855936,,,
northrop-mall,cube,haar-residual-d12,view-fill,constrained-mobile,stationary,2,100,0.21,1.5,1.5,1.126159,11.36053,0.02439024,0.8536585,0.8536585,0.6197289,-0.5064305,1406971,1234977,0,43,0,1394071,43,18855936,,,
northrop-mall,cube,haar-residual-d12,view-fill,very-constrained,stationary,0.75,150,0.43,3.75,3.75,3.072794,11.36053,0.04878049,0.6341463,0.6341463,2.566364,-0.5064305,894833.5,722839.3,0,33,0,1394071,43,9877504,,,
northrop-mall,cube,haar-residual-d12,global,fast,stationary,50,20,0.03,0.25,0.25,0,0,0.02439024,0.9756098,0.9756098,-0.5064305,-0.5064305,1406971,1234977,0,43,0,1394071,43,18855936,,,
northrop-mall,cube,haar-residual-d12,global,moderate-mobile,stationary,10,50,0.08,1,1,0.567574,9.915405,0.02439024,0.902439,0.902439,0.06114348,-0.5064305,1406971,1234977,0,43,0,1394071,43,18855936,,,
northrop-mall,cube,haar-residual-d12,global,constrained-mobile,stationary,2,100,0.21,4.5,4.5,3.075124,11.36053,0.02439024,0.5609756,0.5609756,2.568694,-0.5064305,1406971,1234977,0,43,0,1394071,43,18855936,,,
northrop-mall,cube,haar-residual-d12,global,very-constrained,stationary,0.75,150,0.43,,,7.604038,11.36053,0.04878049,0,0,7.097608,-0.5064305,909719.5,780444.6,0,33,0,1394071,43,9418752,,,
northrop-mall,cube,haar-residual-d12-p0.5,view,fast,stationary,50,20,0.03,0.25,0.25,0,0,0.02439024,0.9756098,0.9756098,0.253687,0.253687,280246,123294.1,0,8,0,1273056,43,3188736,,,
northrop-mall,cube,haar-residual-d12-p0.5,view,moderate-mobile,stationary,10,50,0.07,0.5,0.5,0.1812769,7.251077,0.02439024,0.9512195,0.9512195,0.4349639,0.253687,280246,123294.1,0,8,0,1273056,43,3188736,,,
northrop-mall,cube,haar-residual-d12-p0.5,view,constrained-mobile,stationary,2,100,0.16,1.5,1.5,1.038925,10.6145,0.02439024,0.8536585,0.8536585,1.292612,0.253687,280246,123294.1,0,8,0,1273056,43,3188736,,,
northrop-mall,cube,haar-residual-d12-p0.5,view,very-constrained,stationary,0.75,150,0.31,3.25,3.5,2.402229,10.6145,0.04878049,0.6829268,0.6585366,2.655916,0.253687,280246,123294.1,0,8,0,1273056,43,3188736,,,
northrop-mall,cube,jpeg-residual-q80,view,fast,stationary,50,20,0.03,0.25,0.25,0,0,0.02439024,0.9756098,0.9756098,0.185778,0.185778,228337,97036.27,0,8,0,1069097,43,3188736,,,
northrop-mall,cube,jpeg-residual-q80,view,moderate-mobile,stationary,10,50,0.06,0.5,0.5,0.1927577,7.710308,0.02439024,0.9512195,0.9512195,0.3785357,0.185778,228337,97036.27,0,8,0,1069097,43,3188736,,,
northrop-mall,cube,jpeg-residual-q80,view,constrained-mobile,stationary,2,100,0.12,1.25,1.25,0.8178161,9.581718,0.02439024,0.8780488,0.8780488,1.003594,0.185778,228337,97036.27,0,8,0,1069097,43,3188736,,,
northrop-mall,cube,jpeg-residual-q80,view,very-constrained,stationary,0.75,150,0.21,2.75,2.75,2.103244,10.99418,0.02439024,0.7317073,0.7317073,2.289022,0.185778,228337,97036.27,0,8,0,1069097,43,3188736,,,
northrop-mall,cube,jpeg-residual-q80,view-fill,fast,stationary,50,20,0.03,0.25,0.25,0,0,0.02439024,0.9756098,0.9756098,0.185778,0.185778,1081997,950696.3,0,43,0,1069097,43,18855936,,,
northrop-mall,cube,jpeg-residual-q80,view-fill,moderate-mobile,stationary,10,50,0.06,0.5,0.5,0.1927577,7.710308,0.02439024,0.9512195,0.9512195,0.3785357,0.185778,1081997,950696.3,0,43,0,1069097,43,18855936,,,
northrop-mall,cube,jpeg-residual-q80,view-fill,constrained-mobile,stationary,2,100,0.12,1.25,1.25,0.8178161,9.581718,0.02439024,0.8780488,0.8780488,1.003594,0.185778,1081997,950696.3,0,43,0,1069097,43,18855936,,,
northrop-mall,cube,jpeg-residual-q80,view-fill,very-constrained,stationary,0.75,150,0.21,2.75,2.75,2.103244,10.99418,0.02439024,0.7317073,0.7317073,2.289022,0.185778,894899.5,763598.8,0,43,0,1069097,43,15448064,,,
northrop-mall,cube,jpeg-residual-q80,global,fast,stationary,50,20,0.03,0.25,0.25,0,0,0.02439024,0.9756098,0.9756098,0.185778,0.185778,1081997,950696.3,0,43,0,1069097,43,18855936,,,
northrop-mall,cube,jpeg-residual-q80,global,moderate-mobile,stationary,10,50,0.06,1,1,0.3945026,7.710308,0.02439024,0.902439,0.902439,0.5802806,0.185778,1081997,950696.3,0,43,0,1069097,43,18855936,,,
northrop-mall,cube,jpeg-residual-q80,global,constrained-mobile,stationary,2,100,0.12,3.5,3.5,2.07154,10.99418,0.02439024,0.6585366,0.6585366,2.257318,0.185778,1081997,950696.3,0,43,0,1069097,43,18855936,,,
northrop-mall,cube,jpeg-residual-q80,global,very-constrained,stationary,0.75,150,0.21,9,9,5.432812,10.99418,0.02439024,0.1219512,0.1219512,5.61859,0.185778,904674,773373.3,0,43,0,1069097,43,16496640,,,
northrop-mall,cube,jpeg-replacement-q80,view,fast,stationary,50,20,0.03,0.25,0.25,0,0,0.02439024,0.9756098,0.9756098,0.2085119,0.2085119,274969,116317.2,0,8,0,1284862,43,3188736,,,
northrop-mall,cube,jpeg-replacement-q80,view,moderate-mobile,stationary,10,50,0.06,0.5,0.5,0.1923935,7.695739,0.02439024,0.9512195,0.9512195,0.4009054,0.2085119,274969,116317.2,0,8,0,1284862,43,3188736,,,
northrop-mall,cube,jpeg-replacement-q80,view,constrained-mobile,stationary,2,100,0.12,1.5,1.5,0.9731326,10.97144,0.02439024,0.8536585,0.8536585,1.181645,0.2085119,274969,116317.2,0,8,0,1284862,43,3188736,,,
northrop-mall,cube,jpeg-replacement-q80,view,very-constrained,stationary,0.75,150,0.21,3.25,3.25,2.414039,10.97144,0.02439024,0.6829268,0.6829268,2.622551,0.2085119,274969,116317.2,0,8,0,1284862,43,3188736,,,
northrop-mall,cube,jpeg-replacement-q80,view-fill,fast,stationary,50,20,0.03,0.25,0.25,0,0,0.02439024,0.9756098,0.9756098,0.2085119,0.2085119,1297762,1139110,0,43,0,1284862,43,18855936,,,
northrop-mall,cube,jpeg-replacement-q80,view-fill,moderate-mobile,stationary,10,50,0.06,0.5,0.5,0.1923935,7.695739,0.02439024,0.9512195,0.9512195,0.4009054,0.2085119,1297762,1139110,0,43,0,1284862,43,18855936,,,
northrop-mall,cube,jpeg-replacement-q80,view-fill,constrained-mobile,stationary,2,100,0.12,1.5,1.5,0.9731326,10.97144,0.02439024,0.8536585,0.8536585,1.181645,0.2085119,1297762,1139110,0,43,0,1284862,43,18855936,,,
northrop-mall,cube,jpeg-replacement-q80,view-fill,very-constrained,stationary,0.75,150,0.21,3.25,3.25,2.414039,10.97144,0.02439024,0.6829268,0.6829268,2.622551,0.2085119,894656.5,736004.7,0,36,0,1284862,43,11253760,,,
northrop-mall,cube,jpeg-replacement-q80,view-direct,fast,stationary,50,20,0.03,0.25,0.25,0,0,0.02439024,0.9756098,0.9756098,0.2085119,0.2085119,202347,86846.02,0,5,0,1284862,43,2414592,,,
northrop-mall,cube,jpeg-replacement-q80,view-direct,moderate-mobile,stationary,10,50,0.06,0.5,0.5,0.2420542,9.68217,0.02439024,0.9512195,0.9512195,0.4505661,0.2085119,202347,86846.02,0,5,0,1284862,43,2414592,,,
northrop-mall,cube,jpeg-replacement-q80,view-direct,constrained-mobile,stationary,2,100,0.12,1.25,1.25,1.044636,10.97144,0.02439024,0.8780488,0.8780488,1.253148,0.2085119,202347,86846.02,0,5,0,1284862,43,2414592,,,
northrop-mall,cube,jpeg-replacement-q80,view-direct,very-constrained,stationary,0.75,150,0.21,2.5,2.5,2.40817,10.97144,0.02439024,0.7560976,0.7560976,2.616682,0.2085119,202347,86846.02,0,5,0,1284862,43,2414592,,,
northrop-mall,cube,jpeg-replacement-q80,global,fast,stationary,50,20,0.03,0.25,0.25,0,0,0.02439024,0.9756098,0.9756098,0.2085119,0.2085119,1297762,1139110,0,43,0,1284862,43,18855936,,,
northrop-mall,cube,jpeg-replacement-q80,global,moderate-mobile,stationary,10,50,0.06,1,1,0.4346297,7.695739,0.02439024,0.902439,0.902439,0.6431416,0.2085119,1297762,1139110,0,43,0,1284862,43,18855936,,,
northrop-mall,cube,jpeg-replacement-q80,global,constrained-mobile,stationary,2,100,0.12,4.25,4.25,2.478626,10.97144,0.02439024,0.5853659,0.5853659,2.687138,0.2085119,1297762,1139110,0,43,0,1284862,43,18855936,,,
northrop-mall,cube,jpeg-replacement-q80,global,very-constrained,stationary,0.75,150,0.21,,,6.299116,10.97144,0.02439024,0,0,6.507628,0.2085119,905638,756395.5,0,36,0,1284862,43,10729472,,,
northrop-mall,cube,jpeg-replacement-q80-whole,global,fast,stationary,50,20,0.03,0.5,0.5,0.1211317,4.845266,0.02439024,0.9512195,0.9512195,0.3291013,0.2079697,1287939,1128690,0,25,0,1280439,25,18855936,,,
northrop-mall,cube,jpeg-replacement-q80-whole,global,moderate-mobile,stationary,10,50,0.06,1.25,1.25,0.555802,7.696281,0.02439024,0.8780488,0.8780488,0.7637717,0.2079697,1287939,1128690,0,25,0,1280439,25,18855936,,,
northrop-mall,cube,jpeg-replacement-q80-whole,global,constrained-mobile,stationary,2,100,0.12,5,5,2.929017,10.97198,0.02439024,0.5121951,0.5121951,3.136987,0.2079697,1287939,1128690,0,25,0,1280439,25,18855936,,,
northrop-mall,cube,jpeg-replacement-q80-whole,global,very-constrained,stationary,0.75,150,0.21,,,6.432094,10.97198,0.02439024,0,0,6.640064,0.2079697,905638,794413.3,0,25,0,1280439,25,7059456,,,
northrop-mall,cube,jpeg-replacement-q80-whole,view-direct,fast,stationary,50,20,0.03,0.25,0.25,0,0,0.02439024,0.9756098,0.9756098,0.2079697,0.2079697,200637,84538.36,0,2,0,1280439,25,2414592,,,
northrop-mall,cube,jpeg-replacement-q80-whole,view-direct,moderate-mobile,stationary,10,50,0.06,0.5,0.5,0.2742996,10.97198,0.02439024,0.9512195,0.9512195,0.4822693,0.2079697,200637,84538.36,0,2,0,1280439,25,2414592,,,
northrop-mall,cube,jpeg-replacement-q80-whole,view-direct,constrained-mobile,stationary,2,100,0.12,1.25,1.25,1.097198,10.97198,0.02439024,0.8780488,0.8780488,1.305168,0.2079697,200637,84538.36,0,2,0,1280439,25,2414592,,,
northrop-mall,cube,jpeg-replacement-q80-whole,view-direct,very-constrained,stationary,0.75,150,0.21,2.5,2.5,2.468697,10.97198,0.02439024,0.7560976,0.7560976,2.676666,0.2079697,200637,84538.36,0,2,0,1280439,25,2414592,,,
bookstore,cube,haar-residual-d12,view,fast,stationary,50,20,0.03,0.25,0.25,0,0,0.02439024,0.9756098,0.9756098,1.329471,1.329471,92305,48165.02,0,8,0,378140,43,3188736,,,
bookstore,cube,haar-residual-d12,view,moderate-mobile,stationary,10,50,0.07,0.25,0.25,0,0,0.02439024,0.9756098,0.9756098,1.329471,1.329471,92305,48165.02,0,8,0,378140,43,3188736,,,
bookstore,cube,haar-residual-d12,view,constrained-mobile,stationary,2,100,0.19,0.75,0.75,0.6104493,15.20125,0.02439024,0.9268293,0.9268293,1.93992,1.329471,92305,48165.02,0,8,0,378140,43,3188736,,,
bookstore,cube,haar-residual-d12,view,very-constrained,stationary,0.75,150,0.37,1.5,1.5,1.281352,15.20125,0.04878049,0.8536585,0.8536585,2.610823,1.329471,92305,48165.02,0,8,0,378140,43,3188736,,,
bookstore,cube,haar-residual-d12,view-fill,fast,stationary,50,20,0.03,0.25,0.25,0,0,0.02439024,0.9756098,0.9756098,1.329471,1.329471,391040,346900,0,43,0,378140,43,18855936,,,
bookstore,cube,haar-residual-d12,view-fill,moderate-mobile,stationary,10,50,0.07,0.25,0.25,0,0,0.02439024,0.9756098,0.9756098,1.329471,1.329471,391040,346900,0,43,0,378140,43,18855936,,,
bookstore,cube,haar-residual-d12,view-fill,constrained-mobile,stationary,2,100,0.19,0.75,0.75,0.6104493,15.20125,0.02439024,0.9268293,0.9268293,1.93992,1.329471,391040,346900,0,43,0,378140,43,18855936,,,
bookstore,cube,haar-residual-d12,view-fill,very-constrained,stationary,0.75,150,0.37,1.5,1.5,1.281352,15.20125,0.04878049,0.8536585,0.8536585,2.610823,1.329471,391040,346900,0,43,0,378140,43,18855936,,,
bookstore,cube,haar-residual-d12,global,fast,stationary,50,20,0.03,0.25,0.25,0,0,0.02439024,0.9756098,0.9756098,1.329471,1.329471,391040,346900,0,43,0,378140,43,18855936,,,
bookstore,cube,haar-residual-d12,global,moderate-mobile,stationary,10,50,0.07,0.5,0.5,0.230418,9.216721,0.02439024,0.9512195,0.9512195,1.559889,1.329471,391040,346900,0,43,0,378140,43,18855936,,,
bookstore,cube,haar-residual-d12,global,constrained-mobile,stationary,2,100,0.19,1.75,1.75,1.408554,15.20125,0.02439024,0.8292683,0.8292683,2.738025,1.329471,391040,346900,0,43,0,378140,43,18855936,,,
bookstore,cube,haar-residual-d12,global,very-constrained,stationary,0.75,150,0.37,4,4,3.409384,15.20125,0.04878049,0.6097561,0.6097561,4.738855,1.329471,391040,346900,0,43,0,378140,43,18855936,,,
bookstore,cube,haar-residual-d12-p0.5,view,fast,stationary,50,20,0.03,0.25,0.25,0,0,0.02439024,0.9756098,0.9756098,4.111157,4.111157,71697,34928.19,0,8,0,311390,43,3188736,,,
bookstore,cube,haar-residual-d12-p0.5,view,moderate-mobile,stationary,10,50,0.06,0.25,0.25,0,0,0.02439024,0.9756098,0.9756098,4.111157,4.111157,71697,34928.19,0,8,0,311390,43,3188736,,,
bookstore,cube,haar-residual-d12-p0.5,view,constrained-mobile,stationary,2,100,0.15,0.5,0.75,0.3821722,12.46921,0.02439024,0.9512195,0.9268293,4.49333,4.111157,71697,34928.19,0,8,0,311390,43,3188736,,,
bookstore,cube,haar-residual-d12-p0.5,view,very-constrained,stationary,0.75,150,0.26,1.25,1.25,0.6086841,10.12607,0.04878049,0.8780488,0.8780488,4.719841,4.111157,71697,34928.19,0,8,0,311390,43,3188736,,,
bookstore,cube,jpeg-residual-q80,view,fast,stationary,50,20,0.03,0.25,0.25,0,0,0.02439024,0.9756098,0.9756098,1.45035,1.45035,74400,33170.73,0,8,0,400791,43,3188736,,,
bookstore,cube,jpeg-residual-q80,view,moderate-mobile,stationary,10,50,0.06,0.25,0.25,0,0,0.02439024,0.9756098,0.9756098,1.45035,1.45035,74400,33170.73,0,8,0,400791,43,3188736,,,
bookstore,cube,jpeg-residual-q80,view,constrained-mobile,stationary,2,100,0.12,0.75,0.75,0.5755035,13.16202,0.02439024,0.9268293,0.9268293,2.025853,1.45035,74400,33170.73,0,8,0,400791,43,3188736,,,
bookstore,cube,jpeg-residual-q80,view,very-constrained,stationary,0.75,150,0.19,1.25,1.25,1.125731,15.45489,0.02439024,0.8780488,0.8780488,2.576081,1.45035,74400,33170.73,0,8,0,400791,43,3188736,,,
bookstore,cube,jpeg-residual-q80,view-fill,fast,stationary,50,20,0.03,0.25,0.25,0,0,0.02439024,0.9756098,0.9756098,1.45035,1.45035,413691,372461.7,0,43,0,400791,43,18855936,,,
bookstore,cube,jpeg-residual-q80,view-fill,moderate-mobile,stationary,10,50,0.06,0.25,0.25,0,0,0.02439024,0.9756098,0.9756098,1.45035,1.45035,413691,372461.7,0,43,0,400791,43,18855936,,,
bookstore,cube,jpeg-residual-q80,view-fill,constrained-mobile,stationary,2,100,0.12,0.75,0.75,0.5755035,13.16202,0.02439024,0.9268293,0.9268293,2.025853,1.45035,413691,372461.7,0,43,0,400791,43,18855936,,,
bookstore,cube,jpeg-residual-q80,view-fill,very-constrained,stationary,0.75,150,0.19,1.25,1.25,1.125731,15.45489,0.02439024,0.8780488,0.8780488,2.576081,1.45035,413691,372461.7,0,43,0,400791,43,18855936,,,
bookstore,cube,jpeg-residual-q80,global,fast,stationary,50,20,0.03,0.25,0.25,0,0,0.02439024,0.9756098,0.9756098,1.45035,1.45035,413691,372461.7,0,43,0,400791,43,18855936,,,
bookstore,cube,jpeg-residual-q80,global,moderate-mobile,stationary,10,50,0.06,0.75,0.75,0.3336281,9.858117,0.02439024,0.9268293,0.9268293,1.783978,1.45035,413691,372461.7,0,43,0,400791,43,18855936,,,
bookstore,cube,jpeg-residual-q80,global,constrained-mobile,stationary,2,100,0.12,1.75,1.75,1.306764,15.45489,0.02439024,0.8292683,0.8292683,2.757114,1.45035,413691,372461.7,0,43,0,400791,43,18855936,,,
bookstore,cube,jpeg-residual-q80,global,very-constrained,stationary,0.75,150,0.19,3.75,3.75,3.047545,15.45489,0.02439024,0.6341463,0.6341463,4.497895,1.45035,413691,372461.7,0,43,0,400791,43,18855936,,,
bookstore,cube,jpeg-replacement-q80,view,fast,stationary,50,20,0.03,0.25,0.25,0,0,0.02439024,0.9756098,0.9756098,1.391758,1.391758,90997,40071.67,0,8,0,483256,43,3188736,,,
bookstore,cube,jpeg-replacement-q80,view,moderate-mobile,stationary,10,50,0.06,0.25,0.25,0,0,0.02439024,0.9756098,0.9756098,1.391758,1.391758,90997,40071.67,0,8,0,483256,43,3188736,,,
bookstore,cube,jpeg-replacement-q80,view,constrained-mobile,stationary,2,100,0.12,0.75,0.75,0.6276533,15.51348,0.02439024,0.9268293,0.9268293,2.019411,1.391758,90997,40071.67,0,8,0,483256,43,3188736,,,
bookstore,cube,jpeg-replacement-q80,view,very-constrained,stationary,0.75,150,0.19,1.5,1.5,1.446675,15.51348,0.02439024,0.8536585,0.8536585,2.838433,1.391758,90997,40071.67,0,8,0,483256,43,3188736,,,
bookstore,cube,jpeg-replacement-q80,view-fill,fast,stationary,50,20,0.03,0.25,0.25,0,0,0.02439024,0.9756098,0.9756098,1.391758,1.391758,496156,445230.7,0,43,0,483256,43,18855936,,,
bookstore,cube,jpeg-replacement-q80,view-fill,moderate-mobile,stationary,10,50,0.06,0.25,0.25,0,0,0.02439024,0.9756098,0.9756098,1.391758,1.391758,496156,445230.7,0,43,0,483256,43,18855936,,,
bookstore,cube,jpeg-replacement-q80,view-fill,constrained-mobile,stationary,2,100,0.12,0.75,0.75,0.6276533,15.51348,0.02439024,0.9268293,0.9268293,2.019411,1.391758,496156,445230.7,0,43,0,483256,43,18855936,,,
bookstore,cube,jpeg-replacement-q80,view-fill,very-constrained,stationary,0.75,150,0.19,1.5,1.5,1.446675,15.51348,0.02439024,0.8536585,0.8536585,2.838433,1.391758,496156,445230.7,0,43,0,483256,43,18855936,,,
bookstore,cube,jpeg-replacement-q80,view-direct,fast,stationary,50,20,0.03,0.25,0.25,0,0,0.02439024,0.9756098,0.9756098,1.391758,1.391758,61901,28264.05,0,5,0,483256,43,2414592,,,
bookstore,cube,jpeg-replacement-q80,view-direct,moderate-mobile,stationary,10,50,0.06,0.25,0.25,0,0,0.02439024,0.9756098,0.9756098,1.391758,1.391758,61901,28264.05,0,5,0,483256,43,2414592,,,
bookstore,cube,jpeg-replacement-q80,view-direct,constrained-mobile,stationary,2,100,0.12,0.5,0.5,0.3878371,15.51348,0.02439024,0.9512195,0.9512195,1.779595,1.391758,61901,28264.05,0,5,0,483256,43,2414592,,,
bookstore,cube,jpeg-replacement-q80,view-direct,very-constrained,stationary,0.75,150,0.19,1,1,1.157642,15.51348,0.02439024,0.902439,0.902439,2.5494,1.391758,61901,28264.05,0,5,0,483256,43,2414592,,,
bookstore,cube,jpeg-replacement-q80,global,fast,stationary,50,20,0.03,0.25,0.25,0,0,0.02439024,0.9756098,0.9756098,1.391758,1.391758,496156,445230.7,0,43,0,483256,43,18855936,,,
bookstore,cube,jpeg-replacement-q80,global,moderate-mobile,stationary,10,50,0.06,0.75,0.75,0.3939449,9.901779,0.02439024,0.9268293,0.9268293,1.785703,1.391758,496156,445230.7,0,43,0,483256,43,18855936,,,
bookstore,cube,jpeg-replacement-q80,global,constrained-mobile,stationary,2,100,0.12,2,2,1.652561,15.51348,0.02439024,0.804878,0.804878,3.044318,1.391758,496156,445230.7,0,43,0,483256,43,18855936,,,
bookstore,cube,jpeg-replacement-q80,global,very-constrained,stationary,0.75,150,0.19,4.5,4.5,3.705174,15.51348,0.02439024,0.5609756,0.5609756,5.096932,1.391758,496156,445230.7,0,43,0,483256,43,18855936,,,
bookstore,cube,jpeg-replacement-q80-whole,global,fast,stationary,50,20,0.03,0.25,0.25,0,0,0.02439024,0.9756098,0.9756098,1.389948,1.389948,485215,434233.3,0,25,0,477715,25,18855936,,,
bookstore,cube,jpeg-replacement-q80-whole,global,moderate-mobile,stationary,10,50,0.06,0.75,0.75,0.3940354,9.903588,0.02439024,0.9268293,0.9268293,1.783984,1.389948,485215,434233.3,0,25,0,477715,25,18855936,,,
bookstore,cube,jpeg-replacement-q80-whole,global,constrained-mobile,stationary,2,100,0.12,2.25,2.25,1.799323,15.51529,0.02439024,0.7804878,0.7804878,3.189271,1.389948,485215,434233.3,0,25,0,477715,25,18855936,,,
bookstore,cube,jpeg-replacement-q80-whole,global,very-constrained,stationary,0.75,150,0.19,5.5,5.5,4.291726,15.51529,0.02439024,0.4634146,0.4634146,5.681674,1.389948,485215,434233.3,0,25,0,477715,25,18855936,,,
bookstore,cube,jpeg-replacement-q80-whole,view-direct,fast,stationary,50,20,0.03,0.25,0.25,0,0,0.02439024,0.9756098,0.9756098,1.389948,1.389948,60170,26476.67,0,2,0,477715,25,2414592,,,
bookstore,cube,jpeg-replacement-q80-whole,view-direct,moderate-mobile,stationary,10,50,0.06,0.25,0.25,0,0,0.02439024,0.9756098,0.9756098,1.389948,1.389948,60170,26476.67,0,2,0,477715,25,2414592,,,
bookstore,cube,jpeg-replacement-q80-whole,view-direct,constrained-mobile,stationary,2,100,0.12,0.5,0.5,0.3878823,15.51529,0.02439024,0.9512195,0.9512195,1.777831,1.389948,60170,26476.67,0,2,0,477715,25,2414592,,,
bookstore,cube,jpeg-replacement-q80-whole,view-direct,very-constrained,stationary,0.75,150,0.19,1,1,1.163647,15.51529,0.02439024,0.902439,0.902439,2.553595,1.389948,60170,26476.67,0,2,0,477715,25,2414592,,,
superblock,cube,haar-residual-d12,view,fast,stationary,50,20,0.03,0.25,0.25,0,0,0.02439024,0.9756098,0.9756098,0.817048,0.817048,172104,85410.92,0,8,0,1674250,43,3188736,,,
superblock,cube,haar-residual-d12,view,moderate-mobile,stationary,10,50,0.08,0.5,0.5,0.2010776,8.043104,0.02439024,0.9512195,0.9512195,1.018126,0.817048,172104,85410.92,0,8,0,1674250,43,3188736,,,
superblock,cube,haar-residual-d12,view,constrained-mobile,stationary,2,100,0.22,1,1,0.7099423,12.31148,0.02439024,0.902439,0.902439,1.52699,0.817048,172104,85410.92,0,8,0,1674250,43,3188736,,,
superblock,cube,haar-residual-d12,view,very-constrained,stationary,0.75,150,0.46,2.25,2.25,1.811789,12.31148,0.04878049,0.7804878,0.7804878,2.628837,0.817048,172104,85410.92,0,8,0,1674250,43,3188736,,,
superblock,cube,haar-residual-d12,view-fill,fast,stationary,50,20,0.03,0.25,0.25,0,0,0.02439024,0.9756098,0.9756098,0.817048,0.817048,1687150,1600457,0,43,0,1674250,43,18855936,,,
superblock,cube,haar-residual-d12,view-fill,moderate-mobile,stationary,10,50,0.08,0.5,0.5,0.2010776,8.043104,0.02439024,0.9512195,0.9512195,1.018126,0.817048,1687150,1600457,0,43,0,1674250,43,18855936,,,
superblock,cube,haar-residual-d12,view-fill,constrained-mobile,stationary,2,100,0.22,1,1,0.7099423,12.31148,0.02439024,0.902439,0.902439,1.52699,0.817048,1687150,1600457,0,43,0,1674250,43,18855936,,,
superblock,cube,haar-residual-d12,view-fill,very-constrained,stationary,0.75,150,0.46,2.25,2.25,1.811789,12.31148,0.04878049,0.7804878,0.7804878,2.628837,0.817048,895854,809160.9,0,26,0,1674250,43,5289984,,,
superblock,cube,haar-residual-d12,global,fast,stationary,50,20,0.03,0.5,0.5,0.1148969,4.595877,0.02439024,0.9512195,0.9512195,0.9319449,0.817048,1687150,1600457,0,43,0,1674250,43,18855936,,,
superblock,cube,haar-residual-d12,global,moderate-mobile,stationary,10,50,0.08,1.25,1.25,0.6801723,10.56552,0.02439024,0.8780488,0.8780488,1.49722,0.817048,1687150,1600457,0,43,0,1674250,43,18855936,,,
superblock,cube,haar-residual-d12,global,constrained-mobile,stationary,2,100,0.22,4.5,4.75,3.067491,12.31148,0.02439024,0.5609756,0.5365854,3.884539,0.817048,1687150,1600457,0,43,0,1674250,43,18855936,,,
superblock,cube,haar-residual-d12,global,very-constrained,stationary,0.75,150,0.46,,,7.168477,12.31148,0.04878049,0,0,7.985525,0.817048,909930,867487.9,0,28,0,1674250,43,6010880,,,
superblock,cube,haar-residual-d12-p0.5,view,fast,stationary,50,20,0.03,0.25,0.25,0,0,0.02439024,0.9756098,0.9756098,2.676006,2.676006,143985,68720.02,0,8,0,1505846,43,3188736,,,
superblock,cube,haar-residual-d12-p0.5,view,moderate-mobile,stationary,10,50,0.07,0.25,0.5,0.07164744,2.865898,0.02439024,0.9756098,0.9512195,2.747654,2.676006,143985,68720.02,0,8,0,1505846,43,3188736,,,
superblock,cube,haar-residual-d12-p0.5,view,constrained-mobile,stationary,2,100,0.18,0.75,1,0.4945004,10.48818,0.02439024,0.9268293,0.902439,3.170507,2.676006,143985,68720.02,0,8,0,1505846,43,3188736,,,
superblock,cube,haar-residual-d12-p0.5,view,very-constrained,stationary,0.75,150,0.35,2,2,1.214218,10.48818,0.04878049,0.804878,0.804878,3.890225,2.676006,143985,68720.02,0,8,0,1505846,43,3188736,,,
superblock,cube,jpeg-residual-q80,view,fast,stationary,50,20,0.03,0.25,0.25,0,0,0.02439024,0.9756098,0.9756098,1.647014,1.647014,119194,52299.72,0,8,0,1159751,43,3188736,,,
superblock,cube,jpeg-residual-q80,view,moderate-mobile,stationary,10,50,0.06,0.5,0.5,0.1052794,4.211175,0.02439024,0.9512195,0.9512195,1.752293,1.647014,119194,52299.72,0,8,0,1159751,43,3188736,,,
superblock,cube,jpeg-residual-q80,view,constrained-mobile,stationary,2,100,0.12,0.75,0.75,0.4664088,10.49709,0.02439024,0.9268293,0.9268293,2.113423,1.647014,119194,52299.72,0,8,0,1159751,43,3188736,,,
superblock,cube,jpeg-residual-q80,view,very-constrained,stationary,0.75,150,0.21,1.75,1.75,1.22526,12.16215,0.02439024,0.8292683,0.8292683,2.872274,1.647014,119194,52299.72,0,8,0,1159751,43,3188736,,,
superblock,cube,jpeg-residual-q80,view-fill,fast,stationary,50,20,0.03,0.25,0.25,0,0,0.02439024,0.9756098,0.9756098,1.647014,1.647014,1172651,1105757,0,43,0,1159751,43,18855936,,,
superblock,cube,jpeg-residual-q80,view-fill,moderate-mobile,stationary,10,50,0.06,0.5,0.5,0.1052794,4.211175,0.02439024,0.9512195,0.9512195,1.752293,1.647014,1172651,1105757,0,43,0,1159751,43,18855936,,,
superblock,cube,jpeg-residual-q80,view-fill,constrained-mobile,stationary,2,100,0.12,0.75,0.75,0.4664088,10.49709,0.02439024,0.9268293,0.9268293,2.113423,1.647014,1172651,1105757,0,43,0,1159751,43,18855936,,,
superblock,cube,jpeg-residual-q80,view-fill,very-constrained,stationary,0.75,150,0.21,1.75,1.75,1.22526,12.16215,0.02439024,0.8292683,0.8292683,2.872274,1.647014,890366.5,823472.2,0,40,0,1159751,43,13088768,,,
superblock,cube,jpeg-residual-q80,global,fast,stationary,50,20,0.03,0.25,0.25,0,0,0.02439024,0.9756098,0.9756098,1.647014,1.647014,1172651,1105757,0,43,0,1159751,43,18855936,,,
superblock,cube,jpeg-residual-q80,global,moderate-mobile,stationary,10,50,0.06,0.75,0.75,0.3336915,8.159265,0.02439024,0.9268293,0.9268293,1.980705,1.647014,1172651,1105757,0,43,0,1159751,43,18855936,,,
superblock,cube,jpeg-residual-q80,global,constrained-mobile,stationary,2,100,0.12,3,3.25,1.867868,12.16215,0.02439024,0.7073171,0.6829268,3.514882,1.647014,1172651,1105757,0,43,0,1159751,43,18855936,,,
superblock,cube,jpeg-residual-q80,global,very-constrained,stationary,0.75,150,0.21,7.75,8.25,4.932884,12.16215,0.02439024,0.2439024,0.195122,6.579898,1.647014,898290,831395.7,0,40,0,1159751,43,13088768,,,
superblock,cube,jpeg-replacement-q80,view,fast,stationary,50,20,0.03,0.25,0.25,0,0,0.02439024,0.9756098,0.9756098,1.645294,1.645294,145767,63379.45,0,8,0,1415932,43,3188736,,,
superblock,cube,jpeg-replacement-q80,view,moderate-mobile,stationary,10,50,0.06,0.25,0.25,0,0,0.02439024,0.9756098,0.9756098,1.645294,1.645294,145767,63379.45,0,8,0,1415932,43,3188736,,,
superblock,cube,jpeg-replacement-q80,view,constrained-mobile,stationary,2,100,0.12,1,1,0.6137491,12.16387,0.02439024,0.902439,0.902439,2.259043,1.645294,145767,63379.45,0,8,0,1415932,43,3188736,,,
superblock,cube,jpeg-replacement-q80,view,very-constrained,stationary,0.75,150,0.21,2,2,1.56267,12.16387,0.02439024,0.804878,0.804878,3.207964,1.645294,145767,63379.45,0,8,0,1415932,43,3188736,,,
superblock,cube,jpeg-replacement-q80,view-fill,fast,stationary,50,20,0.03,0.25,0.25,0,0,0.02439024,0.9756098,0.9756098,1.645294,1.645294,1428832,1346444,0,43,0,1415932,43,18855936,,,
superblock,cube,jpeg-replacement-q80,view-fill,moderate-mobile,stationary,10,50,0.06,0.25,0.25,0,0,0.02439024,0.9756098,0.9756098,1.645294,1.645294,1428832,1346444,0,43,0,1415932,43,18855936,,,
superblock,cube,jpeg-replacement-q80,view-fill,constrained-mobile,stationary,2,100,0.12,1,1,0.6137491,12.16387,0.02439024,0.902439,0.902439,2.259043,1.645294,1428832,1346444,0,43,0,1415932,43,18855936,,,
superblock,cube,jpeg-replacement-q80,view-fill,very-constrained,stationary,0.75,150,0.21,2,2,1.56267,12.16387,0.02439024,0.804878,0.804878,3.207964,1.645294,893700.5,811312.9,0,35,0,1415932,43,10205184,,,
superblock,cube,jpeg-replacement-q80,view-direct,fast,stationary,50,20,0.03,0.25,0.25,0,0,0.02439024,0.9756098,0.9756098,1.645294,1.645294,105848,47179.68,0,5,0,1415932,43,2414592,,,
superblock,cube,jpeg-replacement-q80,view-direct,moderate-mobile,stationary,10,50,0.06,0.25,0.25,0,0,0.02439024,0.9756098,0.9756098,1.645294,1.645294,105848,47179.68,0,5,0,1415932,43,2414592,,,
superblock,cube,jpeg-replacement-q80,view-direct,constrained-mobile,stationary,2,100,0.12,0.75,0.75,0.5768641,12.16387,0.02439024,0.9268293,0.9268293,2.222158,1.645294,105848,47179.68,0,5,0,1415932,43,2414592,,,
superblock,cube,jpeg-replacement-q80,view-direct,very-constrained,stationary,0.75,150,0.21,1.5,1.5,1.487172,12.16387,0.02439024,0.8536585,0.8536585,3.132466,1.645294,105848,47179.68,0,5,0,1415932,43,2414592,,,
superblock,cube,jpeg-replacement-q80,global,fast,stationary,50,20,0.03,0.25,0.25,0,0,0.02439024,0.9756098,0.9756098,1.645294,1.645294,1428832,1346444,0,43,0,1415932,43,18855936,,,
superblock,cube,jpeg-replacement-q80,global,moderate-mobile,stationary,10,50,0.06,1,1,0.4526316,8.166897,0.02439024,0.902439,0.902439,2.097926,1.645294,1428832,1346444,0,43,0,1415932,43,18855936,,,
superblock,cube,jpeg-replacement-q80,global,constrained-mobile,stationary,2,100,0.12,3.75,4,2.304831,12.16387,0.02439024,0.6341463,0.6097561,3.950125,1.645294,1428832,1346444,0,43,0,1415932,43,18855936,,,
superblock,cube,jpeg-replacement-q80,global,very-constrained,stationary,0.75,150,0.21,9.25,10,5.942546,12.16387,0.02439024,0.09756098,0.02439024,7.58784,1.645294,898673.5,816285.9,0,37,0,1415932,43,11778048,,,
superblock,cube,jpeg-replacement-q80-whole,global,fast,stationary,50,20,0.03,0.5,0.5,0.1242474,4.969896,0.02439024,0.9512195,0.9512195,1.768828,1.644581,1418255,1335555,0,25,0,1410755,25,18855936,,,
superblock,cube,jpeg-replacement-q80-whole,global,moderate-mobile,stationary,10,50,0.06,1.25,1.25,0.5769324,8.16761,0.02439024,0.8780488,0.8780488,2.221513,1.644581,1418255,1335555,0,25,0,1410755,25,18855936,,,
superblock,cube,jpeg-replacement-q80-whole,global,constrained-mobile,stationary,2,100,0.12,4.25,4.25,2.545669,12.16459,0.02439024,0.5853659,0.5853659,4.19025,1.644581,1418255,1335555,0,25,0,1410755,25,18855936,,,
superblock,cube,jpeg-replacement-q80-whole,global,very-constrained,stationary,0.75,150,0.21,,,6.383219,12.16459,0.02439024,0,0,8.0278,1.644581,898673.5,822128.5,0,25,0,1410755,25,4700160,,,
superblock,cube,jpeg-replacement-q80-whole,view-direct,fast,stationary,50,20,0.03,0.25,0.25,0,0,0.02439024,0.9756098,0.9756098,1.644581,1.644581,104023,45042.23,0,2,0,1410755,25,2414592,,,
superblock,cube,jpeg-replacement-q80-whole,view-direct,moderate-mobile,stationary,10,50,0.06,0.25,0.25,0,0,0.02439024,0.9756098,0.9756098,1.644581,1.644581,104023,45042.23,0,2,0,1410755,25,2414592,,,
superblock,cube,jpeg-replacement-q80-whole,view-direct,constrained-mobile,stationary,2,100,0.12,0.75,0.75,0.6082293,12.16459,0.02439024,0.9268293,0.9268293,2.25281,1.644581,104023,45042.23,0,2,0,1410755,25,2414592,,,
superblock,cube,jpeg-replacement-q80-whole,view-direct,very-constrained,stationary,0.75,150,0.21,1.5,1.5,1.520573,12.16459,0.02439024,0.8536585,0.8536585,3.165154,1.644581,104023,45042.23,0,2,0,1410755,25,2414592,,,
northrop-mall,cube,haar-residual-d12,view,fast,quick-turn,50,20,0.03,0.25,0.25,0.02690012,1.076005,0.02439024,0.9756098,0.9512195,-0.6983261,-0.7198897,1022510,509038.6,0,32,0,1394071,43,12576768,0,0.15,0.15
northrop-mall,cube,haar-residual-d12,view,moderate-mobile,quick-turn,10,50,0.08,0.5,0.5,0.6566511,9.52355,0.02439024,0.902439,0.902439,-0.06857511,-0.7198897,967568,454096.6,0,30,0,1394071,43,11790336,0,0.15,0.15
northrop-mall,cube,haar-residual-d12,view,constrained-mobile,quick-turn,2,100,0.21,1.5,1.5,2.498938,11.36053,0.02439024,0.7073171,0.7073171,1.773711,-0.7198897,683364,245119.3,61757,27,9,1394071,43,6543360,9.741284,1.15,1.15
northrop-mall,cube,haar-residual-d12,view,very-constrained,quick-turn,0.75,150,0.43,5.75,5.75,5.1348,11.53234,0.04878049,0.4390244,0.4390244,4.403964,-0.7198897,484273,161595.9,141884.9,20,9,1394071,43,3409920,9.741284,3.15,3.15
northrop-mall,cube,haar-residual-d12,view-fill,fast,quick-turn,50,20,0.03,0.25,0.25,0,0,0.02439024,0.9756098,0.9756098,-0.7252262,-0.7198897,1406971,893499.6,0,43,0,1394071,43,18855936,0,0.15,0.15
northrop-mall,cube,haar-residual-d12,view-fill,moderate-mobile,quick-turn,10,50,0.08,0.5,0.5,0.198087,7.92348,0.02439024,0.9512195,0.9512195,-0.5271392,-0.7198897,1406971,893499.6,0,43,0,1394071,43,18855936,0,0.15,0.15
northrop-mall,cube,haar-residual-d12,view-fill,constrained-mobile,quick-turn,2,100,0.21,1.5,1.5,2.363172,11.36053,0.02439024,0.7073171,0.7073171,1.637946,-0.7198897,1551840,972059.6,144869,55,12,1394071,43,18855936,9.741284,1.15,1.15
northrop-mall,cube,haar-residual-d12,view-fill,very-constrained,quick-turn,0.75,150,0.43,5.75,5.75,5.1348,11.53234,0.04878049,0.4390244,0.4390244,4.403964,-0.7198897,891148,428750.1,141884.9,37,9,1394071,43,6928384,9.741284,3.15,3.15
northrop-mall,cube,haar-residual-d12,global,fast,quick-turn,50,20,0.03,0.25,0.25,0,0,0.02439024,0.9756098,0.9756098,-0.7252262,-0.7198897,1406971,893499.6,0,43,0,1394071,43,18855936,0,0.15,0.15
northrop-mall,cube,haar-residual-d12,global,moderate-mobile,quick-turn,10,50,0.08,1,1,0.567574,9.915405,0.02439024,0.902439,0.902439,-0.1576522,-0.7198897,1406971,893499.6,0,43,0,1394071,43,18855936,0,0.15,0.15
northrop-mall,cube,haar-residual-d12,global,constrained-mobile,quick-turn,2,100,0.21,5,5,3.311807,11.36053,0.02439024,0.5121951,0.5121951,2.586581,-0.7198897,1406971,893499.6,0,43,0,1394071,43,18855936,7.783658,2.4,2.4
northrop-mall,cube,haar-residual-d12,global,very-constrained,quick-turn,0.75,150,0.43,,,7.556961,11.36053,0.04878049,0,0,6.826124,-0.7198897,909719.5,544109.8,0,33,0,1394071,43,9418752,9.741284,,
northrop-mall,cube,haar-residual-d12-p0.5,view,fast,quick-turn,50,20,0.03,0.25,0.25,0.02202343,0.8809373,0.02439024,0.9756098,0.9756098,0.1584627,0.1392989,919030,452977.1,0,32,0,1273056,43,12576768,0,0.15,0.15
northrop-mall,cube,haar-residual-d12-p0.5,view,moderate-mobile,quick-turn,10,50,0.07,0.5,0.5,0.541907,8.645824,0.02439024,0.902439,0.902439,0.6783462,0.1392989,887990.4,421937.5,100725.4,32,2,1273056,43,11200512,0,0.15,0.15
northrop-mall,cube,haar-residual-d12-p0.5,view,constrained-mobile,quick-turn,2,100,0.16,1.5,1.5,2.195223,10.6145,0.02439024,0.7073171,0.7073171,2.331662,0.1392989,621848.8,221032.3,57686.75,29,9,1273056,43,6727680,7.00757,1.15,1.15
northrop-mall,cube,haar-residual-d12-p0.5,view,very-constrained,quick-turn,0.75,150,0.31,5.5,5.5,4.289836,10.6145,0.04878049,0.4634146,0.4634146,4.423269,0.1392989,466879.1,153439.2,142032.1,25,12,1273056,43,3446784,8.899018,2.9,2.9
northrop-mall,cube,jpeg-residual-q80,view,fast,quick-turn,50,20,0.03,0.25,0.25,0.02769426,1.10777,0.02439024,0.9756098,0.9512195,0.007910154,-0.01477039,762448,367192.7,0,32,0,1069097,43,12576768,0,0.15,0.15
northrop-mall,cube,jpeg-residual-q80,view,moderate-mobile,quick-turn,10,50,0.06,0.5,0.5,0.5459671,7.710308,0.02439024,0.902439,0.902439,0.526183,-0.01477039,773652.4,378397.1,57785.44,33,2,1069097,43,12052480,0,0.15,0.15
northrop-mall,cube,jpeg-residual-q80,view,constrained-mobile,quick-turn,2,100,0.12,1.25,1.25,1.809255,10.98281,0.02439024,0.7560976,0.7560976,1.78947,-0.01477039,517007,178944.2,59221,29,9,1069097,43,6727680,7.643767,0.9,0.9
northrop-mall,cube,jpeg-residual-q80,view,very-constrained,quick-turn,0.75,150,0.21,5,5,3.985563,11.2587,0.02439024,0.5121951,0.5121951,3.965779,-0.01477039,420926.7,135490.1,130159.7,27,13,1069097,43,3446784,9.461441,2.4,2.4
northrop-mall,cube,jpeg-residual-q80,view-fill,fast,quick-turn,50,20,0.03,0.25,0.25,0,0,0.02439024,0.9756098,0.9756098,-0.0197841,-0.01477039,1081997,686741.7,0,43,0,1069097,43,18855936,0,0.15,0.15
northrop-mall,cube,jpeg-residual-q80,view-fill,moderate-mobile,quick-turn,10,50,0.06,0.5,0.5,0.1927577,7.710308,0.02439024,0.9512195,0.9512195,0.1729736,-0.01477039,1081997,686741.7,0,43,0,1069097,43,18855936,0,0.15,0.15
northrop-mall,cube,jpeg-residual-q80,view-fill,constrained-mobile,quick-turn,2,100,0.12,1.25,1.25,1.602721,9.581718,0.02439024,0.7560976,0.7560976,1.582937,-0.01477039,1198564,764384.6,116567,50,7,1069097,43,18855936,7.643767,0.9,0.9
northrop-mall,cube,jpeg-residual-q80,view-fill,very-constrained,quick-turn,0.75,150,0.21,5,5,3.985563,11.2587,0.02439024,0.5121951,0.5121951,3.965779,-0.01477039,884051.7,460912,130159.7,52,13,1069097,43,12564480,9.461441,2.4,2.4
northrop-mall,cube,jpeg-residual-q80,global,fast,quick-turn,50,20,0.03,0.25,0.25,0,0,0.02439024,0.9756098,0.9756098,-0.0197841,-0.01477039,1081997,686741.7,0,43,0,1069097,43,18855936,0,0.15,0.15
northrop-mall,cube,jpeg-residual-q80,global,moderate-mobile,quick-turn,10,50,0.06,1,1,0.3945026,7.710308,0.02439024,0.902439,0.902439,0.3747185,-0.01477039,1081997,686741.7,0,43,0,1069097,43,18855936,0,0.15,0.15
northrop-mall,cube,jpeg-residual-q80,global,constrained-mobile,quick-turn,2,100,0.12,2.25,3.75,2.17897,10.99418,0.02439024,0.6585366,0.6341463,2.159186,-0.01477039,1081997,686741.7,0,43,0,1069097,43,18855936,4.815604,1.15,1.15
northrop-mall,cube,jpeg-residual-q80,global,very-constrained,quick-turn,0.75,150,0.21,9.5,10,5.917014,10.99418,0.02439024,0.07317073,0.02439024,5.89723,-0.01477039,904674,509418.7,0,43,0,1069097,43,16496640,7.643767,6.9,7.4
northrop-mall,cube,jpeg-replacement-q80,view,fast,quick-turn,50,20,0.03,0.25,0.25,0.02751924,1.10077,0.02439024,0.9756098,0.9512195,0.03240762,0.009854804,915198,438356.6,0,32,0,1284862,43,12576768,0,0.15,0.15
northrop-mall,cube,jpeg-replacement-q80,view,moderate-mobile,quick-turn,10,50,0.06,0.5,0.5,0.5453075,7.695739,0.02439024,0.902439,0.902439,0.5501959,0.009854804,860086,383244.6,0,31,0,1284862,43,12052480,0,0.15,0.15
northrop-mall,cube,jpeg-replacement-q80,view,constrained-mobile,quick-turn,2,100,0.12,1.5,1.5,2.165207,10.97144,0.02439024,0.7073171,0.7073171,2.170095,0.009854804,607155,207852.3,55223,29,9,1284862,43,6727680,7.627813,1.15,1.15
northrop-mall,cube,jpeg-replacement-q80,view,very-constrained,quick-turn,0.75,150,0.21,5.25,5.5,4.488142,11.12131,0.02439024,0.4878049,0.4634146,4.493031,0.009854804,457079.1,142220.2,151953.1,25,13,1284862,43,3672064,9.449175,2.65,2.9
northrop-mall,cube,jpeg-replacement-q80,view-fill,fast,quick-turn,50,20,0.03,0.25,0.25,0,0,0.02439024,0.9756098,0.9756098,0.004888377,0.009854804,1297762,820920.6,0,43,0,1284862,43,18855936,0,0.15,0.15
northrop-mall,cube,jpeg-replacement-q80,view-fill,moderate-mobile,quick-turn,10,50,0.06,0.5,0.5,0.1923935,7.695739,0.02439024,0.9512195,0.9512195,0.1972818,0.009854804,1297762,820920.6,0,43,0,1284862,43,18855936,0,0.15,0.15
northrop-mall,cube,jpeg-replacement-q80,view-fill,constrained-mobile,quick-turn,2,100,0.12,1.5,1.5,2.086492,10.97144,0.02439024,0.7073171,0.7073171,2.09138,0.009854804,1443368,910075.2,145606,53,10,1284862,43,18855936,7.627813,1.15,1.15
northrop-mall,cube,jpeg-replacement-q80,view-fill,very-constrained,quick-turn,0.75,150,0.21,5.25,5.5,4.488142,11.12131,0.02439024,0.4878049,0.4634146,4.493031,0.009854804,877079.1,423537.7,151953.1,46,13,1284862,43,9156608,9.449175,2.65,2.9
northrop-mall,cube,jpeg-replacement-q80,view-direct,fast,quick-turn,50,20,0.03,0.25,0.25,0.1039728,4.158914,0.02439024,0.9512195,0.9512195,0.1088612,0.009854804,624711,279319.6,0,17,0,1284862,43,8706048,0,0.15,0.15
northrop-mall,cube,jpeg-replacement-q80,view-direct,moderate-mobile,quick-turn,10,50,0.06,0.5,0.5,0.7751605,10.76236,0.02439024,0.902439,0.902439,0.7800489,0.009854804,624711,279319.6,0,17,0,1284862,43,8706048,0,0.15,0.15
northrop-mall,cube,jpeg-replacement-q80,view-direct,constrained-mobile,quick-turn,2,100,0.12,1.25,1.25,2.401553,11.25502,0.02439024,0.7560976,0.7560976,2.406441,0.009854804,495401,196457.3,69856,17,5,1284862,43,5822464,10.88414,0.9,0.9
northrop-mall,cube,jpeg-replacement-q80,view-direct,very-constrained,quick-turn,0.75,150,0.21,5,5,5.102156,11.25502,0.02439024,0.5121951,0.5121951,5.107045,0.009854804,425783.8,161329,83638.75,17,7,1284862,43,4511744,10.88414,2.4,2.4
northrop-mall,cube,jpeg-replacement-q80,global,fast,quick-turn,50,20,0.03,0.25,0.25,0,0,0.02439024,0.9756098,0.9756098,0.004888377,0.009854804,1297762,820920.6,0,43,0,1284862,43,18855936,0,0.15,0.15
northrop-mall,cube,jpeg-replacement-q80,global,moderate-mobile,quick-turn,10,50,0.06,1,1,0.4346297,7.695739,0.02439024,0.902439,0.902439,0.4395181,0.009854804,1297762,820920.6,0,43,0,1284862,43,18855936,0,0.15,0.15
northrop-mall,cube,jpeg-replacement-q80,global,constrained-mobile,quick-turn,2,100,0.12,4.5,4.5,2.629163,10.97144,0.02439024,0.5609756,0.5609756,2.634051,0.009854804,1297762,820920.6,0,43,0,1284862,43,18855936,4.793048,1.9,1.9
northrop-mall,cube,jpeg-replacement-q80,global,very-constrained,quick-turn,0.75,150,0.21,,,6.405774,10.97144,0.02439024,0,0,6.410662,0.009854804,905638,498272.6,0,36,0,1284862,43,10729472,7.627813,,
northrop-mall,cube,jpeg-replacement-q80-whole,global,fast,quick-turn,50,20,0.03,0.5,0.5,0.1211317,4.845266,0.02439024,0.9512195,0.9512195,0.1251423,0.008985254,1287939,800467.3,0,25,0,1280439,25,18855936,0,0.15,0.15
northrop-mall,cube,jpeg-replacement-q80-whole,global,moderate-mobile,quick-turn,10,50,0.06,1.25,1.25,0.555802,7.696281,0.02439024,0.8780488,0.8780488,0.5598126,0.008985254,1287939,800467.3,0,25,0,1280439,25,18855936,0,0.15,0.15
northrop-mall,cube,jpeg-replacement-q80-whole,global,constrained-mobile,quick-turn,2,100,0.12,5.25,5.25,3.044359,10.97198,0.02439024,0.4878049,0.4878049,3.04837,0.008985254,1287939,800467.3,0,25,0,1280439,25,18855936,4.794039,2.65,2.65
northrop-mall,cube,jpeg-replacement-q80-whole,global,very-constrained,quick-turn,0.75,150,0.21,,,6.406651,10.97198,0.02439024,0,0,6.410662,0.008985254,905638,546511.1,0,25,0,1280439,25,7059456,7.628804,,
northrop-mall,cube,jpeg-replacement-q80-whole,view-direct,fast,quick-turn,50,20,0.03,0.25,0.25,0,0,0.02439024,0.9756098,0.9756098,0.004010643,0.008985254,816417,460395.3,0,6,0,1280439,25,11851776,0,0.15,0.15
northrop-mall,cube,jpeg-replacement-q80-whole,view-direct,moderate-mobile,quick-turn,10,50,0.06,0.5,0.5,0.8074314,10.97198,0.02439024,0.902439,0.902439,0.8114421,0.008985254,816417,460395.3,0,6,0,1280439,25,11851776,0,0.15,0.15
northrop-mall,cube,jpeg-replacement-q80-whole,view-direct,constrained-mobile,quick-turn,2,100,0.12,1.25,1.25,3.547545,11.25593,0.02439024,0.6585366,0.6585366,3.551556,0.008985254,816417,460395.3,0,6,0,1280439,25,11851776,10.88513,1.9,1.9
northrop-mall,cube,jpeg-replacement-q80-whole,view-direct,very-constrained,quick-turn,0.75,150,0.21,8.5,8.5,9.036892,12.08581,0.02439024,0.1707317,0.1707317,9.040903,0.008985254,816417,460395.3,0,6,0,1280439,25,11851776,10.88513,5.9,5.9
bookstore,cube,haar-residual-d12,view,fast,quick-turn,50,20,0.03,0.25,0.25,0.003371362,0.1348545,0.02439024,0.9756098,0.9756098,1.199936,1.199806,294818,129821.6,0,32,0,378140,43,12576768,0,0.15,0.15
bookstore,cube,haar-residual-d12,view,moderate-mobile,quick-turn,10,50,0.07,0.25,0.25,0.3537541,9.366933,0.02439024,0.9268293,0.9268293,1.550319,1.199806,294818,129821.6,0,32,0,378140,43,12576768,0,0.15,0.15
bookstore,cube,haar-residual-d12,view,constrained-mobile,quick-turn,2,100,0.19,0.75,0.75,1.596355,15.39718,0.02439024,0.8536585,0.8536585,2.79292,1.199806,241051,95071.31,9519,31,8,378140,43,8103936,9.096393,0.4,0.4
bookstore,cube,haar-residual-d12,view,very-constrained,quick-turn,0.75,150,0.37,1.5,1.5,2.942623,15.39718,0.04878049,0.7317073,0.7317073,4.13578,1.199806,198686,76835.58,20363.96,23,5,378140,43,6506496,12.50102,0.9,0.9
bookstore,cube,haar-residual-d12,view-fill,fast,quick-turn,50,20,0.03,0.25,0.25,0,0,0.02439024,0.9756098,0.9756098,1.196565,1.199806,391040,226043.6,0,43,0,378140,43,18855936,0,0.15,0.15
bookstore,cube,haar-residual-d12,view-fill,moderate-mobile,quick-turn,10,50,0.07,0.25,0.25,0,0,0.02439024,0.9756098,0.9756098,1.196565,1.199806,391040,226043.6,0,43,0,378140,43,18855936,0,0.15,0.15
bookstore,cube,haar-residual-d12,view-fill,constrained-mobile,quick-turn,2,100,0.19,0.75,0.75,0.6104493,15.20125,0.02439024,0.9268293,0.9268293,1.807014,1.199806,391040,226043.6,0,43,0,378140,43,18855936,0,0.15,0.15
bookstore,cube,haar-residual-d12,view-fill,very-constrained,quick-turn,0.75,150,0.37,1.5,1.5,2.306769,15.20125,0.04878049,0.7560976,0.7560976,3.499926,1.199806,444181.6,253308.7,53141.63,56,13,378140,43,18855936,9.096393,0.65,0.65
bookstore,cube,haar-residual-d12,global,fast,quick-turn,50,20,0.03,0.25,0.25,0,0,0.02439024,0.9756098,0.9756098,1.196565,1.199806,391040,226043.6,0,43,0,378140,43,18855936,0,0.15,0.15
bookstore,cube,haar-residual-d12,global,moderate-mobile,quick-turn,10,50,0.07,0.5,0.5,0.230418,9.216721,0.02439024,0.9512195,0.9512195,1.426983,1.199806,391040,226043.6,0,43,0,378140,43,18855936,0,0.15,0.15
bookstore,cube,haar-residual-d12,global,constrained-mobile,quick-turn,2,100,0.19,1.75,1.75,1.408554,15.20125,0.02439024,0.8292683,0.8292683,2.605119,1.199806,391040,226043.6,0,43,0,378140,43,18855936,0,0.15,0.15
bookstore,cube,haar-residual-d12,global,very-constrained,quick-turn,0.75,150,0.37,4.25,4.25,3.584548,15.20125,0.04878049,0.5853659,0.5853659,4.777705,1.199806,391040,226043.6,0,43,0,378140,43,18855936,9.096393,1.65,1.65
bookstore,cube,haar-residual-d12-p0.5,view,fast,quick-turn,50,20,0.03,0.25,0.25,0.001516443,0.06065774,0.02439024,0.9756098,0.9756098,3.896138,3.899903,239352,100385.8,0,32,0,311390,43,12576768,0,0.15,0.15
bookstore,cube,haar-residual-d12-p0.5,view,moderate-mobile,quick-turn,10,50,0.06,0.25,0.25,0.1607243,3.403575,0.02439024,0.9268293,0.9268293,4.055346,3.899903,239352,100385.8,0,32,0,311390,43,12576768,0,0.15,0.15
bookstore,cube,haar-residual-d12-p0.5,view,constrained-mobile,quick-turn,2,100,0.15,0.5,0.75,1.049852,12.46921,0.02439024,0.8780488,0.8536585,4.944474,3.899903,195603.7,73361.81,8166.667,30,6,311390,43,8251392,6.765797,0.4,0.4
bookstore,cube,haar-residual-d12-p0.5,view,very-constrained,quick-turn,0.75,150,0.26,1.25,1.25,1.599596,13.00408,0.04878049,0.7804878,0.7804878,5.488666,3.899903,163724.9,57725.76,12586.88,27,8,311390,43,6543360,6.765797,0.65,0.65
bookstore,cube,jpeg-residual-q80,view,fast,quick-turn,50,20,0.03,0.25,0.25,0.007454681,0.2981872,0.02439024,0.9756098,0.9756098,1.422626,1.416029,292756,133894.1,0,32,0,400791,43,12576768,0,0.15,0.15
bookstore,cube,jpeg-residual-q80,view,moderate-mobile,quick-turn,10,50,0.06,0.25,0.25,0.2761725,5.715427,0.02439024,0.9268293,0.9268293,1.691343,1.416029,292756,133894.1,0,32,0,400791,43,12576768,0,0.15,0.15
bookstore,cube,jpeg-residual-q80,view,constrained-mobile,quick-turn,2,100,0.12,0.75,0.75,1.355215,13.16202,0.02439024,0.8536585,0.8536585,2.770386,1.416029,215127,81379.13,12927,31,8,400791,43,8103936,5.712399,0.4,0.4
bookstore,cube,jpeg-residual-q80,view,very-constrained,quick-turn,0.75,150,0.19,1.25,1.25,2.615052,15.45489,0.02439024,0.7560976,0.7560976,4.030223,1.416029,174380.4,58754.8,14963.38,27,9,400791,43,6543360,9.686896,0.9,0.9
bookstore,cube,jpeg-residual-q80,view-fill,fast,quick-turn,50,20,0.03,0.25,0.25,0,0,0.02439024,0.9756098,0.9756098,1.415171,1.416029,413691,254829.1,0,43,0,400791,43,18855936,0,0.15,0.15
bookstore,cube,jpeg-residual-q80,view-fill,moderate-mobile,quick-turn,10,50,0.06,0.25,0.25,0,0,0.02439024,0.9756098,0.9756098,1.415171,1.416029,413691,254829.1,0,43,0,400791,43,18855936,0,0.15,0.15
bookstore,cube,jpeg-residual-q80,view-fill,constrained-mobile,quick-turn,2,100,0.12,0.75,0.75,0.5755035,13.16202,0.02439024,0.9268293,0.9268293,1.990674,1.416029,413691,254829.1,0,43,0,400791,43,18855936,0,0.15,0.15
bookstore,cube,jpeg-residual-q80,view-fill,very-constrained,quick-turn,0.75,150,0.19,1.25,1.25,2.22261,15.45489,0.02439024,0.7560976,0.7560976,3.63778,1.416029,466581,287180.1,52890,52,9,400791,43,18855936,9.686896,0.9,0.9
bookstore,cube,jpeg-residual-q80,global,fast,quick-turn,50,20,0.03,0.25,0.25,0,0,0.02439024,0.9756098,0.9756098,1.415171,1.416029,413691,254829.1,0,43,0,400791,43,18855936,0,0.15,0.15
bookstore,cube,jpeg-residual-q80,global,moderate-mobile,quick-turn,10,50,0.06,0.75,0.75,0.3336281,9.858117,0.02439024,0.9268293,0.9268293,1.748799,1.416029,413691,254829.1,0,43,0,400791,43,18855936,0,0.15,0.15
bookstore,cube,jpeg-residual-q80,global,constrained-mobile,quick-turn,2,100,0.12,1.75,1.75,1.306764,15.45489,0.02439024,0.8292683,0.8292683,2.721935,1.416029,413691,254829.1,0,43,0,400791,43,18855936,0,0.15,0.15
bookstore,cube,jpeg-residual-q80,global,very-constrained,quick-turn,0.75,150,0.19,4.5,4.5,3.448596,15.45489,0.02439024,0.5609756,0.5609756,4.863767,1.416029,413691,254829.1,0,43,0,400791,43,18855936,5.712399,1.9,1.9
bookstore,cube,jpeg-replacement-q80,view,fast,quick-turn,50,20,0.03,0.25,0.25,0.007353855,0.2941542,0.02439024,0.9756098,0.9756098,1.361708,1.355266,353024,156809.7,0,32,0,483256,43,12576768,0,0.15,0.15
bookstore,cube,jpeg-replacement-q80,view,moderate-mobile,quick-turn,10,50,0.06,0.25,0.25,0.2437967,9.457713,0.02439024,0.9512195,0.9512195,1.598151,1.355266,353024,156809.7,0,32,0,483256,43,12576768,0,0.15,0.15
bookstore,cube,jpeg-replacement-q80,view,constrained-mobile,quick-turn,2,100,0.12,0.75,0.75,1.636167,15.51348,0.02439024,0.8536585,0.8536585,2.990522,1.355266,258246,102284.6,44622,28,6,483256,43,7137280,9.734801,0.4,0.4
bookstore,cube,jpeg-replacement-q80,view,very-constrained,quick-turn,0.75,150,0.19,1.5,1.5,3.313023,15.51348,0.02439024,0.7073171,0.7073171,4.667377,1.355266,205956,65953.11,12500,28,11,483256,43,6506496,12.91013,1.15,1.15
bookstore,cube,jpeg-replacement-q80,view-fill,fast,quick-turn,50,20,0.03,0.25,0.25,0,0,0.02439024,0.9756098,0.9756098,1.354354,1.355266,496156,299941.7,0,43,0,483256,43,18855936,0,0.15,0.15
bookstore,cube,jpeg-replacement-q80,view-fill,moderate-mobile,quick-turn,10,50,0.06,0.25,0.25,0,0,0.02439024,0.9756098,0.9756098,1.354354,1.355266,496156,299941.7,0,43,0,483256,43,18855936,0,0.15,0.15
bookstore,cube,jpeg-replacement-q80,view-fill,constrained-mobile,quick-turn,2,100,0.12,0.75,0.75,0.7511548,15.51348,0.02439024,0.902439,0.902439,2.105509,1.355266,522692.6,303529.7,26536.59,44,1,483256,43,18855936,0,0.15,0.15
bookstore,cube,jpeg-replacement-q80,view-fill,very-constrained,quick-turn,0.75,150,0.19,1.5,1.5,2.778864,15.51348,0.02439024,0.7073171,0.7073171,4.133218,1.355266,547760.1,327486.8,51604.13,52,9,483256,43,18855936,9.734801,1.15,1.15
bookstore,cube,jpeg-replacement-q80,view-direct,fast,quick-turn,50,20,0.03,0.25,0.25,0.05013403,2.005361,0.02439024,0.9756098,0.9512195,1.404488,1.355266,221110,88804.78,0,17,0,483256,43,8706048,0,0.15,0.15
bookstore,cube,jpeg-replacement-q80,view-direct,moderate-mobile,quick-turn,10,50,0.06,0.25,0.25,0.05013403,2.005361,0.02439024,0.9756098,0.9512195,1.404488,1.355266,221110,88804.78,0,17,0,483256,43,8706048,0,0.15,0.15
bookstore,cube,jpeg-replacement-q80,view-direct,constrained-mobile,quick-turn,2,100,0.12,0.5,0.5,1.516242,15.57992,0.02439024,0.8780488,0.8780488,2.870596,1.355266,204251.9,85666.76,45110.85,17,3,483256,43,6608896,14.37615,0.4,0.4
bookstore,cube,jpeg-replacement-q80,view-direct,very-constrained,quick-turn,0.75,150,0.19,1,1,3.061513,15.76712,0.02439024,0.7804878,0.7804878,4.415867,1.355266,159900.3,61248.53,25781.25,17,6,483256,43,5560320,15.41571,0.9,0.9
bookstore,cube,jpeg-replacement-q80,global,fast,quick-turn,50,20,0.03,0.25,0.25,0,0,0.02439024,0.9756098,0.9756098,1.354354,1.355266,496156,299941.7,0,43,0,483256,43,18855936,0,0.15,0.15
bookstore,cube,jpeg-replacement-q80,global,moderate-mobile,quick-turn,10,50,0.06,0.75,0.75,0.3939449,9.901779,0.02439024,0.9268293,0.9268293,1.748299,1.355266,496156,299941.7,0,43,0,483256,43,18855936,0,0.15,0.15
bookstore,cube,jpeg-replacement-q80,global,constrained-mobile,quick-turn,2,100,0.12,2,2,1.652561,15.51348,0.02439024,0.804878,0.804878,3.006915,1.355266,496156,299941.7,0,43,0,483256,43,18855936,0,0.15,0.15
bookstore,cube,jpeg-replacement-q80,global,very-constrained,quick-turn,0.75,150,0.19,5.25,5.25,4.023141,15.51348,0.02439024,0.4878049,0.4878049,5.377495,1.355266,496156,299941.7,0,43,0,483256,43,18855936,5.738476,2.65,2.65
bookstore,cube,jpeg-replacement-q80-whole,global,fast,quick-turn,50,20,0.03,0.25,0.25,0,0,0.02439024,0.9756098,0.9756098,1.353534,1.354422,485215,295811,0,25,0,477715,25,18855936,0,0.15,0.15
bookstore,cube,jpeg-replacement-q80-whole,global,moderate-mobile,quick-turn,10,50,0.06,0.75,0.75,0.3940354,9.903588,0.02439024,0.9268293,0.9268293,1.747569,1.354422,485215,295811,0,25,0,477715,25,18855936,0,0.15,0.15
bookstore,cube,jpeg-replacement-q80-whole,global,constrained-mobile,quick-turn,2,100,0.12,2.25,2.25,1.799323,15.51529,0.02439024,0.7804878,0.7804878,3.152857,1.354422,485215,295811,0,25,0,477715,25,18855936,0,0.15,0.15
bookstore,cube,jpeg-replacement-q80-whole,global,very-constrained,quick-turn,0.75,150,0.19,5.75,5.75,4.331108,15.51529,0.02439024,0.4390244,0.4390244,5.684642,1.354422,485215,295811,0,25,0,477715,25,18855936,5.739046,3.15,3.15
bookstore,cube,jpeg-replacement-q80-whole,view-direct,fast,quick-turn,50,20,0.03,0.25,0.25,0,0,0.02439024,0.9756098,0.9756098,1.353534,1.354422,260623,135128.1,0,6,0,477715,25,11851776,0,0.15,0.15
bookstore,cube,jpeg-replacement-q80-whole,view-direct,moderate-mobile,quick-turn,10,50,0.06,0.25,0.25,0.3795202,15.18081,0.02439024,0.9512195,0.9512195,1.733054,1.354422,260623,135128.1,0,6,0,477715,25,11851776,0,0.15,0.15
bookstore,cube,jpeg-replacement-q80-whole,view-direct,constrained-mobile,quick-turn,2,100,0.12,0.5,0.5,1.932408,15.76765,0.02439024,0.8536585,0.8536585,3.285942,1.354422,260623,135128.1,0,6,0,477715,25,11851776,15.41628,0.65,0.65
bookstore,cube,jpeg-replacement-q80-whole,view-direct,very-constrained,quick-turn,0.75,150,0.19,1,1,4.635208,15.76765,0.02439024,0.6829268,0.6829268,5.988741,1.354422,260623,135128.1,0,6,0,477715,25,11851776,15.41628,1.9,1.9
superblock,cube,haar-residual-d12,view,fast,quick-turn,50,20,0.03,0.25,0.25,0.01248166,0.4992664,0.02439024,0.9756098,0.9756098,0.02284895,0.03004243,1152289,664792.3,0,32,0,1674250,43,12576768,0,0.15,0.15
superblock,cube,haar-residual-d12,view,moderate-mobile,quick-turn,10,50,0.08,0.5,0.5,0.8660794,10.15582,0.02439024,0.8780488,0.8780488,0.8764467,0.03004243,958052.8,506561.2,142277.8,32,7,1674250,43,8628224,8.408517,0.4,0.4
superblock,cube,haar-residual-d12,view,constrained-mobile,quick-turn,2,100,0.22,1,1,2.437267,12.31148,0.02439024,0.7317073,0.7317073,2.447634,0.03004243,573813,227734.6,83171,23,6,1674250,43,6395904,10.38293,1.4,1.4
superblock,cube,haar-residual-d12,view,very-constrained,quick-turn,0.75,150,0.46,6,6,5.683464,12.31148,0.04878049,0.4146341,0.4146341,5.673147,0.03004243,512125.5,179490.2,42187.5,22,7,1674250,43,6322176,11.72286,3.4,3.4
superblock,cube,haar-residual-d12,view-fill,fast,quick-turn,50,20,0.03,0.25,0.25,0,0,0.02439024,0.9756098,0.9756098,0.01036729,0.03004243,1687150,1199653,0,43,0,1674250,43,18855936,0,0.15,0.15
superblock,cube,haar-residual-d12,view-fill,moderate-mobile,quick-turn,10,50,0.08,0.5,0.5,0.2010776,8.043104,0.02439024,0.9512195,0.9512195,0.2114449,0.03004243,1687150,1199653,0,43,0,1674250,43,18855936,0,0.15,0.15
superblock,cube,haar-residual-d12,view-fill,constrained-mobile,quick-turn,2,100,0.22,1,1,2.169428,12.31148,0.02439024,0.7317073,0.7317073,2.179795,0.03004243,1853707,1296889,166557,54,11,1674250,43,18855936,8.408517,1.4,1.4
superblock,cube,haar-residual-d12,view-fill,very-constrained,quick-turn,0.75,150,0.46,6,6,5.683464,12.31148,0.04878049,0.4146341,0.4146341,5.673147,0.03004243,885250.5,476763.9,42187.5,36,7,1674250,43,7059456,11.72286,3.4,3.4
superblock,cube,haar-residual-d12,global,fast,quick-turn,50,20,0.03,0.5,0.5,0.1148969,4.595877,0.02439024,0.9512195,0.9512195,0.1252642,0.03004243,1687150,1199653,0,43,0,1674250,43,18855936,0,0.15,0.15
superblock,cube,haar-residual-d12,global,moderate-mobile,quick-turn,10,50,0.08,1.25,1.25,0.6801723,10.56552,0.02439024,0.8780488,0.8780488,0.6905396,0.03004243,1687150,1199653,0,43,0,1674250,43,18855936,0,0.15,0.15
superblock,cube,haar-residual-d12,global,constrained-mobile,quick-turn,2,100,0.22,6,6,4.133941,12.31148,0.02439024,0.4146341,0.4146341,4.144309,0.03004243,1687150,1199653,0,43,0,1674250,43,18855936,8.408517,3.4,3.4
superblock,cube,haar-residual-d12,global,very-constrained,quick-turn,0.75,150,0.46,,,8.66474,12.31148,0.04878049,0,0,8.654423,0.03004243,909930,597089.8,0,28,0,1674250,43,6010880,10.38293,,
superblock,cube,haar-residual-d12-p0.5,view,fast,quick-turn,50,20,0.03,0.25,0.25,0.008664144,0.3465658,0.02439024,0.9756098,0.9756098,1.511204,1.531161,1008759,574848,0,32,0,1505846,43,12576768,0,0.15,0.15
superblock,cube,haar-residual-d12-p0.5,view,moderate-mobile,quick-turn,10,50,0.07,0.25,0.5,0.6835368,8.812808,0.02439024,0.902439,0.8780488,2.186076,1.531161,860436.3,463203.3,114630.3,30,5,1505846,43,8693760,7.164311,0.4,0.4
superblock,cube,haar-residual-d12-p0.5,view,constrained-mobile,quick-turn,2,100,0.18,0.75,1,1.760773,10.48818,0.02439024,0.7804878,0.7560976,3.263312,1.531161,500404.9,181766.1,51865.87,27,9,1505846,43,6543360,9.04571,1.15,1.15
superblock,cube,haar-residual-d12-p0.5,view,very-constrained,quick-turn,0.75,150,0.35,2,2,4.185682,10.48818,0.04878049,0.4878049,0.4634146,5.658133,1.531161,450176,155532.5,31582,22,6,1505846,43,6359040,10.34981,2.9,3.15
superblock,cube,jpeg-residual-q80,view,fast,quick-turn,50,20,0.03,0.25,0.25,0.01473253,0.5893013,0.02439024,0.9756098,0.9756098,1.181066,1.178057,760402,413736.8,0,32,0,1159751,43,12576768,0,0.15,0.15
superblock,cube,jpeg-residual-q80,view,moderate-mobile,quick-turn,10,50,0.06,0.5,0.5,0.4879728,7.655417,0.02439024,0.902439,0.902439,1.654306,1.178057,736408.2,392256.9,142649.2,32,4,1159751,43,10151936,0,0.15,0.15
superblock,cube,jpeg-residual-q80,view,constrained-mobile,quick-turn,2,100,0.12,0.75,0.75,1.572833,10.66339,0.02439024,0.804878,0.804878,2.739167,1.178057,420619.3,153697.4,69422.33,30,11,1159751,43,6580224,8.00916,0.9,0.9
superblock,cube,jpeg-residual-q80,view,very-constrained,quick-turn,0.75,150,0.21,1.75,1.75,3.456663,12.16215,0.02439024,0.5609756,0.5609756,4.622996,1.178057,361160.3,116133.3,13373.25,27,9,1159751,43,6543360,8.00916,2.4,2.4
superblock,cube,jpeg-residual-q80,view-fill,fast,quick-turn,50,20,0.03,0.25,0.25,0,0,0.02439024,0.9756098,0.9756098,1.166333,1.178057,1172651,825985.8,0,43,0,1159751,43,18855936,0,0.15,0.15
superblock,cube,jpeg-residual-q80,view-fill,moderate-mobile,quick-turn,10,50,0.06,0.5,0.5,0.1052794,4.211175,0.02439024,0.9512195,0.9512195,1.271613,1.178057,1172651,825985.8,0,43,0,1159751,43,18855936,0,0.15,0.15
superblock,cube,jpeg-residual-q80,view-fill,constrained-mobile,quick-turn,2,100,0.12,0.75,0.75,1.379885,10.49709,0.02439024,0.804878,0.804878,2.546218,1.178057,1405590,976903.2,232939,53,10,1159751,43,18855936,8.00916,0.9,0.9
superblock,cube,jpeg-residual-q80,view-fill,very-constrained,quick-turn,0.75,150,0.21,1.75,1.75,3.34629,12.16215,0.02439024,0.5609756,0.5609756,4.512624,1.178057,875453,514608.4,50625,52,13,1159751,43,12564480,8.00916,2.4,2.4
superblock,cube,jpeg-residual-q80,global,fast,quick-turn,50,20,0.03,0.25,0.25,0,0,0.02439024,0.9756098,0.9756098,1.166333,1.178057,1172651,825985.8,0,43,0,1159751,43,18855936,0,0.15,0.15
superblock,cube,jpeg-residual-q80,global,moderate-mobile,quick-turn,10,50,0.06,0.75,0.75,0.3336915,8.159265,0.02439024,0.9268293,0.9268293,1.500025,1.178057,1172651,825985.8,0,43,0,1159751,43,18855936,0,0.15,0.15
superblock,cube,jpeg-residual-q80,global,constrained-mobile,quick-turn,2,100,0.12,4.25,4.25,2.419491,12.16215,0.02439024,0.5853659,0.5853659,3.585824,1.178057,1172651,825985.8,0,43,0,1159751,43,18855936,5.038946,1.65,1.65
superblock,cube,jpeg-residual-q80,global,very-constrained,quick-turn,0.75,150,0.21,,,6.487742,12.16215,0.02439024,0,0,7.654076,1.178057,898290,564647.6,0,40,0,1159751,43,13088768,8.00916,,
superblock,cube,jpeg-replacement-q80,view,fast,quick-turn,50,20,0.03,0.25,0.25,0.01454113,0.5816453,0.02439024,0.9756098,0.9756098,1.207548,1.204039,925604,500692,0,32,0,1415932,43,12576768,0,0.15,0.15
superblock,cube,jpeg-replacement-q80,view,moderate-mobile,quick-turn,10,50,0.06,0.25,0.25,0.3808423,7.619028,0.02439024,0.9268293,0.9268293,1.57385,1.204039,828287.8,411269.6,161505.8,32,5,1415932,43,9562112,0,0.15,0.15
superblock,cube,jpeg-replacement-q80,view,constrained-mobile,quick-turn,2,100,0.12,1,1,1.901694,12.16387,0.02439024,0.7560976,0.7560976,3.094702,1.204039,480204,166859.8,50730,30,11,1415932,43,6580224,7.980726,1.15,1.15
superblock,cube,jpeg-replacement-q80,view,very-constrained,quick-turn,0.75,150,0.21,2,2,4.212413,12.16387,0.02439024,0.4878049,0.4878049,5.405421,1.204039,433380.5,135466.2,10796.5,27,10,1415932,43,6506496,9.692037,2.9,2.9
superblock,cube,jpeg-replacement-q80,view-fill,fast,quick-turn,50,20,0.03,0.25,0.25,0,0,0.02439024,0.9756098,0.9756098,1.193007,1.204039,1428832,1003920,0,43,0,1415932,43,18855936,0,0.15,0.15
superblock,cube,jpeg-replacement-q80,view-fill,moderate-mobile,quick-turn,10,50,0.06,0.25,0.25,0,0,0.02439024,0.9756098,0.9756098,1.193007,1.204039,1428832,1003920,0,43,0,1415932,43,18855936,0,0.15,0.15
superblock,cube,jpeg-replacement-q80,view-fill,constrained-mobile,quick-turn,2,100,0.12,1,1,1.642702,12.16387,0.02439024,0.7560976,0.7560976,2.835709,1.204039,1648698,1140708,219866,54,11,1415932,43,18855936,7.980726,1.15,1.15
superblock,cube,jpeg-replacement-q80,view-fill,very-constrained,quick-turn,0.75,150,0.21,2,2,4.109707,12.16387,0.02439024,0.4878049,0.4878049,5.302714,1.204039,878458.6,460768.3,25234.63,47,12,1415932,43,10205184,9.692037,2.9,2.9
superblock,cube,jpeg-replacement-q80,view-direct,fast,quick-turn,50,20,0.03,0.25,0.25,0.05292323,2.116929,0.02439024,0.9756098,0.9512195,1.24593,1.204039,607508,300384.2,0,17,0,1415932,43,8706048,0,0.15,0.15
superblock,cube,jpeg-replacement-q80,view-direct,moderate-mobile,quick-turn,10,50,0.06,0.25,0.25,0.5249497,10.55332,0.02439024,0.9268293,0.9268293,1.717957,1.204039,607508,300384.2,0,17,0,1415932,43,8706048,0,0.15,0.15
superblock,cube,jpeg-replacement-q80,view-direct,constrained-mobile,quick-turn,2,100,0.12,0.75,0.75,2.160598,12.16387,0.02439024,0.7804878,0.7804878,3.353605,1.204039,443486,208095.3,75000,17,6,1415932,43,5560320,10.93495,1.15,1.15
superblock,cube,jpeg-replacement-q80,view-direct,very-constrained,quick-turn,0.75,150,0.21,1.5,1.5,4.923844,12.16387,0.02439024,0.5365854,0.5365854,6.116852,1.204039,394267.3,177304.9,25781.25,17,6,1415932,43,5560320,10.93495,2.9,2.9
superblock,cube,jpeg-replacement-q80,global,fast,quick-turn,50,20,0.03,0.25,0.25,0,0,0.02439024,0.9756098,0.9756098,1.193007,1.204039,1428832,1003920,0,43,0,1415932,43,18855936,0,0.15,0.15
superblock,cube,jpeg-replacement-q80,global,moderate-mobile,quick-turn,10,50,0.06,1,1,0.4526316,8.166897,0.02439024,0.902439,0.902439,1.645639,1.204039,1428832,1003920,0,43,0,1415932,43,18855936,0,0.15,0.15
superblock,cube,jpeg-replacement-q80,global,constrained-mobile,quick-turn,2,100,0.12,5.25,5.25,2.95307,12.16387,0.02439024,0.4878049,0.4878049,4.146077,1.204039,1428832,1003920,0,43,0,1415932,43,18855936,5.012062,2.65,2.65
superblock,cube,jpeg-replacement-q80,global,very-constrained,quick-turn,0.75,150,0.21,,,6.831625,12.16387,0.02439024,0,0,8.024632,1.204039,898673.5,559695,0,37,0,1415932,43,11778048,7.980726,,
superblock,cube,jpeg-replacement-q80-whole,global,fast,quick-turn,50,20,0.03,0.5,0.5,0.1242474,4.969896,0.02439024,0.9512195,0.9512195,1.316224,1.203016,1418255,992831.3,0,25,0,1410755,25,18855936,0,0.15,0.15
superblock,cube,jpeg-replacement-q80-whole,global,moderate-mobile,quick-turn,10,50,0.06,1.25,1.25,0.5769324,8.16761,0.02439024,0.8780488,0.8780488,1.768909,1.203016,1418255,992831.3,0,25,0,1410755,25,18855936,0,0.15,0.15
superblock,cube,jpeg-replacement-q80-whole,global,constrained-mobile,quick-turn,2,100,0.12,6,6,3.428359,12.16459,0.02439024,0.4146341,0.4146341,4.620336,1.203016,1418255,992831.3,0,25,0,1410755,25,18855936,5.013213,3.4,3.4
superblock,cube,jpeg-replacement-q80-whole,global,very-constrained,quick-turn,0.75,150,0.21,,,6.832655,12.16459,0.02439024,0,0,8.024632,1.203016,898673.5,598201.5,0,25,0,1410755,25,4700160,7.981876,,
superblock,cube,jpeg-replacement-q80-whole,view-direct,fast,quick-turn,50,20,0.03,0.25,0.25,0,0,0.02439024,0.9756098,0.9756098,1.191977,1.203016,875770,568134.5,0,6,0,1410755,25,11851776,0,0.15,0.15
superblock,cube,jpeg-replacement-q80-whole,view-direct,moderate-mobile,quick-turn,10,50,0.06,0.25,0.25,0.8174432,10.9361,0.02439024,0.902439,0.902439,2.00942,1.203016,875770,568134.5,0,6,0,1410755,25,11851776,10.9361,0.4,0.4
superblock,cube,jpeg-replacement-q80-whole,view-direct,constrained-mobile,quick-turn,2,100,0.12,0.75,0.75,4.159698,12.16459,0.02439024,0.6097561,0.6097561,5.351675,1.203016,875770,568134.5,0,6,0,1410755,25,11851776,10.9361,2.9,2.9
superblock,cube,jpeg-replacement-q80-whole,view-direct,very-constrained,quick-turn,0.75,150,0.21,1.5,1.5,10.26669,12.16459,0.02439024,0.07317073,0.07317073,11.45867,1.203016,831523,529383.8,0,6,0,1410755,25,4773888,10.9361,,
northrop-mall,healpix,haar-residual-d12,view,fast,stationary,50,20,0.03,0.25,0.25,0,0,0.02439024,0.9756098,0.9756098,-0.8676038,-0.8676038,585713,397135.9,0,21,0,1303267,49,7012352,,,
northrop-mall,healpix,haar-residual-d12,view,moderate-mobile,stationary,10,50,0.07,0.75,0.75,0.3033974,8.022817,0.02439024,0.9268293,0.9268293,-0.5642063,-0.8676038,585713,397135.9,0,21,0,1303267,49,7012352,,,
northrop-mall,healpix,haar-residual-d12,view,constrained-mobile,stationary,2,100,0.2,2.25,2.75,1.466036,11.53851,0.02439024,0.7804878,0.7317073,0.5984319,-0.8676038,585713,397135.9,0,21,0,1303267,49,7012352,,,
northrop-mall,healpix,haar-residual-d12,view,very-constrained,stationary,0.75,150,0.41,5.75,6.5,3.789798,11.53851,0.04878049,0.4390244,0.3658537,2.922194,-0.8676038,585713,397135.9,0,21,0,1303267,49,7012352,,,
northrop-mall,healpix,haar-residual-d12,view-fill,fast,stationary,50,20,0.03,0.25,0.25,0,0,0.02439024,0.9756098,0.9756098,-0.8676038,-0.8676038,1317967,1129390,0,49,0,1303267,49,16760832,,,
northrop-mall,healpix,haar-residual-d12,view-fill,moderate-mobile,stationary,10,50,0.07,0.75,0.75,0.3033974,8.022817,0.02439024,0.9268293,0.9268293,-0.5642063,-0.8676038,1317967,1129390,0,49,0,1303267,49,16760832,,,
northrop-mall,healpix,haar-residual-d12,view-fill,constrained-mobile,stationary,2,100,0.2,2.25,2.75,1.466036,11.53851,0.02439024,0.7804878,0.7317073,0.5984319,-0.8676038,1317967,1129390,0,49,0,1303267,49,16760832,,,
northrop-mall,healpix,haar-residual-d12,view-fill,very-constrained,stationary,0.75,150,0.41,5.75,6.5,3.789798,11.53851,0.04878049,0.4390244,0.3658537,2.922194,-0.8676038,890041.5,701464.4,0,46,0,1303267,49,8896512,,,
northrop-mall,healpix,haar-residual-d12,global,fast,stationary,50,20,0.03,0.5,0.5,0.1376837,5.507348,0.02439024,0.9512195,0.9512195,-0.7299201,-0.8676038,1317967,1129390,0,49,0,1303267,49,16760832,,,
northrop-mall,healpix,haar-residual-d12,global,moderate-mobile,stationary,10,50,0.07,1.25,1.25,0.6835654,10.05279,0.02439024,0.8780488,0.8780488,-0.1840384,-0.8676038,1317967,1129390,0,49,0,1303267,49,16760832,,,
northrop-mall,healpix,haar-residual-d12,global,constrained-mobile,stationary,2,100,0.2,4.75,5.25,2.968823,11.53851,0.02439024,0.5365854,0.4878049,2.101219,-0.8676038,1317967,1129390,0,49,0,1303267,49,16760832,,,
northrop-mall,healpix,haar-residual-d12,global,very-constrained,stationary,0.75,150,0.41,,,6.565648,11.53851,0.04878049,0,0,5.698045,-0.8676038,897451,759676,0,47,0,1303267,49,8372224,,,
northrop-mall,healpix,haar-residual-d12-p0.5,view,fast,stationary,50,20,0.03,0.25,0.25,0,0,0.02439024,0.9756098,0.9756098,-0.04374604,-0.04374604,531552,360032.1,0,21,0,1187983,49,7012352,,,
northrop-mall,healpix,haar-residual-d12-p0.5,view,moderate-mobile,stationary,10,50,0.07,0.75,0.75,0.2128601,4.901229,0.02439024,0.9268293,0.9268293,0.1691141,-0.04374604,531552,360032.1,0,21,0,1187983,49,7012352,,,
northrop-mall,healpix,haar-residual-d12-p0.5,view,constrained-mobile,stationary,2,100,0.16,2.25,2.5,1.181575,10.73228,0.02439024,0.7804878,0.7560976,1.137829,-0.04374604,531552,360032.1,0,21,0,1187983,49,7012352,,,
northrop-mall,healpix,haar-residual-d12-p0.5,view,very-constrained,stationary,0.75,150,0.31,5.25,6,2.888035,10.73228,0.04878049,0.4878049,0.4146341,2.844289,-0.04374604,531552,360032.1,0,21,0,1187983,49,7012352,,,
northrop-mall,healpix,jpeg-residual-q80,view,fast,stationary,50,20,0.03,0.25,0.25,0,0,0.02439024,0.9756098,0.9756098,-0.162122,-0.162122,432462,290225.1,0,21,0,975735,49,7012352,,,
northrop-mall,healpix,jpeg-residual-q80,view,moderate-mobile,stationary,10,50,0.06,0.5,0.75,0.175348,5.474744,0.02439024,0.9512195,0.9268293,0.01322606,-0.162122,432462,290225.1,0,21,0,975735,49,7012352,,,
northrop-mall,healpix,jpeg-residual-q80,view,constrained-mobile,stationary,2,100,0.12,2,2,1.081055,10.88711,0.02439024,0.804878,0.804878,0.9189331,-0.162122,432462,290225.1,0,21,0,975735,49,7012352,,,
northrop-mall,healpix,jpeg-residual-q80,view,very-constrained,stationary,0.75,150,0.2,4.5,5,2.714095,11.19492,0.02439024,0.5609756,0.5121951,2.551973,-0.162122,432462,290225.1,0,21,0,975735,49,7012352,,,
northrop-mall,healpix,jpeg-residual-q80,view-fill,fast,stationary,50,20,0.03,0.25,0.25,0,0,0.02439024,0.9756098,0.9756098,-0.162122,-0.162122,990435,848198.1,0,49,0,975735,49,16760832,,,
northrop-mall,healpix,jpeg-residual-q80,view-fill,moderate-mobile,stationary,10,50,0.06,0.5,0.75,0.175348,5.474744,0.02439024,0.9512195,0.9268293,0.01322606,-0.162122,990435,848198.1,0,49,0,975735,49,16760832,,,
northrop-mall,healpix,jpeg-residual-q80,view-fill,constrained-mobile,stationary,2,100,0.12,2,2,1.081055,10.88711,0.02439024,0.804878,0.804878,0.9189331,-0.162122,990435,848198.1,0,49,0,975735,49,16760832,,,
northrop-mall,healpix,jpeg-residual-q80,view-fill,very-constrained,stationary,0.75,150,0.2,4.5,5,2.714095,11.19492,0.02439024,0.5609756,0.5121951,2.551973,-0.162122,875431,733194.1,0,49,0,975735,49,13615104,,,
northrop-mall,healpix,jpeg-residual-q80,global,fast,stationary,50,20,0.03,0.5,0.5,0.1098377,4.393508,0.02439024,0.9512195,0.9512195,-0.05228427,-0.162122,990435,848198.1,0,49,0,975735,49,16760832,,,
northrop-mall,healpix,jpeg-residual-q80,global,moderate-mobile,stationary,10,50,0.06,1,1.25,0.5222252,9.728151,0.02439024,0.902439,0.8780488,0.3601032,-0.162122,990435,848198.1,0,49,0,975735,49,16760832,,,
northrop-mall,healpix,jpeg-residual-q80,global,constrained-mobile,stationary,2,100,0.12,3.5,4.25,2.086784,11.09267,0.02439024,0.6585366,0.5853659,1.924662,-0.162122,990435,848198.1,0,49,0,975735,49,16760832,,,
northrop-mall,healpix,jpeg-residual-q80,global,very-constrained,stationary,0.75,150,0.2,9,,5.210509,11.19492,0.02439024,0.1219512,0,5.048387,-0.162122,883158.5,743635.3,0,49,0,975735,49,12566528,,,
northrop-mall,healpix,jpeg-replacement-q80,view,fast,stationary,50,20,0.03,0.25,0.25,0,0,0.02439024,0.9756098,0.9756098,-0.12865,-0.12865,518851,345728.4,0,21,0,1178771,49,7012352,,,
northrop-mall,healpix,jpeg-replacement-q80,view,moderate-mobile,stationary,10,50,0.06,0.75,0.75,0.2456251,5.705361,0.02439024,0.9268293,0.9268293,0.1169751,-0.12865,518851,345728.4,0,21,0,1178771,49,7012352,,,
northrop-mall,healpix,jpeg-replacement-q80,view,constrained-mobile,stationary,2,100,0.12,2.25,2.5,1.275815,11.16145,0.02439024,0.7804878,0.7560976,1.147165,-0.12865,518851,345728.4,0,21,0,1178771,49,7012352,,,
northrop-mall,healpix,jpeg-replacement-q80,view,very-constrained,stationary,0.75,150,0.2,5.25,6,3.155177,11.16145,0.02439024,0.4878049,0.4146341,3.026527,-0.12865,518851,345728.4,0,21,0,1178771,49,7012352,,,
northrop-mall,healpix,jpeg-replacement-q80,view-fill,fast,stationary,50,20,0.03,0.25,0.25,0,0,0.02439024,0.9756098,0.9756098,-0.12865,-0.12865,1193471,1020348,0,49,0,1178771,49,16760832,,,
northrop-mall,healpix,jpeg-replacement-q80,view-fill,moderate-mobile,stationary,10,50,0.06,0.75,0.75,0.2456251,5.705361,0.02439024,0.9268293,0.9268293,0.1169751,-0.12865,1193471,1020348,0,49,0,1178771,49,16760832,,,
northrop-mall,healpix,jpeg-replacement-q80,view-fill,constrained-mobile,stationary,2,100,0.12,2.25,2.5,1.275815,11.16145,0.02439024,0.7804878,0.7560976,1.147165,-0.12865,1193471,1020348,0,49,0,1178771,49,16760832,,,
northrop-mall,healpix,jpeg-replacement-q80,view-fill,very-constrained,stationary,0.75,150,0.2,5.25,6,3.155177,11.16145,0.02439024,0.4878049,0.4146341,3.026527,-0.12865,878967,705844.4,0,48,0,1178771,49,9420800,,,
northrop-mall,healpix,jpeg-replacement-q80,view-direct,fast,stationary,50,20,0.03,0.25,0.25,0,0,0.02439024,0.9756098,0.9756098,-0.12865,-0.12865,380794,256097.4,0,6,0,1178771,49,5292032,,,
northrop-mall,healpix,jpeg-replacement-q80,view-direct,moderate-mobile,stationary,10,50,0.06,0.5,0.5,0.27118,10.8472,0.02439024,0.9512195,0.9512195,0.1425301,-0.12865,380794,256097.4,0,6,0,1178771,49,5292032,,,
northrop-mall,healpix,jpeg-replacement-q80,view-direct,constrained-mobile,stationary,2,100,0.12,1.75,1.75,1.619077,11.16145,0.02439024,0.8292683,0.8292683,1.490427,-0.12865,380794,256097.4,0,6,0,1178771,49,5292032,,,
northrop-mall,healpix,jpeg-replacement-q80,view-direct,very-constrained,stationary,0.75,150,0.2,4.5,4.5,4.397725,11.16145,0.02439024,0.5609756,0.5609756,4.269075,-0.12865,380794,256097.4,0,6,0,1178771,49,5292032,,,
northrop-mall,healpix,jpeg-replacement-q80,global,fast,stationary,50,20,0.03,0.5,0.5,0.102991,4.119641,0.02439024,0.9512195,0.9512195,-0.02565895,-0.12865,1193471,1020348,0,49,0,1178771,49,16760832,,,
northrop-mall,healpix,jpeg-replacement-q80,global,moderate-mobile,stationary,10,50,0.06,1.25,1.25,0.584566,9.699004,0.02439024,0.8780488,0.8780488,0.4559161,-0.12865,1193471,1020348,0,49,0,1178771,49,16760832,,,
northrop-mall,healpix,jpeg-replacement-q80,global,constrained-mobile,stationary,2,100,0.12,4.25,5,2.487465,11.16145,0.02439024,0.5853659,0.5121951,2.358815,-0.12865,1193471,1020348,0,49,0,1178771,49,16760832,,,
northrop-mall,healpix,jpeg-replacement-q80,global,very-constrained,stationary,0.75,150,0.2,,,5.721435,11.16145,0.02439024,0,0,5.592785,-0.12865,879616,727770.4,0,49,0,1178771,49,10469376,,,
northrop-mall,healpix,jpeg-replacement-q80-whole,global,fast,stationary,50,20,0.03,0.5,0.5,0.102991,4.119641,0.02439024,0.9512195,0.9512195,-0.02565895,-0.12865,1193471,1020348,0,49,0,1178771,49,16760832,,,
northrop-mall,healpix,jpeg-replacement-q80-whole,global,moderate-mobile,stationary,10,50,0.06,1.25,1.25,0.584566,9.699004,0.02439024,0.8780488,0.8780488,0.4559161,-0.12865,1193471,1020348,0,49,0,1178771,49,16760832,,,
northrop-mall,healpix,jpeg-replacement-q80-whole,global,constrained-mobile,stationary,2,100,0.12,4.25,5,2.487465,11.16145,0.02439024,0.5853659,0.5121951,2.358815,-0.12865,1193471,1020348,0,49,0,1178771,49,16760832,,,
northrop-mall,healpix,jpeg-replacement-q80-whole,global,very-constrained,stationary,0.75,150,0.2,,,5.721435,11.16145,0.02439024,0,0,5.592785,-0.12865,879616,727770.4,0,49,0,1178771,49,10469376,,,
northrop-mall,healpix,jpeg-replacement-q80-whole,view-direct,fast,stationary,50,20,0.03,0.25,0.25,0,0,0.02439024,0.9756098,0.9756098,-0.12865,-0.12865,380794,256097.4,0,6,0,1178771,49,5292032,,,
northrop-mall,healpix,jpeg-replacement-q80-whole,view-direct,moderate-mobile,stationary,10,50,0.06,0.5,0.5,0.27118,10.8472,0.02439024,0.9512195,0.9512195,0.1425301,-0.12865,380794,256097.4,0,6,0,1178771,49,5292032,,,
northrop-mall,healpix,jpeg-replacement-q80-whole,view-direct,constrained-mobile,stationary,2,100,0.12,1.75,1.75,1.619077,11.16145,0.02439024,0.8292683,0.8292683,1.490427,-0.12865,380794,256097.4,0,6,0,1178771,49,5292032,,,
northrop-mall,healpix,jpeg-replacement-q80-whole,view-direct,very-constrained,stationary,0.75,150,0.2,4.5,4.5,4.397725,11.16145,0.02439024,0.5609756,0.5609756,4.269075,-0.12865,380794,256097.4,0,6,0,1178771,49,5292032,,,
bookstore,healpix,haar-residual-d12,view,fast,stationary,50,20,0.03,0.25,0.25,0,0,0.02439024,0.9756098,0.9756098,0.8189153,0.8189153,190694,122967.9,0,21,0,479579,49,7012352,,,
bookstore,healpix,haar-residual-d12,view,moderate-mobile,stationary,10,50,0.07,0.5,0.5,0.1408487,5.633949,0.02439024,0.9512195,0.9512195,0.959764,0.8189153,190694,122967.9,0,21,0,479579,49,7012352,,,
bookstore,healpix,haar-residual-d12,view,constrained-mobile,stationary,2,100,0.19,1.25,1.25,0.874747,15.28959,0.02439024,0.8780488,0.8780488,1.693662,0.8189153,190694,122967.9,0,21,0,479579,49,7012352,,,
bookstore,healpix,haar-residual-d12,view,very-constrained,stationary,0.75,150,0.37,2.5,2.5,1.807812,15.28959,0.04878049,0.7560976,0.7560976,2.626727,0.8189153,190694,122967.9,0,21,0,479579,49,7012352,,,
bookstore,healpix,haar-residual-d12,view-fill,fast,stationary,50,20,0.03,0.25,0.25,0,0,0.02439024,0.9756098,0.9756098,0.8189153,0.8189153,494279,426552.9,0,49,0,479579,49,16760832,,,
bookstore,healpix,haar-residual-d12,view-fill,moderate-mobile,stationary,10,50,0.07,0.5,0.5,0.1408487,5.633949,0.02439024,0.9512195,0.9512195,0.959764,0.8189153,494279,426552.9,0,49,0,479579,49,16760832,,,
bookstore,healpix,haar-residual-d12,view-fill,constrained-mobile,stationary,2,100,0.19,1.25,1.25,0.874747,15.28959,0.02439024,0.8780488,0.8780488,1.693662,0.8189153,494279,426552.9,0,49,0,479579,49,16760832,,,
bookstore,healpix,haar-residual-d12,view-fill,very-constrained,stationary,0.75,150,0.37,2.5,2.5,1.807812,15.28959,0.04878049,0.7560976,0.7560976,2.626727,0.8189153,494279,426552.9,0,49,0,479579,49,16760832,,,
bookstore,healpix,haar-residual-d12,global,fast,stationary,50,20,0.03,0.25,0.5,0.03195257,1.278103,0.02439024,0.9756098,0.9512195,0.8508679,0.8189153,494279,426552.9,0,49,0,479579,49,16760832,,,
bookstore,healpix,haar-residual-d12,global,moderate-mobile,stationary,10,50,0.07,0.75,0.75,0.4331087,12.56537,0.02439024,0.9268293,0.9268293,1.252024,0.8189153,494279,426552.9,0,49,0,479579,49,16760832,,,
bookstore,healpix,haar-residual-d12,global,constrained-mobile,stationary,2,100,0.19,2.5,2.5,1.952992,15.28959,0.02439024,0.7560976,0.7560976,2.771907,0.8189153,494279,426552.9,0,49,0,479579,49,16760832,,,
bookstore,healpix,haar-residual-d12,global,very-constrained,stationary,0.75,150,0.37,5.25,5.25,3.995171,15.28959,0.04878049,0.4878049,0.4878049,4.814086,0.8189153,494279,426552.9,0,49,0,479579,49,16760832,,,
bookstore,healpix,haar-residual-d12-p0.5,view,fast,stationary,50,20,0.03,0.25,0.25,0,0,0.02439024,0.9756098,0.9756098,3.871374,3.871374,158118,100695.1,0,21,0,405933,49,7012352,,,
bookstore,healpix,haar-residual-d12-p0.5,view,moderate-mobile,stationary,10,50,0.06,0.5,0.5,0.08920704,3.568281,0.02439024,0.9512195,0.9512195,3.960581,3.871374,158118,100695.1,0,21,0,405933,49,7012352,,,
bookstore,healpix,haar-residual-d12-p0.5,view,constrained-mobile,stationary,2,100,0.15,0.75,1,0.5421745,12.27984,0.02439024,0.9268293,0.902439,4.413549,3.871374,158118,100695.1,0,21,0,405933,49,7012352,,,
bookstore,healpix,haar-residual-d12-p0.5,view,very-constrained,stationary,0.75,150,0.27,1.5,2.25,0.9799774,12.27984,0.04878049,0.8536585,0.7804878,4.851352,3.871374,158118,100695.1,0,21,0,405933,49,7012352,,,
bookstore,healpix,jpeg-residual-q80,view,fast,stationary,50,20,0.03,0.25,0.25,0,0,0.02439024,0.9756098,0.9756098,1.073858,1.073858,171516,112953.2,0,21,0,434086,49,7012352,,,
bookstore,healpix,jpeg-residual-q80,view,moderate-mobile,stationary,10,50,0.06,0.5,0.5,0.1641528,6.566112,0.02439024,0.9512195,0.9512195,1.23801,1.073858,171516,112953.2,0,21,0,434086,49,7012352,,,
bookstore,healpix,jpeg-residual-q80,view,constrained-mobile,stationary,2,100,0.12,1,1.25,0.6760372,13.10832,0.02439024,0.902439,0.8780488,1.749895,1.073858,171516,112953.2,0,21,0,434086,49,7012352,,,
bookstore,healpix,jpeg-residual-q80,view,very-constrained,stationary,0.75,150,0.2,2.25,2.25,1.668318,15.46806,0.02439024,0.7804878,0.7804878,2.742175,1.073858,171516,112953.2,0,21,0,434086,49,7012352,,,
bookstore,healpix,jpeg-residual-q80,view-fill,fast,stationary,50,20,0.03,0.25,0.25,0,0,0.02439024,0.9756098,0.9756098,1.073858,1.073858,448786,390223.2,0,49,0,434086,49,16760832,,,
bookstore,healpix,jpeg-residual-q80,view-fill,moderate-mobile,stationary,10,50,0.06,0.5,0.5,0.1641528,6.566112,0.02439024,0.9512195,0.9512195,1.23801,1.073858,448786,390223.2,0,49,0,434086,49,16760832,,,
bookstore,healpix,jpeg-residual-q80,view-fill,constrained-mobile,stationary,2,100,0.12,1,1.25,0.6760372,13.10832,0.02439024,0.902439,0.8780488,1.749895,1.073858,448786,390223.2,0,49,0,434086,49,16760832,,,
bookstore,healpix,jpeg-residual-q80,view-fill,very-constrained,stationary,0.75,150,0.2,2.25,2.25,1.668318,15.46806,0.02439024,0.7804878,0.7804878,2.742175,1.073858,448786,390223.2,0,49,0,434086,49,16760832,,,
bookstore,healpix,jpeg-residual-q80,global,fast,stationary,50,20,0.03,0.25,0.5,0.04011395,1.604558,0.02439024,0.9756098,0.9512195,1.113972,1.073858,448786,390223.2,0,49,0,434086,49,16760832,,,
bookstore,healpix,jpeg-residual-q80,global,moderate-mobile,stationary,10,50,0.06,0.75,0.75,0.4712523,13.08759,0.02439024,0.9268293,0.9268293,1.54511,1.073858,448786,390223.2,0,49,0,434086,49,16760832,,,
bookstore,healpix,jpeg-residual-q80,global,constrained-mobile,stationary,2,100,0.12,2,2.25,1.57754,15.27189,0.02439024,0.804878,0.7804878,2.651397,1.073858,448786,390223.2,0,49,0,434086,49,16760832,,,
bookstore,healpix,jpeg-residual-q80,global,very-constrained,stationary,0.75,150,0.2,4.5,5.25,3.620912,15.46806,0.02439024,0.5609756,0.4878049,4.694769,1.073858,448786,390223.2,0,49,0,434086,49,16760832,,,
bookstore,healpix,jpeg-replacement-q80,view,fast,stationary,50,20,0.03,0.25,0.25,0,0,0.02439024,0.9756098,0.9756098,1.035489,1.035489,207759,134044.3,0,21,0,536826,49,7012352,,,
bookstore,healpix,jpeg-replacement-q80,view,moderate-mobile,stationary,10,50,0.06,0.5,0.5,0.165584,6.623362,0.02439024,0.9512195,0.9512195,1.201073,1.035489,207759,134044.3,0,21,0,536826,49,7012352,,,
bookstore,healpix,jpeg-replacement-q80,view,constrained-mobile,stationary,2,100,0.12,1.25,1.25,0.8342046,15.47754,0.02439024,0.8780488,0.8780488,1.869694,1.035489,207759,134044.3,0,21,0,536826,49,7012352,,,
bookstore,healpix,jpeg-replacement-q80,view,very-constrained,stationary,0.75,150,0.2,2.75,2.75,2.038343,15.50643,0.02439024,0.7317073,0.7317073,3.073832,1.035489,207759,134044.3,0,21,0,536826,49,7012352,,,
bookstore,healpix,jpeg-replacement-q80,view-fill,fast,stationary,50,20,0.03,0.25,0.25,0,0,0.02439024,0.9756098,0.9756098,1.035489,1.035489,551526,477811.3,0,49,0,536826,49,16760832,,,
bookstore,healpix,jpeg-replacement-q80,view-fill,moderate-mobile,stationary,10,50,0.06,0.5,0.5,0.165584,6.623362,0.02439024,0.9512195,0.9512195,1.201073,1.035489,551526,477811.3,0,49,0,536826,49,16760832,,,
bookstore,healpix,jpeg-replacement-q80,view-fill,constrained-mobile,stationary,2,100,0.12,1.25,1.25,0.8342046,15.47754,0.02439024,0.8780488,0.8780488,1.869694,1.035489,551526,477811.3,0,49,0,536826,49,16760832,,,
bookstore,healpix,jpeg-replacement-q80,view-fill,very-constrained,stationary,0.75,150,0.2,2.75,2.75,2.038343,15.50643,0.02439024,0.7317073,0.7317073,3.073832,1.035489,551526,477811.3,0,49,0,536826,49,16760832,,,
bookstore,healpix,jpeg-replacement-q80,view-direct,fast,stationary,50,20,0.03,0.25,0.25,0,0,0.02439024,0.9756098,0.9756098,1.035489,1.035489,136863,88090.42,0,6,0,536826,49,5292032,,,
bookstore,healpix,jpeg-replacement-q80,view-direct,moderate-mobile,stationary,10,50,0.06,0.25,0.25,0,0,0.02439024,0.9756098,0.9756098,1.035489,1.035489,136863,88090.42,0,6,0,536826,49,5292032,,,
bookstore,healpix,jpeg-replacement-q80,view-direct,constrained-mobile,stationary,2,100,0.12,1,1,1.136117,15.50643,0.02439024,0.902439,0.902439,2.171606,1.035489,136863,88090.42,0,6,0,536826,49,5292032,,,
bookstore,healpix,jpeg-replacement-q80,view-direct,very-constrained,stationary,0.75,150,0.2,2,2,2.674639,15.50643,0.02439024,0.804878,0.804878,3.710128,1.035489,136863,88090.42,0,6,0,536826,49,5292032,,,
bookstore,healpix,jpeg-replacement-q80,global,fast,stationary,50,20,0.03,0.5,0.5,0.1365544,5.462176,0.02439024,0.9512195,0.9512195,1.172043,1.035489,551526,477811.3,0,49,0,536826,49,16760832,,,
bookstore,healpix,jpeg-replacement-q80,global,moderate-mobile,stationary,10,50,0.06,0.75,1,0.5332534,13.12164,0.02439024,0.9268293,0.902439,1.568742,1.035489,551526,477811.3,0,49,0,536826,49,16760832,,,
bookstore,healpix,jpeg-replacement-q80,global,constrained-mobile,stationary,2,100,0.12,2.25,2.5,1.813347,15.47754,0.02439024,0.7804878,0.7560976,2.848836,1.035489,551526,477811.3,0,49,0,536826,49,16760832,,,
bookstore,healpix,jpeg-replacement-q80,global,very-constrained,stationary,0.75,150,0.2,6,6,4.524802,15.50643,0.02439024,0.4146341,0.4146341,5.560291,1.035489,551526,477811.3,0,49,0,536826,49,16760832,,,
bookstore,healpix,jpeg-replacement-q80-whole,global,fast,stationary,50,20,0.03,0.5,0.5,0.1365544,5.462176,0.02439024,0.9512195,0.9512195,1.172043,1.035489,551526,477811.3,0,49,0,536826,49,16760832,,,
bookstore,healpix,jpeg-replacement-q80-whole,global,moderate-mobile,stationary,10,50,0.06,0.75,1,0.5332534,13.12164,0.02439024,0.9268293,0.902439,1.568742,1.035489,551526,477811.3,0,49,0,536826,49,16760832,,,
bookstore,healpix,jpeg-replacement-q80-whole,global,constrained-mobile,stationary,2,100,0.12,2.25,2.5,1.813347,15.47754,0.02439024,0.7804878,0.7560976,2.848836,1.035489,551526,477811.3,0,49,0,536826,49,16760832,,,
bookstore,healpix,jpeg-replacement-q80-whole,global,very-constrained,stationary,0.75,150,0.2,6,6,4.524802,15.50643,0.02439024,0.4146341,0.4146341,5.560291,1.035489,551526,477811.3,0,49,0,536826,49,16760832,,,
bookstore,healpix,jpeg-replacement-q80-whole,view-direct,fast,stationary,50,20,0.03,0.25,0.25,0,0,0.02439024,0.9756098,0.9756098,1.035489,1.035489,136863,88090.42,0,6,0,536826,49,5292032,,,
bookstore,healpix,jpeg-replacement-q80-whole,view-direct,moderate-mobile,stationary,10,50,0.06,0.25,0.25,0,0,0.02439024,0.9756098,0.9756098,1.035489,1.035489,136863,88090.42,0,6,0,536826,49,5292032,,,
bookstore,healpix,jpeg-replacement-q80-whole,view-direct,constrained-mobile,stationary,2,100,0.12,1,1,1.136117,15.50643,0.02439024,0.902439,0.902439,2.171606,1.035489,136863,88090.42,0,6,0,536826,49,5292032,,,
bookstore,healpix,jpeg-replacement-q80-whole,view-direct,very-constrained,stationary,0.75,150,0.2,2,2,2.674639,15.50643,0.02439024,0.804878,0.804878,3.710128,1.035489,136863,88090.42,0,6,0,536826,49,5292032,,,
superblock,healpix,haar-residual-d12,view,fast,stationary,50,20,0.03,0.25,0.25,0,0,0.02439024,0.9756098,0.9756098,0.1145375,0.1145375,591955,443073.7,0,21,0,1595327,49,7012352,,,
superblock,healpix,haar-residual-d12,view,moderate-mobile,stationary,10,50,0.08,0.5,0.75,0.2679756,8.920392,0.02439024,0.9512195,0.9268293,0.3825132,0.1145375,591955,443073.7,0,21,0,1595327,49,7012352,,,
superblock,healpix,haar-residual-d12,view,constrained-mobile,stationary,2,100,0.21,2,2.75,1.429266,12.67483,0.02439024,0.804878,0.7317073,1.543804,0.1145375,591955,443073.7,0,21,0,1595327,49,7012352,,,
superblock,healpix,haar-residual-d12,view,very-constrained,stationary,0.75,150,0.44,4.75,6.75,3.564199,12.67483,0.04878049,0.5365854,0.3414634,3.678736,0.1145375,591955,443073.7,0,21,0,1595327,49,7012352,,,
superblock,healpix,haar-residual-d12,view-fill,fast,stationary,50,20,0.03,0.25,0.25,0,0,0.02439024,0.9756098,0.9756098,0.1145375,0.1145375,1610027,1461146,0,49,0,1595327,49,16760832,,,
superblock,healpix,haar-residual-d12,view-fill,moderate-mobile,stationary,10,50,0.08,0.5,0.75,0.2679756,8.920392,0.02439024,0.9512195,0.9268293,0.3825132,0.1145375,1610027,1461146,0,49,0,1595327,49,16760832,,,
superblock,healpix,haar-residual-d12,view-fill,constrained-mobile,stationary,2,100,0.21,2,2.75,1.429266,12.67483,0.02439024,0.804878,0.7317073,1.543804,0.1145375,1610027,1461146,0,49,0,1595327,49,16760832,,,
superblock,healpix,haar-residual-d12,view-fill,very-constrained,stationary,0.75,150,0.44,4.75,6.75,3.564199,12.67483,0.04878049,0.5365854,0.3414634,3.678736,0.1145375,876849,727967.7,0,41,0,1595327,49,7585792,,,
superblock,healpix,haar-residual-d12,global,fast,stationary,50,20,0.03,0.5,0.5,0.1362429,5.449715,0.02439024,0.9512195,0.9512195,0.2507804,0.1145375,1610027,1461146,0,49,0,1595327,49,16760832,,,
superblock,healpix,haar-residual-d12,global,moderate-mobile,stationary,10,50,0.08,1.25,1.75,0.7941625,10.71815,0.02439024,0.8780488,0.8292683,0.9087001,0.1145375,1610027,1461146,0,49,0,1595327,49,16760832,,,
superblock,healpix,haar-residual-d12,global,constrained-mobile,stationary,2,100,0.21,4.75,6.5,3.451813,12.67483,0.02439024,0.5365854,0.3658537,3.56635,0.1145375,1610027,1461146,0,49,0,1595327,49,16760832,,,
superblock,healpix,haar-residual-d12,global,very-constrained,stationary,0.75,150,0.44,,,7.19555,12.67483,0.04878049,0,0,7.310088,0.1145375,889167,794685,0,43,0,1595327,49,4177920,,,
superblock,healpix,haar-residual-d12-p0.5,view,fast,stationary,50,20,0.03,0.25,0.25,0,0,0.02439024,0.9756098,0.9756098,2.397772,2.397772,527662,395814,0,21,0,1436429,49,7012352,,,
superblock,healpix,haar-residual-d12-p0.5,view,moderate-mobile,stationary,10,50,0.07,0.5,0.75,0.130961,4.118558,0.02439024,0.9512195,0.9268293,2.528733,2.397772,527662,395814,0,21,0,1436429,49,7012352,,,
superblock,healpix,haar-residual-d12-p0.5,view,constrained-mobile,stationary,2,100,0.17,1.75,2.25,0.8941283,10.43808,0.02439024,0.8292683,0.7804878,3.2919,2.397772,527662,395814,0,21,0,1436429,49,7012352,,,
superblock,healpix,haar-residual-d12-p0.5,view,very-constrained,stationary,0.75,150,0.34,4.25,5.5,2.172,10.43808,0.04878049,0.5853659,0.4634146,4.569771,2.397772,527662,395814,0,21,0,1436429,49,7012352,,,
superblock,healpix,jpeg-residual-q80,view,fast,stationary,50,20,0.03,0.25,0.25,0,0,0.02439024,0.9756098,0.9756098,0.9607043,0.9607043,394015,290809.7,0,21,0,1079221,49,7012352,,,
superblock,healpix,jpeg-residual-q80,view,moderate-mobile,stationary,10,50,0.06,0.5,0.75,0.190026,6.029807,0.02439024,0.9512195,0.9268293,1.15073,0.9607043,394015,290809.7,0,21,0,1079221,49,7012352,,,
superblock,healpix,jpeg-residual-q80,view,constrained-mobile,stationary,2,100,0.12,1.5,2,1.029531,12.7984,0.02439024,0.8536585,0.804878,1.990236,0.9607043,394015,290809.7,0,21,0,1079221,49,7012352,,,
superblock,healpix,jpeg-residual-q80,view,very-constrained,stationary,0.75,150,0.21,3.5,4.75,2.459181,12.7984,0.02439024,0.6585366,0.5365854,3.419885,0.9607043,394015,290809.7,0,21,0,1079221,49,7012352,,,
superblock,healpix,jpeg-residual-q80,view-fill,fast,stationary,50,20,0.03,0.25,0.25,0,0,0.02439024,0.9756098,0.9756098,0.9607043,0.9607043,1093921,990715.7,0,49,0,1079221,49,16760832,,,
superblock,healpix,jpeg-residual-q80,view-fill,moderate-mobile,stationary,10,50,0.06,0.5,0.75,0.190026,6.029807,0.02439024,0.9512195,0.9268293,1.15073,0.9607043,1093921,990715.7,0,49,0,1079221,49,16760832,,,
superblock,healpix,jpeg-residual-q80,view-fill,constrained-mobile,stationary,2,100,0.12,1.5,2,1.029531,12.7984,0.02439024,0.8536585,0.804878,1.990236,0.9607043,1093921,990715.7,0,49,0,1079221,49,16760832,,,
superblock,healpix,jpeg-residual-q80,view-fill,very-constrained,stationary,0.75,150,0.21,3.5,4.75,2.459181,12.7984,0.02439024,0.6585366,0.5365854,3.419885,0.9607043,863104.5,759899.2,0,48,0,1079221,49,9420800,,,
superblock,healpix,jpeg-residual-q80,global,fast,stationary,50,20,0.03,0.5,0.5,0.1288207,5.152829,0.02439024,0.9512195,0.9512195,1.089525,0.9607043,1093921,990715.7,0,49,0,1079221,49,16760832,,,
superblock,healpix,jpeg-residual-q80,global,moderate-mobile,stationary,10,50,0.06,1,1.25,0.5841481,10.85751,0.02439024,0.902439,0.8780488,1.544852,0.9607043,1093921,990715.7,0,49,0,1079221,49,16760832,,,
superblock,healpix,jpeg-residual-q80,global,constrained-mobile,stationary,2,100,0.12,3,4.75,2.224956,12.7984,0.02439024,0.7073171,0.5365854,3.185661,0.9607043,1093921,990715.7,0,49,0,1079221,49,16760832,,,
superblock,healpix,jpeg-residual-q80,global,very-constrained,stationary,0.75,150,0.21,7.5,,5.379663,12.7984,0.02439024,0.2682927,0,6.340367,0.9607043,876611,781859.2,0,49,0,1079221,49,10469376,,,
superblock,healpix,jpeg-replacement-q80,view,fast,stationary,50,20,0.03,0.25,0.25,0,0,0.02439024,0.9756098,0.9756098,0.9453805,0.9453805,479575,351899,0,21,0,1319987,49,7012352,,,
superblock,healpix,jpeg-replacement-q80,view,moderate-mobile,stationary,10,50,0.06,0.5,0.75,0.1941653,6.027867,0.02439024,0.9512195,0.9268293,1.139546,0.9453805,479575,351899,0,21,0,1319987,49,7012352,,,
superblock,healpix,jpeg-replacement-q80,view,constrained-mobile,stationary,2,100,0.12,1.75,2.25,1.17691,12.81372,0.02439024,0.8292683,0.7804878,2.12229,0.9453805,479575,351899,0,21,0,1319987,49,7012352,,,
superblock,healpix,jpeg-replacement-q80,view,very-constrained,stationary,0.75,150,0.21,4.25,5.75,3.01792,12.81372,0.02439024,0.5853659,0.4390244,3.963301,0.9453805,479575,351899,0,21,0,1319987,49,7012352,,,
superblock,healpix,jpeg-replacement-q80,view-fill,fast,stationary,50,20,0.03,0.25,0.25,0,0,0.02439024,0.9756098,0.9756098,0.9453805,0.9453805,1334687,1207011,0,49,0,1319987,49,16760832,,,
superblock,healpix,jpeg-replacement-q80,view-fill,moderate-mobile,stationary,10,50,0.06,0.5,0.75,0.1941653,6.027867,0.02439024,0.9512195,0.9268293,1.139546,0.9453805,1334687,1207011,0,49,0,1319987,49,16760832,,,
superblock,healpix,jpeg-replacement-q80,view-fill,constrained-mobile,stationary,2,100,0.12,1.75,2.25,1.17691,12.81372,0.02439024,0.8292683,0.7804878,2.12229,0.9453805,1334687,1207011,0,49,0,1319987,49,16760832,,,
superblock,healpix,jpeg-replacement-q80,view-fill,very-constrained,stationary,0.75,150,0.21,4.25,5.75,3.01792,12.81372,0.02439024,0.5853659,0.4390244,3.963301,0.9453805,861569.5,733893.5,0,48,0,1319987,49,9420800,,,
superblock,healpix,jpeg-replacement-q80,view-direct,fast,stationary,50,20,0.03,0.25,0.25,0,0,0.02439024,0.9756098,0.9756098,0.9453805,0.9453805,348069,257478.1,0,6,0,1319987,49,5292032,,,
superblock,healpix,jpeg-replacement-q80,view-direct,moderate-mobile,stationary,10,50,0.06,0.5,0.5,0.320343,12.81372,0.02439024,0.9512195,0.9512195,1.265723,0.9453805,348069,257478.1,0,6,0,1319987,49,5292032,,,
superblock,healpix,jpeg-replacement-q80,view-direct,constrained-mobile,stationary,2,100,0.12,1.75,1.75,1.748044,12.81372,0.02439024,0.8292683,0.8292683,2.693424,0.9453805,348069,257478.1,0,6,0,1319987,49,5292032,,,
superblock,healpix,jpeg-replacement-q80,view-direct,very-constrained,stationary,0.75,150,0.21,4.25,4.25,4.642156,12.81372,0.02439024,0.5853659,0.5853659,5.587537,0.9453805,348069,257478.1,0,6,0,1319987,49,5292032,,,
superblock,healpix,jpeg-replacement-q80,global,fast,stationary,50,20,0.03,0.5,0.5,0.1290819,5.163276,0.02439024,0.9512195,0.9512195,1.074462,0.9453805,1334687,1207011,0,49,0,1319987,49,16760832,,,
superblock,healpix,jpeg-replacement-q80,global,moderate-mobile,stationary,10,50,0.06,1,1.5,0.6253652,10.84607,0.02439024,0.902439,0.8536585,1.570746,0.9453805,1334687,1207011,0,49,0,1319987,49,16760832,,,
superblock,healpix,jpeg-replacement-q80,global,constrained-mobile,stationary,2,100,0.12,3.75,5.75,2.726446,12.81372,0.02439024,0.6341463,0.4390244,3.671827,0.9453805,1334687,1207011,0,49,0,1319987,49,16760832,,,
superblock,healpix,jpeg-replacement-q80,global,very-constrained,stationary,0.75,150,0.21,8.75,,5.945387,12.81372,0.02439024,0.1463415,0,6.890768,0.9453805,885128,774730.1,0,46,0,1319987,49,7323648,,,
superblock,healpix,jpeg-replacement-q80-whole,global,fast,stationary,50,20,0.03,0.5,0.5,0.1290819,5.163276,0.02439024,0.9512195,0.9512195,1.074462,0.9453805,1334687,1207011,0,49,0,1319987,49,16760832,,,
superblock,healpix,jpeg-replacement-q80-whole,global,moderate-mobile,stationary,10,50,0.06,1,1.5,0.6253652,10.84607,0.02439024,0.902439,0.8536585,1.570746,0.9453805,1334687,1207011,0,49,0,1319987,49,16760832,,,
superblock,healpix,jpeg-replacement-q80-whole,global,constrained-mobile,stationary,2,100,0.12,3.75,5.75,2.726446,12.81372,0.02439024,0.6341463,0.4390244,3.671827,0.9453805,1334687,1207011,0,49,0,1319987,49,16760832,,,
superblock,healpix,jpeg-replacement-q80-whole,global,very-constrained,stationary,0.75,150,0.21,8.75,,5.945387,12.81372,0.02439024,0.1463415,0,6.890768,0.9453805,885128,774730.1,0,46,0,1319987,49,7323648,,,
superblock,healpix,jpeg-replacement-q80-whole,view-direct,fast,stationary,50,20,0.03,0.25,0.25,0,0,0.02439024,0.9756098,0.9756098,0.9453805,0.9453805,348069,257478.1,0,6,0,1319987,49,5292032,,,
superblock,healpix,jpeg-replacement-q80-whole,view-direct,moderate-mobile,stationary,10,50,0.06,0.5,0.5,0.320343,12.81372,0.02439024,0.9512195,0.9512195,1.265723,0.9453805,348069,257478.1,0,6,0,1319987,49,5292032,,,
superblock,healpix,jpeg-replacement-q80-whole,view-direct,constrained-mobile,stationary,2,100,0.12,1.75,1.75,1.748044,12.81372,0.02439024,0.8292683,0.8292683,2.693424,0.9453805,348069,257478.1,0,6,0,1319987,49,5292032,,,
superblock,healpix,jpeg-replacement-q80-whole,view-direct,very-constrained,stationary,0.75,150,0.21,4.25,4.25,4.642156,12.81372,0.02439024,0.5853659,0.5853659,5.587537,0.9453805,348069,257478.1,0,6,0,1319987,49,5292032,,,
northrop-mall,healpix,haar-residual-d12,view,fast,quick-turn,50,20,0.03,0.25,0.25,0.0818048,3.070841,0.02439024,0.9512195,0.9512195,-0.7488069,-0.831514,1224795,703768.6,0,45,0,1303267,49,15368192,0,0.15,0.15
northrop-mall,healpix,haar-residual-d12,view,moderate-mobile,quick-turn,10,50,0.07,0.75,0.75,0.5580527,8.022817,0.02439024,0.902439,0.8780488,-0.272559,-0.831514,1224795,703768.6,0,45,0,1303267,49,15368192,0.8491017,0.15,0.15
northrop-mall,healpix,haar-residual-d12,view,constrained-mobile,quick-turn,2,100,0.2,4.25,4.75,2.872422,11.53851,0.02439024,0.5853659,0.5365854,2.04181,-0.831514,1105881,633474,157295,45,4,1303267,49,11960320,7.79012,1.65,2.15
northrop-mall,healpix,haar-residual-d12,view,very-constrained,quick-turn,0.75,150,0.41,7,8.25,5.250593,11.53851,0.04878049,0.3170732,0.195122,4.42093,-0.831514,747481.1,452715.2,70077.13,40,6,1303267,49,7962624,9.840816,4.4,5.65
northrop-mall,healpix,haar-residual-d12,view-fill,fast,quick-turn,50,20,0.03,0.25,0.25,0,0,0.02439024,0.9756098,0.9756098,-0.8306117,-0.831514,1317967,796940.6,0,49,0,1303267,49,16760832,0,0.15,0.15
northrop-mall,healpix,haar-residual-d12,view-fill,moderate-mobile,quick-turn,10,50,0.07,0.75,0.75,0.3033974,8.022817,0.02439024,0.9268293,0.9268293,-0.5272143,-0.831514,1317967,796940.6,0,49,0,1303267,49,16760832,0,0.15,0.15
northrop-mall,healpix,haar-residual-d12,view-fill,constrained-mobile,quick-turn,2,100,0.2,4.25,4.75,2.872422,11.53851,0.02439024,0.5853659,0.5365854,2.04181,-0.831514,1475262,893117.6,157295,53,4,1303267,49,16760832,7.79012,1.65,2.15
northrop-mall,healpix,haar-residual-d12,view-fill,very-constrained,quick-turn,0.75,150,0.41,7,8.25,5.250593,11.53851,0.04878049,0.3170732,0.195122,4.42093,-0.831514,892793.6,531903.5,70077.13,49,6,1303267,49,8110080,9.840816,4.4,5.65
northrop-mall,healpix,haar-residual-d12,global,fast,quick-turn,50,20,0.03,0.5,0.5,0.1376837,5.507348,0.02439024,0.9512195,0.9512195,-0.692928,-0.831514,1317967,796940.6,0,49,0,1303267,49,16760832,0,0.15,0.15
northrop-mall,healpix,haar-residual-d12,global,moderate-mobile,quick-turn,10,50,0.07,1.25,1.25,0.6835654,10.05279,0.02439024,0.8780488,0.8780488,-0.1470463,-0.831514,1317967,796940.6,0,49,0,1303267,49,16760832,0,0.15,0.15
northrop-mall,healpix,haar-residual-d12,global,constrained-mobile,quick-turn,2,100,0.2,4.75,5.75,2.985423,11.53851,0.02439024,0.5365854,0.4390244,2.154811,-0.831514,1317967,796940.6,0,49,0,1303267,49,16760832,5.367262,2.15,3.15
northrop-mall,healpix,haar-residual-d12,global,very-constrained,quick-turn,0.75,150,0.41,,,6.425214,11.53851,0.04878049,0,0,5.595551,-0.831514,897451,514926.5,0,47,0,1303267,49,8372224,7.945642,,
northrop-mall,healpix,haar-residual-d12-p0.5,view,fast,quick-turn,50,20,0.03,0.25,0.25,0.0683471,2.57975,0.02439024,0.9756098,0.9512195,0.1442553,0.07298976,1118533,645618.8,0,45,0,1187983,49,15368192,0,0.15,0.15
northrop-mall,healpix,haar-residual-d12-p0.5,view,moderate-mobile,quick-turn,10,50,0.07,0.75,0.75,0.3795707,4.901229,0.02439024,0.902439,0.8780488,0.4554788,0.07298976,1118533,645618.8,0,45,0,1187983,49,15368192,0,0.15,0.15
northrop-mall,healpix,haar-residual-d12-p0.5,view,constrained-mobile,quick-turn,2,100,0.16,4.25,4.5,2.342668,10.73228,0.02439024,0.5853659,0.5609756,2.418576,0.07298976,1054080,613059.4,92503.28,45,2,1187983,49,13271040,6.98014,1.65,1.9
northrop-mall,healpix,haar-residual-d12-p0.5,view,very-constrained,quick-turn,0.75,150,0.31,6.75,8,4.233662,10.73228,0.04878049,0.3414634,0.2195122,4.312638,0.07298976,699840.1,423421.6,102068.1,42,8,1187983,49,7962624,8.713849,4.15,5.4
northrop-mall,healpix,jpeg-residual-q80,view,fast,quick-turn,50,20,0.03,0.25,0.25,0.07693806,2.852477,0.02439024,0.9756098,0.9512195,-0.02546749,-0.1038621,920371,526529.2,0,45,0,975735,49,15368192,0,0.15,0.15
northrop-mall,healpix,jpeg-residual-q80,view,moderate-mobile,quick-turn,10,50,0.06,0.5,0.75,0.3751752,5.474744,0.02439024,0.9268293,0.8780488,0.2727696,-0.1038621,920371,526529.2,0,45,0,975735,49,15368192,0,0.15,0.15
northrop-mall,healpix,jpeg-residual-q80,view,constrained-mobile,quick-turn,2,100,0.12,2,2,2.199307,10.88711,0.02439024,0.6341463,0.6097561,2.096902,-0.1038621,895450.8,520829.2,25642.75,45,1,975735,49,14319616,7.193416,1.4,1.65
northrop-mall,healpix,jpeg-residual-q80,view,very-constrained,quick-turn,0.75,150,0.2,6.25,7,4.187697,11.19492,0.02439024,0.3902439,0.3170732,4.085291,-0.1038621,610699.5,366132.3,90519.5,44,7,975735,49,8552448,9.135574,3.65,4.4
northrop-mall,healpix,jpeg-residual-q80,view-fill,fast,quick-turn,50,20,0.03,0.25,0.25,0,0,0.02439024,0.9756098,0.9756098,-0.1024056,-0.1038621,990435,596593.2,0,49,0,975735,49,16760832,0,0.15,0.15
northrop-mall,healpix,jpeg-residual-q80,view-fill,moderate-mobile,quick-turn,10,50,0.06,0.5,0.75,0.175348,5.474744,0.02439024,0.9512195,0.9268293,0.07294247,-0.1038621,990435,596593.2,0,49,0,975735,49,16760832,0,0.15,0.15
northrop-mall,healpix,jpeg-residual-q80,view-fill,constrained-mobile,quick-turn,2,100,0.12,2,2,2.102733,10.88711,0.02439024,0.6341463,0.6097561,2.000328,-0.1038621,1022289,603879.3,31854,51,2,975735,49,16760832,7.341044,1.4,1.65
northrop-mall,healpix,jpeg-residual-q80,view-fill,very-constrained,quick-turn,0.75,150,0.2,6.25,7,4.187697,11.19492,0.02439024,0.3902439,0.3170732,4.085291,-0.1038621,880699.5,519215.7,90519.5,56,7,975735,49,11517952,9.135574,3.65,4.4
northrop-mall,healpix,jpeg-residual-q80,global,fast,quick-turn,50,20,0.03,0.5,0.5,0.1098377,4.393508,0.02439024,0.9512195,0.9512195,0.007432138,-0.1038621,990435,596593.2,0,49,0,975735,49,16760832,0,0.15,0.15
northrop-mall,healpix,jpeg-residual-q80,global,moderate-mobile,quick-turn,10,50,0.06,1,1.25,0.5222252,9.728151,0.02439024,0.902439,0.8780488,0.4198196,-0.1038621,990435,596593.2,0,49,0,975735,49,16760832,0,0.15,0.15
northrop-mall,healpix,jpeg-residual-q80,global,constrained-mobile,quick-turn,2,100,0.12,3.75,4.5,2.133989,11.09267,0.02439024,0.6341463,0.5609756,2.031584,-0.1038621,990435,596593.2,0,49,0,975735,49,16760832,3.66553,1.15,1.9
northrop-mall,healpix,jpeg-residual-q80,global,very-constrained,quick-turn,0.75,150,0.2,9.5,,5.163359,11.19492,0.02439024,0.07317073,0,5.060953,-0.1038621,883158.5,510225.3,0,49,0,975735,49,12566528,6.841483,6.9,
northrop-mall,healpix,jpeg-replacement-q80,view,fast,quick-turn,50,20,0.03,0.25,0.25,0.03337757,1.10979,0.02439024,0.9756098,0.9512195,-0.04649823,-0.08106541,1107587,628231,0,45,0,1178771,49,15368192,0,0.15,0.15
northrop-mall,healpix,jpeg-replacement-q80,view,moderate-mobile,quick-turn,10,50,0.06,0.75,0.75,0.38459,5.705361,0.02439024,0.902439,0.902439,0.3047142,-0.08106541,1107587,628231,0,45,0,1178771,49,15368192,0,0.15,0.15
northrop-mall,healpix,jpeg-replacement-q80,view,constrained-mobile,quick-turn,2,100,0.12,4.25,4.75,2.590902,11.16145,0.02439024,0.5853659,0.5365854,2.511026,-0.08106541,1051134,599757.9,112615.4,45,2,1178771,49,13271040,7.376307,1.65,2.15
northrop-mall,healpix,jpeg-replacement-q80,view,very-constrained,quick-turn,0.75,150,0.2,7,8,4.677301,11.16145,0.02439024,0.3170732,0.2195122,4.597425,-0.08106541,699781,413987.8,76111.04,42,5,1178771,49,8552448,9.206944,4.4,5.4
northrop-mall,healpix,jpeg-replacement-q80,view-fill,fast,quick-turn,50,20,0.03,0.25,0.25,0,0,0.02439024,0.9756098,0.9756098,-0.0798758,-0.08106541,1193471,714115,0,49,0,1178771,49,16760832,0,0.15,0.15
northrop-mall,healpix,jpeg-replacement-q80,view-fill,moderate-mobile,quick-turn,10,50,0.06,0.75,0.75,0.2456251,5.705361,0.02439024,0.9268293,0.9268293,0.1657493,-0.08106541,1193471,714115,0,49,0,1178771,49,16760832,0,0.15,0.15
northrop-mall,healpix,jpeg-replacement-q80,view-fill,constrained-mobile,quick-turn,2,100,0.12,4.25,4.75,2.590902,11.16145,0.02439024,0.5853659,0.5365854,2.511026,-0.08106541,1306086,793376.9,112615.4,51,2,1178771,49,16760832,7.376307,1.65,2.15
northrop-mall,healpix,jpeg-replacement-q80,view-fill,very-constrained,quick-turn,0.75,150,0.2,7,8,4.677301,11.16145,0.02439024,0.3170732,0.2195122,4.597425,-0.08106541,882593.5,530705.7,76111.04,53,5,1178771,49,9420800,9.206944,4.4,5.4
northrop-mall,healpix,jpeg-replacement-q80,view-direct,fast,quick-turn,50,20,0.03,0.25,0.25,0.005632813,0.2253125,0.02439024,0.9756098,0.9756098,-0.07424298,-0.08106541,810002,464412.9,0,12,0,1178771,49,11583488,0,0.15,0.15
northrop-mall,healpix,jpeg-replacement-q80,view-direct,moderate-mobile,quick-turn,10,50,0.06,0.5,0.5,0.3609771,10.8472,0.02439024,0.9268293,0.9268293,0.2811013,-0.08106541,810002,464412.9,0,12,0,1178771,49,11583488,0,0.15,0.15
northrop-mall,healpix,jpeg-replacement-q80,view-direct,constrained-mobile,quick-turn,2,100,0.12,1.75,1.75,3.263188,11.16145,0.02439024,0.6585366,0.6585366,3.183312,-0.08106541,810002,464412.9,0,12,0,1178771,49,11583488,10.81763,1.4,1.4
northrop-mall,healpix,jpeg-replacement-q80,view-direct,very-constrained,quick-turn,0.75,150,0.2,7,7,6.900883,11.82529,0.02439024,0.3170732,0.3170732,6.821008,-0.08106541,623993.3,363801.3,159606.3,12,4,1178771,49,7389184,10.81763,4.4,4.4
northrop-mall,healpix,jpeg-replacement-q80,global,fast,quick-turn,50,20,0.03,0.5,0.5,0.102991,4.119641,0.02439024,0.9512195,0.9512195,0.02311523,-0.08106541,1193471,714115,0,49,0,1178771,49,16760832,0,0.15,0.15
northrop-mall,healpix,jpeg-replacement-q80,global,moderate-mobile,quick-turn,10,50,0.06,1.25,1.25,0.584566,9.699004,0.02439024,0.8780488,0.8780488,0.5046902,-0.08106541,1193471,714115,0,49,0,1178771,49,16760832,0,0.15,0.15
northrop-mall,healpix,jpeg-replacement-q80,global,constrained-mobile,quick-turn,2,100,0.12,4.5,5.25,2.548572,11.16145,0.02439024,0.5609756,0.4878049,2.468696,-0.08106541,1193471,714115,0,49,0,1178771,49,16760832,4.570355,1.9,2.65
northrop-mall,healpix,jpeg-replacement-q80,global,very-constrained,quick-turn,0.75,150,0.2,,,5.583692,11.16145,0.02439024,0,0,5.503816,-0.08106541,879616,488920,0,49,0,1178771,49,10469376,6.826746,,
northrop-mall,healpix,jpeg-replacement-q80-whole,global,fast,quick-turn,50,20,0.03,0.5,0.5,0.102991,4.119641,0.02439024,0.9512195,0.9512195,0.02311523,-0.08106541,1193471,714115,0,49,0,1178771,49,16760832,0,0.15,0.15
northrop-mall,healpix,jpeg-replacement-q80-whole,global,moderate-mobile,quick-turn,10,50,0.06,1.25,1.25,0.584566,9.699004,0.02439024,0.8780488,0.8780488,0.5046902,-0.08106541,1193471,714115,0,49,0,1178771,49,16760832,0,0.15,0.15
northrop-mall,healpix,jpeg-replacement-q80-whole,global,constrained-mobile,quick-turn,2,100,0.12,4.5,5.25,2.548572,11.16145,0.02439024,0.5609756,0.4878049,2.468696,-0.08106541,1193471,714115,0,49,0,1178771,49,16760832,4.570355,1.9,2.65
northrop-mall,healpix,jpeg-replacement-q80-whole,global,very-constrained,quick-turn,0.75,150,0.2,,,5.583692,11.16145,0.02439024,0,0,5.503816,-0.08106541,879616,488920,0,49,0,1178771,49,10469376,6.826746,,
northrop-mall,healpix,jpeg-replacement-q80-whole,view-direct,fast,quick-turn,50,20,0.03,0.25,0.25,0.005632813,0.2253125,0.02439024,0.9756098,0.9756098,-0.07424298,-0.08106541,810002,464412.9,0,12,0,1178771,49,11583488,0,0.15,0.15
northrop-mall,healpix,jpeg-replacement-q80-whole,view-direct,moderate-mobile,quick-turn,10,50,0.06,0.5,0.5,0.3609771,10.8472,0.02439024,0.9268293,0.9268293,0.2811013,-0.08106541,810002,464412.9,0,12,0,1178771,49,11583488,0,0.15,0.15
northrop-mall,healpix,jpeg-replacement-q80-whole,view-direct,constrained-mobile,quick-turn,2,100,0.12,1.75,1.75,3.263188,11.16145,0.02439024,0.6585366,0.6585366,3.183312,-0.08106541,810002,464412.9,0,12,0,1178771,49,11583488,10.81763,1.4,1.4
northrop-mall,healpix,jpeg-replacement-q80-whole,view-direct,very-constrained,quick-turn,0.75,150,0.2,7,7,6.900883,11.82529,0.02439024,0.3170732,0.3170732,6.821008,-0.08106541,623993.3,363801.3,159606.3,12,4,1178771,49,7389184,10.81763,4.4,4.4
bookstore,healpix,haar-residual-d12,view,fast,quick-turn,50,20,0.03,0.25,0.25,0.04984301,1.43746,0.02439024,0.9756098,0.9512195,0.8430607,0.7938445,438405,210293.4,0,45,0,479579,49,15368192,0,0.15,0.15
bookstore,healpix,haar-residual-d12,view,moderate-mobile,quick-turn,10,50,0.07,0.5,0.5,0.2970456,5.633949,0.02439024,0.9268293,0.902439,1.090263,0.7938445,438405,210293.4,0,45,0,479579,49,15368192,0,0.15,0.15
bookstore,healpix,haar-residual-d12,view,constrained-mobile,quick-turn,2,100,0.19,1.25,1.25,1.858954,15.28959,0.02439024,0.7804878,0.7804878,2.652172,0.7938445,414984.6,204939.2,40760.56,45,2,479579,49,14057472,9.055089,0.65,0.65
bookstore,healpix,haar-residual-d12,view,very-constrained,quick-turn,0.75,150,0.37,4.25,4.5,3.731266,15.28959,0.04878049,0.5853659,0.5609756,4.523825,0.7938445,366978.5,189665.1,42459.5,44,4,479579,49,11894784,12.37285,1.65,1.9
bookstore,healpix,haar-residual-d12,view-fill,fast,quick-turn,50,20,0.03,0.25,0.25,0,0,0.02439024,0.9756098,0.9756098,0.7932177,0.7938445,494279,266167.4,0,49,0,479579,49,16760832,0,0.15,0.15
bookstore,healpix,haar-residual-d12,view-fill,moderate-mobile,quick-turn,10,50,0.07,0.5,0.5,0.1408487,5.633949,0.02439024,0.9512195,0.9512195,0.9340664,0.7938445,494279,266167.4,0,49,0,479579,49,16760832,0,0.15,0.15
bookstore,healpix,haar-residual-d12,view-fill,constrained-mobile,quick-turn,2,100,0.19,1.25,1.25,0.9706632,15.28959,0.02439024,0.8536585,0.8536585,1.763881,0.7938445,494279,266167.4,0,49,0,479579,49,16760832,0,0.15,0.15
bookstore,healpix,haar-residual-d12,view-fill,very-constrained,quick-turn,0.75,150,0.37,4.25,4.5,3.731266,15.28959,0.04878049,0.5853659,0.5609756,4.523825,0.7938445,536738.5,290334.1,42459.5,53,4,479579,49,16760832,12.37285,1.65,1.9
bookstore,healpix,haar-residual-d12,global,fast,quick-turn,50,20,0.03,0.25,0.5,0.03195257,1.278103,0.02439024,0.9756098,0.9512195,0.8251703,0.7938445,494279,266167.4,0,49,0,479579,49,16760832,0,0.15,0.15
bookstore,healpix,haar-residual-d12,global,moderate-mobile,quick-turn,10,50,0.07,0.75,0.75,0.4331087,12.56537,0.02439024,0.9268293,0.9268293,1.226326,0.7938445,494279,266167.4,0,49,0,479579,49,16760832,0,0.15,0.15
bookstore,healpix,haar-residual-d12,global,constrained-mobile,quick-turn,2,100,0.19,2.5,2.75,2.002837,15.28959,0.02439024,0.7560976,0.7317073,2.796055,0.7938445,494279,266167.4,0,49,0,479579,49,16760832,0,0.15,0.15
bookstore,healpix,haar-residual-d12,global,very-constrained,quick-turn,0.75,150,0.37,5.5,6,4.212857,15.28959,0.04878049,0.4634146,0.4146341,5.005416,0.7938445,494279,266167.4,0,49,0,479579,49,16760832,8.837438,2.9,3.4
bookstore,healpix,haar-residual-d12-p0.5,view,fast,quick-turn,50,20,0.03,0.25,0.25,0.02361731,0.6747627,0.02439024,0.9756098,0.9756098,3.857925,3.835212,372841,177959.8,0,45,0,405933,49,15368192,0,0.15,0.15
bookstore,healpix,haar-residual-d12-p0.5,view,moderate-mobile,quick-turn,10,50,0.06,0.5,0.5,0.1769772,3.568281,0.02439024,0.9512195,0.902439,4.011285,3.835212,372841,177959.8,0,45,0,405933,49,15368192,0,0.15,0.15
bookstore,healpix,haar-residual-d12-p0.5,view,constrained-mobile,quick-turn,2,100,0.15,0.75,1,1.252687,12.27984,0.02439024,0.8536585,0.804878,5.086995,3.835212,358025,174570.9,24404,45,1,405933,49,14319616,5.959241,0.4,0.65
bookstore,healpix,haar-residual-d12-p0.5,view,very-constrained,quick-turn,0.75,150,0.27,1.5,4.25,2.348096,12.27984,0.04878049,0.7317073,0.5853659,6.181453,3.835212,323072.5,166622.9,9249.5,45,2,405933,49,14057472,9.381256,0.9,1.65
bookstore,healpix,jpeg-residual-q80,view,fast,quick-turn,50,20,0.03,0.25,0.25,0.0596332,1.843966,0.02439024,0.9756098,0.9512195,1.187375,1.126427,402122,208359.4,0,45,0,434086,49,15368192,0,0.15,0.15
bookstore,healpix,jpeg-residual-q80,view,moderate-mobile,quick-turn,10,50,0.06,0.5,0.5,0.3514973,6.566112,0.02439024,0.9268293,0.902439,1.479239,1.126427,402122,208359.4,0,45,0,434086,49,15368192,0,0.15,0.15
bookstore,healpix,jpeg-residual-q80,view,constrained-mobile,quick-turn,2,100,0.12,1,1.25,1.567581,13.10832,0.02439024,0.804878,0.7804878,2.695322,1.126427,390447.7,205689.1,29634.67,45,1,434086,49,14319616,6.013888,0.65,0.65
bookstore,healpix,jpeg-residual-q80,view,very-constrained,quick-turn,0.75,150,0.2,4.5,4.5,3.739064,15.46806,0.02439024,0.5609756,0.5609756,4.866806,1.126427,358823.5,198357.9,36607.5,45,3,434086,49,13008896,12.64295,1.9,1.9
bookstore,healpix,jpeg-residual-q80,view-fill,fast,quick-turn,50,20,0.03,0.25,0.25,0,0,0.02439024,0.9756098,0.9756098,1.127742,1.126427,448786,255023.4,0,49,0,434086,49,16760832,0,0.15,0.15
bookstore,healpix,jpeg-residual-q80,view-fill,moderate-mobile,quick-turn,10,50,0.06,0.5,0.5,0.1641528,6.566112,0.02439024,0.9512195,0.9512195,1.291894,1.126427,448786,255023.4,0,49,0,434086,49,16760832,0,0.15,0.15
bookstore,healpix,jpeg-residual-q80,view-fill,constrained-mobile,quick-turn,2,100,0.12,1,1.25,0.7890623,13.10832,0.02439024,0.8780488,0.8536585,1.916804,1.126427,448786,255023.4,0,49,0,434086,49,16760832,0,0.15,0.15
bookstore,healpix,jpeg-residual-q80,view-fill,very-constrained,quick-turn,0.75,150,0.2,4.5,4.5,3.739064,15.46806,0.02439024,0.5609756,0.5609756,4.866806,1.126427,485393.5,278514,36607.5,52,3,434086,49,16760832,12.64295,1.9,1.9
bookstore,healpix,jpeg-residual-q80,global,fast,quick-turn,50,20,0.03,0.25,0.5,0.04011395,1.604558,0.02439024,0.9756098,0.9512195,1.167856,1.126427,448786,255023.4,0,49,0,434086,49,16760832,0,0.15,0.15
bookstore,healpix,jpeg-residual-q80,global,moderate-mobile,quick-turn,10,50,0.06,0.75,0.75,0.4712523,13.08759,0.02439024,0.9268293,0.9268293,1.598994,1.126427,448786,255023.4,0,49,0,434086,49,16760832,0,0.15,0.15
bookstore,healpix,jpeg-residual-q80,global,constrained-mobile,quick-turn,2,100,0.12,2,2.25,1.578672,15.27189,0.02439024,0.804878,0.7804878,2.706414,1.126427,448786,255023.4,0,49,0,434086,49,16760832,0,0.15,0.15
bookstore,healpix,jpeg-residual-q80,global,very-constrained,quick-turn,0.75,150,0.2,5,5.75,3.948844,15.46806,0.02439024,0.5121951,0.4390244,5.076585,1.126427,448786,255023.4,0,49,0,434086,49,16760832,5.716938,2.4,3.15
bookstore,healpix,jpeg-replacement-q80,view,fast,quick-turn,50,20,0.03,0.25,0.25,0.02664642,0.5411334,0.02439024,0.9756098,0.9756098,1.118192,1.090178,491853,247686,0,45,0,536826,49,15368192,0,0.15,0.15
bookstore,healpix,jpeg-replacement-q80,view,moderate-mobile,quick-turn,10,50,0.06,0.5,0.5,0.2493788,6.623362,0.02439024,0.9512195,0.9268293,1.340925,1.090178,491853,247686,0,45,0,536826,49,15368192,0,0.15,0.15
bookstore,healpix,jpeg-replacement-q80,view,constrained-mobile,quick-turn,2,100,0.12,1.25,1.25,1.919444,15.47754,0.02439024,0.7560976,0.7560976,3.01099,1.090178,475214.3,243880.2,37719.3,45,1,536826,49,14319616,6.147973,0.9,0.9
bookstore,healpix,jpeg-replacement-q80,view,very-constrained,quick-turn,0.75,150,0.2,4.75,5,4.017096,15.80751,0.02439024,0.5365854,0.5121951,5.108642,1.090178,398874,216377.3,77905.01,45,5,536826,49,10911744,12.79821,2.15,2.4
bookstore,healpix,jpeg-replacement-q80,view-fill,fast,quick-turn,50,20,0.03,0.25,0.25,0,0,0.02439024,0.9756098,0.9756098,1.091546,1.090178,551526,307359,0,49,0,536826,49,16760832,0,0.15,0.15
bookstore,healpix,jpeg-replacement-q80,view-fill,moderate-mobile,quick-turn,10,50,0.06,0.5,0.5,0.165584,6.623362,0.02439024,0.9512195,0.9512195,1.25713,1.090178,551526,307359,0,49,0,536826,49,16760832,0,0.15,0.15
bookstore,healpix,jpeg-replacement-q80,view-fill,constrained-mobile,quick-turn,2,100,0.12,1.25,1.25,1.084868,15.47754,0.02439024,0.8292683,0.8292683,2.176414,1.090178,551526,307359,0,49,0,536826,49,16760832,0,0.15,0.15
bookstore,healpix,jpeg-replacement-q80,view-fill,very-constrained,quick-turn,0.75,150,0.2,4.75,5,4.017096,15.80751,0.02439024,0.5365854,0.5121951,5.108642,1.090178,629431,336993.8,77905.01,54,5,536826,49,16760832,12.79821,2.15,2.4
bookstore,healpix,jpeg-replacement-q80,view-direct,fast,quick-turn,50,20,0.03,0.25,0.25,0.01352833,0.5411334,0.02439024,0.9756098,0.9756098,1.105074,1.090178,323335,162465.8,0,12,0,536826,49,11583488,0,0.15,0.15
bookstore,healpix,jpeg-replacement-q80,view-direct,moderate-mobile,quick-turn,10,50,0.06,0.25,0.25,0.0837948,2.810659,0.02439024,0.9756098,0.9512195,1.17534,1.090178,323335,162465.8,0,12,0,536826,49,11583488,0,0.15,0.15
bookstore,healpix,jpeg-replacement-q80,view-direct,constrained-mobile,quick-turn,2,100,0.12,1,1,2.263422,15.85066,0.02439024,0.8292683,0.8292683,3.354968,1.090178,323335,162465.8,0,12,0,536826,49,11583488,15.07844,0.4,0.4
bookstore,healpix,jpeg-replacement-q80,view-direct,very-constrained,quick-turn,0.75,150,0.2,2,2,5.705003,15.85066,0.02439024,0.6097561,0.6097561,6.796548,1.090178,323335,162465.8,0,12,0,536826,49,11583488,15.38138,1.65,1.65
bookstore,healpix,jpeg-replacement-q80,global,fast,quick-turn,50,20,0.03,0.5,0.5,0.1365544,5.462176,0.02439024,0.9512195,0.9512195,1.2281,1.090178,551526,307359,0,49,0,536826,49,16760832,0,0.15,0.15
bookstore,healpix,jpeg-replacement-q80,global,moderate-mobile,quick-turn,10,50,0.06,0.75,1,0.5332534,13.12164,0.02439024,0.9268293,0.902439,1.624799,1.090178,551526,307359,0,49,0,536826,49,16760832,0,0.15,0.15
bookstore,healpix,jpeg-replacement-q80,global,constrained-mobile,quick-turn,2,100,0.12,2.75,2.75,2.036905,15.47754,0.02439024,0.7317073,0.7317073,3.128451,1.090178,551526,307359,0,49,0,536826,49,16760832,0,0.15,0.15
bookstore,healpix,jpeg-replacement-q80,global,very-constrained,quick-turn,0.75,150,0.2,6,6.75,4.862099,15.50643,0.02439024,0.4146341,0.3414634,5.953645,1.090178,551526,307359,0,49,0,536826,49,16760832,6.371635,3.4,4.15
bookstore,healpix,jpeg-replacement-q80-whole,global,fast,quick-turn,50,20,0.03,0.5,0.5,0.1365544,5.462176,0.02439024,0.9512195,0.9512195,1.2281,1.090178,551526,307359,0,49,0,536826,49,16760832,0,0.15,0.15
bookstore,healpix,jpeg-replacement-q80-whole,global,moderate-mobile,quick-turn,10,50,0.06,0.75,1,0.5332534,13.12164,0.02439024,0.9268293,0.902439,1.624799,1.090178,551526,307359,0,49,0,536826,49,16760832,0,0.15,0.15
bookstore,healpix,jpeg-replacement-q80-whole,global,constrained-mobile,quick-turn,2,100,0.12,2.75,2.75,2.036905,15.47754,0.02439024,0.7317073,0.7317073,3.128451,1.090178,551526,307359,0,49,0,536826,49,16760832,0,0.15,0.15
bookstore,healpix,jpeg-replacement-q80-whole,global,very-constrained,quick-turn,0.75,150,0.2,6,6.75,4.862099,15.50643,0.02439024,0.4146341,0.3414634,5.953645,1.090178,551526,307359,0,49,0,536826,49,16760832,6.371635,3.4,4.15
bookstore,healpix,jpeg-replacement-q80-whole,view-direct,fast,quick-turn,50,20,0.03,0.25,0.25,0.01352833,0.5411334,0.02439024,0.9756098,0.9756098,1.105074,1.090178,323335,162465.8,0,12,0,536826,49,11583488,0,0.15,0.15
bookstore,healpix,jpeg-replacement-q80-whole,view-direct,moderate-mobile,quick-turn,10,50,0.06,0.25,0.25,0.0837948,2.810659,0.02439024,0.9756098,0.9512195,1.17534,1.090178,323335,162465.8,0,12,0,536826,49,11583488,0,0.15,0.15
bookstore,healpix,jpeg-replacement-q80-whole,view-direct,constrained-mobile,quick-turn,2,100,0.12,1,1,2.263422,15.85066,0.02439024,0.8292683,0.8292683,3.354968,1.090178,323335,162465.8,0,12,0,536826,49,11583488,15.07844,0.4,0.4
bookstore,healpix,jpeg-replacement-q80-whole,view-direct,very-constrained,quick-turn,0.75,150,0.2,2,2,5.705003,15.85066,0.02439024,0.6097561,0.6097561,6.796548,1.090178,323335,162465.8,0,12,0,536826,49,11583488,15.38138,1.65,1.65
superblock,healpix,haar-residual-d12,view,fast,quick-turn,50,20,0.03,0.25,0.25,0.09061313,2.314027,0.02439024,0.9756098,0.9268293,-0.08974757,-0.1731681,1479243,915626.2,0,45,0,1595327,49,15368192,0,0.15,0.15
superblock,healpix,haar-residual-d12,view,moderate-mobile,quick-turn,10,50,0.08,0.5,0.75,0.7275712,8.920392,0.02439024,0.8780488,0.8536585,0.5472105,-0.1731681,1479243,915626.2,0,45,0,1595327,49,15368192,5.665624,0.4,0.4
superblock,healpix,haar-residual-d12,view,constrained-mobile,quick-turn,2,100,0.21,2,5.5,3.583862,12.67483,0.02439024,0.4878049,0.4634146,3.403502,-0.1731681,1298851,826285.5,141652.8,44,4,1595327,49,10911744,9.932969,2.9,2.9
superblock,healpix,haar-residual-d12,view,very-constrained,quick-turn,0.75,150,0.44,,,7.215723,12.67483,0.04878049,0,0,7.027801,-0.1731681,903469.1,579220.4,77703.13,40,8,1595327,49,3244032,10.6953,,
superblock,healpix,haar-residual-d12,view-fill,fast,quick-turn,50,20,0.03,0.25,0.25,0,0,0.02439024,0.9756098,0.9756098,-0.1803607,-0.1731681,1610027,1046410,0,49,0,1595327,49,16760832,0,0.15,0.15
superblock,healpix,haar-residual-d12,view-fill,moderate-mobile,quick-turn,10,50,0.08,0.5,0.75,0.2679756,8.920392,0.02439024,0.9512195,0.9268293,0.08761494,-0.1731681,1610027,1046410,0,49,0,1595327,49,16760832,0,0.15,0.15
superblock,healpix,haar-residual-d12,view-fill,constrained-mobile,quick-turn,2,100,0.21,2,5.5,3.583862,12.67483,0.02439024,0.4878049,0.4634146,3.403502,-0.1731681,1751680,1147255,141652.8,53,4,1595327,49,16760832,9.932969,2.9,2.9
superblock,healpix,haar-residual-d12,view-fill,very-constrained,quick-turn,0.75,150,0.44,,,7.215723,12.67483,0.04878049,0,0,7.027801,-0.1731681,903469.1,579220.4,77703.13,40,8,1595327,49,3244032,10.6953,,
superblock,healpix,haar-residual-d12,global,fast,quick-turn,50,20,0.03,0.5,0.5,0.1362429,5.449715,0.02439024,0.9512195,0.9512195,-0.04411782,-0.1731681,1610027,1046410,0,49,0,1595327,49,16760832,0,0.15,0.15
superblock,healpix,haar-residual-d12,global,moderate-mobile,quick-turn,10,50,0.08,1.25,1.75,0.7941625,10.71815,0.02439024,0.8780488,0.8292683,0.6138018,-0.1731681,1610027,1046410,0,49,0,1595327,49,16760832,0,0.15,0.15
superblock,healpix,haar-residual-d12,global,constrained-mobile,quick-turn,2,100,0.21,6.25,7,4.210544,12.67483,0.02439024,0.3902439,0.3170732,4.030183,-0.1731681,1610027,1046410,0,49,0,1595327,49,16760832,7.273724,3.65,4.4
superblock,healpix,haar-residual-d12,global,very-constrained,quick-turn,0.75,150,0.44,,,8.072971,12.67483,0.04878049,0,0,7.885049,-0.1731681,889167,568340.3,0,43,0,1595327,49,4177920,9.620621,,
superblock,healpix,haar-residual-d12-p0.5,view,fast,quick-turn,50,20,0.03,0.25,0.25,0.06558048,1.72018,0.02439024,0.9756098,0.9512195,1.514428,1.471992,1333182,828783.1,0,45,0,1436429,49,15368192,0,0.15,0.15
superblock,healpix,haar-residual-d12-p0.5,view,moderate-mobile,quick-turn,10,50,0.07,0.5,0.75,0.4475981,6.11656,0.02439024,0.8780488,0.8536585,1.896445,1.471992,1333182,828783.1,0,45,0,1436429,49,15368192,3.172253,0.4,0.4
superblock,healpix,haar-residual-d12-p0.5,view,constrained-mobile,quick-turn,2,100,0.17,1.75,5.25,2.53281,10.43808,0.02439024,0.6097561,0.4878049,3.981657,1.471992,1238828,789754.2,158314.3,45,4,1436429,49,11960320,7.645018,1.9,2.65
superblock,healpix,haar-residual-d12-p0.5,view,very-constrained,quick-turn,0.75,150,0.34,7.5,10,5.286928,10.43808,0.04878049,0.2682927,0.02439024,6.711444,1.471992,876423.1,570565,62911.13,41,7,1436429,49,7962624,9.2869,4.9,7.4
superblock,healpix,jpeg-residual-q80,view,fast,quick-turn,50,20,0.03,0.25,0.25,0.07578627,2.00216,0.02439024,0.9756098,0.9268293,1.079834,1.00299,1003460,615646.4,0,45,0,1079221,49,15368192,0,0.15,0.15
superblock,healpix,jpeg-residual-q80,view,moderate-mobile,quick-turn,10,50,0.06,0.5,0.75,0.5256628,7.040286,0.02439024,0.902439,0.8536585,1.52971,1.00299,1003460,615646.4,0,45,0,1079221,49,15368192,2.039817,0.15,0.4
superblock,healpix,jpeg-residual-q80,view,constrained-mobile,quick-turn,2,100,0.12,1.5,2,2.495305,12.7984,0.02439024,0.6341463,0.5609756,3.499352,1.00299,958574.5,605379.6,20319.5,45,1,1079221,49,14319616,7.549538,1.9,2.15
superblock,healpix,jpeg-residual-q80,view,very-constrained,quick-turn,0.75,150,0.21,8,8,4.927144,12.7984,0.02439024,0.2195122,0.2195122,5.931192,1.00299,706834.5,453019.7,68156.5,43,5,1079221,49,8814592,8.460216,5.4,5.4
superblock,healpix,jpeg-residual-q80,view-fill,fast,quick-turn,50,20,0.03,0.25,0.25,0,0,0.02439024,0.9756098,0.9756098,1.004048,1.00299,1093921,706107.4,0,49,0,1079221,49,16760832,0,0.15,0.15
superblock,healpix,jpeg-residual-q80,view-fill,moderate-mobile,quick-turn,10,50,0.06,0.5,0.75,0.190026,6.029807,0.02439024,0.9512195,0.9268293,1.194074,1.00299,1093921,706107.4,0,49,0,1079221,49,16760832,0,0.15,0.15
superblock,healpix,jpeg-residual-q80,view-fill,constrained-mobile,quick-turn,2,100,0.12,1.5,2,2.328814,12.7984,0.02439024,0.6585366,0.5853659,3.332862,1.00299,1118235,711668.8,24314,52,3,1079221,49,16760832,8.066639,1.65,1.9
superblock,healpix,jpeg-residual-q80,view-fill,very-constrained,quick-turn,0.75,150,0.21,8,8,4.927144,12.7984,0.02439024,0.2195122,0.2195122,5.931192,1.00299,884959.5,550720.8,68156.5,52,5,1079221,49,9158656,8.460216,5.4,5.4
superblock,healpix,jpeg-residual-q80,global,fast,quick-turn,50,20,0.03,0.5,0.5,0.1288207,5.152829,0.02439024,0.9512195,0.9512195,1.132868,1.00299,1093921,706107.4,0,49,0,1079221,49,16760832,0,0.15,0.15
superblock,healpix,jpeg-residual-q80,global,moderate-mobile,quick-turn,10,50,0.06,1,1.25,0.5841481,10.85751,0.02439024,0.902439,0.8780488,1.588196,1.00299,1093921,706107.4,0,49,0,1079221,49,16760832,0,0.15,0.15
superblock,healpix,jpeg-residual-q80,global,constrained-mobile,quick-turn,2,100,0.12,4.5,5,2.654486,12.7984,0.02439024,0.5609756,0.5121951,3.658534,1.00299,1093921,706107.4,0,49,0,1079221,49,16760832,5.023403,1.9,2.4
superblock,healpix,jpeg-residual-q80,global,very-constrained,quick-turn,0.75,150,0.21,,,6.301405,12.7984,0.02439024,0,0,7.305453,1.00299,876611,539816.5,0,49,0,1079221,49,10469376,7.979186,,
superblock,healpix,jpeg-replacement-q80,view,fast,quick-turn,50,20,0.03,0.25,0.25,0.04237287,1.015156,0.02439024,0.9756098,0.9512195,1.069007,1.024652,1222357,745347.9,0,45,0,1319987,49,15368192,0,0.15,0.15
superblock,healpix,jpeg-replacement-q80,view,moderate-mobile,quick-turn,10,50,0.06,0.5,0.75,0.4098428,6.027867,0.02439024,0.9268293,0.8536585,1.436477,1.024652,1222357,745347.9,0,45,0,1319987,49,15368192,2.031558,0.15,0.4
superblock,healpix,jpeg-replacement-q80,view,constrained-mobile,quick-turn,2,100,0.12,1.75,5.25,2.93339,12.81372,0.02439024,0.5365854,0.4878049,3.960024,1.024652,1167802,732869.4,27570.21,45,1,1319987,49,14319616,7.958196,2.65,2.65
superblock,healpix,jpeg-replacement-q80,view,very-constrained,quick-turn,0.75,150,0.21,9.25,9.25,5.805912,12.81372,0.02439024,0.09756098,0.09756098,6.832546,1.024652,822554,524968,95746,42,7,1319987,49,8224768,9.376966,6.65,6.65
superblock,healpix,jpeg-replacement-q80,view-fill,fast,quick-turn,50,20,0.03,0.25,0.25,0,0,0.02439024,0.9756098,0.9756098,1.026634,1.024652,1334687,857677.9,0,49,0,1319987,49,16760832,0,0.15,0.15
superblock,healpix,jpeg-replacement-q80,view-fill,moderate-mobile,quick-turn,10,50,0.06,0.5,0.75,0.1941653,6.027867,0.02439024,0.9512195,0.9268293,1.220799,1.024652,1334687,857677.9,0,49,0,1319987,49,16760832,0,0.15,0.15
superblock,healpix,jpeg-replacement-q80,view-fill,constrained-mobile,quick-turn,2,100,0.12,1.75,5.25,2.93339,12.81372,0.02439024,0.5365854,0.4878049,3.960024,1.024652,1362257,863984.1,27570.21,50,1,1319987,49,16760832,7.958196,2.65,2.65
superblock,healpix,jpeg-replacement-q80,view-fill,very-constrained,quick-turn,0.75,150,0.21,9.25,9.25,5.805912,12.81372,0.02439024,0.09756098,0.09756098,6.832546,1.024652,882554,567513.7,95746,51,7,1319987,49,8372224,9.376966,6.65,6.65
superblock,healpix,jpeg-replacement-q80,view-direct,fast,quick-turn,50,20,0.03,0.25,0.25,0.07706302,2.067365,0.02439024,0.9756098,0.9268293,1.103697,1.024652,890405,547469.2,0,12,0,1319987,49,11583488,0,0.15,0.15
superblock,healpix,jpeg-replacement-q80,view-direct,moderate-mobile,quick-turn,10,50,0.06,0.5,0.5,0.554595,12.81372,0.02439024,0.9268293,0.902439,1.581229,1.024652,890405,547469.2,0,12,0,1319987,49,11583488,0,0.15,0.15
superblock,healpix,jpeg-replacement-q80,view-direct,constrained-mobile,quick-turn,2,100,0.12,1.75,1.75,4.08792,12.81372,0.02439024,0.6097561,0.6097561,5.114554,1.024652,890405,547469.2,0,12,0,1319987,49,11583488,10.86899,1.9,1.9
superblock,healpix,jpeg-replacement-q80,view-direct,very-constrained,quick-turn,0.75,150,0.21,8.25,8.25,8.874375,12.81372,0.02439024,0.195122,0.195122,9.901009,1.024652,736394.8,446229.3,189218.8,12,5,1319987,49,6340608,10.86899,5.65,5.65
superblock,healpix,jpeg-replacement-q80,global,fast,quick-turn,50,20,0.03,0.5,0.5,0.1290819,5.163276,0.02439024,0.9512195,0.9512195,1.155716,1.024652,1334687,857677.9,0,49,0,1319987,49,16760832,0,0.15,0.15
superblock,healpix,jpeg-replacement-q80,global,moderate-mobile,quick-turn,10,50,0.06,1,1.5,0.6253652,10.84607,0.02439024,0.902439,0.8536585,1.651999,1.024652,1334687,857677.9,0,49,0,1319987,49,16760832,0,0.15,0.15
superblock,healpix,jpeg-replacement-q80,global,constrained-mobile,quick-turn,2,100,0.12,5.25,6,3.133755,12.81372,0.02439024,0.4878049,0.4146341,4.160389,1.024652,1334687,857677.9,0,49,0,1319987,49,16760832,5.000249,2.65,3.4
superblock,healpix,jpeg-replacement-q80,global,very-constrained,quick-turn,0.75,150,0.21,,,6.559949,12.81372,0.02439024,0,0,7.586583,1.024652,885128,531057.8,0,46,0,1319987,49,7323648,7.958196,,
superblock,healpix,jpeg-replacement-q80-whole,global,fast,quick-turn,50,20,0.03,0.5,0.5,0.1290819,5.163276,0.02439024,0.9512195,0.9512195,1.155716,1.024652,1334687,857677.9,0,49,0,1319987,49,16760832,0,0.15,0.15
superblock,healpix,jpeg-replacement-q80-whole,global,moderate-mobile,quick-turn,10,50,0.06,1,1.5,0.6253652,10.84607,0.02439024,0.902439,0.8536585,1.651999,1.024652,1334687,857677.9,0,49,0,1319987,49,16760832,0,0.15,0.15
superblock,healpix,jpeg-replacement-q80-whole,global,constrained-mobile,quick-turn,2,100,0.12,5.25,6,3.133755,12.81372,0.02439024,0.4878049,0.4146341,4.160389,1.024652,1334687,857677.9,0,49,0,1319987,49,16760832,5.000249,2.65,3.4
superblock,healpix,jpeg-replacement-q80-whole,global,very-constrained,quick-turn,0.75,150,0.21,,,6.559949,12.81372,0.02439024,0,0,7.586583,1.024652,885128,531057.8,0,46,0,1319987,49,7323648,7.958196,,
superblock,healpix,jpeg-replacement-q80-whole,view-direct,fast,quick-turn,50,20,0.03,0.25,0.25,0.07706302,2.067365,0.02439024,0.9756098,0.9268293,1.103697,1.024652,890405,547469.2,0,12,0,1319987,49,11583488,0,0.15,0.15
superblock,healpix,jpeg-replacement-q80-whole,view-direct,moderate-mobile,quick-turn,10,50,0.06,0.5,0.5,0.554595,12.81372,0.02439024,0.9268293,0.902439,1.581229,1.024652,890405,547469.2,0,12,0,1319987,49,11583488,0,0.15,0.15
superblock,healpix,jpeg-replacement-q80-whole,view-direct,constrained-mobile,quick-turn,2,100,0.12,1.75,1.75,4.08792,12.81372,0.02439024,0.6097561,0.6097561,5.114554,1.024652,890405,547469.2,0,12,0,1319987,49,11583488,10.86899,1.9,1.9
superblock,healpix,jpeg-replacement-q80-whole,view-direct,very-constrained,quick-turn,0.75,150,0.21,8.25,8.25,8.874375,12.81372,0.02439024,0.195122,0.195122,9.901009,1.024652,736394.8,446229.3,189218.8,12,5,1319987,49,6340608,10.86899,5.65,5.65
