panorama,representation,scheme,policy,profile,trace,megabitsPerSecond,roundTripMs,timeToCoarseSphere,timeToAcceptable,timeToHigh,meanShortfallDb,worstShortfallDb,shareOfTimeBlank,shareOfTimeAcceptable,shareOfTimeHigh,meanDeficitDb,deficitWithEverythingDb,bytesReceived,bytesNeverLookedAt,bytesCancelled,requests,requestsCancelled,schemeBytes,schemeUnits,finalResidentBytes,afterTurnShortfallDb,afterTurnTimeToAcceptable,afterTurnTimeToHigh
northrop-mall,cube,haar-residual-d12,view,fast,stationary,50,20,0.03,0.25,0.5,0.02900954,1.160382,0.02439024,0.9756098,0.9512195,-0.477421,-0.5064305,334230,145122.1,0,51,0,1433336,301,3188736,,,
northrop-mall,cube,haar-residual-d12,view,moderate-mobile,stationary,10,50,0.08,0.5,0.75,0.2232565,7.336368,0.02439024,0.9512195,0.9268293,-0.283174,-0.5064305,334230,145122.1,0,51,0,1433336,301,3188736,,,
northrop-mall,cube,haar-residual-d12,view,constrained-mobile,stationary,2,100,0.21,1.25,1.5,0.7619645,11.36053,0.02439024,0.8780488,0.8536585,0.255534,-0.5064305,334230,145122.1,0,51,0,1433336,301,3188736,,,
northrop-mall,cube,haar-residual-d12,view,very-constrained,stationary,0.75,150,0.43,2.75,3.75,1.942373,11.36053,0.04878049,0.7317073,0.6341463,1.435942,-0.5064305,334230,145122.1,0,51,0,1433336,301,3188736,,,
northrop-mall,cube,haar-residual-d12,view-fill,fast,stationary,50,20,0.03,0.25,0.5,0.02900954,1.160382,0.02439024,0.9756098,0.9512195,-0.477421,-0.5064305,1523636,1334528,0,301,0,1433336,301,18855936,,,
northrop-mall,cube,haar-residual-d12,view-fill,moderate-mobile,stationary,10,50,0.08,0.5,0.75,0.2232565,7.336368,0.02439024,0.9512195,0.9268293,-0.283174,-0.5064305,1523636,1334528,0,301,0,1433336,301,18855936,,,
northrop-mall,cube,haar-residual-d12,view-fill,constrained-mobile,stationary,2,100,0.21,1.25,1.5,0.7619645,11.36053,0.02439024,0.8780488,0.8536585,0.255534,-0.5064305,1523636,1334528,0,301,0,1433336,301,18855936,,,
northrop-mall,cube,haar-residual-d12,view-fill,very-constrained,stationary,0.75,150,0.43,2.75,3.75,1.942373,11.36053,0.04878049,0.7317073,0.6341463,1.435942,-0.5064305,841337.5,652229.6,0,146,0,1433336,301,8239104,,,
northrop-mall,cube,haar-residual-d12,global,fast,stationary,50,20,0.03,1,1.25,0.5088139,7.92348,0.02439024,0.902439,0.8780488,0.002383421,-0.5064305,1523636,1334528,0,301,0,1433336,301,18855936,,,
northrop-mall,cube,haar-residual-d12,global,moderate-mobile,stationary,10,50,0.08,2.25,2.25,1.175894,9.915405,0.02439024,0.7804878,0.7804878,0.669464,-0.5064305,1523636,1334528,0,301,0,1433336,301,18855936,,,
northrop-mall,cube,haar-residual-d12,global,constrained-mobile,stationary,2,100,0.21,5.25,5.5,3.229587,11.36053,0.02439024,0.4878049,0.4634146,2.723156,-0.5064305,1523636,1334528,0,301,0,1433336,301,18855936,,,
northrop-mall,cube,haar-residual-d12,global,very-constrained,stationary,0.75,150,0.43,,,6.619398,11.36053,0.04878049,0,0,6.112968,-0.5064305,836541,760960.1,0,159,0,1433336,301,9156608,,,
northrop-mall,cube,haar-residual-d12-p0.5,view,fast,stationary,50,20,0.03,0.25,0.25,0.02466393,0.9865571,0.02439024,0.9756098,0.9756098,0.2783509,0.253687,298801,125522,0,51,0,1308331,301,3188736,,,
northrop-mall,cube,haar-residual-d12-p0.5,view,moderate-mobile,stationary,10,50,0.07,0.5,0.75,0.1925742,6.405843,0.02439024,0.9512195,0.9268293,0.4462612,0.253687,298801,125522,0,51,0,1308331,301,3188736,,,
northrop-mall,cube,haar-residual-d12-p0.5,view,constrained-mobile,stationary,2,100,0.16,1,1.5,0.6350866,10.6145,0.02439024,0.902439,0.8536585,0.8887736,0.253687,298801,125522,0,51,0,1308331,301,3188736,,,
northrop-mall,cube,haar-residual-d12-p0.5,view,very-constrained,stationary,0.75,150,0.31,2.25,3,1.331481,10.6145,0.04878049,0.7804878,0.7073171,1.585168,0.253687,298801,125522,0,51,0,1308331,301,3188736,,,
northrop-mall,cube,jpeg-residual-q80,view,fast,stationary,50,20,0.03,0.25,0.5,0.02868337,1.147335,0.02439024,0.9756098,0.9512195,0.2137002,0.1850168,254555,102155.4,0,51,0,1146629,301,3188736,,,
northrop-mall,cube,jpeg-residual-q80,view,moderate-mobile,stationary,10,50,0.06,0.5,0.75,0.183312,5.974386,0.02439024,0.9512195,0.9268293,0.3683288,0.1850168,254555,102155.4,0,51,0,1146629,301,3188736,,,
northrop-mall,cube,jpeg-residual-q80,view,constrained-mobile,stationary,2,100,0.12,1,1.25,0.5230344,9.582479,0.02439024,0.902439,0.8780488,0.7080512,0.1850168,254555,102155.4,0,51,0,1146629,301,3188736,,,
northrop-mall,cube,jpeg-residual-q80,view,very-constrained,stationary,0.75,150,0.21,2,2.75,1.300434,10.99494,0.02439024,0.804878,0.7317073,1.485451,0.1850168,254555,102155.4,0,51,0,1146629,301,3188736,,,
northrop-mall,cube,jpeg-residual-q80,view-fill,fast,stationary,50,20,0.03,0.25,0.5,0.02868337,1.147335,0.02439024,0.9756098,0.9512195,0.2137002,0.1850168,1236929,1084529,0,301,0,1146629,301,18855936,,,
northrop-mall,cube,jpeg-residual-q80,view-fill,moderate-mobile,stationary,10,50,0.06,0.5,0.75,0.183312,5.974386,0.02439024,0.9512195,0.9268293,0.3683288,0.1850168,1236929,1084529,0,301,0,1146629,301,18855936,,,
northrop-mall,cube,jpeg-residual-q80,view-fill,constrained-mobile,stationary,2,100,0.12,1,1.25,0.5230344,9.582479,0.02439024,0.902439,0.8780488,0.7080512,0.1850168,1236929,1084529,0,301,0,1146629,301,18855936,,,
northrop-mall,cube,jpeg-residual-q80,view-fill,very-constrained,stationary,0.75,150,0.21,2,2.75,1.300434,10.99494,0.02439024,0.804878,0.7317073,1.485451,0.1850168,771786,619386.4,0,195,0,1146629,301,11515904,,,
northrop-mall,cube,jpeg-residual-q80,global,fast,stationary,50,20,0.03,1,1.25,0.4811278,7.711389,0.02439024,0.902439,0.8780488,0.6661446,0.1850168,1236929,1084529,0,301,0,1146629,301,18855936,,,
northrop-mall,cube,jpeg-residual-q80,global,moderate-mobile,stationary,10,50,0.06,2,2.25,1.097608,9.582479,0.02439024,0.804878,0.7804878,1.282625,0.1850168,1236929,1084529,0,301,0,1146629,301,18855936,,,
northrop-mall,cube,jpeg-residual-q80,global,constrained-mobile,stationary,2,100,0.12,4.5,5,2.708432,10.99494,0.02439024,0.5609756,0.5121951,2.893448,0.1850168,1236929,1084529,0,301,0,1146629,301,18855936,,,
northrop-mall,cube,jpeg-residual-q80,global,very-constrained,stationary,0.75,150,0.21,9.5,10,5.536302,10.99494,0.02439024,0.07317073,0.02439024,5.721318,0.1850168,760746.5,612990.9,0,194,0,1146629,301,11450368,,,
northrop-mall,cube,jpeg-replacement-q80,view,fast,stationary,50,20,0.03,0.25,0.25,0.01257619,0.5030477,0.02439024,0.9756098,0.9756098,0.2234109,0.2108347,301601,120690.5,0,51,0,1364518,301,3188736,,,
northrop-mall,cube,jpeg-replacement-q80,view,moderate-mobile,stationary,10,50,0.06,0.5,0.75,0.1635218,5.026433,0.02439024,0.9512195,0.9268293,0.3743566,0.2108347,301601,120690.5,0,51,0,1364518,301,3188736,,,
northrop-mall,cube,jpeg-replacement-q80,view,constrained-mobile,stationary,2,100,0.12,1,1.5,0.6894428,10.96912,0.02439024,0.902439,0.8536585,0.9002776,0.2108347,301601,120690.5,0,51,0,1364518,301,3188736,,,
northrop-mall,cube,jpeg-replacement-q80,view,very-constrained,stationary,0.75,150,0.21,2.25,3.25,1.528893,10.96912,0.02439024,0.7804878,0.6829268,1.739728,0.2108347,301601,120690.5,0,51,0,1364518,301,3188736,,,
northrop-mall,cube,jpeg-replacement-q80,view-fill,fast,stationary,50,20,0.03,0.25,0.25,0.01257619,0.5030477,0.02439024,0.9756098,0.9756098,0.2234109,0.2108347,1454818,1273907,0,301,0,1364518,301,18855936,,,
northrop-mall,cube,jpeg-replacement-q80,view-fill,moderate-mobile,stationary,10,50,0.06,0.5,0.75,0.1635218,5.026433,0.02439024,0.9512195,0.9268293,0.3743566,0.2108347,1454818,1273907,0,301,0,1364518,301,18855936,,,
northrop-mall,cube,jpeg-replacement-q80,view-fill,constrained-mobile,stationary,2,100,0.12,1,1.5,0.6894428,10.96912,0.02439024,0.902439,0.8536585,0.9002776,0.2108347,1454818,1273907,0,301,0,1364518,301,18855936,,,
northrop-mall,cube,jpeg-replacement-q80,view-fill,very-constrained,stationary,0.75,150,0.21,2.25,3.25,1.528893,10.96912,0.02439024,0.7804878,0.6829268,1.739728,0.2108347,795587.5,614677,0,175,0,1364518,301,10205184,,,
northrop-mall,cube,jpeg-replacement-q80,view-direct,fast,stationary,50,20,0.03,0.25,0.25,0,0,0.02439024,0.9756098,0.9756098,0.2108347,0.2108347,222130,88981.18,0,37,0,1364518,301,2414592,,,
northrop-mall,cube,jpeg-replacement-q80,view-direct,moderate-mobile,stationary,10,50,0.06,0.5,0.5,0.2033892,7.873286,0.02439024,0.9512195,0.9512195,0.4142239,0.2108347,222130,88981.18,0,37,0,1364518,301,2414592,,,
northrop-mall,cube,jpeg-replacement-q80,view-direct,constrained-mobile,stationary,2,100,0.12,1.25,1.25,0.7828781,10.96912,0.02439024,0.8780488,0.8780488,0.9937129,0.2108347,222130,88981.18,0,37,0,1364518,301,2414592,,,
northrop-mall,cube,jpeg-replacement-q80,view-direct,very-constrained,stationary,0.75,150,0.21,2.5,2.75,1.793276,10.96912,0.02439024,0.7560976,0.7317073,2.004111,0.2108347,222130,88981.18,0,37,0,1364518,301,2414592,,,
northrop-mall,cube,jpeg-replacement-q80,global,fast,stationary,50,20,0.03,1,1.25,0.4797687,7.694069,0.02439024,0.902439,0.8780488,0.6906034,0.2108347,1454818,1273907,0,301,0,1364518,301,18855936,,,
northrop-mall,cube,jpeg-replacement-q80,global,moderate-mobile,stationary,10,50,0.06,2.25,2.25,1.132283,9.56123,0.02439024,0.7804878,0.7804878,1.343117,0.2108347,1454818,1273907,0,301,0,1364518,301,18855936,,,
northrop-mall,cube,jpeg-replacement-q80,global,constrained-mobile,stationary,2,100,0.12,5.25,5.75,3.017213,10.96912,0.02439024,0.4878049,0.4390244,3.228048,0.2108347,1454818,1273907,0,301,0,1364518,301,18855936,,,
northrop-mall,cube,jpeg-replacement-q80,global,very-constrained,stationary,0.75,150,0.21,,,5.877292,10.96912,0.02439024,0,0,6.088127,0.2108347,788364.5,686256.2,0,178,0,1364518,301,10401792,,,
northrop-mall,cube,jpeg-replacement-q80-whole,global,fast,stationary,50,20,0.03,0.5,0.5,0.1211317,4.845266,0.02439024,0.9512195,0.9512195,0.3291013,0.2079697,1287939,1128690,0,25,0,1280439,25,18855936,,,
northrop-mall,cube,jpeg-replacement-q80-whole,global,moderate-mobile,stationary,10,50,0.06,1.25,1.25,0.555802,7.696281,0.02439024,0.8780488,0.8780488,0.7637717,0.2079697,1287939,1128690,0,25,0,1280439,25,18855936,,,
northrop-mall,cube,jpeg-replacement-q80-whole,global,constrained-mobile,stationary,2,100,0.12,5,5,2.929017,10.97198,0.02439024,0.5121951,0.5121951,3.136987,0.2079697,1287939,1128690,0,25,0,1280439,25,18855936,,,
northrop-mall,cube,jpeg-replacement-q80-whole,global,very-constrained,stationary,0.75,150,0.21,,,6.432094,10.97198,0.02439024,0,0,6.640064,0.2079697,905638,794413.3,0,25,0,1280439,25,7059456,,,
northrop-mall,cube,jpeg-replacement-q80-whole,view-direct,fast,stationary,50,20,0.03,0.25,0.25,0,0,0.02439024,0.9756098,0.9756098,0.2079697,0.2079697,200637,84538.36,0,2,0,1280439,25,2414592,,,
northrop-mall,cube,jpeg-replacement-q80-whole,view-direct,moderate-mobile,stationary,10,50,0.06,0.5,0.5,0.2742996,10.97198,0.02439024,0.9512195,0.9512195,0.4822693,0.2079697,200637,84538.36,0,2,0,1280439,25,2414592,,,
northrop-mall,cube,jpeg-replacement-q80-whole,view-direct,constrained-mobile,stationary,2,100,0.12,1.25,1.25,1.097198,10.97198,0.02439024,0.8780488,0.8780488,1.305168,0.2079697,200637,84538.36,0,2,0,1280439,25,2414592,,,
northrop-mall,cube,jpeg-replacement-q80-whole,view-direct,very-constrained,stationary,0.75,150,0.21,2.5,2.5,2.468697,10.97198,0.02439024,0.7560976,0.7560976,2.676666,0.2079697,200637,84538.36,0,2,0,1280439,25,2414592,,,
bookstore,cube,haar-residual-d12,view,fast,stationary,50,20,0.03,0.25,0.5,0.02602301,1.04092,0.02439024,0.9756098,0.9512195,1.355494,1.329471,102313,47192.01,0,51,0,374355,301,3188736,,,
bookstore,cube,haar-residual-d12,view,moderate-mobile,stationary,10,50,0.07,0.5,0.75,0.1591485,5.325021,0.02439024,0.9512195,0.9268293,1.488619,1.329471,102313,47192.01,0,51,0,374355,301,3188736,,,
bookstore,cube,haar-residual-d12,view,constrained-mobile,stationary,2,100,0.19,1,1.25,0.7316839,15.20125,0.02439024,0.902439,0.8780488,2.061155,1.329471,102313,47192.01,0,51,0,374355,301,3188736,,,
bookstore,cube,haar-residual-d12,view,very-constrained,stationary,0.75,150,0.37,1.5,2,1.016111,15.20125,0.04878049,0.8536585,0.804878,2.345581,1.329471,102313,47192.01,0,51,0,374355,301,3188736,,,
bookstore,cube,haar-residual-d12,view-fill,fast,stationary,50,20,0.03,0.25,0.5,0.02602301,1.04092,0.02439024,0.9756098,0.9512195,1.355494,1.329471,464655,409534,0,301,0,374355,301,18855936,,,
bookstore,cube,haar-residual-d12,view-fill,moderate-mobile,stationary,10,50,0.07,0.5,0.75,0.1591485,5.325021,0.02439024,0.9512195,0.9268293,1.488619,1.329471,464655,409534,0,301,0,374355,301,18855936,,,
bookstore,cube,haar-residual-d12,view-fill,constrained-mobile,stationary,2,100,0.19,1,1.25,0.7316839,15.20125,0.02439024,0.902439,0.8780488,2.061155,1.329471,464655,409534,0,301,0,374355,301,18855936,,,
bookstore,cube,haar-residual-d12,view-fill,very-constrained,stationary,0.75,150,0.37,1.5,2,1.016111,15.20125,0.04878049,0.8536585,0.804878,2.345581,1.329471,458029.5,402908.5,0,298,0,374355,301,18266112,,,
bookstore,cube,haar-residual-d12,global,fast,stationary,50,20,0.03,1,1.25,0.5119367,9.216721,0.02439024,0.902439,0.8780488,1.841407,1.329471,464655,409534,0,301,0,374355,301,18855936,,,
bookstore,cube,haar-residual-d12,global,moderate-mobile,stationary,10,50,0.07,2,2.25,1.20375,12.77738,0.02439024,0.804878,0.7804878,2.53322,1.329471,464655,409534,0,301,0,374355,301,18855936,,,
bookstore,cube,haar-residual-d12,global,constrained-mobile,stationary,2,100,0.19,4,4.25,2.706352,15.20125,0.02439024,0.6097561,0.5853659,4.035822,1.329471,464655,409534,0,301,0,374355,301,18855936,,,
bookstore,cube,haar-residual-d12,global,very-constrained,stationary,0.75,150,0.37,6.75,6.75,4.725294,15.20125,0.04878049,0.3414634,0.3414634,6.054765,1.329471,462951,407830,0,301,0,374355,301,18724864,,,
bookstore,cube,haar-residual-d12-p0.5,view,fast,stationary,50,20,0.03,0.25,0.25,0.01419057,0.5676228,0.02439024,0.9756098,0.9756098,4.125348,4.111157,81863,34250.36,0,51,0,307656,301,3188736,,,
bookstore,cube,haar-residual-d12-p0.5,view,moderate-mobile,stationary,10,50,0.06,0.5,0.5,0.1016895,3.499957,0.02439024,0.9512195,0.9512195,4.212847,4.111157,81863,34250.36,0,51,0,307656,301,3188736,,,
bookstore,cube,haar-residual-d12-p0.5,view,constrained-mobile,stationary,2,100,0.15,0.75,1,0.4568044,12.46921,0.02439024,0.9268293,0.902439,4.567962,4.111157,81863,34250.36,0,51,0,307656,301,3188736,,,
bookstore,cube,haar-residual-d12-p0.5,view,very-constrained,stationary,0.75,150,0.26,1.25,1.5,0.581273,10.12607,0.04878049,0.8780488,0.8536585,4.69243,4.111157,81863,34250.36,0,51,0,307656,301,3188736,,,
bookstore,cube,jpeg-residual-q80,view,fast,stationary,50,20,0.03,0.25,0.5,0.03725063,1.490025,0.02439024,0.9756098,0.9512195,1.498494,1.461243,99885,38829.13,0,51,0,479057,301,3188736,,,
bookstore,cube,jpeg-residual-q80,view,moderate-mobile,stationary,10,50,0.06,0.5,0.75,0.1909069,6.14625,0.02439024,0.9512195,0.9268293,1.65215,1.461243,99885,38829.13,0,51,0,479057,301,3188736,,,
bookstore,cube,jpeg-residual-q80,view,constrained-mobile,stationary,2,100,0.12,1,1.25,0.5996653,13.15113,0.02439024,0.902439,0.8780488,2.060909,1.461243,99885,38829.13,0,51,0,479057,301,3188736,,,
bookstore,cube,jpeg-residual-q80,view,very-constrained,stationary,0.75,150,0.19,1.5,1.75,1.080396,15.444,0.02439024,0.8536585,0.8292683,2.541639,1.461243,99885,38829.13,0,51,0,479057,301,3188736,,,
bookstore,cube,jpeg-residual-q80,view-fill,fast,stationary,50,20,0.03,0.25,0.5,0.03725063,1.490025,0.02439024,0.9756098,0.9512195,1.498494,1.461243,569357,508301.1,0,301,0,479057,301,18855936,,,
bookstore,cube,jpeg-residual-q80,view-fill,moderate-mobile,stationary,10,50,0.06,0.5,0.75,0.1909069,6.14625,0.02439024,0.9512195,0.9268293,1.65215,1.461243,569357,508301.1,0,301,0,479057,301,18855936,,,
bookstore,cube,jpeg-residual-q80,view-fill,constrained-mobile,stationary,2,100,0.12,1,1.25,0.5996653,13.15113,0.02439024,0.902439,0.8780488,2.060909,1.461243,569357,508301.1,0,301,0,479057,301,18855936,,,
bookstore,cube,jpeg-residual-q80,view-fill,very-constrained,stationary,0.75,150,0.19,1.5,1.75,1.080396,15.444,0.02439024,0.8536585,0.8292683,2.541639,1.461243,526097.5,465041.6,0,283,0,479057,301,17152000,,,
bookstore,cube,jpeg-residual-q80,global,fast,stationary,50,20,0.03,1,1.25,0.5782982,9.848174,0.02439024,0.902439,0.8780488,2.039542,1.461243,569357,508301.1,0,301,0,479057,301,18855936,,,
bookstore,cube,jpeg-residual-q80,global,moderate-mobile,stationary,10,50,0.06,2,2.25,1.268922,10.20946,0.02439024,0.804878,0.7804878,2.730165,1.461243,569357,508301.1,0,301,0,479057,301,18855936,,,
bookstore,cube,jpeg-residual-q80,global,constrained-mobile,stationary,2,100,0.12,4,4,2.871936,15.444,0.02439024,0.6097561,0.6097561,4.33318,1.461243,569357,508301.1,0,301,0,479057,301,18855936,,,
bookstore,cube,jpeg-residual-q80,global,very-constrained,stationary,0.75,150,0.19,6.5,6.75,4.727846,15.444,0.02439024,0.3658537,0.3414634,6.18909,1.461243,550346.5,489290.6,0,295,0,479057,301,18069504,,,
bookstore,cube,jpeg-replacement-q80,view,fast,stationary,50,20,0.03,0.25,0.25,0.02039253,0.815701,0.02439024,0.9756098,0.9756098,1.417419,1.397027,116751,44406.75,0,51,0,562884,301,3188736,,,
bookstore,cube,jpeg-replacement-q80,view,moderate-mobile,stationary,10,50,0.06,0.5,0.5,0.1665397,5.845887,0.02439024,0.9512195,0.9512195,1.563566,1.397027,116751,44406.75,0,51,0,562884,301,3188736,,,
bookstore,cube,jpeg-replacement-q80,view,constrained-mobile,stationary,2,100,0.12,1,1.25,0.6837925,15.50821,0.02439024,0.902439,0.8780488,2.080819,1.397027,116751,44406.75,0,51,0,562884,301,3188736,,,
bookstore,cube,jpeg-replacement-q80,view,very-constrained,stationary,0.75,150,0.19,1.5,2,1.190562,15.50821,0.02439024,0.8536585,0.804878,2.587588,1.397027,116751,44406.75,0,51,0,562884,301,3188736,,,
bookstore,cube,jpeg-replacement-q80,view-fill,fast,stationary,50,20,0.03,0.25,0.25,0.02039253,0.815701,0.02439024,0.9756098,0.9756098,1.417419,1.397027,653184,580839.7,0,301,0,562884,301,18855936,,,
bookstore,cube,jpeg-replacement-q80,view-fill,moderate-mobile,stationary,10,50,0.06,0.5,0.5,0.1665397,5.845887,0.02439024,0.9512195,0.9512195,1.563566,1.397027,653184,580839.7,0,301,0,562884,301,18855936,,,
bookstore,cube,jpeg-replacement-q80,view-fill,constrained-mobile,stationary,2,100,0.12,1,1.25,0.6837925,15.50821,0.02439024,0.902439,0.8780488,2.080819,1.397027,653184,580839.7,0,301,0,562884,301,18855936,,,
bookstore,cube,jpeg-replacement-q80,view-fill,very-constrained,stationary,0.75,150,0.19,1.5,2,1.190562,15.50821,0.02439024,0.8536585,0.804878,2.587588,1.397027,581056,508711.7,0,270,0,562884,301,16431104,,,
bookstore,cube,jpeg-replacement-q80,view-direct,fast,stationary,50,20,0.03,0.25,0.25,0,0,0.02439024,0.9756098,0.9756098,1.397027,1.397027,80985,30412.63,0,37,0,562884,301,2414592,,,
bookstore,cube,jpeg-replacement-q80,view-direct,moderate-mobile,stationary,10,50,0.06,0.5,0.5,0.2891161,11.56464,0.02439024,0.9512195,0.9512195,1.686143,1.397027,80985,30412.63,0,37,0,562884,301,2414592,,,
bookstore,cube,jpeg-replacement-q80,view-direct,constrained-mobile,stationary,2,100,0.12,1,1,0.9047618,15.50821,0.02439024,0.902439,0.902439,2.301788,1.397027,80985,30412.63,0,37,0,562884,301,2414592,,,
bookstore,cube,jpeg-replacement-q80,view-direct,very-constrained,stationary,0.75,150,0.19,1.75,1.75,1.725788,15.50821,0.02439024,0.8292683,0.8292683,3.122815,1.397027,80985,30412.63,0,37,0,562884,301,2414592,,,
bookstore,cube,jpeg-replacement-q80,global,fast,stationary,50,20,0.03,1,1.25,0.5822064,9.897325,0.02439024,0.902439,0.8780488,1.979233,1.397027,653184,580839.7,0,301,0,562884,301,18855936,,,
bookstore,cube,jpeg-replacement-q80,global,moderate-mobile,stationary,10,50,0.06,2,2.25,1.35144,13.21207,0.02439024,0.804878,0.7804878,2.748467,1.397027,653184,580839.7,0,301,0,562884,301,18855936,,,
bookstore,cube,jpeg-replacement-q80,global,constrained-mobile,stationary,2,100,0.12,4,4.25,2.959338,15.50821,0.02439024,0.6097561,0.5853659,4.356365,1.397027,653184,580839.7,0,301,0,562884,301,18855936,,,
bookstore,cube,jpeg-replacement-q80,global,very-constrained,stationary,0.75,150,0.19,7,7.25,5.171577,15.50821,0.02439024,0.3170732,0.2926829,6.568604,1.397027,600759.5,528415.2,0,280,0,562884,301,17086464,,,
bookstore,cube,jpeg-replacement-q80-whole,global,fast,stationary,50,20,0.03,0.25,0.25,0,0,0.02439024,0.9756098,0.9756098,1.389948,1.389948,485215,434233.3,0,25,0,477715,25,18855936,,,
bookstore,cube,jpeg-replacement-q80-whole,global,moderate-mobile,stationary,10,50,0.06,0.75,0.75,0.3940354,9.903588,0.02439024,0.9268293,0.9268293,1.783984,1.389948,485215,434233.3,0,25,0,477715,25,18855936,,,
bookstore,cube,jpeg-replacement-q80-whole,global,constrained-mobile,stationary,2,100,0.12,2.25,2.25,1.799323,15.51529,0.02439024,0.7804878,0.7804878,3.189271,1.389948,485215,434233.3,0,25,0,477715,25,18855936,,,
bookstore,cube,jpeg-replacement-q80-whole,global,very-constrained,stationary,0.75,150,0.19,5.5,5.5,4.291726,15.51529,0.02439024,0.4634146,0.4634146,5.681674,1.389948,485215,434233.3,0,25,0,477715,25,18855936,,,
bookstore,cube,jpeg-replacement-q80-whole,view-direct,fast,stationary,50,20,0.03,0.25,0.25,0,0,0.02439024,0.9756098,0.9756098,1.389948,1.389948,60170,26476.67,0,2,0,477715,25,2414592,,,
bookstore,cube,jpeg-replacement-q80-whole,view-direct,moderate-mobile,stationary,10,50,0.06,0.25,0.25,0,0,0.02439024,0.9756098,0.9756098,1.389948,1.389948,60170,26476.67,0,2,0,477715,25,2414592,,,
bookstore,cube,jpeg-replacement-q80-whole,view-direct,constrained-mobile,stationary,2,100,0.12,0.5,0.5,0.3878823,15.51529,0.02439024,0.9512195,0.9512195,1.777831,1.389948,60170,26476.67,0,2,0,477715,25,2414592,,,
bookstore,cube,jpeg-replacement-q80-whole,view-direct,very-constrained,stationary,0.75,150,0.19,1,1,1.163647,15.51529,0.02439024,0.902439,0.902439,2.553595,1.389948,60170,26476.67,0,2,0,477715,25,2414592,,,
superblock,cube,haar-residual-d12,view,fast,stationary,50,20,0.03,0.25,0.5,0.03326869,1.330748,0.02439024,0.9756098,0.9512195,0.8503167,0.817048,185120,85811.07,0,51,0,1725644,301,3188736,,,
superblock,cube,haar-residual-d12,view,moderate-mobile,stationary,10,50,0.08,0.5,0.75,0.2379923,8.036096,0.02439024,0.9512195,0.9268293,1.05504,0.817048,185120,85811.07,0,51,0,1725644,301,3188736,,,
superblock,cube,haar-residual-d12,view,constrained-mobile,stationary,2,100,0.22,1,1.5,0.7097055,12.31148,0.02439024,0.902439,0.8536585,1.526753,0.817048,185120,85811.07,0,51,0,1725644,301,3188736,,,
superblock,cube,haar-residual-d12,view,very-constrained,stationary,0.75,150,0.46,2,2.5,1.372215,12.31148,0.04878049,0.804878,0.7560976,2.189263,0.817048,185120,85811.07,0,51,0,1725644,301,3188736,,,
superblock,cube,haar-residual-d12,view-fill,fast,stationary,50,20,0.03,0.25,0.5,0.03326869,1.330748,0.02439024,0.9756098,0.9512195,0.8503167,0.817048,1815944,1716635,0,301,0,1725644,301,18855936,,,
superblock,cube,haar-residual-d12,view-fill,moderate-mobile,stationary,10,50,0.08,0.5,0.75,0.2379923,8.036096,0.02439024,0.9512195,0.9268293,1.05504,0.817048,1815944,1716635,0,301,0,1725644,301,18855936,,,
superblock,cube,haar-residual-d12,view-fill,constrained-mobile,stationary,2,100,0.22,1,1.5,0.7097055,12.31148,0.02439024,0.902439,0.8536585,1.526753,0.817048,1815944,1716635,0,301,0,1725644,301,18855936,,,
superblock,cube,haar-residual-d12,view-fill,very-constrained,stationary,0.75,150,0.46,2,2.5,1.372215,12.31148,0.04878049,0.804878,0.7560976,2.189263,0.817048,854380.5,755071.6,0,126,0,1725644,301,6993920,,,
superblock,cube,haar-residual-d12,global,fast,stationary,50,20,0.03,1.25,1.25,0.5089688,8.043104,0.02439024,0.8780488,0.8780488,1.326017,0.817048,1815944,1716635,0,301,0,1725644,301,18855936,,,
superblock,cube,haar-residual-d12,global,moderate-mobile,stationary,10,50,0.08,2.25,2.25,1.26289,10.56552,0.02439024,0.7804878,0.7804878,2.079938,0.817048,1815944,1716635,0,301,0,1725644,301,18855936,,,
superblock,cube,haar-residual-d12,global,constrained-mobile,stationary,2,100,0.22,5.75,6,3.579277,12.31148,0.02439024,0.4390244,0.4146341,4.396325,0.817048,1815944,1716635,0,301,0,1725644,301,18855936,,,
superblock,cube,haar-residual-d12,global,very-constrained,stationary,0.75,150,0.46,,,6.955287,12.31148,0.04878049,0,0,7.772335,0.817048,893285.5,847368.3,0,114,0,1725644,301,6207488,,,
superblock,cube,haar-residual-d12-p0.5,view,fast,stationary,50,20,0.03,0.25,0.25,0.02238995,0.8955979,0.02439024,0.9756098,0.9756098,2.698396,2.676006,157076,69496.28,0,51,0,1548031,301,3188736,,,
superblock,cube,haar-residual-d12-p0.5,view,moderate-mobile,stationary,10,50,0.07,0.5,0.5,0.148334,5.037761,0.02439024,0.9512195,0.9512195,2.82434,2.676006,157076,69496.28,0,51,0,1548031,301,3188736,,,
superblock,cube,haar-residual-d12-p0.5,view,constrained-mobile,stationary,2,100,0.18,1,1.25,0.5318176,10.48818,0.02439024,0.902439,0.8780488,3.207824,2.676006,157076,69496.28,0,51,0,1548031,301,3188736,,,
superblock,cube,haar-residual-d12-p0.5,view,very-constrained,stationary,0.75,150,0.35,1.5,2,0.8166599,10.48818,0.04878049,0.8536585,0.804878,3.492666,2.676006,157076,69496.28,0,51,0,1548031,301,3188736,,,
superblock,cube,jpeg-residual-q80,view,fast,stationary,50,20,0.03,0.25,0.5,0.03584305,1.433722,0.02439024,0.9756098,0.9512195,1.684146,1.648303,144150,58662.21,0,51,0,1238885,301,3188736,,,
superblock,cube,jpeg-residual-q80,view,moderate-mobile,stationary,10,50,0.06,0.5,0.75,0.1663967,5.047356,0.02439024,0.9512195,0.9268293,1.814699,1.648303,144150,58662.21,0,51,0,1238885,301,3188736,,,
superblock,cube,jpeg-residual-q80,view,constrained-mobile,stationary,2,100,0.12,1,1.25,0.5077321,10.4958,0.02439024,0.902439,0.8780488,2.156035,1.648303,144150,58662.21,0,51,0,1238885,301,3188736,,,
superblock,cube,jpeg-residual-q80,view,very-constrained,stationary,0.75,150,0.21,1.5,2,1.100296,12.16086,0.02439024,0.8536585,0.804878,2.748598,1.648303,144150,58662.21,0,51,0,1238885,301,3188736,,,
superblock,cube,jpeg-residual-q80,view-fill,fast,stationary,50,20,0.03,0.25,0.5,0.03584305,1.433722,0.02439024,0.9756098,0.9512195,1.684146,1.648303,1329185,1243697,0,301,0,1238885,301,18855936,,,
superblock,cube,jpeg-residual-q80,view-fill,moderate-mobile,stationary,10,50,0.06,0.5,0.75,0.1663967,5.047356,0.02439024,0.9512195,0.9268293,1.814699,1.648303,1329185,1243697,0,301,0,1238885,301,18855936,,,
superblock,cube,jpeg-residual-q80,view-fill,constrained-mobile,stationary,2,100,0.12,1,1.25,0.5077321,10.4958,0.02439024,0.902439,0.8780488,2.156035,1.648303,1329185,1243697,0,301,0,1238885,301,18855936,,,
superblock,cube,jpeg-residual-q80,view-fill,very-constrained,stationary,0.75,150,0.21,1.5,2,1.100296,12.16086,0.02439024,0.8536585,0.804878,2.748598,1.648303,812025,726537.2,0,202,0,1238885,301,11974656,,,
superblock,cube,jpeg-residual-q80,global,fast,stationary,50,20,0.03,1,1.25,0.4971673,8.15918,0.02439024,0.902439,0.8780488,2.14547,1.648303,1329185,1243697,0,301,0,1238885,301,18855936,,,
superblock,cube,jpeg-residual-q80,global,moderate-mobile,stationary,10,50,0.06,2.25,2.25,1.173089,10.4958,0.02439024,0.7804878,0.7804878,2.821392,1.648303,1329185,1243697,0,301,0,1238885,301,18855936,,,
superblock,cube,jpeg-residual-q80,global,constrained-mobile,stationary,2,100,0.12,4.75,4.75,2.814657,12.16086,0.02439024,0.5365854,0.5365854,4.46296,1.648303,1329185,1243697,0,301,0,1238885,301,18855936,,,
superblock,cube,jpeg-residual-q80,global,very-constrained,stationary,0.75,150,0.21,9.25,9.75,5.732556,12.16086,0.02439024,0.09756098,0.04878049,7.380858,1.648303,790462.5,704974.7,0,202,0,1238885,301,11974656,,,
superblock,cube,jpeg-replacement-q80,view,fast,stationary,50,20,0.03,0.25,0.25,0.02421726,0.9686905,0.02439024,0.9756098,0.9756098,1.674441,1.650224,170941,68927.33,0,51,0,1498022,301,3188736,,,
superblock,cube,jpeg-replacement-q80,view,moderate-mobile,stationary,10,50,0.06,0.5,0.75,0.1584758,4.966239,0.02439024,0.9512195,0.9268293,1.8087,1.650224,170941,68927.33,0,51,0,1498022,301,3188736,,,
superblock,cube,jpeg-replacement-q80,view,constrained-mobile,stationary,2,100,0.12,1,1.25,0.5698222,12.15894,0.02439024,0.902439,0.8780488,2.220046,1.650224,170941,68927.33,0,51,0,1498022,301,3188736,,,
superblock,cube,jpeg-replacement-q80,view,very-constrained,stationary,0.75,150,0.21,1.75,2.25,1.21213,12.15894,0.02439024,0.8292683,0.7804878,2.862354,1.650224,170941,68927.33,0,51,0,1498022,301,3188736,,,
superblock,cube,jpeg-replacement-q80,view-fill,fast,stationary,50,20,0.03,0.25,0.25,0.02421726,0.9686905,0.02439024,0.9756098,0.9756098,1.674441,1.650224,1588322,1486308,0,301,0,1498022,301,18855936,,,
superblock,cube,jpeg-replacement-q80,view-fill,moderate-mobile,stationary,10,50,0.06,0.5,0.75,0.1584758,4.966239,0.02439024,0.9512195,0.9268293,1.8087,1.650224,1588322,1486308,0,301,0,1498022,301,18855936,,,
superblock,cube,jpeg-replacement-q80,view-fill,constrained-mobile,stationary,2,100,0.12,1,1.25,0.5698222,12.15894,0.02439024,0.902439,0.8780488,2.220046,1.650224,1588322,1486308,0,301,0,1498022,301,18855936,,,
superblock,cube,jpeg-replacement-q80,view-fill,very-constrained,stationary,0.75,150,0.21,1.75,2.25,1.21213,12.15894,0.02439024,0.8292683,0.7804878,2.862354,1.650224,818113,716099.3,0,177,0,1498022,301,10336256,,,
superblock,cube,jpeg-replacement-q80,view-direct,fast,stationary,50,20,0.03,0.25,0.25,0,0,0.02439024,0.9756098,0.9756098,1.650224,1.650224,124309,51112.42,0,37,0,1498022,301,2414592,,,
superblock,cube,jpeg-replacement-q80,view-direct,moderate-mobile,stationary,10,50,0.06,0.5,0.5,0.2375812,9.503247,0.02439024,0.9512195,0.9512195,1.887805,1.650224,124309,51112.42,0,37,0,1498022,301,2414592,,,
superblock,cube,jpeg-replacement-q80,view-direct,constrained-mobile,stationary,2,100,0.12,1,1,0.6787746,12.11395,0.02439024,0.902439,0.902439,2.328998,1.650224,124309,51112.42,0,37,0,1498022,301,2414592,,,
superblock,cube,jpeg-replacement-q80,view-direct,very-constrained,stationary,0.75,150,0.21,2,2,1.542692,12.15894,0.02439024,0.804878,0.804878,3.192916,1.650224,124309,51112.42,0,37,0,1498022,301,2414592,,,
superblock,cube,jpeg-replacement-q80,global,fast,stationary,50,20,0.03,1,1.25,0.4973821,8.162955,0.02439024,0.902439,0.8780488,2.147606,1.650224,1588322,1486308,0,301,0,1498022,301,18855936,,,
superblock,cube,jpeg-replacement-q80,global,moderate-mobile,stationary,10,50,0.06,2.25,2.25,1.221625,10.48486,0.02439024,0.7804878,0.7804878,2.871849,1.650224,1588322,1486308,0,301,0,1498022,301,18855936,,,
superblock,cube,jpeg-replacement-q80,global,constrained-mobile,stationary,2,100,0.12,5.25,5.25,3.097629,12.15894,0.02439024,0.4878049,0.4878049,4.747853,1.650224,1588322,1486308,0,301,0,1498022,301,18855936,,,
superblock,cube,jpeg-replacement-q80,global,very-constrained,stationary,0.75,150,0.21,,,6.292749,12.15894,0.02439024,0,0,7.942973,1.650224,833732,783375.9,0,175,0,1498022,301,10205184,,,
superblock,cube,jpeg-replacement-q80-whole,global,fast,stationary,50,20,0.03,0.5,0.5,0.1242474,4.969896,0.02439024,0.9512195,0.9512195,1.768828,1.644581,1418255,1335555,0,25,0,1410755,25,18855936,,,
superblock,cube,jpeg-replacement-q80-whole,global,moderate-mobile,stationary,10,50,0.06,1.25,1.25,0.5769324,8.16761,0.02439024,0.8780488,0.8780488,2.221513,1.644581,1418255,1335555,0,25,0,1410755,25,18855936,,,
superblock,cube,jpeg-replacement-q80-whole,global,constrained-mobile,stationary,2,100,0.12,4.25,4.25,2.545669,12.16459,0.02439024,0.5853659,0.5853659,4.19025,1.644581,1418255,1335555,0,25,0,1410755,25,18855936,,,
superblock,cube,jpeg-replacement-q80-whole,global,very-constrained,stationary,0.75,150,0.21,,,6.383219,12.16459,0.02439024,0,0,8.0278,1.644581,898673.5,822128.5,0,25,0,1410755,25,4700160,,,
superblock,cube,jpeg-replacement-q80-whole,view-direct,fast,stationary,50,20,0.03,0.25,0.25,0,0,0.02439024,0.9756098,0.9756098,1.644581,1.644581,104023,45042.23,0,2,0,1410755,25,2414592,,,
superblock,cube,jpeg-replacement-q80-whole,view-direct,moderate-mobile,stationary,10,50,0.06,0.25,0.25,0,0,0.02439024,0.9756098,0.9756098,1.644581,1.644581,104023,45042.23,0,2,0,1410755,25,2414592,,,
superblock,cube,jpeg-replacement-q80-whole,view-direct,constrained-mobile,stationary,2,100,0.12,0.75,0.75,0.6082293,12.16459,0.02439024,0.9268293,0.9268293,2.25281,1.644581,104023,45042.23,0,2,0,1410755,25,2414592,,,
superblock,cube,jpeg-replacement-q80-whole,view-direct,very-constrained,stationary,0.75,150,0.21,1.5,1.5,1.520573,12.16459,0.02439024,0.8536585,0.8536585,3.165154,1.644581,104023,45042.23,0,2,0,1410755,25,2414592,,,
northrop-mall,cube,haar-residual-d12,view,fast,quick-turn,50,20,0.03,0.25,0.5,0.2082264,4.509181,0.02439024,0.9512195,0.902439,-0.5169998,-0.7198897,869269,335222.1,0,157,2,1433336,301,9496576,0,0.15,0.15
northrop-mall,cube,haar-residual-d12,view,moderate-mobile,quick-turn,10,50,0.08,0.5,0.75,0.6009066,7.336368,0.02439024,0.902439,0.8536585,-0.1243196,-0.7198897,774540,293862.6,0,130,1,1433336,301,7792640,2.229345,0.15,0.4
northrop-mall,cube,haar-residual-d12,view,constrained-mobile,quick-turn,2,100,0.21,1.25,1.5,1.740108,11.36053,0.02439024,0.7560976,0.7073171,1.014882,-0.7198897,682174.6,233178.9,11587.58,117,6,1433336,301,6723584,7.715823,0.9,1.15
northrop-mall,cube,haar-residual-d12,view,very-constrained,quick-turn,0.75,150,0.43,4.5,5.5,3.535573,11.38618,0.04878049,0.5609756,0.4634146,2.804737,-0.7198897,495299,155244,15428,82,10,1433336,301,4343808,9.741284,1.9,2.9
northrop-mall,cube,haar-residual-d12,view-fill,fast,quick-turn,50,20,0.03,0.25,0.5,0.02900954,1.160382,0.02439024,0.9756098,0.9512195,-0.6962166,-0.7198897,1523636,970509.3,0,301,0,1433336,301,18855936,0,0.15,0.15
northrop-mall,cube,haar-residual-d12,view-fill,moderate-mobile,quick-turn,10,50,0.08,0.5,0.75,0.3014058,7.336368,0.02439024,0.9268293,0.902439,-0.4238204,-0.7198897,1523636,970509.3,0,309,8,1433336,301,18855936,0.05427248,0.15,0.15
northrop-mall,cube,haar-residual-d12,view-fill,constrained-mobile,quick-turn,2,100,0.21,1.25,1.5,1.583867,11.36053,0.02439024,0.7804878,0.7073171,0.858641,-0.7198897,1532163,977708.2,8527,309,8,1433336,301,18855936,7.019139,0.65,1.15
northrop-mall,cube,haar-residual-d12,view-fill,very-constrained,quick-turn,0.75,150,0.43,4.5,5.5,3.535573,11.38618,0.04878049,0.5609756,0.4634146,2.804737,-0.7198897,847146,445785,15428,154,10,1433336,301,8173568,9.741284,1.9,2.9
northrop-mall,cube,haar-residual-d12,global,fast,quick-turn,50,20,0.03,1,1.25,0.5088139,7.92348,0.02439024,0.902439,0.8780488,-0.2164123,-0.7198897,1523636,970509.3,0,301,0,1433336,301,18855936,0,0.15,0.15
northrop-mall,cube,haar-residual-d12,global,moderate-mobile,quick-turn,10,50,0.08,2.25,2.25,1.223523,9.915405,0.02439024,0.7804878,0.7560976,0.4982968,-0.7198897,1523636,970509.3,0,301,0,1433336,301,18855936,0,0.15,0.15
northrop-mall,cube,haar-residual-d12,global,constrained-mobile,quick-turn,2,100,0.21,6,6.25,3.649486,11.36053,0.02439024,0.4146341,0.3902439,2.92426,-0.7198897,1523636,970509.3,0,301,0,1433336,301,18855936,4.757136,3.4,3.65
northrop-mall,cube,haar-residual-d12,global,very-constrained,quick-turn,0.75,150,0.43,,,6.777987,11.36053,0.04878049,0,0,6.047151,-0.7198897,836541,537241.8,0,159,0,1433336,301,9156608,7.783658,,
northrop-mall,cube,haar-residual-d12-p0.5,view,fast,quick-turn,50,20,0.03,0.25,0.25,0.1778328,3.907833,0.02439024,0.9512195,0.9268293,0.314272,0.1392989,780170,295062.3,0,157,2,1308331,301,9496576,0,0.15,0.15
northrop-mall,cube,haar-residual-d12-p0.5,view,moderate-mobile,quick-turn,10,50,0.07,0.5,0.75,0.5487648,6.854428,0.02439024,0.902439,0.8536585,0.6852041,0.1392989,680880,244460.8,0,132,3,1308331,301,7792640,2.190824,0.15,0.4
northrop-mall,cube,haar-residual-d12-p0.5,view,constrained-mobile,quick-turn,2,100,0.16,1,1.5,1.384988,10.6145,0.02439024,0.804878,0.7317073,1.521427,0.1392989,612930,201687.4,0,116,2,1308331,301,6842368,5.680306,0.65,0.9
northrop-mall,cube,haar-residual-d12-p0.5,view,very-constrained,quick-turn,0.75,150,0.31,4.25,5,2.762425,10.6145,0.04878049,0.5853659,0.5121951,2.895858,0.1392989,473991,140540.4,25334,89,11,1308331,301,4708352,8.899018,1.65,2.4
northrop-mall,cube,jpeg-residual-q80,view,fast,quick-turn,50,20,0.03,0.25,0.5,0.2064719,4.395233,0.02439024,0.9512195,0.902439,0.1876128,-0.01388646,682259,247717.4,0,157,2,1146629,301,9496576,0,0.15,0.15
northrop-mall,cube,jpeg-residual-q80,view,moderate-mobile,quick-turn,10,50,0.06,0.5,0.75,0.5840262,7.56505,0.02439024,0.902439,0.8536585,0.5651671,-0.01388646,581503,197971.8,0,132,2,1146629,301,7858176,2.441236,0.15,0.4
northrop-mall,cube,jpeg-residual-q80,view,constrained-mobile,quick-turn,2,100,0.12,1,1.25,1.303474,9.594371,0.02439024,0.804878,0.7560976,1.284615,-0.01388646,523148,160757.4,0,116,2,1146629,301,6842368,6.287327,0.65,0.9
northrop-mall,cube,jpeg-residual-q80,view,very-constrained,quick-turn,0.75,150,0.21,2,5,2.679822,10.99494,0.02439024,0.6341463,0.5121951,2.660963,-0.01388646,424812.3,107900.7,7288.25,100,12,1146629,301,5359616,8.383199,1.4,2.4
northrop-mall,cube,jpeg-residual-q80,view-fill,fast,quick-turn,50,20,0.03,0.25,0.5,0.02868337,1.147335,0.02439024,0.9756098,0.9512195,0.009824326,-0.01388646,1236929,782239,0,301,0,1146629,301,18855936,0,0.15,0.15
northrop-mall,cube,jpeg-residual-q80,view-fill,moderate-mobile,quick-turn,10,50,0.06,0.5,0.75,0.2646965,5.974386,0.02439024,0.9268293,0.902439,0.2458375,-0.01388646,1236929,782239,0,307,6,1146629,301,18855936,0,0.15,0.15
northrop-mall,cube,jpeg-residual-q80,view-fill,constrained-mobile,quick-turn,2,100,0.12,1,1.25,1.079634,9.582479,0.02439024,0.8292683,0.7560976,1.060775,-0.01388646,1236929,782239,0,307,6,1146629,301,18855936,4.661249,0.4,0.9
northrop-mall,cube,jpeg-residual-q80,view-fill,very-constrained,quick-turn,0.75,150,0.21,2,5,2.679822,10.99494,0.02439024,0.6341463,0.5121951,2.660963,-0.01388646,759643.8,339659.5,7288.25,204,12,1146629,301,11253760,8.383199,1.4,2.4
northrop-mall,cube,jpeg-residual-q80,global,fast,quick-turn,50,20,0.03,1,1.25,0.4811278,7.711389,0.02439024,0.902439,0.8780488,0.4622687,-0.01388646,1236929,782239,0,301,0,1146629,301,18855936,0,0.15,0.15
northrop-mall,cube,jpeg-residual-q80,global,moderate-mobile,quick-turn,10,50,0.06,2,2.25,1.097852,9.582479,0.02439024,0.804878,0.7804878,1.078993,-0.01388646,1236929,782239,0,301,0,1146629,301,18855936,0,0.15,0.15
northrop-mall,cube,jpeg-residual-q80,global,constrained-mobile,quick-turn,2,100,0.12,5.5,6,3.183941,10.99494,0.02439024,0.4634146,0.4146341,3.165082,-0.01388646,1236929,782239,0,301,0,1146629,301,18855936,4.813641,2.9,3.4
northrop-mall,cube,jpeg-residual-q80,global,very-constrained,quick-turn,0.75,150,0.21,,,6.002082,10.99494,0.02439024,0,0,5.983223,-0.01388646,760746.5,434760.5,0,194,0,1146629,301,11450368,7.643146,,
northrop-mall,cube,jpeg-replacement-q80,view,fast,quick-turn,50,20,0.03,0.25,0.25,0.1780833,4.547321,0.02439024,0.9512195,0.9268293,0.1856771,0.01255091,821652,290513.4,0,162,2,1364518,301,9824256,0,0.15,0.15
northrop-mall,cube,jpeg-replacement-q80,view,moderate-mobile,quick-turn,10,50,0.06,0.5,0.75,0.5379369,6.808314,0.02439024,0.902439,0.8536585,0.5455307,0.01255091,698159,240233,0,133,1,1364518,301,7989248,2.421662,0.15,0.4
northrop-mall,cube,jpeg-replacement-q80,view,constrained-mobile,quick-turn,2,100,0.12,1,1.5,1.503344,10.96912,0.02439024,0.804878,0.7317073,1.510938,0.01255091,619369,191718.5,0,116,2,1364518,301,6842368,5.795398,0.65,0.9
northrop-mall,cube,jpeg-replacement-q80,view,very-constrained,quick-turn,0.75,150,0.21,4.25,5.25,2.961116,11.09777,0.02439024,0.5853659,0.4878049,2.968709,0.01255091,474550.3,120375.3,10781.25,92,9,1364518,301,4999168,8.590404,1.65,2.65
northrop-mall,cube,jpeg-replacement-q80,view-fill,fast,quick-turn,50,20,0.03,0.25,0.25,0.01257619,0.5030477,0.02439024,0.9756098,0.9756098,0.02017001,0.01255091,1454818,915376.8,0,301,0,1364518,301,18855936,0,0.15,0.15
northrop-mall,cube,jpeg-replacement-q80,view-fill,moderate-mobile,quick-turn,10,50,0.06,0.5,0.75,0.2582669,5.026433,0.02439024,0.9268293,0.902439,0.2658607,0.01255091,1463151,923710.2,8333.333,311,10,1364518,301,18855936,0.2959115,0.15,0.15
northrop-mall,cube,jpeg-replacement-q80,view-fill,constrained-mobile,quick-turn,2,100,0.12,1,1.5,1.40501,10.96912,0.02439024,0.804878,0.7073171,1.412604,0.01255091,1459818,916037.8,5000,308,7,1364518,301,18855936,6.266345,0.65,1.15
northrop-mall,cube,jpeg-replacement-q80,view-fill,very-constrained,quick-turn,0.75,150,0.21,4.25,5.25,2.961116,11.09777,0.02439024,0.5853659,0.4878049,2.968709,0.01255091,809970.3,347679.1,10781.25,179,9,1364518,301,9877504,8.590404,1.65,2.65
northrop-mall,cube,jpeg-replacement-q80,view-direct,fast,quick-turn,50,20,0.03,0.25,0.25,0.264572,6.425329,0.02439024,0.9268293,0.9268293,0.2721658,0.01255091,616361,220318,0,121,6,1364518,301,7526400,0,0.15,0.15
northrop-mall,cube,jpeg-replacement-q80,view-direct,moderate-mobile,quick-turn,10,50,0.06,0.5,0.5,0.7126992,10.32607,0.02439024,0.902439,0.8780488,0.720293,0.01255091,550145,170776.1,0,102,1,1364518,301,6608896,1.466583,0.15,0.4
northrop-mall,cube,jpeg-replacement-q80,view-direct,constrained-mobile,quick-turn,2,100,0.12,1.25,1.25,1.761185,11.25284,0.02439024,0.7560976,0.7560976,1.768779,0.01255091,473633,136880.4,0,87,4,1364518,301,5429248,8.633101,0.9,0.9
northrop-mall,cube,jpeg-replacement-q80,view-direct,very-constrained,quick-turn,0.75,150,0.21,4.5,5,3.607729,11.31248,0.02439024,0.5609756,0.5121951,3.615323,0.01255091,391460,98202.28,17033,76,12,1364518,301,4184064,10.51697,1.9,2.4
northrop-mall,cube,jpeg-replacement-q80,global,fast,quick-turn,50,20,0.03,1,1.25,0.4797687,7.694069,0.02439024,0.902439,0.8780488,0.4873625,0.01255091,1454818,915376.8,0,301,0,1364518,301,18855936,0,0.15,0.15
northrop-mall,cube,jpeg-replacement-q80,global,moderate-mobile,quick-turn,10,50,0.06,2.25,2.25,1.18197,9.56123,0.02439024,0.7804878,0.7560976,1.189564,0.01255091,1454818,915376.8,0,301,0,1364518,301,18855936,0,0.15,0.15
northrop-mall,cube,jpeg-replacement-q80,global,constrained-mobile,quick-turn,2,100,0.12,6.25,6.75,3.531775,10.96912,0.02439024,0.3902439,0.3414634,3.539369,0.01255091,1454818,915376.8,0,301,0,1364518,301,18855936,4.790938,3.65,4.15
northrop-mall,cube,jpeg-replacement-q80,global,very-constrained,quick-turn,0.75,150,0.21,,,6.045358,10.96912,0.02439024,0,0,6.052952,0.01255091,788364.5,487355.7,0,178,0,1364518,301,10401792,7.62602,,
northrop-mall,cube,jpeg-replacement-q80-whole,global,fast,quick-turn,50,20,0.03,0.5,0.5,0.1211317,4.845266,0.02439024,0.9512195,0.9512195,0.1251423,0.008985254,1287939,800467.3,0,25,0,1280439,25,18855936,0,0.15,0.15
northrop-mall,cube,jpeg-replacement-q80-whole,global,moderate-mobile,quick-turn,10,50,0.06,1.25,1.25,0.555802,7.696281,0.02439024,0.8780488,0.8780488,0.5598126,0.008985254,1287939,800467.3,0,25,0,1280439,25,18855936,0,0.15,0.15
northrop-mall,cube,jpeg-replacement-q80-whole,global,constrained-mobile,quick-turn,2,100,0.12,5.25,5.25,3.044359,10.97198,0.02439024,0.4878049,0.4878049,3.04837,0.008985254,1287939,800467.3,0,25,0,1280439,25,18855936,4.794039,2.65,2.65
northrop-mall,cube,jpeg-replacement-q80-whole,global,very-constrained,quick-turn,0.75,150,0.21,,,6.406651,10.97198,0.02439024,0,0,6.410662,0.008985254,905638,546511.1,0,25,0,1280439,25,7059456,7.628804,,
northrop-mall,cube,jpeg-replacement-q80-whole,view-direct,fast,quick-turn,50,20,0.03,0.25,0.25,0,0,0.02439024,0.9756098,0.9756098,0.004010643,0.008985254,816417,460395.3,0,6,0,1280439,25,11851776,0,0.15,0.15
northrop-mall,cube,jpeg-replacement-q80-whole,view-direct,moderate-mobile,quick-turn,10,50,0.06,0.5,0.5,0.8074314,10.97198,0.02439024,0.902439,0.902439,0.8114421,0.008985254,816417,460395.3,0,6,0,1280439,25,11851776,0,0.15,0.15
northrop-mall,cube,jpeg-replacement-q80-whole,view-direct,constrained-mobile,quick-turn,2,100,0.12,1.25,1.25,3.547545,11.25593,0.02439024,0.6585366,0.6585366,3.551556,0.008985254,816417,460395.3,0,6,0,1280439,25,11851776,10.88513,1.9,1.9
northrop-mall,cube,jpeg-replacement-q80-whole,view-direct,very-constrained,quick-turn,0.75,150,0.21,8.5,8.5,9.036892,12.08581,0.02439024,0.1707317,0.1707317,9.040903,0.008985254,816417,460395.3,0,6,0,1280439,25,11851776,10.88513,5.9,5.9
bookstore,cube,haar-residual-d12,view,fast,quick-turn,50,20,0.03,0.25,0.5,0.1819221,3.515755,0.02439024,0.9512195,0.902439,1.378487,1.199806,293757,97936.49,0,157,2,374355,301,9496576,0,0.15,0.15
bookstore,cube,haar-residual-d12,view,moderate-mobile,quick-turn,10,50,0.07,0.5,0.75,0.6324466,8.812919,0.02439024,0.902439,0.8536585,1.829011,1.199806,255303,83193.41,0,132,2,374355,301,7858176,2.224857,0.15,0.4
bookstore,cube,haar-residual-d12,view,constrained-mobile,quick-turn,2,100,0.19,1,1.25,1.795195,15.39718,0.02439024,0.804878,0.7560976,2.99176,1.199806,227711,69249.08,0,116,2,374355,301,6842368,7.085678,0.65,0.9
bookstore,cube,haar-residual-d12,view,very-constrained,quick-turn,0.75,150,0.37,1.5,2,2.397427,15.39718,0.04878049,0.7317073,0.6341463,3.590584,1.199806,208731,59942.57,9227,112,7,374355,301,6440960,9.096393,0.9,1.4
bookstore,cube,haar-residual-d12,view-fill,fast,quick-turn,50,20,0.03,0.25,0.5,0.02602301,1.04092,0.02439024,0.9756098,0.9512195,1.222588,1.199806,464655,263979.3,0,301,0,374355,301,18855936,0,0.15,0.15
bookstore,cube,haar-residual-d12,view-fill,moderate-mobile,quick-turn,10,50,0.07,0.5,0.75,0.213778,5.325021,0.02439024,0.9512195,0.902439,1.410343,1.199806,464655,263979.3,0,307,6,374355,301,18855936,0,0.15,0.15
bookstore,cube,haar-residual-d12,view-fill,constrained-mobile,quick-turn,2,100,0.19,1,1.25,1.290515,15.20125,0.02439024,0.8292683,0.7804878,2.48708,1.199806,470400,264473,5745,308,7,374355,301,18855936,4.528134,0.4,0.65
bookstore,cube,haar-residual-d12,view-fill,very-constrained,quick-turn,0.75,150,0.37,1.5,2,2.397427,15.39718,0.04878049,0.7317073,0.6341463,3.590584,1.199806,461903.5,255738.3,9227,297,7,374355,301,17741824,9.096393,0.9,1.4
bookstore,cube,haar-residual-d12,global,fast,quick-turn,50,20,0.03,1,1.25,0.5119367,9.216721,0.02439024,0.902439,0.8780488,1.708501,1.199806,464655,263979.3,0,301,0,374355,301,18855936,0,0.15,0.15
bookstore,cube,haar-residual-d12,global,moderate-mobile,quick-turn,10,50,0.07,2,2.25,1.20375,12.77738,0.02439024,0.804878,0.7804878,2.400315,1.199806,464655,263979.3,0,301,0,374355,301,18855936,0,0.15,0.15
bookstore,cube,haar-residual-d12,global,constrained-mobile,quick-turn,2,100,0.19,4.75,4.75,3.039651,15.20125,0.02439024,0.5365854,0.5365854,4.236216,1.199806,464655,263979.3,0,301,0,374355,301,18855936,4.896266,2.15,2.15
bookstore,cube,haar-residual-d12,global,very-constrained,quick-turn,0.75,150,0.37,7.75,8,5.264572,15.20125,0.04878049,0.2439024,0.2195122,6.457729,1.199806,462951,262275.3,0,301,0,374355,301,18724864,9.096393,5.15,5.4
bookstore,cube,haar-residual-d12-p0.5,view,fast,quick-turn,50,20,0.03,0.25,0.25,0.11046,2.304675,0.02439024,0.9756098,0.9268293,4.005082,3.899903,244430,75807.72,0,157,2,307656,301,9496576,0,0.15,0.15
bookstore,cube,haar-residual-d12-p0.5,view,moderate-mobile,quick-turn,10,50,0.06,0.5,0.5,0.4674607,6.727992,0.02439024,0.902439,0.8780488,4.362083,3.899903,209873,61337.63,0,132,1,307656,301,7923712,1.310181,0.15,0.4
bookstore,cube,haar-residual-d12-p0.5,view,constrained-mobile,quick-turn,2,100,0.15,0.75,1,1.103395,12.46921,0.02439024,0.8536585,0.804878,4.998017,3.899903,185306,49199.48,0,116,2,307656,301,6842368,3.217349,0.4,0.65
bookstore,cube,haar-residual-d12-p0.5,view,very-constrained,quick-turn,0.75,150,0.26,1.25,1.5,1.687825,13.00408,0.04878049,0.7804878,0.6829268,5.576894,3.899903,173685.5,47417.78,3175.5,113,6,307656,301,6543360,6.694903,0.65,1.4
bookstore,cube,jpeg-residual-q80,view,fast,quick-turn,50,20,0.03,0.25,0.5,0.2191891,3.729678,0.02439024,0.9268293,0.902439,1.638683,1.420512,316306,104739.7,0,157,2,479057,301,9496576,0,0.15,0.15
bookstore,cube,jpeg-residual-q80,view,moderate-mobile,quick-turn,10,50,0.06,0.5,0.75,0.7280123,9.891754,0.02439024,0.902439,0.8536585,2.147506,1.420512,263663,80975.8,0,132,1,479057,301,7923712,2.693441,0.15,0.4
bookstore,cube,jpeg-residual-q80,view,constrained-mobile,quick-turn,2,100,0.12,1,1.25,1.463707,13.15113,0.02439024,0.804878,0.7560976,2.883201,1.420512,229039,63995.71,0,119,4,479057,301,6907904,5.862301,0.65,0.9
bookstore,cube,jpeg-residual-q80,view,very-constrained,quick-turn,0.75,150,0.19,1.5,1.75,2.523506,15.444,0.02439024,0.7073171,0.6585366,3.942999,1.420512,215924.3,59824.74,3334.25,114,7,479057,301,6543360,9.685574,1.15,1.4
bookstore,cube,jpeg-residual-q80,view-fill,fast,quick-turn,50,20,0.03,0.25,0.5,0.03725063,1.490025,0.02439024,0.9756098,0.9512195,1.456744,1.420512,569357,348652.1,0,301,0,479057,301,18855936,0,0.15,0.15
bookstore,cube,jpeg-residual-q80,view-fill,moderate-mobile,quick-turn,10,50,0.06,0.5,0.75,0.2588643,6.14625,0.02439024,0.9512195,0.902439,1.678358,1.420512,569357,348652.1,0,307,6,479057,301,18855936,0,0.15,0.15
bookstore,cube,jpeg-residual-q80,view-fill,constrained-mobile,quick-turn,2,100,0.12,1,1.25,1.238569,13.15113,0.02439024,0.804878,0.7560976,2.658062,1.420512,569357,348652.1,0,307,6,479057,301,18855936,5.671088,0.65,0.9
bookstore,cube,jpeg-residual-q80,view-fill,very-constrained,quick-turn,0.75,150,0.19,1.5,1.75,2.379552,15.444,0.02439024,0.7073171,0.6341463,3.799046,1.420512,531695.8,303873.3,7486.25,290,8,479057,301,17217536,8.721914,1.15,1.65
bookstore,cube,jpeg-residual-q80,global,fast,quick-turn,50,20,0.03,1,1.25,0.5782982,9.848174,0.02439024,0.902439,0.8780488,1.997792,1.420512,569357,348652.1,0,301,0,479057,301,18855936,0,0.15,0.15
bookstore,cube,jpeg-residual-q80,global,moderate-mobile,quick-turn,10,50,0.06,2,2.25,1.268922,10.20946,0.02439024,0.804878,0.7804878,2.688415,1.420512,569357,348652.1,0,301,0,479057,301,18855936,0,0.15,0.15
bookstore,cube,jpeg-residual-q80,global,constrained-mobile,quick-turn,2,100,0.12,4.75,4.75,3.267151,15.444,0.02439024,0.5365854,0.5365854,4.686645,1.420512,569357,348652.1,0,301,0,479057,301,18855936,5.709976,2.15,2.15
bookstore,cube,jpeg-residual-q80,global,very-constrained,quick-turn,0.75,150,0.19,7.5,7.75,5.332785,15.444,0.02439024,0.2682927,0.2439024,6.752278,1.420512,550346.5,329641.6,0,295,0,479057,301,18069504,5.709976,4.9,5.15
bookstore,cube,jpeg-replacement-q80,view,fast,quick-turn,50,20,0.03,0.25,0.25,0.2094157,4.051476,0.02439024,0.9268293,0.9268293,1.56723,1.358771,380281,121152,0,162,2,562884,301,9824256,0,0.15,0.15
bookstore,cube,jpeg-replacement-q80,view,moderate-mobile,quick-turn,10,50,0.06,0.5,0.5,0.7021365,8.871121,0.02439024,0.8780488,0.8780488,2.059951,1.358771,313524,95189.94,0,135,3,562884,301,7989248,3.856562,0.4,0.4
bookstore,cube,jpeg-replacement-q80,view,constrained-mobile,quick-turn,2,100,0.12,1,1.25,1.664589,15.50821,0.02439024,0.804878,0.7560976,3.022403,1.358771,268033,70919.3,0,116,1,562884,301,6907904,5.893819,0.65,0.9
bookstore,cube,jpeg-replacement-q80,view,very-constrained,quick-turn,0.75,150,0.19,1.5,2,2.724817,15.50821,0.02439024,0.7073171,0.6097561,4.082631,1.358771,250424.3,65717.46,3281.25,114,8,562884,301,6506496,10.28689,1.15,1.65
bookstore,cube,jpeg-replacement-q80,view-fill,fast,quick-turn,50,20,0.03,0.25,0.25,0.02039253,0.815701,0.02439024,0.9756098,0.9756098,1.378207,1.358771,653184,390950.4,0,301,0,562884,301,18855936,0,0.15,0.15
bookstore,cube,jpeg-replacement-q80,view-fill,moderate-mobile,quick-turn,10,50,0.06,0.5,0.5,0.2285283,5.845887,0.02439024,0.9512195,0.9268293,1.586343,1.358771,653184,390950.4,0,309,8,562884,301,18855936,0,0.15,0.15
bookstore,cube,jpeg-replacement-q80,view-fill,constrained-mobile,quick-turn,2,100,0.12,1,1.25,1.336912,15.50821,0.02439024,0.804878,0.7560976,2.694726,1.358771,658747,392621.4,5563,309,8,562884,301,18855936,5.618859,0.65,0.9
bookstore,cube,jpeg-replacement-q80,view-fill,very-constrained,quick-turn,0.75,150,0.19,1.5,2,2.663851,15.50821,0.02439024,0.7073171,0.6097561,4.021665,1.358771,596039,333805.3,2098.969,283,7,562884,301,16824320,9.73271,1.15,1.65
bookstore,cube,jpeg-replacement-q80,view-direct,fast,quick-turn,50,20,0.03,0.25,0.25,0.3364573,11.45375,0.02439024,0.9512195,0.9268293,1.694272,1.358771,262592,81379.22,0,121,6,562884,301,7526400,0,0.15,0.15
bookstore,cube,jpeg-replacement-q80,view-direct,moderate-mobile,quick-turn,10,50,0.06,0.5,0.5,1.09639,14.46193,0.02439024,0.8780488,0.8780488,2.454204,1.358771,242906,66613.21,0,106,2,562884,301,6805504,4.006769,0.4,0.4
bookstore,cube,jpeg-replacement-q80,view-direct,constrained-mobile,quick-turn,2,100,0.12,1,1,2.216394,15.76508,0.02439024,0.804878,0.804878,3.574208,1.358771,194277.2,41195.25,2825.222,88,4,562884,301,5494784,13.41109,0.65,0.65
bookstore,cube,jpeg-replacement-q80,view-direct,very-constrained,quick-turn,0.75,150,0.19,1.75,1.75,3.563298,15.76508,0.02439024,0.6829268,0.6829268,4.921113,1.358771,170936,39168.71,7868,88,14,562884,301,4839424,14.46787,1.15,1.15
bookstore,cube,jpeg-replacement-q80,global,fast,quick-turn,50,20,0.03,1,1.25,0.5822064,9.897325,0.02439024,0.902439,0.8780488,1.940021,1.358771,653184,390950.4,0,301,0,562884,301,18855936,0,0.15,0.15
bookstore,cube,jpeg-replacement-q80,global,moderate-mobile,quick-turn,10,50,0.06,2,2.25,1.35144,13.21207,0.02439024,0.804878,0.7804878,2.709255,1.358771,653184,390950.4,0,301,0,562884,301,18855936,0,0.15,0.15
bookstore,cube,jpeg-replacement-q80,global,constrained-mobile,quick-turn,2,100,0.12,4.75,5,3.351819,15.50821,0.02439024,0.5365854,0.5121951,4.709633,1.358771,653184,390950.4,0,301,0,562884,301,18855936,5.736199,2.15,2.4
bookstore,cube,jpeg-replacement-q80,global,very-constrained,quick-turn,0.75,150,0.19,8.25,8.5,5.882972,15.50821,0.02439024,0.195122,0.1707317,7.240786,1.358771,600759.5,338525.9,0,280,0,562884,301,17086464,6.491854,5.65,5.9
bookstore,cube,jpeg-replacement-q80-whole,global,fast,quick-turn,50,20,0.03,0.25,0.25,0,0,0.02439024,0.9756098,0.9756098,1.353534,1.354422,485215,295811,0,25,0,477715,25,18855936,0,0.15,0.15
bookstore,cube,jpeg-replacement-q80-whole,global,moderate-mobile,quick-turn,10,50,0.06,0.75,0.75,0.3940354,9.903588,0.02439024,0.9268293,0.9268293,1.747569,1.354422,485215,295811,0,25,0,477715,25,18855936,0,0.15,0.15
bookstore,cube,jpeg-replacement-q80-whole,global,constrained-mobile,quick-turn,2,100,0.12,2.25,2.25,1.799323,15.51529,0.02439024,0.7804878,0.7804878,3.152857,1.354422,485215,295811,0,25,0,477715,25,18855936,0,0.15,0.15
bookstore,cube,jpeg-replacement-q80-whole,global,very-constrained,quick-turn,0.75,150,0.19,5.75,5.75,4.331108,15.51529,0.02439024,0.4390244,0.4390244,5.684642,1.354422,485215,295811,0,25,0,477715,25,18855936,5.739046,3.15,3.15
bookstore,cube,jpeg-replacement-q80-whole,view-direct,fast,quick-turn,50,20,0.03,0.25,0.25,0,0,0.02439024,0.9756098,0.9756098,1.353534,1.354422,260623,135128.1,0,6,0,477715,25,11851776,0,0.15,0.15
bookstore,cube,jpeg-replacement-q80-whole,view-direct,moderate-mobile,quick-turn,10,50,0.06,0.25,0.25,0.3795202,15.18081,0.02439024,0.9512195,0.9512195,1.733054,1.354422,260623,135128.1,0,6,0,477715,25,11851776,0,0.15,0.15
bookstore,cube,jpeg-replacement-q80-whole,view-direct,constrained-mobile,quick-turn,2,100,0.12,0.5,0.5,1.932408,15.76765,0.02439024,0.8536585,0.8536585,3.285942,1.354422,260623,135128.1,0,6,0,477715,25,11851776,15.41628,0.65,0.65
bookstore,cube,jpeg-replacement-q80-whole,view-direct,very-constrained,quick-turn,0.75,150,0.19,1,1,4.635208,15.76765,0.02439024,0.6829268,0.6829268,5.988741,1.354422,260623,135128.1,0,6,0,477715,25,11851776,15.41628,1.9,1.9
superblock,cube,haar-residual-d12,view,fast,quick-turn,50,20,0.03,0.25,0.5,0.1975158,3.443489,0.02439024,0.9268293,0.902439,0.2078831,0.03004243,872253,372955.9,0,157,2,1725644,301,9496576,0,0.15,0.15
superblock,cube,haar-residual-d12,view,moderate-mobile,quick-turn,10,50,0.08,0.5,0.75,0.681055,8.036096,0.02439024,0.902439,0.8536585,0.6914223,0.03004243,705591.3,275164.5,8333.333,128,4,1725644,301,7464960,2.404856,0.15,0.4
superblock,cube,haar-residual-d12,view,constrained-mobile,quick-turn,2,100,0.22,1,1.5,1.77998,12.31148,0.02439024,0.7804878,0.7073171,1.790347,0.03004243,574663,201946.7,24637,114,8,1725644,301,6506496,8.408517,0.9,1.15
superblock,cube,haar-residual-d12,view,very-constrained,quick-turn,0.75,150,0.46,2,5.75,3.661705,12.31148,0.04878049,0.5609756,0.4390244,3.651388,0.03004243,493803.5,149736.4,16028.5,100,11,1725644,301,5457920,11.72286,2.15,3.15
superblock,cube,haar-residual-d12,view-fill,fast,quick-turn,50,20,0.03,0.25,0.5,0.03326869,1.330748,0.02439024,0.9756098,0.9512195,0.04363598,0.03004243,1815944,1299693,0,301,0,1725644,301,18855936,0,0.15,0.15
superblock,cube,haar-residual-d12,view-fill,moderate-mobile,quick-turn,10,50,0.08,0.5,0.75,0.3166358,8.036096,0.02439024,0.9512195,0.902439,0.3270031,0.03004243,1815944,1299693,0,309,8,1725644,301,18855936,0.3128631,0.15,0.15
superblock,cube,haar-residual-d12,view-fill,constrained-mobile,quick-turn,2,100,0.22,1,1.5,1.68001,12.31148,0.02439024,0.7804878,0.7073171,1.690378,0.03004243,1847455,1318614,31511.2,314,13,1725644,301,18855936,8.408517,0.9,1.15
superblock,cube,haar-residual-d12,view-fill,very-constrained,quick-turn,0.75,150,0.46,2,5.75,3.661705,12.31148,0.04878049,0.5609756,0.4390244,3.651388,0.03004243,845920.5,434602.2,16028.5,142,11,1725644,301,7321600,11.72286,2.15,3.15
superblock,cube,haar-residual-d12,global,fast,quick-turn,50,20,0.03,1.25,1.25,0.5089688,8.043104,0.02439024,0.8780488,0.8780488,0.5193361,0.03004243,1815944,1299693,0,301,0,1725644,301,18855936,0,0.15,0.15
superblock,cube,haar-residual-d12,global,moderate-mobile,quick-turn,10,50,0.08,2.25,2.25,1.296138,10.56552,0.02439024,0.7804878,0.7560976,1.306505,0.03004243,1815944,1299693,0,301,0,1725644,301,18855936,0,0.15,0.15
superblock,cube,haar-residual-d12,global,constrained-mobile,quick-turn,2,100,0.22,6.5,7,4.144549,12.31148,0.02439024,0.3658537,0.3170732,4.154916,0.03004243,1815944,1299693,0,301,0,1725644,301,18855936,5.185505,3.9,4.4
superblock,cube,haar-residual-d12,global,very-constrained,quick-turn,0.75,150,0.46,,,7.633441,12.31148,0.04878049,0,0,7.623124,0.03004243,893285.5,584094.9,0,114,0,1725644,301,6207488,9.672139,,
superblock,cube,haar-residual-d12-p0.5,view,fast,quick-turn,50,20,0.03,0.25,0.25,0.1484969,2.62137,0.02439024,0.9756098,0.9268293,1.651036,1.531161,760459,316862.6,0,157,2,1548031,301,9496576,0,0.15,0.15
superblock,cube,haar-residual-d12-p0.5,view,moderate-mobile,quick-turn,10,50,0.07,0.5,0.5,0.4764129,6.17036,0.02439024,0.902439,0.8780488,1.978952,1.531161,626891.3,252165.2,8333.333,129,2,1548031,301,7661568,1.579841,0.15,0.4
superblock,cube,haar-residual-d12-p0.5,view,constrained-mobile,quick-turn,2,100,0.18,1,1.25,1.447369,10.48818,0.02439024,0.804878,0.7317073,2.949909,1.531161,510331.5,180553,16439.47,116,8,1548031,301,6608896,7.80092,0.65,1.15
superblock,cube,haar-residual-d12-p0.5,view,very-constrained,quick-turn,0.75,150,0.35,1.5,2,2.464819,10.48818,0.04878049,0.6585366,0.5365854,3.93727,1.531161,455424.8,139552.4,14218.75,109,11,1548031,301,6014976,9.04571,1.65,2.4
superblock,cube,jpeg-residual-q80,view,fast,quick-turn,50,20,0.03,0.25,0.5,0.1994375,3.388686,0.02439024,0.9268293,0.902439,1.366996,1.179284,615906,240322.4,0,157,2,1238885,301,9496576,0,0.15,0.15
superblock,cube,jpeg-residual-q80,view,moderate-mobile,quick-turn,10,50,0.06,0.5,0.75,0.5554943,7.061485,0.02439024,0.902439,0.8536585,1.723053,1.179284,500434.5,183673.9,4317.5,129,1,1238885,301,7727104,2.127662,0.15,0.4
superblock,cube,jpeg-residual-q80,view,constrained-mobile,quick-turn,2,100,0.12,1,1.25,1.364428,10.65797,0.02439024,0.804878,0.7317073,2.531987,1.179284,427899.3,136770.5,1656.333,116,3,1238885,301,6825984,6.51248,0.65,1.15
superblock,cube,jpeg-residual-q80,view,very-constrained,quick-turn,0.75,150,0.21,1.5,2,2.558969,12.16086,0.02439024,0.6829268,0.5365854,3.726527,1.179284,395223.7,118798.5,5257.694,112,9,1238885,301,6309888,8.621783,1.4,2.4
superblock,cube,jpeg-residual-q80,view-fill,fast,quick-turn,50,20,0.03,0.25,0.5,0.03584305,1.433722,0.02439024,0.9756098,0.9512195,1.203401,1.179284,1329185,935622.8,0,301,0,1238885,301,18855936,0,0.15,0.15
superblock,cube,jpeg-residual-q80,view-fill,moderate-mobile,quick-turn,10,50,0.06,0.5,0.75,0.2469882,5.047356,0.02439024,0.9512195,0.902439,1.414546,1.179284,1329185,935622.8,0,310,9,1238885,301,18855936,0.3181906,0.15,0.15
superblock,cube,jpeg-residual-q80,view-fill,constrained-mobile,quick-turn,2,100,0.12,1,1.25,1.134493,10.4958,0.02439024,0.804878,0.7560976,2.302052,1.179284,1352518,947263.3,23333.33,307,6,1238885,301,18855936,5.036942,0.65,0.9
superblock,cube,jpeg-residual-q80,view-fill,very-constrained,quick-turn,0.75,150,0.21,1.5,2,2.558969,12.16086,0.02439024,0.6829268,0.5365854,3.726527,1.179284,812149.7,419696.6,5257.694,207,9,1238885,301,11712512,8.621783,1.4,2.4
superblock,cube,jpeg-residual-q80,global,fast,quick-turn,50,20,0.03,1,1.25,0.4971673,8.15918,0.02439024,0.902439,0.8780488,1.664726,1.179284,1329185,935622.8,0,301,0,1238885,301,18855936,0,0.15,0.15
superblock,cube,jpeg-residual-q80,global,moderate-mobile,quick-turn,10,50,0.06,2.25,2.25,1.174419,10.4958,0.02439024,0.7804878,0.7804878,2.341977,1.179284,1329185,935622.8,0,301,0,1238885,301,18855936,0,0.15,0.15
superblock,cube,jpeg-residual-q80,global,constrained-mobile,quick-turn,2,100,0.12,5.5,5.75,3.219068,12.16086,0.02439024,0.4634146,0.4390244,4.386627,1.179284,1329185,935622.8,0,301,0,1238885,301,18855936,5.036942,2.9,3.15
superblock,cube,jpeg-residual-q80,global,very-constrained,quick-turn,0.75,150,0.21,,,6.277533,12.16086,0.02439024,0,0,7.445091,1.179284,790462.5,509553.6,0,202,0,1238885,301,11974656,8.007415,,
superblock,cube,jpeg-replacement-q80,view,fast,quick-turn,50,20,0.03,0.25,0.25,0.1893938,3.770929,0.02439024,0.9512195,0.9268293,1.386464,1.208122,761544,296735,0,162,2,1498022,301,9824256,0,0.15,0.15
superblock,cube,jpeg-replacement-q80,view,moderate-mobile,quick-turn,10,50,0.06,0.5,0.75,0.5569549,6.948679,0.02439024,0.902439,0.8536585,1.754025,1.208122,607733,218386.5,0,130,0,1498022,301,7858176,2.40582,0.15,0.4
superblock,cube,jpeg-replacement-q80,view,constrained-mobile,quick-turn,2,100,0.12,1,1.25,1.53912,12.15894,0.02439024,0.804878,0.7317073,2.736189,1.208122,502484,158625.4,16895,116,7,1498022,301,6596608,7.662933,0.65,1.15
superblock,cube,jpeg-replacement-q80,view,very-constrained,quick-turn,0.75,150,0.21,1.75,5.25,2.80297,12.15894,0.02439024,0.6341463,0.4878049,4.00004,1.208122,461922.8,135208.9,20997.75,111,13,1498022,301,6014976,8.589475,1.65,2.65
superblock,cube,jpeg-replacement-q80,view-fill,fast,quick-turn,50,20,0.03,0.25,0.25,0.02421726,0.9686905,0.02439024,0.9756098,0.9756098,1.221287,1.208122,1588322,1116023,0,301,0,1498022,301,18855936,0,0.15,0.15
superblock,cube,jpeg-replacement-q80,view-fill,moderate-mobile,quick-turn,10,50,0.06,0.5,0.75,0.2735628,4.966239,0.02439024,0.9268293,0.902439,1.470633,1.208122,1588322,1116023,0,309,8,1498022,301,18855936,0.5152762,0.15,0.15
superblock,cube,jpeg-replacement-q80,view-fill,constrained-mobile,quick-turn,2,100,0.12,1,1.25,1.244954,12.15894,0.02439024,0.804878,0.7317073,2.442024,1.208122,1605272,1129820,16949.63,308,7,1498022,301,18855936,5.592203,0.65,1.15
superblock,cube,jpeg-replacement-q80,view-fill,very-constrained,quick-turn,0.75,150,0.21,1.75,5.25,2.80297,12.15894,0.02439024,0.6341463,0.4878049,4.00004,1.208122,847254.8,424705.8,20997.75,185,13,1498022,301,10008576,8.589475,1.65,2.65
superblock,cube,jpeg-replacement-q80,view-direct,fast,quick-turn,50,20,0.03,0.25,0.25,0.2340587,7.246925,0.02439024,0.9512195,0.9268293,1.431129,1.208122,561929,220050.8,0,121,6,1498022,301,7526400,0,0.15,0.15
superblock,cube,jpeg-replacement-q80,view-direct,moderate-mobile,quick-turn,10,50,0.06,0.5,0.5,0.7869487,10.13478,0.02439024,0.902439,0.8780488,1.984019,1.208122,480262,154643.8,0,101,0,1498022,301,6608896,2.362747,0.15,0.4
superblock,cube,jpeg-replacement-q80,view-direct,constrained-mobile,quick-turn,2,100,0.12,1,1,1.771611,12.11395,0.02439024,0.7804878,0.7560976,2.968681,1.208122,386445,105675.5,15494,87,5,1498022,301,5363712,9.301364,0.9,1.15
superblock,cube,jpeg-replacement-q80,view-direct,very-constrained,quick-turn,0.75,150,0.21,2,2,3.474592,12.15894,0.02439024,0.5853659,0.5365854,4.671661,1.208122,344410.5,102462.6,7979.5,89,14,1498022,301,4904960,10.74465,1.9,2.4
superblock,cube,jpeg-replacement-q80,global,fast,quick-turn,50,20,0.03,1,1.25,0.4973821,8.162955,0.02439024,0.902439,0.8780488,1.694452,1.208122,1588322,1116023,0,301,0,1498022,301,18855936,0,0.15,0.15
superblock,cube,jpeg-replacement-q80,global,moderate-mobile,quick-turn,10,50,0.06,2.25,2.25,1.264312,10.48486,0.02439024,0.7804878,0.7560976,2.461382,1.208122,1588322,1116023,0,301,0,1498022,301,18855936,0,0.15,0.15
superblock,cube,jpeg-replacement-q80,global,constrained-mobile,quick-turn,2,100,0.12,6,6.25,3.537786,12.15894,0.02439024,0.4146341,0.3902439,4.734856,1.208122,1588322,1116023,0,301,0,1498022,301,18855936,5.010094,3.4,3.65
superblock,cube,jpeg-replacement-q80,global,very-constrained,quick-turn,0.75,150,0.21,,,6.377352,12.15894,0.02439024,0,0,7.574422,1.208122,833732,569924,0,175,0,1498022,301,10205184,7.976324,,
superblock,cube,jpeg-replacement-q80-whole,global,fast,quick-turn,50,20,0.03,0.5,0.5,0.1242474,4.969896,0.02439024,0.9512195,0.9512195,1.316224,1.203016,1418255,992831.3,0,25,0,1410755,25,18855936,0,0.15,0.15
superblock,cube,jpeg-replacement-q80-whole,global,moderate-mobile,quick-turn,10,50,0.06,1.25,1.25,0.5769324,8.16761,0.02439024,0.8780488,0.8780488,1.768909,1.203016,1418255,992831.3,0,25,0,1410755,25,18855936,0,0.15,0.15
superblock,cube,jpeg-replacement-q80-whole,global,constrained-mobile,quick-turn,2,100,0.12,6,6,3.428359,12.16459,0.02439024,0.4146341,0.4146341,4.620336,1.203016,1418255,992831.3,0,25,0,1410755,25,18855936,5.013213,3.4,3.4
superblock,cube,jpeg-replacement-q80-whole,global,very-constrained,quick-turn,0.75,150,0.21,,,6.832655,12.16459,0.02439024,0,0,8.024632,1.203016,898673.5,598201.5,0,25,0,1410755,25,4700160,7.981876,,
superblock,cube,jpeg-replacement-q80-whole,view-direct,fast,quick-turn,50,20,0.03,0.25,0.25,0,0,0.02439024,0.9756098,0.9756098,1.191977,1.203016,875770,568134.5,0,6,0,1410755,25,11851776,0,0.15,0.15
superblock,cube,jpeg-replacement-q80-whole,view-direct,moderate-mobile,quick-turn,10,50,0.06,0.25,0.25,0.8174432,10.9361,0.02439024,0.902439,0.902439,2.00942,1.203016,875770,568134.5,0,6,0,1410755,25,11851776,10.9361,0.4,0.4
superblock,cube,jpeg-replacement-q80-whole,view-direct,constrained-mobile,quick-turn,2,100,0.12,0.75,0.75,4.159698,12.16459,0.02439024,0.6097561,0.6097561,5.351675,1.203016,875770,568134.5,0,6,0,1410755,25,11851776,10.9361,2.9,2.9
superblock,cube,jpeg-replacement-q80-whole,view-direct,very-constrained,quick-turn,0.75,150,0.21,1.5,1.5,10.26669,12.16459,0.02439024,0.07317073,0.07317073,11.45867,1.203016,831523,529383.8,0,6,0,1410755,25,4773888,10.9361,,
northrop-mall,healpix,haar-residual-d12,view,fast,stationary,50,20,0.03,0.25,0.5,0.04623992,1.849597,0.02439024,0.9756098,0.9512195,-0.8213638,-0.8676038,417799,206837.9,0,63,0,1329988,265,3866624,,,
northrop-mall,healpix,haar-residual-d12,view,moderate-mobile,stationary,10,50,0.07,0.5,0.75,0.2550144,7.190177,0.02439024,0.9512195,0.9268293,-0.6125894,-0.8676038,417799,206837.9,0,63,0,1329988,265,3866624,,,
northrop-mall,healpix,haar-residual-d12,view,constrained-mobile,stationary,2,100,0.2,1.5,2,1.097244,11.53851,0.02439024,0.8536585,0.804878,0.2296402,-0.8676038,417799,206837.9,0,63,0,1329988,265,3866624,,,
northrop-mall,healpix,haar-residual-d12,view,very-constrained,stationary,0.75,150,0.41,3.5,4.25,2.331015,11.53851,0.04878049,0.6585366,0.5853659,1.463411,-0.8676038,417799,206837.9,0,63,0,1329988,265,3866624,,,
northrop-mall,healpix,haar-residual-d12,view-fill,fast,stationary,50,20,0.03,0.25,0.5,0.04623992,1.849597,0.02439024,0.9756098,0.9512195,-0.8213638,-0.8676038,1409488,1198527,0,265,0,1329988,265,16760832,,,
northrop-mall,healpix,haar-residual-d12,view-fill,moderate-mobile,stationary,10,50,0.07,0.5,0.75,0.2550144,7.190177,0.02439024,0.9512195,0.9268293,-0.6125894,-0.8676038,1409488,1198527,0,265,0,1329988,265,16760832,,,
northrop-mall,healpix,haar-residual-d12,view-fill,constrained-mobile,stationary,2,100,0.2,1.5,2,1.097244,11.53851,0.02439024,0.8536585,0.804878,0.2296402,-0.8676038,1409488,1198527,0,265,0,1329988,265,16760832,,,
northrop-mall,healpix,haar-residual-d12,view-fill,very-constrained,stationary,0.75,150,0.41,3.5,4.25,2.331015,11.53851,0.04878049,0.6585366,0.5853659,1.463411,-0.8676038,828045.5,617084.4,0,155,0,1329988,265,9158656,,,
northrop-mall,healpix,haar-residual-d12,global,fast,stationary,50,20,0.03,1,1.25,0.4565569,7.480863,0.02439024,0.902439,0.8780488,-0.4110468,-0.8676038,1409488,1198527,0,265,0,1329988,265,16760832,,,
northrop-mall,healpix,haar-residual-d12,global,moderate-mobile,stationary,10,50,0.07,2,2.5,1.102019,10.05279,0.02439024,0.804878,0.7560976,0.2344154,-0.8676038,1409488,1198527,0,265,0,1329988,265,16760832,,,
northrop-mall,healpix,haar-residual-d12,global,constrained-mobile,stationary,2,100,0.2,5,6.25,3.081357,11.53851,0.02439024,0.5121951,0.3902439,2.213754,-0.8676038,1409488,1198527,0,265,0,1329988,265,16760832,,,
northrop-mall,healpix,haar-residual-d12,global,very-constrained,stationary,0.75,150,0.41,,,6.198597,11.53851,0.04878049,0,0,5.330993,-0.8676038,803632,651636.5,0,167,0,1329988,265,9945088,,,
northrop-mall,healpix,haar-residual-d12-p0.5,view,fast,stationary,50,20,0.03,0.25,0.5,0.03932739,1.573095,0.02439024,0.9756098,0.9512195,-0.004418652,-0.04374604,370035,176511,0,63,0,1213107,265,3866624,,,
northrop-mall,healpix,haar-residual-d12-p0.5,view,moderate-mobile,stationary,10,50,0.07,0.5,0.75,0.2171356,6.183123,0.02439024,0.9512195,0.9268293,0.1733896,-0.04374604,370035,176511,0,63,0,1213107,265,3866624,,,
northrop-mall,healpix,haar-residual-d12-p0.5,view,constrained-mobile,stationary,2,100,0.16,1.25,1.5,0.7727782,10.73228,0.02439024,0.8780488,0.8536585,0.7290321,-0.04374604,370035,176511,0,63,0,1213107,265,3866624,,,
northrop-mall,healpix,haar-residual-d12-p0.5,view,very-constrained,stationary,0.75,150,0.31,3,3.5,1.655648,10.73228,0.04878049,0.7073171,0.6585366,1.611902,-0.04374604,370035,176511,0,63,0,1213107,265,3866624,,,
northrop-mall,healpix,jpeg-residual-q80,view,fast,stationary,50,20,0.03,0.25,0.5,0.04626292,1.850517,0.02439024,0.9756098,0.9512195,-0.113738,-0.1600009,304795,136813.4,0,63,0,1037815,265,3866624,,,
northrop-mall,healpix,jpeg-residual-q80,view,moderate-mobile,stationary,10,50,0.06,0.5,0.75,0.2242916,6.747138,0.02439024,0.9512195,0.9268293,0.0642907,-0.1600009,304795,136813.4,0,63,0,1037815,265,3866624,,,
northrop-mall,healpix,jpeg-residual-q80,view,constrained-mobile,stationary,2,100,0.12,1.25,1.5,0.7251955,10.88499,0.02439024,0.8780488,0.8536585,0.5651946,-0.1600009,304795,136813.4,0,63,0,1037815,265,3866624,,,
northrop-mall,healpix,jpeg-residual-q80,view,very-constrained,stationary,0.75,150,0.2,2.5,3,1.565151,11.1928,0.02439024,0.7560976,0.7073171,1.40515,-0.1600009,304795,136813.4,0,63,0,1037815,265,3866624,,,
northrop-mall,healpix,jpeg-residual-q80,view-fill,fast,stationary,50,20,0.03,0.25,0.5,0.04626292,1.850517,0.02439024,0.9756098,0.9512195,-0.113738,-0.1600009,1117315,949333.4,0,265,0,1037815,265,16760832,,,
northrop-mall,healpix,jpeg-residual-q80,view-fill,moderate-mobile,stationary,10,50,0.06,0.5,0.75,0.2242916,6.747138,0.02439024,0.9512195,0.9268293,0.0642907,-0.1600009,1117315,949333.4,0,265,0,1037815,265,16760832,,,
northrop-mall,healpix,jpeg-residual-q80,view-fill,constrained-mobile,stationary,2,100,0.12,1.25,1.5,0.7251955,10.88499,0.02439024,0.8780488,0.8536585,0.5651946,-0.1600009,1117315,949333.4,0,265,0,1037815,265,16760832,,,
northrop-mall,healpix,jpeg-residual-q80,view-fill,very-constrained,stationary,0.75,150,0.2,2.5,3,1.565151,11.1928,0.02439024,0.7560976,0.7073171,1.40515,-0.1600009,766506,598524.4,0,210,0,1037815,265,12763136,,,
northrop-mall,healpix,jpeg-residual-q80,global,fast,stationary,50,20,0.03,1,1.25,0.4545137,7.309269,0.02439024,0.902439,0.8780488,0.2945129,-0.1600009,1117315,949333.4,0,265,0,1037815,265,16760832,,,
northrop-mall,healpix,jpeg-residual-q80,global,moderate-mobile,stationary,10,50,0.06,2,2.5,1.074502,9.72603,0.02439024,0.804878,0.7560976,0.9145015,-0.1600009,1117315,949333.4,0,265,0,1037815,265,16760832,,,
northrop-mall,healpix,jpeg-residual-q80,global,constrained-mobile,stationary,2,100,0.12,4,5.25,2.463044,11.09054,0.02439024,0.6097561,0.4878049,2.303043,-0.1600009,1117315,949333.4,0,265,0,1037815,265,16760832,,,
northrop-mall,healpix,jpeg-residual-q80,global,very-constrained,stationary,0.75,150,0.2,8,,4.73041,11.1928,0.02439024,0.2195122,0,4.57041,-0.1600009,792920,640271,0,215,0,1037815,265,13090816,,,
northrop-mall,healpix,jpeg-replacement-q80,view,fast,stationary,50,20,0.03,0.25,0.5,0.03761661,1.504664,0.02439024,0.9756098,0.9512195,-0.08908245,-0.1266991,362140,160918.4,0,63,0,1241938,265,3866624,,,
northrop-mall,healpix,jpeg-replacement-q80,view,moderate-mobile,stationary,10,50,0.06,0.5,0.75,0.2463744,7.037598,0.02439024,0.9512195,0.9268293,0.1196754,-0.1266991,362140,160918.4,0,63,0,1241938,265,3866624,,,
northrop-mall,healpix,jpeg-replacement-q80,view,constrained-mobile,stationary,2,100,0.12,1.25,1.75,0.8094155,11.1595,0.02439024,0.8780488,0.8292683,0.6827164,-0.1266991,362140,160918.4,0,63,0,1241938,265,3866624,,,
northrop-mall,healpix,jpeg-replacement-q80,view,very-constrained,stationary,0.75,150,0.2,2.75,3.5,1.782383,11.1595,0.02439024,0.7317073,0.6585366,1.655684,-0.1266991,362140,160918.4,0,63,0,1241938,265,3866624,,,
northrop-mall,healpix,jpeg-replacement-q80,view-fill,fast,stationary,50,20,0.03,0.25,0.5,0.03761661,1.504664,0.02439024,0.9756098,0.9512195,-0.08908245,-0.1266991,1321438,1120216,0,265,0,1241938,265,16760832,,,
northrop-mall,healpix,jpeg-replacement-q80,view-fill,moderate-mobile,stationary,10,50,0.06,0.5,0.75,0.2463744,7.037598,0.02439024,0.9512195,0.9268293,0.1196754,-0.1266991,1321438,1120216,0,265,0,1241938,265,16760832,,,
northrop-mall,healpix,jpeg-replacement-q80,view-fill,constrained-mobile,stationary,2,100,0.12,1.25,1.75,0.8094155,11.1595,0.02439024,0.8780488,0.8292683,0.6827164,-0.1266991,1321438,1120216,0,265,0,1241938,265,16760832,,,
northrop-mall,healpix,jpeg-replacement-q80,view-fill,very-constrained,stationary,0.75,150,0.2,2.75,3.5,1.782383,11.1595,0.02439024,0.7317073,0.6585366,1.655684,-0.1266991,786439.5,585217.9,0,185,0,1241938,265,11124736,,,
northrop-mall,healpix,jpeg-replacement-q80,view-direct,fast,stationary,50,20,0.03,0.25,0.25,0,0,0.02439024,0.9756098,0.9756098,-0.1266991,-0.1266991,249218,100779.8,0,41,0,1241938,265,2670592,,,
northrop-mall,healpix,jpeg-replacement-q80,view-direct,moderate-mobile,stationary,10,50,0.06,0.5,0.5,0.2331764,8.880122,0.02439024,0.9512195,0.9512195,0.1064773,-0.1266991,249218,100779.8,0,41,0,1241938,265,2670592,,,
northrop-mall,healpix,jpeg-replacement-q80,view-direct,constrained-mobile,stationary,2,100,0.12,1.25,1.5,0.9361867,11.1595,0.02439024,0.8780488,0.8536585,0.8094876,-0.1266991,249218,100779.8,0,41,0,1241938,265,2670592,,,
northrop-mall,healpix,jpeg-replacement-q80,view-direct,very-constrained,stationary,0.75,150,0.2,2.5,3,2.026761,11.1595,0.02439024,0.7560976,0.7073171,1.900062,-0.1266991,249218,100779.8,0,41,0,1241938,265,2670592,,,
northrop-mall,healpix,jpeg-replacement-q80,global,fast,stationary,50,20,0.03,1,1.25,0.4520818,7.275464,0.02439024,0.902439,0.8780488,0.3253828,-0.1266991,1321438,1120216,0,265,0,1241938,265,16760832,,,
northrop-mall,healpix,jpeg-replacement-q80,global,moderate-mobile,stationary,10,50,0.06,2,2.5,1.071618,9.697053,0.02439024,0.804878,0.7560976,0.9449191,-0.1266991,1321438,1120216,0,265,0,1241938,265,16760832,,,
northrop-mall,healpix,jpeg-replacement-q80,global,constrained-mobile,stationary,2,100,0.12,4.25,5.75,2.596232,11.1595,0.02439024,0.5853659,0.4390244,2.469533,-0.1266991,1321438,1120216,0,265,0,1241938,265,16760832,,,
northrop-mall,healpix,jpeg-replacement-q80,global,very-constrained,stationary,0.75,150,0.2,9,,5.188417,11.1595,0.02439024,0.1219512,0,5.061718,-0.1266991,780750,606036.6,0,190,0,1241938,265,11452416,,,
northrop-mall,healpix,jpeg-replacement-q80-whole,global,fast,stationary,50,20,0.03,0.5,0.5,0.102991,4.119641,0.02439024,0.9512195,0.9512195,-0.02565895,-0.12865,1193471,1020348,0,49,0,1178771,49,16760832,,,
northrop-mall,healpix,jpeg-replacement-q80-whole,global,moderate-mobile,stationary,10,50,0.06,1.25,1.25,0.584566,9.699004,0.02439024,0.8780488,0.8780488,0.4559161,-0.12865,1193471,1020348,0,49,0,1178771,49,16760832,,,
northrop-mall,healpix,jpeg-replacement-q80-whole,global,constrained-mobile,stationary,2,100,0.12,4.25,5,2.487465,11.16145,0.02439024,0.5853659,0.5121951,2.358815,-0.12865,1193471,1020348,0,49,0,1178771,49,16760832,,,
northrop-mall,healpix,jpeg-replacement-q80-whole,global,very-constrained,stationary,0.75,150,0.2,,,5.721435,11.16145,0.02439024,0,0,5.592785,-0.12865,879616,727770.4,0,49,0,1178771,49,10469376,,,
northrop-mall,healpix,jpeg-replacement-q80-whole,view-direct,fast,stationary,50,20,0.03,0.25,0.25,0,0,0.02439024,0.9756098,0.9756098,-0.12865,-0.12865,380794,256097.4,0,6,0,1178771,49,5292032,,,
northrop-mall,healpix,jpeg-replacement-q80-whole,view-direct,moderate-mobile,stationary,10,50,0.06,0.5,0.5,0.27118,10.8472,0.02439024,0.9512195,0.9512195,0.1425301,-0.12865,380794,256097.4,0,6,0,1178771,49,5292032,,,
northrop-mall,healpix,jpeg-replacement-q80-whole,view-direct,constrained-mobile,stationary,2,100,0.12,1.75,1.75,1.619077,11.16145,0.02439024,0.8292683,0.8292683,1.490427,-0.12865,380794,256097.4,0,6,0,1178771,49,5292032,,,
northrop-mall,healpix,jpeg-replacement-q80-whole,view-direct,very-constrained,stationary,0.75,150,0.2,4.5,4.5,4.397725,11.16145,0.02439024,0.5609756,0.5609756,4.269075,-0.12865,380794,256097.4,0,6,0,1178771,49,5292032,,,
bookstore,healpix,haar-residual-d12,view,fast,stationary,50,20,0.03,0.25,0.5,0.06884522,2.753809,0.02439024,0.9756098,0.9512195,0.8877605,0.8189153,155513,80293.11,0,63,0,468058,265,3866624,,,
bookstore,healpix,haar-residual-d12,view,moderate-mobile,stationary,10,50,0.07,0.5,0.75,0.2793344,8.419565,0.02439024,0.9512195,0.9268293,1.098248,0.8189153,155513,80293.11,0,63,0,468058,265,3866624,,,
bookstore,healpix,haar-residual-d12,view,constrained-mobile,stationary,2,100,0.19,1.25,1.5,0.947596,15.28959,0.02439024,0.8780488,0.8536585,1.766511,0.8189153,155513,80293.11,0,63,0,468058,265,3866624,,,
bookstore,healpix,haar-residual-d12,view,very-constrained,stationary,0.75,150,0.37,2.25,2.5,1.566702,15.28959,0.04878049,0.7804878,0.7560976,2.385617,0.8189153,155513,80293.11,0,63,0,468058,265,3866624,,,
bookstore,healpix,haar-residual-d12,view-fill,fast,stationary,50,20,0.03,0.25,0.5,0.06884522,2.753809,0.02439024,0.9756098,0.9512195,0.8877605,0.8189153,547558,472338.1,0,265,0,468058,265,16760832,,,
bookstore,healpix,haar-residual-d12,view-fill,moderate-mobile,stationary,10,50,0.07,0.5,0.75,0.2793344,8.419565,0.02439024,0.9512195,0.9268293,1.098248,0.8189153,547558,472338.1,0,265,0,468058,265,16760832,,,
bookstore,healpix,haar-residual-d12,view-fill,constrained-mobile,stationary,2,100,0.19,1.25,1.5,0.947596,15.28959,0.02439024,0.8780488,0.8536585,1.766511,0.8189153,547558,472338.1,0,265,0,468058,265,16760832,,,
bookstore,healpix,haar-residual-d12,view-fill,very-constrained,stationary,0.75,150,0.37,2.25,2.5,1.566702,15.28959,0.04878049,0.7804878,0.7560976,2.385617,0.8189153,547558,472338.1,0,265,0,468058,265,16760832,,,
bookstore,healpix,haar-residual-d12,global,fast,stationary,50,20,0.03,1,1.25,0.4941855,9.131503,0.02439024,0.902439,0.8780488,1.313101,0.8189153,547558,472338.1,0,265,0,468058,265,16760832,,,
bookstore,healpix,haar-residual-d12,global,moderate-mobile,stationary,10,50,0.07,2,2.5,1.172668,12.56537,0.02439024,0.804878,0.7560976,1.991582,0.8189153,547558,472338.1,0,265,0,468058,265,16760832,,,
bookstore,healpix,haar-residual-d12,global,constrained-mobile,stationary,2,100,0.19,4,4.75,2.842411,15.28959,0.02439024,0.6097561,0.5365854,3.661326,0.8189153,547558,472338.1,0,265,0,468058,265,16760832,,,
bookstore,healpix,haar-residual-d12,global,very-constrained,stationary,0.75,150,0.37,6.75,8.25,4.806056,15.28959,0.04878049,0.3414634,0.195122,5.624969,0.8189153,547558,472338.1,0,265,0,468058,265,16760832,,,
bookstore,healpix,haar-residual-d12-p0.5,view,fast,stationary,50,20,0.03,0.25,0.5,0.03876444,1.550578,0.02439024,0.9756098,0.9512195,3.910139,3.871374,125241,60445.97,0,63,0,394667,265,3866624,,,
bookstore,healpix,haar-residual-d12-p0.5,view,moderate-mobile,stationary,10,50,0.06,0.5,0.75,0.1856232,5.874351,0.02439024,0.9512195,0.9268293,4.056995,3.871374,125241,60445.97,0,63,0,394667,265,3866624,,,
bookstore,healpix,haar-residual-d12-p0.5,view,constrained-mobile,stationary,2,100,0.15,0.75,1.25,0.591164,12.27984,0.02439024,0.9268293,0.8780488,4.462538,3.871374,125241,60445.97,0,63,0,394667,265,3866624,,,
bookstore,healpix,haar-residual-d12-p0.5,view,very-constrained,stationary,0.75,150,0.27,1.5,2.25,0.8904447,12.27984,0.04878049,0.8536585,0.7804878,4.761819,3.871374,125241,60445.97,0,63,0,394667,265,3866624,,,
bookstore,healpix,jpeg-residual-q80,view,fast,stationary,50,20,0.03,0.5,0.5,0.08471951,3.388781,0.02439024,0.9512195,0.9512195,1.166893,1.082173,137527,63144.19,0,63,0,499207,265,3866624,,,
bookstore,healpix,jpeg-residual-q80,view,moderate-mobile,stationary,10,50,0.06,0.75,0.75,0.2589731,6.970144,0.02439024,0.9268293,0.9268293,1.341146,1.082173,137527,63144.19,0,63,0,499207,265,3866624,,,
bookstore,healpix,jpeg-residual-q80,view,constrained-mobile,stationary,2,100,0.12,1.25,1.25,0.826869,13.1,0.02439024,0.8780488,0.8780488,1.909042,1.082173,137527,63144.19,0,63,0,499207,265,3866624,,,
bookstore,healpix,jpeg-residual-q80,view,very-constrained,stationary,0.75,150,0.2,2,2.25,1.484784,15.45974,0.02439024,0.804878,0.7804878,2.566957,1.082173,137527,63144.19,0,63,0,499207,265,3866624,,,
bookstore,healpix,jpeg-residual-q80,view-fill,fast,stationary,50,20,0.03,0.5,0.5,0.08471951,3.388781,0.02439024,0.9512195,0.9512195,1.166893,1.082173,578707,504324.2,0,265,0,499207,265,16760832,,,
bookstore,healpix,jpeg-residual-q80,view-fill,moderate-mobile,stationary,10,50,0.06,0.75,0.75,0.2589731,6.970144,0.02439024,0.9268293,0.9268293,1.341146,1.082173,578707,504324.2,0,265,0,499207,265,16760832,,,
bookstore,healpix,jpeg-residual-q80,view-fill,constrained-mobile,stationary,2,100,0.12,1.25,1.25,0.826869,13.1,0.02439024,0.8780488,0.8780488,1.909042,1.082173,578707,504324.2,0,265,0,499207,265,16760832,,,
bookstore,healpix,jpeg-residual-q80,view-fill,very-constrained,stationary,0.75,150,0.2,2,2.25,1.484784,15.45974,0.02439024,0.804878,0.7804878,2.566957,1.082173,578707,504324.2,0,265,0,499207,265,16760832,,,
bookstore,healpix,jpeg-residual-q80,global,fast,stationary,50,20,0.03,1,1.25,0.565711,9.708106,0.02439024,0.902439,0.8780488,1.647884,1.082173,578707,504324.2,0,265,0,499207,265,16760832,,,
bookstore,healpix,jpeg-residual-q80,global,moderate-mobile,stationary,10,50,0.06,2,2.5,1.342225,13.07928,0.02439024,0.804878,0.7560976,2.424398,1.082173,578707,504324.2,0,265,0,499207,265,16760832,,,
bookstore,healpix,jpeg-residual-q80,global,constrained-mobile,stationary,2,100,0.12,3.75,4.5,2.708786,15.26358,0.02439024,0.6341463,0.5609756,3.790959,1.082173,578707,504324.2,0,265,0,499207,265,16760832,,,
bookstore,healpix,jpeg-residual-q80,global,very-constrained,stationary,0.75,150,0.2,6.5,8,4.887766,15.45974,0.02439024,0.3658537,0.2195122,5.969939,1.082173,578707,504324.2,0,265,0,499207,265,16760832,,,
bookstore,healpix,jpeg-replacement-q80,view,fast,stationary,50,20,0.03,0.25,0.5,0.07000841,2.800336,0.02439024,0.9756098,0.9512195,1.111657,1.041649,164694,74142.63,0,63,0,602691,265,3866624,,,
bookstore,healpix,jpeg-replacement-q80,view,moderate-mobile,stationary,10,50,0.06,0.75,0.75,0.3479548,9.601852,0.02439024,0.9268293,0.9268293,1.389604,1.041649,164694,74142.63,0,63,0,602691,265,3866624,,,
bookstore,healpix,jpeg-replacement-q80,view,constrained-mobile,stationary,2,100,0.12,1.25,1.25,0.8696069,15.47138,0.02439024,0.8780488,0.8780488,1.911256,1.041649,164694,74142.63,0,63,0,602691,265,3866624,,,
bookstore,healpix,jpeg-replacement-q80,view,very-constrained,stationary,0.75,150,0.2,2.25,2.25,1.67815,15.50027,0.02439024,0.7804878,0.7804878,2.719799,1.041649,164694,74142.63,0,63,0,602691,265,3866624,,,
bookstore,healpix,jpeg-replacement-q80,view-fill,fast,stationary,50,20,0.03,0.25,0.5,0.07000841,2.800336,0.02439024,0.9756098,0.9512195,1.111657,1.041649,682191,591639.6,0,265,0,602691,265,16760832,,,
bookstore,healpix,jpeg-replacement-q80,view-fill,moderate-mobile,stationary,10,50,0.06,0.75,0.75,0.3479548,9.601852,0.02439024,0.9268293,0.9268293,1.389604,1.041649,682191,591639.6,0,265,0,602691,265,16760832,,,
bookstore,healpix,jpeg-replacement-q80,view-fill,constrained-mobile,stationary,2,100,0.12,1.25,1.25,0.8696069,15.47138,0.02439024,0.8780488,0.8780488,1.911256,1.041649,682191,591639.6,0,265,0,602691,265,16760832,,,
bookstore,healpix,jpeg-replacement-q80,view-fill,very-constrained,stationary,0.75,150,0.2,2.25,2.25,1.67815,15.50027,0.02439024,0.7804878,0.7804878,2.719799,1.041649,645795.5,555244.1,0,256,0,602691,265,15712256,,,
bookstore,healpix,jpeg-replacement-q80,view-direct,fast,stationary,50,20,0.03,0.25,0.25,0,0,0.02439024,0.9756098,0.9756098,1.041649,1.041649,102911,40403.03,0,41,0,602691,265,2670592,,,
bookstore,healpix,jpeg-replacement-q80,view-direct,moderate-mobile,stationary,10,50,0.06,0.5,0.5,0.338673,13.54692,0.02439024,0.9512195,0.9512195,1.380322,1.041649,102911,40403.03,0,41,0,602691,265,2670592,,,
bookstore,healpix,jpeg-replacement-q80,view-direct,constrained-mobile,stationary,2,100,0.12,1.25,1.25,1.061537,15.48559,0.02439024,0.8780488,0.8780488,2.103186,1.041649,102911,40403.03,0,41,0,602691,265,2670592,,,
bookstore,healpix,jpeg-replacement-q80,view-direct,very-constrained,stationary,0.75,150,0.2,2,2,1.859314,15.50027,0.02439024,0.804878,0.804878,2.900963,1.041649,102911,40403.03,0,41,0,602691,265,2670592,,,
bookstore,healpix,jpeg-replacement-q80,global,fast,stationary,50,20,0.03,1,1.25,0.569596,9.749667,0.02439024,0.902439,0.8780488,1.611245,1.041649,682191,591639.6,0,265,0,602691,265,16760832,,,
bookstore,healpix,jpeg-replacement-q80,global,moderate-mobile,stationary,10,50,0.06,2,2.5,1.360867,13.11548,0.02439024,0.804878,0.7560976,2.402516,1.041649,682191,591639.6,0,265,0,602691,265,16760832,,,
bookstore,healpix,jpeg-replacement-q80,global,constrained-mobile,stationary,2,100,0.12,3.75,4.75,2.84526,15.47138,0.02439024,0.6341463,0.5365854,3.886909,1.041649,682191,591639.6,0,265,0,602691,265,16760832,,,
bookstore,healpix,jpeg-replacement-q80,global,very-constrained,stationary,0.75,150,0.2,6.75,8.5,5.228406,15.50027,0.02439024,0.3414634,0.1707317,6.270055,1.041649,675839.5,585288.1,0,265,0,602691,265,16564224,,,
bookstore,healpix,jpeg-replacement-q80-whole,global,fast,stationary,50,20,0.03,0.5,0.5,0.1365544,5.462176,0.02439024,0.9512195,0.9512195,1.172043,1.035489,551526,477811.3,0,49,0,536826,49,16760832,,,
bookstore,healpix,jpeg-replacement-q80-whole,global,moderate-mobile,stationary,10,50,0.06,0.75,1,0.5332534,13.12164,0.02439024,0.9268293,0.902439,1.568742,1.035489,551526,477811.3,0,49,0,536826,49,16760832,,,
bookstore,healpix,jpeg-replacement-q80-whole,global,constrained-mobile,stationary,2,100,0.12,2.25,2.5,1.813347,15.47754,0.02439024,0.7804878,0.7560976,2.848836,1.035489,551526,477811.3,0,49,0,536826,49,16760832,,,
bookstore,healpix,jpeg-replacement-q80-whole,global,very-constrained,stationary,0.75,150,0.2,6,6,4.524802,15.50643,0.02439024,0.4146341,0.4146341,5.560291,1.035489,551526,477811.3,0,49,0,536826,49,16760832,,,
bookstore,healpix,jpeg-replacement-q80-whole,view-direct,fast,stationary,50,20,0.03,0.25,0.25,0,0,0.02439024,0.9756098,0.9756098,1.035489,1.035489,136863,88090.42,0,6,0,536826,49,5292032,,,
bookstore,healpix,jpeg-replacement-q80-whole,view-direct,moderate-mobile,stationary,10,50,0.06,0.25,0.25,0,0,0.02439024,0.9756098,0.9756098,1.035489,1.035489,136863,88090.42,0,6,0,536826,49,5292032,,,
bookstore,healpix,jpeg-replacement-q80-whole,view-direct,constrained-mobile,stationary,2,100,0.12,1,1,1.136117,15.50643,0.02439024,0.902439,0.902439,2.171606,1.035489,136863,88090.42,0,6,0,536826,49,5292032,,,
bookstore,healpix,jpeg-replacement-q80-whole,view-direct,very-constrained,stationary,0.75,150,0.2,2,2,2.674639,15.50643,0.02439024,0.804878,0.804878,3.710128,1.035489,136863,88090.42,0,6,0,536826,49,5292032,,,
superblock,healpix,haar-residual-d12,view,fast,stationary,50,20,0.03,0.25,0.5,0.06363009,2.545204,0.02439024,0.9756098,0.9512195,0.1781676,0.1145375,314472,180331.9,0,63,0,1639558,265,3866624,,,
superblock,healpix,haar-residual-d12,view,moderate-mobile,stationary,10,50,0.08,0.75,0.75,0.2899979,7.592326,0.02439024,0.9268293,0.9268293,0.4045354,0.1145375,314472,180331.9,0,63,0,1639558,265,3866624,,,
superblock,healpix,haar-residual-d12,view,constrained-mobile,stationary,2,100,0.21,1.5,1.75,1.05402,12.67483,0.02439024,0.8536585,0.8292683,1.168557,0.1145375,314472,180331.9,0,63,0,1639558,265,3866624,,,
superblock,healpix,haar-residual-d12,view,very-constrained,stationary,0.75,150,0.44,3.25,3.5,2.174775,12.67483,0.04878049,0.6829268,0.6585366,2.289313,0.1145375,314472,180331.9,0,63,0,1639558,265,3866624,,,
superblock,healpix,haar-residual-d12,view-fill,fast,stationary,50,20,0.03,0.25,0.5,0.06363009,2.545204,0.02439024,0.9756098,0.9512195,0.1781676,0.1145375,1719058,1584918,0,265,0,1639558,265,16760832,,,
superblock,healpix,haar-residual-d12,view-fill,moderate-mobile,stationary,10,50,0.08,0.75,0.75,0.2899979,7.592326,0.02439024,0.9268293,0.9268293,0.4045354,0.1145375,1719058,1584918,0,265,0,1639558,265,16760832,,,
superblock,healpix,haar-residual-d12,view-fill,constrained-mobile,stationary,2,100,0.21,1.5,1.75,1.05402,12.67483,0.02439024,0.8536585,0.8292683,1.168557,0.1145375,1719058,1584918,0,265,0,1639558,265,16760832,,,
superblock,healpix,haar-residual-d12,view-fill,very-constrained,stationary,0.75,150,0.44,3.25,3.5,2.174775,12.67483,0.04878049,0.6829268,0.6585366,2.289313,0.1145375,849320.5,715180.4,0,118,0,1639558,265,6733824,,,
superblock,healpix,haar-residual-d12,global,fast,stationary,50,20,0.03,1,1.25,0.4823446,7.981882,0.02439024,0.902439,0.8780488,0.5968822,0.1145375,1719058,1584918,0,265,0,1639558,265,16760832,,,
superblock,healpix,haar-residual-d12,global,moderate-mobile,stationary,10,50,0.08,2.25,2.75,1.357319,10.71815,0.02439024,0.7804878,0.7317073,1.471856,0.1145375,1719058,1584918,0,265,0,1639558,265,16760832,,,
superblock,healpix,haar-residual-d12,global,constrained-mobile,stationary,2,100,0.21,5.75,7,3.82902,12.67483,0.02439024,0.4390244,0.3170732,3.943557,0.1145375,1719058,1584918,0,265,0,1639558,265,16760832,,,
superblock,healpix,haar-residual-d12,global,very-constrained,stationary,0.75,150,0.44,,,7.31638,12.67483,0.04878049,0,0,7.430918,0.1145375,879555.5,809193,0,113,0,1639558,265,6406144,,,
superblock,healpix,haar-residual-d12-p0.5,view,fast,stationary,50,20,0.03,0.25,0.5,0.04111722,1.644689,0.02439024,0.9756098,0.9512195,2.438889,2.397772,263792,146056.9,0,63,0,1473584,265,3866624,,,
superblock,healpix,haar-residual-d12-p0.5,view,moderate-mobile,stationary,10,50,0.07,0.5,0.75,0.1983783,5.693709,0.02439024,0.9512195,0.9268293,2.59615,2.397772,263792,146056.9,0,63,0,1473584,265,3866624,,,
superblock,healpix,haar-residual-d12-p0.5,view,constrained-mobile,stationary,2,100,0.17,1,1.5,0.6865617,10.43808,0.02439024,0.902439,0.8536585,3.084333,2.397772,263792,146056.9,0,63,0,1473584,265,3866624,,,
superblock,healpix,haar-residual-d12-p0.5,view,very-constrained,stationary,0.75,150,0.34,2,3,1.240838,10.43808,0.04878049,0.804878,0.7073171,3.63861,2.397772,263792,146056.9,0,63,0,1473584,265,3866624,,,
superblock,healpix,jpeg-residual-q80,view,fast,stationary,50,20,0.03,0.25,0.5,0.07186193,2.874477,0.02439024,0.9756098,0.9512195,1.036475,0.9646132,207159,104110.9,0,63,0,1146151,265,3866624,,,
superblock,healpix,jpeg-residual-q80,view,moderate-mobile,stationary,10,50,0.06,0.75,0.75,0.2898042,7.894499,0.02439024,0.9268293,0.9268293,1.254417,0.9646132,207159,104110.9,0,63,0,1146151,265,3866624,,,
superblock,healpix,jpeg-residual-q80,view,constrained-mobile,stationary,2,100,0.12,1.25,1.5,0.8178835,12.79449,0.02439024,0.8780488,0.8536585,1.782497,0.9646132,207159,104110.9,0,63,0,1146151,265,3866624,,,
superblock,healpix,jpeg-residual-q80,view,very-constrained,stationary,0.75,150,0.21,2.25,2.75,1.547556,12.79449,0.02439024,0.7804878,0.7317073,2.512169,0.9646132,207159,104110.9,0,63,0,1146151,265,3866624,,,
superblock,healpix,jpeg-residual-q80,view-fill,fast,stationary,50,20,0.03,0.25,0.5,0.07186193,2.874477,0.02439024,0.9756098,0.9512195,1.036475,0.9646132,1225651,1122603,0,265,0,1146151,265,16760832,,,
superblock,healpix,jpeg-residual-q80,view-fill,moderate-mobile,stationary,10,50,0.06,0.75,0.75,0.2898042,7.894499,0.02439024,0.9268293,0.9268293,1.254417,0.9646132,1225651,1122603,0,265,0,1146151,265,16760832,,,
superblock,healpix,jpeg-residual-q80,view-fill,constrained-mobile,stationary,2,100,0.12,1.25,1.5,0.8178835,12.79449,0.02439024,0.8780488,0.8536585,1.782497,0.9646132,1225651,1122603,0,265,0,1146151,265,16760832,,,
superblock,healpix,jpeg-residual-q80,view-fill,very-constrained,stationary,0.75,150,0.21,2.25,2.75,1.547556,12.79449,0.02439024,0.7804878,0.7317073,2.512169,0.9646132,789063,686014.9,0,181,0,1146151,265,10862592,,,
superblock,healpix,jpeg-residual-q80,global,fast,stationary,50,20,0.03,1,1.5,0.5227647,8.278864,0.02439024,0.902439,0.8536585,1.487378,0.9646132,1225651,1122603,0,265,0,1146151,265,16760832,,,
superblock,healpix,jpeg-residual-q80,global,moderate-mobile,stationary,10,50,0.06,2.25,2.75,1.274346,10.8536,0.02439024,0.7804878,0.7317073,2.238959,0.9646132,1225651,1122603,0,265,0,1146151,265,16760832,,,
superblock,healpix,jpeg-residual-q80,global,constrained-mobile,stationary,2,100,0.12,4.5,6,2.959586,12.79449,0.02439024,0.5609756,0.4146341,3.924199,0.9646132,1225651,1122603,0,265,0,1146151,265,16760832,,,
superblock,healpix,jpeg-residual-q80,global,very-constrained,stationary,0.75,150,0.21,9.25,,5.974853,12.79449,0.02439024,0.09756098,0,6.939466,0.9646132,832346.5,743098.1,0,189,0,1146151,265,11386880,,,
superblock,healpix,jpeg-replacement-q80,view,fast,stationary,50,20,0.03,0.25,0.5,0.06062881,2.425152,0.02439024,0.9756098,0.9512195,1.010736,0.9501068,247774,123214.3,0,63,0,1389542,265,3866624,,,
superblock,healpix,jpeg-replacement-q80,view,moderate-mobile,stationary,10,50,0.06,0.75,0.75,0.2963621,7.890526,0.02439024,0.9268293,0.9268293,1.246469,0.9501068,247774,123214.3,0,63,0,1389542,265,3866624,,,
superblock,healpix,jpeg-replacement-q80,view,constrained-mobile,stationary,2,100,0.12,1.25,1.5,0.838243,12.80899,0.02439024,0.8780488,0.8536585,1.78835,0.9501068,247774,123214.3,0,63,0,1389542,265,3866624,,,
superblock,healpix,jpeg-replacement-q80,view,very-constrained,stationary,0.75,150,0.21,2.5,3,1.789837,12.80899,0.02439024,0.7560976,0.7073171,2.739944,0.9501068,247774,123214.3,0,63,0,1389542,265,3866624,,,
superblock,healpix,jpeg-replacement-q80,view-fill,fast,stationary,50,20,0.03,0.25,0.5,0.06062881,2.425152,0.02439024,0.9756098,0.9512195,1.010736,0.9501068,1469042,1344482,0,265,0,1389542,265,16760832,,,
superblock,healpix,jpeg-replacement-q80,view-fill,moderate-mobile,stationary,10,50,0.06,0.75,0.75,0.2963621,7.890526,0.02439024,0.9268293,0.9268293,1.246469,0.9501068,1469042,1344482,0,265,0,1389542,265,16760832,,,
superblock,healpix,jpeg-replacement-q80,view-fill,constrained-mobile,stationary,2,100,0.12,1.25,1.5,0.838243,12.80899,0.02439024,0.8780488,0.8536585,1.78835,0.9501068,1469042,1344482,0,265,0,1389542,265,16760832,,,
superblock,healpix,jpeg-replacement-q80,view-fill,very-constrained,stationary,0.75,150,0.21,2.5,3,1.789837,12.80899,0.02439024,0.7560976,0.7073171,2.739944,0.9501068,810792,686232.3,0,159,0,1389542,265,9420800,,,
superblock,healpix,jpeg-replacement-q80,view-direct,fast,stationary,50,20,0.03,0.25,0.25,0,0,0.02439024,0.9756098,0.9756098,0.9501068,0.9501068,157973,71166.53,0,41,0,1389542,265,2670592,,,
superblock,healpix,jpeg-replacement-q80,view-direct,moderate-mobile,stationary,10,50,0.06,0.5,0.5,0.2817137,10.90813,0.02439024,0.9512195,0.9512195,1.23182,0.9501068,157973,71166.53,0,41,0,1389542,265,2670592,,,
superblock,healpix,jpeg-replacement-q80,view-direct,constrained-mobile,stationary,2,100,0.12,1,1.25,0.7936484,12.76914,0.02439024,0.902439,0.8780488,1.743755,0.9501068,157973,71166.53,0,41,0,1389542,265,2670592,,,
superblock,healpix,jpeg-replacement-q80,view-direct,very-constrained,stationary,0.75,150,0.21,1.75,2.25,1.62736,12.80899,0.02439024,0.8292683,0.7804878,2.577467,0.9501068,157973,71166.53,0,41,0,1389542,265,2670592,,,
superblock,healpix,jpeg-replacement-q80,global,fast,stationary,50,20,0.03,1,1.5,0.5233485,8.282545,0.02439024,0.902439,0.8536585,1.473455,0.9501068,1469042,1344482,0,265,0,1389542,265,16760832,,,
superblock,healpix,jpeg-replacement-q80,global,moderate-mobile,stationary,10,50,0.06,2,2.75,1.228272,10.84134,0.02439024,0.804878,0.7317073,2.178379,0.9501068,1469042,1344482,0,265,0,1389542,265,16760832,,,
superblock,healpix,jpeg-replacement-q80,global,constrained-mobile,stationary,2,100,0.12,4.75,6.5,3.241342,12.80899,0.02439024,0.5365854,0.3658537,4.191449,0.9501068,1469042,1344482,0,265,0,1389542,265,16760832,,,
superblock,healpix,jpeg-replacement-q80,global,very-constrained,stationary,0.75,150,0.21,,,6.429208,12.80899,0.02439024,0,0,7.379315,0.9501068,865856.5,806006.3,0,162,0,1389542,265,9617408,,,
superblock,healpix,jpeg-replacement-q80-whole,global,fast,stationary,50,20,0.03,0.5,0.5,0.1290819,5.163276,0.02439024,0.9512195,0.9512195,1.074462,0.9453805,1334687,1207011,0,49,0,1319987,49,16760832,,,
superblock,healpix,jpeg-replacement-q80-whole,global,moderate-mobile,stationary,10,50,0.06,1,1.5,0.6253652,10.84607,0.02439024,0.902439,0.8536585,1.570746,0.9453805,1334687,1207011,0,49,0,1319987,49,16760832,,,
superblock,healpix,jpeg-replacement-q80-whole,global,constrained-mobile,stationary,2,100,0.12,3.75,5.75,2.726446,12.81372,0.02439024,0.6341463,0.4390244,3.671827,0.9453805,1334687,1207011,0,49,0,1319987,49,16760832,,,
superblock,healpix,jpeg-replacement-q80-whole,global,very-constrained,stationary,0.75,150,0.21,8.75,,5.945387,12.81372,0.02439024,0.1463415,0,6.890768,0.9453805,885128,774730.1,0,46,0,1319987,49,7323648,,,
superblock,healpix,jpeg-replacement-q80-whole,view-direct,fast,stationary,50,20,0.03,0.25,0.25,0,0,0.02439024,0.9756098,0.9756098,0.9453805,0.9453805,348069,257478.1,0,6,0,1319987,49,5292032,,,
superblock,healpix,jpeg-replacement-q80-whole,view-direct,moderate-mobile,stationary,10,50,0.06,0.5,0.5,0.320343,12.81372,0.02439024,0.9512195,0.9512195,1.265723,0.9453805,348069,257478.1,0,6,0,1319987,49,5292032,,,
superblock,healpix,jpeg-replacement-q80-whole,view-direct,constrained-mobile,stationary,2,100,0.12,1.75,1.75,1.748044,12.81372,0.02439024,0.8292683,0.8292683,2.693424,0.9453805,348069,257478.1,0,6,0,1319987,49,5292032,,,
superblock,healpix,jpeg-replacement-q80-whole,view-direct,very-constrained,stationary,0.75,150,0.21,4.25,4.25,4.642156,12.81372,0.02439024,0.5853659,0.5853659,5.587537,0.9453805,348069,257478.1,0,6,0,1319987,49,5292032,,,
northrop-mall,healpix,haar-residual-d12,view,fast,quick-turn,50,20,0.03,0.25,0.5,0.1886289,3.716941,0.02439024,0.9512195,0.902439,-0.6419829,-0.831514,969920,397870.6,0,167,0,1329988,265,10387456,0,0.15,0.15
northrop-mall,healpix,haar-residual-d12,view,moderate-mobile,quick-turn,10,50,0.07,0.5,0.75,0.5492606,7.190177,0.02439024,0.902439,0.8536585,-0.2813512,-0.831514,892335,345100.7,0,147,1,1329988,265,9011200,2.233835,0.15,0.4
northrop-mall,healpix,haar-residual-d12,view,constrained-mobile,quick-turn,2,100,0.2,1.5,2,2.065498,11.53851,0.02439024,0.7317073,0.6341463,1.234887,-0.831514,805610.3,296883.2,4048.333,129,2,1329988,265,7766016,7.458874,0.9,1.4
northrop-mall,healpix,haar-residual-d12,view,very-constrained,quick-turn,0.75,150,0.41,5,5.75,3.92399,11.53851,0.04878049,0.5121951,0.4390244,3.094327,-0.831514,573957.8,236709.9,20569.75,88,4,1329988,265,4947968,10.92057,2.4,3.15
northrop-mall,healpix,haar-residual-d12,view-fill,fast,quick-turn,50,20,0.03,0.25,0.5,0.04623992,1.849597,0.02439024,0.9756098,0.9512195,-0.7843718,-0.831514,1409488,837438.6,0,265,0,1329988,265,16760832,0,0.15,0.15
northrop-mall,healpix,haar-residual-d12,view-fill,moderate-mobile,quick-turn,10,50,0.07,0.5,0.75,0.3211438,7.190177,0.02439024,0.9512195,0.902439,-0.509468,-0.831514,1409488,837438.6,0,267,2,1329988,265,16760832,0,0.15,0.15
northrop-mall,healpix,haar-residual-d12,view-fill,constrained-mobile,quick-turn,2,100,0.2,1.5,2,2.065498,11.53851,0.02439024,0.7317073,0.6341463,1.234887,-0.831514,1413536,841152.3,4048.333,267,2,1329988,265,16760832,7.458874,0.9,1.4
northrop-mall,healpix,haar-residual-d12,view-fill,very-constrained,quick-turn,0.75,150,0.41,5,5.75,3.92399,11.53851,0.04878049,0.5121951,0.4390244,3.094327,-0.831514,846850.3,437530.7,20569.75,156,4,1329988,265,8896512,10.92057,2.4,3.15
northrop-mall,healpix,haar-residual-d12,global,fast,quick-turn,50,20,0.03,1,1.25,0.4565569,7.480863,0.02439024,0.902439,0.8780488,-0.3740548,-0.831514,1409488,837438.6,0,265,0,1329988,265,16760832,0,0.15,0.15
northrop-mall,healpix,haar-residual-d12,global,moderate-mobile,quick-turn,10,50,0.07,2,3,1.19514,10.05279,0.02439024,0.804878,0.7073171,0.3645281,-0.831514,1409488,837438.6,0,265,0,1329988,265,16760832,1.598569,0.15,0.4
northrop-mall,healpix,haar-residual-d12,global,constrained-mobile,quick-turn,2,100,0.2,5.5,7.25,3.388728,11.53851,0.02439024,0.4634146,0.2926829,2.558116,-0.831514,1409488,837438.6,0,265,0,1329988,265,16760832,5.051138,2.9,4.65
northrop-mall,healpix,haar-residual-d12,global,very-constrained,quick-turn,0.75,150,0.41,,,6.232356,11.53851,0.04878049,0,0,5.402693,-0.831514,803632,417214.6,0,167,0,1329988,265,9945088,7.635685,,
northrop-mall,healpix,haar-residual-d12-p0.5,view,fast,quick-turn,50,20,0.03,0.25,0.5,0.1577184,3.157866,0.02439024,0.9512195,0.902439,0.2336266,0.07298976,872230,350491,0,167,0,1213107,265,10387456,0,0.15,0.15
northrop-mall,healpix,haar-residual-d12-p0.5,view,moderate-mobile,quick-turn,10,50,0.07,0.5,0.75,0.4679563,6.183123,0.02439024,0.9268293,0.8536585,0.5438644,0.07298976,794645,297721.1,0,147,1,1213107,265,9011200,1.841107,0.15,0.4
northrop-mall,healpix,haar-residual-d12-p0.5,view,constrained-mobile,quick-turn,2,100,0.16,1.25,1.5,1.611183,10.73228,0.02439024,0.7560976,0.7073171,1.687091,0.07298976,746398,278824.3,0,134,0,1213107,265,8224768,6.555096,0.9,1.15
northrop-mall,healpix,haar-residual-d12-p0.5,view,very-constrained,quick-turn,0.75,150,0.31,4.75,5.25,3.025537,10.73228,0.04878049,0.5365854,0.4878049,3.104513,0.07298976,529446.1,208018.6,16209.08,97,6,1213107,265,5406720,8.633554,2.15,2.65
northrop-mall,healpix,jpeg-residual-q80,view,fast,quick-turn,50,20,0.03,0.25,0.5,0.1886386,3.668602,0.02439024,0.9512195,0.902439,0.08749608,-0.1025781,745086,285831.2,0,167,0,1037815,265,10387456,0,0.15,0.15
northrop-mall,healpix,jpeg-residual-q80,view,moderate-mobile,quick-turn,10,50,0.06,0.5,0.75,0.5343796,6.747138,0.02439024,0.902439,0.8536585,0.433237,-0.1025781,674349,240609.4,0,148,0,1037815,265,9142272,2.421804,0.15,0.4
northrop-mall,healpix,jpeg-residual-q80,view,constrained-mobile,quick-turn,2,100,0.12,1.25,1.5,1.533565,10.88499,0.02439024,0.7804878,0.7073171,1.432423,-0.1025781,619159,216496.6,0,134,0,1037815,265,8224768,6.736373,0.65,1.15
northrop-mall,healpix,jpeg-residual-q80,view,very-constrained,quick-turn,0.75,150,0.2,4.25,5,2.885437,11.1928,0.02439024,0.5853659,0.5121951,2.784294,-0.1025781,468290.1,157257.7,10298.12,106,5,1037815,265,6062080,9.219622,1.65,2.4
northrop-mall,healpix,jpeg-residual-q80,view-fill,fast,quick-turn,50,20,0.03,0.25,0.5,0.04626292,1.850517,0.02439024,0.9756098,0.9512195,-0.05487964,-0.1025781,1117315,658060.2,0,265,0,1037815,265,16760832,0,0.15,0.15
northrop-mall,healpix,jpeg-residual-q80,view-fill,moderate-mobile,quick-turn,10,50,0.06,0.5,0.75,0.2763275,6.747138,0.02439024,0.9512195,0.902439,0.1751849,-0.1025781,1117315,658060.2,0,267,2,1037815,265,16760832,0,0.15,0.15
northrop-mall,healpix,jpeg-residual-q80,view-fill,constrained-mobile,quick-turn,2,100,0.12,1.25,1.5,1.415212,10.88499,0.02439024,0.7804878,0.7317073,1.314069,-0.1025781,1127315,664650.8,10000,270,5,1037815,265,16760832,6.014052,0.65,0.9
northrop-mall,healpix,jpeg-residual-q80,view-fill,very-constrained,quick-turn,0.75,150,0.2,4.25,5,2.885437,11.1928,0.02439024,0.5853659,0.5121951,2.784294,-0.1025781,789416.1,343176.6,10298.12,216,5,1037815,265,12828672,9.219622,1.65,2.4
northrop-mall,healpix,jpeg-residual-q80,global,fast,quick-turn,50,20,0.03,1,1.25,0.4545137,7.309269,0.02439024,0.902439,0.8780488,0.3533712,-0.1025781,1117315,658060.2,0,265,0,1037815,265,16760832,0,0.15,0.15
northrop-mall,healpix,jpeg-residual-q80,global,moderate-mobile,quick-turn,10,50,0.06,2,3,1.15482,9.72603,0.02439024,0.804878,0.7073171,1.053677,-0.1025781,1117315,658060.2,0,265,0,1037815,265,16760832,1.228326,0.15,0.4
northrop-mall,healpix,jpeg-residual-q80,global,constrained-mobile,quick-turn,2,100,0.12,4.75,6.25,2.735607,11.09054,0.02439024,0.5365854,0.3902439,2.634465,-0.1025781,1117315,658060.2,0,265,0,1037815,265,16760832,4.438158,2.15,3.65
northrop-mall,healpix,jpeg-residual-q80,global,very-constrained,quick-turn,0.75,150,0.2,9.25,,5.039219,11.1928,0.02439024,0.09756098,0,4.938076,-0.1025781,792920,399093.6,0,215,0,1037815,265,13090816,6.598132,6.65,
northrop-mall,healpix,jpeg-replacement-q80,view,fast,quick-turn,50,20,0.03,0.25,0.5,0.1708297,3.311714,0.02439024,0.9512195,0.902439,0.0934209,-0.07861097,885503,335236.4,0,167,0,1241938,265,10387456,0,0.15,0.15
northrop-mall,healpix,jpeg-replacement-q80,view,moderate-mobile,quick-turn,10,50,0.06,0.5,0.75,0.5485752,7.037598,0.02439024,0.902439,0.8536585,0.4711665,-0.07861097,798565,278700.4,0,148,0,1241938,265,9142272,2.582253,0.15,0.4
northrop-mall,healpix,jpeg-replacement-q80,view,constrained-mobile,quick-turn,2,100,0.12,1.25,1.75,1.680313,11.1595,0.02439024,0.7560976,0.6829268,1.602904,-0.07861097,738482,258603.3,0,134,0,1241938,265,8224768,6.956046,0.9,1.15
northrop-mall,healpix,jpeg-replacement-q80,view,very-constrained,quick-turn,0.75,150,0.2,4.5,5.25,3.111279,11.1595,0.02439024,0.5609756,0.4878049,3.03387,-0.07861097,526241.3,181946.9,11511.25,101,5,1241938,265,5734400,9.102496,1.9,2.65
northrop-mall,healpix,jpeg-replacement-q80,view-fill,fast,quick-turn,50,20,0.03,0.25,0.5,0.03761661,1.504664,0.02439024,0.9756098,0.9512195,-0.03979216,-0.07861097,1321438,771171.4,0,265,0,1241938,265,16760832,0,0.15,0.15
northrop-mall,healpix,jpeg-replacement-q80,view-fill,moderate-mobile,quick-turn,10,50,0.06,0.5,0.75,0.3109093,7.037598,0.02439024,0.9512195,0.902439,0.2335005,-0.07861097,1321438,771171.4,0,267,2,1241938,265,16760832,0,0.15,0.15
northrop-mall,healpix,jpeg-replacement-q80,view-fill,constrained-mobile,quick-turn,2,100,0.12,1.25,1.75,1.662356,11.1595,0.02439024,0.7560976,0.6829268,1.584947,-0.07861097,1321438,771171.4,0,270,5,1241938,265,16760832,7.032593,0.9,1.15
northrop-mall,healpix,jpeg-replacement-q80,view-fill,very-constrained,quick-turn,0.75,150,0.2,4.5,5.25,3.111279,11.1595,0.02439024,0.5609756,0.4878049,3.03387,-0.07861097,814750.8,379091.3,11511.25,195,5,1241938,265,11386880,9.102496,1.9,2.65
northrop-mall,healpix,jpeg-replacement-q80,view-direct,fast,quick-turn,50,20,0.03,0.25,0.25,0.2066455,4.834509,0.02439024,0.9268293,0.9268293,0.1292367,-0.07861097,621607,217041,0,113,0,1241938,265,7389184,0,0.15,0.15
northrop-mall,healpix,jpeg-replacement-q80,view-direct,moderate-mobile,quick-turn,10,50,0.06,0.5,0.5,0.6997067,9.573994,0.02439024,0.902439,0.8780488,0.622298,-0.07861097,595105,191405.3,0,109,2,1241938,265,6995968,1.47669,0.15,0.4
northrop-mall,healpix,jpeg-replacement-q80,view-direct,constrained-mobile,quick-turn,2,100,0.12,1.25,1.5,1.980312,11.1595,0.02439024,0.7804878,0.7317073,1.902904,-0.07861097,536371,166050.8,0,96,2,1241938,265,6144000,10.16918,0.65,0.9
northrop-mall,healpix,jpeg-replacement-q80,view-direct,very-constrained,quick-turn,0.75,150,0.2,4.5,4.75,3.8363,11.1595,0.02439024,0.5609756,0.5365854,3.758891,-0.07861097,406050.5,95753.52,19037.5,76,10,1241938,265,4308992,10.59731,1.9,2.15
northrop-mall,healpix,jpeg-replacement-q80,global,fast,quick-turn,50,20,0.03,1,1.25,0.4520818,7.275464,0.02439024,0.902439,0.8780488,0.3746731,-0.07861097,1321438,771171.4,0,265,0,1241938,265,16760832,0,0.15,0.15
northrop-mall,healpix,jpeg-replacement-q80,global,moderate-mobile,quick-turn,10,50,0.06,2,3,1.161139,9.697053,0.02439024,0.804878,0.7073171,1.08373,-0.07861097,1321438,771171.4,0,265,0,1241938,265,16760832,1.574829,0.15,0.4
northrop-mall,healpix,jpeg-replacement-q80,global,constrained-mobile,quick-turn,2,100,0.12,5,6.75,2.90221,11.1595,0.02439024,0.5121951,0.3414634,2.824801,-0.07861097,1321438,771171.4,0,265,0,1241938,265,16760832,4.729404,2.4,4.15
northrop-mall,healpix,jpeg-replacement-q80,global,very-constrained,quick-turn,0.75,150,0.2,,,5.468495,11.1595,0.02439024,0,0,5.391086,-0.07861097,780750,401636.5,0,190,0,1241938,265,11452416,6.8241,,
northrop-mall,healpix,jpeg-replacement-q80-whole,global,fast,quick-turn,50,20,0.03,0.5,0.5,0.102991,4.119641,0.02439024,0.9512195,0.9512195,0.02311523,-0.08106541,1193471,714115,0,49,0,1178771,49,16760832,0,0.15,0.15
northrop-mall,healpix,jpeg-replacement-q80-whole,global,moderate-mobile,quick-turn,10,50,0.06,1.25,1.25,0.584566,9.699004,0.02439024,0.8780488,0.8780488,0.5046902,-0.08106541,1193471,714115,0,49,0,1178771,49,16760832,0,0.15,0.15
northrop-mall,healpix,jpeg-replacement-q80-whole,global,constrained-mobile,quick-turn,2,100,0.12,4.5,5.25,2.548572,11.16145,0.02439024,0.5609756,0.4878049,2.468696,-0.08106541,1193471,714115,0,49,0,1178771,49,16760832,4.570355,1.9,2.65
northrop-mall,healpix,jpeg-replacement-q80-whole,global,very-constrained,quick-turn,0.75,150,0.2,,,5.583692,11.16145,0.02439024,0,0,5.503816,-0.08106541,879616,488920,0,49,0,1178771,49,10469376,6.826746,,
northrop-mall,healpix,jpeg-replacement-q80-whole,view-direct,fast,quick-turn,50,20,0.03,0.25,0.25,0.005632813,0.2253125,0.02439024,0.9756098,0.9756098,-0.07424298,-0.08106541,810002,464412.9,0,12,0,1178771,49,11583488,0,0.15,0.15
northrop-mall,healpix,jpeg-replacement-q80-whole,view-direct,moderate-mobile,quick-turn,10,50,0.06,0.5,0.5,0.3609771,10.8472,0.02439024,0.9268293,0.9268293,0.2811013,-0.08106541,810002,464412.9,0,12,0,1178771,49,11583488,0,0.15,0.15
northrop-mall,healpix,jpeg-replacement-q80-whole,view-direct,constrained-mobile,quick-turn,2,100,0.12,1.75,1.75,3.263188,11.16145,0.02439024,0.6585366,0.6585366,3.183312,-0.08106541,810002,464412.9,0,12,0,1178771,49,11583488,10.81763,1.4,1.4
northrop-mall,healpix,jpeg-replacement-q80-whole,view-direct,very-constrained,quick-turn,0.75,150,0.2,7,7,6.900883,11.82529,0.02439024,0.3170732,0.3170732,6.821008,-0.08106541,623993.3,363801.3,159606.3,12,4,1178771,49,7389184,10.81763,4.4,4.4
bookstore,healpix,haar-residual-d12,view,fast,quick-turn,50,20,0.03,0.25,0.5,0.2429114,3.591705,0.02439024,0.9268293,0.902439,1.036129,0.7938445,404323,146284.4,0,167,0,468058,265,10387456,0,0.15,0.15
bookstore,healpix,haar-residual-d12,view,moderate-mobile,quick-turn,10,50,0.07,0.5,0.75,0.6214874,8.419565,0.02439024,0.902439,0.8536585,1.414703,0.7938445,365186,123596.2,0,147,0,468058,265,9076736,2.821252,0.15,0.4
bookstore,healpix,haar-residual-d12,view,constrained-mobile,quick-turn,2,100,0.19,1.25,1.5,1.974181,15.28959,0.02439024,0.7804878,0.7317073,2.767398,0.7938445,329197.3,113071.4,4931.333,136,2,468058,265,8224768,6.189913,0.65,0.9
bookstore,healpix,haar-residual-d12,view,very-constrained,quick-turn,0.75,150,0.37,3.75,4.25,3.240947,15.45336,0.04878049,0.6341463,0.5853659,4.033506,0.7938445,288131.5,99503.54,19730.5,115,5,468058,265,6651904,12.2596,1.15,1.65
bookstore,healpix,haar-residual-d12,view-fill,fast,quick-turn,50,20,0.03,0.25,0.5,0.06884522,2.753809,0.02439024,0.9756098,0.9512195,0.8620629,0.7938445,547558,289519.4,0,265,0,468058,265,16760832,0,0.15,0.15
bookstore,healpix,haar-residual-d12,view-fill,moderate-mobile,quick-turn,10,50,0.07,0.5,0.75,0.3143582,8.419565,0.02439024,0.9512195,0.902439,1.107574,0.7938445,547558,289519.4,0,267,2,468058,265,16760832,0,0.15,0.15
bookstore,healpix,haar-residual-d12,view-fill,constrained-mobile,quick-turn,2,100,0.19,1.25,1.5,1.548153,15.28959,0.02439024,0.804878,0.7560976,2.341371,0.7938445,547558,289519.4,0,271,6,468058,265,16760832,4.578549,0.4,0.65
bookstore,healpix,haar-residual-d12,view-fill,very-constrained,quick-turn,0.75,150,0.37,3.75,4.25,3.240947,15.45336,0.04878049,0.6341463,0.5853659,4.033506,0.7938445,567288.5,292757.6,19730.5,270,5,468058,265,16695296,12.2596,1.15,1.65
bookstore,healpix,haar-residual-d12,global,fast,quick-turn,50,20,0.03,1,1.25,0.4941855,9.131503,0.02439024,0.902439,0.8780488,1.287403,0.7938445,547558,289519.4,0,265,0,468058,265,16760832,0,0.15,0.15
bookstore,healpix,haar-residual-d12,global,moderate-mobile,quick-turn,10,50,0.07,2,3,1.248428,12.56537,0.02439024,0.804878,0.7073171,2.041646,0.7938445,547558,289519.4,0,265,0,468058,265,16760832,1.082957,0.15,0.4
bookstore,healpix,haar-residual-d12,global,constrained-mobile,quick-turn,2,100,0.19,4.5,5.75,3.1676,15.28959,0.02439024,0.5609756,0.4390244,3.960818,0.7938445,547558,289519.4,0,265,0,468058,265,16760832,4.699911,1.9,3.15
bookstore,healpix,haar-residual-d12,global,very-constrained,quick-turn,0.75,150,0.37,7.5,9.75,5.514056,15.28959,0.04878049,0.2682927,0.04878049,6.306615,0.7938445,547558,289519.4,0,265,0,468058,265,16760832,8.837438,4.9,7.15
bookstore,healpix,haar-residual-d12-p0.5,view,fast,quick-turn,50,20,0.03,0.25,0.5,0.1382804,2.127078,0.02439024,0.9756098,0.902439,3.972588,3.835212,342020,117969.7,0,167,0,394667,265,10387456,0,0.15,0.15
bookstore,healpix,haar-residual-d12-p0.5,view,moderate-mobile,quick-turn,10,50,0.06,0.5,0.75,0.4026552,5.874351,0.02439024,0.902439,0.8536585,4.236961,3.835212,303819,97961.99,0,148,0,394667,265,9142272,1.601807,0.15,0.4
bookstore,healpix,haar-residual-d12-p0.5,view,constrained-mobile,quick-turn,2,100,0.15,0.75,1.25,1.251832,12.27984,0.02439024,0.8536585,0.7560976,5.08614,3.835212,276646,88149.41,2997,137,1,394667,265,8355840,4.011239,0.4,0.9
bookstore,healpix,haar-residual-d12-p0.5,view,very-constrained,quick-turn,0.75,150,0.27,1.5,4,1.87989,12.27984,0.04878049,0.7560976,0.6097561,5.713248,3.835212,241310.7,75496.11,3437.722,121,2,394667,265,7241728,6.438771,0.65,1.4
bookstore,healpix,jpeg-residual-q80,view,fast,quick-turn,50,20,0.03,0.5,0.5,0.2855151,4.281657,0.02439024,0.902439,0.902439,1.41993,1.13314,388855,139583.7,0,167,0,499207,265,10387456,0,0.15,0.15
bookstore,healpix,jpeg-residual-q80,view,moderate-mobile,quick-turn,10,50,0.06,0.75,0.75,0.6726716,7.320151,0.02439024,0.8536585,0.8536585,1.807086,1.13314,339378,111753.4,0,148,0,499207,265,9142272,3.644627,0.4,0.4
bookstore,healpix,jpeg-residual-q80,view,constrained-mobile,quick-turn,2,100,0.12,1.25,1.25,1.931596,14.87819,0.02439024,0.7560976,0.7560976,3.06601,1.13314,306212.8,99455.86,9048.8,137,3,499207,265,8224768,8.773988,0.9,0.9
bookstore,healpix,jpeg-residual-q80,view,very-constrained,quick-turn,0.75,150,0.2,2,4.25,3.04569,15.45974,0.02439024,0.6341463,0.5853659,4.180104,1.13314,266620.4,83869.14,5354.438,121,3,499207,265,7176192,8.607581,1.4,1.65
bookstore,healpix,jpeg-residual-q80,view-fill,fast,quick-turn,50,20,0.03,0.5,0.5,0.08471951,3.388781,0.02439024,0.9512195,0.9512195,1.219134,1.13314,578707,329435.7,0,265,0,499207,265,16760832,0,0.15,0.15
bookstore,healpix,jpeg-residual-q80,view-fill,moderate-mobile,quick-turn,10,50,0.06,0.75,0.75,0.3079273,6.970144,0.02439024,0.9268293,0.902439,1.442342,1.13314,578707,329435.7,0,267,2,499207,265,16760832,0,0.15,0.15
bookstore,healpix,jpeg-residual-q80,view-fill,constrained-mobile,quick-turn,2,100,0.12,1.25,1.25,1.436882,13.1,0.02439024,0.7804878,0.7804878,2.571297,1.13314,578707,329435.7,0,271,6,499207,265,16760832,5.395254,0.65,0.65
bookstore,healpix,jpeg-residual-q80,view-fill,very-constrained,quick-turn,0.75,150,0.2,2,4.25,3.04569,15.45974,0.02439024,0.6341463,0.5853659,4.180104,1.13314,573546.4,321122.3,5354.438,268,3,499207,265,16367616,8.607581,1.4,1.65
bookstore,healpix,jpeg-residual-q80,global,fast,quick-turn,50,20,0.03,1,1.25,0.565711,9.708106,0.02439024,0.902439,0.8780488,1.700126,1.13314,578707,329435.7,0,265,0,499207,265,16760832,0,0.15,0.15
bookstore,healpix,jpeg-residual-q80,global,moderate-mobile,quick-turn,10,50,0.06,2,3,1.416013,13.07928,0.02439024,0.804878,0.7073171,2.550428,1.13314,578707,329435.7,0,265,0,499207,265,16760832,1.243833,0.15,0.4
bookstore,healpix,jpeg-residual-q80,global,constrained-mobile,quick-turn,2,100,0.12,4.25,5.5,3.124586,15.26358,0.02439024,0.5853659,0.4634146,4.259001,1.13314,578707,329435.7,0,265,0,499207,265,16760832,5.634704,1.65,2.9
bookstore,healpix,jpeg-residual-q80,global,very-constrained,quick-turn,0.75,150,0.2,7.5,9.75,5.658548,15.45974,0.02439024,0.2682927,0.04878049,6.792963,1.13314,578707,329435.7,0,265,0,499207,265,16760832,6.595168,4.9,7.15
bookstore,healpix,jpeg-replacement-q80,view,fast,quick-turn,50,20,0.03,0.25,0.5,0.2629072,3.964328,0.02439024,0.9268293,0.902439,1.359517,1.095269,468248,162726.3,0,167,0,602691,265,10387456,0,0.15,0.15
bookstore,healpix,jpeg-replacement-q80,view,moderate-mobile,quick-turn,10,50,0.06,0.75,0.75,0.7437854,9.601852,0.02439024,0.8536585,0.8536585,1.840395,1.095269,403597,124140.1,0,147,0,602691,265,9076736,3.592032,0.4,0.4
bookstore,healpix,jpeg-replacement-q80,view,constrained-mobile,quick-turn,2,100,0.12,1.25,1.25,1.90663,15.47138,0.02439024,0.7804878,0.7560976,3.00324,1.095269,357575,112708.5,1250,134,1,602691,265,8159232,6.419342,0.65,0.9
bookstore,healpix,jpeg-replacement-q80,view,very-constrained,quick-turn,0.75,150,0.2,4,4.5,3.484631,15.80212,0.02439024,0.6097561,0.5609756,4.581241,1.095269,312903.5,91642.47,5384.5,119,3,602691,265,7045120,12.64267,1.4,1.9
bookstore,healpix,jpeg-replacement-q80,view-fill,fast,quick-turn,50,20,0.03,0.25,0.5,0.07000841,2.800336,0.02439024,0.9756098,0.9512195,1.166618,1.095269,682191,376669.3,0,265,0,602691,265,16760832,0,0.15,0.15
bookstore,healpix,jpeg-replacement-q80,view-fill,moderate-mobile,quick-turn,10,50,0.06,0.75,0.75,0.3971798,9.601852,0.02439024,0.9268293,0.902439,1.49379,1.095269,682191,376669.3,0,267,2,602691,265,16760832,0,0.15,0.15
bookstore,healpix,jpeg-replacement-q80,view-fill,constrained-mobile,quick-turn,2,100,0.12,1.25,1.25,1.487688,15.47138,0.02439024,0.7804878,0.7804878,2.584298,1.095269,682191,376669.3,0,271,6,602691,265,16760832,5.557615,0.65,0.65
bookstore,healpix,jpeg-replacement-q80,view-fill,very-constrained,quick-turn,0.75,150,0.2,4,4.5,3.484631,15.80212,0.02439024,0.6097561,0.5609756,4.581241,1.095269,648623.5,339366.9,5384.5,257,3,602691,265,15646720,12.64267,1.4,1.9
bookstore,healpix,jpeg-replacement-q80,view-direct,fast,quick-turn,50,20,0.03,0.25,0.25,0.3027754,9.465751,0.02439024,0.9512195,0.9268293,1.399385,1.095269,305348,94666.22,0,113,0,602691,265,7389184,0,0.15,0.15
bookstore,healpix,jpeg-replacement-q80,view-direct,moderate-mobile,quick-turn,10,50,0.06,0.5,0.5,1.079301,14.77885,0.02439024,0.902439,0.8780488,2.175911,1.095269,298680,88080.21,0,110,0,602691,265,7192576,2.166996,0.15,0.4
bookstore,healpix,jpeg-replacement-q80,view-direct,constrained-mobile,quick-turn,2,100,0.12,1.25,1.25,2.525986,15.70324,0.02439024,0.7560976,0.7560976,3.622596,1.095269,239927,59826.18,0,96,3,602691,265,6078464,14.36593,0.9,0.9
bookstore,healpix,jpeg-replacement-q80,view-direct,very-constrained,quick-turn,0.75,150,0.2,2,2,3.990338,15.84527,0.02439024,0.6341463,0.6341463,5.086948,1.095269,213361.1,57278.61,8218.125,91,8,602691,265,5423104,14.69944,1.4,1.4
bookstore,healpix,jpeg-replacement-q80,global,fast,quick-turn,50,20,0.03,1,1.25,0.569596,9.749667,0.02439024,0.902439,0.8780488,1.666206,1.095269,682191,376669.3,0,265,0,602691,265,16760832,0,0.15,0.15
bookstore,healpix,jpeg-replacement-q80,global,moderate-mobile,quick-turn,10,50,0.06,2,3,1.433327,13.11548,0.02439024,0.804878,0.7073171,2.529937,1.095269,682191,376669.3,0,265,0,602691,265,16760832,1.245849,0.15,0.4
bookstore,healpix,jpeg-replacement-q80,global,constrained-mobile,quick-turn,2,100,0.12,4.25,5.75,3.236634,15.47138,0.02439024,0.5853659,0.4390244,4.333244,1.095269,682191,376669.3,0,265,0,602691,265,16760832,5.656106,1.65,3.15
bookstore,healpix,jpeg-replacement-q80,global,very-constrained,quick-turn,0.75,150,0.2,7.75,,6.070116,15.50027,0.02439024,0.2439024,0,7.166726,1.095269,675839.5,376319.7,0,265,0,602691,265,16564224,6.626505,5.15,
bookstore,healpix,jpeg-replacement-q80-whole,global,fast,quick-turn,50,20,0.03,0.5,0.5,0.1365544,5.462176,0.02439024,0.9512195,0.9512195,1.2281,1.090178,551526,307359,0,49,0,536826,49,16760832,0,0.15,0.15
bookstore,healpix,jpeg-replacement-q80-whole,global,moderate-mobile,quick-turn,10,50,0.06,0.75,1,0.5332534,13.12164,0.02439024,0.9268293,0.902439,1.624799,1.090178,551526,307359,0,49,0,536826,49,16760832,0,0.15,0.15
bookstore,healpix,jpeg-replacement-q80-whole,global,constrained-mobile,quick-turn,2,100,0.12,2.75,2.75,2.036905,15.47754,0.02439024,0.7317073,0.7317073,3.128451,1.090178,551526,307359,0,49,0,536826,49,16760832,0,0.15,0.15
bookstore,healpix,jpeg-replacement-q80-whole,global,very-constrained,quick-turn,0.75,150,0.2,6,6.75,4.862099,15.50643,0.02439024,0.4146341,0.3414634,5.953645,1.090178,551526,307359,0,49,0,536826,49,16760832,6.371635,3.4,4.15
bookstore,healpix,jpeg-replacement-q80-whole,view-direct,fast,quick-turn,50,20,0.03,0.25,0.25,0.01352833,0.5411334,0.02439024,0.9756098,0.9756098,1.105074,1.090178,323335,162465.8,0,12,0,536826,49,11583488,0,0.15,0.15
bookstore,healpix,jpeg-replacement-q80-whole,view-direct,moderate-mobile,quick-turn,10,50,0.06,0.25,0.25,0.0837948,2.810659,0.02439024,0.9756098,0.9512195,1.17534,1.090178,323335,162465.8,0,12,0,536826,49,11583488,0,0.15,0.15
bookstore,healpix,jpeg-replacement-q80-whole,view-direct,constrained-mobile,quick-turn,2,100,0.12,1,1,2.263422,15.85066,0.02439024,0.8292683,0.8292683,3.354968,1.090178,323335,162465.8,0,12,0,536826,49,11583488,15.07844,0.4,0.4
bookstore,healpix,jpeg-replacement-q80-whole,view-direct,very-constrained,quick-turn,0.75,150,0.2,2,2,5.705003,15.85066,0.02439024,0.6097561,0.6097561,6.796548,1.090178,323335,162465.8,0,12,0,536826,49,11583488,15.38138,1.65,1.65
superblock,healpix,haar-residual-d12,view,fast,quick-turn,50,20,0.03,0.25,0.5,0.2211701,3.187797,0.02439024,0.9268293,0.902439,0.04080941,-0.1731681,1036183,480068.1,0,167,0,1639558,265,10387456,0,0.15,0.15
superblock,healpix,haar-residual-d12,view,moderate-mobile,quick-turn,10,50,0.08,0.75,0.75,0.6568017,7.592326,0.02439024,0.8780488,0.8536585,0.476441,-0.1731681,914557,399131.7,0,145,0,1639558,265,8945664,2.943567,0.15,0.4
superblock,healpix,haar-residual-d12,view,constrained-mobile,quick-turn,2,100,0.21,1.5,1.75,2.383872,12.67483,0.02439024,0.7073171,0.6341463,2.203511,-0.1731681,813820.9,365660.1,4276.917,132,1,1639558,265,8028160,9.932969,1.15,1.65
superblock,healpix,haar-residual-d12,view,very-constrained,quick-turn,0.75,150,0.44,5.75,6.5,4.781767,12.67483,0.04878049,0.4390244,0.3658537,4.593845,-0.1731681,642952.4,298186,23579.38,90,7,1639558,265,4882432,10.6953,3.15,3.9
superblock,healpix,haar-residual-d12,view-fill,fast,quick-turn,50,20,0.03,0.25,0.5,0.06363009,2.545204,0.02439024,0.9756098,0.9512195,-0.1167306,-0.1731681,1719058,1162943,0,265,0,1639558,265,16760832,0,0.15,0.15
superblock,healpix,haar-residual-d12,view-fill,moderate-mobile,quick-turn,10,50,0.08,0.75,0.75,0.4331776,7.592326,0.02439024,0.902439,0.8780488,0.2528169,-0.1731681,1731558,1174631,12500,270,5,1639558,265,16760832,0,0.15,0.15
superblock,healpix,haar-residual-d12,view-fill,constrained-mobile,quick-turn,2,100,0.21,1.5,1.75,2.396911,12.67483,0.02439024,0.7073171,0.6341463,2.21655,-0.1731681,1741336,1171655,22277.96,272,7,1639558,265,16760832,10.2664,1.15,1.65
superblock,healpix,haar-residual-d12,view-fill,very-constrained,quick-turn,0.75,150,0.44,5.75,6.5,4.781767,12.67483,0.04878049,0.4390244,0.3658537,4.593845,-0.1731681,879202.4,483660.3,23579.38,116,7,1639558,265,6144000,10.6953,3.15,3.9
superblock,healpix,haar-residual-d12,global,fast,quick-turn,50,20,0.03,1,1.25,0.4823446,7.981882,0.02439024,0.902439,0.8780488,0.3019839,-0.1731681,1719058,1162943,0,265,0,1639558,265,16760832,0,0.15,0.15
superblock,healpix,haar-residual-d12,global,moderate-mobile,quick-turn,10,50,0.08,2.25,2.25,1.394837,10.71815,0.02439024,0.7804878,0.7317073,1.214476,-0.1731681,1719058,1162943,0,265,0,1639558,265,16760832,1.145258,0.15,0.4
superblock,healpix,haar-residual-d12,global,constrained-mobile,quick-turn,2,100,0.21,6.25,7.75,4.129494,12.67483,0.02439024,0.3902439,0.2439024,3.949133,-0.1731681,1719058,1162943,0,265,0,1639558,265,16760832,5.495728,3.65,5.15
superblock,healpix,haar-residual-d12,global,very-constrained,quick-turn,0.75,150,0.44,,,7.740892,12.67483,0.04878049,0,0,7.55297,-0.1731681,879555.5,595993.1,0,113,0,1639558,265,6406144,9.620621,,
superblock,healpix,haar-residual-d12-p0.5,view,fast,quick-turn,50,20,0.03,0.25,0.5,0.1586592,2.367764,0.02439024,0.9756098,0.902439,1.607507,1.471992,907549,411768.6,0,167,0,1473584,265,10387456,0,0.15,0.15
superblock,healpix,haar-residual-d12-p0.5,view,moderate-mobile,quick-turn,10,50,0.07,0.5,0.75,0.4805623,5.693709,0.02439024,0.902439,0.8536585,1.92941,1.471992,790089.7,334777.9,4166.667,147,2,1473584,265,8945664,1.938621,0.15,0.4
superblock,healpix,haar-residual-d12-p0.5,view,constrained-mobile,quick-turn,2,100,0.17,1,1.5,1.669501,10.43808,0.02439024,0.7804878,0.7073171,3.118349,1.471992,702436.3,304875.4,8735.333,133,2,1473584,265,8028160,7.332066,0.9,1.15
superblock,healpix,haar-residual-d12-p0.5,view,very-constrained,quick-turn,0.75,150,0.34,2,5.75,3.197666,10.43808,0.04878049,0.5365854,0.4390244,4.622182,1.471992,569190.8,249223.9,15409.75,101,5,1473584,265,5734400,9.2869,2.4,3.15
superblock,healpix,jpeg-residual-q80,view,fast,quick-turn,50,20,0.03,0.25,0.5,0.222595,3.118209,0.02439024,0.9512195,0.902439,1.229699,1.006068,710026,301049.5,0,167,0,1146151,265,10387456,0,0.15,0.15
superblock,healpix,jpeg-residual-q80,view,moderate-mobile,quick-turn,10,50,0.06,0.75,0.75,0.6419735,7.894499,0.02439024,0.8780488,0.8536585,1.649078,1.006068,601406,229151.2,0,147,2,1146151,265,8945664,2.590717,0.15,0.4
superblock,healpix,jpeg-residual-q80,view,constrained-mobile,quick-turn,2,100,0.12,1.25,1.5,1.629688,12.79449,0.02439024,0.7804878,0.7317073,2.636793,1.006068,540740,212258.2,0,134,1,1146151,265,8159232,6.442788,0.65,0.9
superblock,healpix,jpeg-residual-q80,view,very-constrained,quick-turn,0.75,150,0.21,4.5,5,3.134498,12.79449,0.02439024,0.5609756,0.5121951,4.141602,1.006068,457599.3,170003.3,5031.25,114,3,1146151,265,6717440,9.335403,1.9,2.4
superblock,healpix,jpeg-residual-q80,view-fill,fast,quick-turn,50,20,0.03,0.25,0.5,0.07186193,2.874477,0.02439024,0.9756098,0.9512195,1.078966,1.006068,1225651,816674.5,0,265,0,1146151,265,16760832,0,0.15,0.15
superblock,healpix,jpeg-residual-q80,view-fill,moderate-mobile,quick-turn,10,50,0.06,0.75,0.75,0.3854478,7.894499,0.02439024,0.9268293,0.8780488,1.392552,1.006068,1230651,819022.9,5000,267,2,1146151,265,16760832,0,0.15,0.15
superblock,healpix,jpeg-residual-q80,view-fill,constrained-mobile,quick-turn,2,100,0.12,1.25,1.5,1.543182,12.79449,0.02439024,0.7804878,0.7073171,2.550287,1.006068,1225651,816674.5,0,270,5,1146151,265,16760832,5.782661,0.65,1.15
superblock,healpix,jpeg-residual-q80,view-fill,very-constrained,quick-turn,0.75,150,0.21,4.5,5,3.134498,12.79449,0.02439024,0.5609756,0.5121951,4.141602,1.006068,805536.8,483619.8,5031.25,187,3,1146151,265,11059200,9.335403,1.9,2.4
superblock,healpix,jpeg-residual-q80,global,fast,quick-turn,50,20,0.03,1,1.5,0.5227647,8.278864,0.02439024,0.902439,0.8536585,1.529869,1.006068,1225651,816674.5,0,265,0,1146151,265,16760832,0,0.15,0.15
superblock,healpix,jpeg-residual-q80,global,moderate-mobile,quick-turn,10,50,0.06,2.25,2.25,1.300834,10.8536,0.02439024,0.7804878,0.7317073,2.307938,1.006068,1225651,816674.5,0,265,0,1146151,265,16760832,1.139949,0.15,0.4
superblock,healpix,jpeg-residual-q80,global,constrained-mobile,quick-turn,2,100,0.12,5,6.5,3.019689,12.79449,0.02439024,0.5121951,0.3658537,4.026793,1.006068,1225651,816674.5,0,265,0,1146151,265,16760832,5.010731,2.4,3.9
superblock,healpix,jpeg-residual-q80,global,very-constrained,quick-turn,0.75,150,0.21,,,5.846464,12.79449,0.02439024,0,0,6.853569,1.006068,832346.5,549638.5,0,189,0,1146151,265,11386880,7.002541,,
superblock,healpix,jpeg-replacement-q80,view,fast,quick-turn,50,20,0.03,0.25,0.5,0.2047839,2.888193,0.02439024,0.9756098,0.902439,1.235304,1.028559,853378,358574.7,0,167,0,1389542,265,10387456,0,0.15,0.15
superblock,healpix,jpeg-replacement-q80,view,moderate-mobile,quick-turn,10,50,0.06,0.75,0.75,0.660025,7.890526,0.02439024,0.8536585,0.8536585,1.690545,1.028559,728771,272905.8,0,146,0,1389542,265,9011200,3.244334,0.4,0.4
superblock,healpix,jpeg-replacement-q80,view,constrained-mobile,quick-turn,2,100,0.12,1.25,1.5,1.875057,12.80899,0.02439024,0.7560976,0.6829268,2.905577,1.028559,647610,252125.8,6750,133,2,1389542,265,8028160,7.708764,0.9,1.4
superblock,healpix,jpeg-replacement-q80,view,very-constrained,quick-turn,0.75,150,0.21,4.75,5.75,3.588484,12.80899,0.02439024,0.5365854,0.4390244,4.619004,1.028559,524258.2,197095.7,11621.2,110,6,1389542,265,6258688,9.649651,2.15,3.15
superblock,healpix,jpeg-replacement-q80,view-fill,fast,quick-turn,50,20,0.03,0.25,0.5,0.06062881,2.425152,0.02439024,0.9756098,0.9512195,1.091149,1.028559,1469042,974238.7,0,265,0,1389542,265,16760832,0,0.15,0.15
superblock,healpix,jpeg-replacement-q80,view-fill,moderate-mobile,quick-turn,10,50,0.06,0.75,0.75,0.3934228,7.890526,0.02439024,0.9268293,0.8780488,1.423943,1.028559,1469042,974238.7,0,267,2,1389542,265,16760832,0,0.15,0.15
superblock,healpix,jpeg-replacement-q80,view-fill,constrained-mobile,quick-turn,2,100,0.12,1.25,1.5,1.579448,12.80899,0.02439024,0.7804878,0.7073171,2.609968,1.028559,1481417,980874.4,12375,271,6,1389542,265,16760832,6.109346,0.65,1.15
superblock,healpix,jpeg-replacement-q80,view-fill,very-constrained,quick-turn,0.75,150,0.21,4.75,5.75,3.588484,12.80899,0.02439024,0.5365854,0.4390244,4.619004,1.028559,822702.7,451966,11621.2,167,6,1389542,265,9551872,9.649651,2.15,3.15
superblock,healpix,jpeg-replacement-q80,view-direct,fast,quick-turn,50,20,0.03,0.25,0.25,0.1944024,6.222907,0.02439024,0.9512195,0.9268293,1.224923,1.028559,581759,225286.3,0,113,0,1389542,265,7389184,0,0.15,0.15
superblock,healpix,jpeg-replacement-q80,view-direct,moderate-mobile,quick-turn,10,50,0.06,0.5,0.5,0.7752632,10.90813,0.02439024,0.902439,0.8780488,1.805784,1.028559,532461,182567,0,107,2,1389542,265,6864896,2.298807,0.15,0.4
superblock,healpix,jpeg-replacement-q80,view-direct,constrained-mobile,quick-turn,2,100,0.12,1,1.25,1.927788,12.76914,0.02439024,0.7804878,0.7317073,2.958308,1.028559,460189.5,163505,15274.5,93,3,1389542,265,5881856,9.885928,0.9,1.15
superblock,healpix,jpeg-replacement-q80,view-direct,very-constrained,quick-turn,0.75,150,0.21,1.75,4.75,3.461569,12.80899,0.02439024,0.6341463,0.5365854,4.492089,1.028559,406698.8,135946.6,19863.79,91,12,1389542,265,5160960,10.78291,1.65,2.15
superblock,healpix,jpeg-replacement-q80,global,fast,quick-turn,50,20,0.03,1,1.5,0.5233485,8.282545,0.02439024,0.902439,0.8536585,1.553869,1.028559,1469042,974238.7,0,265,0,1389542,265,16760832,0,0.15,0.15
superblock,healpix,jpeg-replacement-q80,global,moderate-mobile,quick-turn,10,50,0.06,2,2.25,1.256789,10.84134,0.02439024,0.804878,0.7317073,2.28731,1.028559,1469042,974238.7,0,265,0,1389542,265,16760832,1.089329,0.15,0.4
superblock,healpix,jpeg-replacement-q80,global,constrained-mobile,quick-turn,2,100,0.12,5.5,6.75,3.303465,12.80899,0.02439024,0.4634146,0.3414634,4.333985,1.028559,1469042,974238.7,0,265,0,1389542,265,16760832,4.997277,2.9,4.15
superblock,healpix,jpeg-replacement-q80,global,very-constrained,quick-turn,0.75,150,0.21,,,6.036901,12.80899,0.02439024,0,0,7.067421,1.028559,865856.5,573728.7,0,162,0,1389542,265,9617408,6.982485,,
superblock,healpix,jpeg-replacement-q80-whole,global,fast,quick-turn,50,20,0.03,0.5,0.5,0.1290819,5.163276,0.02439024,0.9512195,0.9512195,1.155716,1.024652,1334687,857677.9,0,49,0,1319987,49,16760832,0,0.15,0.15
superblock,healpix,jpeg-replacement-q80-whole,global,moderate-mobile,quick-turn,10,50,0.06,1,1.5,0.6253652,10.84607,0.02439024,0.902439,0.8536585,1.651999,1.024652,1334687,857677.9,0,49,0,1319987,49,16760832,0,0.15,0.15
superblock,healpix,jpeg-replacement-q80-whole,global,constrained-mobile,quick-turn,2,100,0.12,5.25,6,3.133755,12.81372,0.02439024,0.4878049,0.4146341,4.160389,1.024652,1334687,857677.9,0,49,0,1319987,49,16760832,5.000249,2.65,3.4
superblock,healpix,jpeg-replacement-q80-whole,global,very-constrained,quick-turn,0.75,150,0.21,,,6.559949,12.81372,0.02439024,0,0,7.586583,1.024652,885128,531057.8,0,46,0,1319987,49,7323648,7.958196,,
superblock,healpix,jpeg-replacement-q80-whole,view-direct,fast,quick-turn,50,20,0.03,0.25,0.25,0.07706302,2.067365,0.02439024,0.9756098,0.9268293,1.103697,1.024652,890405,547469.2,0,12,0,1319987,49,11583488,0,0.15,0.15
superblock,healpix,jpeg-replacement-q80-whole,view-direct,moderate-mobile,quick-turn,10,50,0.06,0.5,0.5,0.554595,12.81372,0.02439024,0.9268293,0.902439,1.581229,1.024652,890405,547469.2,0,12,0,1319987,49,11583488,0,0.15,0.15
superblock,healpix,jpeg-replacement-q80-whole,view-direct,constrained-mobile,quick-turn,2,100,0.12,1.75,1.75,4.08792,12.81372,0.02439024,0.6097561,0.6097561,5.114554,1.024652,890405,547469.2,0,12,0,1319987,49,11583488,10.86899,1.9,1.9
superblock,healpix,jpeg-replacement-q80-whole,view-direct,very-constrained,quick-turn,0.75,150,0.21,8.25,8.25,8.874375,12.81372,0.02439024,0.195122,0.195122,9.901009,1.024652,736394.8,446229.3,189218.8,12,5,1319987,49,6340608,10.86899,5.65,5.65
