panorama,representation,scheme,policy,profile,trace,megabitsPerSecond,roundTripMs,timeToCoarseSphere,timeToAcceptable,timeToHigh,meanShortfallDb,worstShortfallDb,shareOfTimeBlank,shareOfTimeAcceptable,shareOfTimeHigh,meanDeficitDb,deficitWithEverythingDb,bytesReceived,bytesNeverLookedAt,bytesCancelled,requests,requestsCancelled,schemeBytes,schemeUnits,finalResidentBytes,afterTurnShortfallDb,afterTurnTimeToAcceptable,afterTurnTimeToHigh
northrop-mall,equirect,haar-residual-d12,view,fast,stationary,50,20,0.03,0.25,0.25,0,0,0.02439024,0.9756098,0.9756098,0.5939629,0.5939629,462339,329841.1,0,22,0,1206136,74,5457920,,,
northrop-mall,equirect,haar-residual-d12,view,moderate-mobile,stationary,10,50,0.07,0.5,0.5,0.1837603,7.202446,0.02439024,0.9512195,0.9512195,0.7777233,0.5939629,462339,329841.1,0,22,0,1206136,74,5457920,,,
northrop-mall,equirect,haar-residual-d12,view,constrained-mobile,stationary,2,100,0.19,1.75,2,1.264014,10.45748,0.02439024,0.8292683,0.804878,1.857977,0.5939629,462339,329841.1,0,22,0,1206136,74,5457920,,,
northrop-mall,equirect,haar-residual-d12,view,very-constrained,stationary,0.75,150,0.39,4,4.75,3.089342,10.45748,0.04878049,0.6097561,0.5365854,3.683305,0.5939629,462339,329841.1,0,22,0,1206136,74,5457920,,,
northrop-mall,equirect,haar-residual-d12,view-fill,fast,stationary,50,20,0.03,0.25,0.25,0,0,0.02439024,0.9756098,0.9756098,0.5939629,0.5939629,1228336,1095838,0,74,0,1206136,74,17459200,,,
northrop-mall,equirect,haar-residual-d12,view-fill,moderate-mobile,stationary,10,50,0.07,0.5,0.5,0.1837603,7.202446,0.02439024,0.9512195,0.9512195,0.7777233,0.5939629,1228336,1095838,0,74,0,1206136,74,17459200,,,
northrop-mall,equirect,haar-residual-d12,view-fill,constrained-mobile,stationary,2,100,0.19,1.75,2,1.264014,10.45748,0.02439024,0.8292683,0.804878,1.857977,0.5939629,1228336,1095838,0,74,0,1206136,74,17459200,,,
northrop-mall,equirect,haar-residual-d12,view-fill,very-constrained,stationary,0.75,150,0.39,4,4.75,3.089342,10.45748,0.04878049,0.6097561,0.5365854,3.683305,0.5939629,888146.5,755648.6,0,64,0,1206136,74,13264896,,,
northrop-mall,equirect,haar-residual-d12,global,fast,stationary,50,20,0.03,0.5,0.5,0.1097167,4.388669,0.02439024,0.9512195,0.9512195,0.7036797,0.5939629,1228336,1095838,0,74,0,1206136,74,17459200,,,
northrop-mall,equirect,haar-residual-d12,global,moderate-mobile,stationary,10,50,0.07,1,1.25,0.4553071,9.023095,0.02439024,0.902439,0.8780488,1.04927,0.5939629,1228336,1095838,0,74,0,1206136,74,17459200,,,
northrop-mall,equirect,haar-residual-d12,global,constrained-mobile,stationary,2,100,0.19,3.25,4.25,2.131304,10.45748,0.02439024,0.6829268,0.5853659,2.725266,0.5939629,1228336,1095838,0,74,0,1206136,74,17459200,,,
northrop-mall,equirect,haar-residual-d12,global,very-constrained,stationary,0.75,150,0.39,8,,5.394749,10.45748,0.04878049,0.2195122,0,5.988712,0.5939629,898805,772316,0,63,0,1206136,74,13002752,,,
northrop-mall,equirect,haar-residual-d12-p0.5,view,fast,stationary,50,20,0.03,0.25,0.25,0,0,0.02439024,0.9756098,0.9756098,1.200835,1.200835,404372,281797.1,0,22,0,1100143,74,5457920,,,
northrop-mall,equirect,haar-residual-d12-p0.5,view,moderate-mobile,stationary,10,50,0.07,0.5,0.5,0.1501904,5.946279,0.02439024,0.9512195,0.9512195,1.351026,1.200835,404372,281797.1,0,22,0,1100143,74,5457920,,,
northrop-mall,equirect,haar-residual-d12-p0.5,view,constrained-mobile,stationary,2,100,0.16,1.25,1.75,0.8825625,9.863768,0.02439024,0.8780488,0.8292683,2.083398,1.200835,404372,281797.1,0,22,0,1100143,74,5457920,,,
northrop-mall,equirect,haar-residual-d12-p0.5,view,very-constrained,stationary,0.75,150,0.29,3.25,4,2.259004,9.863768,0.04878049,0.6829268,0.6097561,3.45984,1.200835,404372,281797.1,0,22,0,1100143,74,5457920,,,
northrop-mall,equirect,jpeg-residual-q80,view,fast,stationary,50,20,0.03,0.25,0.25,0,0,0.02439024,0.9756098,0.9756098,1.254538,1.254538,321229,217005.8,0,22,0,924815,74,5457920,,,
northrop-mall,equirect,jpeg-residual-q80,view,moderate-mobile,stationary,10,50,0.06,0.5,0.5,0.1092101,4.368405,0.02439024,0.9512195,0.9512195,1.363749,1.254538,321229,217005.8,0,22,0,924815,74,5457920,,,
northrop-mall,equirect,jpeg-residual-q80,view,constrained-mobile,stationary,2,100,0.12,1.25,1.5,0.6487472,10.09756,0.02439024,0.8780488,0.8536585,1.903286,1.254538,321229,217005.8,0,22,0,924815,74,5457920,,,
northrop-mall,equirect,jpeg-residual-q80,view,very-constrained,stationary,0.75,150,0.2,2.75,3.5,1.827305,10.09756,0.02439024,0.7317073,0.6585366,3.081844,1.254538,321229,217005.8,0,22,0,924815,74,5457920,,,
northrop-mall,equirect,jpeg-residual-q80,view-fill,fast,stationary,50,20,0.03,0.25,0.25,0,0,0.02439024,0.9756098,0.9756098,1.254538,1.254538,947015,842791.8,0,74,0,924815,74,17459200,,,
northrop-mall,equirect,jpeg-residual-q80,view-fill,moderate-mobile,stationary,10,50,0.06,0.5,0.5,0.1092101,4.368405,0.02439024,0.9512195,0.9512195,1.363749,1.254538,947015,842791.8,0,74,0,924815,74,17459200,,,
northrop-mall,equirect,jpeg-residual-q80,view-fill,constrained-mobile,stationary,2,100,0.12,1.25,1.5,0.6487472,10.09756,0.02439024,0.8780488,0.8536585,1.903286,1.254538,947015,842791.8,0,74,0,924815,74,17459200,,,
northrop-mall,equirect,jpeg-residual-q80,view-fill,very-constrained,stationary,0.75,150,0.2,2.75,3.5,1.827305,10.09756,0.02439024,0.7317073,0.6585366,3.081844,1.254538,887920.5,783697.3,0,74,0,924815,74,16148480,,,
northrop-mall,equirect,jpeg-residual-q80,global,fast,stationary,50,20,0.03,0.5,0.5,0.09943145,3.977258,0.02439024,0.9512195,0.9512195,1.35397,1.254538,947015,842791.8,0,74,0,924815,74,17459200,,,
northrop-mall,equirect,jpeg-residual-q80,global,moderate-mobile,stationary,10,50,0.06,0.75,1,0.3222734,6.983903,0.02439024,0.9268293,0.902439,1.576812,1.254538,947015,842791.8,0,74,0,924815,74,17459200,,,
northrop-mall,equirect,jpeg-residual-q80,global,constrained-mobile,stationary,2,100,0.12,2.25,3.25,1.293405,10.09756,0.02439024,0.7804878,0.6829268,2.547944,1.254538,947015,842791.8,0,74,0,924815,74,17459200,,,
northrop-mall,equirect,jpeg-residual-q80,global,very-constrained,stationary,0.75,150,0.2,5.5,7.75,3.375111,10.09756,0.02439024,0.4634146,0.2439024,4.629649,1.254538,899137.5,794914.3,0,74,0,924815,74,16148480,,,
northrop-mall,equirect,jpeg-replacement-q80,view,fast,stationary,50,20,0.03,0.25,0.25,0,0,0.02439024,0.9756098,0.9756098,1.274354,1.274354,383793,258951.9,0,22,0,1105263,74,5457920,,,
northrop-mall,equirect,jpeg-replacement-q80,view,moderate-mobile,stationary,10,50,0.06,0.5,0.5,0.1106138,4.424553,0.02439024,0.9512195,0.9512195,1.384968,1.274354,383793,258951.9,0,22,0,1105263,74,5457920,,,
northrop-mall,equirect,jpeg-replacement-q80,view,constrained-mobile,stationary,2,100,0.12,1.25,1.75,0.782268,10.07775,0.02439024,0.8780488,0.8292683,2.056622,1.274354,383793,258951.9,0,22,0,1105263,74,5457920,,,
northrop-mall,equirect,jpeg-replacement-q80,view,very-constrained,stationary,0.75,150,0.2,3,4,2.153492,10.07775,0.02439024,0.7073171,0.6097561,3.427846,1.274354,383793,258951.9,0,22,0,1105263,74,5457920,,,
northrop-mall,equirect,jpeg-replacement-q80,view-fill,fast,stationary,50,20,0.03,0.25,0.25,0,0,0.02439024,0.9756098,0.9756098,1.274354,1.274354,1127463,1002622,0,74,0,1105263,74,17459200,,,
northrop-mall,equirect,jpeg-replacement-q80,view-fill,moderate-mobile,stationary,10,50,0.06,0.5,0.5,0.1106138,4.424553,0.02439024,0.9512195,0.9512195,1.384968,1.274354,1127463,1002622,0,74,0,1105263,74,17459200,,,
northrop-mall,equirect,jpeg-replacement-q80,view-fill,constrained-mobile,stationary,2,100,0.12,1.25,1.75,0.782268,10.07775,0.02439024,0.8780488,0.8292683,2.056622,1.274354,1127463,1002622,0,74,0,1105263,74,17459200,,,
northrop-mall,equirect,jpeg-replacement-q80,view-fill,very-constrained,stationary,0.75,150,0.2,3,4,2.153492,10.07775,0.02439024,0.7073171,0.6097561,3.427846,1.274354,890392,765550.9,0,68,0,1105263,74,14313472,,,
northrop-mall,equirect,jpeg-replacement-q80,view-direct,fast,stationary,50,20,0.03,0.25,0.25,0,0,0.02439024,0.9756098,0.9756098,1.274354,1.274354,250527,154641.9,0,13,0,1105263,74,3196928,,,
northrop-mall,equirect,jpeg-replacement-q80,view-direct,moderate-mobile,stationary,10,50,0.06,0.25,0.5,0.03863043,1.545217,0.02439024,0.9756098,0.9512195,1.312984,1.274354,250527,154641.9,0,13,0,1105263,74,3196928,,,
northrop-mall,equirect,jpeg-replacement-q80,view-direct,constrained-mobile,stationary,2,100,0.12,1,1.25,0.689305,10.07775,0.02439024,0.902439,0.8780488,1.963659,1.274354,250527,154641.9,0,13,0,1105263,74,3196928,,,
northrop-mall,equirect,jpeg-replacement-q80,view-direct,very-constrained,stationary,0.75,150,0.2,2.25,2.5,1.871759,10.07775,0.02439024,0.7804878,0.7560976,3.146113,1.274354,250527,154641.9,0,13,0,1105263,74,3196928,,,
northrop-mall,equirect,jpeg-replacement-q80,global,fast,stationary,50,20,0.03,0.5,0.5,0.09833167,3.933267,0.02439024,0.9512195,0.9512195,1.372686,1.274354,1127463,1002622,0,74,0,1105263,74,17459200,,,
northrop-mall,equirect,jpeg-replacement-q80,global,moderate-mobile,stationary,10,50,0.06,1,1,0.3466926,6.242436,0.02439024,0.902439,0.902439,1.621046,1.274354,1127463,1002622,0,74,0,1105263,74,17459200,,,
northrop-mall,equirect,jpeg-replacement-q80,global,constrained-mobile,stationary,2,100,0.12,2.75,3.75,1.538742,10.07775,0.02439024,0.7317073,0.6341463,2.813096,1.274354,1127463,1002622,0,74,0,1105263,74,17459200,,,
northrop-mall,equirect,jpeg-replacement-q80,global,very-constrained,stationary,0.75,150,0.2,6.5,9.25,3.94636,10.07775,0.02439024,0.3658537,0.09756098,5.220714,1.274354,903400.5,778559.4,0,68,0,1105263,74,14313472,,,
northrop-mall,equirect,jpeg-replacement-q80-whole,global,fast,stationary,50,20,0.03,0.25,0.25,0,0,0.02439024,0.9756098,0.9756098,1.272642,1.272642,1097496,1006932,0,5,0,1095996,5,17459200,,,
northrop-mall,equirect,jpeg-replacement-q80-whole,global,moderate-mobile,stationary,10,50,0.06,1,1,0.5011566,8.717787,0.02439024,0.902439,0.902439,1.773799,1.272642,1097496,1006932,0,5,0,1095996,5,17459200,,,
northrop-mall,equirect,jpeg-replacement-q80-whole,global,constrained-mobile,stationary,2,100,0.12,4.75,4.75,2.648286,10.07946,0.02439024,0.5365854,0.5365854,3.920928,1.272642,1097496,1006932,0,5,0,1095996,5,17459200,,,
northrop-mall,equirect,jpeg-replacement-q80-whole,global,very-constrained,stationary,0.75,150,0.2,,,6.246129,10.07946,0.02439024,0,0,7.518772,1.272642,909766,834657.6,0,5,0,1095996,5,4352000,,,
northrop-mall,equirect,jpeg-replacement-q80-whole,view-direct,fast,stationary,50,20,0.03,0.25,0.25,0,0,0.02439024,0.9756098,0.9756098,1.272642,1.272642,816167,748953.9,0,2,0,1095996,5,13158400,,,
northrop-mall,equirect,jpeg-replacement-q80-whole,view-direct,moderate-mobile,stationary,10,50,0.06,1,1,0.7559593,10.07946,0.02439024,0.902439,0.902439,2.028602,1.272642,816167,748953.9,0,2,0,1095996,5,13158400,,,
northrop-mall,equirect,jpeg-replacement-q80-whole,view-direct,constrained-mobile,stationary,2,100,0.12,3.5,3.5,3.275824,10.07946,0.02439024,0.6585366,0.6585366,4.548466,1.272642,816167,748953.9,0,2,0,1095996,5,13158400,,,
northrop-mall,equirect,jpeg-replacement-q80-whole,view-direct,very-constrained,stationary,0.75,150,0.2,9.25,9.25,9.071512,10.07946,0.02439024,0.09756098,0.09756098,10.34415,1.272642,816167,748953.9,0,2,0,1095996,5,13158400,,,
bookstore,equirect,haar-residual-d12,view,fast,stationary,50,20,0.03,0.25,0.25,0,0,0.02439024,0.9756098,0.9756098,2.154673,2.154673,186175,145647.2,0,22,0,354246,74,5457920,,,
bookstore,equirect,haar-residual-d12,view,moderate-mobile,stationary,10,50,0.07,0.5,0.5,0.1217202,4.868807,0.02439024,0.9512195,0.9512195,2.276393,2.154673,186175,145647.2,0,22,0,354246,74,5457920,,,
bookstore,equirect,haar-residual-d12,view,constrained-mobile,stationary,2,100,0.17,1,1,0.7884771,14.5968,0.02439024,0.902439,0.902439,2.94315,2.154673,186175,145647.2,0,22,0,354246,74,5457920,,,
bookstore,equirect,haar-residual-d12,view,very-constrained,stationary,0.75,150,0.34,2,2.25,2.073079,14.5968,0.04878049,0.804878,0.7804878,4.227751,2.154673,186175,145647.2,0,22,0,354246,74,5457920,,,
bookstore,equirect,haar-residual-d12,view-fill,fast,stationary,50,20,0.03,0.25,0.25,0,0,0.02439024,0.9756098,0.9756098,2.154673,2.154673,376446,335918.2,0,74,0,354246,74,17459200,,,
bookstore,equirect,haar-residual-d12,view-fill,moderate-mobile,stationary,10,50,0.07,0.5,0.5,0.1217202,4.868807,0.02439024,0.9512195,0.9512195,2.276393,2.154673,376446,335918.2,0,74,0,354246,74,17459200,,,
bookstore,equirect,haar-residual-d12,view-fill,constrained-mobile,stationary,2,100,0.17,1,1,0.7884771,14.5968,0.02439024,0.902439,0.902439,2.94315,2.154673,376446,335918.2,0,74,0,354246,74,17459200,,,
bookstore,equirect,haar-residual-d12,view-fill,very-constrained,stationary,0.75,150,0.34,2,2.25,2.073079,14.5968,0.04878049,0.804878,0.7804878,4.227751,2.154673,376446,335918.2,0,74,0,354246,74,17459200,,,
bookstore,equirect,haar-residual-d12,global,fast,stationary,50,20,0.03,0.5,0.5,0.1216206,4.864823,0.02439024,0.9512195,0.9512195,2.276293,2.154673,376446,335918.2,0,74,0,354246,74,17459200,,,
bookstore,equirect,haar-residual-d12,global,moderate-mobile,stationary,10,50,0.07,0.75,1,0.3763345,9.051542,0.02439024,0.9268293,0.902439,2.531007,2.154673,376446,335918.2,0,74,0,354246,74,17459200,,,
bookstore,equirect,haar-residual-d12,global,constrained-mobile,stationary,2,100,0.17,1.75,2.25,1.386544,14.5968,0.02439024,0.8292683,0.7804878,3.541216,2.154673,376446,335918.2,0,74,0,354246,74,17459200,,,
bookstore,equirect,haar-residual-d12,global,very-constrained,stationary,0.75,150,0.34,3.75,4.5,3.096667,14.5968,0.04878049,0.6341463,0.5609756,5.25134,2.154673,376446,335918.2,0,74,0,354246,74,17459200,,,
bookstore,equirect,haar-residual-d12-p0.5,view,fast,stationary,50,20,0.03,0.25,0.25,0,0,0.02439024,0.9756098,0.9756098,4.611086,4.611086,144987,109993.2,0,22,0,295962,74,5457920,,,
bookstore,equirect,haar-residual-d12-p0.5,view,moderate-mobile,stationary,10,50,0.06,0.25,0.5,0.07203441,2.881376,0.02439024,0.9756098,0.9512195,4.68312,4.611086,144987,109993.2,0,22,0,295962,74,5457920,,,
bookstore,equirect,haar-residual-d12-p0.5,view,constrained-mobile,stationary,2,100,0.14,0.75,0.75,0.4148593,12.18956,0.02439024,0.9268293,0.9268293,5.025945,4.611086,144987,109993.2,0,22,0,295962,74,5457920,,,
bookstore,equirect,haar-residual-d12-p0.5,view,very-constrained,stationary,0.75,150,0.25,1.5,1.75,1.356665,12.18956,0.02439024,0.8536585,0.8292683,5.967751,4.611086,144987,109993.2,0,22,0,295962,74,5457920,,,
bookstore,equirect,jpeg-residual-q80,view,fast,stationary,50,20,0.03,0.25,0.25,0,0,0.02439024,0.9756098,0.9756098,2.452756,2.452756,150028,109746.2,0,22,0,388580,74,5457920,,,
bookstore,equirect,jpeg-residual-q80,view,moderate-mobile,stationary,10,50,0.06,0.5,0.5,0.1368945,5.475782,0.02439024,0.9512195,0.9512195,2.589651,2.452756,150028,109746.2,0,22,0,388580,74,5457920,,,
bookstore,equirect,jpeg-residual-q80,view,constrained-mobile,stationary,2,100,0.12,0.75,1,0.4866004,12.2648,0.02439024,0.9268293,0.902439,2.939357,2.452756,150028,109746.2,0,22,0,388580,74,5457920,,,
bookstore,equirect,jpeg-residual-q80,view,very-constrained,stationary,0.75,150,0.19,1.5,2,1.415114,14.67117,0.02439024,0.8536585,0.804878,3.867871,2.452756,150028,109746.2,0,22,0,388580,74,5457920,,,
bookstore,equirect,jpeg-residual-q80,view-fill,fast,stationary,50,20,0.03,0.25,0.25,0,0,0.02439024,0.9756098,0.9756098,2.452756,2.452756,410780,370498.2,0,74,0,388580,74,17459200,,,
bookstore,equirect,jpeg-residual-q80,view-fill,moderate-mobile,stationary,10,50,0.06,0.5,0.5,0.1368945,5.475782,0.02439024,0.9512195,0.9512195,2.589651,2.452756,410780,370498.2,0,74,0,388580,74,17459200,,,
bookstore,equirect,jpeg-residual-q80,view-fill,constrained-mobile,stationary,2,100,0.12,0.75,1,0.4866004,12.2648,0.02439024,0.9268293,0.902439,2.939357,2.452756,410780,370498.2,0,74,0,388580,74,17459200,,,
bookstore,equirect,jpeg-residual-q80,view-fill,very-constrained,stationary,0.75,150,0.19,1.5,2,1.415114,14.67117,0.02439024,0.8536585,0.804878,3.867871,2.452756,410780,370498.2,0,74,0,388580,74,17459200,,,
bookstore,equirect,jpeg-residual-q80,global,fast,stationary,50,20,0.03,0.5,0.5,0.136252,5.450079,0.02439024,0.9512195,0.9512195,2.589008,2.452756,410780,370498.2,0,74,0,388580,74,17459200,,,
bookstore,equirect,jpeg-residual-q80,global,moderate-mobile,stationary,10,50,0.06,0.75,1,0.4072605,9.443815,0.02439024,0.9268293,0.902439,2.860017,2.452756,410780,370498.2,0,74,0,388580,74,17459200,,,
bookstore,equirect,jpeg-residual-q80,global,constrained-mobile,stationary,2,100,0.12,1.75,2,1.215428,14.67117,0.02439024,0.8292683,0.804878,3.668185,2.452756,410780,370498.2,0,74,0,388580,74,17459200,,,
bookstore,equirect,jpeg-residual-q80,global,very-constrained,stationary,0.75,150,0.19,3.5,4.25,2.630669,14.67117,0.02439024,0.6585366,0.5853659,5.083425,2.452756,410780,370498.2,0,74,0,388580,74,17459200,,,
bookstore,equirect,jpeg-replacement-q80,view,fast,stationary,50,20,0.03,0.25,0.25,0,0,0.02439024,0.9756098,0.9756098,2.410455,2.410455,180804,131822.7,0,22,0,460443,74,5457920,,,
bookstore,equirect,jpeg-replacement-q80,view,moderate-mobile,stationary,10,50,0.06,0.5,0.5,0.137365,5.494601,0.02439024,0.9512195,0.9512195,2.54782,2.410455,180804,131822.7,0,22,0,460443,74,5457920,,,
bookstore,equirect,jpeg-replacement-q80,view,constrained-mobile,stationary,2,100,0.12,0.75,1,0.5653683,14.71347,0.02439024,0.9268293,0.902439,2.975823,2.410455,180804,131822.7,0,22,0,460443,74,5457920,,,
bookstore,equirect,jpeg-replacement-q80,view,very-constrained,stationary,0.75,150,0.19,1.75,2.25,1.688639,14.71347,0.02439024,0.8292683,0.7804878,4.099094,2.410455,180804,131822.7,0,22,0,460443,74,5457920,,,
bookstore,equirect,jpeg-replacement-q80,view-fill,fast,stationary,50,20,0.03,0.25,0.25,0,0,0.02439024,0.9756098,0.9756098,2.410455,2.410455,482643,433661.7,0,74,0,460443,74,17459200,,,
bookstore,equirect,jpeg-replacement-q80,view-fill,moderate-mobile,stationary,10,50,0.06,0.5,0.5,0.137365,5.494601,0.02439024,0.9512195,0.9512195,2.54782,2.410455,482643,433661.7,0,74,0,460443,74,17459200,,,
bookstore,equirect,jpeg-replacement-q80,view-fill,constrained-mobile,stationary,2,100,0.12,0.75,1,0.5653683,14.71347,0.02439024,0.9268293,0.902439,2.975823,2.410455,482643,433661.7,0,74,0,460443,74,17459200,,,
bookstore,equirect,jpeg-replacement-q80,view-fill,very-constrained,stationary,0.75,150,0.19,1.75,2.25,1.688639,14.71347,0.02439024,0.8292683,0.7804878,4.099094,2.410455,482643,433661.7,0,74,0,460443,74,17459200,,,
bookstore,equirect,jpeg-replacement-q80,view-direct,fast,stationary,50,20,0.03,0.25,0.25,0,0,0.02439024,0.9756098,0.9756098,2.410455,2.410455,98453,63946.41,0,13,0,460443,74,3196928,,,
bookstore,equirect,jpeg-replacement-q80,view-direct,moderate-mobile,stationary,10,50,0.06,0.25,0.25,0,0,0.02439024,0.9756098,0.9756098,2.410455,2.410455,98453,63946.41,0,13,0,460443,74,3196928,,,
bookstore,equirect,jpeg-replacement-q80,view-direct,constrained-mobile,stationary,2,100,0.12,0.75,0.75,0.5093748,14.71347,0.02439024,0.9268293,0.9268293,2.91983,2.410455,98453,63946.41,0,13,0,460443,74,3196928,,,
bookstore,equirect,jpeg-replacement-q80,view-direct,very-constrained,stationary,0.75,150,0.19,1.5,1.5,1.37185,14.71347,0.02439024,0.8536585,0.8536585,3.782305,2.410455,98453,63946.41,0,13,0,460443,74,3196928,,,
bookstore,equirect,jpeg-replacement-q80,global,fast,stationary,50,20,0.03,0.5,0.5,0.1332014,5.328056,0.02439024,0.9512195,0.9512195,2.543657,2.410455,482643,433661.7,0,74,0,460443,74,17459200,,,
bookstore,equirect,jpeg-replacement-q80,global,moderate-mobile,stationary,10,50,0.06,0.75,1,0.4053944,9.320263,0.02439024,0.9268293,0.902439,2.81585,2.410455,482643,433661.7,0,74,0,460443,74,17459200,,,
bookstore,equirect,jpeg-replacement-q80,global,constrained-mobile,stationary,2,100,0.12,1.75,2.25,1.315843,14.71347,0.02439024,0.8292683,0.7804878,3.726299,2.410455,482643,433661.7,0,74,0,460443,74,17459200,,,
bookstore,equirect,jpeg-replacement-q80,global,very-constrained,stationary,0.75,150,0.19,3.75,4.75,3.008177,14.71347,0.02439024,0.6341463,0.5365854,5.418632,2.410455,482643,433661.7,0,74,0,460443,74,17459200,,,
bookstore,equirect,jpeg-replacement-q80-whole,global,fast,stationary,50,20,0.03,0.25,0.25,0,0,0.02439024,0.9756098,0.9756098,2.405052,2.405052,444597,407876,0,5,0,443097,5,17459200,,,
bookstore,equirect,jpeg-replacement-q80-whole,global,moderate-mobile,stationary,10,50,0.06,0.5,0.5,0.2371705,9.48682,0.02439024,0.9512195,0.9512195,2.642223,2.405052,444597,407876,0,5,0,443097,5,17459200,,,
bookstore,equirect,jpeg-replacement-q80-whole,global,constrained-mobile,stationary,2,100,0.12,2,2,1.56448,14.71887,0.02439024,0.804878,0.804878,3.969532,2.405052,444597,407876,0,5,0,443097,5,17459200,,,
bookstore,equirect,jpeg-replacement-q80-whole,global,very-constrained,stationary,0.75,150,0.19,5.25,5.25,4.385773,14.71887,0.02439024,0.4878049,0.4878049,6.790825,2.405052,444597,407876,0,5,0,443097,5,17459200,,,
bookstore,equirect,jpeg-replacement-q80-whole,view-direct,fast,stationary,50,20,0.03,0.25,0.25,0,0,0.02439024,0.9756098,0.9756098,2.405052,2.405052,304267,279201.8,0,2,0,443097,5,13158400,,,
bookstore,equirect,jpeg-replacement-q80-whole,view-direct,moderate-mobile,stationary,10,50,0.06,0.5,0.5,0.3679718,14.71887,0.02439024,0.9512195,0.9512195,2.773024,2.405052,304267,279201.8,0,2,0,443097,5,13158400,,,
bookstore,equirect,jpeg-replacement-q80-whole,view-direct,constrained-mobile,stationary,2,100,0.12,1.5,1.5,1.839859,14.71887,0.02439024,0.8536585,0.8536585,4.244911,2.405052,304267,279201.8,0,2,0,443097,5,13158400,,,
bookstore,equirect,jpeg-replacement-q80-whole,view-direct,very-constrained,stationary,0.75,150,0.19,3.75,3.75,5.151605,14.71887,0.02439024,0.6341463,0.6341463,7.556657,2.405052,304267,279201.8,0,2,0,443097,5,13158400,,,
superblock,equirect,haar-residual-d12,view,fast,stationary,50,20,0.03,0.25,0.25,0,0,0.02439024,0.9756098,0.9756098,1.619311,1.619311,536065,435422.4,0,22,0,1626810,74,5457920,,,
superblock,equirect,haar-residual-d12,view,moderate-mobile,stationary,10,50,0.08,0.5,0.75,0.274712,9.917028,0.02439024,0.9512195,0.9268293,1.894023,1.619311,536065,435422.4,0,22,0,1626810,74,5457920,,,
superblock,equirect,haar-residual-d12,view,constrained-mobile,stationary,2,100,0.21,1.75,2.25,1.638636,11.75826,0.02439024,0.8292683,0.7804878,3.257947,1.619311,536065,435422.4,0,22,0,1626810,74,5457920,,,
superblock,equirect,haar-residual-d12,view,very-constrained,stationary,0.75,150,0.44,4.5,5.5,4.350058,11.75826,0.04878049,0.5609756,0.4634146,5.969369,1.619311,536065,435422.4,0,22,0,1626810,74,5457920,,,
superblock,equirect,haar-residual-d12,view-fill,fast,stationary,50,20,0.03,0.25,0.25,0,0,0.02439024,0.9756098,0.9756098,1.619311,1.619311,1649010,1548367,0,74,0,1626810,74,17459200,,,
superblock,equirect,haar-residual-d12,view-fill,moderate-mobile,stationary,10,50,0.08,0.5,0.75,0.274712,9.917028,0.02439024,0.9512195,0.9268293,1.894023,1.619311,1649010,1548367,0,74,0,1626810,74,17459200,,,
superblock,equirect,haar-residual-d12,view-fill,constrained-mobile,stationary,2,100,0.21,1.75,2.25,1.638636,11.75826,0.02439024,0.8292683,0.7804878,3.257947,1.619311,1649010,1548367,0,74,0,1626810,74,17459200,,,
superblock,equirect,haar-residual-d12,view-fill,very-constrained,stationary,0.75,150,0.44,4.5,5.5,4.350058,11.75826,0.04878049,0.5609756,0.4634146,5.969369,1.619311,894190,793547.4,0,40,0,1626810,74,7366656,,,
superblock,equirect,haar-residual-d12,global,fast,stationary,50,20,0.03,0.5,0.5,0.1090726,4.362905,0.02439024,0.9512195,0.9512195,1.728384,1.619311,1649010,1548367,0,74,0,1626810,74,17459200,,,
superblock,equirect,haar-residual-d12,global,moderate-mobile,stationary,10,50,0.08,1.25,1.5,0.6961307,9.917028,0.02439024,0.8780488,0.8536585,2.315442,1.619311,1649010,1548367,0,74,0,1626810,74,17459200,,,
superblock,equirect,haar-residual-d12,global,constrained-mobile,stationary,2,100,0.21,5.25,6,3.5595,11.75826,0.02439024,0.4878049,0.4146341,5.178811,1.619311,1649010,1548367,0,74,0,1626810,74,17459200,,,
superblock,equirect,haar-residual-d12,global,very-constrained,stationary,0.75,150,0.44,,,7.743077,11.75826,0.04878049,0,0,9.362388,1.619311,909383,860873.6,0,39,0,1626810,74,6711296,,,
superblock,equirect,haar-residual-d12-p0.5,view,fast,stationary,50,20,0.03,0.25,0.25,0,0,0.02439024,0.9756098,0.9756098,3.295489,3.295489,443869,355208.6,0,22,0,1461692,74,5457920,,,
superblock,equirect,haar-residual-d12-p0.5,view,moderate-mobile,stationary,10,50,0.07,0.5,0.5,0.1576894,6.285857,0.02439024,0.9512195,0.9512195,3.453178,3.295489,443869,355208.6,0,22,0,1461692,74,5457920,,,
superblock,equirect,haar-residual-d12-p0.5,view,constrained-mobile,stationary,2,100,0.17,1.5,2,0.9556073,10.12508,0.02439024,0.8536585,0.804878,4.251096,3.295489,443869,355208.6,0,22,0,1461692,74,5457920,,,
superblock,equirect,haar-residual-d12-p0.5,view,very-constrained,stationary,0.75,150,0.33,3.25,4.5,2.633165,10.12508,0.04878049,0.6829268,0.5609756,5.928655,3.295489,443869,355208.6,0,22,0,1461692,74,5457920,,,
superblock,equirect,jpeg-residual-q80,view,fast,stationary,50,20,0.03,0.25,0.25,0,0,0.02439024,0.9756098,0.9756098,2.453665,2.453665,308379,236016.7,0,22,0,1137877,74,5457920,,,
superblock,equirect,jpeg-residual-q80,view,moderate-mobile,stationary,10,50,0.06,0.5,0.5,0.1165712,4.662846,0.02439024,0.9512195,0.9512195,2.570236,2.453665,308379,236016.7,0,22,0,1137877,74,5457920,,,
superblock,equirect,jpeg-residual-q80,view,constrained-mobile,stationary,2,100,0.12,1,1.5,0.7311117,11.64154,0.02439024,0.902439,0.8536585,3.184776,2.453665,308379,236016.7,0,22,0,1137877,74,5457920,,,
superblock,equirect,jpeg-residual-q80,view,very-constrained,stationary,0.75,150,0.21,2.5,3.5,1.991914,11.64154,0.02439024,0.7560976,0.6585366,4.445579,2.453665,308379,236016.7,0,22,0,1137877,74,5457920,,,
superblock,equirect,jpeg-residual-q80,view-fill,fast,stationary,50,20,0.03,0.25,0.25,0,0,0.02439024,0.9756098,0.9756098,2.453665,2.453665,1160077,1087715,0,74,0,1137877,74,17459200,,,
superblock,equirect,jpeg-residual-q80,view-fill,moderate-mobile,stationary,10,50,0.06,0.5,0.5,0.1165712,4.662846,0.02439024,0.9512195,0.9512195,2.570236,2.453665,1160077,1087715,0,74,0,1137877,74,17459200,,,
superblock,equirect,jpeg-residual-q80,view-fill,constrained-mobile,stationary,2,100,0.12,1,1.5,0.7311117,11.64154,0.02439024,0.902439,0.8536585,3.184776,2.453665,1160077,1087715,0,74,0,1137877,74,17459200,,,
superblock,equirect,jpeg-residual-q80,view-fill,very-constrained,stationary,0.75,150,0.21,2.5,3.5,1.991914,11.64154,0.02439024,0.7560976,0.6585366,4.445579,2.453665,888252.5,815890.2,0,61,0,1137877,74,12478464,,,
superblock,equirect,jpeg-residual-q80,global,fast,stationary,50,20,0.03,0.5,0.5,0.1163161,4.652645,0.02439024,0.9512195,0.9512195,2.569981,2.453665,1160077,1087715,0,74,0,1137877,74,17459200,,,
superblock,equirect,jpeg-residual-q80,global,moderate-mobile,stationary,10,50,0.06,1,1.25,0.4663878,7.715086,0.02439024,0.902439,0.8780488,2.920052,2.453665,1160077,1087715,0,74,0,1137877,74,17459200,,,
superblock,equirect,jpeg-residual-q80,global,constrained-mobile,stationary,2,100,0.12,3.5,4,2.050155,11.64154,0.02439024,0.6585366,0.6097561,4.50382,2.453665,1160077,1087715,0,74,0,1137877,74,17459200,,,
superblock,equirect,jpeg-residual-q80,global,very-constrained,stationary,0.75,150,0.21,8.75,,5.428056,11.64154,0.02439024,0.1463415,0,7.881721,2.453665,909384.5,840850.4,0,64,0,1137877,74,13264896,,,
superblock,equirect,jpeg-replacement-q80,view,fast,stationary,50,20,0.03,0.25,0.25,0,0,0.02439024,0.9756098,0.9756098,2.44202,2.44202,370752,283333.1,0,22,0,1383323,74,5457920,,,
superblock,equirect,jpeg-replacement-q80,view,moderate-mobile,stationary,10,50,0.06,0.5,0.5,0.1193162,4.772649,0.02439024,0.9512195,0.9512195,2.561336,2.44202,370752,283333.1,0,22,0,1383323,74,5457920,,,
superblock,equirect,jpeg-replacement-q80,view,constrained-mobile,stationary,2,100,0.12,1.25,1.75,0.874969,11.65319,0.02439024,0.8780488,0.8292683,3.316989,2.44202,370752,283333.1,0,22,0,1383323,74,5457920,,,
superblock,equirect,jpeg-replacement-q80,view,very-constrained,stationary,0.75,150,0.21,2.75,4,2.356426,11.65319,0.02439024,0.7317073,0.6097561,4.798446,2.44202,370752,283333.1,0,22,0,1383323,74,5457920,,,
superblock,equirect,jpeg-replacement-q80,view-fill,fast,stationary,50,20,0.03,0.25,0.25,0,0,0.02439024,0.9756098,0.9756098,2.44202,2.44202,1405523,1318104,0,74,0,1383323,74,17459200,,,
superblock,equirect,jpeg-replacement-q80,view-fill,moderate-mobile,stationary,10,50,0.06,0.5,0.5,0.1193162,4.772649,0.02439024,0.9512195,0.9512195,2.561336,2.44202,1405523,1318104,0,74,0,1383323,74,17459200,,,
superblock,equirect,jpeg-replacement-q80,view-fill,constrained-mobile,stationary,2,100,0.12,1.25,1.75,0.874969,11.65319,0.02439024,0.8780488,0.8292683,3.316989,2.44202,1405523,1318104,0,74,0,1383323,74,17459200,,,
superblock,equirect,jpeg-replacement-q80,view-fill,very-constrained,stationary,0.75,150,0.21,2.75,4,2.356426,11.65319,0.02439024,0.7317073,0.6097561,4.798446,2.44202,894814.5,807395.6,0,54,0,1383323,74,10643456,,,
superblock,equirect,jpeg-replacement-q80,view-direct,fast,stationary,50,20,0.03,0.25,0.25,0,0,0.02439024,0.9756098,0.9756098,2.44202,2.44202,189811,128220.2,0,13,0,1383323,74,3196928,,,
superblock,equirect,jpeg-replacement-q80,view-direct,moderate-mobile,stationary,10,50,0.06,0.25,0.5,0.06248824,2.49953,0.02439024,0.9756098,0.9512195,2.504508,2.44202,189811,128220.2,0,13,0,1383323,74,3196928,,,
superblock,equirect,jpeg-replacement-q80,view-direct,constrained-mobile,stationary,2,100,0.12,0.75,1,0.6163764,11.65319,0.02439024,0.9268293,0.902439,3.058396,2.44202,189811,128220.2,0,13,0,1383323,74,3196928,,,
superblock,equirect,jpeg-replacement-q80,view-direct,very-constrained,stationary,0.75,150,0.21,1.5,2.25,1.619349,11.65319,0.02439024,0.8536585,0.7804878,4.061369,2.44202,189811,128220.2,0,13,0,1383323,74,3196928,,,
superblock,equirect,jpeg-replacement-q80,global,fast,stationary,50,20,0.03,0.5,0.5,0.1161241,4.644963,0.02439024,0.9512195,0.9512195,2.558144,2.44202,1405523,1318104,0,74,0,1383323,74,17459200,,,
superblock,equirect,jpeg-replacement-q80,global,moderate-mobile,stationary,10,50,0.06,1,1.25,0.4705282,7.740569,0.02439024,0.902439,0.8780488,2.912548,2.44202,1405523,1318104,0,74,0,1383323,74,17459200,,,
superblock,equirect,jpeg-replacement-q80,global,constrained-mobile,stationary,2,100,0.12,4,5,2.449496,11.65319,0.02439024,0.6097561,0.5121951,4.891516,2.44202,1405523,1318104,0,74,0,1383323,74,17459200,,,
superblock,equirect,jpeg-replacement-q80,global,very-constrained,stationary,0.75,150,0.21,,,6.248239,11.65319,0.02439024,0,0,8.690259,2.44202,909384.5,851611.8,0,54,0,1383323,74,10643456,,,
superblock,equirect,jpeg-replacement-q80-whole,global,fast,stationary,50,20,0.03,0.5,0.5,0.1167496,4.669985,0.02439024,0.9512195,0.9512195,2.555435,2.438686,1364787,1252166,0,5,0,1363287,5,17459200,,,
superblock,equirect,jpeg-replacement-q80-whole,global,moderate-mobile,stationary,10,50,0.06,1.25,1.25,0.6742071,9.88611,0.02439024,0.8780488,0.8780488,3.112893,2.438686,1364787,1252166,0,5,0,1363287,5,17459200,,,
superblock,equirect,jpeg-replacement-q80-whole,global,constrained-mobile,stationary,2,100,0.12,5.75,5.75,3.595198,11.65652,0.02439024,0.4390244,0.4390244,6.033883,2.438686,1364787,1252166,0,5,0,1363287,5,17459200,,,
superblock,equirect,jpeg-replacement-q80-whole,global,very-constrained,stationary,0.75,150,0.21,,,7.533557,11.65652,0.02439024,0,0,9.972243,2.438686,909384.5,834256.2,0,5,0,1363287,5,4352000,,,
superblock,equirect,jpeg-replacement-q80-whole,view-direct,fast,stationary,50,20,0.03,0.25,0.25,0,0,0.02439024,0.9756098,0.9756098,2.438686,2.438686,1006972,924047.5,0,2,0,1363287,5,13158400,,,
superblock,equirect,jpeg-replacement-q80-whole,view-direct,moderate-mobile,stationary,10,50,0.06,1,1,0.8742392,11.65652,0.02439024,0.902439,0.902439,3.312925,2.438686,1006972,924047.5,0,2,0,1363287,5,13158400,,,
superblock,equirect,jpeg-replacement-q80-whole,view-direct,constrained-mobile,stationary,2,100,0.12,4.25,4.25,4.662609,11.65652,0.02439024,0.5853659,0.5853659,7.101295,2.438686,1006972,924047.5,0,2,0,1363287,5,13158400,,,
superblock,equirect,jpeg-replacement-q80-whole,view-direct,very-constrained,stationary,0.75,150,0.21,,,11.65652,11.65652,0.02439024,0,0,14.09521,2.438686,909384.5,834494.3,0,2,0,1363287,5,51200,,,
northrop-mall,equirect,haar-residual-d12,view,fast,slow-turn,50,20,0.03,0.25,0.25,0,0,0.01234568,0.9876543,0.9876543,0.6764656,0.675447,859233,301217.4,0,46,0,1206136,74,11397120,,,
northrop-mall,equirect,haar-residual-d12,view,moderate-mobile,slow-turn,10,50,0.07,0.5,0.5,0.08991465,7.193172,0.01234568,0.9753086,0.9753086,0.7663802,0.675447,889838,308151.3,30605,48,2,1206136,74,11397120,,,
northrop-mall,equirect,haar-residual-d12,view,constrained-mobile,slow-turn,2,100,0.19,1.5,1.75,0.5847829,10.56238,0.01234568,0.9259259,0.8888889,1.261248,0.675447,859233,301217.4,0,47,1,1206136,74,11397120,,,
northrop-mall,equirect,haar-residual-d12,view,very-constrained,slow-turn,0.75,150,0.39,3.5,5.25,1.881266,10.56238,0.02469136,0.7407407,0.6666667,2.558914,0.675447,859233,301217.4,0,46,0,1206136,74,11397120,,,
northrop-mall,equirect,haar-residual-d12,view-fill,fast,slow-turn,50,20,0.03,0.25,0.25,0,0,0.01234568,0.9876543,0.9876543,0.6764656,0.675447,1228336,670320.4,0,74,0,1206136,74,17459200,,,
northrop-mall,equirect,haar-residual-d12,view-fill,moderate-mobile,slow-turn,10,50,0.07,0.5,0.5,0.08991465,7.193172,0.01234568,0.9753086,0.9753086,0.7663802,0.675447,1258941,677254.3,30605,76,2,1206136,74,17459200,,,
northrop-mall,equirect,haar-residual-d12,view-fill,constrained-mobile,slow-turn,2,100,0.19,1.5,1.75,0.5351244,10.56238,0.01234568,0.9259259,0.9135802,1.21159,0.675447,1243850,672413,15514.23,79,5,1206136,74,17459200,,,
northrop-mall,equirect,haar-residual-d12,view-fill,very-constrained,slow-turn,0.75,150,0.39,3.5,5.25,1.69132,10.56238,0.02469136,0.7777778,0.7037037,2.368968,0.675447,1307473,745583.6,79137.1,82,8,1206136,74,17459200,,,
northrop-mall,equirect,haar-residual-d12,global,fast,slow-turn,50,20,0.03,0.5,0.5,0.05494716,4.395773,0.01234568,0.9753086,0.9753086,0.7314128,0.675447,1228336,670320.4,0,74,0,1206136,74,17459200,,,
northrop-mall,equirect,haar-residual-d12,global,moderate-mobile,slow-turn,10,50,0.07,1,1.25,0.227174,9.047962,0.01234568,0.9506173,0.9382716,0.9036396,0.675447,1228336,670320.4,0,74,0,1206136,74,17459200,,,
northrop-mall,equirect,haar-residual-d12,global,constrained-mobile,slow-turn,2,100,0.19,3.5,4.25,1.111204,10.56238,0.01234568,0.8271605,0.7901235,1.78767,0.675447,1228336,670320.4,0,74,0,1206136,74,17459200,,,
northrop-mall,equirect,haar-residual-d12,global,very-constrained,slow-turn,0.75,150,0.39,8.5,10,2.802308,10.56238,0.02469136,0.5802469,0.5061728,3.479955,0.675447,1228336,670320.4,0,74,0,1206136,74,17459200,,,
northrop-mall,equirect,haar-residual-d12-p0.5,view,fast,slow-turn,50,20,0.03,0.25,0.25,0,0,0.01234568,0.9876543,0.9876543,1.381106,1.378881,779375,266227.5,0,46,0,1100143,74,11397120,,,
northrop-mall,equirect,haar-residual-d12-p0.5,view,moderate-mobile,slow-turn,10,50,0.07,0.5,0.5,0.07475944,5.980755,0.01234568,0.9753086,0.9753086,1.455866,1.378881,779375,266227.5,0,46,0,1100143,74,11397120,,,
northrop-mall,equirect,haar-residual-d12-p0.5,view,constrained-mobile,slow-turn,2,100,0.16,1.25,1.5,0.4017759,9.880883,0.01234568,0.9382716,0.9012346,1.782882,1.378881,779375,266227.5,0,47,1,1100143,74,11397120,,,
northrop-mall,equirect,haar-residual-d12-p0.5,view,very-constrained,slow-turn,0.75,150,0.29,2.75,3.5,1.325414,9.966266,0.02469136,0.8518519,0.7160494,2.709012,1.378881,779375,266227.5,0,46,0,1100143,74,11397120,,,
northrop-mall,equirect,jpeg-residual-q80,view,fast,slow-turn,50,20,0.03,0.25,0.25,0,0,0.01234568,0.9876543,0.9876543,1.399111,1.397326,653177,213457.3,0,46,0,924815,74,11397120,,,
northrop-mall,equirect,jpeg-residual-q80,view,moderate-mobile,slow-turn,10,50,0.06,0.5,0.5,0.05468952,4.375162,0.01234568,0.9753086,0.9753086,1.4538,1.397326,653177,213457.3,0,46,0,924815,74,11397120,,,
northrop-mall,equirect,jpeg-residual-q80,view,constrained-mobile,slow-turn,2,100,0.12,1.25,1.25,0.3098991,10.08713,0.01234568,0.9382716,0.9382716,1.70901,1.397326,658433.5,215962.4,5256.5,47,1,924815,74,11397120,,,
northrop-mall,equirect,jpeg-residual-q80,view,very-constrained,slow-turn,0.75,150,0.2,2.25,3,1.04176,10.16872,0.01234568,0.8888889,0.7777778,2.440871,1.397326,658755.6,216006.9,5578.631,48,2,924815,74,11397120,,,
northrop-mall,equirect,jpeg-residual-q80,view-fill,fast,slow-turn,50,20,0.03,0.25,0.25,0,0,0.01234568,0.9876543,0.9876543,1.399111,1.397326,947015,507295.3,0,74,0,924815,74,17459200,,,
northrop-mall,equirect,jpeg-residual-q80,view-fill,moderate-mobile,slow-turn,10,50,0.06,0.5,0.5,0.05468952,4.375162,0.01234568,0.9753086,0.9753086,1.4538,1.397326,947015,507295.3,0,74,0,924815,74,17459200,,,
northrop-mall,equirect,jpeg-residual-q80,view-fill,constrained-mobile,slow-turn,2,100,0.12,1.25,1.25,0.2929446,10.08713,0.01234568,0.9382716,0.9382716,1.692055,1.397326,987856.5,517862.6,40841.5,78,4,924815,74,17459200,,,
northrop-mall,equirect,jpeg-residual-q80,view-fill,very-constrained,slow-turn,0.75,150,0.2,2.25,3,0.9026181,10.16872,0.01234568,0.8888889,0.8148148,2.301729,1.397326,988428.1,517963.7,41413.13,82,8,924815,74,17459200,,,
northrop-mall,equirect,jpeg-residual-q80,global,fast,slow-turn,50,20,0.03,0.5,0.5,0.04992764,3.994211,0.01234568,0.9753086,0.9753086,1.449038,1.397326,947015,507295.3,0,74,0,924815,74,17459200,,,
northrop-mall,equirect,jpeg-residual-q80,global,moderate-mobile,slow-turn,10,50,0.06,0.75,1,0.160408,6.978923,0.01234568,0.962963,0.9506173,1.559519,1.397326,947015,507295.3,0,74,0,924815,74,17459200,,,
northrop-mall,equirect,jpeg-residual-q80,global,constrained-mobile,slow-turn,2,100,0.12,2.25,3.5,0.6734242,10.08713,0.01234568,0.8888889,0.8271605,2.072535,1.397326,947015,507295.3,0,74,0,924815,74,17459200,,,
northrop-mall,equirect,jpeg-residual-q80,global,very-constrained,slow-turn,0.75,150,0.2,6,8.75,1.868312,10.16872,0.01234568,0.7037037,0.5679012,3.267422,1.397326,947015,507295.3,0,74,0,924815,74,17459200,,,
northrop-mall,equirect,jpeg-replacement-q80,view,fast,slow-turn,50,20,0.03,0.25,0.25,0,0,0.01234568,0.9876543,0.9876543,1.420933,1.419124,779978,253803.1,0,46,0,1105263,74,11397120,,,
northrop-mall,equirect,jpeg-replacement-q80,view,moderate-mobile,slow-turn,10,50,0.06,0.5,0.5,0.05452827,4.362261,0.01234568,0.9753086,0.9753086,1.475462,1.419124,801352.7,258645.8,21374.67,47,1,1105263,74,11397120,,,
northrop-mall,equirect,jpeg-replacement-q80,view,constrained-mobile,slow-turn,2,100,0.12,1.25,1.5,0.4062851,10.06977,0.01234568,0.9382716,0.9135802,1.827218,1.419124,783311.3,255391.6,3333.333,47,1,1105263,74,11397120,,,
northrop-mall,equirect,jpeg-replacement-q80,view,very-constrained,slow-turn,0.75,150,0.2,2.75,3.25,1.265292,10.14941,0.01234568,0.8518519,0.7530864,2.686225,1.419124,779978,253803.1,0,47,1,1105263,74,11397120,,,
northrop-mall,equirect,jpeg-replacement-q80,view-fill,fast,slow-turn,50,20,0.03,0.25,0.25,0,0,0.01234568,0.9876543,0.9876543,1.420933,1.419124,1127463,601288.1,0,74,0,1105263,74,17459200,,,
northrop-mall,equirect,jpeg-replacement-q80,view-fill,moderate-mobile,slow-turn,10,50,0.06,0.5,0.5,0.05452827,4.362261,0.01234568,0.9753086,0.9753086,1.475462,1.419124,1148838,606130.8,21374.67,75,1,1105263,74,17459200,,,
northrop-mall,equirect,jpeg-replacement-q80,view-fill,constrained-mobile,slow-turn,2,100,0.12,1.25,1.5,0.3675583,10.06977,0.01234568,0.9382716,0.9259259,1.788492,1.419124,1139584,609261.7,12121.33,78,4,1105263,74,17459200,,,
northrop-mall,equirect,jpeg-replacement-q80,view-fill,very-constrained,slow-turn,0.75,150,0.2,2.75,3.25,1.106009,10.14941,0.01234568,0.8641975,0.7777778,2.526942,1.419124,1190903,629202.5,63439.75,85,11,1105263,74,17459200,,,
northrop-mall,equirect,jpeg-replacement-q80,view-direct,fast,slow-turn,50,20,0.03,0.25,0.25,0,0,0.01234568,0.9876543,0.9876543,1.420933,1.419124,571434,173458.8,0,31,0,1105263,74,7915520,,,
northrop-mall,equirect,jpeg-replacement-q80,view-direct,moderate-mobile,slow-turn,10,50,0.06,0.25,0.5,0.03644316,2.915453,0.01234568,0.9876543,0.9753086,1.457376,1.419124,571434,173458.8,0,31,0,1105263,74,7915520,,,
northrop-mall,equirect,jpeg-replacement-q80,view-direct,constrained-mobile,slow-turn,2,100,0.12,1,1,0.4126528,10.14941,0.01234568,0.9506173,0.9382716,1.833586,1.419124,571434,173458.8,0,31,0,1105263,74,7915520,,,
northrop-mall,equirect,jpeg-replacement-q80,view-direct,very-constrained,slow-turn,0.75,150,0.2,2.75,3,1.438249,10.14941,0.01234568,0.8395062,0.7530864,2.859182,1.419124,571434,173458.8,0,31,0,1105263,74,7915520,,,
northrop-mall,equirect,jpeg-replacement-q80,global,fast,slow-turn,50,20,0.03,0.5,0.5,0.04861433,3.889147,0.01234568,0.9753086,0.9753086,1.469548,1.419124,1127463,601288.1,0,74,0,1105263,74,17459200,,,
northrop-mall,equirect,jpeg-replacement-q80,global,moderate-mobile,slow-turn,10,50,0.06,1,1,0.177048,6.232907,0.01234568,0.9506173,0.9506173,1.597981,1.419124,1127463,601288.1,0,74,0,1105263,74,17459200,,,
northrop-mall,equirect,jpeg-replacement-q80,global,constrained-mobile,slow-turn,2,100,0.12,2.75,4,0.7980383,10.06977,0.01234568,0.8641975,0.8024691,2.218972,1.419124,1127463,601288.1,0,74,0,1105263,74,17459200,,,
northrop-mall,equirect,jpeg-replacement-q80,global,very-constrained,slow-turn,0.75,150,0.2,7.25,10,2.147599,10.14941,0.01234568,0.6419753,0.5061728,3.568532,1.419124,1127463,601288.1,0,74,0,1105263,74,17459200,,,
northrop-mall,equirect,jpeg-replacement-q80-whole,global,fast,slow-turn,50,20,0.03,0.25,0.25,0,0,0.01234568,0.9876543,0.9876543,1.419704,1.417888,1097496,639073.9,0,5,0,1095996,5,17459200,,,
northrop-mall,equirect,jpeg-replacement-q80-whole,global,moderate-mobile,slow-turn,10,50,0.06,1,1,0.2520148,8.719701,0.01234568,0.9506173,0.9506173,1.671718,1.417888,1097496,639073.9,0,5,0,1095996,5,17459200,,,
northrop-mall,equirect,jpeg-replacement-q80-whole,global,constrained-mobile,slow-turn,2,100,0.12,4.75,4.75,1.332112,10.07107,0.01234568,0.7654321,0.7654321,2.751815,1.417888,1097496,639073.9,0,5,0,1095996,5,17459200,,,
northrop-mall,equirect,jpeg-replacement-q80-whole,global,very-constrained,slow-turn,0.75,150,0.2,12.25,12.25,3.556108,10.15062,0.01234568,0.3950617,0.3950617,4.975811,1.417888,1097496,639073.9,0,5,0,1095996,5,17459200,,,
northrop-mall,equirect,jpeg-replacement-q80-whole,view-direct,fast,slow-turn,50,20,0.03,0.25,0.25,0,0,0.01234568,0.9876543,0.9876543,1.419704,1.417888,816167,475640,0,2,0,1095996,5,13158400,,,
northrop-mall,equirect,jpeg-replacement-q80-whole,view-direct,moderate-mobile,slow-turn,10,50,0.06,1,1,0.3793328,10.15062,0.01234568,0.9506173,0.9506173,1.799036,1.417888,816167,475640,0,2,0,1095996,5,13158400,,,
northrop-mall,equirect,jpeg-replacement-q80-whole,view-direct,constrained-mobile,slow-turn,2,100,0.12,3.5,3.5,1.655427,10.50348,0.01234568,0.8271605,0.8271605,3.07513,1.417888,816167,475640,0,2,0,1095996,5,13158400,,,
northrop-mall,equirect,jpeg-replacement-q80-whole,view-direct,very-constrained,slow-turn,0.75,150,0.2,9.25,9.25,4.690213,10.88732,0.01234568,0.5432099,0.5432099,6.109916,1.417888,816167,475640,0,2,0,1095996,5,13158400,,,
bookstore,equirect,haar-residual-d12,view,fast,slow-turn,50,20,0.03,0.25,0.25,0,0,0.01234568,0.9876543,0.9876543,2.207068,2.206421,322138,108426.8,0,46,0,354246,74,11397120,,,
bookstore,equirect,haar-residual-d12,view,moderate-mobile,slow-turn,10,50,0.07,0.5,0.5,0.06152504,4.922004,0.01234568,0.9753086,0.9753086,2.268593,2.206421,322138,108426.8,0,46,0,354246,74,11397120,,,
bookstore,equirect,haar-residual-d12,view,constrained-mobile,slow-turn,2,100,0.17,0.75,1,0.3890767,14.69056,0.01234568,0.962963,0.9506173,2.596145,2.206421,322138,108426.8,0,47,1,354246,74,11397120,,,
bookstore,equirect,haar-residual-d12,view,very-constrained,slow-turn,0.75,150,0.34,1.75,2,1.137172,14.96654,0.02469136,0.8888889,0.8395062,3.346186,2.206421,322138,108426.8,0,46,0,354246,74,11397120,,,
bookstore,equirect,haar-residual-d12,view-fill,fast,slow-turn,50,20,0.03,0.25,0.25,0,0,0.01234568,0.9876543,0.9876543,2.207068,2.206421,376446,162734.8,0,74,0,354246,74,17459200,,,
bookstore,equirect,haar-residual-d12,view-fill,moderate-mobile,slow-turn,10,50,0.07,0.5,0.5,0.06152504,4.922004,0.01234568,0.9753086,0.9753086,2.268593,2.206421,376446,162734.8,0,74,0,354246,74,17459200,,,
bookstore,equirect,haar-residual-d12,view-fill,constrained-mobile,slow-turn,2,100,0.17,0.75,1,0.3660991,14.69056,0.01234568,0.962963,0.9506173,2.573167,2.206421,376446,162734.8,0,76,2,354246,74,17459200,,,
bookstore,equirect,haar-residual-d12,view-fill,very-constrained,slow-turn,0.75,150,0.34,1.75,2,0.952842,14.96654,0.02469136,0.9135802,0.9012346,3.161857,2.206421,376914.8,162949.1,468.75,76,2,354246,74,17459200,,,
bookstore,equirect,haar-residual-d12,global,fast,slow-turn,50,20,0.03,0.5,0.5,0.0614512,4.916096,0.01234568,0.9753086,0.9753086,2.268519,2.206421,376446,162734.8,0,74,0,354246,74,17459200,,,
bookstore,equirect,haar-residual-d12,global,moderate-mobile,slow-turn,10,50,0.07,0.75,1,0.1920357,9.104566,0.01234568,0.962963,0.9506173,2.399104,2.206421,376446,162734.8,0,74,0,354246,74,17459200,,,
bookstore,equirect,haar-residual-d12,global,constrained-mobile,slow-turn,2,100,0.17,1.75,2.25,0.7259637,14.80336,0.01234568,0.9135802,0.8888889,2.933032,2.206421,376446,162734.8,0,74,0,354246,74,17459200,,,
bookstore,equirect,haar-residual-d12,global,very-constrained,slow-turn,0.75,150,0.34,4,4.5,1.634275,14.96654,0.02469136,0.8024691,0.7777778,3.84329,2.206421,376446,162734.8,0,74,0,354246,74,17459200,,,
bookstore,equirect,haar-residual-d12-p0.5,view,fast,slow-turn,50,20,0.03,0.25,0.25,0,0,0.01234568,0.9876543,0.9876543,4.535256,4.536192,268568,83170.97,0,46,0,295962,74,11397120,,,
bookstore,equirect,haar-residual-d12-p0.5,view,moderate-mobile,slow-turn,10,50,0.06,0.5,0.5,0.04270465,3.416372,0.01234568,0.9753086,0.9753086,4.577961,4.536192,268568,83170.97,0,46,0,295962,74,11397120,,,
bookstore,equirect,haar-residual-d12-p0.5,view,constrained-mobile,slow-turn,2,100,0.14,0.75,0.75,0.2198411,12.361,0.01234568,0.962963,0.962963,4.755097,4.536192,272734.7,85156.65,4166.667,47,1,295962,74,11397120,,,
bookstore,equirect,haar-residual-d12-p0.5,view,very-constrained,slow-turn,0.75,150,0.25,1.25,1.5,0.7182644,12.67196,0.01234568,0.9382716,0.8888889,5.25352,4.536192,268568,83170.97,0,47,1,295962,74,11397120,,,
bookstore,equirect,jpeg-residual-q80,view,fast,slow-turn,50,20,0.03,0.25,0.25,0,0,0.01234568,0.9876543,0.9876543,2.514106,2.513348,307214,95751.49,0,46,0,388580,74,11397120,,,
bookstore,equirect,jpeg-residual-q80,view,moderate-mobile,slow-turn,10,50,0.06,0.5,0.5,0.0686135,5.48908,0.01234568,0.9753086,0.9753086,2.582719,2.513348,307214,95751.49,0,46,0,388580,74,11397120,,,
bookstore,equirect,jpeg-residual-q80,view,constrained-mobile,slow-turn,2,100,0.12,0.75,0.75,0.2299514,12.19142,0.01234568,0.962963,0.962963,2.744057,2.513348,313464,98730.01,6250,47,1,388580,74,11397120,,,
bookstore,equirect,jpeg-residual-q80,view,very-constrained,slow-turn,0.75,150,0.19,1.5,1.5,0.8014147,14.73684,0.01234568,0.9259259,0.8641975,3.31552,2.513348,307214,95751.49,0,47,1,388580,74,11397120,,,
bookstore,equirect,jpeg-residual-q80,view-fill,fast,slow-turn,50,20,0.03,0.25,0.25,0,0,0.01234568,0.9876543,0.9876543,2.514106,2.513348,410780,199317.5,0,74,0,388580,74,17459200,,,
bookstore,equirect,jpeg-residual-q80,view-fill,moderate-mobile,slow-turn,10,50,0.06,0.5,0.5,0.0686135,5.48908,0.01234568,0.9753086,0.9753086,2.582719,2.513348,410780,199317.5,0,74,0,388580,74,17459200,,,
bookstore,equirect,jpeg-residual-q80,view-fill,constrained-mobile,slow-turn,2,100,0.12,0.75,0.75,0.213246,12.19142,0.01234568,0.962963,0.962963,2.727352,2.513348,421366,202296,10586,76,2,388580,74,17459200,,,
bookstore,equirect,jpeg-residual-q80,view-fill,very-constrained,slow-turn,0.75,150,0.19,1.5,1.5,0.6627362,14.73684,0.01234568,0.9259259,0.9259259,3.176842,2.513348,419818,203965.2,9038,80,6,388580,74,17459200,,,
bookstore,equirect,jpeg-residual-q80,global,fast,slow-turn,50,20,0.03,0.5,0.5,0.06832385,5.465908,0.01234568,0.9753086,0.9753086,2.58243,2.513348,410780,199317.5,0,74,0,388580,74,17459200,,,
bookstore,equirect,jpeg-residual-q80,global,moderate-mobile,slow-turn,10,50,0.06,0.75,1,0.2057209,9.415353,0.01234568,0.962963,0.9506173,2.719827,2.513348,410780,199317.5,0,74,0,388580,74,17459200,,,
bookstore,equirect,jpeg-residual-q80,global,constrained-mobile,slow-turn,2,100,0.12,1.75,2.25,0.6338402,14.64992,0.01234568,0.9135802,0.8888889,3.147946,2.513348,410780,199317.5,0,74,0,388580,74,17459200,,,
bookstore,equirect,jpeg-residual-q80,global,very-constrained,slow-turn,0.75,150,0.19,3.75,4.5,1.441786,14.73684,0.01234568,0.8148148,0.7777778,3.955892,2.513348,410780,199317.5,0,74,0,388580,74,17459200,,,
bookstore,equirect,jpeg-replacement-q80,view,fast,slow-turn,50,20,0.03,0.25,0.25,0,0,0.01234568,0.9876543,0.9876543,2.465976,2.465291,370470,113008.9,0,46,0,460443,74,11397120,,,
bookstore,equirect,jpeg-replacement-q80,view,moderate-mobile,slow-turn,10,50,0.06,0.5,0.5,0.05954789,4.763831,0.01234568,0.9753086,0.9753086,2.525524,2.465291,370470,113008.9,0,46,0,460443,74,11397120,,,
bookstore,equirect,jpeg-replacement-q80,view,constrained-mobile,slow-turn,2,100,0.12,0.75,1,0.3125315,14.67352,0.01234568,0.962963,0.9382716,2.778508,2.465291,373803.3,114597.4,3333.333,47,1,460443,74,11397120,,,
bookstore,equirect,jpeg-replacement-q80,view,very-constrained,slow-turn,0.75,150,0.19,1.75,1.75,0.9772372,14.75364,0.01234568,0.8765432,0.8395062,3.443214,2.465291,370470,113008.9,0,47,1,460443,74,11397120,,,
bookstore,equirect,jpeg-replacement-q80,view-fill,fast,slow-turn,50,20,0.03,0.25,0.25,0,0,0.01234568,0.9876543,0.9876543,2.465976,2.465291,482643,225181.9,0,74,0,460443,74,17459200,,,
bookstore,equirect,jpeg-replacement-q80,view-fill,moderate-mobile,slow-turn,10,50,0.06,0.5,0.5,0.05954789,4.763831,0.01234568,0.9753086,0.9753086,2.525524,2.465291,482643,225181.9,0,74,0,460443,74,17459200,,,
bookstore,equirect,jpeg-replacement-q80,view-fill,constrained-mobile,slow-turn,2,100,0.12,0.75,1,0.2887711,14.67352,0.01234568,0.962963,0.9506173,2.754748,2.465291,485976.3,226770.4,3333.333,76,2,460443,74,17459200,,,
bookstore,equirect,jpeg-replacement-q80,view-fill,very-constrained,slow-turn,0.75,150,0.19,1.75,1.75,0.7888983,14.75364,0.01234568,0.9135802,0.8888889,3.254875,2.465291,482643,225181.9,0,80,6,460443,74,17459200,,,
bookstore,equirect,jpeg-replacement-q80,view-direct,fast,slow-turn,50,20,0.03,0.25,0.25,0,0,0.01234568,0.9876543,0.9876543,2.465976,2.465291,245000,61840.84,0,31,0,460443,74,7915520,,,
bookstore,equirect,jpeg-replacement-q80,view-direct,moderate-mobile,slow-turn,10,50,0.06,0.25,0.25,0,0,0.01234568,0.9876543,0.9876543,2.465976,2.465291,245000,61840.84,0,31,0,460443,74,7915520,,,
bookstore,equirect,jpeg-replacement-q80,view-direct,constrained-mobile,slow-turn,2,100,0.12,0.75,0.75,0.3005587,14.67352,0.01234568,0.962963,0.962963,2.766535,2.465291,245000,61840.84,0,31,0,460443,74,7915520,,,
bookstore,equirect,jpeg-replacement-q80,view-direct,very-constrained,slow-turn,0.75,150,0.19,1.25,1.25,0.954774,14.75364,0.01234568,0.8888889,0.8518519,3.42075,2.465291,245000,61840.84,0,31,0,460443,74,7915520,,,
bookstore,equirect,jpeg-replacement-q80,global,fast,slow-turn,50,20,0.03,0.5,0.5,0.06670537,5.33643,0.01234568,0.9753086,0.9753086,2.532682,2.465291,482643,225181.9,0,74,0,460443,74,17459200,,,
bookstore,equirect,jpeg-replacement-q80,global,moderate-mobile,slow-turn,10,50,0.06,0.75,1,0.2042734,9.280944,0.01234568,0.962963,0.9506173,2.67025,2.465291,482643,225181.9,0,74,0,460443,74,17459200,,,
bookstore,equirect,jpeg-replacement-q80,global,constrained-mobile,slow-turn,2,100,0.12,1.75,2.25,0.6650422,14.67352,0.01234568,0.9135802,0.8888889,3.131019,2.465291,482643,225181.9,0,74,0,460443,74,17459200,,,
bookstore,equirect,jpeg-replacement-q80,global,very-constrained,slow-turn,0.75,150,0.19,4.25,5,1.656648,14.75364,0.01234568,0.7901235,0.7530864,4.122624,2.465291,482643,225181.9,0,74,0,460443,74,17459200,,,
bookstore,equirect,jpeg-replacement-q80-whole,global,fast,slow-turn,50,20,0.03,0.25,0.25,0,0,0.01234568,0.9876543,0.9876543,2.463384,2.462664,444597,258809.8,0,5,0,443097,5,17459200,,,
bookstore,equirect,jpeg-replacement-q80-whole,global,moderate-mobile,slow-turn,10,50,0.06,0.5,0.5,0.1180231,9.441852,0.01234568,0.9753086,0.9753086,2.581407,2.462664,444597,258809.8,0,5,0,443097,5,17459200,,,
bookstore,equirect,jpeg-replacement-q80-whole,global,constrained-mobile,slow-turn,2,100,0.12,2,2,0.7832482,14.67731,0.01234568,0.9012346,0.9012346,3.246632,2.462664,444597,258809.8,0,5,0,443097,5,17459200,,,
bookstore,equirect,jpeg-replacement-q80-whole,global,very-constrained,slow-turn,0.75,150,0.19,5.25,5.25,2.233038,14.91062,0.01234568,0.7407407,0.7407407,4.696421,2.462664,444597,258809.8,0,5,0,443097,5,17459200,,,
bookstore,equirect,jpeg-replacement-q80-whole,view-direct,fast,slow-turn,50,20,0.03,0.25,0.25,0,0,0.01234568,0.9876543,0.9876543,2.463384,2.462664,304267,177304.5,0,2,0,443097,5,13158400,,,
bookstore,equirect,jpeg-replacement-q80-whole,view-direct,moderate-mobile,slow-turn,10,50,0.06,0.5,0.5,0.1834664,14.67731,0.01234568,0.9753086,0.9753086,2.64685,2.462664,304267,177304.5,0,2,0,443097,5,13158400,,,
bookstore,equirect,jpeg-replacement-q80-whole,view-direct,constrained-mobile,slow-turn,2,100,0.12,1.5,1.5,0.9282573,14.98834,0.01234568,0.9259259,0.9259259,3.391641,2.462664,304267,177304.5,0,2,0,443097,5,13158400,,,
bookstore,equirect,jpeg-replacement-q80-whole,view-direct,very-constrained,slow-turn,0.75,150,0.19,3.75,3.75,2.651113,15.60281,0.01234568,0.8148148,0.8148148,5.114497,2.462664,304267,177304.5,0,2,0,443097,5,13158400,,,
superblock,equirect,haar-residual-d12,view,fast,slow-turn,50,20,0.03,0.25,0.25,0,0,0.01234568,0.9876543,0.9876543,1.356743,1.359985,1131721,468464.1,0,46,0,1626810,74,11397120,,,
superblock,equirect,haar-residual-d12,view,moderate-mobile,slow-turn,10,50,0.08,0.5,0.5,0.1237462,9.899696,0.01234568,0.9753086,0.9753086,1.480489,1.359985,1188269,492287.5,56547.5,48,2,1626810,74,11397120,,,
superblock,equirect,haar-residual-d12,view,constrained-mobile,slow-turn,2,100,0.21,1.5,1.75,0.9167112,11.8621,0.01234568,0.9259259,0.8395062,2.273454,1.359985,1131721,468464.1,0,47,1,1626810,74,11397120,,,
superblock,equirect,haar-residual-d12,view,very-constrained,slow-turn,0.75,150,0.44,7,7.25,3.362728,11.8621,0.02469136,0.5432099,0.4567901,4.715861,1.359985,1131721,468464.1,0,46,0,1626810,74,11397120,,,
superblock,equirect,haar-residual-d12,view-fill,fast,slow-turn,50,20,0.03,0.25,0.25,0,0,0.01234568,0.9876543,0.9876543,1.356743,1.359985,1649010,985753.1,0,74,0,1626810,74,17459200,,,
superblock,equirect,haar-residual-d12,view-fill,moderate-mobile,slow-turn,10,50,0.08,0.5,0.5,0.1237462,9.899696,0.01234568,0.9753086,0.9753086,1.480489,1.359985,1705558,1009576,56547.5,76,2,1626810,74,17459200,,,
superblock,equirect,haar-residual-d12,view-fill,constrained-mobile,slow-turn,2,100,0.21,1.5,1.75,0.7515399,11.8621,0.01234568,0.9259259,0.9135802,2.108283,1.359985,1731675,1031516,82665,83,9,1626810,74,17459200,,,
superblock,equirect,haar-residual-d12,view-fill,very-constrained,slow-turn,0.75,150,0.44,7,7.25,3.144978,11.8621,0.02469136,0.6049383,0.5061728,4.498111,1.359985,1762340,1099083,135512.8,88,14,1626810,74,16672768,,,
superblock,equirect,haar-residual-d12,global,fast,slow-turn,50,20,0.03,0.5,0.5,0.05385249,4.308199,0.01234568,0.9753086,0.9753086,1.410596,1.359985,1649010,985753.1,0,74,0,1626810,74,17459200,,,
superblock,equirect,haar-residual-d12,global,moderate-mobile,slow-turn,10,50,0.08,1.25,1.5,0.3436828,9.899696,0.01234568,0.9382716,0.9259259,1.700426,1.359985,1649010,985753.1,0,74,0,1626810,74,17459200,,,
superblock,equirect,haar-residual-d12,global,constrained-mobile,slow-turn,2,100,0.21,5,5.5,1.785149,11.8621,0.01234568,0.7530864,0.7283951,3.141893,1.359985,1649010,985753.1,0,74,0,1626810,74,17459200,,,
superblock,equirect,haar-residual-d12,global,very-constrained,slow-turn,0.75,150,0.44,11.75,15,4.596504,11.8621,0.02469136,0.4197531,0.2592593,5.949637,1.359985,1649010,985753.1,0,74,0,1626810,74,17459200,,,
superblock,equirect,haar-residual-d12-p0.5,view,fast,slow-turn,50,20,0.03,0.25,0.25,0,0,0.01234568,0.9876543,0.9876543,2.602474,2.61103,997540,401239.5,0,46,0,1461692,74,11397120,,,
superblock,equirect,haar-residual-d12-p0.5,view,moderate-mobile,slow-turn,10,50,0.07,0.5,0.5,0.07686693,6.149354,0.01234568,0.9753086,0.9753086,2.679341,2.61103,997540,401239.5,0,47,1,1461692,74,11397120,,,
superblock,equirect,haar-residual-d12-p0.5,view,constrained-mobile,slow-turn,2,100,0.17,1.25,1.5,0.5311784,10.22714,0.01234568,0.9382716,0.8765432,3.133653,2.61103,997540,401239.5,0,47,1,1461692,74,11397120,,,
superblock,equirect,haar-residual-d12-p0.5,view,very-constrained,slow-turn,0.75,150,0.33,3,5.75,1.951507,10.22714,0.02469136,0.7530864,0.5925926,4.544634,2.61103,997540,401239.5,0,46,0,1461692,74,11397120,,,
superblock,equirect,jpeg-residual-q80,view,fast,slow-turn,50,20,0.03,0.25,0.25,0,0,0.01234568,0.9876543,0.9876543,2.599291,2.597493,743278,278960.6,0,46,0,1137877,74,11397120,,,
superblock,equirect,jpeg-residual-q80,view,moderate-mobile,slow-turn,10,50,0.06,0.5,0.5,0.0579376,4.635008,0.01234568,0.9753086,0.9753086,2.657229,2.597493,743278,278960.6,0,46,0,1137877,74,11397120,,,
superblock,equirect,jpeg-residual-q80,view,constrained-mobile,slow-turn,2,100,0.12,1,1.25,0.3979946,11.66976,0.01234568,0.9506173,0.9259259,2.997286,2.597493,747589,281015.1,4311,47,1,1137877,74,11397120,,,
superblock,equirect,jpeg-residual-q80,view,very-constrained,slow-turn,0.75,150,0.21,2.5,3,1.361065,11.7328,0.01234568,0.8395062,0.7037037,3.960356,2.597493,743278,278960.6,0,47,1,1137877,74,11397120,,,
superblock,equirect,jpeg-residual-q80,view-fill,fast,slow-turn,50,20,0.03,0.25,0.25,0,0,0.01234568,0.9876543,0.9876543,2.599291,2.597493,1160077,695759.6,0,74,0,1137877,74,17459200,,,
superblock,equirect,jpeg-residual-q80,view-fill,moderate-mobile,slow-turn,10,50,0.06,0.5,0.5,0.0579376,4.635008,0.01234568,0.9753086,0.9753086,2.657229,2.597493,1160077,695759.6,0,74,0,1137877,74,17459200,,,
superblock,equirect,jpeg-residual-q80,view-fill,constrained-mobile,slow-turn,2,100,0.12,1,1.25,0.3480971,11.66976,0.01234568,0.9506173,0.9382716,2.947388,2.597493,1210942,722671.3,50865,79,5,1137877,74,17459200,,,
superblock,equirect,jpeg-residual-q80,view-fill,very-constrained,slow-turn,0.75,150,0.21,2.5,3,1.192316,11.7328,0.01234568,0.8641975,0.7530864,3.791607,2.597493,1347858,863742.9,187780.6,90,16,1137877,74,17459200,,,
superblock,equirect,jpeg-residual-q80,global,fast,slow-turn,50,20,0.03,0.5,0.5,0.05757056,4.605645,0.01234568,0.9753086,0.9753086,2.656862,2.597493,1160077,695759.6,0,74,0,1137877,74,17459200,,,
superblock,equirect,jpeg-residual-q80,global,moderate-mobile,slow-turn,10,50,0.06,1,1.25,0.2307258,7.691902,0.01234568,0.9506173,0.9382716,2.830017,2.597493,1160077,695759.6,0,74,0,1137877,74,17459200,,,
superblock,equirect,jpeg-residual-q80,global,constrained-mobile,slow-turn,2,100,0.12,3.5,3.5,0.9823035,11.66976,0.01234568,0.8271605,0.8271605,3.581595,2.597493,1160077,695759.6,0,74,0,1137877,74,17459200,,,
superblock,equirect,jpeg-residual-q80,global,very-constrained,slow-turn,0.75,150,0.21,7.75,9.75,2.652802,11.7328,0.01234568,0.617284,0.5185185,5.252093,2.597493,1160077,695759.6,0,74,0,1137877,74,17459200,,,
superblock,equirect,jpeg-replacement-q80,view,fast,slow-turn,50,20,0.03,0.25,0.25,0,0,0.01234568,0.9876543,0.9876543,2.625564,2.623298,896445,334499.7,0,46,0,1383323,74,11397120,,,
superblock,equirect,jpeg-replacement-q80,view,moderate-mobile,slow-turn,10,50,0.06,0.5,0.5,0.05794514,4.635611,0.01234568,0.9753086,0.9753086,2.683509,2.623298,907028.3,342189.1,10583.25,47,1,1383323,74,11397120,,,
superblock,equirect,jpeg-replacement-q80,view,constrained-mobile,slow-turn,2,100,0.12,1.25,1.25,0.4891909,11.73776,0.01234568,0.9382716,0.9012346,3.114755,2.623298,899778.3,336088.2,3333.333,47,1,1383323,74,11397120,,,
superblock,equirect,jpeg-replacement-q80,view,very-constrained,slow-turn,0.75,150,0.21,2.75,3.5,1.66106,11.73776,0.01234568,0.8024691,0.6049383,4.286624,2.623298,896445,334499.7,0,47,1,1383323,74,11397120,,,
superblock,equirect,jpeg-replacement-q80,view-fill,fast,slow-turn,50,20,0.03,0.25,0.25,0,0,0.01234568,0.9876543,0.9876543,2.625564,2.623298,1405523,843577.7,0,74,0,1383323,74,17459200,,,
superblock,equirect,jpeg-replacement-q80,view-fill,moderate-mobile,slow-turn,10,50,0.06,0.5,0.5,0.05794514,4.635611,0.01234568,0.9753086,0.9753086,2.683509,2.623298,1416106,851267.1,10583.25,75,1,1383323,74,17459200,,,
superblock,equirect,jpeg-replacement-q80,view-fill,constrained-mobile,slow-turn,2,100,0.12,1.25,1.25,0.4126466,11.73776,0.01234568,0.9382716,0.9382716,3.038211,2.623298,1470654,893807,65131.39,81,7,1383323,74,17459200,,,
superblock,equirect,jpeg-replacement-q80,view-fill,very-constrained,slow-turn,0.75,150,0.21,2.75,3.5,1.47664,11.73776,0.01234568,0.8395062,0.654321,4.102204,2.623298,1559203,982052.2,153680.3,95,21,1383323,74,17459200,,,
superblock,equirect,jpeg-replacement-q80,view-direct,fast,slow-turn,50,20,0.03,0.25,0.25,0,0,0.01234568,0.9876543,0.9876543,2.625564,2.623298,601793,188927.8,0,31,0,1383323,74,7915520,,,
superblock,equirect,jpeg-replacement-q80,view-direct,moderate-mobile,slow-turn,10,50,0.06,0.5,0.5,0.04714259,3.771407,0.01234568,0.9753086,0.9753086,2.672707,2.623298,601793,188927.8,0,31,0,1383323,74,7915520,,,
superblock,equirect,jpeg-replacement-q80,view-direct,constrained-mobile,slow-turn,2,100,0.12,0.75,0.75,0.3917386,11.67708,0.01234568,0.962963,0.9135802,3.017303,2.623298,601793,188927.8,0,31,0,1383323,74,7915520,,,
superblock,equirect,jpeg-replacement-q80,view-direct,very-constrained,slow-turn,0.75,150,0.21,2,2.75,1.561968,11.73776,0.01234568,0.8024691,0.691358,4.187532,2.623298,601793,188927.8,0,31,0,1383323,74,7915520,,,
superblock,equirect,jpeg-replacement-q80,global,fast,slow-turn,50,20,0.03,0.5,0.5,0.05721702,4.577362,0.01234568,0.9753086,0.9753086,2.682781,2.623298,1405523,843577.7,0,74,0,1383323,74,17459200,,,
superblock,equirect,jpeg-replacement-q80,global,moderate-mobile,slow-turn,10,50,0.06,1,1.25,0.2470572,7.707106,0.01234568,0.9506173,0.9382716,2.872621,2.623298,1405523,843577.7,0,74,0,1383323,74,17459200,,,
superblock,equirect,jpeg-replacement-q80,global,constrained-mobile,slow-turn,2,100,0.12,4,4.5,1.188914,11.67708,0.01234568,0.8024691,0.7777778,3.814478,2.623298,1405523,843577.7,0,74,0,1383323,74,17459200,,,
superblock,equirect,jpeg-replacement-q80,global,very-constrained,slow-turn,0.75,150,0.21,9.5,11.75,3.045967,11.73776,0.01234568,0.5308642,0.4197531,5.671531,2.623298,1405523,843577.7,0,74,0,1383323,74,17459200,,,
superblock,equirect,jpeg-replacement-q80-whole,global,fast,slow-turn,50,20,0.03,0.5,0.5,0.05765857,4.612686,0.01234568,0.9753086,0.9753086,2.681425,2.621481,1364787,794712.6,0,5,0,1363287,5,17459200,,,
superblock,equirect,jpeg-replacement-q80-whole,global,moderate-mobile,slow-turn,10,50,0.06,1.25,1.25,0.334922,9.888984,0.01234568,0.9382716,0.9382716,2.958688,2.621481,1364787,794712.6,0,5,0,1363287,5,17459200,,,
superblock,equirect,jpeg-replacement-q80-whole,global,constrained-mobile,slow-turn,2,100,0.12,5.75,5.75,1.763132,11.67934,0.01234568,0.7160494,0.7160494,4.386898,2.621481,1364787,794712.6,0,5,0,1363287,5,17459200,,,
superblock,equirect,jpeg-replacement-q80-whole,global,very-constrained,slow-turn,0.75,150,0.21,15,15,4.660954,11.74052,0.01234568,0.2592593,0.2592593,7.28472,2.621481,1364787,794712.6,0,5,0,1363287,5,17459200,,,
superblock,equirect,jpeg-replacement-q80-whole,view-direct,fast,slow-turn,50,20,0.03,0.25,0.25,0,0,0.01234568,0.9876543,0.9876543,2.623766,2.621481,1006972,586839.2,0,2,0,1363287,5,13158400,,,
superblock,equirect,jpeg-replacement-q80-whole,view-direct,moderate-mobile,slow-turn,10,50,0.06,1,1,0.4388181,11.74052,0.01234568,0.9506173,0.9506173,3.062584,2.621481,1006972,586839.2,0,2,0,1363287,5,13158400,,,
superblock,equirect,jpeg-replacement-q80-whole,view-direct,constrained-mobile,slow-turn,2,100,0.12,4.25,4.25,2.244909,11.74052,0.01234568,0.7901235,0.7901235,4.868675,2.621481,1006972,586839.2,0,2,0,1363287,5,13158400,,,
superblock,equirect,jpeg-replacement-q80-whole,view-direct,very-constrained,slow-turn,0.75,150,0.21,11.25,11.25,5.703063,11.74052,0.01234568,0.4444444,0.4444444,8.326829,2.621481,1006972,586839.2,0,2,0,1363287,5,13158400,,,
northrop-mall,equirect,haar-residual-d12,view,fast,quick-turn,50,20,0.03,0.25,0.25,0.05348445,2.139378,0.02439024,0.9756098,0.9512195,0.6913512,0.6367959,821349,466838.8,0,43,0,1206136,74,10610688,0,0.15,0.15
northrop-mall,equirect,haar-residual-d12,view,moderate-mobile,quick-turn,10,50,0.07,0.5,0.5,0.3333556,7.202446,0.02439024,0.9268293,0.902439,0.9712223,0.6367959,821349,466838.8,0,43,0,1206136,74,10610688,0,0.15,0.15
northrop-mall,equirect,haar-residual-d12,view,constrained-mobile,quick-turn,2,100,0.19,1.75,2,1.892978,10.45748,0.02439024,0.7560976,0.6829268,2.530844,0.6367959,813713.8,462579.9,12878.75,43,1,1206136,74,10348544,6.737506,0.65,0.9
northrop-mall,equirect,haar-residual-d12,view,very-constrained,quick-turn,0.75,150,0.39,5,5.75,4.326768,10.7875,0.04878049,0.5121951,0.4390244,4.96576,0.6367959,558196.5,352990.4,92796.5,31,7,1206136,74,5629952,8.573304,2.4,3.15
northrop-mall,equirect,haar-residual-d12,view-fill,fast,quick-turn,50,20,0.03,0.25,0.25,0,0,0.02439024,0.9756098,0.9756098,0.6378667,0.6367959,1228336,873825.8,0,74,0,1206136,74,17459200,0,0.15,0.15
northrop-mall,equirect,haar-residual-d12,view-fill,moderate-mobile,quick-turn,10,50,0.07,0.5,0.5,0.1837603,7.202446,0.02439024,0.9512195,0.9512195,0.8216271,0.6367959,1228336,873825.8,0,74,0,1206136,74,17459200,0,0.15,0.15
northrop-mall,equirect,haar-residual-d12,view-fill,constrained-mobile,quick-turn,2,100,0.19,1.75,2,1.931936,10.45748,0.02439024,0.7560976,0.6585366,2.569802,0.6367959,1265174,894491,36838,81,7,1206136,74,17459200,6.737506,0.65,1.15
northrop-mall,equirect,haar-residual-d12,view-fill,very-constrained,quick-turn,0.75,150,0.39,5,5.75,4.326768,10.7875,0.04878049,0.5121951,0.4390244,4.96576,0.6367959,886312,591646.8,92796.5,65,7,1206136,74,11692032,8.573304,2.4,3.15
northrop-mall,equirect,haar-residual-d12,global,fast,quick-turn,50,20,0.03,0.5,0.5,0.1097167,4.388669,0.02439024,0.9512195,0.9512195,0.7475834,0.6367959,1228336,873825.8,0,74,0,1206136,74,17459200,0,0.15,0.15
northrop-mall,equirect,haar-residual-d12,global,moderate-mobile,quick-turn,10,50,0.07,1,1.25,0.4553071,9.023095,0.02439024,0.902439,0.8780488,1.093174,0.6367959,1228336,873825.8,0,74,0,1206136,74,17459200,0,0.15,0.15
northrop-mall,equirect,haar-residual-d12,global,constrained-mobile,quick-turn,2,100,0.19,3,3.75,2.114439,10.45748,0.02439024,0.7073171,0.6341463,2.752306,0.6367959,1228336,873825.8,0,74,0,1206136,74,17459200,3.187711,0.4,1.15
northrop-mall,equirect,haar-residual-d12,global,very-constrained,quick-turn,0.75,150,0.39,7.5,9.75,5.266871,10.7875,0.04878049,0.2682927,0.04878049,5.905864,0.6367959,898805,586702.2,0,63,0,1206136,74,13002752,6.256484,4.9,7.15
northrop-mall,equirect,haar-residual-d12-p0.5,view,fast,quick-turn,50,20,0.03,0.25,0.25,0.04668771,1.867509,0.02439024,0.9756098,0.9512195,1.346858,1.297747,741491,415456.1,0,43,0,1100143,74,10610688,0,0.15,0.15
northrop-mall,equirect,haar-residual-d12-p0.5,view,moderate-mobile,quick-turn,10,50,0.07,0.5,0.5,0.2820563,5.946279,0.02439024,0.9268293,0.902439,1.582226,1.297747,741491,415456.1,0,43,0,1100143,74,10610688,0,0.15,0.15
northrop-mall,equirect,haar-residual-d12-p0.5,view,constrained-mobile,quick-turn,2,100,0.16,1.25,1.75,1.421895,9.863768,0.02439024,0.804878,0.7073171,2.722065,1.297747,734267.3,411426.7,13290.31,43,1,1100143,74,10348544,6.136517,0.65,0.9
northrop-mall,equirect,haar-residual-d12-p0.5,view,very-constrained,quick-turn,0.75,150,0.29,4.25,5.25,3.142753,9.863768,0.04878049,0.5853659,0.4878049,4.44547,1.297747,500984.5,296387.9,14377.5,39,11,1100143,74,6678528,7.026867,1.65,2.65
northrop-mall,equirect,jpeg-residual-q80,view,fast,quick-turn,50,20,0.03,0.25,0.25,0.05424192,2.169677,0.02439024,0.9756098,0.9512195,1.356347,1.300945,617542,336186.7,0,43,0,924815,74,10610688,0,0.15,0.15
northrop-mall,equirect,jpeg-residual-q80,view,moderate-mobile,quick-turn,10,50,0.06,0.5,0.5,0.2577768,4.368405,0.02439024,0.9268293,0.902439,1.559882,1.300945,617542,336186.7,0,43,0,924815,74,10610688,0,0.15,0.15
northrop-mall,equirect,jpeg-residual-q80,view,constrained-mobile,quick-turn,2,100,0.12,1.25,1.5,1.164169,10.09756,0.02439024,0.8292683,0.7317073,2.466274,1.300945,611884.5,333031,13937.46,43,1,924815,74,10348544,5.837273,0.4,0.9
northrop-mall,equirect,jpeg-residual-q80,view,very-constrained,quick-turn,0.75,150,0.2,4,5.25,2.854057,10.09756,0.02439024,0.6097561,0.4878049,4.156162,1.300945,459358.5,248810.7,65592.5,40,11,924815,74,6940672,6.680118,1.4,2.65
northrop-mall,equirect,jpeg-residual-q80,view-fill,fast,quick-turn,50,20,0.03,0.25,0.25,0,0,0.02439024,0.9756098,0.9756098,1.302105,1.300945,947015,665659.7,0,74,0,924815,74,17459200,0,0.15,0.15
northrop-mall,equirect,jpeg-residual-q80,view-fill,moderate-mobile,quick-turn,10,50,0.06,0.5,0.5,0.1092101,4.368405,0.02439024,0.9512195,0.9512195,1.411315,1.300945,947015,665659.7,0,74,0,924815,74,17459200,0,0.15,0.15
northrop-mall,equirect,jpeg-residual-q80,view-fill,constrained-mobile,quick-turn,2,100,0.12,1.25,1.5,0.9497114,10.09756,0.02439024,0.8292683,0.7560976,2.251817,1.300945,967068,672035.8,20053,82,8,924815,74,17459200,3.501196,0.4,0.65
northrop-mall,equirect,jpeg-residual-q80,view-fill,very-constrained,quick-turn,0.75,150,0.2,4,5.25,2.854057,10.09756,0.02439024,0.6097561,0.4878049,4.156162,1.300945,872169.5,549045.4,65592.5,82,11,924815,74,15099904,6.680118,1.4,2.65
northrop-mall,equirect,jpeg-residual-q80,global,fast,quick-turn,50,20,0.03,0.5,0.5,0.09943145,3.977258,0.02439024,0.9512195,0.9512195,1.401537,1.300945,947015,665659.7,0,74,0,924815,74,17459200,0,0.15,0.15
northrop-mall,equirect,jpeg-residual-q80,global,moderate-mobile,quick-turn,10,50,0.06,0.75,1,0.3222734,6.983903,0.02439024,0.9268293,0.902439,1.624379,1.300945,947015,665659.7,0,74,0,924815,74,17459200,0,0.15,0.15
northrop-mall,equirect,jpeg-residual-q80,global,constrained-mobile,quick-turn,2,100,0.12,2.5,3,1.39409,10.09756,0.02439024,0.7560976,0.7073171,2.696196,1.300945,947015,665659.7,0,74,0,924815,74,17459200,1.602492,0.15,0.4
northrop-mall,equirect,jpeg-residual-q80,global,very-constrained,quick-turn,0.75,150,0.2,5,7,3.453669,10.09756,0.02439024,0.5121951,0.3170732,4.755774,1.300945,899137.5,617782.2,0,74,0,924815,74,16148480,4.202309,2.4,4.4
northrop-mall,equirect,jpeg-replacement-q80,view,fast,quick-turn,50,20,0.03,0.25,0.25,0,0,0.02439024,0.9756098,0.9756098,1.324019,1.322808,736952,399977,0,43,0,1105263,74,10610688,0,0.15,0.15
northrop-mall,equirect,jpeg-replacement-q80,view,moderate-mobile,quick-turn,10,50,0.06,0.5,0.5,0.2586143,4.424553,0.02439024,0.9268293,0.902439,1.582634,1.322808,736952,399977,0,43,0,1105263,74,10610688,0,0.15,0.15
northrop-mall,equirect,jpeg-replacement-q80,view,constrained-mobile,quick-turn,2,100,0.12,1.25,1.75,1.288693,10.07775,0.02439024,0.804878,0.7073171,2.612713,1.322808,718526,392353.5,20348,43,2,1105263,74,10086400,5.193579,0.65,0.9
northrop-mall,equirect,jpeg-replacement-q80,view,very-constrained,quick-turn,0.75,150,0.2,4.25,5.5,3.137814,10.07775,0.02439024,0.5853659,0.4634146,4.461833,1.322808,503541,280963.1,54234,36,8,1105263,74,6678528,7.465292,1.65,2.9
northrop-mall,equirect,jpeg-replacement-q80,view-fill,fast,quick-turn,50,20,0.03,0.25,0.25,0,0,0.02439024,0.9756098,0.9756098,1.324019,1.322808,1127463,790488,0,74,0,1105263,74,17459200,0,0.15,0.15
northrop-mall,equirect,jpeg-replacement-q80,view-fill,moderate-mobile,quick-turn,10,50,0.06,0.5,0.5,0.1106138,4.424553,0.02439024,0.9512195,0.9512195,1.434633,1.322808,1127463,790488,0,74,0,1105263,74,17459200,0,0.15,0.15
northrop-mall,equirect,jpeg-replacement-q80,view-fill,constrained-mobile,quick-turn,2,100,0.12,1.25,1.75,1.323937,10.07775,0.02439024,0.804878,0.7073171,2.647956,1.322808,1195905,837271.5,68441.67,82,8,1105263,74,17459200,6.036984,0.65,0.9
northrop-mall,equirect,jpeg-replacement-q80,view-fill,very-constrained,quick-turn,0.75,150,0.2,4.25,5.5,3.137814,10.07775,0.02439024,0.5853659,0.4634146,4.461833,1.322808,878331,524597.4,54234,72,8,1105263,74,13264896,7.465292,1.65,2.9
northrop-mall,equirect,jpeg-replacement-q80,view-direct,fast,quick-turn,50,20,0.03,0.25,0.25,0,0,0.02439024,0.9756098,0.9756098,1.324019,1.322808,528408,272479.3,0,28,0,1105263,74,7129088,0,0.15,0.15
northrop-mall,equirect,jpeg-replacement-q80,view-direct,moderate-mobile,quick-turn,10,50,0.06,0.25,0.5,0.3767858,7.165413,0.02439024,0.9268293,0.902439,1.700805,1.322808,528408,272479.3,0,28,0,1105263,74,7129088,0,0.15,0.15
northrop-mall,equirect,jpeg-replacement-q80,view-direct,constrained-mobile,quick-turn,2,100,0.12,1,1.25,1.559572,10.07775,0.02439024,0.804878,0.7804878,2.883591,1.322808,509649,264749.9,20015,28,2,1105263,74,6604800,9.415275,0.65,0.65
northrop-mall,equirect,jpeg-replacement-q80,view-direct,very-constrained,quick-turn,0.75,150,0.2,4.75,5,4.014341,10.22281,0.02439024,0.5365854,0.5121951,5.33836,1.322808,437638,218516.3,39704,28,6,1105263,74,5556224,9.710707,2.15,2.4
northrop-mall,equirect,jpeg-replacement-q80,global,fast,quick-turn,50,20,0.03,0.5,0.5,0.09833167,3.933267,0.02439024,0.9512195,0.9512195,1.422351,1.322808,1127463,790488,0,74,0,1105263,74,17459200,0,0.15,0.15
northrop-mall,equirect,jpeg-replacement-q80,global,moderate-mobile,quick-turn,10,50,0.06,1,1,0.3466926,6.242436,0.02439024,0.902439,0.902439,1.670712,1.322808,1127463,790488,0,74,0,1105263,74,17459200,0,0.15,0.15
northrop-mall,equirect,jpeg-replacement-q80,global,constrained-mobile,quick-turn,2,100,0.12,2.5,3.5,1.621875,10.07775,0.02439024,0.7560976,0.6585366,2.945894,1.322808,1127463,790488,0,74,0,1105263,74,17459200,2.464805,0.15,0.9
northrop-mall,equirect,jpeg-replacement-q80,global,very-constrained,quick-turn,0.75,150,0.2,6,8.25,3.916549,10.07775,0.02439024,0.4146341,0.195122,5.240569,1.322808,903400.5,571072.2,0,68,0,1105263,74,14313472,5.253091,3.4,5.65
northrop-mall,equirect,jpeg-replacement-q80-whole,global,fast,quick-turn,50,20,0.03,0.25,0.25,0,0,0.02439024,0.9756098,0.9756098,1.322398,1.321185,1097496,817076.4,0,5,0,1095996,5,17459200,0,0.15,0.15
northrop-mall,equirect,jpeg-replacement-q80-whole,global,moderate-mobile,quick-turn,10,50,0.06,1,1,0.5011566,8.717787,0.02439024,0.902439,0.902439,1.823555,1.321185,1097496,817076.4,0,5,0,1095996,5,17459200,0,0.15,0.15
northrop-mall,equirect,jpeg-replacement-q80-whole,global,constrained-mobile,quick-turn,2,100,0.12,4.75,4.75,2.614299,10.07946,0.02439024,0.5365854,0.5365854,3.936698,1.321185,1097496,817076.4,0,5,0,1095996,5,17459200,4.194541,2.15,2.15
northrop-mall,equirect,jpeg-replacement-q80-whole,global,very-constrained,quick-turn,0.75,150,0.2,,,6.078275,10.07946,0.02439024,0,0,7.400674,1.321185,909766,677233.6,0,5,0,1095996,5,4352000,6.657527,,
northrop-mall,equirect,jpeg-replacement-q80-whole,view-direct,fast,quick-turn,50,20,0.03,0.25,0.25,0,0,0.02439024,0.9756098,0.9756098,1.322398,1.321185,816167,607925.9,0,2,0,1095996,5,13158400,0,0.15,0.15
northrop-mall,equirect,jpeg-replacement-q80-whole,view-direct,moderate-mobile,quick-turn,10,50,0.06,1,1,0.7559593,10.07946,0.02439024,0.902439,0.902439,2.078358,1.321185,816167,607925.9,0,2,0,1095996,5,13158400,0,0.15,0.15
northrop-mall,equirect,jpeg-replacement-q80-whole,view-direct,constrained-mobile,quick-turn,2,100,0.12,3.5,3.5,3.261312,10.70868,0.02439024,0.6585366,0.6585366,4.58371,1.321185,816167,607925.9,0,2,0,1095996,5,13158400,9.712315,0.9,0.9
northrop-mall,equirect,jpeg-replacement-q80-whole,view-direct,very-constrained,quick-turn,0.75,150,0.2,9.25,9.25,8.845893,10.70868,0.02439024,0.09756098,0.09756098,10.16829,1.321185,816167,607925.9,0,2,0,1095996,5,13158400,9.712315,6.65,6.65
bookstore,equirect,haar-residual-d12,view,fast,quick-turn,50,20,0.03,0.25,0.25,0.03715903,1.486361,0.02439024,0.9756098,0.9512195,2.198275,2.160959,309579,172161.6,0,43,0,354246,74,10610688,0,0.15,0.15
bookstore,equirect,haar-residual-d12,view,moderate-mobile,quick-turn,10,50,0.07,0.5,0.5,0.2988573,4.868807,0.02439024,0.902439,0.902439,2.459973,2.160959,309579,172161.6,0,43,0,354246,74,10610688,0,0.15,0.15
bookstore,equirect,haar-residual-d12,view,constrained-mobile,quick-turn,2,100,0.17,1,1,1.270804,14.5968,0.02439024,0.8292683,0.8292683,3.43192,2.160959,309579,172161.6,0,43,0,354246,74,10610688,3.736432,0.4,0.4
bookstore,equirect,haar-residual-d12,view,very-constrained,quick-turn,0.75,150,0.34,2,3.5,3.107712,14.5968,0.04878049,0.7073171,0.6585366,5.268993,2.160959,299709.5,170842.4,5548.5,43,2,354246,74,10086400,11.53997,0.65,0.9
bookstore,equirect,haar-residual-d12,view-fill,fast,quick-turn,50,20,0.03,0.25,0.25,0,0,0.02439024,0.9756098,0.9756098,2.161116,2.160959,376446,239028.6,0,74,0,354246,74,17459200,0,0.15,0.15
bookstore,equirect,haar-residual-d12,view-fill,moderate-mobile,quick-turn,10,50,0.07,0.5,0.5,0.1217202,4.868807,0.02439024,0.9512195,0.9512195,2.282836,2.160959,376446,239028.6,0,74,0,354246,74,17459200,0,0.15,0.15
bookstore,equirect,haar-residual-d12,view-fill,constrained-mobile,quick-turn,2,100,0.17,1,1,0.7884771,14.5968,0.02439024,0.902439,0.902439,2.949593,2.160959,376446,239028.6,0,74,0,354246,74,17459200,0,0.15,0.15
bookstore,equirect,haar-residual-d12,view-fill,very-constrained,quick-turn,0.75,150,0.34,2,3.5,3.107712,14.5968,0.04878049,0.7073171,0.6585366,5.268993,2.160959,381994.5,240792.8,5548.5,76,2,354246,74,17459200,11.53997,0.65,0.9
bookstore,equirect,haar-residual-d12,global,fast,quick-turn,50,20,0.03,0.5,0.5,0.1216206,4.864823,0.02439024,0.9512195,0.9512195,2.282737,2.160959,376446,239028.6,0,74,0,354246,74,17459200,0,0.15,0.15
bookstore,equirect,haar-residual-d12,global,moderate-mobile,quick-turn,10,50,0.07,0.75,1,0.3763345,9.051542,0.02439024,0.9268293,0.902439,2.537451,2.160959,376446,239028.6,0,74,0,354246,74,17459200,0,0.15,0.15
bookstore,equirect,haar-residual-d12,global,constrained-mobile,quick-turn,2,100,0.17,1.75,2.25,1.386544,14.5968,0.02439024,0.8292683,0.7804878,3.54766,2.160959,376446,239028.6,0,74,0,354246,74,17459200,0,0.15,0.15
bookstore,equirect,haar-residual-d12,global,very-constrained,quick-turn,0.75,150,0.34,4.25,4.25,3.232046,14.5968,0.04878049,0.5853659,0.5853659,5.393327,2.160959,376446,239028.6,0,74,0,354246,74,17459200,4.84798,1.65,1.65
bookstore,equirect,haar-residual-d12-p0.5,view,fast,quick-turn,50,20,0.03,0.25,0.25,0.02231782,0.8927129,0.02439024,0.9756098,0.9756098,4.503607,4.484455,256009,136570.4,0,43,0,295962,74,10610688,0,0.15,0.15
bookstore,equirect,haar-residual-d12-p0.5,view,moderate-mobile,quick-turn,10,50,0.06,0.25,0.5,0.1914196,2.881376,0.02439024,0.9756098,0.902439,4.672709,4.484455,256009,136570.4,0,43,0,295962,74,10610688,0,0.15,0.15
bookstore,equirect,haar-residual-d12-p0.5,view,constrained-mobile,quick-turn,2,100,0.14,0.75,0.75,0.6645604,12.18956,0.02439024,0.902439,0.8780488,5.14585,4.484455,256009,136570.4,0,43,0,295962,74,10610688,0.5544816,0.15,0.15
bookstore,equirect,haar-residual-d12-p0.5,view,very-constrained,quick-turn,0.75,150,0.25,1.5,1.75,1.96671,12.18956,0.02439024,0.7804878,0.7317073,6.447999,4.484455,246702,135430.1,6111,43,2,295962,74,10086400,6.829852,0.65,0.65
bookstore,equirect,jpeg-residual-q80,view,fast,quick-turn,50,20,0.03,0.25,0.25,0.04853741,1.941496,0.02439024,0.9756098,0.9512195,2.516952,2.468032,288652,154199.9,0,43,0,388580,74,10610688,0,0.15,0.15
bookstore,equirect,jpeg-residual-q80,view,moderate-mobile,quick-turn,10,50,0.06,0.5,0.5,0.3334203,5.475782,0.02439024,0.902439,0.902439,2.801834,2.468032,288652,154199.9,0,43,0,388580,74,10610688,0,0.15,0.15
bookstore,equirect,jpeg-residual-q80,view,constrained-mobile,quick-turn,2,100,0.12,0.75,1,0.8691484,12.2648,0.02439024,0.8780488,0.8292683,3.337563,2.468032,288652,154199.9,0,43,0,388580,74,10610688,1.788344,0.15,0.4
bookstore,equirect,jpeg-residual-q80,view,very-constrained,quick-turn,0.75,150,0.19,1.5,2,2.289524,14.67117,0.02439024,0.7317073,0.6829268,4.757938,2.468032,272921.1,150025.6,8203.125,43,3,388580,74,9824256,9.327686,0.9,0.9
bookstore,equirect,jpeg-residual-q80,view-fill,fast,quick-turn,50,20,0.03,0.25,0.25,0,0,0.02439024,0.9756098,0.9756098,2.468414,2.468032,410780,276327.9,0,74,0,388580,74,17459200,0,0.15,0.15
bookstore,equirect,jpeg-residual-q80,view-fill,moderate-mobile,quick-turn,10,50,0.06,0.5,0.5,0.1368945,5.475782,0.02439024,0.9512195,0.9512195,2.605309,2.468032,410780,276327.9,0,74,0,388580,74,17459200,0,0.15,0.15
bookstore,equirect,jpeg-residual-q80,view-fill,constrained-mobile,quick-turn,2,100,0.12,0.75,1,0.4866004,12.2648,0.02439024,0.9268293,0.902439,2.955014,2.468032,410780,276327.9,0,74,0,388580,74,17459200,0,0.15,0.15
bookstore,equirect,jpeg-residual-q80,view-fill,very-constrained,quick-turn,0.75,150,0.19,1.5,2,2.176318,14.67117,0.02439024,0.7560976,0.6829268,4.644732,2.468032,425545.6,285515.4,14765.63,80,6,388580,74,17459200,8.59,0.65,0.9
bookstore,equirect,jpeg-residual-q80,global,fast,quick-turn,50,20,0.03,0.5,0.5,0.136252,5.450079,0.02439024,0.9512195,0.9512195,2.604666,2.468032,410780,276327.9,0,74,0,388580,74,17459200,0,0.15,0.15
bookstore,equirect,jpeg-residual-q80,global,moderate-mobile,quick-turn,10,50,0.06,0.75,1,0.4072605,9.443815,0.02439024,0.9268293,0.902439,2.875675,2.468032,410780,276327.9,0,74,0,388580,74,17459200,0,0.15,0.15
bookstore,equirect,jpeg-residual-q80,global,constrained-mobile,quick-turn,2,100,0.12,1.75,2,1.215428,14.67117,0.02439024,0.8292683,0.804878,3.683843,2.468032,410780,276327.9,0,74,0,388580,74,17459200,0,0.15,0.15
bookstore,equirect,jpeg-residual-q80,global,very-constrained,quick-turn,0.75,150,0.19,4,4,2.786452,14.67117,0.02439024,0.6097561,0.6097561,5.254866,2.468032,410780,276327.9,0,74,0,388580,74,17459200,5.327437,1.4,1.4
bookstore,equirect,jpeg-replacement-q80,view,fast,quick-turn,50,20,0.03,0.25,0.25,0,0,0.02439024,0.9756098,0.9756098,2.414439,2.414342,348063,184212.6,0,43,0,460443,74,10610688,0,0.15,0.15
bookstore,equirect,jpeg-replacement-q80,view,moderate-mobile,quick-turn,10,50,0.06,0.5,0.5,0.3359309,5.494601,0.02439024,0.902439,0.902439,2.75037,2.414342,348063,184212.6,0,43,0,460443,74,10610688,0,0.15,0.15
bookstore,equirect,jpeg-replacement-q80,view,constrained-mobile,quick-turn,2,100,0.12,0.75,1,0.8819091,14.71347,0.02439024,0.8780488,0.8292683,3.296348,2.414342,342408.1,183770.8,9852.111,43,1,460443,74,10348544,1.811922,0.15,0.4
bookstore,equirect,jpeg-replacement-q80,view,very-constrained,quick-turn,0.75,150,0.19,1.75,3.75,2.705762,14.71347,0.02439024,0.7073171,0.6341463,5.1202,2.414342,325907.3,178168.2,7031.25,43,3,460443,74,9824256,9.383055,0.9,1.15
bookstore,equirect,jpeg-replacement-q80,view-fill,fast,quick-turn,50,20,0.03,0.25,0.25,0,0,0.02439024,0.9756098,0.9756098,2.414439,2.414342,482643,318792.6,0,74,0,460443,74,17459200,0,0.15,0.15
bookstore,equirect,jpeg-replacement-q80,view-fill,moderate-mobile,quick-turn,10,50,0.06,0.5,0.5,0.137365,5.494601,0.02439024,0.9512195,0.9512195,2.551804,2.414342,482643,318792.6,0,74,0,460443,74,17459200,0,0.15,0.15
bookstore,equirect,jpeg-replacement-q80,view-fill,constrained-mobile,quick-turn,2,100,0.12,0.75,1,0.5930433,14.71347,0.02439024,0.9268293,0.8780488,3.007482,2.414342,482643,318792.6,0,74,0,460443,74,17459200,0,0.15,0.15
bookstore,equirect,jpeg-replacement-q80,view-fill,very-constrained,quick-turn,0.75,150,0.19,1.75,3.75,2.705762,14.71347,0.02439024,0.7073171,0.6341463,5.1202,2.414342,489674.3,321590.4,7031.25,77,3,460443,74,17459200,9.383055,0.9,1.15
bookstore,equirect,jpeg-replacement-q80,view-direct,fast,quick-turn,50,20,0.03,0.25,0.25,0,0,0.02439024,0.9756098,0.9756098,2.414439,2.414342,222593,106427.3,0,28,0,460443,74,7129088,0,0.15,0.15
bookstore,equirect,jpeg-replacement-q80,view-direct,moderate-mobile,quick-turn,10,50,0.06,0.25,0.25,0.5171654,12.90653,0.02439024,0.9268293,0.9268293,2.931604,2.414342,222593,106427.3,0,28,0,460443,74,7129088,0,0.15,0.15
bookstore,equirect,jpeg-replacement-q80,view-direct,constrained-mobile,quick-turn,2,100,0.12,0.75,0.75,1.199082,14.71347,0.02439024,0.8780488,0.8780488,3.613521,2.414342,216166,105925.2,9080,28,1,460443,74,6866944,0.08884726,0.15,0.15
bookstore,equirect,jpeg-replacement-q80,view-direct,very-constrained,quick-turn,0.75,150,0.19,1.5,1.5,2.900807,15.15806,0.02439024,0.7317073,0.7317073,5.315245,2.414342,200437.3,100382.9,7031.25,28,3,460443,74,6342656,14.62832,0.9,0.9
bookstore,equirect,jpeg-replacement-q80,global,fast,quick-turn,50,20,0.03,0.5,0.5,0.1332014,5.328056,0.02439024,0.9512195,0.9512195,2.54764,2.414342,482643,318792.6,0,74,0,460443,74,17459200,0,0.15,0.15
bookstore,equirect,jpeg-replacement-q80,global,moderate-mobile,quick-turn,10,50,0.06,0.75,1,0.4053944,9.320263,0.02439024,0.9268293,0.902439,2.819833,2.414342,482643,318792.6,0,74,0,460443,74,17459200,0,0.15,0.15
bookstore,equirect,jpeg-replacement-q80,global,constrained-mobile,quick-turn,2,100,0.12,1.75,2.25,1.315843,14.71347,0.02439024,0.8292683,0.7804878,3.730282,2.414342,482643,318792.6,0,74,0,460443,74,17459200,0,0.15,0.15
bookstore,equirect,jpeg-replacement-q80,global,very-constrained,quick-turn,0.75,150,0.19,4.5,4.5,3.230208,14.71347,0.02439024,0.5609756,0.5609756,5.644647,2.414342,482643,318792.6,0,74,0,460443,74,17459200,5.460565,1.9,1.9
bookstore,equirect,jpeg-replacement-q80-whole,global,fast,quick-turn,50,20,0.03,0.25,0.25,0,0,0.02439024,0.9756098,0.9756098,2.41058,2.410445,444597,330916.5,0,5,0,443097,5,17459200,0,0.15,0.15
bookstore,equirect,jpeg-replacement-q80-whole,global,moderate-mobile,quick-turn,10,50,0.06,0.5,0.5,0.2371705,9.48682,0.02439024,0.9512195,0.9512195,2.64775,2.410445,444597,330916.5,0,5,0,443097,5,17459200,0,0.15,0.15
bookstore,equirect,jpeg-replacement-q80-whole,global,constrained-mobile,quick-turn,2,100,0.12,2,2,1.56448,14.71887,0.02439024,0.804878,0.804878,3.975059,2.410445,444597,330916.5,0,5,0,443097,5,17459200,0,0.15,0.15
bookstore,equirect,jpeg-replacement-q80-whole,global,very-constrained,quick-turn,0.75,150,0.19,5.25,5.25,4.394229,14.71887,0.02439024,0.4878049,0.4878049,6.804809,2.410445,444597,330916.5,0,5,0,443097,5,17459200,9.386595,2.65,2.65
bookstore,equirect,jpeg-replacement-q80-whole,view-direct,fast,quick-turn,50,20,0.03,0.25,0.25,0,0,0.02439024,0.9756098,0.9756098,2.41058,2.410445,304267,226613.6,0,2,0,443097,5,13158400,0,0.15,0.15
bookstore,equirect,jpeg-replacement-q80-whole,view-direct,moderate-mobile,quick-turn,10,50,0.06,0.5,0.5,0.3679718,14.71887,0.02439024,0.9512195,0.9512195,2.778551,2.410445,304267,226613.6,0,2,0,443097,5,13158400,0,0.15,0.15
bookstore,equirect,jpeg-replacement-q80-whole,view-direct,constrained-mobile,quick-turn,2,100,0.12,1.5,1.5,1.839859,14.71887,0.02439024,0.8536585,0.8536585,4.250439,2.410445,304267,226613.6,0,2,0,443097,5,13158400,0,0.15,0.15
bookstore,equirect,jpeg-replacement-q80-whole,view-direct,very-constrained,quick-turn,0.75,150,0.19,3.75,3.75,5.173448,15.47275,0.02439024,0.6341463,0.6341463,7.584028,2.410445,304267,226613.6,0,2,0,443097,5,13158400,14.63855,1.15,1.15
superblock,equirect,haar-residual-d12,view,fast,quick-turn,50,20,0.03,0.25,0.25,0.04131609,1.652643,0.02439024,0.9756098,0.9512195,1.315147,1.282257,1064613,668339.5,0,43,0,1626810,74,10610688,0,0.15,0.15
superblock,equirect,haar-residual-d12,view,moderate-mobile,quick-turn,10,50,0.08,0.5,0.75,0.4824025,9.917028,0.02439024,0.902439,0.8780488,1.756233,1.282257,1064613,668339.5,0,43,0,1626810,74,10610688,0,0.15,0.15
superblock,equirect,haar-residual-d12,view,constrained-mobile,quick-turn,2,100,0.21,1.75,4.25,2.719123,11.75826,0.02439024,0.6829268,0.5853659,3.992954,1.282257,1010645,634634.3,40832.11,42,4,1626810,74,9299968,8.545825,1.15,1.65
superblock,equirect,haar-residual-d12,view,very-constrained,quick-turn,0.75,150,0.44,6.75,7.5,6.073107,11.75826,0.04878049,0.3414634,0.2682927,7.338079,1.282257,732240,494104.9,116676,31,9,1626810,74,4843520,10.59475,4.15,4.9
superblock,equirect,haar-residual-d12,view-fill,fast,quick-turn,50,20,0.03,0.25,0.25,0,0,0.02439024,0.9756098,0.9756098,1.273831,1.282257,1649010,1252737,0,74,0,1626810,74,17459200,0,0.15,0.15
superblock,equirect,haar-residual-d12,view-fill,moderate-mobile,quick-turn,10,50,0.08,0.5,0.75,0.274712,9.917028,0.02439024,0.9512195,0.9268293,1.548543,1.282257,1649010,1252737,0,74,0,1626810,74,17459200,0,0.15,0.15
superblock,equirect,haar-residual-d12,view-fill,constrained-mobile,quick-turn,2,100,0.21,1.75,4.25,2.719123,11.75826,0.02439024,0.6829268,0.5853659,3.992954,1.282257,1689842,1276159,40832.11,78,4,1626810,74,17459200,8.545825,1.15,1.65
superblock,equirect,haar-residual-d12,view-fill,very-constrained,quick-turn,0.75,150,0.44,6.75,7.5,6.073107,11.75826,0.04878049,0.3414634,0.2682927,7.338079,1.282257,893490,621164.4,116676,40,9,1626810,74,5007360,10.59475,4.15,4.9
superblock,equirect,haar-residual-d12,global,fast,quick-turn,50,20,0.03,0.5,0.5,0.1090726,4.362905,0.02439024,0.9512195,0.9512195,1.382903,1.282257,1649010,1252737,0,74,0,1626810,74,17459200,0,0.15,0.15
superblock,equirect,haar-residual-d12,global,moderate-mobile,quick-turn,10,50,0.08,1.25,1.5,0.6961307,9.917028,0.02439024,0.8780488,0.8536585,1.969961,1.282257,1649010,1252737,0,74,0,1626810,74,17459200,0,0.15,0.15
superblock,equirect,haar-residual-d12,global,constrained-mobile,quick-turn,2,100,0.21,5,5.5,3.513609,11.75826,0.02439024,0.5121951,0.4634146,4.78744,1.282257,1649010,1252737,0,74,0,1626810,74,17459200,5.824459,2.4,2.9
superblock,equirect,haar-residual-d12,global,very-constrained,quick-turn,0.75,150,0.44,,,7.594112,11.75826,0.04878049,0,0,8.859084,1.282257,909383,730818.2,0,39,0,1626810,74,6711296,9.338002,,
superblock,equirect,haar-residual-d12-p0.5,view,fast,quick-turn,50,20,0.03,0.25,0.25,0.03276004,1.310402,0.02439024,0.9756098,0.9512195,2.497297,2.484804,930432,575168.8,0,43,0,1461692,74,10610688,0,0.15,0.15
superblock,equirect,haar-residual-d12-p0.5,view,moderate-mobile,quick-turn,10,50,0.07,0.5,0.5,0.3290625,6.285857,0.02439024,0.9268293,0.902439,2.7936,2.484804,930432,575168.8,0,43,0,1461692,74,10610688,0,0.15,0.15
superblock,equirect,haar-residual-d12-p0.5,view,constrained-mobile,quick-turn,2,100,0.17,1.5,2,1.782302,10.12508,0.02439024,0.7560976,0.6585366,4.24684,2.484804,896787,560390.8,29750,43,3,1461692,74,9824256,7.565842,0.9,1.15
superblock,equirect,haar-residual-d12-p0.5,view,very-constrained,quick-turn,0.75,150,0.33,6.25,6.5,4.636852,10.12508,0.04878049,0.3902439,0.3658537,7.080083,2.484804,663921,438004.9,78762,35,11,1461692,74,5629952,8.307976,3.65,3.9
superblock,equirect,jpeg-residual-q80,view,fast,quick-turn,50,20,0.03,0.25,0.25,0.04214625,1.68585,0.02439024,0.9756098,0.9512195,2.453712,2.412592,686343,408372.1,0,43,0,1137877,74,10610688,0,0.15,0.15
superblock,equirect,jpeg-residual-q80,view,moderate-mobile,quick-turn,10,50,0.06,0.5,0.5,0.3061462,4.662846,0.02439024,0.902439,0.902439,2.717712,2.412592,686343,408372.1,0,43,0,1137877,74,10610688,0,0.15,0.15
superblock,equirect,jpeg-residual-q80,view,constrained-mobile,quick-turn,2,100,0.12,1,1.5,1.370726,11.64154,0.02439024,0.7804878,0.7317073,3.782291,2.412592,662613,398118.9,31513,43,3,1137877,74,9824256,6.402816,0.9,0.9
superblock,equirect,jpeg-residual-q80,view,very-constrained,quick-turn,0.75,150,0.21,5,5.25,3.356299,11.64154,0.02439024,0.5121951,0.4878049,5.767865,2.412592,519776.2,316547.3,35620.16,37,7,1137877,74,7202816,7.961228,2.4,2.65
superblock,equirect,jpeg-residual-q80,view-fill,fast,quick-turn,50,20,0.03,0.25,0.25,0,0,0.02439024,0.9756098,0.9756098,2.411565,2.412592,1160077,882106.1,0,74,0,1137877,74,17459200,0,0.15,0.15
superblock,equirect,jpeg-residual-q80,view-fill,moderate-mobile,quick-turn,10,50,0.06,0.5,0.5,0.1165712,4.662846,0.02439024,0.9512195,0.9512195,2.528136,2.412592,1160077,882106.1,0,74,0,1137877,74,17459200,0,0.15,0.15
superblock,equirect,jpeg-residual-q80,view-fill,constrained-mobile,quick-turn,2,100,0.12,1,1.5,1.174361,11.64154,0.02439024,0.804878,0.7317073,3.585926,2.412592,1228717,927410.9,68639.81,82,8,1137877,74,17459200,4.47563,0.65,0.9
superblock,equirect,jpeg-residual-q80,view-fill,very-constrained,quick-turn,0.75,150,0.21,5,5.25,3.356299,11.64154,0.02439024,0.5121951,0.4878049,5.767865,2.412592,884821.2,647741.3,35620.16,65,7,1137877,74,11692032,7.961228,2.4,2.65
superblock,equirect,jpeg-residual-q80,global,fast,quick-turn,50,20,0.03,0.5,0.5,0.1163161,4.652645,0.02439024,0.9512195,0.9512195,2.527881,2.412592,1160077,882106.1,0,74,0,1137877,74,17459200,0,0.15,0.15
superblock,equirect,jpeg-residual-q80,global,moderate-mobile,quick-turn,10,50,0.06,1,1.25,0.4663878,7.715086,0.02439024,0.902439,0.8780488,2.877953,2.412592,1160077,882106.1,0,74,0,1137877,74,17459200,0,0.15,0.15
superblock,equirect,jpeg-residual-q80,global,constrained-mobile,quick-turn,2,100,0.12,3,3.75,1.938975,11.64154,0.02439024,0.7073171,0.6341463,4.350541,2.412592,1160077,882106.1,0,74,0,1137877,74,17459200,3.783906,0.4,1.15
superblock,equirect,jpeg-residual-q80,global,very-constrained,quick-turn,0.75,150,0.21,7.75,9.75,4.978255,11.64154,0.02439024,0.2439024,0.04878049,7.38982,2.412592,909384.5,660589.3,0,64,0,1137877,74,13264896,5.548649,5.15,7.15
superblock,equirect,jpeg-replacement-q80,view,fast,quick-turn,50,20,0.03,0.25,0.25,0,0,0.02439024,0.9756098,0.9756098,2.432534,2.432765,827697,491089.5,0,43,0,1383323,74,10610688,0,0.15,0.15
superblock,equirect,jpeg-replacement-q80,view,moderate-mobile,quick-turn,10,50,0.06,0.5,0.5,0.2828054,4.772649,0.02439024,0.902439,0.902439,2.715339,2.432765,827697,491089.5,0,43,0,1383323,74,10610688,0,0.15,0.15
superblock,equirect,jpeg-replacement-q80,view,constrained-mobile,quick-turn,2,100,0.12,1.25,1.75,1.652807,11.65319,0.02439024,0.7317073,0.6829268,4.085341,2.432765,785633.4,473572.7,25045.4,43,3,1383323,74,9824256,6.379496,1.15,1.15
superblock,equirect,jpeg-replacement-q80,view,very-constrained,quick-turn,0.75,150,0.21,5.5,5.75,3.865457,11.65319,0.02439024,0.4634146,0.4390244,6.297991,2.432765,590470.5,365161.7,62858.5,34,8,1383323,74,6154240,7.926407,2.9,3.15
superblock,equirect,jpeg-replacement-q80,view-fill,fast,quick-turn,50,20,0.03,0.25,0.25,0,0,0.02439024,0.9756098,0.9756098,2.432534,2.432765,1405523,1068916,0,74,0,1383323,74,17459200,0,0.15,0.15
superblock,equirect,jpeg-replacement-q80,view-fill,moderate-mobile,quick-turn,10,50,0.06,0.5,0.5,0.1193162,4.772649,0.02439024,0.9512195,0.9512195,2.55185,2.432765,1405523,1068916,0,74,0,1383323,74,17459200,0,0.15,0.15
superblock,equirect,jpeg-replacement-q80,view-fill,constrained-mobile,quick-turn,2,100,0.12,1.25,1.75,1.498323,11.65319,0.02439024,0.7560976,0.6829268,3.930857,2.432765,1459636,1097821,54112.93,81,7,1383323,74,17459200,6.603604,0.9,1.15
superblock,equirect,jpeg-replacement-q80,view-fill,very-constrained,quick-turn,0.75,150,0.21,5.5,5.75,3.865457,11.65319,0.02439024,0.4634146,0.4390244,6.297991,2.432765,894220.5,662957.6,62858.5,56,8,1383323,74,9070592,7.926407,2.9,3.15
superblock,equirect,jpeg-replacement-q80,view-direct,fast,quick-turn,50,20,0.03,0.25,0.25,0,0,0.02439024,0.9756098,0.9756098,2.432534,2.432765,533045,286590.8,0,28,0,1383323,74,7129088,0,0.15,0.15
superblock,equirect,jpeg-replacement-q80,view-direct,moderate-mobile,quick-turn,10,50,0.06,0.25,0.5,0.4062796,8.720719,0.02439024,0.9268293,0.902439,2.838814,2.432765,533045,286590.8,0,28,0,1383323,74,7129088,0,0.15,0.15
superblock,equirect,jpeg-replacement-q80,view-direct,constrained-mobile,quick-turn,2,100,0.12,0.75,1,1.675861,11.65319,0.02439024,0.804878,0.7804878,4.108395,2.432765,490936,269055.9,25000,28,3,1383323,74,6342656,9.808766,0.9,0.9
superblock,equirect,jpeg-replacement-q80,view-direct,very-constrained,quick-turn,0.75,150,0.21,1.5,5.5,4.252064,11.65319,0.02439024,0.5365854,0.4634146,6.684598,2.432765,470139.8,258767.6,22571.79,28,4,1383323,74,6080512,9.808766,2.9,2.9
superblock,equirect,jpeg-replacement-q80,global,fast,quick-turn,50,20,0.03,0.5,0.5,0.1161241,4.644963,0.02439024,0.9512195,0.9512195,2.548658,2.432765,1405523,1068916,0,74,0,1383323,74,17459200,0,0.15,0.15
superblock,equirect,jpeg-replacement-q80,global,moderate-mobile,quick-turn,10,50,0.06,1,1.25,0.4705282,7.740569,0.02439024,0.902439,0.8780488,2.903062,2.432765,1405523,1068916,0,74,0,1383323,74,17459200,0,0.15,0.15
superblock,equirect,jpeg-replacement-q80,global,constrained-mobile,quick-turn,2,100,0.12,3.75,4.5,2.315013,11.65319,0.02439024,0.6341463,0.5609756,4.747547,2.432765,1405523,1068916,0,74,0,1383323,74,17459200,4.497262,1.15,1.9
superblock,equirect,jpeg-replacement-q80,global,very-constrained,quick-turn,0.75,150,0.21,9.25,,5.582439,11.65319,0.02439024,0.09756098,0,8.014973,2.432765,909384.5,696254.6,0,54,0,1383323,74,10643456,7.069853,6.65,
superblock,equirect,jpeg-replacement-q80-whole,global,fast,quick-turn,50,20,0.03,0.5,0.5,0.1167496,4.669985,0.02439024,0.9512195,0.9512195,2.546632,2.430097,1364787,1016073,0,5,0,1363287,5,17459200,0,0.15,0.15
superblock,equirect,jpeg-replacement-q80-whole,global,moderate-mobile,quick-turn,10,50,0.06,1.25,1.25,0.6742071,9.88611,0.02439024,0.8780488,0.8780488,3.10409,2.430097,1364787,1016073,0,5,0,1363287,5,17459200,0,0.15,0.15
superblock,equirect,jpeg-replacement-q80-whole,global,constrained-mobile,quick-turn,2,100,0.12,5.75,5.75,3.516126,11.65652,0.02439024,0.4390244,0.4390244,5.946008,2.430097,1364787,1016073,0,5,0,1363287,5,17459200,4.499695,3.15,3.15
superblock,equirect,jpeg-replacement-q80-whole,global,very-constrained,quick-turn,0.75,150,0.21,,,7.130494,11.65652,0.02439024,0,0,9.560376,2.430097,909384.5,676837.4,0,5,0,1363287,5,4352000,7.072411,,
superblock,equirect,jpeg-replacement-q80-whole,view-direct,fast,quick-turn,50,20,0.03,0.25,0.25,0,0,0.02439024,0.9756098,0.9756098,2.429883,2.430097,1006972,750052.7,0,2,0,1363287,5,13158400,0,0.15,0.15
superblock,equirect,jpeg-replacement-q80-whole,view-direct,moderate-mobile,quick-turn,10,50,0.06,1,1,0.8742392,11.65652,0.02439024,0.902439,0.902439,3.304122,2.430097,1006972,750052.7,0,2,0,1363287,5,13158400,0,0.15,0.15
superblock,equirect,jpeg-replacement-q80-whole,view-direct,constrained-mobile,quick-turn,2,100,0.12,4.25,4.25,4.311169,11.65652,0.02439024,0.5853659,0.5853659,6.741052,2.430097,1006972,750052.7,0,2,0,1363287,5,13158400,9.811325,1.65,1.65
superblock,equirect,jpeg-replacement-q80-whole,view-direct,very-constrained,quick-turn,0.75,150,0.21,,,10.19796,11.65652,0.02439024,0,0,12.62785,2.430097,909384.5,677358.4,0,2,0,1363287,5,51200,9.811325,,
northrop-mall,equirect,haar-residual-d12,view,fast,explore,50,20,0.03,0.25,0.25,0,0,0.01538462,0.9846154,0.9846154,0.6569605,0.6559914,1228336,290398.7,0,74,0,1206136,74,17459200,,,
northrop-mall,equirect,haar-residual-d12,view,moderate-mobile,explore,10,50,0.07,0.5,0.5,0.1145234,7.295115,0.01538462,0.9692308,0.9692308,0.7714839,0.6559914,1228336,290398.7,0,75,1,1206136,74,17459200,,,
northrop-mall,equirect,haar-residual-d12,view,constrained-mobile,explore,2,100,0.19,1.25,1.5,0.7288858,11.16045,0.01538462,0.9230769,0.8615385,1.385846,0.6559914,1228336,290398.7,0,74,0,1206136,74,17459200,,,
northrop-mall,equirect,haar-residual-d12,view,very-constrained,explore,0.75,150,0.39,3.5,10,3.707911,11.25134,0.03076923,0.5384615,0.2307692,4.36581,0.6559914,1205208,232441.1,72946.06,72,4,1206136,74,15886336,,,
northrop-mall,equirect,haar-residual-d12,view-fill,fast,explore,50,20,0.03,0.25,0.25,0,0,0.01538462,0.9846154,0.9846154,0.6569605,0.6559914,1228336,290398.7,0,74,0,1206136,74,17459200,,,
northrop-mall,equirect,haar-residual-d12,view-fill,moderate-mobile,explore,10,50,0.07,0.5,0.5,0.1139862,7.295115,0.01538462,0.9692308,0.9692308,0.7709467,0.6559914,1249598,299469.4,21262,79,5,1206136,74,17459200,,,
northrop-mall,equirect,haar-residual-d12,view-fill,constrained-mobile,explore,2,100,0.19,1.25,1.5,0.6588264,11.16045,0.01538462,0.9230769,0.9076923,1.315787,0.6559914,1315581,302646,87245.23,80,6,1206136,74,17459200,,,
northrop-mall,equirect,haar-residual-d12,view-fill,very-constrained,explore,0.75,150,0.39,3.5,10,3.339393,11.25134,0.03076923,0.5384615,0.3846154,3.997293,0.6559914,1301282,297604.9,72946.06,78,4,1206136,74,17459200,,,
northrop-mall,equirect,haar-residual-d12,global,fast,explore,50,20,0.03,0.5,0.5,0.06990405,4.47386,0.01538462,0.9692308,0.9692308,0.7268646,0.6559914,1228336,290398.7,0,74,0,1206136,74,17459200,,,
northrop-mall,equirect,haar-residual-d12,global,moderate-mobile,explore,10,50,0.07,0.75,1,0.2614795,9.365226,0.01538462,0.9538462,0.9384615,0.91844,0.6559914,1228336,290398.7,0,74,0,1206136,74,17459200,,,
northrop-mall,equirect,haar-residual-d12,global,constrained-mobile,explore,2,100,0.19,3.5,3.5,1.346002,11.16045,0.01538462,0.7846154,0.7846154,2.002962,0.6559914,1228336,290398.7,0,74,0,1206136,74,17459200,,,
northrop-mall,equirect,haar-residual-d12,global,very-constrained,explore,0.75,150,0.39,8.5,9.5,3.515403,11.25134,0.03076923,0.4769231,0.4153846,4.173302,0.6559914,1228336,290398.7,0,74,0,1206136,74,17459200,,,
northrop-mall,equirect,haar-residual-d12-p0.5,view,fast,explore,50,20,0.03,0.25,0.25,0,0,0.01538462,0.9846154,0.9846154,1.367127,1.364568,1122343,261310.3,0,74,0,1100143,74,17459200,,,
northrop-mall,equirect,haar-residual-d12-p0.5,view,moderate-mobile,explore,10,50,0.07,0.5,0.5,0.09189681,5.87987,0.01538462,0.9692308,0.9692308,1.459024,1.364568,1122343,261310.3,0,75,1,1100143,74,17459200,,,
northrop-mall,equirect,haar-residual-d12-p0.5,view,constrained-mobile,explore,2,100,0.16,1.25,1.25,0.4988459,10.14802,0.01538462,0.9230769,0.9076923,1.865973,1.364568,1122343,261310.3,0,74,0,1100143,74,17459200,,,
northrop-mall,equirect,haar-residual-d12-p0.5,view,very-constrained,explore,0.75,150,0.29,2.25,3.25,2.525632,10.59248,0.03076923,0.6461538,0.4307692,3.894654,1.364568,1075698,230565.2,0,71,0,1100143,74,16672768,,,
northrop-mall,equirect,jpeg-residual-q80,view,fast,explore,50,20,0.03,0.25,0.25,0,0,0.01538462,0.9846154,0.9846154,1.416045,1.41356,947015,218808.8,0,74,0,924815,74,17459200,,,
northrop-mall,equirect,jpeg-residual-q80,view,moderate-mobile,explore,10,50,0.06,0.5,0.5,0.0626888,4.010396,0.01538462,0.9692308,0.9692308,1.478734,1.41356,947015,218808.8,0,75,1,924815,74,17459200,,,
northrop-mall,equirect,jpeg-residual-q80,view,constrained-mobile,explore,2,100,0.12,1,1.25,0.4006331,10.37285,0.01538462,0.9384615,0.9230769,1.816678,1.41356,955166.5,218808.8,8151.5,76,2,924815,74,17459200,,,
northrop-mall,equirect,jpeg-residual-q80,view,very-constrained,explore,0.75,150,0.2,2.5,2.75,2.040547,10.79549,0.01538462,0.6769231,0.4769231,3.456592,1.41356,944954,216750.2,0,73,0,924815,74,17197056,,,
northrop-mall,equirect,jpeg-residual-q80,view-fill,fast,explore,50,20,0.03,0.25,0.25,0,0,0.01538462,0.9846154,0.9846154,1.416045,1.41356,947015,218808.8,0,74,0,924815,74,17459200,,,
northrop-mall,equirect,jpeg-residual-q80,view-fill,moderate-mobile,explore,10,50,0.06,0.5,0.5,0.06266243,4.010396,0.01538462,0.9692308,0.9692308,1.478707,1.41356,956948,223130.9,9933,78,4,924815,74,17459200,,,
northrop-mall,equirect,jpeg-residual-q80,view-fill,constrained-mobile,explore,2,100,0.12,1,1.25,0.37625,10.37285,0.01538462,0.9384615,0.9230769,1.792295,1.41356,963041.6,221182.2,16026.58,81,7,924815,74,17459200,,,
northrop-mall,equirect,jpeg-residual-q80,view-fill,very-constrained,explore,0.75,150,0.2,2.5,2.75,1.576211,10.79549,0.01538462,0.8,0.5846154,2.992256,1.41356,975463.5,234685.9,28448.5,80,6,924815,74,17459200,,,
northrop-mall,equirect,jpeg-residual-q80,global,fast,explore,50,20,0.03,0.5,0.5,0.06267458,4.011173,0.01538462,0.9692308,0.9692308,1.47872,1.41356,947015,218808.8,0,74,0,924815,74,17459200,,,
northrop-mall,equirect,jpeg-residual-q80,global,moderate-mobile,explore,10,50,0.06,0.75,0.75,0.1830597,7.178514,0.01538462,0.9538462,0.9538462,1.599105,1.41356,947015,218808.8,0,74,0,924815,74,17459200,,,
northrop-mall,equirect,jpeg-residual-q80,global,constrained-mobile,explore,2,100,0.12,2.5,2.5,0.7822029,10.37285,0.01538462,0.8461538,0.8461538,2.198248,1.41356,947015,218808.8,0,74,0,924815,74,17459200,,,
northrop-mall,equirect,jpeg-residual-q80,global,very-constrained,explore,0.75,150,0.2,7.25,8.5,2.58475,10.79549,0.01538462,0.5538462,0.4769231,4.000795,1.41356,947015,218808.8,0,74,0,924815,74,17459200,,,
northrop-mall,equirect,jpeg-replacement-q80,view,fast,explore,50,20,0.03,0.25,0.25,0,0,0.01538462,0.9846154,0.9846154,1.438901,1.436369,1127463,259500.7,0,74,0,1105263,74,17459200,,,
northrop-mall,equirect,jpeg-replacement-q80,view,moderate-mobile,explore,10,50,0.06,0.5,0.5,0.06937149,4.438074,0.01538462,0.9692308,0.9692308,1.508272,1.436369,1133713,260561.9,6250,75,1,1105263,74,17459200,,,
northrop-mall,equirect,jpeg-replacement-q80,view,constrained-mobile,explore,2,100,0.12,1.25,1.25,0.4497498,10.35101,0.01538462,0.9230769,0.9230769,1.888651,1.436369,1127463,259500.7,0,75,1,1105263,74,17459200,,,
northrop-mall,equirect,jpeg-replacement-q80,view,very-constrained,explore,0.75,150,0.2,2.5,3.25,2.54654,10.71185,0.01538462,0.6461538,0.3846154,3.985441,1.436369,1092656,233332.7,16133.12,72,1,1105263,74,16672768,,,
northrop-mall,equirect,jpeg-replacement-q80,view-fill,fast,explore,50,20,0.03,0.25,0.25,0,0,0.01538462,0.9846154,0.9846154,1.438901,1.436369,1127463,259500.7,0,74,0,1105263,74,17459200,,,
northrop-mall,equirect,jpeg-replacement-q80,view-fill,moderate-mobile,explore,10,50,0.06,0.5,0.5,0.06934491,4.438074,0.01538462,0.9692308,0.9692308,1.508246,1.436369,1147162,266482.7,19699,80,6,1105263,74,17459200,,,
northrop-mall,equirect,jpeg-replacement-q80,view-fill,constrained-mobile,explore,2,100,0.12,1.25,1.25,0.4142892,10.35101,0.01538462,0.9230769,0.9230769,1.85319,1.436369,1136583,265467.9,9120,77,3,1105263,74,17459200,,,
northrop-mall,equirect,jpeg-replacement-q80,view-fill,very-constrained,explore,0.75,150,0.2,2.5,3.25,2.197879,10.71185,0.01538462,0.6615385,0.5076923,3.63678,1.436369,1162997,280384,35533.6,84,10,1105263,74,17459200,,,
northrop-mall,equirect,jpeg-replacement-q80,view-direct,fast,explore,50,20,0.03,0.25,0.25,0,0,0.01538462,0.9846154,0.9846154,1.438901,1.436369,834611,181722.4,0,51,0,1105263,74,13158400,,,
northrop-mall,equirect,jpeg-replacement-q80,view-direct,moderate-mobile,explore,10,50,0.06,0.5,0.5,0.07060775,4.512351,0.01538462,0.9692308,0.9692308,1.509509,1.436369,834611,181722.4,0,51,0,1105263,74,13158400,,,
northrop-mall,equirect,jpeg-replacement-q80,view-direct,constrained-mobile,explore,2,100,0.12,1,1,0.499977,10.6146,0.01538462,0.9384615,0.9384615,1.938878,1.436369,857975.8,181722.4,23364.8,53,2,1105263,74,13158400,,,
northrop-mall,equirect,jpeg-replacement-q80,view-direct,very-constrained,explore,0.75,150,0.2,2,2.5,2.821521,10.89503,0.01538462,0.6,0.4923077,4.260422,1.436369,864611,185469.4,30000,55,4,1105263,74,13158400,,,
northrop-mall,equirect,jpeg-replacement-q80,global,fast,explore,50,20,0.03,0.5,0.5,0.05893128,3.771602,0.01538462,0.9692308,0.9692308,1.497832,1.436369,1127463,259500.7,0,74,0,1105263,74,17459200,,,
northrop-mall,equirect,jpeg-replacement-q80,global,moderate-mobile,explore,10,50,0.06,0.75,1,0.2109264,6.21146,0.01538462,0.9538462,0.9384615,1.649827,1.436369,1127463,259500.7,0,74,0,1105263,74,17459200,,,
northrop-mall,equirect,jpeg-replacement-q80,global,constrained-mobile,explore,2,100,0.12,2.75,2.75,0.9046252,10.35101,0.01538462,0.8307692,0.8307692,2.343526,1.436369,1127463,259500.7,0,74,0,1105263,74,17459200,,,
northrop-mall,equirect,jpeg-replacement-q80,global,very-constrained,explore,0.75,150,0.2,8.25,8.5,2.800138,10.75896,0.01538462,0.4923077,0.4769231,4.239038,1.436369,1127463,259500.7,0,74,0,1105263,74,17459200,,,
northrop-mall,equirect,jpeg-replacement-q80-whole,global,fast,explore,50,20,0.03,0.25,0.25,0,0,0.01538462,0.9846154,0.9846154,1.437711,1.435171,1097496,310991.7,0,5,0,1095996,5,17459200,,,
northrop-mall,equirect,jpeg-replacement-q80-whole,global,moderate-mobile,explore,10,50,0.06,1,1,0.3255818,8.990742,0.01538462,0.9384615,0.9384615,1.763293,1.435171,1097496,310991.7,0,5,0,1095996,5,17459200,,,
northrop-mall,equirect,jpeg-replacement-q80-whole,global,constrained-mobile,explore,2,100,0.12,4.75,4.75,1.729484,10.35223,0.01538462,0.7076923,0.7076923,3.167195,1.435171,1097496,310991.7,0,5,0,1095996,5,17459200,,,
northrop-mall,equirect,jpeg-replacement-q80-whole,global,very-constrained,explore,0.75,150,0.2,12.25,12.25,4.532371,10.76016,0.01538462,0.2461538,0.2461538,5.970082,1.435171,1097496,310991.7,0,5,0,1095996,5,17459200,,,
northrop-mall,equirect,jpeg-replacement-q80-whole,view-direct,fast,explore,50,20,0.03,0.25,0.25,0,0,0.01538462,0.9846154,0.9846154,1.437711,1.435171,816167,231934.2,0,2,0,1095996,5,13158400,,,
northrop-mall,equirect,jpeg-replacement-q80-whole,view-direct,moderate-mobile,explore,10,50,0.06,1,1,0.4957558,10.76016,0.01538462,0.9384615,0.9384615,1.933467,1.435171,816167,231934.2,0,2,0,1095996,5,13158400,,,
northrop-mall,equirect,jpeg-replacement-q80-whole,view-direct,constrained-mobile,explore,2,100,0.12,3.5,3.5,2.206555,11.20271,0.01538462,0.7846154,0.7846154,3.644266,1.435171,816167,231934.2,0,2,0,1095996,5,13158400,,,
northrop-mall,equirect,jpeg-replacement-q80-whole,view-direct,very-constrained,explore,0.75,150,0.2,9.25,9.25,5.712367,11.71508,0.01538462,0.4307692,0.4307692,7.150078,1.435171,816167,231934.2,0,2,0,1095996,5,13158400,,,
bookstore,equirect,haar-residual-d12,view,fast,explore,50,20,0.03,0.25,0.25,0,0,0.01538462,0.9846154,0.9846154,2.082548,2.083658,376446,72862.25,0,74,0,354246,74,17459200,,,
bookstore,equirect,haar-residual-d12,view,moderate-mobile,explore,10,50,0.07,0.5,0.5,0.06658308,4.258283,0.01538462,0.9692308,0.9692308,2.149132,2.083658,376446,72862.25,0,75,1,354246,74,17459200,,,
bookstore,equirect,haar-residual-d12,view,constrained-mobile,explore,2,100,0.17,0.75,0.75,0.4361254,15.07845,0.01538462,0.9538462,0.9538462,2.518673,2.083658,376446,72862.25,0,74,0,354246,74,17459200,,,
bookstore,equirect,haar-residual-d12,view,very-constrained,explore,0.75,150,0.34,2,2.25,1.316169,15.41598,0.03076923,0.8769231,0.8615385,3.397639,2.083658,376446,72862.25,0,74,0,354246,74,17459200,,,
bookstore,equirect,haar-residual-d12,view-fill,fast,explore,50,20,0.03,0.25,0.25,0,0,0.01538462,0.9846154,0.9846154,2.082548,2.083658,376446,72862.25,0,74,0,354246,74,17459200,,,
bookstore,equirect,haar-residual-d12,view-fill,moderate-mobile,explore,10,50,0.07,0.5,0.5,0.06653567,4.258283,0.01538462,0.9692308,0.9692308,2.149084,2.083658,376446,72862.25,0,78,4,354246,74,17459200,,,
bookstore,equirect,haar-residual-d12,view-fill,constrained-mobile,explore,2,100,0.17,0.75,0.75,0.4357189,15.07845,0.01538462,0.9538462,0.9538462,2.518267,2.083658,387946.2,73382.57,11500.17,77,3,354246,74,17459200,,,
bookstore,equirect,haar-residual-d12,view-fill,very-constrained,explore,0.75,150,0.34,2,2.25,1.300366,15.41598,0.03076923,0.8769231,0.8615385,3.381836,2.083658,384024.1,72869.59,7578.125,78,4,354246,74,17459200,,,
bookstore,equirect,haar-residual-d12,global,fast,explore,50,20,0.03,0.5,0.5,0.07730945,4.947805,0.01538462,0.9692308,0.9692308,2.159858,2.083658,376446,72862.25,0,74,0,354246,74,17459200,,,
bookstore,equirect,haar-residual-d12,global,moderate-mobile,explore,10,50,0.07,0.75,0.75,0.2230785,9.302087,0.01538462,0.9538462,0.9538462,2.305627,2.083658,376446,72862.25,0,74,0,354246,74,17459200,,,
bookstore,equirect,haar-residual-d12,global,constrained-mobile,explore,2,100,0.17,1.75,2,0.9237444,15.07845,0.01538462,0.8923077,0.8769231,3.006293,2.083658,376446,72862.25,0,74,0,354246,74,17459200,,,
bookstore,equirect,haar-residual-d12,global,very-constrained,explore,0.75,150,0.34,4,4,1.993617,15.41598,0.03076923,0.7538462,0.7384615,4.075088,2.083658,376446,72862.25,0,74,0,354246,74,17459200,,,
bookstore,equirect,haar-residual-d12-p0.5,view,fast,explore,50,20,0.03,0.25,0.25,0,0,0.01538462,0.9846154,0.9846154,4.182622,4.189214,318162,59277.64,0,74,0,295962,74,17459200,,,
bookstore,equirect,haar-residual-d12-p0.5,view,moderate-mobile,explore,10,50,0.06,0.25,0.5,0.0241796,1.545865,0.01538462,0.9846154,0.9692308,4.206802,4.189214,318162,59277.64,0,75,1,295962,74,17459200,,,
bookstore,equirect,haar-residual-d12-p0.5,view,constrained-mobile,explore,2,100,0.14,0.75,0.75,0.2547125,12.70278,0.01538462,0.9538462,0.9538462,4.437333,4.189214,318162,59277.64,0,74,0,295962,74,17459200,,,
bookstore,equirect,haar-residual-d12-p0.5,view,very-constrained,explore,0.75,150,0.25,1.25,1.75,0.8431471,13.28891,0.01538462,0.9230769,0.8923077,5.025769,4.189214,318162,59277.64,0,74,0,295962,74,17459200,,,
bookstore,equirect,jpeg-residual-q80,view,fast,explore,50,20,0.03,0.25,0.25,0,0,0.01538462,0.9846154,0.9846154,2.433029,2.433333,410780,91408.71,0,74,0,388580,74,17459200,,,
bookstore,equirect,jpeg-residual-q80,view,moderate-mobile,explore,10,50,0.06,0.5,0.5,0.07497284,4.792174,0.01538462,0.9692308,0.9692308,2.508002,2.433333,410780,91408.71,0,75,1,388580,74,17459200,,,
bookstore,equirect,jpeg-residual-q80,view,constrained-mobile,explore,2,100,0.12,0.75,0.75,0.2755302,12.5287,0.01538462,0.9538462,0.9538462,2.708559,2.433333,410780,91408.71,0,74,0,388580,74,17459200,,,
bookstore,equirect,jpeg-residual-q80,view,very-constrained,explore,0.75,150,0.19,1.25,1.5,0.8682637,15.02898,0.01538462,0.9230769,0.9076923,3.301293,2.433333,410780,91408.71,0,74,0,388580,74,17459200,,,
bookstore,equirect,jpeg-residual-q80,view-fill,fast,explore,50,20,0.03,0.25,0.25,0,0,0.01538462,0.9846154,0.9846154,2.433029,2.433333,410780,91408.71,0,74,0,388580,74,17459200,,,
bookstore,equirect,jpeg-residual-q80,view-fill,moderate-mobile,explore,10,50,0.06,0.5,0.5,0.07487772,4.792174,0.01538462,0.9692308,0.9692308,2.507907,2.433333,410780,91408.71,0,78,4,388580,74,17459200,,,
bookstore,equirect,jpeg-residual-q80,view-fill,constrained-mobile,explore,2,100,0.12,0.75,0.75,0.2740858,12.5287,0.01538462,0.9538462,0.9538462,2.707115,2.433333,421327.2,92399.12,10547.17,76,2,388580,74,17459200,,,
bookstore,equirect,jpeg-residual-q80,view-fill,very-constrained,explore,0.75,150,0.19,1.25,1.5,0.858094,15.02898,0.01538462,0.9230769,0.9076923,3.291123,2.433333,434084.3,95385.91,23304.25,80,6,388580,74,17459200,,,
bookstore,equirect,jpeg-residual-q80,global,fast,explore,50,20,0.03,0.5,0.5,0.08625123,5.520079,0.01538462,0.9692308,0.9692308,2.51928,2.433333,410780,91408.71,0,74,0,388580,74,17459200,,,
bookstore,equirect,jpeg-residual-q80,global,moderate-mobile,explore,10,50,0.06,0.75,0.75,0.2367572,9.636693,0.01538462,0.9538462,0.9538462,2.669786,2.433333,410780,91408.71,0,74,0,388580,74,17459200,,,
bookstore,equirect,jpeg-residual-q80,global,constrained-mobile,explore,2,100,0.12,1.75,2,0.7986321,15.02898,0.01538462,0.8923077,0.8769231,3.231661,2.433333,410780,91408.71,0,74,0,388580,74,17459200,,,
bookstore,equirect,jpeg-residual-q80,global,very-constrained,explore,0.75,150,0.19,3.75,3.75,1.774701,15.02898,0.01538462,0.7692308,0.7538462,4.20773,2.433333,410780,91408.71,0,74,0,388580,74,17459200,,,
bookstore,equirect,jpeg-replacement-q80,view,fast,explore,50,20,0.03,0.25,0.25,0,0,0.01538462,0.9846154,0.9846154,2.393318,2.393582,482643,103330.3,0,74,0,460443,74,17459200,,,
bookstore,equirect,jpeg-replacement-q80,view,moderate-mobile,explore,10,50,0.06,0.5,0.5,0.07055333,4.51491,0.01538462,0.9692308,0.9692308,2.463871,2.393582,489170.2,104438.5,6527.2,75,1,460443,74,17459200,,,
bookstore,equirect,jpeg-replacement-q80,view,constrained-mobile,explore,2,100,0.12,0.75,0.75,0.3159551,15.06494,0.01538462,0.9538462,0.9538462,2.709273,2.393582,482643,103330.3,0,75,1,460443,74,17459200,,,
bookstore,equirect,jpeg-replacement-q80,view,very-constrained,explore,0.75,150,0.19,1.5,2.25,1.116838,15.06494,0.01538462,0.8923077,0.8615385,3.510156,2.393582,482643,103330.3,0,74,0,460443,74,17459200,,,
bookstore,equirect,jpeg-replacement-q80,view-fill,fast,explore,50,20,0.03,0.25,0.25,0,0,0.01538462,0.9846154,0.9846154,2.393318,2.393582,482643,103330.3,0,74,0,460443,74,17459200,,,
bookstore,equirect,jpeg-replacement-q80,view-fill,moderate-mobile,explore,10,50,0.06,0.5,0.5,0.07054546,4.51491,0.01538462,0.9692308,0.9692308,2.463863,2.393582,489170.2,104438.5,6527.2,79,5,460443,74,17459200,,,
bookstore,equirect,jpeg-replacement-q80,view-fill,constrained-mobile,explore,2,100,0.12,0.75,0.75,0.3144315,15.06494,0.01538462,0.9538462,0.9538462,2.707749,2.393582,491128.5,105411.1,8485.5,77,3,460443,74,17459200,,,
bookstore,equirect,jpeg-replacement-q80,view-fill,very-constrained,explore,0.75,150,0.19,1.5,2.25,1.081582,15.06494,0.01538462,0.8923077,0.8615385,3.4749,2.393582,507353.1,104485.6,24710.13,80,6,460443,74,17459200,,,
bookstore,equirect,jpeg-replacement-q80,view-direct,fast,explore,50,20,0.03,0.25,0.25,0,0,0.01538462,0.9846154,0.9846154,2.393318,2.393582,330529,67633.84,0,51,0,460443,74,13158400,,,
bookstore,equirect,jpeg-replacement-q80,view-direct,moderate-mobile,explore,10,50,0.06,0.25,0.25,0.00002812702,0.001791483,0.01538462,0.9846154,0.9846154,2.393346,2.393582,330529,67633.84,0,51,0,460443,74,13158400,,,
bookstore,equirect,jpeg-replacement-q80,view-direct,constrained-mobile,explore,2,100,0.12,0.75,0.75,0.4320897,15.06494,0.01538462,0.9538462,0.9384615,2.825408,2.393582,330529,67633.84,0,51,0,460443,74,13158400,,,
bookstore,equirect,jpeg-replacement-q80,view-direct,very-constrained,explore,0.75,150,0.19,1.5,1.5,1.361033,15.1554,0.01538462,0.8769231,0.8307692,3.754351,2.393582,330529,67633.84,0,51,0,460443,74,13158400,,,
bookstore,equirect,jpeg-replacement-q80,global,fast,explore,50,20,0.03,0.5,0.5,0.08394763,5.372648,0.01538462,0.9692308,0.9692308,2.477266,2.393582,482643,103330.3,0,74,0,460443,74,17459200,,,
bookstore,equirect,jpeg-replacement-q80,global,moderate-mobile,explore,10,50,0.06,0.75,0.75,0.2348651,9.485805,0.01538462,0.9538462,0.9538462,2.628183,2.393582,482643,103330.3,0,74,0,460443,74,17459200,,,
bookstore,equirect,jpeg-replacement-q80,global,constrained-mobile,explore,2,100,0.12,1.75,2,0.8269283,15.06494,0.01538462,0.8923077,0.8769231,3.220246,2.393582,482643,103330.3,0,74,0,460443,74,17459200,,,
bookstore,equirect,jpeg-replacement-q80,global,very-constrained,explore,0.75,150,0.19,4.25,5,2.069092,15.06494,0.01538462,0.7384615,0.6923077,4.46241,2.393582,482643,103330.3,0,74,0,460443,74,17459200,,,
bookstore,equirect,jpeg-replacement-q80-whole,global,fast,explore,50,20,0.03,0.25,0.25,0,0,0.01538462,0.9846154,0.9846154,2.390792,2.391012,444597,125829.5,0,5,0,443097,5,17459200,,,
bookstore,equirect,jpeg-replacement-q80-whole,global,moderate-mobile,explore,10,50,0.06,0.5,0.5,0.1512317,9.67883,0.01538462,0.9692308,0.9692308,2.542024,2.391012,444597,125829.5,0,5,0,443097,5,17459200,,,
bookstore,equirect,jpeg-replacement-q80-whole,global,constrained-mobile,explore,2,100,0.12,2,2,0.9897332,15.06747,0.01538462,0.8769231,0.8769231,3.380525,2.391012,444597,125829.5,0,5,0,443097,5,17459200,,,
bookstore,equirect,jpeg-replacement-q80-whole,global,very-constrained,explore,0.75,150,0.19,5.25,5.25,2.774975,15.31313,0.01538462,0.6769231,0.6769231,5.165767,2.391012,444597,125829.5,0,5,0,443097,5,17459200,,,
bookstore,equirect,jpeg-replacement-q80-whole,view-direct,fast,explore,50,20,0.03,0.25,0.25,0,0,0.01538462,0.9846154,0.9846154,2.390792,2.391012,304267,86427.23,0,2,0,443097,5,13158400,,,
bookstore,equirect,jpeg-replacement-q80-whole,view-direct,moderate-mobile,explore,10,50,0.06,0.5,0.5,0.2354292,15.06747,0.01538462,0.9692308,0.9692308,2.626221,2.391012,304267,86427.23,0,2,0,443097,5,13158400,,,
bookstore,equirect,jpeg-replacement-q80-whole,view-direct,constrained-mobile,explore,2,100,0.12,1.5,1.5,1.163734,15.31313,0.01538462,0.9076923,0.9076923,3.554526,2.391012,304267,86427.23,0,2,0,443097,5,13158400,,,
bookstore,equirect,jpeg-replacement-q80-whole,view-direct,very-constrained,explore,0.75,150,0.19,3.75,3.75,3.234303,15.31313,0.01538462,0.7692308,0.7692308,5.625095,2.391012,304267,86427.23,0,2,0,443097,5,13158400,,,
superblock,equirect,haar-residual-d12,view,fast,explore,50,20,0.03,0.25,0.25,0,0,0.01538462,0.9846154,0.9846154,1.344606,1.348833,1649010,475403.6,0,74,0,1626810,74,17459200,,,
superblock,equirect,haar-residual-d12,view,moderate-mobile,explore,10,50,0.08,0.5,0.5,0.1243681,7.772086,0.01538462,0.9692308,0.9692308,1.468974,1.348833,1649010,475403.6,0,75,1,1626810,74,17459200,,,
superblock,equirect,haar-residual-d12,view,constrained-mobile,explore,2,100,0.21,2.25,2.75,1.39224,12.21787,0.01538462,0.8461538,0.7538462,2.736846,1.348833,1630952,457366.3,0,73,0,1626810,74,17197056,,,
superblock,equirect,haar-residual-d12,view,very-constrained,explore,0.75,150,0.44,12,12.75,6.109705,12.03035,0.03076923,0.2153846,0.06153846,7.44745,1.348833,1466720,371362.4,194074.6,65,9,1626810,74,12216320,,,
superblock,equirect,haar-residual-d12,view-fill,fast,explore,50,20,0.03,0.25,0.25,0,0,0.01538462,0.9846154,0.9846154,1.344606,1.348833,1649010,475403.6,0,74,0,1626810,74,17459200,,,
superblock,equirect,haar-residual-d12,view-fill,moderate-mobile,explore,10,50,0.08,0.5,0.5,0.1214388,7.772086,0.01538462,0.9692308,0.9692308,1.466045,1.348833,1727391,488259.6,78381.29,80,6,1626810,74,17459200,,,
superblock,equirect,haar-residual-d12,view-fill,constrained-mobile,explore,2,100,0.21,2.25,2.75,1.214064,12.21787,0.01538462,0.8615385,0.8153846,2.55867,1.348833,1775035,520473.7,126025.3,85,11,1626810,74,17459200,,,
superblock,equirect,haar-residual-d12,view-fill,very-constrained,explore,0.75,150,0.44,12,12.75,6.109705,12.03035,0.03076923,0.2153846,0.06153846,7.44745,1.348833,1466720,371362.4,194074.6,65,9,1626810,74,12216320,,,
superblock,equirect,haar-residual-d12,global,fast,explore,50,20,0.03,0.5,0.5,0.06769429,4.332435,0.01538462,0.9692308,0.9692308,1.412301,1.348833,1649010,475403.6,0,74,0,1626810,74,17459200,,,
superblock,equirect,haar-residual-d12,global,moderate-mobile,explore,10,50,0.08,1.25,1.25,0.4017648,10.15751,0.01538462,0.9230769,0.9230769,1.746371,1.348833,1649010,475403.6,0,74,0,1626810,74,17459200,,,
superblock,equirect,haar-residual-d12,global,constrained-mobile,explore,2,100,0.21,5.25,7,2.482575,12.21787,0.01538462,0.6615385,0.5692308,3.827182,1.348833,1649010,475403.6,0,74,0,1626810,74,17459200,,,
superblock,equirect,haar-residual-d12,global,very-constrained,explore,0.75,150,0.44,11.25,13,5.848429,12.03035,0.03076923,0.2615385,0.01538462,7.186175,1.348833,1471883,389640.1,0,68,0,1626810,74,14313472,,,
superblock,equirect,haar-residual-d12-p0.5,view,fast,explore,50,20,0.03,0.25,0.25,0,0,0.01538462,0.9846154,0.9846154,2.537433,2.549096,1483892,428182.4,0,74,0,1461692,74,17459200,,,
superblock,equirect,haar-residual-d12-p0.5,view,moderate-mobile,explore,10,50,0.07,0.5,0.5,0.09875503,6.220264,0.01538462,0.9692308,0.9692308,2.636188,2.549096,1483892,428182.4,0,75,1,1461692,74,17459200,,,
superblock,equirect,haar-residual-d12-p0.5,view,constrained-mobile,explore,2,100,0.17,1.5,2.25,0.8360523,10.54788,0.01538462,0.8923077,0.8307692,3.373486,2.549096,1483892,428182.4,0,75,1,1461692,74,17459200,,,
superblock,equirect,haar-residual-d12-p0.5,view,very-constrained,explore,0.75,150,0.33,4,5.25,4.046103,10.60656,0.03076923,0.4153846,0.1846154,6.566914,2.549096,1341785,343001.6,7500,68,2,1461692,74,15362048,,,
superblock,equirect,jpeg-residual-q80,view,fast,explore,50,20,0.03,0.25,0.25,0,0,0.01538462,0.9846154,0.9846154,2.799955,2.794628,1160077,337354.6,0,74,0,1137877,74,17459200,,,
superblock,equirect,jpeg-residual-q80,view,moderate-mobile,explore,10,50,0.06,0.5,0.5,0.05910512,3.729262,0.01538462,0.9692308,0.9692308,2.85906,2.794628,1160077,337354.6,0,75,1,1137877,74,17459200,,,
superblock,equirect,jpeg-residual-q80,view,constrained-mobile,explore,2,100,0.12,1,1.75,0.4841166,12.0722,0.01538462,0.9384615,0.8769231,3.284072,2.794628,1163841,337354.6,3763.833,75,1,1137877,74,17459200,,,
superblock,equirect,jpeg-residual-q80,view,very-constrained,explore,0.75,150,0.21,3,3.5,2.65511,12.0722,0.01538462,0.6153846,0.3846154,5.455065,2.794628,1139644,318274.8,11066.56,76,4,1137877,74,16934912,,,
superblock,equirect,jpeg-residual-q80,view-fill,fast,explore,50,20,0.03,0.25,0.25,0,0,0.01538462,0.9846154,0.9846154,2.799955,2.794628,1160077,337354.6,0,74,0,1137877,74,17459200,,,
superblock,equirect,jpeg-residual-q80,view-fill,moderate-mobile,explore,10,50,0.06,0.5,0.5,0.05826971,3.729262,0.01538462,0.9692308,0.9692308,2.858225,2.794628,1164454,338251.1,4377.4,78,4,1137877,74,17459200,,,
superblock,equirect,jpeg-residual-q80,view-fill,constrained-mobile,explore,2,100,0.12,1,1.75,0.4526326,12.0722,0.01538462,0.9384615,0.8923077,3.252588,2.794628,1220935,337354.6,60857.83,82,8,1137877,74,17459200,,,
superblock,equirect,jpeg-residual-q80,view-fill,very-constrained,explore,0.75,150,0.21,3,3.5,2.496242,12.0722,0.01538462,0.6461538,0.4615385,5.296198,2.794628,1192231,358275.8,32153.56,83,9,1137877,74,17459200,,,
superblock,equirect,jpeg-residual-q80,global,fast,explore,50,20,0.03,0.5,0.5,0.07279798,4.659071,0.01538462,0.9692308,0.9692308,2.872753,2.794628,1160077,337354.6,0,74,0,1137877,74,17459200,,,
superblock,equirect,jpeg-residual-q80,global,moderate-mobile,explore,10,50,0.06,1,1,0.2653265,7.858686,0.01538462,0.9384615,0.9384615,3.065282,2.794628,1160077,337354.6,0,74,0,1137877,74,17459200,,,
superblock,equirect,jpeg-residual-q80,global,constrained-mobile,explore,2,100,0.12,3,3.5,1.13522,12.0722,0.01538462,0.8153846,0.7846154,3.935176,2.794628,1160077,337354.6,0,74,0,1137877,74,17459200,,,
superblock,equirect,jpeg-residual-q80,global,very-constrained,explore,0.75,150,0.21,8.5,9.25,3.086765,12.0722,0.01538462,0.4769231,0.4307692,5.88672,2.794628,1160077,337354.6,0,74,0,1137877,74,17459200,,,
superblock,equirect,jpeg-replacement-q80,view,fast,explore,50,20,0.03,0.25,0.25,0,0,0.01538462,0.9846154,0.9846154,2.839761,2.833642,1405523,410621.7,0,74,0,1383323,74,17459200,,,
superblock,equirect,jpeg-replacement-q80,view,moderate-mobile,explore,10,50,0.06,0.5,0.5,0.07332174,4.690594,0.01538462,0.9692308,0.9692308,2.913082,2.833642,1411773,411682.9,6250,75,1,1383323,74,17459200,,,
superblock,equirect,jpeg-replacement-q80,view,constrained-mobile,explore,2,100,0.12,1.5,2,0.6741289,12.08662,0.01538462,0.9076923,0.8615385,3.51389,2.833642,1405523,410621.7,0,75,1,1383323,74,17459200,,,
superblock,equirect,jpeg-replacement-q80,view,very-constrained,explore,0.75,150,0.21,3.25,4.5,3.445517,12.08662,0.01538462,0.5076923,0.2461538,6.285278,2.833642,1329656,347081.3,72697.45,74,7,1383323,74,15624192,,,
superblock,equirect,jpeg-replacement-q80,view-fill,fast,explore,50,20,0.03,0.25,0.25,0,0,0.01538462,0.9846154,0.9846154,2.839761,2.833642,1405523,410621.7,0,74,0,1383323,74,17459200,,,
superblock,equirect,jpeg-replacement-q80,view-fill,moderate-mobile,explore,10,50,0.06,0.5,0.5,0.07329053,4.690594,0.01538462,0.9692308,0.9692308,2.913051,2.833642,1424273,415652.6,18750,79,5,1383323,74,17459200,,,
superblock,equirect,jpeg-replacement-q80,view-fill,constrained-mobile,explore,2,100,0.12,1.5,2,0.6033727,12.08662,0.01538462,0.9076923,0.8769231,3.443133,2.833642,1480590,412614.2,75066.98,81,7,1383323,74,17459200,,,
superblock,equirect,jpeg-replacement-q80,view-fill,very-constrained,explore,0.75,150,0.21,3.25,4.5,3.503875,12.08662,0.01538462,0.5076923,0.2,6.343636,2.833642,1442305,414175.4,126791.2,86,12,1383323,74,15886336,,,
superblock,equirect,jpeg-replacement-q80,view-direct,fast,explore,50,20,0.03,0.25,0.25,0,0,0.01538462,0.9846154,0.9846154,2.839761,2.833642,1034800,302942.8,0,51,0,1383323,74,13158400,,,
superblock,equirect,jpeg-replacement-q80,view-direct,moderate-mobile,explore,10,50,0.06,0.5,0.5,0.1114417,7.117208,0.01538462,0.9692308,0.9692308,2.951202,2.833642,1034800,302942.8,0,51,0,1383323,74,13158400,,,
superblock,equirect,jpeg-replacement-q80,view-direct,constrained-mobile,explore,2,100,0.12,1.25,1.5,0.7040062,12.08662,0.01538462,0.9076923,0.8923077,3.543767,2.833642,1047974,302942.8,13174.42,52,1,1383323,74,13158400,,,
superblock,equirect,jpeg-replacement-q80,view-direct,very-constrained,explore,0.75,150,0.21,3.75,3.75,3.298988,12.08662,0.01538462,0.4923077,0.4153846,6.138749,2.833642,1032174,282121.7,18219.08,52,2,1383323,74,12896256,,,
superblock,equirect,jpeg-replacement-q80,global,fast,explore,50,20,0.03,0.5,0.5,0.07092034,4.538902,0.01538462,0.9692308,0.9692308,2.910681,2.833642,1405523,410621.7,0,74,0,1383323,74,17459200,,,
superblock,equirect,jpeg-replacement-q80,global,moderate-mobile,explore,10,50,0.06,1,1.25,0.2962002,7.884489,0.01538462,0.9384615,0.9230769,3.135961,2.833642,1405523,410621.7,0,74,0,1383323,74,17459200,,,
superblock,equirect,jpeg-replacement-q80,global,constrained-mobile,explore,2,100,0.12,3.75,4.25,1.457056,12.08662,0.01538462,0.7692308,0.7076923,4.296817,2.833642,1405523,410621.7,0,74,0,1383323,74,17459200,,,
superblock,equirect,jpeg-replacement-q80,global,very-constrained,explore,0.75,150,0.21,9,9.5,3.344679,12.08662,0.01538462,0.4461538,0.4153846,6.184439,2.833642,1405523,410621.7,0,74,0,1383323,74,17459200,,,
superblock,equirect,jpeg-replacement-q80-whole,global,fast,explore,50,20,0.03,0.5,0.5,0.07329958,4.691173,0.01538462,0.9692308,0.9692308,2.911596,2.832149,1364787,386725.9,0,5,0,1363287,5,17459200,,,
superblock,equirect,jpeg-replacement-q80-whole,global,moderate-mobile,explore,10,50,0.06,1.25,1.25,0.4205108,10.16242,0.01538462,0.9230769,0.9230769,3.258807,2.832149,1364787,386725.9,0,5,0,1363287,5,17459200,,,
superblock,equirect,jpeg-replacement-q80-whole,global,constrained-mobile,explore,2,100,0.12,5.75,5.75,2.187102,12.0897,0.01538462,0.6461538,0.6461538,5.025399,2.832149,1364787,386725.9,0,5,0,1363287,5,17459200,,,
superblock,equirect,jpeg-replacement-q80-whole,global,very-constrained,explore,0.75,150,0.21,15,15,5.722396,12.0897,0.01538462,0.07692308,0.07692308,8.560692,2.832149,1364787,386725.9,0,5,0,1363287,5,17459200,,,
superblock,equirect,jpeg-replacement-q80-whole,view-direct,fast,explore,50,20,0.03,0.25,0.25,0,0,0.01538462,0.9846154,0.9846154,2.838296,2.832149,1006972,286164.9,0,2,0,1363287,5,13158400,,,
superblock,equirect,jpeg-replacement-q80-whole,view-direct,moderate-mobile,explore,10,50,0.06,1,1,0.5401607,12.0897,0.01538462,0.9384615,0.9384615,3.378457,2.832149,1006972,286164.9,0,2,0,1363287,5,13158400,,,
superblock,equirect,jpeg-replacement-q80-whole,view-direct,constrained-mobile,explore,2,100,0.12,4.25,4.25,2.641324,12.0897,0.01538462,0.7384615,0.7384615,5.47962,2.832149,1006972,286164.9,0,2,0,1363287,5,13158400,,,
superblock,equirect,jpeg-replacement-q80-whole,view-direct,very-constrained,explore,0.75,150,0.21,11.25,11.25,6.856801,12.0897,0.01538462,0.3076923,0.3076923,9.695098,2.832149,1006972,286164.9,0,2,0,1363287,5,13158400,,,
northrop-mall,cube,haar-residual-d12,view,fast,stationary,50,20,0.03,0.25,0.25,0,0,0.02439024,0.9756098,0.9756098,-0.5064305,-0.5064305,320167,142315.2,0,16,0,1416354,91,3188736,,,
northrop-mall,cube,haar-residual-d12,view,moderate-mobile,stationary,10,50,0.08,0.5,0.5,0.1811514,7.246058,0.02439024,0.9512195,0.9512195,-0.3252791,-0.5064305,320167,142315.2,0,16,0,1416354,91,3188736,,,
northrop-mall,cube,haar-residual-d12,view,constrained-mobile,stationary,2,100,0.21,1.25,1.5,0.9721432,11.36053,0.02439024,0.8780488,0.8536585,0.4657127,-0.5064305,320167,142315.2,0,16,0,1416354,91,3188736,,,
northrop-mall,cube,haar-residual-d12,view,very-constrained,stationary,0.75,150,0.43,3.25,3.75,2.492474,11.36053,0.04878049,0.6829268,0.6341463,1.986043,-0.5064305,320167,142315.2,0,16,0,1416354,91,3188736,,,
northrop-mall,cube,haar-residual-d12,view-fill,fast,stationary,50,20,0.03,0.25,0.25,0,0,0.02439024,0.9756098,0.9756098,-0.5064305,-0.5064305,1443654,1265802,0,91,0,1416354,91,18855936,,,
northrop-mall,cube,haar-residual-d12,view-fill,moderate-mobile,stationary,10,50,0.08,0.5,0.5,0.1811514,7.246058,0.02439024,0.9512195,0.9512195,-0.3252791,-0.5064305,1443654,1265802,0,91,0,1416354,91,18855936,,,
northrop-mall,cube,haar-residual-d12,view-fill,constrained-mobile,stationary,2,100,0.21,1.25,1.5,0.9721432,11.36053,0.02439024,0.8780488,0.8536585,0.4657127,-0.5064305,1443654,1265802,0,91,0,1416354,91,18855936,,,
northrop-mall,cube,haar-residual-d12,view-fill,very-constrained,stationary,0.75,150,0.43,3.25,3.75,2.492474,11.36053,0.04878049,0.6829268,0.6341463,1.986043,-0.5064305,894854.5,717002.7,0,63,0,1416354,91,9943040,,,
northrop-mall,cube,haar-residual-d12,global,fast,stationary,50,20,0.03,0.5,0.5,0.1216019,4.864075,0.02439024,0.9512195,0.9512195,-0.3848286,-0.5064305,1443654,1265802,0,91,0,1416354,91,18855936,,,
northrop-mall,cube,haar-residual-d12,global,moderate-mobile,stationary,10,50,0.08,1.25,1.25,0.6503569,9.915405,0.02439024,0.8780488,0.8780488,0.1439264,-0.5064305,1443654,1265802,0,91,0,1416354,91,18855936,,,
northrop-mall,cube,haar-residual-d12,global,constrained-mobile,stationary,2,100,0.21,4.25,4.5,2.730788,11.36053,0.02439024,0.5853659,0.5609756,2.224357,-0.5064305,1443654,1265802,0,91,0,1416354,91,18855936,,,
northrop-mall,cube,haar-residual-d12,global,very-constrained,stationary,0.75,150,0.43,,,6.880644,11.36053,0.04878049,0,0,6.374214,-0.5064305,909719.5,779706.7,0,64,0,1416354,91,10205184,,,
northrop-mall,cube,haar-residual-d12-p0.5,view,fast,stationary,50,20,0.03,0.25,0.25,0,0,0.02439024,0.9756098,0.9756098,0.253687,0.253687,286523,123157.8,0,16,0,1293798,91,3188736,,,
northrop-mall,cube,haar-residual-d12-p0.5,view,moderate-mobile,stationary,10,50,0.07,0.5,0.5,0.107077,4.283079,0.02439024,0.9512195,0.9512195,0.3607639,0.253687,286523,123157.8,0,16,0,1293798,91,3188736,,,
northrop-mall,cube,haar-residual-d12-p0.5,view,constrained-mobile,stationary,2,100,0.16,1.25,1.5,0.7971727,10.6145,0.02439024,0.8780488,0.8536585,1.05086,0.253687,286523,123157.8,0,16,0,1293798,91,3188736,,,
northrop-mall,cube,haar-residual-d12-p0.5,view,very-constrained,stationary,0.75,150,0.31,2.75,3.5,1.876844,10.6145,0.04878049,0.7317073,0.6585366,2.130531,0.253687,286523,123157.8,0,16,0,1293798,91,3188736,,,
northrop-mall,cube,jpeg-residual-q80,view,fast,stationary,50,20,0.03,0.25,0.25,0,0,0.02439024,0.9756098,0.9756098,0.1868569,0.1868569,233079,96438.75,0,16,0,1082401,91,3188736,,,
northrop-mall,cube,jpeg-residual-q80,view,moderate-mobile,stationary,10,50,0.06,0.5,0.5,0.1013728,4.05491,0.02439024,0.9512195,0.9512195,0.2882297,0.1868569,233079,96438.75,0,16,0,1082401,91,3188736,,,
northrop-mall,cube,jpeg-residual-q80,view,constrained-mobile,stationary,2,100,0.12,1,1.25,0.5944974,9.580639,0.02439024,0.902439,0.8780488,0.7813543,0.1868569,233079,96438.75,0,16,0,1082401,91,3188736,,,
northrop-mall,cube,jpeg-residual-q80,view,very-constrained,stationary,0.75,150,0.21,2.25,3,1.622819,10.9931,0.02439024,0.7804878,0.7073171,1.809676,0.1868569,233079,96438.75,0,16,0,1082401,91,3188736,,,
northrop-mall,cube,jpeg-residual-q80,view-fill,fast,stationary,50,20,0.03,0.25,0.25,0,0,0.02439024,0.9756098,0.9756098,0.1868569,0.1868569,1109701,973060.8,0,91,0,1082401,91,18855936,,,
northrop-mall,cube,jpeg-residual-q80,view-fill,moderate-mobile,stationary,10,50,0.06,0.5,0.5,0.1013728,4.05491,0.02439024,0.9512195,0.9512195,0.2882297,0.1868569,1109701,973060.8,0,91,0,1082401,91,18855936,,,
northrop-mall,cube,jpeg-residual-q80,view-fill,constrained-mobile,stationary,2,100,0.12,1,1.25,0.5944974,9.580639,0.02439024,0.902439,0.8780488,0.7813543,0.1868569,1109701,973060.8,0,91,0,1082401,91,18855936,,,
northrop-mall,cube,jpeg-residual-q80,view-fill,very-constrained,stationary,0.75,150,0.21,2.25,3,1.622819,10.9931,0.02439024,0.7804878,0.7073171,1.809676,0.1868569,885526.5,748886.3,0,86,0,1082401,91,15972352,,,
northrop-mall,cube,jpeg-residual-q80,global,fast,stationary,50,20,0.03,0.5,0.5,0.1214189,4.856756,0.02439024,0.9512195,0.9512195,0.3082758,0.1868569,1109701,973060.8,0,91,0,1082401,91,18855936,,,
northrop-mall,cube,jpeg-residual-q80,global,moderate-mobile,stationary,10,50,0.06,1,1,0.4355685,7.709229,0.02439024,0.902439,0.902439,0.6224254,0.1868569,1109701,973060.8,0,91,0,1082401,91,18855936,,,
northrop-mall,cube,jpeg-residual-q80,global,constrained-mobile,stationary,2,100,0.12,3,3.5,1.812084,10.9931,0.02439024,0.7073171,0.6585366,1.998941,0.1868569,1109701,973060.8,0,91,0,1082401,91,18855936,,,
northrop-mall,cube,jpeg-residual-q80,global,very-constrained,stationary,0.75,150,0.21,7.5,8.5,4.653128,10.9931,0.02439024,0.2682927,0.1707317,4.839984,0.1868569,899579.5,762939.3,0,87,0,1082401,91,16234496,,,
northrop-mall,cube,jpeg-replacement-q80,view,fast,stationary,50,20,0.03,0.25,0.25,0,0,0.02439024,0.9756098,0.9756098,0.2092247,0.2092247,279734,115244.6,0,16,0,1298191,91,3188736,,,
northrop-mall,cube,jpeg-replacement-q80,view,moderate-mobile,stationary,10,50,0.06,0.5,0.5,0.1011342,4.045367,0.02439024,0.9512195,0.9512195,0.3103588,0.2092247,279734,115244.6,0,16,0,1298191,91,3188736,,,
northrop-mall,cube,jpeg-replacement-q80,view,constrained-mobile,stationary,2,100,0.12,1.25,1.5,0.728739,10.97073,0.02439024,0.8780488,0.8536585,0.9379637,0.2092247,279734,115244.6,0,16,0,1298191,91,3188736,,,
northrop-mall,cube,jpeg-replacement-q80,view,very-constrained,stationary,0.75,150,0.21,2.75,3.5,1.922416,10.97073,0.02439024,0.7317073,0.6585366,2.131641,0.2092247,279734,115244.6,0,16,0,1298191,91,3188736,,,
northrop-mall,cube,jpeg-replacement-q80,view-fill,fast,stationary,50,20,0.03,0.25,0.25,0,0,0.02439024,0.9756098,0.9756098,0.2092247,0.2092247,1325491,1161002,0,91,0,1298191,91,18855936,,,
northrop-mall,cube,jpeg-replacement-q80,view-fill,moderate-mobile,stationary,10,50,0.06,0.5,0.5,0.1011342,4.045367,0.02439024,0.9512195,0.9512195,0.3103588,0.2092247,1325491,1161002,0,91,0,1298191,91,18855936,,,
northrop-mall,cube,jpeg-replacement-q80,view-fill,constrained-mobile,stationary,2,100,0.12,1.25,1.5,0.728739,10.97073,0.02439024,0.8780488,0.8536585,0.9379637,0.2092247,1325491,1161002,0,91,0,1298191,91,18855936,,,
northrop-mall,cube,jpeg-replacement-q80,view-fill,very-constrained,stationary,0.75,150,0.21,2.75,3.5,1.922416,10.97073,0.02439024,0.7317073,0.6585366,2.131641,0.2092247,890511,726021.6,0,72,0,1298191,91,12302336,,,
northrop-mall,cube,jpeg-replacement-q80,view-direct,fast,stationary,50,20,0.03,0.25,0.25,0,0,0.02439024,0.9756098,0.9756098,0.2092247,0.2092247,205279,84658.35,0,10,0,1298191,91,2414592,,,
northrop-mall,cube,jpeg-replacement-q80,view-direct,moderate-mobile,stationary,10,50,0.06,0.5,0.5,0.09090892,3.636357,0.02439024,0.9512195,0.9512195,0.3001336,0.2092247,205279,84658.35,0,10,0,1298191,91,2414592,,,
northrop-mall,cube,jpeg-replacement-q80,view-direct,constrained-mobile,stationary,2,100,0.12,1.25,1.25,0.8119238,10.97073,0.02439024,0.8780488,0.8780488,1.021148,0.2092247,205279,84658.35,0,10,0,1298191,91,2414592,,,
northrop-mall,cube,jpeg-replacement-q80,view-direct,very-constrained,stationary,0.75,150,0.21,2.5,2.5,2.050335,10.97073,0.02439024,0.7560976,0.7560976,2.25956,0.2092247,205279,84658.35,0,10,0,1298191,91,2414592,,,
northrop-mall,cube,jpeg-replacement-q80,global,fast,stationary,50,20,0.03,0.5,0.5,0.121107,4.844281,0.02439024,0.9512195,0.9512195,0.3303317,0.2092247,1325491,1161002,0,91,0,1298191,91,18855936,,,
northrop-mall,cube,jpeg-replacement-q80,global,moderate-mobile,stationary,10,50,0.06,1,1.25,0.4698023,7.695026,0.02439024,0.902439,0.8780488,0.679027,0.2092247,1325491,1161002,0,91,0,1298191,91,18855936,,,
northrop-mall,cube,jpeg-replacement-q80,global,constrained-mobile,stationary,2,100,0.12,3.5,4,2.064366,10.97073,0.02439024,0.6585366,0.6097561,2.273591,0.2092247,1325491,1161002,0,91,0,1298191,91,18855936,,,
northrop-mall,cube,jpeg-replacement-q80,global,very-constrained,stationary,0.75,150,0.21,8.75,10,5.423813,10.97073,0.02439024,0.1463415,0.02439024,5.633038,0.2092247,899275,734785.6,0,72,0,1298191,91,12302336,,,
northrop-mall,cube,jpeg-replacement-q80-whole,global,fast,stationary,50,20,0.03,0.5,0.5,0.1211317,4.845266,0.02439024,0.9512195,0.9512195,0.3291013,0.2079697,1287939,1128690,0,25,0,1280439,25,18855936,,,
northrop-mall,cube,jpeg-replacement-q80-whole,global,moderate-mobile,stationary,10,50,0.06,1.25,1.25,0.555802,7.696281,0.02439024,0.8780488,0.8780488,0.7637717,0.2079697,1287939,1128690,0,25,0,1280439,25,18855936,,,
northrop-mall,cube,jpeg-replacement-q80-whole,global,constrained-mobile,stationary,2,100,0.12,5,5,2.929017,10.97198,0.02439024,0.5121951,0.5121951,3.136987,0.2079697,1287939,1128690,0,25,0,1280439,25,18855936,,,
northrop-mall,cube,jpeg-replacement-q80-whole,global,very-constrained,stationary,0.75,150,0.21,,,6.432094,10.97198,0.02439024,0,0,6.640064,0.2079697,905638,794413.3,0,25,0,1280439,25,7059456,,,
northrop-mall,cube,jpeg-replacement-q80-whole,view-direct,fast,stationary,50,20,0.03,0.25,0.25,0,0,0.02439024,0.9756098,0.9756098,0.2079697,0.2079697,200637,84538.36,0,2,0,1280439,25,2414592,,,
northrop-mall,cube,jpeg-replacement-q80-whole,view-direct,moderate-mobile,stationary,10,50,0.06,0.5,0.5,0.2742996,10.97198,0.02439024,0.9512195,0.9512195,0.4822693,0.2079697,200637,84538.36,0,2,0,1280439,25,2414592,,,
northrop-mall,cube,jpeg-replacement-q80-whole,view-direct,constrained-mobile,stationary,2,100,0.12,1.25,1.25,1.097198,10.97198,0.02439024,0.8780488,0.8780488,1.305168,0.2079697,200637,84538.36,0,2,0,1280439,25,2414592,,,
northrop-mall,cube,jpeg-replacement-q80-whole,view-direct,very-constrained,stationary,0.75,150,0.21,2.5,2.5,2.468697,10.97198,0.02439024,0.7560976,0.7560976,2.676666,0.2079697,200637,84538.36,0,2,0,1280439,25,2414592,,,
bookstore,cube,haar-residual-d12,view,fast,stationary,50,20,0.03,0.25,0.25,0,0,0.02439024,0.9756098,0.9756098,1.329471,1.329471,92964,46260.04,0,16,0,374015,91,3188736,,,
bookstore,cube,haar-residual-d12,view,moderate-mobile,stationary,10,50,0.07,0.5,0.5,0.1205201,4.820804,0.02439024,0.9512195,0.9512195,1.449991,1.329471,92964,46260.04,0,16,0,374015,91,3188736,,,
bookstore,cube,haar-residual-d12,view,constrained-mobile,stationary,2,100,0.19,0.75,0.75,0.5041627,15.20125,0.02439024,0.9268293,0.9268293,1.833633,1.329471,92964,46260.04,0,16,0,374015,91,3188736,,,
bookstore,cube,haar-residual-d12,view,very-constrained,stationary,0.75,150,0.37,1.5,1.5,0.9618781,15.20125,0.04878049,0.8536585,0.8536585,2.291349,1.329471,92964,46260.04,0,16,0,374015,91,3188736,,,
bookstore,cube,haar-residual-d12,view-fill,fast,stationary,50,20,0.03,0.25,0.25,0,0,0.02439024,0.9756098,0.9756098,1.329471,1.329471,401315,354611,0,91,0,374015,91,18855936,,,
bookstore,cube,haar-residual-d12,view-fill,moderate-mobile,stationary,10,50,0.07,0.5,0.5,0.1205201,4.820804,0.02439024,0.9512195,0.9512195,1.449991,1.329471,401315,354611,0,91,0,374015,91,18855936,,,
bookstore,cube,haar-residual-d12,view-fill,constrained-mobile,stationary,2,100,0.19,0.75,0.75,0.5041627,15.20125,0.02439024,0.9268293,0.9268293,1.833633,1.329471,401315,354611,0,91,0,374015,91,18855936,,,
bookstore,cube,haar-residual-d12,view-fill,very-constrained,stationary,0.75,150,0.37,1.5,1.5,0.9618781,15.20125,0.04878049,0.8536585,0.8536585,2.291349,1.329471,401315,354611,0,91,0,374015,91,18855936,,,
bookstore,cube,haar-residual-d12,global,fast,stationary,50,20,0.03,0.5,0.5,0.1241262,4.965048,0.02439024,0.9512195,0.9512195,1.453597,1.329471,401315,354611,0,91,0,374015,91,18855936,,,
bookstore,cube,haar-residual-d12,global,moderate-mobile,stationary,10,50,0.07,1,1,0.4750643,9.216721,0.02439024,0.902439,0.902439,1.804535,1.329471,401315,354611,0,91,0,374015,91,18855936,,,
bookstore,cube,haar-residual-d12,global,constrained-mobile,stationary,2,100,0.19,2,2,1.444804,15.20125,0.02439024,0.804878,0.804878,2.774275,1.329471,401315,354611,0,91,0,374015,91,18855936,,,
bookstore,cube,haar-residual-d12,global,very-constrained,stationary,0.75,150,0.37,4.25,4.25,3.328991,15.20125,0.04878049,0.5853659,0.5853659,4.658461,1.329471,401315,354611,0,91,0,374015,91,18855936,,,
bookstore,cube,haar-residual-d12-p0.5,view,fast,stationary,50,20,0.03,0.25,0.25,0,0,0.02439024,0.9756098,0.9756098,4.111157,4.111157,72365,32989.48,0,16,0,307423,91,3188736,,,
bookstore,cube,haar-residual-d12-p0.5,view,moderate-mobile,stationary,10,50,0.06,0.25,0.5,0.07450379,2.980152,0.02439024,0.9756098,0.9512195,4.185661,4.111157,72365,32989.48,0,16,0,307423,91,3188736,,,
bookstore,cube,haar-residual-d12-p0.5,view,constrained-mobile,stationary,2,100,0.15,0.5,0.75,0.386234,12.46921,0.02439024,0.9512195,0.9268293,4.497391,4.111157,72365,32989.48,0,16,0,307423,91,3188736,,,
bookstore,cube,haar-residual-d12-p0.5,view,very-constrained,stationary,0.75,150,0.26,1,1.25,0.4176479,10.12607,0.04878049,0.902439,0.8780488,4.528805,4.111157,72365,32989.48,0,16,0,307423,91,3188736,,,
bookstore,cube,jpeg-residual-q80,view,fast,stationary,50,20,0.03,0.25,0.25,0,0,0.02439024,0.9756098,0.9756098,1.452003,1.452003,78799,32572.64,0,16,0,414399,91,3188736,,,
bookstore,cube,jpeg-residual-q80,view,moderate-mobile,stationary,10,50,0.06,0.5,0.5,0.1402408,5.609631,0.02439024,0.9512195,0.9512195,1.592244,1.452003,78799,32572.64,0,16,0,414399,91,3188736,,,
bookstore,cube,jpeg-residual-q80,view,constrained-mobile,stationary,2,100,0.12,0.75,0.75,0.4729483,13.16037,0.02439024,0.9268293,0.9268293,1.924951,1.452003,78799,32572.64,0,16,0,414399,91,3188736,,,
bookstore,cube,jpeg-residual-q80,view,very-constrained,stationary,0.75,150,0.19,1.25,1.25,0.9924259,15.45324,0.02439024,0.8780488,0.8780488,2.444429,1.452003,78799,32572.64,0,16,0,414399,91,3188736,,,
bookstore,cube,jpeg-residual-q80,view-fill,fast,stationary,50,20,0.03,0.25,0.25,0,0,0.02439024,0.9756098,0.9756098,1.452003,1.452003,441699,395472.6,0,91,0,414399,91,18855936,,,
bookstore,cube,jpeg-residual-q80,view-fill,moderate-mobile,stationary,10,50,0.06,0.5,0.5,0.1402408,5.609631,0.02439024,0.9512195,0.9512195,1.592244,1.452003,441699,395472.6,0,91,0,414399,91,18855936,,,
bookstore,cube,jpeg-residual-q80,view-fill,constrained-mobile,stationary,2,100,0.12,0.75,0.75,0.4729483,13.16037,0.02439024,0.9268293,0.9268293,1.924951,1.452003,441699,395472.6,0,91,0,414399,91,18855936,,,
bookstore,cube,jpeg-residual-q80,view-fill,very-constrained,stationary,0.75,150,0.19,1.25,1.25,0.9924259,15.45324,0.02439024,0.8780488,0.8780488,2.444429,1.452003,441699,395472.6,0,91,0,414399,91,18855936,,,
bookstore,cube,jpeg-residual-q80,global,fast,stationary,50,20,0.03,0.5,0.5,0.1453045,5.812182,0.02439024,0.9512195,0.9512195,1.597307,1.452003,441699,395472.6,0,91,0,414399,91,18855936,,,
bookstore,cube,jpeg-residual-q80,global,moderate-mobile,stationary,10,50,0.06,1,1,0.5269363,9.856464,0.02439024,0.902439,0.902439,1.978939,1.452003,441699,395472.6,0,91,0,414399,91,18855936,,,
bookstore,cube,jpeg-residual-q80,global,constrained-mobile,stationary,2,100,0.12,2,2,1.450288,15.45324,0.02439024,0.804878,0.804878,2.902291,1.452003,441699,395472.6,0,91,0,414399,91,18855936,,,
bookstore,cube,jpeg-residual-q80,global,very-constrained,stationary,0.75,150,0.19,4,4,3.060116,15.45324,0.02439024,0.6097561,0.6097561,4.512119,1.452003,441699,395472.6,0,91,0,414399,91,18855936,,,
bookstore,cube,jpeg-replacement-q80,view,fast,stationary,50,20,0.03,0.25,0.25,0,0,0.02439024,0.9756098,0.9756098,1.392647,1.392647,95420,38938.03,0,16,0,496949,91,3188736,,,
bookstore,cube,jpeg-replacement-q80,view,moderate-mobile,stationary,10,50,0.06,0.25,0.5,0.04218894,1.687557,0.02439024,0.9756098,0.9512195,1.434836,1.392647,95420,38938.03,0,16,0,496949,91,3188736,,,
bookstore,cube,jpeg-replacement-q80,view,constrained-mobile,stationary,2,100,0.12,0.75,0.75,0.5292131,15.51259,0.02439024,0.9268293,0.9268293,1.92186,1.392647,95420,38938.03,0,16,0,496949,91,3188736,,,
bookstore,cube,jpeg-replacement-q80,view,very-constrained,stationary,0.75,150,0.19,1.5,1.5,1.19124,15.51259,0.02439024,0.8536585,0.8536585,2.583887,1.392647,95420,38938.03,0,16,0,496949,91,3188736,,,
bookstore,cube,jpeg-replacement-q80,view-fill,fast,stationary,50,20,0.03,0.25,0.25,0,0,0.02439024,0.9756098,0.9756098,1.392647,1.392647,524249,467767,0,91,0,496949,91,18855936,,,
bookstore,cube,jpeg-replacement-q80,view-fill,moderate-mobile,stationary,10,50,0.06,0.25,0.5,0.04218894,1.687557,0.02439024,0.9756098,0.9512195,1.434836,1.392647,524249,467767,0,91,0,496949,91,18855936,,,
bookstore,cube,jpeg-replacement-q80,view-fill,constrained-mobile,stationary,2,100,0.12,0.75,0.75,0.5292131,15.51259,0.02439024,0.9268293,0.9268293,1.92186,1.392647,524249,467767,0,91,0,496949,91,18855936,,,
bookstore,cube,jpeg-replacement-q80,view-fill,very-constrained,stationary,0.75,150,0.19,1.5,1.5,1.19124,15.51259,0.02439024,0.8536585,0.8536585,2.583887,1.392647,524249,467767,0,91,0,496949,91,18855936,,,
bookstore,cube,jpeg-replacement-q80,view-direct,fast,stationary,50,20,0.03,0.25,0.25,0,0,0.02439024,0.9756098,0.9756098,1.392647,1.392647,64530,25962.24,0,10,0,496949,91,2414592,,,
bookstore,cube,jpeg-replacement-q80,view-direct,moderate-mobile,stationary,10,50,0.06,0.25,0.25,0,0,0.02439024,0.9756098,0.9756098,1.392647,1.392647,64530,25962.24,0,10,0,496949,91,2414592,,,
bookstore,cube,jpeg-replacement-q80,view-direct,constrained-mobile,stationary,2,100,0.12,0.5,0.5,0.3878149,15.51259,0.02439024,0.9512195,0.9512195,1.780461,1.392647,64530,25962.24,0,10,0,496949,91,2414592,,,
bookstore,cube,jpeg-replacement-q80,view-direct,very-constrained,stationary,0.75,150,0.19,1,1,1.146568,15.51259,0.02439024,0.902439,0.902439,2.539215,1.392647,64530,25962.24,0,10,0,496949,91,2414592,,,
bookstore,cube,jpeg-replacement-q80,global,fast,stationary,50,20,0.03,0.5,0.5,0.1464005,5.85602,0.02439024,0.9512195,0.9512195,1.539047,1.392647,524249,467767,0,91,0,496949,91,18855936,,,
bookstore,cube,jpeg-replacement-q80,global,moderate-mobile,stationary,10,50,0.06,1,1,0.535321,9.90089,0.02439024,0.902439,0.902439,1.927968,1.392647,524249,467767,0,91,0,496949,91,18855936,,,
bookstore,cube,jpeg-replacement-q80,global,constrained-mobile,stationary,2,100,0.12,2.25,2.25,1.643982,15.51259,0.02439024,0.7804878,0.7804878,3.036629,1.392647,524249,467767,0,91,0,496949,91,18855936,,,
bookstore,cube,jpeg-replacement-q80,global,very-constrained,stationary,0.75,150,0.19,4.75,5,3.673837,15.51259,0.02439024,0.5365854,0.5121951,5.066484,1.392647,524249,467767,0,91,0,496949,91,18855936,,,
bookstore,cube,jpeg-replacement-q80-whole,global,fast,stationary,50,20,0.03,0.25,0.25,0,0,0.02439024,0.9756098,0.9756098,1.389948,1.389948,485215,434233.3,0,25,0,477715,25,18855936,,,
bookstore,cube,jpeg-replacement-q80-whole,global,moderate-mobile,stationary,10,50,0.06,0.75,0.75,0.3940354,9.903588,0.02439024,0.9268293,0.9268293,1.783984,1.389948,485215,434233.3,0,25,0,477715,25,18855936,,,
bookstore,cube,jpeg-replacement-q80-whole,global,constrained-mobile,stationary,2,100,0.12,2.25,2.25,1.799323,15.51529,0.02439024,0.7804878,0.7804878,3.189271,1.389948,485215,434233.3,0,25,0,477715,25,18855936,,,
bookstore,cube,jpeg-replacement-q80-whole,global,very-constrained,stationary,0.75,150,0.19,5.5,5.5,4.291726,15.51529,0.02439024,0.4634146,0.4634146,5.681674,1.389948,485215,434233.3,0,25,0,477715,25,18855936,,,
bookstore,cube,jpeg-replacement-q80-whole,view-direct,fast,stationary,50,20,0.03,0.25,0.25,0,0,0.02439024,0.9756098,0.9756098,1.389948,1.389948,60170,26476.67,0,2,0,477715,25,2414592,,,
bookstore,cube,jpeg-replacement-q80-whole,view-direct,moderate-mobile,stationary,10,50,0.06,0.25,0.25,0,0,0.02439024,0.9756098,0.9756098,1.389948,1.389948,60170,26476.67,0,2,0,477715,25,2414592,,,
bookstore,cube,jpeg-replacement-q80-whole,view-direct,constrained-mobile,stationary,2,100,0.12,0.5,0.5,0.3878823,15.51529,0.02439024,0.9512195,0.9512195,1.777831,1.389948,60170,26476.67,0,2,0,477715,25,2414592,,,
bookstore,cube,jpeg-replacement-q80-whole,view-direct,very-constrained,stationary,0.75,150,0.19,1,1,1.163647,15.51529,0.02439024,0.902439,0.902439,2.553595,1.389948,60170,26476.67,0,2,0,477715,25,2414592,,,
superblock,cube,haar-residual-d12,view,fast,stationary,50,20,0.03,0.25,0.25,0,0,0.02439024,0.9756098,0.9756098,0.817048,0.817048,174264,81383.69,0,16,0,1702387,91,3188736,,,
superblock,cube,haar-residual-d12,view,moderate-mobile,stationary,10,50,0.08,0.5,0.5,0.1148707,4.594826,0.02439024,0.9512195,0.9512195,0.9319186,0.817048,174264,81383.69,0,16,0,1702387,91,3188736,,,
superblock,cube,haar-residual-d12,view,constrained-mobile,stationary,2,100,0.22,1,1,0.6708549,12.31148,0.02439024,0.902439,0.902439,1.487903,0.817048,174264,81383.69,0,16,0,1702387,91,3188736,,,
superblock,cube,haar-residual-d12,view,very-constrained,stationary,0.75,150,0.46,2.25,2.25,1.492453,12.31148,0.04878049,0.7804878,0.7804878,2.309501,0.817048,174264,81383.69,0,16,0,1702387,91,3188736,,,
superblock,cube,haar-residual-d12,view-fill,fast,stationary,50,20,0.03,0.25,0.25,0,0,0.02439024,0.9756098,0.9756098,0.817048,0.817048,1729687,1636807,0,91,0,1702387,91,18855936,,,
superblock,cube,haar-residual-d12,view-fill,moderate-mobile,stationary,10,50,0.08,0.5,0.5,0.1148707,4.594826,0.02439024,0.9512195,0.9512195,0.9319186,0.817048,1729687,1636807,0,91,0,1702387,91,18855936,,,
superblock,cube,haar-residual-d12,view-fill,constrained-mobile,stationary,2,100,0.22,1,1,0.6708549,12.31148,0.02439024,0.902439,0.902439,1.487903,0.817048,1729687,1636807,0,91,0,1702387,91,18855936,,,
superblock,cube,haar-residual-d12,view-fill,very-constrained,stationary,0.75,150,0.46,2.25,2.25,1.492453,12.31148,0.04878049,0.7804878,0.7804878,2.309501,0.817048,895201.5,802321.2,0,53,0,1702387,91,7321600,,,
superblock,cube,haar-residual-d12,global,fast,stationary,50,20,0.03,0.5,0.5,0.1148969,4.595877,0.02439024,0.9512195,0.9512195,0.9319449,0.817048,1729687,1636807,0,91,0,1702387,91,18855936,,,
superblock,cube,haar-residual-d12,global,moderate-mobile,stationary,10,50,0.08,1.25,1.25,0.6950095,10.56552,0.02439024,0.8780488,0.8780488,1.512057,0.817048,1729687,1636807,0,91,0,1702387,91,18855936,,,
superblock,cube,haar-residual-d12,global,constrained-mobile,stationary,2,100,0.22,4.75,5,3.104683,12.31148,0.02439024,0.5365854,0.5121951,3.921731,0.817048,1729687,1636807,0,91,0,1702387,91,18855936,,,
superblock,cube,haar-residual-d12,global,very-constrained,stationary,0.75,150,0.46,,,6.998966,12.31148,0.04878049,0,0,7.816014,0.817048,909930,867859.2,0,51,0,1702387,91,6797312,,,
superblock,cube,haar-residual-d12-p0.5,view,fast,stationary,50,20,0.03,0.25,0.25,0,0,0.02439024,0.9756098,0.9756098,2.676006,2.676006,146234,64583.73,0,16,0,1531638,91,3188736,,,
superblock,cube,haar-residual-d12-p0.5,view,moderate-mobile,stationary,10,50,0.07,0.5,0.5,0.08528176,3.41127,0.02439024,0.9512195,0.9512195,2.761288,2.676006,146234,64583.73,0,16,0,1531638,91,3188736,,,
superblock,cube,haar-residual-d12-p0.5,view,constrained-mobile,stationary,2,100,0.18,0.75,1,0.4197117,10.48818,0.02439024,0.9268293,0.902439,3.095718,2.676006,146234,64583.73,0,16,0,1531638,91,3188736,,,
superblock,cube,haar-residual-d12-p0.5,view,very-constrained,stationary,0.75,150,0.35,1.5,2,0.9555675,10.48818,0.04878049,0.8536585,0.804878,3.631574,2.676006,146234,64583.73,0,16,0,1531638,91,3188736,,,
superblock,cube,jpeg-residual-q80,view,fast,stationary,50,20,0.03,0.25,0.25,0,0,0.02439024,0.9756098,0.9756098,1.647705,1.647705,123184,49446.36,0,16,0,1173180,91,3188736,,,
superblock,cube,jpeg-residual-q80,view,moderate-mobile,stationary,10,50,0.06,0.5,0.5,0.123872,4.95488,0.02439024,0.9512195,0.9512195,1.771577,1.647705,123184,49446.36,0,16,0,1173180,91,3188736,,,
superblock,cube,jpeg-residual-q80,view,constrained-mobile,stationary,2,100,0.12,1,1,0.4927256,10.4964,0.02439024,0.902439,0.902439,2.140431,1.647705,123184,49446.36,0,16,0,1173180,91,3188736,,,
superblock,cube,jpeg-residual-q80,view,very-constrained,stationary,0.75,150,0.21,1.75,1.75,1.108706,12.16146,0.02439024,0.8292683,0.8292683,2.756411,1.647705,123184,49446.36,0,16,0,1173180,91,3188736,,,
superblock,cube,jpeg-residual-q80,view-fill,fast,stationary,50,20,0.03,0.25,0.25,0,0,0.02439024,0.9756098,0.9756098,1.647705,1.647705,1200480,1126742,0,91,0,1173180,91,18855936,,,
superblock,cube,jpeg-residual-q80,view-fill,moderate-mobile,stationary,10,50,0.06,0.5,0.5,0.123872,4.95488,0.02439024,0.9512195,0.9512195,1.771577,1.647705,1200480,1126742,0,91,0,1173180,91,18855936,,,
superblock,cube,jpeg-residual-q80,view-fill,constrained-mobile,stationary,2,100,0.12,1,1,0.4927256,10.4964,0.02439024,0.902439,0.902439,2.140431,1.647705,1200480,1126742,0,91,0,1173180,91,18855936,,,
superblock,cube,jpeg-residual-q80,view-fill,very-constrained,stationary,0.75,150,0.21,1.75,1.75,1.108706,12.16146,0.02439024,0.8292683,0.8292683,2.756411,1.647705,882363,808625.4,0,78,0,1173180,91,13875200,,,
superblock,cube,jpeg-residual-q80,global,fast,stationary,50,20,0.03,0.5,0.5,0.1241738,4.966952,0.02439024,0.9512195,0.9512195,1.771879,1.647705,1200480,1126742,0,91,0,1173180,91,18855936,,,
superblock,cube,jpeg-residual-q80,global,moderate-mobile,stationary,10,50,0.06,1,1,0.452312,8.158574,0.02439024,0.902439,0.902439,2.100017,1.647705,1200480,1126742,0,91,0,1173180,91,18855936,,,
superblock,cube,jpeg-residual-q80,global,constrained-mobile,stationary,2,100,0.12,3.25,3.25,1.967241,12.16146,0.02439024,0.6829268,0.6829268,3.614946,1.647705,1200480,1126742,0,91,0,1173180,91,18855936,,,
superblock,cube,jpeg-residual-q80,global,very-constrained,stationary,0.75,150,0.21,8,8,4.848413,12.16146,0.02439024,0.2195122,0.2195122,6.496119,1.647705,894308,820570.4,0,78,0,1173180,91,13875200,,,
superblock,cube,jpeg-replacement-q80,view,fast,stationary,50,20,0.03,0.25,0.25,0,0,0.02439024,0.9756098,0.9756098,1.647017,1.647017,149670,59574.89,0,16,0,1429759,91,3188736,,,
superblock,cube,jpeg-replacement-q80,view,moderate-mobile,stationary,10,50,0.06,0.5,0.5,0.1236867,4.947469,0.02439024,0.9512195,0.9512195,1.770704,1.647017,149670,59574.89,0,16,0,1429759,91,3188736,,,
superblock,cube,jpeg-replacement-q80,view,constrained-mobile,stationary,2,100,0.12,1,1,0.5514272,12.16215,0.02439024,0.902439,0.902439,2.198445,1.647017,149670,59574.89,0,16,0,1429759,91,3188736,,,
superblock,cube,jpeg-replacement-q80,view,very-constrained,stationary,0.75,150,0.21,2,2,1.325245,12.16215,0.02439024,0.804878,0.804878,2.972262,1.647017,149670,59574.89,0,16,0,1429759,91,3188736,,,
superblock,cube,jpeg-replacement-q80,view-fill,fast,stationary,50,20,0.03,0.25,0.25,0,0,0.02439024,0.9756098,0.9756098,1.647017,1.647017,1457059,1366964,0,91,0,1429759,91,18855936,,,
superblock,cube,jpeg-replacement-q80,view-fill,moderate-mobile,stationary,10,50,0.06,0.5,0.5,0.1236867,4.947469,0.02439024,0.9512195,0.9512195,1.770704,1.647017,1457059,1366964,0,91,0,1429759,91,18855936,,,
superblock,cube,jpeg-replacement-q80,view-fill,constrained-mobile,stationary,2,100,0.12,1,1,0.5514272,12.16215,0.02439024,0.902439,0.902439,2.198445,1.647017,1457059,1366964,0,91,0,1429759,91,18855936,,,
superblock,cube,jpeg-replacement-q80,view-fill,very-constrained,stationary,0.75,150,0.21,2,2,1.325245,12.16215,0.02439024,0.804878,0.804878,2.972262,1.647017,889166,799070.9,0,70,0,1429759,91,11778048,,,
superblock,cube,jpeg-replacement-q80,view-direct,fast,stationary,50,20,0.03,0.25,0.25,0,0,0.02439024,0.9756098,0.9756098,1.647017,1.647017,107858,42246.6,0,10,0,1429759,91,2414592,,,
superblock,cube,jpeg-replacement-q80,view-direct,moderate-mobile,stationary,10,50,0.06,0.25,0.25,0,0,0.02439024,0.9756098,0.9756098,1.647017,1.647017,107858,42246.6,0,10,0,1429759,91,2414592,,,
superblock,cube,jpeg-replacement-q80,view-direct,constrained-mobile,stationary,2,100,0.12,0.75,0.75,0.5442836,12.16215,0.02439024,0.9268293,0.9268293,2.191301,1.647017,107858,42246.6,0,10,0,1429759,91,2414592,,,
superblock,cube,jpeg-replacement-q80,view-direct,very-constrained,stationary,0.75,150,0.21,1.5,1.5,1.453608,12.16215,0.02439024,0.8536585,0.8536585,3.100626,1.647017,107858,42246.6,0,10,0,1429759,91,2414592,,,
superblock,cube,jpeg-replacement-q80,global,fast,stationary,50,20,0.03,0.5,0.5,0.1242169,4.968674,0.02439024,0.9512195,0.9512195,1.771234,1.647017,1457059,1366964,0,91,0,1429759,91,18855936,,,
superblock,cube,jpeg-replacement-q80,global,moderate-mobile,stationary,10,50,0.06,1.25,1.25,0.5592736,8.165173,0.02439024,0.8780488,0.8780488,2.206291,1.647017,1457059,1366964,0,91,0,1429759,91,18855936,,,
superblock,cube,jpeg-replacement-q80,global,constrained-mobile,stationary,2,100,0.12,3.75,4,2.249355,12.16215,0.02439024,0.6341463,0.6097561,3.896372,1.647017,1457059,1366964,0,91,0,1429759,91,18855936,,,
superblock,cube,jpeg-replacement-q80,global,very-constrained,stationary,0.75,150,0.21,9.25,9.75,5.818345,12.16215,0.02439024,0.09756098,0.04878049,7.465362,1.647017,898673.5,808578.4,0,70,0,1429759,91,11778048,,,
superblock,cube,jpeg-replacement-q80-whole,global,fast,stationary,50,20,0.03,0.5,0.5,0.1242474,4.969896,0.02439024,0.9512195,0.9512195,1.768828,1.644581,1418255,1335555,0,25,0,1410755,25,18855936,,,
superblock,cube,jpeg-replacement-q80-whole,global,moderate-mobile,stationary,10,50,0.06,1.25,1.25,0.5769324,8.16761,0.02439024,0.8780488,0.8780488,2.221513,1.644581,1418255,1335555,0,25,0,1410755,25,18855936,,,
superblock,cube,jpeg-replacement-q80-whole,global,constrained-mobile,stationary,2,100,0.12,4.25,4.25,2.545669,12.16459,0.02439024,0.5853659,0.5853659,4.19025,1.644581,1418255,1335555,0,25,0,1410755,25,18855936,,,
superblock,cube,jpeg-replacement-q80-whole,global,very-constrained,stationary,0.75,150,0.21,,,6.383219,12.16459,0.02439024,0,0,8.0278,1.644581,898673.5,822128.5,0,25,0,1410755,25,4700160,,,
superblock,cube,jpeg-replacement-q80-whole,view-direct,fast,stationary,50,20,0.03,0.25,0.25,0,0,0.02439024,0.9756098,0.9756098,1.644581,1.644581,104023,45042.23,0,2,0,1410755,25,2414592,,,
superblock,cube,jpeg-replacement-q80-whole,view-direct,moderate-mobile,stationary,10,50,0.06,0.25,0.25,0,0,0.02439024,0.9756098,0.9756098,1.644581,1.644581,104023,45042.23,0,2,0,1410755,25,2414592,,,
superblock,cube,jpeg-replacement-q80-whole,view-direct,constrained-mobile,stationary,2,100,0.12,0.75,0.75,0.6082293,12.16459,0.02439024,0.9268293,0.9268293,2.25281,1.644581,104023,45042.23,0,2,0,1410755,25,2414592,,,
superblock,cube,jpeg-replacement-q80-whole,view-direct,very-constrained,stationary,0.75,150,0.21,1.5,1.5,1.520573,12.16459,0.02439024,0.8536585,0.8536585,3.165154,1.644581,104023,45042.23,0,2,0,1410755,25,2414592,,,
northrop-mall,cube,haar-residual-d12,view,fast,slow-turn,50,20,0.03,0.25,0.25,0,0,0.01234568,0.9876543,0.9876543,-0.7440698,-0.741136,1280673,407251.6,0,81,0,1416354,91,16234496,,,
northrop-mall,cube,haar-residual-d12,view,moderate-mobile,slow-turn,10,50,0.08,0.5,0.5,0.0985421,7.855659,0.01234568,0.9753086,0.9753086,-0.6455277,-0.741136,1280673,407251.6,0,81,0,1416354,91,16234496,,,
northrop-mall,cube,haar-residual-d12,view,constrained-mobile,slow-turn,2,100,0.21,1.75,2.25,0.7381447,11.40784,0.01234568,0.9012346,0.8641975,-0.005925081,-0.741136,1280673,407251.6,0,81,0,1416354,91,16234496,,,
northrop-mall,cube,haar-residual-d12,view,very-constrained,slow-turn,0.75,150,0.43,4,7.75,2.475483,11.56302,0.02469136,0.654321,0.4938272,1.72972,-0.741136,1250583,378018.8,0,79,0,1416354,91,15710208,,,
northrop-mall,cube,haar-residual-d12,view-fill,fast,slow-turn,50,20,0.03,0.25,0.25,0,0,0.01234568,0.9876543,0.9876543,-0.7440698,-0.741136,1443654,570232.6,0,96,5,1416354,91,18855936,,,
northrop-mall,cube,haar-residual-d12,view-fill,moderate-mobile,slow-turn,10,50,0.08,0.5,0.5,0.0985421,7.855659,0.01234568,0.9753086,0.9753086,-0.6455277,-0.741136,1443654,570232.6,0,91,0,1416354,91,18855936,,,
northrop-mall,cube,haar-residual-d12,view-fill,constrained-mobile,slow-turn,2,100,0.21,1.75,2.25,0.6301648,11.40784,0.01234568,0.9135802,0.8888889,-0.113905,-0.741136,1460898,586985.4,17244,92,1,1416354,91,18855936,,,
northrop-mall,cube,haar-residual-d12,view-fill,very-constrained,slow-turn,0.75,150,0.43,4,7.75,2.256901,11.56302,0.02469136,0.6790123,0.5555556,1.511139,-0.741136,1496743,597574.6,53089.02,97,6,1416354,91,18855936,,,
northrop-mall,cube,haar-residual-d12,global,fast,slow-turn,50,20,0.03,0.5,0.5,0.06110156,4.888125,0.01234568,0.9753086,0.9753086,-0.6829683,-0.741136,1443654,570232.6,0,91,0,1416354,91,18855936,,,
northrop-mall,cube,haar-residual-d12,global,moderate-mobile,slow-turn,10,50,0.08,1.25,1.25,0.3256137,9.968928,0.01234568,0.9382716,0.9382716,-0.4184561,-0.741136,1443654,570232.6,0,91,0,1416354,91,18855936,,,
northrop-mall,cube,haar-residual-d12,global,constrained-mobile,slow-turn,2,100,0.21,3.5,4.25,1.212113,11.53582,0.01234568,0.8271605,0.7901235,0.4680429,-0.741136,1443654,570232.6,0,91,0,1416354,91,18855936,,,
northrop-mall,cube,haar-residual-d12,global,very-constrained,slow-turn,0.75,150,0.43,12,12.75,3.508388,11.56302,0.02469136,0.4074074,0.3703704,2.762626,-0.741136,1443654,570232.6,0,91,0,1416354,91,18855936,,,
northrop-mall,cube,haar-residual-d12-p0.5,view,fast,slow-turn,50,20,0.03,0.25,0.25,0,0,0.01234568,0.9876543,0.9876543,0.1654224,0.1665121,1158117,363238.1,0,81,0,1293798,91,16234496,,,
northrop-mall,cube,haar-residual-d12-p0.5,view,moderate-mobile,slow-turn,10,50,0.07,0.5,0.5,0.07775348,6.220279,0.01234568,0.9753086,0.9753086,0.2431759,0.1665121,1158117,363238.1,0,81,0,1293798,91,16234496,,,
northrop-mall,cube,haar-residual-d12-p0.5,view,constrained-mobile,slow-turn,2,100,0.16,1.5,1.75,0.5264812,10.66496,0.01234568,0.9259259,0.8888889,0.6919036,0.1665121,1158117,363238.1,0,81,0,1293798,91,16234496,,,
northrop-mall,cube,haar-residual-d12-p0.5,view,very-constrained,slow-turn,0.75,150,0.31,3.5,5.25,1.723915,10.80393,0.02469136,0.7654321,0.5802469,1.88957,0.1665121,1177733,363238.1,19615.52,82,1,1293798,91,16234496,,,
northrop-mall,cube,jpeg-residual-q80,view,fast,slow-turn,50,20,0.03,0.25,0.25,0,0,0.01234568,0.9876543,0.9876543,-0.01386691,-0.01138884,966211,288249,0,81,0,1082401,91,16234496,,,
northrop-mall,cube,jpeg-residual-q80,view,moderate-mobile,slow-turn,10,50,0.06,0.5,0.5,0.05241812,4.19345,0.01234568,0.9753086,0.9753086,0.03855121,-0.01138884,966211,288249,0,81,0,1082401,91,16234496,,,
northrop-mall,cube,jpeg-residual-q80,view,constrained-mobile,slow-turn,2,100,0.12,1.5,1.5,0.4126024,9.640729,0.01234568,0.9259259,0.9135802,0.3987355,-0.01138884,966211,288249,0,81,0,1082401,91,16234496,,,
northrop-mall,cube,jpeg-residual-q80,view,very-constrained,slow-turn,0.75,150,0.21,3.5,4.75,1.500246,11.03435,0.01234568,0.7901235,0.6666667,1.48638,-0.01138884,966211,288249,0,81,0,1082401,91,16234496,,,
northrop-mall,cube,jpeg-residual-q80,view-fill,fast,slow-turn,50,20,0.03,0.25,0.25,0,0,0.01234568,0.9876543,0.9876543,-0.01386691,-0.01138884,1109701,431739,0,96,5,1082401,91,18855936,,,
northrop-mall,cube,jpeg-residual-q80,view-fill,moderate-mobile,slow-turn,10,50,0.06,0.5,0.5,0.05241812,4.19345,0.01234568,0.9753086,0.9753086,0.03855121,-0.01138884,1114215,432266,4514,94,3,1082401,91,18855936,,,
northrop-mall,cube,jpeg-residual-q80,view-fill,constrained-mobile,slow-turn,2,100,0.12,1.5,1.5,0.3825041,9.640729,0.01234568,0.9259259,0.9259259,0.3686372,-0.01138884,1109701,431739,0,94,3,1082401,91,18855936,,,
northrop-mall,cube,jpeg-residual-q80,view-fill,very-constrained,slow-turn,0.75,150,0.21,3.5,4.75,1.356727,11.03435,0.01234568,0.8024691,0.6790123,1.34286,-0.01138884,1165080,448479.2,55379.31,103,12,1082401,91,18855936,,,
northrop-mall,cube,jpeg-residual-q80,global,fast,slow-turn,50,20,0.03,0.5,0.5,0.06112458,4.889967,0.01234568,0.9753086,0.9753086,0.04725767,-0.01138884,1109701,431739,0,91,0,1082401,91,18855936,,,
northrop-mall,cube,jpeg-residual-q80,global,moderate-mobile,slow-turn,10,50,0.06,1,1,0.2176426,7.776804,0.01234568,0.9506173,0.9506173,0.2037757,-0.01138884,1109701,431739,0,91,0,1082401,91,18855936,,,
northrop-mall,cube,jpeg-residual-q80,global,constrained-mobile,slow-turn,2,100,0.12,3,3,0.8397846,11.03435,0.01234568,0.8518519,0.8518519,0.8259177,-0.01138884,1109701,431739,0,91,0,1082401,91,18855936,,,
northrop-mall,cube,jpeg-residual-q80,global,very-constrained,slow-turn,0.75,150,0.21,4.5,5.5,2.125695,11.17881,0.01234568,0.691358,0.5308642,2.111828,-0.01138884,1109701,431739,0,91,0,1082401,91,18855936,,,
northrop-mall,cube,jpeg-replacement-q80,view,fast,slow-turn,50,20,0.03,0.25,0.25,0,0,0.01234568,0.9876543,0.9876543,0.01132347,0.0137667,1156464,341723,0,81,0,1298191,91,16234496,,,
northrop-mall,cube,jpeg-replacement-q80,view,moderate-mobile,slow-turn,10,50,0.06,0.5,0.5,0.0425139,3.401112,0.01234568,0.9753086,0.9753086,0.05383738,0.0137667,1156464,341723,0,81,0,1298191,91,16234496,,,
northrop-mall,cube,jpeg-replacement-q80,view,constrained-mobile,slow-turn,2,100,0.12,1.5,1.75,0.4768806,11.01029,0.01234568,0.9259259,0.9012346,0.4882041,0.0137667,1156464,341723,0,81,0,1298191,91,16234496,,,
northrop-mall,cube,jpeg-replacement-q80,view,very-constrained,slow-turn,0.75,150,0.21,3.75,6.5,1.901333,11.15652,0.01234568,0.7654321,0.5432099,1.912656,0.0137667,1182432,342983.2,53703.14,83,3,1298191,91,15972352,,,
northrop-mall,cube,jpeg-replacement-q80,view-fill,fast,slow-turn,50,20,0.03,0.25,0.25,0,0,0.01234568,0.9876543,0.9876543,0.01132347,0.0137667,1325491,510750,0,96,5,1298191,91,18855936,,,
northrop-mall,cube,jpeg-replacement-q80,view-fill,moderate-mobile,slow-turn,10,50,0.06,0.5,0.5,0.0425139,3.401112,0.01234568,0.9753086,0.9753086,0.05383738,0.0137667,1325491,510750,0,95,4,1298191,91,18855936,,,
northrop-mall,cube,jpeg-replacement-q80,view-fill,constrained-mobile,slow-turn,2,100,0.12,1.5,1.75,0.4263644,11.01029,0.01234568,0.9259259,0.9135802,0.4376878,0.0137667,1325491,510750,0,91,0,1298191,91,18855936,,,
northrop-mall,cube,jpeg-replacement-q80,view-fill,very-constrained,slow-turn,0.75,150,0.21,3.75,6.5,1.709906,11.15652,0.01234568,0.7654321,0.6049383,1.72123,0.0137667,1403016,559881.4,77524.66,98,7,1298191,91,18855936,,,
northrop-mall,cube,jpeg-replacement-q80,view-direct,fast,slow-turn,50,20,0.03,0.25,0.25,0,0,0.01234568,0.9876543,0.9876543,0.01132347,0.0137667,806783,210889.4,0,45,0,1298191,91,11589632,,,
northrop-mall,cube,jpeg-replacement-q80,view-direct,moderate-mobile,slow-turn,10,50,0.06,0.5,0.5,0.05596639,4.477311,0.01234568,0.9753086,0.9753086,0.06728986,0.0137667,806783,210889.4,0,45,0,1298191,91,11589632,,,
northrop-mall,cube,jpeg-replacement-q80,view-direct,constrained-mobile,slow-turn,2,100,0.12,1.25,1.25,0.5431297,11.15652,0.01234568,0.9382716,0.8888889,0.5544532,0.0137667,806783,210889.4,0,45,0,1298191,91,11589632,,,
northrop-mall,cube,jpeg-replacement-q80,view-direct,very-constrained,slow-turn,0.75,150,0.21,3.25,3.25,2.092552,11.15652,0.01234568,0.7037037,0.617284,2.103875,0.0137667,821470.5,210889.4,14687.5,46,1,1298191,91,11589632,,,
northrop-mall,cube,jpeg-replacement-q80,global,fast,slow-turn,50,20,0.03,0.5,0.5,0.06092383,4.873907,0.01234568,0.9753086,0.9753086,0.07224731,0.0137667,1325491,510750,0,91,0,1298191,91,18855936,,,
northrop-mall,cube,jpeg-replacement-q80,global,moderate-mobile,slow-turn,10,50,0.06,1,1.25,0.235633,7.758536,0.01234568,0.9506173,0.9382716,0.2469565,0.0137667,1325491,510750,0,91,0,1298191,91,18855936,,,
northrop-mall,cube,jpeg-replacement-q80,global,constrained-mobile,slow-turn,2,100,0.12,3.5,3.5,0.9376563,11.01029,0.01234568,0.8271605,0.8271605,0.9489797,0.0137667,1325491,510750,0,91,0,1298191,91,18855936,,,
northrop-mall,cube,jpeg-replacement-q80,global,very-constrained,slow-turn,0.75,150,0.21,5.25,11.5,2.773615,11.15652,0.01234568,0.5308642,0.4320988,2.784939,0.0137667,1325491,510750,0,91,0,1298191,91,18855936,,,
northrop-mall,cube,jpeg-replacement-q80-whole,global,fast,slow-turn,50,20,0.03,0.5,0.5,0.06093502,4.874801,0.01234568,0.9753086,0.9753086,0.07102962,0.01253751,1287939,494618,0,25,0,1280439,25,18855936,,,
northrop-mall,cube,jpeg-replacement-q80-whole,global,moderate-mobile,slow-turn,10,50,0.06,1.25,1.25,0.2771662,7.759792,0.01234568,0.9382716,0.9382716,0.2872608,0.01253751,1287939,494618,0,25,0,1280439,25,18855936,,,
northrop-mall,cube,jpeg-replacement-q80-whole,global,constrained-mobile,slow-turn,2,100,0.12,4.25,4.5,1.305555,11.01154,0.01234568,0.7901235,0.7777778,1.31565,0.01253751,1287939,494618,0,25,0,1280439,25,18855936,,,
northrop-mall,cube,jpeg-replacement-q80-whole,global,very-constrained,slow-turn,0.75,150,0.21,13.25,13.25,3.755204,11.15779,0.01234568,0.345679,0.345679,3.765299,0.01253751,1287939,494618,0,25,0,1280439,25,18855936,,,
northrop-mall,cube,jpeg-replacement-q80-whole,view-direct,fast,slow-turn,50,20,0.03,0.25,0.25,0,0,0.01234568,0.9876543,0.9876543,0.01009461,0.01253751,949121,368841.4,0,7,0,1280439,25,14211072,,,
northrop-mall,cube,jpeg-replacement-q80-whole,view-direct,moderate-mobile,slow-turn,10,50,0.06,0.5,0.5,0.1376443,11.01154,0.01234568,0.9753086,0.9753086,0.1477389,0.01253751,949121,368841.4,0,7,0,1280439,25,14211072,,,
northrop-mall,cube,jpeg-replacement-q80-whole,view-direct,constrained-mobile,slow-turn,2,100,0.12,2.25,2.25,1.332172,11.15779,0.01234568,0.8641975,0.8395062,1.342266,0.01253751,949121,368841.4,0,7,0,1280439,25,14211072,,,
northrop-mall,cube,jpeg-replacement-q80-whole,view-direct,very-constrained,slow-turn,0.75,150,0.21,5.25,5.25,4.647427,12.15255,0.01234568,0.5185185,0.4938272,4.657522,0.01253751,949121,368841.4,0,7,0,1280439,25,14211072,,,
bookstore,cube,haar-residual-d12,view,fast,slow-turn,50,20,0.03,0.25,0.25,0,0,0.01234568,0.9876543,0.9876543,1.284821,1.285372,382546,89378.17,0,81,0,374015,91,16234496,,,
bookstore,cube,haar-residual-d12,view,moderate-mobile,slow-turn,10,50,0.07,0.5,0.5,0.04073168,3.258534,0.01234568,0.9753086,0.9753086,1.325553,1.285372,382546,89378.17,0,81,0,374015,91,16234496,,,
bookstore,cube,haar-residual-d12,view,constrained-mobile,slow-turn,2,100,0.19,1,1,0.3143377,15.25298,0.01234568,0.9506173,0.9506173,1.599159,1.285372,382546,89378.17,0,81,0,374015,91,16234496,,,
bookstore,cube,haar-residual-d12,view,very-constrained,slow-turn,0.75,150,0.37,2,2.25,0.8995336,15.58791,0.02469136,0.9012346,0.8641975,2.186932,1.285372,382546,89378.17,0,81,0,374015,91,16234496,,,
bookstore,cube,haar-residual-d12,view-fill,fast,slow-turn,50,20,0.03,0.25,0.25,0,0,0.01234568,0.9876543,0.9876543,1.284821,1.285372,401315,108147.2,0,95,4,374015,91,18855936,,,
bookstore,cube,haar-residual-d12,view-fill,moderate-mobile,slow-turn,10,50,0.07,0.5,0.5,0.04073168,3.258534,0.01234568,0.9753086,0.9753086,1.325553,1.285372,401315,108147.2,0,94,3,374015,91,18855936,,,
bookstore,cube,haar-residual-d12,view-fill,constrained-mobile,slow-turn,2,100,0.19,1,1,0.3109954,15.25298,0.01234568,0.9506173,0.9506173,1.595817,1.285372,401315,108147.2,0,92,1,374015,91,18855936,,,
bookstore,cube,haar-residual-d12,view-fill,very-constrained,slow-turn,0.75,150,0.37,2,2.25,0.8213468,15.58791,0.02469136,0.9012346,0.8888889,2.108746,1.285372,401315,108147.2,0,91,0,374015,91,18855936,,,
bookstore,cube,haar-residual-d12,global,fast,slow-turn,50,20,0.03,0.5,0.5,0.06228992,4.983193,0.01234568,0.9753086,0.9753086,1.347111,1.285372,401315,108147.2,0,91,0,374015,91,18855936,,,
bookstore,cube,haar-residual-d12,global,moderate-mobile,slow-turn,10,50,0.07,1,1,0.238086,9.290297,0.01234568,0.9506173,0.9506173,1.522907,1.285372,401315,108147.2,0,91,0,374015,91,18855936,,,
bookstore,cube,haar-residual-d12,global,constrained-mobile,slow-turn,2,100,0.19,2,2,0.7183209,15.25298,0.01234568,0.9012346,0.9012346,2.003142,1.285372,401315,108147.2,0,91,0,374015,91,18855936,,,
bookstore,cube,haar-residual-d12,global,very-constrained,slow-turn,0.75,150,0.37,3.5,4.25,1.49287,15.58791,0.02469136,0.8271605,0.7901235,2.780268,1.285372,401315,108147.2,0,91,0,374015,91,18855936,,,
bookstore,cube,haar-residual-d12-p0.5,view,fast,slow-turn,50,20,0.03,0.25,0.25,0,0,0.01234568,0.9876543,0.9876543,3.915669,3.918083,315954,68252.96,0,81,0,307423,91,16234496,,,
bookstore,cube,haar-residual-d12-p0.5,view,moderate-mobile,slow-turn,10,50,0.06,0.25,0.5,0.02334297,1.867438,0.01234568,0.9876543,0.9753086,3.939012,3.918083,315954,68252.96,0,81,0,307423,91,16234496,,,
bookstore,cube,haar-residual-d12-p0.5,view,constrained-mobile,slow-turn,2,100,0.15,0.75,1,0.2231723,12.56011,0.01234568,0.962963,0.9506173,4.138842,3.918083,315954,68252.96,0,81,0,307423,91,16234496,,,
bookstore,cube,haar-residual-d12-p0.5,view,very-constrained,slow-turn,0.75,150,0.26,1.5,1.75,0.4491058,12.67659,0.02469136,0.9259259,0.9135802,4.36594,3.918083,315954,68252.96,0,81,0,307423,91,16234496,,,
bookstore,cube,jpeg-residual-q80,view,fast,slow-turn,50,20,0.03,0.25,0.25,0,0,0.01234568,0.9876543,0.9876543,1.529426,1.52847,399370,104461.9,0,81,0,414399,91,16234496,,,
bookstore,cube,jpeg-residual-q80,view,moderate-mobile,slow-turn,10,50,0.06,0.5,0.5,0.05153947,4.123157,0.01234568,0.9753086,0.9753086,1.580965,1.52847,399370,104461.9,0,81,0,414399,91,16234496,,,
bookstore,cube,jpeg-residual-q80,view,constrained-mobile,slow-turn,2,100,0.12,1,1,0.2960145,13.12461,0.01234568,0.9506173,0.9506173,1.82544,1.52847,399370,104461.9,0,81,0,414399,91,16234496,,,
bookstore,cube,jpeg-residual-q80,view,very-constrained,slow-turn,0.75,150,0.19,1.75,1.75,0.7252064,15.44671,0.01234568,0.9135802,0.9012346,2.254632,1.52847,399370,104461.9,0,81,0,414399,91,16234496,,,
bookstore,cube,jpeg-residual-q80,view-fill,fast,slow-turn,50,20,0.03,0.25,0.25,0,0,0.01234568,0.9876543,0.9876543,1.529426,1.52847,441699,146790.9,0,95,4,414399,91,18855936,,,
bookstore,cube,jpeg-residual-q80,view-fill,moderate-mobile,slow-turn,10,50,0.06,0.5,0.5,0.05153947,4.123157,0.01234568,0.9753086,0.9753086,1.580965,1.52847,441699,146790.9,0,93,2,414399,91,18855936,,,
bookstore,cube,jpeg-residual-q80,view-fill,constrained-mobile,slow-turn,2,100,0.12,1,1,0.2903756,13.12461,0.01234568,0.9506173,0.9506173,1.819801,1.52847,441699,146790.9,0,91,0,414399,91,18855936,,,
bookstore,cube,jpeg-residual-q80,view-fill,very-constrained,slow-turn,0.75,150,0.19,1.75,1.75,0.6636784,15.44671,0.01234568,0.9135802,0.9135802,2.193104,1.52847,446558.4,151650.3,4859.375,92,1,414399,91,18855936,,,
bookstore,cube,jpeg-residual-q80,global,fast,slow-turn,50,20,0.03,0.5,0.5,0.07294904,5.835923,0.01234568,0.9753086,0.9753086,1.602375,1.52847,441699,146790.9,0,91,0,414399,91,18855936,,,
bookstore,cube,jpeg-residual-q80,global,moderate-mobile,slow-turn,10,50,0.06,1,1,0.2616492,9.907402,0.01234568,0.9506173,0.9506173,1.791075,1.52847,441699,146790.9,0,91,0,414399,91,18855936,,,
bookstore,cube,jpeg-residual-q80,global,constrained-mobile,slow-turn,2,100,0.12,2,2,0.7011552,15.44671,0.01234568,0.9012346,0.9012346,2.230581,1.52847,441699,146790.9,0,91,0,414399,91,18855936,,,
bookstore,cube,jpeg-residual-q80,global,very-constrained,slow-turn,0.75,150,0.19,3.25,4,1.335352,15.44671,0.01234568,0.8395062,0.8024691,2.864778,1.52847,441699,146790.9,0,91,0,414399,91,18855936,,,
bookstore,cube,jpeg-replacement-q80,view,fast,slow-turn,50,20,0.03,0.25,0.25,0,0,0.01234568,0.9876543,0.9876543,1.474501,1.47349,478442,118046,0,81,0,496949,91,16234496,,,
bookstore,cube,jpeg-replacement-q80,view,moderate-mobile,slow-turn,10,50,0.06,0.25,0.25,0.01133469,0.9067752,0.01234568,0.9876543,0.9876543,1.485835,1.47349,478442,118046,0,81,0,496949,91,16234496,,,
bookstore,cube,jpeg-replacement-q80,view,constrained-mobile,slow-turn,2,100,0.12,1,1,0.3176934,15.48407,0.01234568,0.9506173,0.9506173,1.792194,1.47349,478442,118046,0,81,0,496949,91,16234496,,,
bookstore,cube,jpeg-replacement-q80,view,very-constrained,slow-turn,0.75,150,0.19,2,2.5,0.9421064,15.61442,0.01234568,0.9012346,0.8518519,2.416607,1.47349,478442,118046,0,81,0,496949,91,16234496,,,
bookstore,cube,jpeg-replacement-q80,view-fill,fast,slow-turn,50,20,0.03,0.25,0.25,0,0,0.01234568,0.9876543,0.9876543,1.474501,1.47349,524249,163853,0,94,3,496949,91,18855936,,,
bookstore,cube,jpeg-replacement-q80,view-fill,moderate-mobile,slow-turn,10,50,0.06,0.25,0.25,0.01133469,0.9067752,0.01234568,0.9876543,0.9876543,1.485835,1.47349,536749,164932.6,12500,95,4,496949,91,18855936,,,
bookstore,cube,jpeg-replacement-q80,view-fill,constrained-mobile,slow-turn,2,100,0.12,1,1,0.3168119,15.48407,0.01234568,0.9506173,0.9506173,1.791313,1.47349,524249,163853,0,92,1,496949,91,18855936,,,
bookstore,cube,jpeg-replacement-q80,view-fill,very-constrained,slow-turn,0.75,150,0.19,2,2.5,0.8478432,15.61442,0.01234568,0.9012346,0.8765432,2.322344,1.47349,532385.7,163853,8136.65,92,1,496949,91,18855936,,,
bookstore,cube,jpeg-replacement-q80,view-direct,fast,slow-turn,50,20,0.03,0.25,0.25,0,0,0.01234568,0.9876543,0.9876543,1.474501,1.47349,304654,62075.02,0,45,0,496949,91,11589632,,,
bookstore,cube,jpeg-replacement-q80,view-direct,moderate-mobile,slow-turn,10,50,0.06,0.25,0.25,0,0,0.01234568,0.9876543,0.9876543,1.474501,1.47349,304654,62075.02,0,45,0,496949,91,11589632,,,
bookstore,cube,jpeg-replacement-q80,view-direct,constrained-mobile,slow-turn,2,100,0.12,0.75,0.75,0.2513945,15.48407,0.01234568,0.962963,0.962963,1.725895,1.47349,304654,62075.02,0,45,0,496949,91,11589632,,,
bookstore,cube,jpeg-replacement-q80,view-direct,very-constrained,slow-turn,0.75,150,0.19,1.5,1.5,1.059111,15.61442,0.01234568,0.9012346,0.8518519,2.533612,1.47349,304654,62075.02,0,45,0,496949,91,11589632,,,
bookstore,cube,jpeg-replacement-q80,global,fast,slow-turn,50,20,0.03,0.5,0.5,0.07322376,5.8579,0.01234568,0.9753086,0.9753086,1.547724,1.47349,524249,163853,0,91,0,496949,91,18855936,,,
bookstore,cube,jpeg-replacement-q80,global,moderate-mobile,slow-turn,10,50,0.06,1,1,0.2662547,9.931605,0.01234568,0.9506173,0.9506173,1.740755,1.47349,524249,163853,0,91,0,496949,91,18855936,,,
bookstore,cube,jpeg-replacement-q80,global,constrained-mobile,slow-turn,2,100,0.12,2,2.25,0.7830643,15.48407,0.01234568,0.9012346,0.8888889,2.257565,1.47349,524249,163853,0,91,0,496949,91,18855936,,,
bookstore,cube,jpeg-replacement-q80,global,very-constrained,slow-turn,0.75,150,0.19,3.5,4.25,1.511453,15.48407,0.01234568,0.8271605,0.7901235,2.985953,1.47349,524249,163853,0,91,0,496949,91,18855936,,,
bookstore,cube,jpeg-replacement-q80-whole,global,fast,slow-turn,50,20,0.03,0.25,0.25,0,0,0.01234568,0.9876543,0.9876543,1.47288,1.471856,485215,153600.1,0,25,0,477715,25,18855936,,,
bookstore,cube,jpeg-replacement-q80-whole,global,moderate-mobile,slow-turn,10,50,0.06,0.75,0.75,0.1976773,9.933258,0.01234568,0.962963,0.962963,1.670557,1.471856,485215,153600.1,0,25,0,477715,25,18855936,,,
bookstore,cube,jpeg-replacement-q80-whole,global,constrained-mobile,slow-turn,2,100,0.12,2.25,2.25,0.900682,15.48572,0.01234568,0.8888889,0.8888889,2.373562,1.471856,485215,153600.1,0,25,0,477715,25,18855936,,,
bookstore,cube,jpeg-replacement-q80-whole,global,very-constrained,slow-turn,0.75,150,0.19,5.75,5.75,2.24007,15.48572,0.01234568,0.7160494,0.7160494,3.712949,1.471856,485215,153600.1,0,25,0,477715,25,18855936,,,
bookstore,cube,jpeg-replacement-q80-whole,view-direct,fast,slow-turn,50,20,0.03,0.25,0.25,0,0,0.01234568,0.9876543,0.9876543,1.47288,1.471856,322520,102146.9,0,7,0,477715,25,14211072,,,
bookstore,cube,jpeg-replacement-q80-whole,view-direct,moderate-mobile,slow-turn,10,50,0.06,0.25,0.25,0,0,0.01234568,0.9876543,0.9876543,1.47288,1.471856,322520,102146.9,0,7,0,477715,25,14211072,,,
bookstore,cube,jpeg-replacement-q80-whole,view-direct,constrained-mobile,slow-turn,2,100,0.12,1,1,0.5033619,15.6163,0.01234568,0.9506173,0.9382716,1.976241,1.471856,322520,102146.9,0,7,0,477715,25,14211072,,,
bookstore,cube,jpeg-replacement-q80-whole,view-direct,very-constrained,slow-turn,0.75,150,0.19,2.5,2.5,2.04266,16.04236,0.01234568,0.8271605,0.8148148,3.51554,1.471856,322520,102146.9,0,7,0,477715,25,14211072,,,
superblock,cube,haar-residual-d12,view,fast,slow-turn,50,20,0.03,0.25,0.25,0,0,0.01234568,0.9876543,0.9876543,0.1479653,0.1562256,1473139,578339.7,0,81,0,1702387,91,16234496,,,
superblock,cube,haar-residual-d12,view,moderate-mobile,slow-turn,10,50,0.08,0.5,0.5,0.0566715,4.53372,0.01234568,0.9753086,0.9753086,0.2046368,0.1562256,1473139,578339.7,0,81,0,1702387,91,16234496,,,
superblock,cube,haar-residual-d12,view,constrained-mobile,slow-turn,2,100,0.22,2,2,0.7660167,12.34296,0.01234568,0.9012346,0.8518519,0.913982,0.1562256,1473139,578339.7,0,81,0,1702387,91,16234496,,,
superblock,cube,haar-residual-d12,view,very-constrained,slow-turn,0.75,150,0.46,5.25,9,3.552957,12.38946,0.02469136,0.5061728,0.3580247,3.692178,0.1562256,1432787,539137.2,0,79,0,1702387,91,15710208,,,
superblock,cube,haar-residual-d12,view-fill,fast,slow-turn,50,20,0.03,0.25,0.25,0,0,0.01234568,0.9876543,0.9876543,0.1479653,0.1562256,1729687,834887.7,0,96,5,1702387,91,18855936,,,
superblock,cube,haar-residual-d12,view-fill,moderate-mobile,slow-turn,10,50,0.08,0.5,0.5,0.0566715,4.53372,0.01234568,0.9753086,0.9753086,0.2046368,0.1562256,1742279,835868.8,12591.78,94,3,1702387,91,18855936,,,
superblock,cube,haar-residual-d12,view-fill,constrained-mobile,slow-turn,2,100,0.22,2,2,0.6094145,12.34296,0.01234568,0.9012346,0.9012346,0.7573798,0.1562256,1799245,845444.3,69558.4,96,5,1702387,91,18855936,,,
superblock,cube,haar-residual-d12,view-fill,very-constrained,slow-turn,0.75,150,0.46,5.25,9,3.488701,12.38946,0.02469136,0.5061728,0.382716,3.627923,0.1562256,1755934,852712.3,26247.13,97,6,1702387,91,18855936,,,
superblock,cube,haar-residual-d12,global,fast,slow-turn,50,20,0.03,0.5,0.5,0.05668584,4.534867,0.01234568,0.9753086,0.9753086,0.2046512,0.1562256,1729687,834887.7,0,91,0,1702387,91,18855936,,,
superblock,cube,haar-residual-d12,global,moderate-mobile,slow-turn,10,50,0.08,1.25,1.25,0.3371655,10.51363,0.01234568,0.9382716,0.9382716,0.4851308,0.1562256,1729687,834887.7,0,91,0,1702387,91,18855936,,,
superblock,cube,haar-residual-d12,global,constrained-mobile,slow-turn,2,100,0.22,3.75,4,1.310964,12.34296,0.01234568,0.8148148,0.8024691,1.458929,0.1562256,1729687,834887.7,0,91,0,1702387,91,18855936,,,
superblock,cube,haar-residual-d12,global,very-constrained,slow-turn,0.75,150,0.46,12.5,14,4.215451,12.38946,0.02469136,0.382716,0.308642,4.354673,0.1562256,1729687,834887.7,0,91,0,1702387,91,18855936,,,
superblock,cube,haar-residual-d12-p0.5,view,fast,slow-turn,50,20,0.03,0.25,0.25,0,0,0.01234568,0.9876543,0.9876543,1.669574,1.681999,1302390,502813.8,0,81,0,1531638,91,16234496,,,
superblock,cube,haar-residual-d12-p0.5,view,moderate-mobile,slow-turn,10,50,0.07,0.25,0.5,0.03050241,2.440193,0.01234568,0.9876543,0.9753086,1.700076,1.681999,1302390,502813.8,0,81,0,1531638,91,16234496,,,
superblock,cube,haar-residual-d12-p0.5,view,constrained-mobile,slow-turn,2,100,0.18,1.25,1.75,0.4531203,10.51976,0.01234568,0.9382716,0.8765432,2.122694,1.681999,1302390,502813.8,0,81,0,1531638,91,16234496,,,
superblock,cube,haar-residual-d12-p0.5,view,very-constrained,slow-turn,0.75,150,0.35,3.75,5.5,2.06224,10.54756,0.02469136,0.6790123,0.4567901,3.718785,1.681999,1280906,481941.8,0,80,0,1531638,91,15972352,,,
superblock,cube,jpeg-residual-q80,view,fast,slow-turn,50,20,0.03,0.25,0.25,0,0,0.01234568,0.9876543,0.9876543,1.38783,1.391038,992138,354122.4,0,81,0,1173180,91,16234496,,,
superblock,cube,jpeg-residual-q80,view,moderate-mobile,slow-turn,10,50,0.06,0.5,0.5,0.04696189,3.756951,0.01234568,0.9753086,0.9753086,1.434792,1.391038,992138,354122.4,0,81,0,1173180,91,16234496,,,
superblock,cube,jpeg-residual-q80,view,constrained-mobile,slow-turn,2,100,0.12,1,1.25,0.3431798,10.47821,0.01234568,0.9506173,0.9135802,1.731009,1.391038,992138,354122.4,0,81,0,1173180,91,16234496,,,
superblock,cube,jpeg-residual-q80,view,very-constrained,slow-turn,0.75,150,0.21,2.75,3.75,1.48197,12.2259,0.01234568,0.8024691,0.617284,2.8698,1.391038,992138,354122.4,0,81,0,1173180,91,16234496,,,
superblock,cube,jpeg-residual-q80,view-fill,fast,slow-turn,50,20,0.03,0.25,0.25,0,0,0.01234568,0.9876543,0.9876543,1.38783,1.391038,1200480,562464.4,0,96,5,1173180,91,18855936,,,
superblock,cube,jpeg-residual-q80,view-fill,moderate-mobile,slow-turn,10,50,0.06,0.5,0.5,0.04696189,3.756951,0.01234568,0.9753086,0.9753086,1.434792,1.391038,1204647,563828.4,4166.667,95,4,1173180,91,18855936,,,
superblock,cube,jpeg-residual-q80,view-fill,constrained-mobile,slow-turn,2,100,0.12,1,1.25,0.2906564,10.47821,0.01234568,0.9506173,0.9382716,1.678486,1.391038,1232189,583992.5,31709,94,3,1173180,91,18855936,,,
superblock,cube,jpeg-residual-q80,view-fill,very-constrained,slow-turn,0.75,150,0.21,2.75,3.75,1.248368,12.2259,0.01234568,0.8271605,0.7037037,2.636198,1.391038,1294718,614705.7,94237.69,104,13,1173180,91,18855936,,,
superblock,cube,jpeg-residual-q80,global,fast,slow-turn,50,20,0.03,0.5,0.5,0.06166484,4.933187,0.01234568,0.9753086,0.9753086,1.449495,1.391038,1200480,562464.4,0,91,0,1173180,91,18855936,,,
superblock,cube,jpeg-residual-q80,global,moderate-mobile,slow-turn,10,50,0.06,1,1,0.2210193,8.116978,0.01234568,0.9506173,0.9506173,1.608849,1.391038,1200480,562464.4,0,91,0,1173180,91,18855936,,,
superblock,cube,jpeg-residual-q80,global,constrained-mobile,slow-turn,2,100,0.12,2.25,3.25,0.8128045,12.2259,0.01234568,0.8888889,0.8395062,2.200634,1.391038,1200480,562464.4,0,91,0,1173180,91,18855936,,,
superblock,cube,jpeg-residual-q80,global,very-constrained,slow-turn,0.75,150,0.21,5.25,5.25,2.279081,12.33486,0.01234568,0.6666667,0.5308642,3.666911,1.391038,1200480,562464.4,0,91,0,1173180,91,18855936,,,
superblock,cube,jpeg-replacement-q80,view,fast,slow-turn,50,20,0.03,0.25,0.25,0,0,0.01234568,0.9876543,0.9876543,1.422126,1.424902,1206387,426027.2,0,81,0,1429759,91,16234496,,,
superblock,cube,jpeg-replacement-q80,view,moderate-mobile,slow-turn,10,50,0.06,0.25,0.5,0.01996122,1.596897,0.01234568,0.9876543,0.9753086,1.442087,1.424902,1206387,426027.2,0,81,0,1429759,91,16234496,,,
superblock,cube,jpeg-replacement-q80,view,constrained-mobile,slow-turn,2,100,0.12,1,1.5,0.399082,12.23665,0.01234568,0.9506173,0.9012346,1.821208,1.424902,1206387,426027.2,0,81,0,1429759,91,16234496,,,
superblock,cube,jpeg-replacement-q80,view,very-constrained,slow-turn,0.75,150,0.21,3.75,5.25,2.007795,12.33938,0.01234568,0.7283951,0.4691358,3.42992,1.424902,1206387,426027.2,0,81,0,1429759,91,16234496,,,
superblock,cube,jpeg-replacement-q80,view-fill,fast,slow-turn,50,20,0.03,0.25,0.25,0,0,0.01234568,0.9876543,0.9876543,1.422126,1.424902,1516025,681120.5,58966,96,5,1429759,91,18855936,,,
superblock,cube,jpeg-replacement-q80,view-fill,moderate-mobile,slow-turn,10,50,0.06,0.25,0.5,0.01996122,1.596897,0.01234568,0.9876543,0.9753086,1.442087,1.424902,1457059,676699.2,0,95,4,1429759,91,18855936,,,
superblock,cube,jpeg-replacement-q80,view-fill,constrained-mobile,slow-turn,2,100,0.12,1,1.5,0.330121,12.23665,0.01234568,0.9506173,0.9259259,1.752247,1.424902,1482142,699578.1,25082.67,95,4,1429759,91,18855936,,,
superblock,cube,jpeg-replacement-q80,view-fill,very-constrained,slow-turn,0.75,150,0.21,3.75,5.25,1.808558,12.33938,0.01234568,0.7530864,0.5432099,3.230684,1.424902,1497752,691089,40692.75,101,10,1429759,91,18855936,,,
superblock,cube,jpeg-replacement-q80,view-direct,fast,slow-turn,50,20,0.03,0.25,0.25,0,0,0.01234568,0.9876543,0.9876543,1.422126,1.424902,815586,251161.4,0,45,0,1429759,91,11589632,,,
superblock,cube,jpeg-replacement-q80,view-direct,moderate-mobile,slow-turn,10,50,0.06,0.25,0.25,0,0,0.01234568,0.9876543,0.9876543,1.422126,1.424902,815586,251161.4,0,45,0,1429759,91,11589632,,,
superblock,cube,jpeg-replacement-q80,view-direct,constrained-mobile,slow-turn,2,100,0.12,1,1,0.4913322,12.23665,0.01234568,0.9506173,0.8888889,1.913458,1.424902,815586,251161.4,0,45,0,1429759,91,11589632,,,
superblock,cube,jpeg-replacement-q80,view-direct,very-constrained,slow-turn,0.75,150,0.21,3,3,2.073942,12.33938,0.01234568,0.7530864,0.617284,3.496068,1.424902,815586,251161.4,0,46,1,1429759,91,11589632,,,
superblock,cube,jpeg-replacement-q80,global,fast,slow-turn,50,20,0.03,0.5,0.5,0.06176079,4.940863,0.01234568,0.9753086,0.9753086,1.483886,1.424902,1457059,676699.2,0,91,0,1429759,91,18855936,,,
superblock,cube,jpeg-replacement-q80,global,moderate-mobile,slow-turn,10,50,0.06,1.25,1.25,0.2756172,8.132117,0.01234568,0.9382716,0.9382716,1.697743,1.424902,1457059,676699.2,0,91,0,1429759,91,18855936,,,
superblock,cube,jpeg-replacement-q80,global,constrained-mobile,slow-turn,2,100,0.12,2.5,3.5,0.8749992,12.23665,0.01234568,0.8765432,0.8271605,2.297125,1.424902,1457059,676699.2,0,91,0,1429759,91,18855936,,,
superblock,cube,jpeg-replacement-q80,global,very-constrained,slow-turn,0.75,150,0.21,6.25,12,3.020485,12.33938,0.01234568,0.5061728,0.4074074,4.44261,1.424902,1457059,676699.2,0,91,0,1429759,91,18855936,,,
superblock,cube,jpeg-replacement-q80-whole,global,fast,slow-turn,50,20,0.03,0.5,0.5,0.06177987,4.942389,0.01234568,0.9753086,0.9753086,1.48197,1.42296,1418255,657487.1,0,25,0,1410755,25,18855936,,,
superblock,cube,jpeg-replacement-q80-whole,global,moderate-mobile,slow-turn,10,50,0.06,1.25,1.25,0.2877353,8.134517,0.01234568,0.9382716,0.9382716,1.707925,1.42296,1418255,657487.1,0,25,0,1410755,25,18855936,,,
superblock,cube,jpeg-replacement-q80-whole,global,constrained-mobile,slow-turn,2,100,0.12,5.5,5.5,1.594938,12.23905,0.01234568,0.7283951,0.7283951,3.015128,1.42296,1418255,657487.1,0,25,0,1410755,25,18855936,,,
superblock,cube,jpeg-replacement-q80-whole,global,very-constrained,slow-turn,0.75,150,0.21,14,14.25,4.227642,12.3416,0.01234568,0.308642,0.2962963,5.647832,1.42296,1418255,657487.1,0,25,0,1410755,25,18855936,,,
superblock,cube,jpeg-replacement-q80-whole,view-direct,fast,slow-turn,50,20,0.03,0.25,0.25,0,0,0.01234568,0.9876543,0.9876543,1.42019,1.42296,1038690,487398.7,0,7,0,1410755,25,14211072,,,
superblock,cube,jpeg-replacement-q80-whole,view-direct,moderate-mobile,slow-turn,10,50,0.06,0.25,0.25,0,0,0.01234568,0.9876543,0.9876543,1.42019,1.42296,1038690,487398.7,0,7,0,1410755,25,14211072,,,
superblock,cube,jpeg-replacement-q80-whole,view-direct,constrained-mobile,slow-turn,2,100,0.12,2.5,2.5,1.376914,12.3416,0.01234568,0.8518519,0.8024691,2.797104,1.42296,1038690,487398.7,0,7,0,1410755,25,14211072,,,
superblock,cube,jpeg-replacement-q80-whole,view-direct,very-constrained,slow-turn,0.75,150,0.21,9.75,9.75,5.645456,12.3416,0.01234568,0.4567901,0.4320988,7.065646,1.42296,1038690,487398.7,0,7,0,1410755,25,14211072,,,
northrop-mall,cube,haar-residual-d12,view,fast,quick-turn,50,20,0.03,0.25,0.25,0.05858135,2.343254,0.02439024,0.9756098,0.9512195,-0.6666448,-0.7198897,946120,421068,0,58,0,1416354,91,11266048,0,0.15,0.15
northrop-mall,cube,haar-residual-d12,view,moderate-mobile,quick-turn,10,50,0.08,0.5,0.5,0.5901442,8.819013,0.02439024,0.902439,0.902439,-0.1350819,-0.7198897,850378,345860.7,0,53,1,1416354,91,9693184,0,0.15,0.15
northrop-mall,cube,haar-residual-d12,view,constrained-mobile,quick-turn,2,100,0.21,1.25,1.5,2.110908,11.36053,0.02439024,0.7560976,0.7073171,1.385682,-0.7198897,683533.3,240135.8,42407.33,45,10,1416354,91,6608896,9.741284,0.9,1.15
northrop-mall,cube,haar-residual-d12,view,very-constrained,quick-turn,0.75,150,0.43,5.25,5.5,4.449377,11.38618,0.04878049,0.4878049,0.4634146,3.718541,-0.7198897,493062.1,167240.5,84467.13,38,15,1416354,91,3737600,9.741284,2.65,2.9
northrop-mall,cube,haar-residual-d12,view-fill,fast,quick-turn,50,20,0.03,0.25,0.25,0,0,0.02439024,0.9756098,0.9756098,-0.7252262,-0.7198897,1443654,918602,0,91,0,1416354,91,18855936,0,0.15,0.15
northrop-mall,cube,haar-residual-d12,view-fill,moderate-mobile,quick-turn,10,50,0.08,0.5,0.5,0.1811514,7.246058,0.02439024,0.9512195,0.9512195,-0.5440747,-0.7198897,1443654,918602,0,91,0,1416354,91,18855936,0,0.15,0.15
northrop-mall,cube,haar-residual-d12,view-fill,constrained-mobile,quick-turn,2,100,0.21,1.25,1.5,1.844005,11.36053,0.02439024,0.7560976,0.7073171,1.118779,-0.7198897,1517606,974017.1,73952.49,101,10,1416354,91,18855936,9.741284,0.9,1.15
northrop-mall,cube,haar-residual-d12,view-fill,very-constrained,quick-turn,0.75,150,0.43,5.25,5.5,4.449377,11.38618,0.04878049,0.4878049,0.4634146,3.718541,-0.7198897,892437.1,454141.2,84467.13,72,15,1416354,91,8108032,9.741284,2.65,2.9
northrop-mall,cube,haar-residual-d12,global,fast,quick-turn,50,20,0.03,0.5,0.5,0.1216019,4.864075,0.02439024,0.9512195,0.9512195,-0.6036243,-0.7198897,1443654,918602,0,91,0,1416354,91,18855936,0,0.15,0.15
northrop-mall,cube,haar-residual-d12,global,moderate-mobile,quick-turn,10,50,0.08,1.25,1.25,0.6503569,9.915405,0.02439024,0.8780488,0.8780488,-0.07486924,-0.7198897,1443654,918602,0,91,0,1416354,91,18855936,0,0.15,0.15
northrop-mall,cube,haar-residual-d12,global,constrained-mobile,quick-turn,2,100,0.21,4.75,5,2.994143,11.36053,0.02439024,0.5365854,0.5121951,2.268917,-0.7198897,1443654,918602,0,91,0,1416354,91,18855936,4.757136,2.15,2.4
northrop-mall,cube,haar-residual-d12,global,very-constrained,quick-turn,0.75,150,0.43,,,6.875552,11.36053,0.04878049,0,0,6.144715,-0.7198897,909719.5,557825,0,64,0,1416354,91,10205184,9.741284,,
northrop-mall,cube,haar-residual-d12-p0.5,view,fast,quick-turn,50,20,0.03,0.25,0.25,0.04910089,1.964035,0.02439024,0.9756098,0.9512195,0.1855401,0.1392989,852370,373981.6,0,58,0,1293798,91,11266048,0,0.15,0.15
northrop-mall,cube,haar-residual-d12-p0.5,view,moderate-mobile,quick-turn,10,50,0.07,0.5,0.5,0.3505596,5.29471,0.02439024,0.902439,0.902439,0.4869988,0.1392989,784404.7,315125.5,8431.667,54,1,1293798,91,9955328,0,0.15,0.15
northrop-mall,cube,haar-residual-d12-p0.5,view,constrained-mobile,quick-turn,2,100,0.16,1.25,1.5,1.626658,10.6145,0.02439024,0.7560976,0.7317073,1.763098,0.1392989,617512.1,213272.8,22334.11,44,6,1293798,91,6924288,7.00757,0.9,0.9
northrop-mall,cube,haar-residual-d12-p0.5,view,very-constrained,quick-turn,0.75,150,0.31,5,5.5,3.599999,10.6145,0.04878049,0.5121951,0.4634146,3.733432,0.1392989,467244,150747.4,87070,39,15,1293798,91,4261888,8.899018,2.4,2.9
northrop-mall,cube,jpeg-residual-q80,view,fast,quick-turn,50,20,0.03,0.25,0.25,0.0572336,2.289344,0.02439024,0.9756098,0.9512195,0.03735595,-0.01483534,711636,303741,0,58,0,1082401,91,11266048,0,0.15,0.15
northrop-mall,cube,jpeg-residual-q80,view,moderate-mobile,quick-turn,10,50,0.06,0.5,0.5,0.3294446,5.150757,0.02439024,0.902439,0.902439,0.3095669,-0.01483534,658009,250114,0,54,0,1082401,91,10217472,0,0.15,0.15
northrop-mall,cube,jpeg-residual-q80,view,constrained-mobile,quick-turn,2,100,0.12,1,1.25,1.428403,10.85422,0.02439024,0.804878,0.7560976,1.408525,-0.01483534,512974,173470,8774,46,5,1082401,91,7579648,7.304927,0.65,0.9
northrop-mall,cube,jpeg-residual-q80,view,very-constrained,quick-turn,0.75,150,0.21,4.5,4.75,3.179852,10.9931,0.02439024,0.5609756,0.5365854,3.159975,-0.01483534,422251.5,130036.3,25359.5,42,12,1082401,91,5720064,9.461846,1.9,2.15
northrop-mall,cube,jpeg-residual-q80,view-fill,fast,quick-turn,50,20,0.03,0.25,0.25,0,0,0.02439024,0.9756098,0.9756098,-0.01987764,-0.01483534,1109701,701806,0,91,0,1082401,91,18855936,0,0.15,0.15
northrop-mall,cube,jpeg-residual-q80,view-fill,moderate-mobile,quick-turn,10,50,0.06,0.5,0.5,0.1013728,4.05491,0.02439024,0.9512195,0.9512195,0.08149512,-0.01483534,1109701,701806,0,91,0,1082401,91,18855936,0,0.15,0.15
northrop-mall,cube,jpeg-residual-q80,view-fill,constrained-mobile,quick-turn,2,100,0.12,1,1.25,0.9928036,9.580639,0.02439024,0.8292683,0.7804878,0.972926,-0.01483534,1175723,744243.9,66022,103,12,1082401,91,18855936,4.120703,0.4,0.65
northrop-mall,cube,jpeg-residual-q80,view-fill,very-constrained,quick-turn,0.75,150,0.21,4.5,4.75,3.179852,10.9931,0.02439024,0.5609756,0.5365854,3.159975,-0.01483534,887115,472134.7,25359.5,91,12,1082401,91,14137344,9.461846,1.9,2.15
northrop-mall,cube,jpeg-residual-q80,global,fast,quick-turn,50,20,0.03,0.5,0.5,0.1214189,4.856756,0.02439024,0.9512195,0.9512195,0.1015412,-0.01483534,1109701,701806,0,91,0,1082401,91,18855936,0,0.15,0.15
northrop-mall,cube,jpeg-residual-q80,global,moderate-mobile,quick-turn,10,50,0.06,1,1,0.4355685,7.709229,0.02439024,0.902439,0.902439,0.4156909,-0.01483534,1109701,701806,0,91,0,1082401,91,18855936,0,0.15,0.15
northrop-mall,cube,jpeg-residual-q80,global,constrained-mobile,quick-turn,2,100,0.12,2.25,4,2.053231,10.9931,0.02439024,0.6585366,0.6097561,2.033353,-0.01483534,1109701,701806,0,91,0,1082401,91,18855936,4.81623,1.15,1.4
northrop-mall,cube,jpeg-residual-q80,global,very-constrained,quick-turn,0.75,150,0.21,9.25,9.75,5.445151,10.9931,0.02439024,0.09756098,0.04878049,5.425273,-0.01483534,899579.5,491684.5,0,87,0,1082401,91,16234496,7.644171,6.65,7.15
northrop-mall,cube,jpeg-replacement-q80,view,fast,quick-turn,50,20,0.03,0.25,0.25,0.05699634,2.279854,0.02439024,0.9756098,0.9512195,0.0627733,0.0107391,851757,361170.2,0,58,0,1298191,91,11266048,0,0.15,0.15
northrop-mall,cube,jpeg-replacement-q80,view,moderate-mobile,quick-turn,10,50,0.06,0.5,0.5,0.3288097,5.137565,0.02439024,0.902439,0.902439,0.3345867,0.0107391,788831,298244.2,0,54,0,1298191,91,10217472,0,0.15,0.15
northrop-mall,cube,jpeg-replacement-q80,view,constrained-mobile,quick-turn,2,100,0.12,1.25,1.5,1.687913,10.97073,0.02439024,0.7560976,0.7317073,1.69369,0.0107391,604351.5,201043.5,12689.5,45,6,1298191,91,7186432,7.626872,0.9,0.9
northrop-mall,cube,jpeg-replacement-q80,view,very-constrained,quick-turn,0.75,150,0.21,5,5.5,3.731878,11.11427,0.02439024,0.5121951,0.4634146,3.737655,0.0107391,463435.5,142290.8,111912.5,40,16,1298191,91,4261888,9.448235,2.4,2.9
northrop-mall,cube,jpeg-replacement-q80,view-fill,fast,quick-turn,50,20,0.03,0.25,0.25,0,0,0.02439024,0.9756098,0.9756098,0.005776958,0.0107391,1325491,834904.2,0,91,0,1298191,91,18855936,0,0.15,0.15
northrop-mall,cube,jpeg-replacement-q80,view-fill,moderate-mobile,quick-turn,10,50,0.06,0.5,0.5,0.1011342,4.045367,0.02439024,0.9512195,0.9512195,0.1069111,0.0107391,1325491,834904.2,0,91,0,1298191,91,18855936,0,0.15,0.15
northrop-mall,cube,jpeg-replacement-q80,view-fill,constrained-mobile,quick-turn,2,100,0.12,1.25,1.5,1.395816,10.97073,0.02439024,0.7560976,0.7317073,1.401593,0.0107391,1429048,893449.8,103557,106,15,1298191,91,18855936,6.077361,0.9,0.9
northrop-mall,cube,jpeg-replacement-q80,view-fill,very-constrained,quick-turn,0.75,150,0.21,5,5.5,3.731878,11.11427,0.02439024,0.5121951,0.4634146,3.737655,0.0107391,875890.5,442360.9,111912.5,81,16,1298191,91,10467328,9.448235,2.4,2.9
northrop-mall,cube,jpeg-replacement-q80,view-direct,fast,quick-turn,50,20,0.03,0.25,0.25,0.1039626,4.158504,0.02439024,0.9512195,0.9512195,0.1097396,0.0107391,604799,245784.3,0,32,0,1298191,91,8181760,0,0.15,0.15
northrop-mall,cube,jpeg-replacement-q80,view-direct,moderate-mobile,quick-turn,10,50,0.06,0.5,0.5,0.4431962,8.579794,0.02439024,0.902439,0.902439,0.4489732,0.0107391,604799,245784.3,0,32,0,1298191,91,8181760,0,0.15,0.15
northrop-mall,cube,jpeg-replacement-q80,view-direct,constrained-mobile,quick-turn,2,100,0.12,1.25,1.25,1.943375,11.25436,0.02439024,0.7560976,0.7560976,1.949152,0.0107391,472977,150164.7,47716,28,6,1298191,91,5560320,10.8832,0.9,0.9
northrop-mall,cube,jpeg-replacement-q80,view-direct,very-constrained,quick-turn,0.75,150,0.21,4.75,4.75,4.274912,11.25436,0.02439024,0.5365854,0.5365854,4.280689,0.0107391,400001.5,121090.7,81029.5,26,10,1298191,91,3987456,10.8832,2.15,2.15
northrop-mall,cube,jpeg-replacement-q80,global,fast,quick-turn,50,20,0.03,0.5,0.5,0.121107,4.844281,0.02439024,0.9512195,0.9512195,0.126884,0.0107391,1325491,834904.2,0,91,0,1298191,91,18855936,0,0.15,0.15
northrop-mall,cube,jpeg-replacement-q80,global,moderate-mobile,quick-turn,10,50,0.06,1,1.25,0.4698023,7.695026,0.02439024,0.902439,0.8780488,0.4755793,0.0107391,1325491,834904.2,0,91,0,1298191,91,18855936,0,0.15,0.15
northrop-mall,cube,jpeg-replacement-q80,global,constrained-mobile,quick-turn,2,100,0.12,4.25,4.5,2.359913,10.97073,0.02439024,0.5853659,0.5609756,2.36569,0.0107391,1325491,834904.2,0,91,0,1298191,91,18855936,4.792347,1.65,1.9
northrop-mall,cube,jpeg-replacement-q80,global,very-constrained,quick-turn,0.75,150,0.21,,,5.975283,10.97073,0.02439024,0,0,5.98106,0.0107391,899275,495950.7,0,72,0,1298191,91,12302336,7.626872,,
northrop-mall,cube,jpeg-replacement-q80-whole,global,fast,quick-turn,50,20,0.03,0.5,0.5,0.1211317,4.845266,0.02439024,0.9512195,0.9512195,0.1251423,0.008985254,1287939,800467.3,0,25,0,1280439,25,18855936,0,0.15,0.15
northrop-mall,cube,jpeg-replacement-q80-whole,global,moderate-mobile,quick-turn,10,50,0.06,1.25,1.25,0.555802,7.696281,0.02439024,0.8780488,0.8780488,0.5598126,0.008985254,1287939,800467.3,0,25,0,1280439,25,18855936,0,0.15,0.15
northrop-mall,cube,jpeg-replacement-q80-whole,global,constrained-mobile,quick-turn,2,100,0.12,5.25,5.25,3.044359,10.97198,0.02439024,0.4878049,0.4878049,3.04837,0.008985254,1287939,800467.3,0,25,0,1280439,25,18855936,4.794039,2.65,2.65
northrop-mall,cube,jpeg-replacement-q80-whole,global,very-constrained,quick-turn,0.75,150,0.21,,,6.406651,10.97198,0.02439024,0,0,6.410662,0.008985254,905638,546511.1,0,25,0,1280439,25,7059456,7.628804,,
northrop-mall,cube,jpeg-replacement-q80-whole,view-direct,fast,quick-turn,50,20,0.03,0.25,0.25,0,0,0.02439024,0.9756098,0.9756098,0.004010643,0.008985254,816417,460395.3,0,6,0,1280439,25,11851776,0,0.15,0.15
northrop-mall,cube,jpeg-replacement-q80-whole,view-direct,moderate-mobile,quick-turn,10,50,0.06,0.5,0.5,0.8074314,10.97198,0.02439024,0.902439,0.902439,0.8114421,0.008985254,816417,460395.3,0,6,0,1280439,25,11851776,0,0.15,0.15
northrop-mall,cube,jpeg-replacement-q80-whole,view-direct,constrained-mobile,quick-turn,2,100,0.12,1.25,1.25,3.547545,11.25593,0.02439024,0.6585366,0.6585366,3.551556,0.008985254,816417,460395.3,0,6,0,1280439,25,11851776,10.88513,1.9,1.9
northrop-mall,cube,jpeg-replacement-q80-whole,view-direct,very-constrained,quick-turn,0.75,150,0.21,8.5,8.5,9.036892,12.08581,0.02439024,0.1707317,0.1707317,9.040903,0.008985254,816417,460395.3,0,6,0,1280439,25,11851776,10.88513,5.9,5.9
bookstore,cube,haar-residual-d12,view,fast,quick-turn,50,20,0.03,0.25,0.25,0.00924402,0.3697608,0.02439024,0.9756098,0.9756098,1.205809,1.199806,284571,109067.6,0,58,0,374015,91,11266048,0,0.15,0.15
bookstore,cube,haar-residual-d12,view,moderate-mobile,quick-turn,10,50,0.07,0.5,0.5,0.2758945,4.943009,0.02439024,0.9268293,0.902439,1.472459,1.199806,281501,105997.6,0,56,0,374015,91,10741760,0,0.15,0.15
bookstore,cube,haar-residual-d12,view,constrained-mobile,quick-turn,2,100,0.19,0.75,0.75,1.381439,15.39718,0.02439024,0.8536585,0.8536585,2.578004,1.199806,228879.3,81416.57,5727.333,45,5,374015,91,7317504,4.811075,0.4,0.4
bookstore,cube,haar-residual-d12,view,very-constrained,quick-turn,0.75,150,0.37,1.5,1.5,2.507235,15.39718,0.04878049,0.7317073,0.7317073,3.700392,1.199806,193777,63021.39,18977,43,10,374015,91,6359040,12.50102,0.9,0.9
bookstore,cube,haar-residual-d12,view-fill,fast,quick-turn,50,20,0.03,0.25,0.25,0,0,0.02439024,0.9756098,0.9756098,1.196565,1.199806,401315,225811.6,0,91,0,374015,91,18855936,0,0.15,0.15
bookstore,cube,haar-residual-d12,view-fill,moderate-mobile,quick-turn,10,50,0.07,0.5,0.5,0.1205201,4.820804,0.02439024,0.9512195,0.9512195,1.317085,1.199806,401315,225811.6,0,91,0,374015,91,18855936,0,0.15,0.15
bookstore,cube,haar-residual-d12,view-fill,constrained-mobile,quick-turn,2,100,0.19,0.75,0.75,0.5057292,15.20125,0.02439024,0.9268293,0.9268293,1.702294,1.199806,401315,225811.6,0,95,4,374015,91,18855936,0,0.15,0.15
bookstore,cube,haar-residual-d12,view-fill,very-constrained,quick-turn,0.75,150,0.37,1.5,1.5,2.051247,15.20125,0.04878049,0.7317073,0.7317073,3.244404,1.199806,418290,234641.8,16975.04,97,6,374015,91,18855936,12.50102,0.9,0.9
bookstore,cube,haar-residual-d12,global,fast,quick-turn,50,20,0.03,0.5,0.5,0.1241262,4.965048,0.02439024,0.9512195,0.9512195,1.320691,1.199806,401315,225811.6,0,91,0,374015,91,18855936,0,0.15,0.15
bookstore,cube,haar-residual-d12,global,moderate-mobile,quick-turn,10,50,0.07,1,1,0.4750643,9.216721,0.02439024,0.902439,0.902439,1.671629,1.199806,401315,225811.6,0,91,0,374015,91,18855936,0,0.15,0.15
bookstore,cube,haar-residual-d12,global,constrained-mobile,quick-turn,2,100,0.19,2,2,1.444804,15.20125,0.02439024,0.804878,0.804878,2.641369,1.199806,401315,225811.6,0,91,0,374015,91,18855936,0,0.15,0.15
bookstore,cube,haar-residual-d12,global,very-constrained,quick-turn,0.75,150,0.37,4.75,4.75,3.52993,15.20125,0.04878049,0.5365854,0.5365854,4.723087,1.199806,401315,225811.6,0,91,0,374015,91,18855936,4.896266,2.15,2.15
bookstore,cube,haar-residual-d12-p0.5,view,fast,quick-turn,50,20,0.03,0.25,0.25,0.004186646,0.1674658,0.02439024,0.9756098,0.9756098,3.898809,3.899903,231774,82556.63,0,58,0,307423,91,11266048,0,0.15,0.15
bookstore,cube,haar-residual-d12-p0.5,view,moderate-mobile,quick-turn,10,50,0.06,0.25,0.5,0.2365871,3.403575,0.02439024,0.9268293,0.902439,4.131209,3.899903,228704,79486.63,0,56,0,307423,91,10741760,0,0.15,0.15
bookstore,cube,haar-residual-d12-p0.5,view,constrained-mobile,quick-turn,2,100,0.15,0.5,0.75,0.9076242,12.46921,0.02439024,0.902439,0.8780488,4.802246,3.899903,183112,61121.3,1250,46,3,307423,91,7858176,0.896102,0.15,0.15
bookstore,cube,haar-residual-d12-p0.5,view,very-constrained,quick-turn,0.75,150,0.26,1,1.25,1.369519,13.00408,0.04878049,0.804878,0.7560976,5.258588,3.899903,158832.8,48837.45,2706.75,45,9,307423,91,6739968,6.765797,0.65,0.9
bookstore,cube,jpeg-residual-q80,view,fast,quick-turn,50,20,0.03,0.25,0.25,0.0176713,0.7068518,0.02439024,0.9756098,0.9756098,1.433529,1.416739,285983,111333.5,0,58,0,414399,91,11266048,0,0.15,0.15
bookstore,cube,jpeg-residual-q80,view,moderate-mobile,quick-turn,10,50,0.06,0.5,0.5,0.3152601,5.609631,0.02439024,0.9268293,0.902439,1.731118,1.416739,278288,103638.5,0,56,0,414399,91,10741760,0,0.15,0.15
bookstore,cube,jpeg-residual-q80,view,constrained-mobile,quick-turn,2,100,0.12,0.75,0.75,1.251076,13.16037,0.02439024,0.8536585,0.8536585,2.666934,1.416739,208788.5,70943.41,9685.5,47,6,414399,91,7579648,5.634476,0.4,0.4
bookstore,cube,jpeg-residual-q80,view,very-constrained,quick-turn,0.75,150,0.19,1.25,1.25,2.246495,15.45324,0.02439024,0.7560976,0.7560976,3.662353,1.416739,178359.8,53658.39,2697.75,45,9,414399,91,6739968,9.686448,0.9,0.9
bookstore,cube,jpeg-residual-q80,view-fill,fast,quick-turn,50,20,0.03,0.25,0.25,0,0,0.02439024,0.9756098,0.9756098,1.415858,1.416739,441699,267049.5,0,91,0,414399,91,18855936,0,0.15,0.15
bookstore,cube,jpeg-residual-q80,view-fill,moderate-mobile,quick-turn,10,50,0.06,0.5,0.5,0.1402408,5.609631,0.02439024,0.9512195,0.9512195,1.556099,1.416739,441699,267049.5,0,91,0,414399,91,18855936,0,0.15,0.15
bookstore,cube,jpeg-residual-q80,view-fill,constrained-mobile,quick-turn,2,100,0.12,0.75,0.75,0.4739757,13.16037,0.02439024,0.9268293,0.9268293,1.889834,1.416739,443535,267576.9,1836,94,3,414399,91,18855936,0,0.15,0.15
bookstore,cube,jpeg-residual-q80,view-fill,very-constrained,quick-turn,0.75,150,0.19,1.25,1.25,1.80664,15.45324,0.02439024,0.7560976,0.7560976,3.222498,1.416739,467011.5,280828.9,25312.5,107,16,414399,91,18855936,9.41508,0.9,0.9
bookstore,cube,jpeg-residual-q80,global,fast,quick-turn,50,20,0.03,0.5,0.5,0.1453045,5.812182,0.02439024,0.9512195,0.9512195,1.561162,1.416739,441699,267049.5,0,91,0,414399,91,18855936,0,0.15,0.15
bookstore,cube,jpeg-residual-q80,global,moderate-mobile,quick-turn,10,50,0.06,1,1,0.5269363,9.856464,0.02439024,0.902439,0.902439,1.942794,1.416739,441699,267049.5,0,91,0,414399,91,18855936,0,0.15,0.15
bookstore,cube,jpeg-residual-q80,global,constrained-mobile,quick-turn,2,100,0.12,2,2,1.450288,15.45324,0.02439024,0.804878,0.804878,2.866146,1.416739,441699,267049.5,0,91,0,414399,91,18855936,0,0.15,0.15
bookstore,cube,jpeg-residual-q80,global,very-constrained,quick-turn,0.75,150,0.19,4.5,4.75,3.368229,15.45324,0.02439024,0.5609756,0.5365854,4.784087,1.416739,441699,267049.5,0,91,0,414399,91,18855936,5.712523,1.9,2.15
bookstore,cube,jpeg-replacement-q80,view,fast,quick-turn,50,20,0.03,0.25,0.25,0.01763044,0.7052176,0.02439024,0.9756098,0.9756098,1.372566,1.355856,344079,130193.3,0,58,0,496949,91,11266048,0,0.15,0.15
bookstore,cube,jpeg-replacement-q80,view,moderate-mobile,quick-turn,10,50,0.06,0.25,0.5,0.1793406,4.780848,0.02439024,0.9512195,0.9268293,1.534276,1.355856,338396,124510.3,0,58,1,496949,91,11003904,0,0.15,0.15
bookstore,cube,jpeg-replacement-q80,view,constrained-mobile,quick-turn,2,100,0.12,0.75,0.75,1.434385,15.51259,0.02439024,0.8536585,0.8536585,2.789321,1.355856,242267,77482.96,12931,47,7,496949,91,7202816,5.660392,0.4,0.4
bookstore,cube,jpeg-replacement-q80,view,very-constrained,quick-turn,0.75,150,0.19,1.5,1.5,2.676476,15.51259,0.02439024,0.7073171,0.7073171,4.031411,1.355856,214413,63441.3,3125,46,11,496949,91,6703104,9.734292,1.15,1.15
bookstore,cube,jpeg-replacement-q80,view-fill,fast,quick-turn,50,20,0.03,0.25,0.25,0,0,0.02439024,0.9756098,0.9756098,1.354936,1.355856,524249,310363.3,0,91,0,496949,91,18855936,0,0.15,0.15
bookstore,cube,jpeg-replacement-q80,view-fill,moderate-mobile,quick-turn,10,50,0.06,0.25,0.5,0.04218894,1.687557,0.02439024,0.9756098,0.9512195,1.397125,1.355856,524249,310363.3,0,91,0,496949,91,18855936,0,0.15,0.15
bookstore,cube,jpeg-replacement-q80,view-fill,constrained-mobile,quick-turn,2,100,0.12,0.75,0.75,0.6431591,15.51259,0.02439024,0.902439,0.902439,1.998095,1.355856,534663,320068.1,10414,97,6,496949,91,18855936,0,0.15,0.15
bookstore,cube,jpeg-replacement-q80,view-fill,very-constrained,quick-turn,0.75,150,0.19,1.5,1.5,2.063968,15.51259,0.02439024,0.7317073,0.7317073,3.418904,1.355856,548402.3,318129.5,24153.28,103,12,496949,91,18855936,9.461059,0.9,0.9
bookstore,cube,jpeg-replacement-q80,view-direct,fast,quick-turn,50,20,0.03,0.25,0.25,0.0501298,2.005192,0.02439024,0.9756098,0.9512195,1.405066,1.355856,220686,75202.19,0,32,0,496949,91,8181760,0,0.15,0.15
bookstore,cube,jpeg-replacement-q80,view-direct,moderate-mobile,quick-turn,10,50,0.06,0.25,0.25,0.3957343,13.82418,0.02439024,0.9512195,0.9268293,1.75067,1.355856,220686,75202.19,0,32,0,496949,91,8181760,0,0.15,0.15
bookstore,cube,jpeg-replacement-q80,view-direct,constrained-mobile,quick-turn,2,100,0.12,0.5,0.5,1.240379,15.7077,0.02439024,0.8780488,0.8780488,2.595315,1.355856,200885.4,58779.41,10246.42,29,2,496949,91,6871040,3.215219,0.4,0.4
bookstore,cube,jpeg-replacement-q80,view-direct,very-constrained,quick-turn,0.75,150,0.19,1,1,2.682208,15.76671,0.02439024,0.804878,0.804878,4.037144,1.355856,151937,38720.85,18750,27,7,496949,91,5036032,15.4152,0.65,0.65
bookstore,cube,jpeg-replacement-q80,global,fast,quick-turn,50,20,0.03,0.5,0.5,0.1464005,5.85602,0.02439024,0.9512195,0.9512195,1.501336,1.355856,524249,310363.3,0,91,0,496949,91,18855936,0,0.15,0.15
bookstore,cube,jpeg-replacement-q80,global,moderate-mobile,quick-turn,10,50,0.06,1,1,0.535321,9.90089,0.02439024,0.902439,0.902439,1.890257,1.355856,524249,310363.3,0,91,0,496949,91,18855936,0,0.15,0.15
bookstore,cube,jpeg-replacement-q80,global,constrained-mobile,quick-turn,2,100,0.12,2.25,2.25,1.643982,15.51259,0.02439024,0.7804878,0.7804878,2.998918,1.355856,524249,310363.3,0,91,0,496949,91,18855936,0,0.15,0.15
bookstore,cube,jpeg-replacement-q80,global,very-constrained,quick-turn,0.75,150,0.19,5.5,5.5,4.050741,15.51259,0.02439024,0.4634146,0.4634146,5.405677,1.355856,524249,310363.3,0,91,0,496949,91,18855936,5.738279,2.9,2.9
bookstore,cube,jpeg-replacement-q80-whole,global,fast,quick-turn,50,20,0.03,0.25,0.25,0,0,0.02439024,0.9756098,0.9756098,1.353534,1.354422,485215,295811,0,25,0,477715,25,18855936,0,0.15,0.15
bookstore,cube,jpeg-replacement-q80-whole,global,moderate-mobile,quick-turn,10,50,0.06,0.75,0.75,0.3940354,9.903588,0.02439024,0.9268293,0.9268293,1.747569,1.354422,485215,295811,0,25,0,477715,25,18855936,0,0.15,0.15
bookstore,cube,jpeg-replacement-q80-whole,global,constrained-mobile,quick-turn,2,100,0.12,2.25,2.25,1.799323,15.51529,0.02439024,0.7804878,0.7804878,3.152857,1.354422,485215,295811,0,25,0,477715,25,18855936,0,0.15,0.15
bookstore,cube,jpeg-replacement-q80-whole,global,very-constrained,quick-turn,0.75,150,0.19,5.75,5.75,4.331108,15.51529,0.02439024,0.4390244,0.4390244,5.684642,1.354422,485215,295811,0,25,0,477715,25,18855936,5.739046,3.15,3.15
bookstore,cube,jpeg-replacement-q80-whole,view-direct,fast,quick-turn,50,20,0.03,0.25,0.25,0,0,0.02439024,0.9756098,0.9756098,1.353534,1.354422,260623,135128.1,0,6,0,477715,25,11851776,0,0.15,0.15
bookstore,cube,jpeg-replacement-q80-whole,view-direct,moderate-mobile,quick-turn,10,50,0.06,0.25,0.25,0.3795202,15.18081,0.02439024,0.9512195,0.9512195,1.733054,1.354422,260623,135128.1,0,6,0,477715,25,11851776,0,0.15,0.15
bookstore,cube,jpeg-replacement-q80-whole,view-direct,constrained-mobile,quick-turn,2,100,0.12,0.5,0.5,1.932408,15.76765,0.02439024,0.8536585,0.8536585,3.285942,1.354422,260623,135128.1,0,6,0,477715,25,11851776,15.41628,0.65,0.65
bookstore,cube,jpeg-replacement-q80-whole,view-direct,very-constrained,quick-turn,0.75,150,0.19,1,1,4.635208,15.76765,0.02439024,0.6829268,0.6829268,5.988741,1.354422,260623,135128.1,0,6,0,477715,25,11851776,15.41628,1.9,1.9
superblock,cube,haar-residual-d12,view,fast,quick-turn,50,20,0.03,0.25,0.25,0.03129305,1.251722,0.02439024,0.9756098,0.9512195,0.04166034,0.03004243,1009773,512852.8,0,58,0,1702387,91,11266048,0,0.15,0.15
superblock,cube,haar-residual-d12,view,moderate-mobile,quick-turn,10,50,0.08,0.5,0.5,0.6427724,10.15582,0.02439024,0.902439,0.8780488,0.6531397,0.03004243,856491.7,393893.8,102029.7,51,6,1702387,91,8431616,2.875132,0.15,0.4
superblock,cube,haar-residual-d12,view,constrained-mobile,quick-turn,2,100,0.22,1,1,2.077583,12.31148,0.02439024,0.7560976,0.7317073,2.08795,0.03004243,562261.7,197570.7,31869.67,45,11,1702387,91,6572032,10.38293,1.15,1.4
superblock,cube,haar-residual-d12,view,very-constrained,quick-turn,0.75,150,0.46,5.5,6,4.664518,12.31148,0.04878049,0.4634146,0.4146341,4.654201,0.03004243,512610.5,166090.6,32812.5,42,11,1702387,91,6322176,10.38293,2.9,3.4
superblock,cube,haar-residual-d12,view-fill,fast,quick-turn,50,20,0.03,0.25,0.25,0,0,0.02439024,0.9756098,0.9756098,0.01036729,0.03004243,1729687,1232767,0,91,0,1702387,91,18855936,0,0.15,0.15
superblock,cube,haar-residual-d12,view-fill,moderate-mobile,quick-turn,10,50,0.08,0.5,0.5,0.1148707,4.594826,0.02439024,0.9512195,0.9512195,0.1252379,0.03004243,1729687,1232767,0,91,0,1702387,91,18855936,0,0.15,0.15
superblock,cube,haar-residual-d12,view-fill,constrained-mobile,quick-turn,2,100,0.22,1,1,1.539361,12.31148,0.02439024,0.7804878,0.7560976,1.549728,0.03004243,1800379,1264423,70692,104,13,1702387,91,18855936,8.408517,0.9,1.15
superblock,cube,haar-residual-d12,view-fill,very-constrained,quick-turn,0.75,150,0.46,5.5,6,4.664518,12.31148,0.04878049,0.4634146,0.4146341,4.654201,0.03004243,886673,466224.3,32812.5,64,11,1702387,91,8042496,10.38293,2.9,3.4
superblock,cube,haar-residual-d12,global,fast,quick-turn,50,20,0.03,0.5,0.5,0.1148969,4.595877,0.02439024,0.9512195,0.9512195,0.1252642,0.03004243,1729687,1232767,0,91,0,1702387,91,18855936,0,0.15,0.15
superblock,cube,haar-residual-d12,global,moderate-mobile,quick-turn,10,50,0.08,1.25,1.25,0.6950095,10.56552,0.02439024,0.8780488,0.8780488,0.7053768,0.03004243,1729687,1232767,0,91,0,1702387,91,18855936,0,0.15,0.15
superblock,cube,haar-residual-d12,global,constrained-mobile,quick-turn,2,100,0.22,5.5,5.75,3.594626,12.31148,0.02439024,0.4634146,0.4390244,3.604993,0.03004243,1729687,1232767,0,91,0,1702387,91,18855936,5.02397,2.9,3.15
superblock,cube,haar-residual-d12,global,very-constrained,quick-turn,0.75,150,0.46,,,8.057891,12.31148,0.04878049,0,0,8.047574,0.03004243,909930,597122.9,0,51,0,1702387,91,6797312,10.38293,,
superblock,cube,haar-residual-d12-p0.5,view,fast,quick-turn,50,20,0.03,0.25,0.25,0.02225918,0.8903672,0.02439024,0.9756098,0.9756098,1.524799,1.531161,885901,442485.3,0,58,0,1531638,91,11266048,0,0.15,0.15
superblock,cube,haar-residual-d12-p0.5,view,moderate-mobile,quick-turn,10,50,0.07,0.5,0.5,0.4743772,8.812808,0.02439024,0.902439,0.902439,1.976917,1.531161,718228,310754.9,0,51,2,1531638,91,9037824,0,0.15,0.15
superblock,cube,haar-residual-d12-p0.5,view,constrained-mobile,quick-turn,2,100,0.18,0.75,1,1.454698,10.48818,0.02439024,0.804878,0.7560976,2.957238,1.531161,500954.2,177502.6,36561.2,45,10,1531638,91,6608896,7.164311,0.9,1.15
superblock,cube,haar-residual-d12-p0.5,view,very-constrained,quick-turn,0.75,150,0.35,1.5,2,3.302975,10.48818,0.04878049,0.5853659,0.4878049,4.775425,1.531161,454579.5,146291.3,24923.5,43,11,1531638,91,6359040,9.04571,2.4,2.9
superblock,cube,jpeg-residual-q80,view,fast,quick-turn,50,20,0.03,0.25,0.25,0.03032557,1.213023,0.02439024,0.9756098,0.9512195,1.197672,1.179062,675514,319891.9,0,58,0,1173180,91,11266048,0,0.15,0.15
superblock,cube,jpeg-residual-q80,view,moderate-mobile,quick-turn,10,50,0.06,0.5,0.5,0.5023528,7.650992,0.02439024,0.902439,0.902439,1.669699,1.179062,590396.2,236495.1,16952.17,54,2,1173180,91,9824256,0,0.15,0.15
superblock,cube,jpeg-residual-q80,view,constrained-mobile,quick-turn,2,100,0.12,1,1,1.354228,10.55217,0.02439024,0.804878,0.7804878,2.521574,1.179062,408058,136167.1,25096,46,8,1173180,91,6907904,7.742594,0.65,0.9
superblock,cube,jpeg-residual-q80,view,very-constrained,quick-turn,0.75,150,0.21,1.75,1.75,2.944607,12.16146,0.02439024,0.6097561,0.5609756,4.111953,1.179062,366472,114790,8001,45,11,1173180,91,6572032,9.721204,1.9,2.4
superblock,cube,jpeg-residual-q80,view-fill,fast,quick-turn,50,20,0.03,0.25,0.25,0,0,0.02439024,0.9756098,0.9756098,1.167346,1.179062,1200480,844857.9,0,91,0,1173180,91,18855936,0,0.15,0.15
superblock,cube,jpeg-residual-q80,view-fill,moderate-mobile,quick-turn,10,50,0.06,0.5,0.5,0.123872,4.95488,0.02439024,0.9512195,0.9512195,1.291218,1.179062,1200480,844857.9,0,91,0,1173180,91,18855936,0,0.15,0.15
superblock,cube,jpeg-residual-q80,view-fill,constrained-mobile,quick-turn,2,100,0.12,1,1,0.9264742,10.4964,0.02439024,0.8292683,0.804878,2.09382,1.179062,1294525,905199.4,94045,104,13,1173180,91,18855936,5.038139,0.4,0.65
superblock,cube,jpeg-residual-q80,view-fill,very-constrained,quick-turn,0.75,150,0.21,1.75,1.75,2.760817,12.16146,0.02439024,0.6097561,0.5609756,3.928163,1.179062,862097.5,496394.2,24659.5,89,13,1173180,91,13350912,9.721204,1.9,2.4
superblock,cube,jpeg-residual-q80,global,fast,quick-turn,50,20,0.03,0.5,0.5,0.1241738,4.966952,0.02439024,0.9512195,0.9512195,1.29152,1.179062,1200480,844857.9,0,91,0,1173180,91,18855936,0,0.15,0.15
superblock,cube,jpeg-residual-q80,global,moderate-mobile,quick-turn,10,50,0.06,1,1,0.452312,8.158574,0.02439024,0.902439,0.902439,1.619658,1.179062,1200480,844857.9,0,91,0,1173180,91,18855936,0,0.15,0.15
superblock,cube,jpeg-residual-q80,global,constrained-mobile,quick-turn,2,100,0.12,2.25,2.25,2.133469,12.16146,0.02439024,0.6585366,0.6341463,3.300815,1.179062,1200480,844857.9,0,91,0,1173180,91,18855936,5.038139,1.15,1.4
superblock,cube,jpeg-residual-q80,global,very-constrained,quick-turn,0.75,150,0.21,9.25,10,5.802247,12.16146,0.02439024,0.09756098,0.02439024,6.969593,1.179062,894308,540338,0,78,0,1173180,91,13875200,8.008052,6.65,7.4
superblock,cube,jpeg-replacement-q80,view,fast,quick-turn,50,20,0.03,0.25,0.25,0.03002887,1.201155,0.02439024,0.9756098,0.9512195,1.224527,1.205535,821560,387355.1,0,58,0,1429759,91,11266048,0,0.15,0.15
superblock,cube,jpeg-replacement-q80,view,moderate-mobile,quick-turn,10,50,0.06,0.5,0.5,0.4342117,7.446136,0.02439024,0.902439,0.902439,1.62871,1.205535,729707,295502.1,0,54,0,1429759,91,10217472,0,0.15,0.15
superblock,cube,jpeg-replacement-q80,view,constrained-mobile,quick-turn,2,100,0.12,1,1,1.55109,12.16215,0.02439024,0.7804878,0.7560976,2.745589,1.205535,481124.7,161062.4,24038.67,45,8,1429759,91,6776832,7.979278,0.9,1.15
superblock,cube,jpeg-replacement-q80,view,very-constrained,quick-turn,0.75,150,0.21,2,2,3.447675,12.16215,0.02439024,0.5609756,0.4878049,4.642174,1.205535,442238.5,136092.8,10796.5,43,10,1429759,91,6506496,9.690589,2.15,2.9
superblock,cube,jpeg-replacement-q80,view-fill,fast,quick-turn,50,20,0.03,0.25,0.25,0,0,0.02439024,0.9756098,0.9756098,1.194498,1.205535,1457059,1022854,0,91,0,1429759,91,18855936,0,0.15,0.15
superblock,cube,jpeg-replacement-q80,view-fill,moderate-mobile,quick-turn,10,50,0.06,0.5,0.5,0.1236867,4.947469,0.02439024,0.9512195,0.9512195,1.318185,1.205535,1457059,1022854,0,91,0,1429759,91,18855936,0,0.15,0.15
superblock,cube,jpeg-replacement-q80,view-fill,constrained-mobile,quick-turn,2,100,0.12,1,1,1.048767,12.16215,0.02439024,0.804878,0.7804878,2.243265,1.205535,1575232,1092949,118173,105,14,1429759,91,18855936,5.011339,0.65,0.9
superblock,cube,jpeg-replacement-q80,view-fill,very-constrained,quick-turn,0.75,150,0.21,2,2,3.369589,12.16215,0.02439024,0.5609756,0.4878049,4.564088,1.205535,875574.5,441443.3,17242.5,79,11,1429759,91,11253760,9.690589,2.15,2.9
superblock,cube,jpeg-replacement-q80,view-direct,fast,quick-turn,50,20,0.03,0.25,0.25,0.05290819,2.116328,0.02439024,0.9756098,0.9512195,1.247407,1.205535,568308,254242.3,0,32,0,1429759,91,8181760,0,0.15,0.15
superblock,cube,jpeg-replacement-q80,view-direct,moderate-mobile,quick-turn,10,50,0.06,0.25,0.25,0.4704619,9.480436,0.02439024,0.9268293,0.9268293,1.66496,1.205535,568308,254242.3,0,32,0,1429759,91,8181760,0,0.15,0.15
superblock,cube,jpeg-replacement-q80,view-direct,constrained-mobile,quick-turn,2,100,0.12,0.75,0.75,1.692802,12.16215,0.02439024,0.804878,0.804878,2.887301,1.205535,378678,117862.5,78125,27,8,1429759,91,4773888,10.9335,0.9,0.9
superblock,cube,jpeg-replacement-q80,view-direct,very-constrained,quick-turn,0.75,150,0.21,1.5,1.5,3.782977,12.16215,0.02439024,0.6097561,0.6097561,4.977476,1.205535,328678,97929.25,28125,27,8,1429759,91,4773888,10.9335,2.15,2.15
superblock,cube,jpeg-replacement-q80,global,fast,quick-turn,50,20,0.03,0.5,0.5,0.1242169,4.968674,0.02439024,0.9512195,0.9512195,1.318715,1.205535,1457059,1022854,0,91,0,1429759,91,18855936,0,0.15,0.15
superblock,cube,jpeg-replacement-q80,global,moderate-mobile,quick-turn,10,50,0.06,1.25,1.25,0.5592736,8.165173,0.02439024,0.8780488,0.8780488,1.753772,1.205535,1457059,1022854,0,91,0,1429759,91,18855936,0,0.15,0.15
superblock,cube,jpeg-replacement-q80,global,constrained-mobile,quick-turn,2,100,0.12,4.25,4.75,2.557801,12.16215,0.02439024,0.5853659,0.5365854,3.752299,1.205535,1457059,1022854,0,91,0,1429759,91,18855936,5.011339,1.65,2.15
superblock,cube,jpeg-replacement-q80,global,very-constrained,quick-turn,0.75,150,0.21,,,6.484838,12.16215,0.02439024,0,0,7.679336,1.205535,898673.5,558739.9,0,70,0,1429759,91,11778048,7.979278,,
superblock,cube,jpeg-replacement-q80-whole,global,fast,quick-turn,50,20,0.03,0.5,0.5,0.1242474,4.969896,0.02439024,0.9512195,0.9512195,1.316224,1.203016,1418255,992831.3,0,25,0,1410755,25,18855936,0,0.15,0.15
superblock,cube,jpeg-replacement-q80-whole,global,moderate-mobile,quick-turn,10,50,0.06,1.25,1.25,0.5769324,8.16761,0.02439024,0.8780488,0.8780488,1.768909,1.203016,1418255,992831.3,0,25,0,1410755,25,18855936,0,0.15,0.15
superblock,cube,jpeg-replacement-q80-whole,global,constrained-mobile,quick-turn,2,100,0.12,6,6,3.428359,12.16459,0.02439024,0.4146341,0.4146341,4.620336,1.203016,1418255,992831.3,0,25,0,1410755,25,18855936,5.013213,3.4,3.4
superblock,cube,jpeg-replacement-q80-whole,global,very-constrained,quick-turn,0.75,150,0.21,,,6.832655,12.16459,0.02439024,0,0,8.024632,1.203016,898673.5,598201.5,0,25,0,1410755,25,4700160,7.981876,,
superblock,cube,jpeg-replacement-q80-whole,view-direct,fast,quick-turn,50,20,0.03,0.25,0.25,0,0,0.02439024,0.9756098,0.9756098,1.191977,1.203016,875770,568134.5,0,6,0,1410755,25,11851776,0,0.15,0.15
superblock,cube,jpeg-replacement-q80-whole,view-direct,moderate-mobile,quick-turn,10,50,0.06,0.25,0.25,0.8174432,10.9361,0.02439024,0.902439,0.902439,2.00942,1.203016,875770,568134.5,0,6,0,1410755,25,11851776,10.9361,0.4,0.4
superblock,cube,jpeg-replacement-q80-whole,view-direct,constrained-mobile,quick-turn,2,100,0.12,0.75,0.75,4.159698,12.16459,0.02439024,0.6097561,0.6097561,5.351675,1.203016,875770,568134.5,0,6,0,1410755,25,11851776,10.9361,2.9,2.9
superblock,cube,jpeg-replacement-q80-whole,view-direct,very-constrained,quick-turn,0.75,150,0.21,1.5,1.5,10.26669,12.16459,0.02439024,0.07317073,0.07317073,11.45867,1.203016,831523,529383.8,0,6,0,1410755,25,4773888,10.9361,,
northrop-mall,cube,haar-residual-d12,view,fast,explore,50,20,0.03,0.25,0.25,0.00001017995,0.0006515169,0.01538462,0.9846154,0.9846154,-0.5587387,-0.557944,1431895,142230.8,0,90,0,1416354,91,18593792,,,
northrop-mall,cube,haar-residual-d12,view,moderate-mobile,explore,10,50,0.08,0.5,0.5,0.1110738,6.647018,0.01538462,0.9692308,0.9692308,-0.4476751,-0.557944,1431895,142230.8,0,90,0,1416354,91,18593792,,,
northrop-mall,cube,haar-residual-d12,view,constrained-mobile,explore,2,100,0.21,1.5,1.75,0.8762342,11.80669,0.01538462,0.9076923,0.8153846,0.3174853,-0.557944,1431895,142230.8,0,91,1,1416354,91,18593792,,,
northrop-mall,cube,haar-residual-d12,view,very-constrained,explore,0.75,150,0.43,3,3.75,4.564342,11.95427,0.03076923,0.3230769,0.1692308,4.008003,-0.557944,1276913,131720.2,32747.61,85,1,1416354,91,15448064,,,
northrop-mall,cube,haar-residual-d12,view-fill,fast,explore,50,20,0.03,0.25,0.25,0,0,0.01538462,0.9846154,0.9846154,-0.5587489,-0.557944,1443654,153989.8,0,92,1,1416354,91,18855936,,,
northrop-mall,cube,haar-residual-d12,view-fill,moderate-mobile,explore,10,50,0.08,0.5,0.5,0.1110236,6.647018,0.01538462,0.9692308,0.9692308,-0.4477252,-0.557944,1470598,153989.8,26944,93,2,1416354,91,18855936,,,
northrop-mall,cube,haar-residual-d12,view-fill,constrained-mobile,explore,2,100,0.21,1.5,1.75,0.7258989,11.80669,0.01538462,0.9076923,0.8769231,0.16715,-0.557944,1509839,176649,66185.02,97,6,1416354,91,18855936,,,
northrop-mall,cube,haar-residual-d12,view-fill,very-constrained,explore,0.75,150,0.43,3,3.75,3.87755,11.95427,0.03076923,0.4769231,0.2923077,3.321211,-0.557944,1434519,165196.8,32747.61,92,1,1416354,91,17807360,,,
northrop-mall,cube,haar-residual-d12,global,fast,explore,50,20,0.03,0.5,0.5,0.0765136,4.89687,0.01538462,0.9692308,0.9692308,-0.4822353,-0.557944,1443654,153989.8,0,91,0,1416354,91,18855936,,,
northrop-mall,cube,haar-residual-d12,global,moderate-mobile,explore,10,50,0.08,1.25,1.25,0.4149399,10.19922,0.01538462,0.9230769,0.9230769,-0.143809,-0.557944,1443654,153989.8,0,91,0,1416354,91,18855936,,,
northrop-mall,cube,haar-residual-d12,global,constrained-mobile,explore,2,100,0.21,2.75,3,1.504801,11.80669,0.01538462,0.8307692,0.6923077,0.946052,-0.557944,1443654,153989.8,0,91,0,1416354,91,18855936,,,
northrop-mall,cube,haar-residual-d12,global,very-constrained,explore,0.75,150,0.43,11.5,12.5,4.41133,12.11902,0.03076923,0.2923077,0.1846154,3.854959,-0.557944,1443654,153989.8,0,91,0,1416354,91,18855936,,,
northrop-mall,cube,haar-residual-d12-p0.5,view,fast,explore,50,20,0.03,0.25,0.25,0.000008008005,0.0005125123,0.01538462,0.9846154,0.9846154,0.3332834,0.3320509,1309339,128569.3,0,90,0,1293798,91,18593792,,,
northrop-mall,cube,haar-residual-d12-p0.5,view,moderate-mobile,explore,10,50,0.07,0.5,0.5,0.09450634,6.000165,0.01538462,0.9692308,0.9692308,0.4277817,0.3320509,1309339,128569.3,0,90,0,1293798,91,18593792,,,
northrop-mall,cube,haar-residual-d12-p0.5,view,constrained-mobile,explore,2,100,0.16,1.25,1.75,0.6723533,11.0216,0.01538462,0.9230769,0.8461538,1.005629,0.3320509,1309339,128569.3,0,90,0,1293798,91,18593792,,,
northrop-mall,cube,haar-residual-d12-p0.5,view,very-constrained,explore,0.75,150,0.31,2.25,3.25,3.373654,11.18695,0.03076923,0.4615385,0.2307692,3.710847,0.3320509,1244145,122862.4,53127.96,88,2,1293798,91,17020928,,,
northrop-mall,cube,jpeg-residual-q80,view,fast,explore,50,20,0.03,0.25,0.25,0.00001100045,0.0007040291,0.01538462,0.9846154,0.9846154,0.2060247,0.205719,1098594,107288.7,0,90,0,1082401,91,18593792,,,
northrop-mall,cube,jpeg-residual-q80,view,moderate-mobile,explore,10,50,0.06,0.5,0.5,0.1029023,6.581825,0.01538462,0.9692308,0.9692308,0.3089161,0.205719,1098594,107288.7,0,90,0,1082401,91,18593792,,,
northrop-mall,cube,jpeg-residual-q80,view,constrained-mobile,explore,2,100,0.12,1.25,1.5,0.5372689,11.34709,0.01538462,0.9230769,0.8923077,0.7432826,0.205719,1101969,107288.7,3375,92,2,1082401,91,18593792,,,
northrop-mall,cube,jpeg-residual-q80,view,very-constrained,explore,0.75,150,0.21,2.25,2.75,2.609458,11.4279,0.01538462,0.5384615,0.3538462,2.815471,0.205719,1098163,107287.8,23432.43,92,3,1082401,91,18331648,,,
northrop-mall,cube,jpeg-residual-q80,view-fill,fast,explore,50,20,0.03,0.25,0.25,0,0,0.01538462,0.9846154,0.9846154,0.2060137,0.205719,1109701,118395.7,0,92,1,1082401,91,18855936,,,
northrop-mall,cube,jpeg-residual-q80,view-fill,moderate-mobile,explore,10,50,0.06,0.5,0.5,0.102841,6.581825,0.01538462,0.9692308,0.9692308,0.3088547,0.205719,1123243,118395.7,13541.67,93,2,1082401,91,18855936,,,
northrop-mall,cube,jpeg-residual-q80,view-fill,constrained-mobile,explore,2,100,0.12,1.25,1.5,0.4893835,11.34709,0.01538462,0.9230769,0.9076923,0.6953972,0.205719,1119647,118435.6,9946.375,94,3,1082401,91,18855936,,,
northrop-mall,cube,jpeg-residual-q80,view-fill,very-constrained,explore,0.75,150,0.21,2.25,2.75,2.161182,11.4279,0.01538462,0.6307692,0.4923077,2.367196,0.205719,1153082,135119.8,43380.64,98,7,1082401,91,18855936,,,
northrop-mall,cube,jpeg-residual-q80,global,fast,explore,50,20,0.03,0.5,0.5,0.08493595,4.864168,0.01538462,0.9692308,0.9692308,0.2909497,0.205719,1109701,118395.7,0,91,0,1082401,91,18855936,,,
northrop-mall,cube,jpeg-residual-q80,global,moderate-mobile,explore,10,50,0.06,1,1,0.2851542,7.921312,0.01538462,0.9384615,0.9384615,0.491168,0.205719,1109701,118395.7,0,91,0,1082401,91,18855936,,,
northrop-mall,cube,jpeg-residual-q80,global,constrained-mobile,explore,2,100,0.12,2,3,0.909443,11.41986,0.01538462,0.8769231,0.8153846,1.115457,0.205719,1109701,118395.7,0,91,0,1082401,91,18855936,,,
northrop-mall,cube,jpeg-residual-q80,global,very-constrained,explore,0.75,150,0.21,4.75,9.25,2.906432,11.50933,0.01538462,0.5230769,0.4307692,3.112445,0.205719,1109701,118395.7,0,91,0,1082401,91,18855936,,,
northrop-mall,cube,jpeg-replacement-q80,view,fast,explore,50,20,0.03,0.25,0.25,0,0,0.01538462,0.9846154,0.9846154,0.2287283,0.2284282,1312063,127521.6,0,90,0,1298191,91,18593792,,,
northrop-mall,cube,jpeg-replacement-q80,view,moderate-mobile,explore,10,50,0.06,0.5,0.5,0.08552544,5.413875,0.01538462,0.9692308,0.9692308,0.3142537,0.2284282,1312063,127521.6,0,90,0,1298191,91,18593792,,,
northrop-mall,cube,jpeg-replacement-q80,view,constrained-mobile,explore,2,100,0.12,1.25,1.75,0.6258562,11.40303,0.01538462,0.9230769,0.8615385,0.8545845,0.2284282,1312063,127521.6,0,90,0,1298191,91,18593792,,,
northrop-mall,cube,jpeg-replacement-q80,view,very-constrained,explore,0.75,150,0.21,2.5,3.25,3.529484,11.47651,0.01538462,0.4307692,0.2,3.758212,0.2284282,1236479,117864.1,20815.2,90,3,1298191,91,17283072,,,
northrop-mall,cube,jpeg-replacement-q80,view-fill,fast,explore,50,20,0.03,0.25,0.25,0,0,0.01538462,0.9846154,0.9846154,0.2287283,0.2284282,1325491,140949.6,0,92,1,1298191,91,18855936,,,
northrop-mall,cube,jpeg-replacement-q80,view-fill,moderate-mobile,explore,10,50,0.06,0.5,0.5,0.08550355,5.413875,0.01538462,0.9692308,0.9692308,0.3142318,0.2284282,1342832,141835.2,17340.67,93,2,1298191,91,18855936,,,
northrop-mall,cube,jpeg-replacement-q80,view-fill,constrained-mobile,explore,2,100,0.12,1.25,1.75,0.5595703,11.40303,0.01538462,0.9230769,0.8923077,0.7882986,0.2284282,1393381,140949.6,67889.77,95,4,1298191,91,18855936,,,
northrop-mall,cube,jpeg-replacement-q80,view-fill,very-constrained,explore,0.75,150,0.21,2.5,3.25,3.092479,11.47651,0.01538462,0.5538462,0.2769231,3.321208,0.2284282,1422277,145221,189441.2,108,17,1298191,91,17807360,,,
northrop-mall,cube,jpeg-replacement-q80,view-direct,fast,explore,50,20,0.03,0.25,0.25,0,0,0.01538462,0.9846154,0.9846154,0.2287283,0.2284282,962382,88317.59,0,54,0,1298191,91,13948928,,,
northrop-mall,cube,jpeg-replacement-q80,view-direct,moderate-mobile,explore,10,50,0.06,0.5,0.5,0.06145629,3.931802,0.01538462,0.9692308,0.9692308,0.2901846,0.2284282,962382,88317.59,0,54,0,1298191,91,13948928,,,
northrop-mall,cube,jpeg-replacement-q80,view-direct,constrained-mobile,explore,2,100,0.12,1.25,1.25,0.6624312,11.55017,0.01538462,0.9076923,0.9076923,0.8911594,0.2284282,962382,88317.59,0,54,0,1298191,91,13948928,,,
northrop-mall,cube,jpeg-replacement-q80,view-direct,very-constrained,explore,0.75,150,0.21,2.75,2.75,4.38795,11.86682,0.01538462,0.4,0.3692308,4.616678,0.2284282,1031067,108651.5,68684.99,58,4,1298191,91,13948928,,,
northrop-mall,cube,jpeg-replacement-q80,global,fast,explore,50,20,0.03,0.5,0.5,0.08462253,4.845023,0.01538462,0.9692308,0.9692308,0.3133508,0.2284282,1325491,140949.6,0,91,0,1298191,91,18855936,,,
northrop-mall,cube,jpeg-replacement-q80,global,moderate-mobile,explore,10,50,0.06,1,1,0.2985133,8.000882,0.01538462,0.9384615,0.9384615,0.5272416,0.2284282,1325491,140949.6,0,91,0,1298191,91,18855936,,,
northrop-mall,cube,jpeg-replacement-q80,global,constrained-mobile,explore,2,100,0.12,2.25,3.5,1.069481,11.40303,0.01538462,0.8615385,0.7538462,1.298209,0.2284282,1325491,140949.6,0,91,0,1298191,91,18855936,,,
northrop-mall,cube,jpeg-replacement-q80,global,very-constrained,explore,0.75,150,0.21,10.5,11,3.431813,11.47651,0.01538462,0.3538462,0.3230769,3.660542,0.2284282,1325491,140949.6,0,91,0,1298191,91,18855936,,,
northrop-mall,cube,jpeg-replacement-q80-whole,global,fast,explore,50,20,0.03,0.5,0.5,0.07515419,4.809868,0.01538462,0.9692308,0.9692308,0.3024998,0.2270475,1287939,149197.4,0,25,0,1280439,25,18855936,,,
northrop-mall,cube,jpeg-replacement-q80-whole,global,moderate-mobile,explore,10,50,0.06,1.25,1.25,0.337636,8.002244,0.01538462,0.9230769,0.9230769,0.5649816,0.2270475,1287939,149197.4,0,25,0,1280439,25,18855936,,,
northrop-mall,cube,jpeg-replacement-q80-whole,global,constrained-mobile,explore,2,100,0.12,4.25,5.5,1.730192,11.40439,0.01538462,0.7384615,0.6615385,1.957537,0.2270475,1287939,149197.4,0,25,0,1280439,25,18855936,,,
northrop-mall,cube,jpeg-replacement-q80-whole,global,very-constrained,explore,0.75,150,0.21,12.75,13,4.601526,11.47758,0.01538462,0.2153846,0.1846154,4.828871,0.2270475,1287939,149197.4,0,25,0,1280439,25,18855936,,,
northrop-mall,cube,jpeg-replacement-q80-whole,view-direct,fast,explore,50,20,0.03,0.25,0.25,0,0,0.01538462,0.9846154,0.9846154,0.2273456,0.2270475,949121,110237.1,0,7,0,1280439,25,14211072,,,
northrop-mall,cube,jpeg-replacement-q80-whole,view-direct,moderate-mobile,explore,10,50,0.06,0.5,0.5,0.1777215,11.37277,0.01538462,0.9692308,0.9692308,0.4050671,0.2270475,949121,110237.1,0,7,0,1280439,25,14211072,,,
northrop-mall,cube,jpeg-replacement-q80-whole,view-direct,constrained-mobile,explore,2,100,0.12,1.75,1.75,1.501126,11.55123,0.01538462,0.7846154,0.7846154,1.728472,0.2270475,949121,110237.1,0,7,0,1280439,25,14211072,,,
northrop-mall,cube,jpeg-replacement-q80-whole,view-direct,very-constrained,explore,0.75,150,0.21,4.5,4.5,6.003017,12.28583,0.01538462,0.3692308,0.3692308,6.230363,0.2270475,949121,110237.1,0,7,0,1280439,25,14211072,,,
bookstore,cube,haar-residual-d12,view,fast,explore,50,20,0.03,0.25,0.25,6.983233e-8,0.000004469269,0.01538462,0.9846154,0.9846154,1.261319,1.262367,398167,37508.26,0,90,0,374015,91,18593792,,,
bookstore,cube,haar-residual-d12,view,moderate-mobile,explore,10,50,0.07,0.5,0.5,0.08396563,5.357159,0.01538462,0.9692308,0.9692308,1.345285,1.262367,398167,37508.26,0,90,0,374015,91,18593792,,,
bookstore,cube,haar-residual-d12,view,constrained-mobile,explore,2,100,0.19,1,1.25,0.4858917,15.64616,0.01538462,0.9384615,0.9230769,1.747211,1.262367,398167,37508.26,0,90,0,374015,91,18593792,,,
bookstore,cube,haar-residual-d12,view,very-constrained,explore,0.75,150,0.37,2,2,1.090805,16.06579,0.03076923,0.8769231,0.8461538,2.354393,1.262367,398167,37508.26,0,90,0,374015,91,18593792,,,
bookstore,cube,haar-residual-d12,view-fill,fast,explore,50,20,0.03,0.25,0.25,0,0,0.01538462,0.9846154,0.9846154,1.261319,1.262367,401315,40656.26,0,92,1,374015,91,18855936,,,
bookstore,cube,haar-residual-d12,view-fill,moderate-mobile,explore,10,50,0.07,0.5,0.5,0.08370562,5.357159,0.01538462,0.9692308,0.9692308,1.345024,1.262367,403398.3,40666.66,2083.333,93,2,374015,91,18855936,,,
bookstore,cube,haar-residual-d12,view-fill,constrained-mobile,explore,2,100,0.19,1,1.25,0.4831849,15.64616,0.01538462,0.9384615,0.9230769,1.744504,1.262367,403815,40656.26,2500,94,3,374015,91,18855936,,,
bookstore,cube,haar-residual-d12,view-fill,very-constrained,explore,0.75,150,0.37,2,2,1.009107,16.06579,0.03076923,0.8769231,0.8769231,2.272694,1.262367,403658.8,40656.26,2343.75,93,2,374015,91,18855936,,,
bookstore,cube,haar-residual-d12,global,fast,explore,50,20,0.03,0.5,0.5,0.07695081,4.924852,0.01538462,0.9692308,0.9692308,1.33827,1.262367,401315,40656.26,0,91,0,374015,91,18855936,,,
bookstore,cube,haar-residual-d12,global,moderate-mobile,explore,10,50,0.07,1,1,0.2870927,9.408072,0.01538462,0.9384615,0.9384615,1.548412,1.262367,401315,40656.26,0,91,0,374015,91,18855936,,,
bookstore,cube,haar-residual-d12,global,constrained-mobile,explore,2,100,0.19,1.75,2,0.8575959,15.64616,0.01538462,0.8923077,0.8769231,2.118915,1.262367,401315,40656.26,0,91,0,374015,91,18855936,,,
bookstore,cube,haar-residual-d12,global,very-constrained,explore,0.75,150,0.37,3.5,3.5,1.733478,16.06852,0.03076923,0.7846154,0.7846154,2.997065,1.262367,401315,40656.26,0,91,0,374015,91,18855936,,,
bookstore,cube,haar-residual-d12-p0.5,view,fast,explore,50,20,0.03,0.25,0.25,0,0,0.01538462,0.9846154,0.9846154,3.606111,3.613881,331575,30217.61,0,90,0,307423,91,18593792,,,
bookstore,cube,haar-residual-d12-p0.5,view,moderate-mobile,explore,10,50,0.06,0.5,0.5,0.05508719,3.514895,0.01538462,0.9692308,0.9692308,3.661198,3.613881,331575,30217.61,0,90,0,307423,91,18593792,,,
bookstore,cube,haar-residual-d12-p0.5,view,constrained-mobile,explore,2,100,0.15,0.75,0.75,0.2776535,12.89582,0.01538462,0.9538462,0.9538462,3.883764,3.613881,331575,30217.61,0,90,0,307423,91,18593792,,,
bookstore,cube,haar-residual-d12-p0.5,view,very-constrained,explore,0.75,150,0.26,1.5,1.75,0.5461703,13.18714,0.03076923,0.9076923,0.8923077,4.147359,3.613881,331575,30217.61,0,90,0,307423,91,18593792,,,
bookstore,cube,jpeg-residual-q80,view,fast,explore,50,20,0.03,0.25,0.25,8.626858e-7,0.00005521189,0.01538462,0.9846154,0.9846154,1.574109,1.57223,436951,42771.16,0,90,0,414399,91,18593792,,,
bookstore,cube,jpeg-residual-q80,view,moderate-mobile,explore,10,50,0.06,0.5,0.5,0.09221091,5.884413,0.01538462,0.9692308,0.9692308,1.666319,1.57223,436951,42771.16,0,90,0,414399,91,18593792,,,
bookstore,cube,jpeg-residual-q80,view,constrained-mobile,explore,2,100,0.12,0.75,0.75,0.3171953,13.34361,0.01538462,0.9538462,0.9538462,1.891304,1.57223,436951,42771.16,0,90,0,414399,91,18593792,,,
bookstore,cube,jpeg-residual-q80,view,very-constrained,explore,0.75,150,0.19,2,2,0.9487569,15.78447,0.01538462,0.8769231,0.8769231,2.522865,1.57223,436951,42771.16,0,90,0,414399,91,18593792,,,
bookstore,cube,jpeg-residual-q80,view-fill,fast,explore,50,20,0.03,0.25,0.25,0,0,0.01538462,0.9846154,0.9846154,1.574109,1.57223,441699,47519.16,0,92,1,414399,91,18855936,,,
bookstore,cube,jpeg-residual-q80,view-fill,moderate-mobile,explore,10,50,0.06,0.5,0.5,0.09194396,5.884413,0.01538462,0.9692308,0.9692308,1.666052,1.57223,441699,47519.16,0,93,2,414399,91,18855936,,,
bookstore,cube,jpeg-residual-q80,view-fill,constrained-mobile,explore,2,100,0.12,0.75,0.75,0.3140349,13.34361,0.01538462,0.9538462,0.9538462,1.888143,1.57223,441699,47519.16,0,94,3,414399,91,18855936,,,
bookstore,cube,jpeg-residual-q80,view-fill,very-constrained,explore,0.75,150,0.19,2,2,0.9052151,15.78447,0.01538462,0.8769231,0.8769231,2.479324,1.57223,449214.7,50695.66,7515.688,93,2,414399,91,18855936,,,
bookstore,cube,jpeg-residual-q80,global,fast,explore,50,20,0.03,0.5,0.5,0.08954461,5.730855,0.01538462,0.9692308,0.9692308,1.663653,1.57223,441699,47519.16,0,91,0,414399,91,18855936,,,
bookstore,cube,jpeg-residual-q80,global,moderate-mobile,explore,10,50,0.06,1,1,0.3151637,10.00696,0.01538462,0.9384615,0.9384615,1.889272,1.57223,441699,47519.16,0,91,0,414399,91,18855936,,,
bookstore,cube,jpeg-residual-q80,global,constrained-mobile,explore,2,100,0.12,1.5,2,0.7828207,15.78413,0.01538462,0.9076923,0.8769231,2.356929,1.57223,441699,47519.16,0,91,0,414399,91,18855936,,,
bookstore,cube,jpeg-residual-q80,global,very-constrained,explore,0.75,150,0.19,3,3,1.504341,15.78447,0.01538462,0.8153846,0.8153846,3.07845,1.57223,441699,47519.16,0,91,0,414399,91,18855936,,,
bookstore,cube,jpeg-replacement-q80,view,fast,explore,50,20,0.03,0.25,0.25,0,0,0.01538462,0.9846154,0.9846154,1.52056,1.518592,518294,49868.96,0,90,0,496949,91,18593792,,,
bookstore,cube,jpeg-replacement-q80,view,moderate-mobile,explore,10,50,0.06,0.5,0.5,0.09212346,5.895823,0.01538462,0.9692308,0.9692308,1.612684,1.518592,518294,49868.96,0,90,0,496949,91,18593792,,,
bookstore,cube,jpeg-replacement-q80,view,constrained-mobile,explore,2,100,0.12,1,1.25,0.4687406,15.84065,0.01538462,0.9384615,0.9230769,1.989301,1.518592,518294,49868.96,0,90,0,496949,91,18593792,,,
bookstore,cube,jpeg-replacement-q80,view,very-constrained,explore,0.75,150,0.19,2,2,1.120281,15.84065,0.01538462,0.8769231,0.8461538,2.640841,1.518592,527712.7,49868.96,9418.667,92,2,496949,91,18593792,,,
bookstore,cube,jpeg-replacement-q80,view-fill,fast,explore,50,20,0.03,0.25,0.25,0,0,0.01538462,0.9846154,0.9846154,1.52056,1.518592,524249,55823.96,0,92,1,496949,91,18855936,,,
bookstore,cube,jpeg-replacement-q80,view-fill,moderate-mobile,explore,10,50,0.06,0.5,0.5,0.09212224,5.895823,0.01538462,0.9692308,0.9692308,1.612683,1.518592,524249,55823.96,0,93,2,496949,91,18855936,,,
bookstore,cube,jpeg-replacement-q80,view-fill,constrained-mobile,explore,2,100,0.12,1,1.25,0.4655001,15.84065,0.01538462,0.9384615,0.9230769,1.98606,1.518592,526957.3,56015.94,2708.333,95,4,496949,91,18855936,,,
bookstore,cube,jpeg-replacement-q80,view-fill,very-constrained,explore,0.75,150,0.19,2,2,1.032819,15.84065,0.01538462,0.8769231,0.8615385,2.553379,1.518592,562064.8,55823.96,37815.79,102,11,496949,91,18855936,,,
bookstore,cube,jpeg-replacement-q80,view-direct,fast,explore,50,20,0.03,0.25,0.25,0,0,0.01538462,0.9846154,0.9846154,1.52056,1.518592,344506,30620.58,0,54,0,496949,91,13948928,,,
bookstore,cube,jpeg-replacement-q80,view-direct,moderate-mobile,explore,10,50,0.06,0.25,0.5,0.01725035,1.103944,0.01538462,0.9846154,0.9692308,1.537811,1.518592,344506,30620.58,0,54,0,496949,91,13948928,,,
bookstore,cube,jpeg-replacement-q80,view-direct,constrained-mobile,explore,2,100,0.12,0.75,1,0.4086783,15.84065,0.01538462,0.9538462,0.9384615,1.929239,1.518592,344506,30620.58,0,55,1,496949,91,13948928,,,
bookstore,cube,jpeg-replacement-q80,view-direct,very-constrained,explore,0.75,150,0.19,1.75,1.75,1.422487,15.97066,0.01538462,0.8769231,0.8461538,2.943047,1.518592,347787.3,30620.58,3281.25,55,1,496949,91,13948928,,,
bookstore,cube,jpeg-replacement-q80,global,fast,explore,50,20,0.03,0.5,0.5,0.09022042,5.774107,0.01538462,0.9692308,0.9692308,1.610781,1.518592,524249,55823.96,0,91,0,496949,91,18855936,,,
bookstore,cube,jpeg-replacement-q80,global,moderate-mobile,explore,10,50,0.06,1,1,0.3188767,10.04899,0.01538462,0.9384615,0.9384615,1.839437,1.518592,524249,55823.96,0,91,0,496949,91,18855936,,,
bookstore,cube,jpeg-replacement-q80,global,constrained-mobile,explore,2,100,0.12,1.5,2.25,0.862497,15.84065,0.01538462,0.9076923,0.8615385,2.383057,1.518592,524249,55823.96,0,91,0,496949,91,18855936,,,
bookstore,cube,jpeg-replacement-q80,global,very-constrained,explore,0.75,150,0.19,3.5,3.5,1.915299,15.84065,0.01538462,0.7846154,0.6923077,3.435859,1.518592,524249,55823.96,0,91,0,496949,91,18855936,,,
bookstore,cube,jpeg-replacement-q80-whole,global,fast,explore,50,20,0.03,0.25,0.25,0,0,0.01538462,0.9846154,0.9846154,1.519143,1.517156,485215,54053.87,0,25,0,477715,25,18855936,,,
bookstore,cube,jpeg-replacement-q80-whole,global,moderate-mobile,explore,10,50,0.06,0.75,0.75,0.248928,10.05105,0.01538462,0.9538462,0.9538462,1.768071,1.517156,485215,54053.87,0,25,0,477715,25,18855936,,,
bookstore,cube,jpeg-replacement-q80-whole,global,constrained-mobile,explore,2,100,0.12,2.25,2.25,1.094583,15.8427,0.01538462,0.8615385,0.8615385,2.613726,1.517156,485215,54053.87,0,25,0,477715,25,18855936,,,
bookstore,cube,jpeg-replacement-q80-whole,global,very-constrained,explore,0.75,150,0.19,5.75,5.75,2.717288,15.8427,0.01538462,0.6461538,0.6461538,4.236431,1.517156,485215,54053.87,0,25,0,477715,25,18855936,,,
bookstore,cube,jpeg-replacement-q80-whole,view-direct,fast,explore,50,20,0.03,0.25,0.25,0,0,0.01538462,0.9846154,0.9846154,1.519143,1.517156,322520,36074.74,0,7,0,477715,25,14211072,,,
bookstore,cube,jpeg-replacement-q80-whole,view-direct,moderate-mobile,explore,10,50,0.06,0.25,0.25,0.000001222317,0.00007822828,0.01538462,0.9846154,0.9846154,1.519144,1.517156,322520,36074.74,0,7,0,477715,25,14211072,,,
bookstore,cube,jpeg-replacement-q80-whole,view-direct,constrained-mobile,explore,2,100,0.12,1,1,0.7643753,16.15884,0.01538462,0.9384615,0.9230769,2.283518,1.517156,322520,36074.74,0,7,0,477715,25,14211072,,,
bookstore,cube,jpeg-replacement-q80-whole,view-direct,very-constrained,explore,0.75,150,0.19,2,2,2.103118,16.17407,0.01538462,0.8307692,0.7846154,3.622261,1.517156,322520,36074.74,0,7,0,477715,25,14211072,,,
superblock,cube,haar-residual-d12,view,fast,explore,50,20,0.03,0.25,0.25,0.000004315768,0.0002762091,0.01538462,0.9846154,0.9846154,0.5885833,0.5920939,1708075,246728,0,90,0,1702387,91,18593792,,,
superblock,cube,haar-residual-d12,view,moderate-mobile,explore,10,50,0.08,0.5,0.5,0.1114459,7.127465,0.01538462,0.9692308,0.9692308,0.7000249,0.5920939,1708075,246728,0,90,0,1702387,91,18593792,,,
superblock,cube,haar-residual-d12,view,constrained-mobile,explore,2,100,0.22,2,2.75,1.215936,12.6699,0.01538462,0.8769231,0.7846154,1.804515,0.5920939,1713075,246728,5000,92,2,1702387,91,18593792,,,
superblock,cube,haar-residual-d12,view,very-constrained,explore,0.75,150,0.46,12.5,,6.460514,12.79011,0.03076923,0.09230769,0,7.04313,0.5920939,1472430,177014.5,82448.4,82,7,1702387,91,14137344,,,
superblock,cube,haar-residual-d12,view-fill,fast,explore,50,20,0.03,0.25,0.25,0,0,0.01538462,0.9846154,0.9846154,0.588579,0.5920939,1729687,268340,0,92,1,1702387,91,18855936,,,
superblock,cube,haar-residual-d12,view-fill,moderate-mobile,explore,10,50,0.08,0.5,0.5,0.1113666,7.127465,0.01538462,0.9692308,0.9692308,0.6999456,0.5920939,1781694,280215.9,52007.07,93,2,1702387,91,18855936,,,
superblock,cube,haar-residual-d12,view-fill,constrained-mobile,explore,2,100,0.22,2,2.75,1.109812,12.6699,0.01538462,0.8769231,0.8153846,1.698391,0.5920939,1823805,273879.9,94117.97,100,9,1702387,91,18855936,,,
superblock,cube,haar-residual-d12,view-fill,very-constrained,explore,0.75,150,0.46,12.5,,6.460514,12.79011,0.03076923,0.09230769,0,7.04313,0.5920939,1472430,177014.5,82448.4,82,7,1702387,91,14137344,,,
superblock,cube,haar-residual-d12,global,fast,explore,50,20,0.03,0.5,0.75,0.08652736,4.482859,0.01538462,0.9692308,0.9538462,0.6751064,0.5920939,1729687,268340,0,91,0,1702387,91,18855936,,,
superblock,cube,haar-residual-d12,global,moderate-mobile,explore,10,50,0.08,1,1.75,0.4598099,10.71505,0.01538462,0.9384615,0.8923077,1.048389,0.5920939,1729687,268340,0,91,0,1702387,91,18855936,,,
superblock,cube,haar-residual-d12,global,constrained-mobile,explore,2,100,0.22,3.75,4.25,2.183725,12.6699,0.01538462,0.7076923,0.6153846,2.772304,0.5920939,1729687,268340,0,91,0,1702387,91,18855936,,,
superblock,cube,haar-residual-d12,global,very-constrained,explore,0.75,150,0.46,12.75,13.25,5.786366,12.79011,0.03076923,0.1384615,0.06153846,6.368982,0.5920939,1472430,215823.3,0,82,0,1702387,91,14923776,,,
superblock,cube,haar-residual-d12-p0.5,view,fast,explore,50,20,0.03,0.25,0.25,0.000003220232,0.0002060948,0.01538462,0.9846154,0.9846154,1.953226,1.964342,1537326,223326.8,0,90,0,1531638,91,18593792,,,
superblock,cube,haar-residual-d12-p0.5,view,moderate-mobile,explore,10,50,0.07,0.5,0.5,0.08192204,5.072382,0.01538462,0.9692308,0.9692308,2.035145,1.964342,1537326,223326.8,0,90,0,1531638,91,18593792,,,
superblock,cube,haar-residual-d12-p0.5,view,constrained-mobile,explore,2,100,0.18,1.75,2.5,0.7669813,10.71775,0.01538462,0.8923077,0.8153846,2.720204,1.964342,1537743,223326.8,416.6667,91,1,1531638,91,18593792,,,
superblock,cube,haar-residual-d12-p0.5,view,very-constrained,explore,0.75,150,0.35,3.75,12.25,4.296259,11.04745,0.03076923,0.3384615,0.1230769,6.233557,1.964342,1420309,196178.8,77980.91,85,4,1531638,91,16234496,,,
superblock,cube,jpeg-residual-q80,view,fast,explore,50,20,0.03,0.25,0.25,0.00000418874,0.0002680794,0.01538462,0.9846154,0.9846154,2.026183,2.020356,1180955,160713.2,0,90,0,1173180,91,18593792,,,
superblock,cube,jpeg-residual-q80,view,moderate-mobile,explore,10,50,0.06,0.5,0.5,0.08586733,5.486615,0.01538462,0.9692308,0.9692308,2.112046,2.020356,1180955,160713.2,0,90,0,1173180,91,18593792,,,
superblock,cube,jpeg-residual-q80,view,constrained-mobile,explore,2,100,0.12,1.25,1.5,0.4807144,11.01984,0.01538462,0.9230769,0.9076923,2.506893,2.020356,1180955,160713.2,0,90,0,1173180,91,18593792,,,
superblock,cube,jpeg-residual-q80,view,very-constrained,explore,0.75,150,0.21,3.25,3.75,2.878361,12.64785,0.01538462,0.5230769,0.3076923,4.90454,2.020356,1180955,160713.2,0,94,4,1173180,91,18593792,,,
superblock,cube,jpeg-residual-q80,view-fill,fast,explore,50,20,0.03,0.25,0.25,0,0,0.01538462,0.9846154,0.9846154,2.026179,2.020356,1200480,180238.2,0,92,1,1173180,91,18855936,,,
superblock,cube,jpeg-residual-q80,view-fill,moderate-mobile,explore,10,50,0.06,0.5,0.5,0.08572836,5.486615,0.01538462,0.9692308,0.9692308,2.111907,2.020356,1207026,180238.2,6546,94,3,1173180,91,18855936,,,
superblock,cube,jpeg-residual-q80,view-fill,constrained-mobile,explore,2,100,0.12,1.25,1.5,0.4545417,11.01984,0.01538462,0.9230769,0.9076923,2.48072,2.020356,1208662,180238.2,8181.8,92,1,1173180,91,18855936,,,
superblock,cube,jpeg-residual-q80,view-fill,very-constrained,explore,0.75,150,0.21,3.25,3.75,2.748247,12.64785,0.01538462,0.5230769,0.3692308,4.774426,2.020356,1200480,180238.2,0,95,4,1173180,91,18855936,,,
superblock,cube,jpeg-residual-q80,global,fast,explore,50,20,0.03,0.5,0.5,0.07413731,4.744788,0.01538462,0.9692308,0.9692308,2.100316,2.020356,1200480,180238.2,0,91,0,1173180,91,18855936,,,
superblock,cube,jpeg-residual-q80,global,moderate-mobile,explore,10,50,0.06,1,1.5,0.3139647,8.276881,0.01538462,0.9384615,0.9076923,2.340143,2.020356,1200480,180238.2,0,91,0,1173180,91,18855936,,,
superblock,cube,jpeg-residual-q80,global,constrained-mobile,explore,2,100,0.12,2.25,4.25,1.19365,12.64785,0.01538462,0.8615385,0.7384615,3.219828,2.020356,1200480,180238.2,0,91,0,1173180,91,18855936,,,
superblock,cube,jpeg-residual-q80,global,very-constrained,explore,0.75,150,0.21,5.25,9.25,3.304709,12.64785,0.01538462,0.4769231,0.3384615,5.330888,2.020356,1200480,180238.2,0,91,0,1173180,91,18855936,,,
superblock,cube,jpeg-replacement-q80,view,fast,explore,50,20,0.03,0.25,0.25,0,0,0.01538462,0.9846154,0.9846154,2.072041,2.065502,1433182,194582.3,0,90,0,1429759,91,18593792,,,
superblock,cube,jpeg-replacement-q80,view,moderate-mobile,explore,10,50,0.06,0.5,0.5,0.0839446,5.371767,0.01538462,0.9692308,0.9692308,2.155985,2.065502,1433182,194582.3,0,90,0,1429759,91,18593792,,,
superblock,cube,jpeg-replacement-q80,view,constrained-mobile,explore,2,100,0.12,1.5,2,0.6441452,12.64843,0.01538462,0.9076923,0.8615385,2.716186,2.065502,1433182,194582.3,0,90,0,1429759,91,18593792,,,
superblock,cube,jpeg-replacement-q80,view,very-constrained,explore,0.75,150,0.21,3.75,12,4.064753,12.64843,0.01538462,0.3692308,0.1076923,6.136793,2.065502,1369017,184707.7,23333.02,88,3,1429759,91,17283072,,,
superblock,cube,jpeg-replacement-q80,view-fill,fast,explore,50,20,0.03,0.25,0.25,0,0,0.01538462,0.9846154,0.9846154,2.072041,2.065502,1457059,218459.3,0,92,1,1429759,91,18855936,,,
superblock,cube,jpeg-replacement-q80,view-fill,moderate-mobile,explore,10,50,0.06,0.5,0.5,0.08393387,5.371767,0.01538462,0.9692308,0.9692308,2.155975,2.065502,1481865,231110.2,24806,94,3,1429759,91,18855936,,,
superblock,cube,jpeg-replacement-q80,view-fill,constrained-mobile,explore,2,100,0.12,1.5,2,0.6152937,12.64843,0.01538462,0.9076923,0.8769231,2.687334,2.065502,1533663,250878,76603.84,96,5,1429759,91,18855936,,,
superblock,cube,jpeg-replacement-q80,view-fill,very-constrained,explore,0.75,150,0.21,3.75,12,3.979357,12.64843,0.01538462,0.3846154,0.1384615,6.051397,2.065502,1437611,201341.4,33489.27,96,5,1429759,91,17545216,,,
superblock,cube,jpeg-replacement-q80,view-direct,fast,explore,50,20,0.03,0.25,0.25,0,0,0.01538462,0.9846154,0.9846154,2.072041,2.065502,1042381,137188.9,0,54,0,1429759,91,13948928,,,
superblock,cube,jpeg-replacement-q80,view-direct,moderate-mobile,explore,10,50,0.06,0.5,0.5,0.0785716,5.027896,0.01538462,0.9692308,0.9692308,2.150612,2.065502,1042381,137188.9,0,54,0,1429759,91,13948928,,,
superblock,cube,jpeg-replacement-q80,view-direct,constrained-mobile,explore,2,100,0.12,1.5,1.75,0.8151605,12.64843,0.01538462,0.9076923,0.8615385,2.887201,2.065502,1051963,137188.9,9582,55,1,1429759,91,13948928,,,
superblock,cube,jpeg-replacement-q80,view-direct,very-constrained,explore,0.75,150,0.21,4,4.5,3.724517,12.64843,0.01538462,0.5384615,0.3692308,5.796558,2.065502,1051981,137188.9,9599.75,55,1,1429759,91,13948928,,,
superblock,cube,jpeg-replacement-q80,global,fast,explore,50,20,0.03,0.5,0.75,0.1002136,4.944822,0.01538462,0.9692308,0.9538462,2.172254,2.065502,1457059,218459.3,0,91,0,1429759,91,18855936,,,
superblock,cube,jpeg-replacement-q80,global,moderate-mobile,explore,10,50,0.06,1,1.5,0.3531574,8.282073,0.01538462,0.9384615,0.9076923,2.425198,2.065502,1457059,218459.3,0,91,0,1429759,91,18855936,,,
superblock,cube,jpeg-replacement-q80,global,constrained-mobile,explore,2,100,0.12,2.75,4.25,1.407852,12.64843,0.01538462,0.8307692,0.6769231,3.479893,2.065502,1457059,218459.3,0,91,0,1429759,91,18855936,,,
superblock,cube,jpeg-replacement-q80,global,very-constrained,explore,0.75,150,0.21,9,13,4.18157,12.64843,0.01538462,0.2923077,0.1384615,6.253611,2.065502,1457059,218459.3,0,91,0,1429759,91,18855936,,,
superblock,cube,jpeg-replacement-q80-whole,global,fast,explore,50,20,0.03,0.5,0.5,0.07381193,4.723964,0.01538462,0.9692308,0.9692308,2.144247,2.063883,1418255,214739.5,0,25,0,1410755,25,18855936,,,
superblock,cube,jpeg-replacement-q80-whole,global,moderate-mobile,explore,10,50,0.06,1.25,1.5,0.4257222,8.284713,0.01538462,0.9230769,0.9076923,2.496157,2.063883,1418255,214739.5,0,25,0,1410755,25,18855936,,,
superblock,cube,jpeg-replacement-q80-whole,global,constrained-mobile,explore,2,100,0.12,5.5,6,2.09408,12.65107,0.01538462,0.6615385,0.6307692,4.164515,2.063883,1418255,214739.5,0,25,0,1410755,25,18855936,,,
superblock,cube,jpeg-replacement-q80-whole,global,very-constrained,explore,0.75,150,0.21,14,14,5.285073,12.65107,0.01538462,0.1076923,0.04615385,7.355508,2.063883,1418255,214739.5,0,25,0,1410755,25,18855936,,,
superblock,cube,jpeg-replacement-q80-whole,view-direct,fast,explore,50,20,0.03,0.25,0.25,0,0,0.01538462,0.9846154,0.9846154,2.070435,2.063883,1038690,158012.6,0,7,0,1410755,25,14211072,,,
superblock,cube,jpeg-replacement-q80-whole,view-direct,moderate-mobile,explore,10,50,0.06,0.5,0.5,0.1990057,12.65107,0.01538462,0.9692308,0.9692308,2.269441,2.063883,1038690,158012.6,0,7,0,1410755,25,14211072,,,
superblock,cube,jpeg-replacement-q80-whole,view-direct,constrained-mobile,explore,2,100,0.12,2.25,2.25,1.559324,12.65107,0.01538462,0.8307692,0.7846154,3.629759,2.063883,1038690,158012.6,0,7,0,1410755,25,14211072,,,
superblock,cube,jpeg-replacement-q80-whole,view-direct,very-constrained,explore,0.75,150,0.21,11.5,11.5,6.75568,12.65107,0.01538462,0.2923077,0.2923077,8.826115,2.063883,1038690,158012.6,0,7,0,1410755,25,14211072,,,
northrop-mall,healpix,haar-residual-d12,view,fast,stationary,50,20,0.03,0.25,0.25,0,0,0.02439024,0.9756098,0.9756098,-0.8676038,-0.8676038,480566,283825.9,0,28,0,1317047,85,4915200,,,
northrop-mall,healpix,haar-residual-d12,view,moderate-mobile,stationary,10,50,0.07,0.5,0.75,0.2442771,8.022817,0.02439024,0.9512195,0.9268293,-0.6233267,-0.8676038,480566,283825.9,0,28,0,1317047,85,4915200,,,
northrop-mall,healpix,haar-residual-d12,view,constrained-mobile,stationary,2,100,0.2,1.75,2.25,1.257146,11.53851,0.02439024,0.8292683,0.7804878,0.3895424,-0.8676038,480566,283825.9,0,28,0,1317047,85,4915200,,,
northrop-mall,healpix,haar-residual-d12,view,very-constrained,stationary,0.75,150,0.41,4.5,5.5,3.207857,11.53851,0.04878049,0.5609756,0.4634146,2.340253,-0.8676038,480566,283825.9,0,28,0,1317047,85,4915200,,,
northrop-mall,healpix,haar-residual-d12,view-fill,fast,stationary,50,20,0.03,0.25,0.25,0,0,0.02439024,0.9756098,0.9756098,-0.8676038,-0.8676038,1342547,1145807,0,85,0,1317047,85,16760832,,,
northrop-mall,healpix,haar-residual-d12,view-fill,moderate-mobile,stationary,10,50,0.07,0.5,0.75,0.2442771,8.022817,0.02439024,0.9512195,0.9268293,-0.6233267,-0.8676038,1342547,1145807,0,85,0,1317047,85,16760832,,,
northrop-mall,healpix,haar-residual-d12,view-fill,constrained-mobile,stationary,2,100,0.2,1.75,2.25,1.257146,11.53851,0.02439024,0.8292683,0.7804878,0.3895424,-0.8676038,1342547,1145807,0,85,0,1317047,85,16760832,,,
northrop-mall,healpix,haar-residual-d12,view-fill,very-constrained,stationary,0.75,150,0.41,4.5,5.5,3.207857,11.53851,0.04878049,0.5609756,0.4634146,2.340253,-0.8676038,889894.5,693154.4,0,68,0,1317047,85,10731520,,,
northrop-mall,healpix,haar-residual-d12,global,fast,stationary,50,20,0.03,0.5,0.5,0.1577874,5.507348,0.02439024,0.9512195,0.9512195,-0.7098163,-0.8676038,1342547,1145807,0,85,0,1317047,85,16760832,,,
northrop-mall,healpix,haar-residual-d12,global,moderate-mobile,stationary,10,50,0.07,1.25,1.25,0.6515505,10.05279,0.02439024,0.8780488,0.8780488,-0.2160532,-0.8676038,1342547,1145807,0,85,0,1317047,85,16760832,,,
northrop-mall,healpix,haar-residual-d12,global,constrained-mobile,stationary,2,100,0.2,3.75,4.75,2.62868,11.53851,0.02439024,0.6341463,0.5365854,1.761076,-0.8676038,1342547,1145807,0,85,0,1317047,85,16760832,,,
northrop-mall,healpix,haar-residual-d12,global,very-constrained,stationary,0.75,150,0.41,9.25,,6.281778,11.53851,0.04878049,0.09756098,0,5.414174,-0.8676038,897451,723583.7,0,71,0,1317047,85,11517952,,,
northrop-mall,healpix,haar-residual-d12-p0.5,view,fast,stationary,50,20,0.03,0.25,0.25,0,0,0.02439024,0.9756098,0.9756098,-0.04374604,-0.04374604,426405,246722.1,0,28,0,1201763,85,4915200,,,
northrop-mall,healpix,haar-residual-d12-p0.5,view,moderate-mobile,stationary,10,50,0.07,0.5,0.75,0.1550231,4.901229,0.02439024,0.9512195,0.9268293,0.1112771,-0.04374604,426405,246722.1,0,28,0,1201763,85,4915200,,,
northrop-mall,healpix,haar-residual-d12-p0.5,view,constrained-mobile,stationary,2,100,0.16,1.5,2,0.9559536,10.73228,0.02439024,0.8536585,0.804878,0.9122075,-0.04374604,426405,246722.1,0,28,0,1201763,85,4915200,,,
northrop-mall,healpix,haar-residual-d12-p0.5,view,very-constrained,stationary,0.75,150,0.31,3.5,4.75,2.374535,10.73228,0.04878049,0.6585366,0.5365854,2.330789,-0.04374604,426405,246722.1,0,28,0,1201763,85,4915200,,,
northrop-mall,healpix,jpeg-residual-q80,view,fast,stationary,50,20,0.03,0.25,0.25,0,0,0.02439024,0.9756098,0.9756098,-0.1615519,-0.1615519,335823,186449.5,0,28,0,982929,85,4915200,,,
northrop-mall,healpix,jpeg-residual-q80,view,moderate-mobile,stationary,10,50,0.06,0.5,0.5,0.1368543,5.474174,0.02439024,0.9512195,0.9512195,-0.02469757,-0.1615519,335823,186449.5,0,28,0,982929,85,4915200,,,
northrop-mall,healpix,jpeg-residual-q80,view,constrained-mobile,stationary,2,100,0.12,1.25,1.75,0.8437403,10.88654,0.02439024,0.8780488,0.8292683,0.6821884,-0.1615519,335823,186449.5,0,28,0,982929,85,4915200,,,
northrop-mall,healpix,jpeg-residual-q80,view,very-constrained,stationary,0.75,150,0.2,3,4,2.15708,11.19435,0.02439024,0.7073171,0.6097561,1.995528,-0.1615519,335823,186449.5,0,28,0,982929,85,4915200,,,
northrop-mall,healpix,jpeg-residual-q80,view-fill,fast,stationary,50,20,0.03,0.25,0.25,0,0,0.02439024,0.9756098,0.9756098,-0.1615519,-0.1615519,1008429,859055.5,0,85,0,982929,85,16760832,,,
northrop-mall,healpix,jpeg-residual-q80,view-fill,moderate-mobile,stationary,10,50,0.06,0.5,0.5,0.1368543,5.474174,0.02439024,0.9512195,0.9512195,-0.02469757,-0.1615519,1008429,859055.5,0,85,0,982929,85,16760832,,,
northrop-mall,healpix,jpeg-residual-q80,view-fill,constrained-mobile,stationary,2,100,0.12,1.25,1.75,0.8437403,10.88654,0.02439024,0.8780488,0.8292683,0.6821884,-0.1615519,1008429,859055.5,0,85,0,982929,85,16760832,,,
northrop-mall,healpix,jpeg-residual-q80,view-fill,very-constrained,stationary,0.75,150,0.2,3,4,2.15708,11.19435,0.02439024,0.7073171,0.6097561,1.995528,-0.1615519,877217.5,727844,0,81,0,982929,85,14139392,,,
northrop-mall,healpix,jpeg-residual-q80,global,fast,stationary,50,20,0.03,0.5,0.5,0.106946,4.27784,0.02439024,0.9512195,0.9512195,-0.05460592,-0.1615519,1008429,859055.5,0,85,0,982929,85,16760832,,,
northrop-mall,healpix,jpeg-residual-q80,global,moderate-mobile,stationary,10,50,0.06,1,1.25,0.5221753,9.727581,0.02439024,0.902439,0.8780488,0.3606233,-0.1615519,1008429,859055.5,0,85,0,982929,85,16760832,,,
northrop-mall,healpix,jpeg-residual-q80,global,constrained-mobile,stationary,2,100,0.12,2.75,3.75,1.827087,11.0921,0.02439024,0.7317073,0.6341463,1.665535,-0.1615519,1008429,859055.5,0,85,0,982929,85,16760832,,,
northrop-mall,healpix,jpeg-residual-q80,global,very-constrained,stationary,0.75,150,0.2,6.75,9,4.404991,11.19435,0.02439024,0.3414634,0.1219512,4.243439,-0.1615519,883158.5,733785,0,83,0,982929,85,14663680,,,
northrop-mall,healpix,jpeg-replacement-q80,view,fast,stationary,50,20,0.03,0.25,0.25,0,0,0.02439024,0.9756098,0.9756098,-0.1280321,-0.1280321,403425,222213.9,0,28,0,1185661,85,4915200,,,
northrop-mall,healpix,jpeg-replacement-q80,view,moderate-mobile,stationary,10,50,0.06,0.5,0.75,0.1808477,5.704743,0.02439024,0.9512195,0.9268293,0.0528156,-0.1280321,403425,222213.9,0,28,0,1185661,85,4915200,,,
northrop-mall,healpix,jpeg-replacement-q80,view,constrained-mobile,stationary,2,100,0.12,1.5,2,0.9863573,11.16083,0.02439024,0.8536585,0.804878,0.8583252,-0.1280321,403425,222213.9,0,28,0,1185661,85,4915200,,,
northrop-mall,healpix,jpeg-replacement-q80,view,very-constrained,stationary,0.75,150,0.2,3.75,4.75,2.502867,11.16083,0.02439024,0.6341463,0.5365854,2.374835,-0.1280321,403425,222213.9,0,28,0,1185661,85,4915200,,,
northrop-mall,healpix,jpeg-replacement-q80,view-fill,fast,stationary,50,20,0.03,0.25,0.25,0,0,0.02439024,0.9756098,0.9756098,-0.1280321,-0.1280321,1211161,1029950,0,85,0,1185661,85,16760832,,,
northrop-mall,healpix,jpeg-replacement-q80,view-fill,moderate-mobile,stationary,10,50,0.06,0.5,0.75,0.1808477,5.704743,0.02439024,0.9512195,0.9268293,0.0528156,-0.1280321,1211161,1029950,0,85,0,1185661,85,16760832,,,
northrop-mall,healpix,jpeg-replacement-q80,view-fill,constrained-mobile,stationary,2,100,0.12,1.5,2,0.9863573,11.16083,0.02439024,0.8536585,0.804878,0.8583252,-0.1280321,1211161,1029950,0,85,0,1185661,85,16760832,,,
northrop-mall,healpix,jpeg-replacement-q80,view-fill,very-constrained,stationary,0.75,150,0.2,3.75,4.75,2.502867,11.16083,0.02439024,0.6341463,0.5365854,2.374835,-0.1280321,878853.5,697642.4,0,75,0,1185661,85,12566528,,,
northrop-mall,healpix,jpeg-replacement-q80,view-direct,fast,stationary,50,20,0.03,0.25,0.25,0,0,0.02439024,0.9756098,0.9756098,-0.1280321,-0.1280321,265368,132582.9,0,13,0,1185661,85,3194880,,,
northrop-mall,healpix,jpeg-replacement-q80,view-direct,moderate-mobile,stationary,10,50,0.06,0.5,0.5,0.1400701,5.602805,0.02439024,0.9512195,0.9512195,0.01203802,-0.1280321,265368,132582.9,0,13,0,1185661,85,3194880,,,
northrop-mall,healpix,jpeg-replacement-q80,view-direct,constrained-mobile,stationary,2,100,0.12,1.25,1.5,0.9512372,11.16083,0.02439024,0.8780488,0.8536585,0.8232051,-0.1280321,265368,132582.9,0,13,0,1185661,85,3194880,,,
northrop-mall,healpix,jpeg-replacement-q80,view-direct,very-constrained,stationary,0.75,150,0.2,3.25,3.25,2.550124,11.16083,0.02439024,0.6829268,0.6829268,2.422092,-0.1280321,265368,132582.9,0,13,0,1185661,85,3194880,,,
northrop-mall,healpix,jpeg-replacement-q80,global,fast,stationary,50,20,0.03,0.5,0.5,0.1091914,4.367656,0.02439024,0.9512195,0.9512195,-0.01884071,-0.1280321,1211161,1029950,0,85,0,1185661,85,16760832,,,
northrop-mall,healpix,jpeg-replacement-q80,global,moderate-mobile,stationary,10,50,0.06,1,1.25,0.5334907,9.698386,0.02439024,0.902439,0.8780488,0.4054586,-0.1280321,1211161,1029950,0,85,0,1185661,85,16760832,,,
northrop-mall,healpix,jpeg-replacement-q80,global,constrained-mobile,stationary,2,100,0.12,3.25,4.5,2.113005,11.16083,0.02439024,0.6829268,0.5609756,1.984973,-0.1280321,1211161,1029950,0,85,0,1185661,85,16760832,,,
northrop-mall,healpix,jpeg-replacement-q80,global,very-constrained,stationary,0.75,150,0.2,8,,5.042976,11.16083,0.02439024,0.2195122,0,4.914944,-0.1280321,879616,713414.8,0,75,0,1185661,85,12566528,,,
northrop-mall,healpix,jpeg-replacement-q80-whole,global,fast,stationary,50,20,0.03,0.5,0.5,0.102991,4.119641,0.02439024,0.9512195,0.9512195,-0.02565895,-0.12865,1193471,1020348,0,49,0,1178771,49,16760832,,,
northrop-mall,healpix,jpeg-replacement-q80-whole,global,moderate-mobile,stationary,10,50,0.06,1.25,1.25,0.584566,9.699004,0.02439024,0.8780488,0.8780488,0.4559161,-0.12865,1193471,1020348,0,49,0,1178771,49,16760832,,,
northrop-mall,healpix,jpeg-replacement-q80-whole,global,constrained-mobile,stationary,2,100,0.12,4.25,5,2.487465,11.16145,0.02439024,0.5853659,0.5121951,2.358815,-0.12865,1193471,1020348,0,49,0,1178771,49,16760832,,,
northrop-mall,healpix,jpeg-replacement-q80-whole,global,very-constrained,stationary,0.75,150,0.2,,,5.721435,11.16145,0.02439024,0,0,5.592785,-0.12865,879616,727770.4,0,49,0,1178771,49,10469376,,,
northrop-mall,healpix,jpeg-replacement-q80-whole,view-direct,fast,stationary,50,20,0.03,0.25,0.25,0,0,0.02439024,0.9756098,0.9756098,-0.12865,-0.12865,380794,256097.4,0,6,0,1178771,49,5292032,,,
northrop-mall,healpix,jpeg-replacement-q80-whole,view-direct,moderate-mobile,stationary,10,50,0.06,0.5,0.5,0.27118,10.8472,0.02439024,0.9512195,0.9512195,0.1425301,-0.12865,380794,256097.4,0,6,0,1178771,49,5292032,,,
northrop-mall,healpix,jpeg-replacement-q80-whole,view-direct,constrained-mobile,stationary,2,100,0.12,1.75,1.75,1.619077,11.16145,0.02439024,0.8292683,0.8292683,1.490427,-0.12865,380794,256097.4,0,6,0,1178771,49,5292032,,,
northrop-mall,healpix,jpeg-replacement-q80-whole,view-direct,very-constrained,stationary,0.75,150,0.2,4.5,4.5,4.397725,11.16145,0.02439024,0.5609756,0.5609756,4.269075,-0.12865,380794,256097.4,0,6,0,1178771,49,5292032,,,
bookstore,healpix,haar-residual-d12,view,fast,stationary,50,20,0.03,0.25,0.25,0,0,0.02439024,0.9756098,0.9756098,0.8189153,0.8189153,168500,99301.5,0,28,0,475021,85,4915200,,,
bookstore,healpix,haar-residual-d12,view,moderate-mobile,stationary,10,50,0.07,0.5,0.5,0.1408487,5.633949,0.02439024,0.9512195,0.9512195,0.959764,0.8189153,168500,99301.5,0,28,0,475021,85,4915200,,,
bookstore,healpix,haar-residual-d12,view,constrained-mobile,stationary,2,100,0.19,1,1,0.7621826,15.28959,0.02439024,0.902439,0.902439,1.581098,0.8189153,168500,99301.5,0,28,0,475021,85,4915200,,,
bookstore,healpix,haar-residual-d12,view,very-constrained,stationary,0.75,150,0.37,2.25,2.25,1.635405,15.28959,0.04878049,0.7804878,0.7804878,2.45432,0.8189153,168500,99301.5,0,28,0,475021,85,4915200,,,
bookstore,healpix,haar-residual-d12,view-fill,fast,stationary,50,20,0.03,0.25,0.25,0,0,0.02439024,0.9756098,0.9756098,0.8189153,0.8189153,500521,431322.5,0,85,0,475021,85,16760832,,,
bookstore,healpix,haar-residual-d12,view-fill,moderate-mobile,stationary,10,50,0.07,0.5,0.5,0.1408487,5.633949,0.02439024,0.9512195,0.9512195,0.959764,0.8189153,500521,431322.5,0,85,0,475021,85,16760832,,,
bookstore,healpix,haar-residual-d12,view-fill,constrained-mobile,stationary,2,100,0.19,1,1,0.7621826,15.28959,0.02439024,0.902439,0.902439,1.581098,0.8189153,500521,431322.5,0,85,0,475021,85,16760832,,,
bookstore,healpix,haar-residual-d12,view-fill,very-constrained,stationary,0.75,150,0.37,2.25,2.25,1.635405,15.28959,0.04878049,0.7804878,0.7804878,2.45432,0.8189153,500521,431322.5,0,85,0,475021,85,16760832,,,
bookstore,healpix,haar-residual-d12,global,fast,stationary,50,20,0.03,0.5,0.5,0.1129947,4.519789,0.02439024,0.9512195,0.9512195,0.93191,0.8189153,500521,431322.5,0,85,0,475021,85,16760832,,,
bookstore,healpix,haar-residual-d12,global,moderate-mobile,stationary,10,50,0.07,1,1,0.5460937,12.56537,0.02439024,0.902439,0.902439,1.365009,0.8189153,500521,431322.5,0,85,0,475021,85,16760832,,,
bookstore,healpix,haar-residual-d12,global,constrained-mobile,stationary,2,100,0.19,2.25,2.75,1.897874,15.28959,0.02439024,0.7804878,0.7317073,2.71679,0.8189153,500521,431322.5,0,85,0,475021,85,16760832,,,
bookstore,healpix,haar-residual-d12,global,very-constrained,stationary,0.75,150,0.37,5,5.5,3.916422,15.28959,0.04878049,0.5121951,0.4634146,4.735338,0.8189153,500521,431322.5,0,85,0,475021,85,16760832,,,
bookstore,healpix,haar-residual-d12-p0.5,view,fast,stationary,50,20,0.03,0.25,0.25,0,0,0.02439024,0.9756098,0.9756098,3.871374,3.871374,135924,77028.63,0,28,0,401375,85,4915200,,,
bookstore,healpix,haar-residual-d12-p0.5,view,moderate-mobile,stationary,10,50,0.06,0.5,0.5,0.08920704,3.568281,0.02439024,0.9512195,0.9512195,3.960581,3.871374,135924,77028.63,0,28,0,401375,85,4915200,,,
bookstore,healpix,haar-residual-d12-p0.5,view,constrained-mobile,stationary,2,100,0.15,0.75,0.75,0.4909076,12.27984,0.02439024,0.9268293,0.9268293,4.362282,3.871374,135924,77028.63,0,28,0,401375,85,4915200,,,
bookstore,healpix,haar-residual-d12-p0.5,view,very-constrained,stationary,0.75,150,0.27,1.5,1.75,0.836649,12.27984,0.04878049,0.8536585,0.8292683,4.708023,3.871374,135924,77028.63,0,28,0,401375,85,4915200,,,
bookstore,healpix,jpeg-residual-q80,view,fast,stationary,50,20,0.03,0.25,0.25,0,0,0.02439024,0.9756098,0.9756098,1.075842,1.075842,139795,78322.92,0,28,0,444081,85,4915200,,,
bookstore,healpix,jpeg-residual-q80,view,moderate-mobile,stationary,10,50,0.06,0.5,0.5,0.1641032,6.564128,0.02439024,0.9512195,0.9512195,1.239945,1.075842,139795,78322.92,0,28,0,444081,85,4915200,,,
bookstore,healpix,jpeg-residual-q80,view,constrained-mobile,stationary,2,100,0.12,0.75,1,0.551511,13.10633,0.02439024,0.9268293,0.902439,1.627353,1.075842,139795,78322.92,0,28,0,444081,85,4915200,,,
bookstore,healpix,jpeg-residual-q80,view,very-constrained,stationary,0.75,150,0.2,1.5,2,1.348015,15.46607,0.02439024,0.8536585,0.804878,2.423856,1.075842,139795,78322.92,0,28,0,444081,85,4915200,,,
bookstore,healpix,jpeg-residual-q80,view-fill,fast,stationary,50,20,0.03,0.25,0.25,0,0,0.02439024,0.9756098,0.9756098,1.075842,1.075842,469581,408108.9,0,85,0,444081,85,16760832,,,
bookstore,healpix,jpeg-residual-q80,view-fill,moderate-mobile,stationary,10,50,0.06,0.5,0.5,0.1641032,6.564128,0.02439024,0.9512195,0.9512195,1.239945,1.075842,469581,408108.9,0,85,0,444081,85,16760832,,,
bookstore,healpix,jpeg-residual-q80,view-fill,constrained-mobile,stationary,2,100,0.12,0.75,1,0.551511,13.10633,0.02439024,0.9268293,0.902439,1.627353,1.075842,469581,408108.9,0,85,0,444081,85,16760832,,,
bookstore,healpix,jpeg-residual-q80,view-fill,very-constrained,stationary,0.75,150,0.2,1.5,2,1.348015,15.46607,0.02439024,0.8536585,0.804878,2.423856,1.075842,469581,408108.9,0,85,0,444081,85,16760832,,,
bookstore,healpix,jpeg-residual-q80,global,fast,stationary,50,20,0.03,0.5,0.5,0.1357627,5.43051,0.02439024,0.9512195,0.9512195,1.211605,1.075842,469581,408108.9,0,85,0,444081,85,16760832,,,
bookstore,healpix,jpeg-residual-q80,global,moderate-mobile,stationary,10,50,0.06,0.75,1,0.5031124,13.08561,0.02439024,0.9268293,0.902439,1.578954,1.075842,469581,408108.9,0,85,0,444081,85,16760832,,,
bookstore,healpix,jpeg-residual-q80,global,constrained-mobile,stationary,2,100,0.12,2,2.5,1.606222,15.26991,0.02439024,0.804878,0.7560976,2.682064,1.075842,469581,408108.9,0,85,0,444081,85,16760832,,,
bookstore,healpix,jpeg-residual-q80,global,very-constrained,stationary,0.75,150,0.2,4.25,5.25,3.487514,15.46607,0.02439024,0.5853659,0.4878049,4.563356,1.075842,469581,408108.9,0,85,0,444081,85,16760832,,,
bookstore,healpix,jpeg-replacement-q80,view,fast,stationary,50,20,0.03,0.25,0.25,0,0,0.02439024,0.9756098,0.9756098,1.037601,1.037601,171718,94453.64,0,28,0,546860,85,4915200,,,
bookstore,healpix,jpeg-replacement-q80,view,moderate-mobile,stationary,10,50,0.06,0.5,0.5,0.1655312,6.62125,0.02439024,0.9512195,0.9512195,1.203132,1.037601,171718,94453.64,0,28,0,546860,85,4915200,,,
bookstore,healpix,jpeg-replacement-q80,view,constrained-mobile,stationary,2,100,0.12,1,1,0.6696903,15.47543,0.02439024,0.902439,0.902439,1.707291,1.037601,171718,94453.64,0,28,0,546860,85,4915200,,,
bookstore,healpix,jpeg-replacement-q80,view,very-constrained,stationary,0.75,150,0.2,2,2.25,1.617809,15.50431,0.02439024,0.804878,0.7804878,2.65541,1.037601,171718,94453.64,0,28,0,546860,85,4915200,,,
bookstore,healpix,jpeg-replacement-q80,view-fill,fast,stationary,50,20,0.03,0.25,0.25,0,0,0.02439024,0.9756098,0.9756098,1.037601,1.037601,572360,495095.6,0,85,0,546860,85,16760832,,,
bookstore,healpix,jpeg-replacement-q80,view-fill,moderate-mobile,stationary,10,50,0.06,0.5,0.5,0.1655312,6.62125,0.02439024,0.9512195,0.9512195,1.203132,1.037601,572360,495095.6,0,85,0,546860,85,16760832,,,
bookstore,healpix,jpeg-replacement-q80,view-fill,constrained-mobile,stationary,2,100,0.12,1,1,0.6696903,15.47543,0.02439024,0.902439,0.902439,1.707291,1.037601,572360,495095.6,0,85,0,546860,85,16760832,,,
bookstore,healpix,jpeg-replacement-q80,view-fill,very-constrained,stationary,0.75,150,0.2,2,2.25,1.617809,15.50431,0.02439024,0.804878,0.7804878,2.65541,1.037601,572360,495095.6,0,85,0,546860,85,16760832,,,
bookstore,healpix,jpeg-replacement-q80,view-direct,fast,stationary,50,20,0.03,0.25,0.25,0,0,0.02439024,0.9756098,0.9756098,1.037601,1.037601,100822,48499.77,0,13,0,546860,85,3194880,,,
bookstore,healpix,jpeg-replacement-q80,view-direct,moderate-mobile,stationary,10,50,0.06,0.25,0.25,0,0,0.02439024,0.9756098,0.9756098,1.037601,1.037601,100822,48499.77,0,13,0,546860,85,3194880,,,
bookstore,healpix,jpeg-replacement-q80,view-direct,constrained-mobile,stationary,2,100,0.12,0.75,0.75,0.605728,15.50431,0.02439024,0.9268293,0.9268293,1.643329,1.037601,100822,48499.77,0,13,0,546860,85,3194880,,,
bookstore,healpix,jpeg-replacement-q80,view-direct,very-constrained,stationary,0.75,150,0.2,1.5,1.5,1.708618,15.50431,0.02439024,0.8536585,0.8536585,2.746219,1.037601,100822,48499.77,0,13,0,546860,85,3194880,,,
bookstore,healpix,jpeg-replacement-q80,global,fast,stationary,50,20,0.03,0.5,0.5,0.1369099,5.476395,0.02439024,0.9512195,0.9512195,1.174511,1.037601,572360,495095.6,0,85,0,546860,85,16760832,,,
bookstore,healpix,jpeg-replacement-q80,global,moderate-mobile,stationary,10,50,0.06,1,1,0.6412403,13.11952,0.02439024,0.902439,0.902439,1.678841,1.037601,572360,495095.6,0,85,0,546860,85,16760832,,,
bookstore,healpix,jpeg-replacement-q80,global,constrained-mobile,stationary,2,100,0.12,2.25,2.75,1.811371,15.47543,0.02439024,0.7804878,0.7317073,2.848972,1.037601,572360,495095.6,0,85,0,546860,85,16760832,,,
bookstore,healpix,jpeg-replacement-q80,global,very-constrained,stationary,0.75,150,0.2,5,6.25,4.105481,15.50431,0.02439024,0.5121951,0.3902439,5.143082,1.037601,572360,495095.6,0,85,0,546860,85,16760832,,,
bookstore,healpix,jpeg-replacement-q80-whole,global,fast,stationary,50,20,0.03,0.5,0.5,0.1365544,5.462176,0.02439024,0.9512195,0.9512195,1.172043,1.035489,551526,477811.3,0,49,0,536826,49,16760832,,,
bookstore,healpix,jpeg-replacement-q80-whole,global,moderate-mobile,stationary,10,50,0.06,0.75,1,0.5332534,13.12164,0.02439024,0.9268293,0.902439,1.568742,1.035489,551526,477811.3,0,49,0,536826,49,16760832,,,
bookstore,healpix,jpeg-replacement-q80-whole,global,constrained-mobile,stationary,2,100,0.12,2.25,2.5,1.813347,15.47754,0.02439024,0.7804878,0.7560976,2.848836,1.035489,551526,477811.3,0,49,0,536826,49,16760832,,,
bookstore,healpix,jpeg-replacement-q80-whole,global,very-constrained,stationary,0.75,150,0.2,6,6,4.524802,15.50643,0.02439024,0.4146341,0.4146341,5.560291,1.035489,551526,477811.3,0,49,0,536826,49,16760832,,,
bookstore,healpix,jpeg-replacement-q80-whole,view-direct,fast,stationary,50,20,0.03,0.25,0.25,0,0,0.02439024,0.9756098,0.9756098,1.035489,1.035489,136863,88090.42,0,6,0,536826,49,5292032,,,
bookstore,healpix,jpeg-replacement-q80-whole,view-direct,moderate-mobile,stationary,10,50,0.06,0.25,0.25,0,0,0.02439024,0.9756098,0.9756098,1.035489,1.035489,136863,88090.42,0,6,0,536826,49,5292032,,,
bookstore,healpix,jpeg-replacement-q80-whole,view-direct,constrained-mobile,stationary,2,100,0.12,1,1,1.136117,15.50643,0.02439024,0.902439,0.902439,2.171606,1.035489,136863,88090.42,0,6,0,536826,49,5292032,,,
bookstore,healpix,jpeg-replacement-q80-whole,view-direct,very-constrained,stationary,0.75,150,0.2,2,2,2.674639,15.50643,0.02439024,0.804878,0.804878,3.710128,1.035489,136863,88090.42,0,6,0,536826,49,5292032,,,
superblock,healpix,haar-residual-d12,view,fast,stationary,50,20,0.03,0.25,0.25,0,0,0.02439024,0.9756098,0.9756098,0.1145375,0.1145375,419351,277545.1,0,28,0,1616056,85,4915200,,,
superblock,healpix,haar-residual-d12,view,moderate-mobile,stationary,10,50,0.08,0.5,0.75,0.2566365,8.920392,0.02439024,0.9512195,0.9268293,0.371174,0.1145375,419351,277545.1,0,28,0,1616056,85,4915200,,,
superblock,healpix,haar-residual-d12,view,constrained-mobile,stationary,2,100,0.21,1.75,2,1.199776,12.67483,0.02439024,0.8292683,0.804878,1.314314,0.1145375,419351,277545.1,0,28,0,1616056,85,4915200,,,
superblock,healpix,haar-residual-d12,view,very-constrained,stationary,0.75,150,0.44,4,4.75,2.92179,12.67483,0.04878049,0.6097561,0.5365854,3.036328,0.1145375,419351,277545.1,0,28,0,1616056,85,4915200,,,
superblock,healpix,haar-residual-d12,view-fill,fast,stationary,50,20,0.03,0.25,0.25,0,0,0.02439024,0.9756098,0.9756098,0.1145375,0.1145375,1641556,1499750,0,85,0,1616056,85,16760832,,,
superblock,healpix,haar-residual-d12,view-fill,moderate-mobile,stationary,10,50,0.08,0.5,0.75,0.2566365,8.920392,0.02439024,0.9512195,0.9268293,0.371174,0.1145375,1641556,1499750,0,85,0,1616056,85,16760832,,,
superblock,healpix,haar-residual-d12,view-fill,constrained-mobile,stationary,2,100,0.21,1.75,2,1.199776,12.67483,0.02439024,0.8292683,0.804878,1.314314,0.1145375,1641556,1499750,0,85,0,1616056,85,16760832,,,
superblock,healpix,haar-residual-d12,view-fill,very-constrained,stationary,0.75,150,0.44,4,4.75,2.92179,12.67483,0.04878049,0.6097561,0.5365854,3.036328,0.1145375,875807.5,734001.6,0,54,0,1616056,85,7061504,,,
superblock,healpix,haar-residual-d12,global,fast,stationary,50,20,0.03,0.5,0.75,0.1626746,5.449715,0.02439024,0.9512195,0.9268293,0.2772122,0.1145375,1641556,1499750,0,85,0,1616056,85,16760832,,,
superblock,healpix,haar-residual-d12,global,moderate-mobile,stationary,10,50,0.08,1.5,1.5,0.8174134,10.71815,0.02439024,0.8536585,0.8536585,0.931951,0.1145375,1641556,1499750,0,85,0,1616056,85,16760832,,,
superblock,healpix,haar-residual-d12,global,constrained-mobile,stationary,2,100,0.21,5.25,6.25,3.528879,12.67483,0.02439024,0.4878049,0.3902439,3.643417,0.1145375,1641556,1499750,0,85,0,1616056,85,16760832,,,
superblock,healpix,haar-residual-d12,global,very-constrained,stationary,0.75,150,0.44,,,7.162235,12.67483,0.04878049,0,0,7.276772,0.1145375,889167,810554.4,0,50,0,1616056,85,6012928,,,
superblock,healpix,haar-residual-d12-p0.5,view,fast,stationary,50,20,0.03,0.25,0.25,0,0,0.02439024,0.9756098,0.9756098,2.397772,2.397772,355058,230285.5,0,28,0,1457158,85,4915200,,,
superblock,healpix,haar-residual-d12-p0.5,view,moderate-mobile,stationary,10,50,0.07,0.5,0.5,0.107274,4.118558,0.02439024,0.9512195,0.9512195,2.505046,2.397772,355058,230285.5,0,28,0,1457158,85,4915200,,,
superblock,healpix,haar-residual-d12-p0.5,view,constrained-mobile,stationary,2,100,0.17,1.5,1.75,0.741073,10.43808,0.02439024,0.8536585,0.8292683,3.138845,2.397772,355058,230285.5,0,28,0,1457158,85,4915200,,,
superblock,healpix,haar-residual-d12-p0.5,view,very-constrained,stationary,0.75,150,0.34,3.25,4,1.723836,10.43808,0.04878049,0.6829268,0.6097561,4.121608,2.397772,355058,230285.5,0,28,0,1457158,85,4915200,,,
superblock,healpix,jpeg-residual-q80,view,fast,stationary,50,20,0.03,0.25,0.25,0,0,0.02439024,0.9756098,0.9756098,0.9617852,0.9617852,253745,154779.4,0,28,0,1089784,85,4915200,,,
superblock,healpix,jpeg-residual-q80,view,moderate-mobile,stationary,10,50,0.06,0.5,0.5,0.1507182,6.028726,0.02439024,0.9512195,0.9512195,1.112503,0.9617852,253745,154779.4,0,28,0,1089784,85,4915200,,,
superblock,healpix,jpeg-residual-q80,view,constrained-mobile,stationary,2,100,0.12,1.25,1.5,0.8067733,12.79732,0.02439024,0.8780488,0.8536585,1.768558,0.9617852,253745,154779.4,0,28,0,1089784,85,4915200,,,
superblock,healpix,jpeg-residual-q80,view,very-constrained,stationary,0.75,150,0.21,2.75,3.25,1.799162,12.79732,0.02439024,0.7317073,0.6829268,2.760947,0.9617852,253745,154779.4,0,28,0,1089784,85,4915200,,,
superblock,healpix,jpeg-residual-q80,view-fill,fast,stationary,50,20,0.03,0.25,0.25,0,0,0.02439024,0.9756098,0.9756098,0.9617852,0.9617852,1115284,1016318,0,85,0,1089784,85,16760832,,,
superblock,healpix,jpeg-residual-q80,view-fill,moderate-mobile,stationary,10,50,0.06,0.5,0.5,0.1507182,6.028726,0.02439024,0.9512195,0.9512195,1.112503,0.9617852,1115284,1016318,0,85,0,1089784,85,16760832,,,
superblock,healpix,jpeg-residual-q80,view-fill,constrained-mobile,stationary,2,100,0.12,1.25,1.5,0.8067733,12.79732,0.02439024,0.8780488,0.8536585,1.768558,0.9617852,1115284,1016318,0,85,0,1089784,85,16760832,,,
superblock,healpix,jpeg-residual-q80,view-fill,very-constrained,stationary,0.75,150,0.21,2.75,3.25,1.799162,12.79732,0.02439024,0.7317073,0.6829268,2.760947,0.9617852,857571.5,758605.9,0,74,0,1089784,85,12304384,,,
superblock,healpix,jpeg-residual-q80,global,fast,stationary,50,20,0.03,0.5,0.5,0.1287937,5.151748,0.02439024,0.9512195,0.9512195,1.090579,0.9617852,1115284,1016318,0,85,0,1089784,85,16760832,,,
superblock,healpix,jpeg-residual-q80,global,moderate-mobile,stationary,10,50,0.06,1.25,1.5,0.6789384,10.85643,0.02439024,0.8780488,0.8536585,1.640724,0.9617852,1115284,1016318,0,85,0,1089784,85,16760832,,,
superblock,healpix,jpeg-residual-q80,global,constrained-mobile,stationary,2,100,0.12,3.5,4.5,2.323551,12.79732,0.02439024,0.6585366,0.5609756,3.285336,0.9617852,1115284,1016318,0,85,0,1089784,85,16760832,,,
superblock,healpix,jpeg-residual-q80,global,very-constrained,stationary,0.75,150,0.21,8.5,,5.60273,12.79732,0.02439024,0.1707317,0,6.564515,0.9617852,876611,788069.8,0,75,0,1089784,85,12566528,,,
superblock,healpix,jpeg-replacement-q80,view,fast,stationary,50,20,0.03,0.25,0.25,0,0,0.02439024,0.9756098,0.9756098,0.9469982,0.9469982,308193,186182.2,0,28,0,1331252,85,4915200,,,
superblock,healpix,jpeg-replacement-q80,view,moderate-mobile,stationary,10,50,0.06,0.5,0.5,0.1506562,6.026249,0.02439024,0.9512195,0.9512195,1.097654,0.9469982,308193,186182.2,0,28,0,1331252,85,4915200,,,
superblock,healpix,jpeg-replacement-q80,view,constrained-mobile,stationary,2,100,0.12,1.5,1.5,0.8676299,12.8121,0.02439024,0.8536585,0.8536585,1.814628,0.9469982,308193,186182.2,0,28,0,1331252,85,4915200,,,
superblock,healpix,jpeg-replacement-q80,view,very-constrained,stationary,0.75,150,0.21,3.25,3.75,2.182846,12.8121,0.02439024,0.6829268,0.6341463,3.129845,0.9469982,308193,186182.2,0,28,0,1331252,85,4915200,,,
superblock,healpix,jpeg-replacement-q80,view-fill,fast,stationary,50,20,0.03,0.25,0.25,0,0,0.02439024,0.9756098,0.9756098,0.9469982,0.9469982,1356752,1234741,0,85,0,1331252,85,16760832,,,
superblock,healpix,jpeg-replacement-q80,view-fill,moderate-mobile,stationary,10,50,0.06,0.5,0.5,0.1506562,6.026249,0.02439024,0.9512195,0.9512195,1.097654,0.9469982,1356752,1234741,0,85,0,1331252,85,16760832,,,
superblock,healpix,jpeg-replacement-q80,view-fill,constrained-mobile,stationary,2,100,0.12,1.5,1.5,0.8676299,12.8121,0.02439024,0.8536585,0.8536585,1.814628,0.9469982,1356752,1234741,0,85,0,1331252,85,16760832,,,
superblock,healpix,jpeg-replacement-q80,view-fill,very-constrained,stationary,0.75,150,0.21,3.25,3.75,2.182846,12.8121,0.02439024,0.6829268,0.6341463,3.129845,0.9469982,860413,738402.2,0,66,0,1331252,85,10207232,,,
superblock,healpix,jpeg-replacement-q80,view-direct,fast,stationary,50,20,0.03,0.25,0.25,0,0,0.02439024,0.9756098,0.9756098,0.9469982,0.9469982,176687,91761.4,0,13,0,1331252,85,3194880,,,
superblock,healpix,jpeg-replacement-q80,view-direct,moderate-mobile,stationary,10,50,0.06,0.5,0.5,0.1794197,7.176787,0.02439024,0.9512195,0.9512195,1.126418,0.9469982,176687,91761.4,0,13,0,1331252,85,3194880,,,
superblock,healpix,jpeg-replacement-q80,view-direct,constrained-mobile,stationary,2,100,0.12,1,1,0.8059922,12.8121,0.02439024,0.902439,0.902439,1.75299,0.9469982,176687,91761.4,0,13,0,1331252,85,3194880,,,
superblock,healpix,jpeg-replacement-q80,view-direct,very-constrained,stationary,0.75,150,0.21,2.25,2.25,2.063951,12.8121,0.02439024,0.7804878,0.7804878,3.010949,0.9469982,176687,91761.4,0,13,0,1331252,85,3194880,,,
superblock,healpix,jpeg-replacement-q80,global,fast,stationary,50,20,0.03,0.5,0.75,0.1574229,5.089028,0.02439024,0.9512195,0.9268293,1.104421,0.9469982,1356752,1234741,0,85,0,1331252,85,16760832,,,
superblock,healpix,jpeg-replacement-q80,global,moderate-mobile,stationary,10,50,0.06,1.25,1.5,0.7045132,10.84445,0.02439024,0.8780488,0.8536585,1.651511,0.9469982,1356752,1234741,0,85,0,1331252,85,16760832,,,
superblock,healpix,jpeg-replacement-q80,global,constrained-mobile,stationary,2,100,0.12,4,5.5,2.719653,12.8121,0.02439024,0.6097561,0.4634146,3.666651,0.9469982,1356752,1234741,0,85,0,1331252,85,16760832,,,
superblock,healpix,jpeg-replacement-q80,global,very-constrained,stationary,0.75,150,0.21,,,6.286109,12.8121,0.02439024,0,0,7.233108,0.9469982,885128,782311.4,0,66,0,1331252,85,10207232,,,
superblock,healpix,jpeg-replacement-q80-whole,global,fast,stationary,50,20,0.03,0.5,0.5,0.1290819,5.163276,0.02439024,0.9512195,0.9512195,1.074462,0.9453805,1334687,1207011,0,49,0,1319987,49,16760832,,,
superblock,healpix,jpeg-replacement-q80-whole,global,moderate-mobile,stationary,10,50,0.06,1,1.5,0.6253652,10.84607,0.02439024,0.902439,0.8536585,1.570746,0.9453805,1334687,1207011,0,49,0,1319987,49,16760832,,,
superblock,healpix,jpeg-replacement-q80-whole,global,constrained-mobile,stationary,2,100,0.12,3.75,5.75,2.726446,12.81372,0.02439024,0.6341463,0.4390244,3.671827,0.9453805,1334687,1207011,0,49,0,1319987,49,16760832,,,
superblock,healpix,jpeg-replacement-q80-whole,global,very-constrained,stationary,0.75,150,0.21,8.75,,5.945387,12.81372,0.02439024,0.1463415,0,6.890768,0.9453805,885128,774730.1,0,46,0,1319987,49,7323648,,,
superblock,healpix,jpeg-replacement-q80-whole,view-direct,fast,stationary,50,20,0.03,0.25,0.25,0,0,0.02439024,0.9756098,0.9756098,0.9453805,0.9453805,348069,257478.1,0,6,0,1319987,49,5292032,,,
superblock,healpix,jpeg-replacement-q80-whole,view-direct,moderate-mobile,stationary,10,50,0.06,0.5,0.5,0.320343,12.81372,0.02439024,0.9512195,0.9512195,1.265723,0.9453805,348069,257478.1,0,6,0,1319987,49,5292032,,,
superblock,healpix,jpeg-replacement-q80-whole,view-direct,constrained-mobile,stationary,2,100,0.12,1.75,1.75,1.748044,12.81372,0.02439024,0.8292683,0.8292683,2.693424,0.9453805,348069,257478.1,0,6,0,1319987,49,5292032,,,
superblock,healpix,jpeg-replacement-q80-whole,view-direct,very-constrained,stationary,0.75,150,0.21,4.25,4.25,4.642156,12.81372,0.02439024,0.5853659,0.5853659,5.587537,0.9453805,348069,257478.1,0,6,0,1319987,49,5292032,,,
northrop-mall,healpix,haar-residual-d12,view,fast,slow-turn,50,20,0.03,0.25,0.25,0,0,0.01234568,0.9876543,0.9876543,-0.7965319,-0.7974093,1219904,383230.4,0,77,0,1317047,85,14663680,,,
northrop-mall,healpix,haar-residual-d12,view,moderate-mobile,slow-turn,10,50,0.07,0.5,0.75,0.1325941,8.025276,0.01234568,0.9753086,0.962963,-0.6639378,-0.7974093,1219904,383230.4,0,77,0,1317047,85,14663680,,,
northrop-mall,healpix,haar-residual-d12,view,constrained-mobile,slow-turn,2,100,0.2,2,2.25,0.6846555,11.53427,0.01234568,0.9012346,0.8888889,-0.1118764,-0.7974093,1219904,383230.4,0,77,0,1317047,85,14663680,,,
northrop-mall,healpix,haar-residual-d12,view,very-constrained,slow-turn,0.75,150,0.41,6.5,7.75,2.266077,11.65035,0.02469136,0.654321,0.5555556,1.470653,-0.7974093,1245642,384424.4,25737.61,80,3,1317047,85,14663680,,,
northrop-mall,healpix,haar-residual-d12,view-fill,fast,slow-turn,50,20,0.03,0.25,0.25,0,0,0.01234568,0.9876543,0.9876543,-0.7965319,-0.7974093,1342547,505873.4,0,86,1,1317047,85,16760832,,,
northrop-mall,healpix,haar-residual-d12,view-fill,moderate-mobile,slow-turn,10,50,0.07,0.5,0.75,0.1324,8.025276,0.01234568,0.9753086,0.962963,-0.6641319,-0.7974093,1342547,505873.4,0,87,2,1317047,85,16760832,,,
northrop-mall,healpix,haar-residual-d12,view-fill,constrained-mobile,slow-turn,2,100,0.2,2,2.25,0.6781157,11.53427,0.01234568,0.9012346,0.8888889,-0.1184162,-0.7974093,1396499,531427.3,53951.67,90,5,1317047,85,16760832,,,
northrop-mall,healpix,haar-residual-d12,view-fill,very-constrained,slow-turn,0.75,150,0.41,6.5,7.75,2.288081,11.65035,0.02469136,0.654321,0.5432099,1.492656,-0.7974093,1414380,534788.3,71832.86,94,9,1317047,85,16760832,,,
northrop-mall,healpix,haar-residual-d12,global,fast,slow-turn,50,20,0.03,0.5,0.5,0.07519093,5.497461,0.01234568,0.9753086,0.9753086,-0.7213409,-0.7974093,1342547,505873.4,0,85,0,1317047,85,16760832,,,
northrop-mall,healpix,haar-residual-d12,global,moderate-mobile,slow-turn,10,50,0.07,1.25,1.25,0.3122181,10.04604,0.01234568,0.9382716,0.9382716,-0.4843138,-0.7974093,1342547,505873.4,0,85,0,1317047,85,16760832,,,
northrop-mall,healpix,haar-residual-d12,global,constrained-mobile,slow-turn,2,100,0.2,3.5,5,1.324973,11.53427,0.01234568,0.8271605,0.7283951,0.5284415,-0.7974093,1342547,505873.4,0,85,0,1317047,85,16760832,,,
northrop-mall,healpix,haar-residual-d12,global,very-constrained,slow-turn,0.75,150,0.41,10.75,14,3.491926,11.65035,0.02469136,0.4691358,0.308642,2.696501,-0.7974093,1342547,505873.4,0,85,0,1317047,85,16760832,,,
northrop-mall,healpix,haar-residual-d12-p0.5,view,fast,slow-turn,50,20,0.03,0.25,0.25,0,0,0.01234568,0.9876543,0.9876543,0.1910679,0.188169,1104620,342233.4,0,77,0,1201763,85,14663680,,,
northrop-mall,healpix,haar-residual-d12-p0.5,view,moderate-mobile,slow-turn,10,50,0.07,0.5,0.5,0.0752069,5.087575,0.01234568,0.9753086,0.9753086,0.2662748,0.188169,1104620,342233.4,0,77,0,1201763,85,14663680,,,
northrop-mall,healpix,haar-residual-d12-p0.5,view,constrained-mobile,slow-turn,2,100,0.16,1.75,2,0.5065448,10.73324,0.01234568,0.9135802,0.9012346,0.6976127,0.188169,1104620,342233.4,0,77,0,1201763,85,14663680,,,
northrop-mall,healpix,haar-residual-d12-p0.5,view,very-constrained,slow-turn,0.75,150,0.31,4,6.25,1.554838,10.83519,0.02469136,0.7777778,0.654321,1.74915,0.188169,1119370,350795.2,14750,79,2,1201763,85,14663680,,,
northrop-mall,healpix,jpeg-residual-q80,view,fast,slow-turn,50,20,0.03,0.25,0.25,0,0,0.01234568,0.9876543,0.9876543,-0.02585634,-0.02753159,900800,266715.4,0,77,0,982929,85,14663680,,,
northrop-mall,healpix,jpeg-residual-q80,view,moderate-mobile,slow-turn,10,50,0.06,0.5,0.5,0.07788395,5.679759,0.01234568,0.9753086,0.9753086,0.05202761,-0.02753159,900800,266715.4,0,77,0,982929,85,14663680,,,
northrop-mall,healpix,jpeg-residual-q80,view,constrained-mobile,slow-turn,2,100,0.12,1.5,1.5,0.4211132,10.84426,0.01234568,0.9259259,0.9259259,0.3952568,-0.02753159,900800,266715.4,0,77,0,982929,85,14663680,,,
northrop-mall,healpix,jpeg-residual-q80,view,very-constrained,slow-turn,0.75,150,0.2,3.25,5.25,1.260603,11.18573,0.01234568,0.8395062,0.7407407,1.234747,-0.02753159,916345.3,275738.8,15545.28,78,1,982929,85,14663680,,,
northrop-mall,healpix,jpeg-residual-q80,view-fill,fast,slow-turn,50,20,0.03,0.25,0.25,0,0,0.01234568,0.9876543,0.9876543,-0.02585634,-0.02753159,1008429,374344.4,0,86,1,982929,85,16760832,,,
northrop-mall,healpix,jpeg-residual-q80,view-fill,moderate-mobile,slow-turn,10,50,0.06,0.5,0.5,0.07768336,5.679759,0.01234568,0.9753086,0.9753086,0.05182702,-0.02753159,1012596,376755.6,4166.667,87,2,982929,85,16760832,,,
northrop-mall,healpix,jpeg-residual-q80,view-fill,constrained-mobile,slow-turn,2,100,0.12,1.5,1.5,0.4197244,10.84426,0.01234568,0.9259259,0.9259259,0.3938681,-0.02753159,1028183,393598.4,19754,87,2,982929,85,16760832,,,
northrop-mall,healpix,jpeg-residual-q80,view-fill,very-constrained,slow-turn,0.75,150,0.2,3.25,5.25,1.267731,11.18573,0.01234568,0.8395062,0.7283951,1.241875,-0.02753159,1052100,405763.3,43671.47,92,7,982929,85,16760832,,,
northrop-mall,healpix,jpeg-residual-q80,global,fast,slow-turn,50,20,0.03,0.5,0.5,0.05255926,4.204741,0.01234568,0.9753086,0.9753086,0.02670292,-0.02753159,1008429,374344.4,0,85,0,982929,85,16760832,,,
northrop-mall,healpix,jpeg-residual-q80,global,moderate-mobile,slow-turn,10,50,0.06,1,1.25,0.2563519,9.72845,0.01234568,0.9506173,0.9382716,0.2304955,-0.02753159,1008429,374344.4,0,85,0,982929,85,16760832,,,
northrop-mall,healpix,jpeg-residual-q80,global,constrained-mobile,slow-turn,2,100,0.12,2.75,3.75,0.8960682,11.10893,0.01234568,0.8641975,0.8148148,0.8702119,-0.02753159,1008429,374344.4,0,85,0,982929,85,16760832,,,
northrop-mall,healpix,jpeg-residual-q80,global,very-constrained,slow-turn,0.75,150,0.2,5.75,10.75,2.281731,11.18573,0.01234568,0.7037037,0.4691358,2.255874,-0.02753159,1008429,374344.4,0,85,0,982929,85,16760832,,,
northrop-mall,healpix,jpeg-replacement-q80,view,fast,slow-turn,50,20,0.03,0.25,0.25,0,0,0.01234568,0.9876543,0.9876543,0.006489351,0.004828592,1084578,315739.6,0,77,0,1185661,85,14663680,,,
northrop-mall,healpix,jpeg-replacement-q80,view,moderate-mobile,slow-turn,10,50,0.06,0.5,0.75,0.08416769,5.65622,0.01234568,0.9753086,0.962963,0.09065704,0.004828592,1084578,315739.6,0,77,0,1185661,85,14663680,,,
northrop-mall,healpix,jpeg-replacement-q80,view,constrained-mobile,slow-turn,2,100,0.12,1.75,2,0.5153383,11.15759,0.01234568,0.9135802,0.9012346,0.5218276,0.004828592,1084578,315739.6,0,77,0,1185661,85,14663680,,,
northrop-mall,healpix,jpeg-replacement-q80,view,very-constrained,slow-turn,0.75,150,0.2,3.5,5.75,1.534661,11.15759,0.01234568,0.8024691,0.7037037,1.54115,0.004828592,1099739,324612.5,15161.23,79,2,1185661,85,14663680,,,
northrop-mall,healpix,jpeg-replacement-q80,view-fill,fast,slow-turn,50,20,0.03,0.25,0.25,0,0,0.01234568,0.9876543,0.9876543,0.006489351,0.004828592,1211161,442322.6,0,86,1,1185661,85,16760832,,,
northrop-mall,healpix,jpeg-replacement-q80,view-fill,moderate-mobile,slow-turn,10,50,0.06,0.5,0.75,0.08416769,5.65622,0.01234568,0.9753086,0.962963,0.09065704,0.004828592,1211161,442322.6,0,87,2,1185661,85,16760832,,,
northrop-mall,healpix,jpeg-replacement-q80,view-fill,constrained-mobile,slow-turn,2,100,0.12,1.75,2,0.5145238,11.15759,0.01234568,0.9135802,0.9012346,0.5210131,0.004828592,1243055,442434.5,31894.1,89,4,1185661,85,16760832,,,
northrop-mall,healpix,jpeg-replacement-q80,view-fill,very-constrained,slow-turn,0.75,150,0.2,3.5,5.75,1.536632,11.15759,0.01234568,0.8024691,0.691358,1.543121,0.004828592,1279926,475111.2,68764.95,94,9,1185661,85,16760832,,,
northrop-mall,healpix,jpeg-replacement-q80,view-direct,fast,slow-turn,50,20,0.03,0.25,0.25,0,0,0.01234568,0.9876543,0.9876543,0.006489351,0.004828592,761937,197875.1,0,41,0,1185661,85,10534912,,,
northrop-mall,healpix,jpeg-replacement-q80,view-direct,moderate-mobile,slow-turn,10,50,0.06,0.5,0.5,0.06145142,4.916114,0.01234568,0.9753086,0.9753086,0.06794077,0.004828592,761937,197875.1,0,41,0,1185661,85,10534912,,,
northrop-mall,healpix,jpeg-replacement-q80,view-direct,constrained-mobile,slow-turn,2,100,0.12,1.25,1.5,0.4615133,11.24379,0.01234568,0.9382716,0.9259259,0.4680027,0.004828592,767770.3,197961.4,5833.333,42,1,1185661,85,10534912,,,
northrop-mall,healpix,jpeg-replacement-q80,view-direct,very-constrained,slow-turn,0.75,150,0.2,3,3.25,1.367986,11.24379,0.01234568,0.8518519,0.8271605,1.374476,0.004828592,761937,197875.1,0,41,0,1185661,85,10534912,,,
northrop-mall,healpix,jpeg-replacement-q80,global,fast,slow-turn,50,20,0.03,0.5,0.5,0.05331079,4.264863,0.01234568,0.9753086,0.9753086,0.05980014,0.004828592,1211161,442322.6,0,85,0,1185661,85,16760832,,,
northrop-mall,healpix,jpeg-replacement-q80,global,moderate-mobile,slow-turn,10,50,0.06,1,1.25,0.2563618,9.698049,0.01234568,0.9506173,0.9382716,0.2628512,0.004828592,1211161,442322.6,0,85,0,1185661,85,16760832,,,
northrop-mall,healpix,jpeg-replacement-q80,global,constrained-mobile,slow-turn,2,100,0.12,3,4.5,1.068869,11.15759,0.01234568,0.8518519,0.7777778,1.075358,0.004828592,1211161,442322.6,0,85,0,1185661,85,16760832,,,
northrop-mall,healpix,jpeg-replacement-q80,global,very-constrained,slow-turn,0.75,150,0.2,7,12.75,2.827813,11.15759,0.01234568,0.5679012,0.3703704,2.834303,0.004828592,1211161,442322.6,0,85,0,1185661,85,16760832,,,
northrop-mall,healpix,jpeg-replacement-q80-whole,global,fast,slow-turn,50,20,0.03,0.5,0.5,0.05069683,4.055747,0.01234568,0.9753086,0.9753086,0.05636994,0.004014795,1193471,453861.9,0,49,0,1178771,49,16760832,,,
northrop-mall,healpix,jpeg-replacement-q80-whole,global,moderate-mobile,slow-turn,10,50,0.06,1.25,1.25,0.2888962,9.698552,0.01234568,0.9382716,0.9382716,0.2945693,0.004014795,1193471,453861.9,0,49,0,1178771,49,16760832,,,
northrop-mall,healpix,jpeg-replacement-q80-whole,global,constrained-mobile,slow-turn,2,100,0.12,3.5,5,1.183856,11.15809,0.01234568,0.8271605,0.7407407,1.18953,0.004014795,1193471,453861.9,0,49,0,1178771,49,16760832,,,
northrop-mall,healpix,jpeg-replacement-q80-whole,global,very-constrained,slow-turn,0.75,150,0.2,11.25,13.25,3.127439,11.15809,0.01234568,0.4444444,0.345679,3.133112,0.004014795,1193471,453861.9,0,49,0,1178771,49,16760832,,,
northrop-mall,healpix,jpeg-replacement-q80-whole,view-direct,fast,slow-turn,50,20,0.03,0.25,0.25,0,0,0.01234568,0.9876543,0.9876543,0.005673105,0.004014795,870830,335997.5,0,13,0,1178771,49,12632064,,,
northrop-mall,healpix,jpeg-replacement-q80-whole,view-direct,moderate-mobile,slow-turn,10,50,0.06,0.5,0.5,0.1363407,10.90726,0.01234568,0.9753086,0.9753086,0.1420138,0.004014795,870830,335997.5,0,13,0,1178771,49,12632064,,,
northrop-mall,healpix,jpeg-replacement-q80-whole,view-direct,constrained-mobile,slow-turn,2,100,0.12,2,2,0.9464505,11.24438,0.01234568,0.9012346,0.9012346,0.9521236,0.004014795,870830,335997.5,0,13,0,1178771,49,12632064,,,
northrop-mall,healpix,jpeg-replacement-q80-whole,view-direct,very-constrained,slow-turn,0.75,150,0.2,7.5,7.5,3.334583,11.47845,0.01234568,0.6296296,0.5802469,3.340256,0.004014795,870830,335997.5,0,13,0,1178771,49,12632064,,,
bookstore,healpix,haar-residual-d12,view,fast,slow-turn,50,20,0.03,0.25,0.25,0,0,0.01234568,0.9876543,0.9876543,0.8563757,0.8559132,479281,116435.2,0,77,0,475021,85,14663680,,,
bookstore,healpix,haar-residual-d12,view,moderate-mobile,slow-turn,10,50,0.07,0.5,0.5,0.06180292,4.944234,0.01234568,0.9753086,0.9753086,0.9181782,0.8559132,479281,116435.2,0,77,0,475021,85,14663680,,,
bookstore,healpix,haar-residual-d12,view,constrained-mobile,slow-turn,2,100,0.19,1.25,1.25,0.5018689,15.29394,0.01234568,0.9382716,0.9382716,1.358244,0.8559132,479281,116435.2,0,77,0,475021,85,14663680,,,
bookstore,healpix,haar-residual-d12,view,very-constrained,slow-turn,0.75,150,0.37,2.75,3,1.165092,15.41408,0.02469136,0.8641975,0.8271605,2.023106,0.8559132,488121.8,121567,8840.825,78,1,475021,85,14663680,,,
bookstore,healpix,haar-residual-d12,view-fill,fast,slow-turn,50,20,0.03,0.25,0.25,0,0,0.01234568,0.9876543,0.9876543,0.8563757,0.8559132,500521,137675.2,0,85,0,475021,85,16760832,,,
bookstore,healpix,haar-residual-d12,view-fill,moderate-mobile,slow-turn,10,50,0.07,0.5,0.5,0.06180292,4.944234,0.01234568,0.9753086,0.9753086,0.9181786,0.8559132,500521,137675.2,0,86,1,475021,85,16760832,,,
bookstore,healpix,haar-residual-d12,view-fill,constrained-mobile,slow-turn,2,100,0.19,1.25,1.25,0.5018542,15.29394,0.01234568,0.9382716,0.9382716,1.35823,0.8559132,503021,139121.9,2500,87,2,475021,85,16760832,,,
bookstore,healpix,haar-residual-d12,view-fill,very-constrained,slow-turn,0.75,150,0.37,2.75,3,1.126194,15.41408,0.02469136,0.8641975,0.8518519,1.984211,0.8559132,521275.1,142868.4,20754.08,90,5,475021,85,16760832,,,
bookstore,healpix,haar-residual-d12,global,fast,slow-turn,50,20,0.03,0.5,0.5,0.05463233,4.370586,0.01234568,0.9753086,0.9753086,0.911008,0.8559132,500521,137675.2,0,85,0,475021,85,16760832,,,
bookstore,healpix,haar-residual-d12,global,moderate-mobile,slow-turn,10,50,0.07,1,1,0.2682489,12.43126,0.01234568,0.9506173,0.9506173,1.124625,0.8559132,500521,137675.2,0,85,0,475021,85,16760832,,,
bookstore,healpix,haar-residual-d12,global,constrained-mobile,slow-turn,2,100,0.19,2.25,2.75,0.9581284,15.29394,0.01234568,0.8888889,0.8641975,1.814504,0.8559132,500521,137675.2,0,85,0,475021,85,16760832,,,
bookstore,healpix,haar-residual-d12,global,very-constrained,slow-turn,0.75,150,0.37,4.75,6.25,1.993188,15.41408,0.02469136,0.7654321,0.691358,2.851206,0.8559132,500521,137675.2,0,85,0,475021,85,16760832,,,
bookstore,healpix,haar-residual-d12-p0.5,view,fast,slow-turn,50,20,0.03,0.25,0.25,0,0,0.01234568,0.9876543,0.9876543,3.963812,3.96267,405635,94645.74,0,77,0,401375,85,14663680,,,
bookstore,healpix,haar-residual-d12-p0.5,view,moderate-mobile,slow-turn,10,50,0.06,0.5,0.5,0.03881022,3.104818,0.01234568,0.9753086,0.9753086,4.002621,3.96267,405635,94645.74,0,77,0,401375,85,14663680,,,
bookstore,healpix,haar-residual-d12-p0.5,view,constrained-mobile,slow-turn,2,100,0.15,0.75,1,0.2692686,12.4077,0.01234568,0.962963,0.9506173,4.233077,3.96267,405635,94645.74,0,77,0,401375,85,14663680,,,
bookstore,healpix,haar-residual-d12-p0.5,view,very-constrained,slow-turn,0.75,150,0.27,2,2.25,0.5740881,12.47425,0.02469136,0.9012346,0.8888889,4.541772,3.96267,405635,94645.74,0,77,0,401375,85,14663680,,,
bookstore,healpix,jpeg-residual-q80,view,fast,slow-turn,50,20,0.03,0.25,0.25,0,0,0.01234568,0.9876543,0.9876543,1.152799,1.151849,433518,111671.4,0,77,0,444081,85,14663680,,,
bookstore,healpix,jpeg-residual-q80,view,moderate-mobile,slow-turn,10,50,0.06,0.5,0.5,0.08267792,6.613598,0.01234568,0.9753086,0.9753086,1.235477,1.151849,433518,111671.4,0,77,0,444081,85,14663680,,,
bookstore,healpix,jpeg-residual-q80,view,constrained-mobile,slow-turn,2,100,0.12,1,1,0.3139146,13.00542,0.01234568,0.9506173,0.9506173,1.466714,1.151849,433518,111671.4,0,77,0,444081,85,14663680,,,
bookstore,healpix,jpeg-residual-q80,view,very-constrained,slow-turn,0.75,150,0.2,2.25,2.5,0.8650315,15.36939,0.01234568,0.8888889,0.8765432,2.017831,1.151849,433518,111671.4,0,77,0,444081,85,14663680,,,
bookstore,healpix,jpeg-residual-q80,view-fill,fast,slow-turn,50,20,0.03,0.25,0.25,0,0,0.01234568,0.9876543,0.9876543,1.152799,1.151849,469581,147734.4,0,85,0,444081,85,16760832,,,
bookstore,healpix,jpeg-residual-q80,view-fill,moderate-mobile,slow-turn,10,50,0.06,0.5,0.5,0.08266997,6.613598,0.01234568,0.9753086,0.9753086,1.235469,1.151849,473747.7,150153,4166.667,87,2,444081,85,16760832,,,
bookstore,healpix,jpeg-residual-q80,view-fill,constrained-mobile,slow-turn,2,100,0.12,1,1,0.3138526,13.00542,0.01234568,0.9506173,0.9506173,1.466652,1.151849,475349.4,149428.9,5768.4,87,2,444081,85,16760832,,,
bookstore,healpix,jpeg-residual-q80,view-fill,very-constrained,slow-turn,0.75,150,0.2,2.25,2.5,0.8638727,15.36939,0.01234568,0.8888889,0.8765432,2.016672,1.151849,475658,150905.9,6076.975,91,6,444081,85,16760832,,,
bookstore,healpix,jpeg-residual-q80,global,fast,slow-turn,50,20,0.03,0.5,0.5,0.06495232,5.196185,0.01234568,0.9753086,0.9753086,1.217751,1.151849,469581,147734.4,0,85,0,444081,85,16760832,,,
bookstore,healpix,jpeg-residual-q80,global,moderate-mobile,slow-turn,10,50,0.06,0.75,1,0.2475065,12.98752,0.01234568,0.962963,0.9506173,1.400306,1.151849,469581,147734.4,0,85,0,444081,85,16760832,,,
bookstore,healpix,jpeg-residual-q80,global,constrained-mobile,slow-turn,2,100,0.12,2,2.5,0.791738,15.08471,0.01234568,0.9012346,0.8765432,1.944537,1.151849,469581,147734.4,0,85,0,444081,85,16760832,,,
bookstore,healpix,jpeg-residual-q80,global,very-constrained,slow-turn,0.75,150,0.2,4,6,1.771354,15.36939,0.01234568,0.8024691,0.7037037,2.924153,1.151849,469581,147734.4,0,85,0,444081,85,16760832,,,
bookstore,healpix,jpeg-replacement-q80,view,fast,slow-turn,50,20,0.03,0.25,0.25,0,0,0.01234568,0.9876543,0.9876543,1.109346,1.10846,534017,130002.8,0,77,0,546860,85,14663680,,,
bookstore,healpix,jpeg-replacement-q80,view,moderate-mobile,slow-turn,10,50,0.06,0.5,0.5,0.08317339,6.653872,0.01234568,0.9753086,0.9753086,1.192519,1.10846,534017,130002.8,0,77,0,546860,85,14663680,,,
bookstore,healpix,jpeg-replacement-q80,view,constrained-mobile,slow-turn,2,100,0.12,1,1,0.3602165,15.36624,0.01234568,0.9506173,0.9506173,1.469563,1.10846,534017,130002.8,0,77,0,546860,85,14663680,,,
bookstore,healpix,jpeg-replacement-q80,view,very-constrained,slow-turn,0.75,150,0.2,2.75,3,1.078516,15.39021,0.01234568,0.8641975,0.8518519,2.187862,1.10846,534017,130002.8,0,77,0,546860,85,14663680,,,
bookstore,healpix,jpeg-replacement-q80,view-fill,fast,slow-turn,50,20,0.03,0.25,0.25,0,0,0.01234568,0.9876543,0.9876543,1.109346,1.10846,572360,168345.8,0,85,0,546860,85,16760832,,,
bookstore,healpix,jpeg-replacement-q80,view-fill,moderate-mobile,slow-turn,10,50,0.06,0.5,0.5,0.08317339,6.653872,0.01234568,0.9753086,0.9753086,1.192519,1.10846,572360,168345.8,0,87,2,546860,85,16760832,,,
bookstore,healpix,jpeg-replacement-q80,view-fill,constrained-mobile,slow-turn,2,100,0.12,1,1,0.3602458,15.36624,0.01234568,0.9506173,0.9506173,1.469592,1.10846,577360,171248.1,5000,87,2,546860,85,16760832,,,
bookstore,healpix,jpeg-replacement-q80,view-fill,very-constrained,slow-turn,0.75,150,0.2,2.75,3,1.078748,15.39021,0.01234568,0.8641975,0.8518519,2.188094,1.10846,582665.7,168437.2,10305.67,89,4,546860,85,16760832,,,
bookstore,healpix,jpeg-replacement-q80,view-direct,fast,slow-turn,50,20,0.03,0.25,0.25,0,0,0.01234568,0.9876543,0.9876543,1.109346,1.10846,345552,70098.21,0,41,0,546860,85,10534912,,,
bookstore,healpix,jpeg-replacement-q80,view-direct,moderate-mobile,slow-turn,10,50,0.06,0.25,0.25,0,0,0.01234568,0.9876543,0.9876543,1.109346,1.10846,345552,70098.21,0,41,0,546860,85,10534912,,,
bookstore,healpix,jpeg-replacement-q80,view-direct,constrained-mobile,slow-turn,2,100,0.12,0.75,0.75,0.237694,15.39021,0.01234568,0.962963,0.962963,1.34704,1.10846,345552,70098.21,0,41,0,546860,85,10534912,,,
bookstore,healpix,jpeg-replacement-q80,view-direct,very-constrained,slow-turn,0.75,150,0.2,1.75,1.75,0.9052448,15.60079,0.01234568,0.9135802,0.9135802,2.014591,1.10846,345552,70098.21,0,41,0,546860,85,10534912,,,
bookstore,healpix,jpeg-replacement-q80,global,fast,slow-turn,50,20,0.03,0.5,0.5,0.065318,5.22544,0.01234568,0.9753086,0.9753086,1.174664,1.10846,572360,168345.8,0,85,0,546860,85,16760832,,,
bookstore,healpix,jpeg-replacement-q80,global,moderate-mobile,slow-turn,10,50,0.06,1,1,0.3100791,13.01114,0.01234568,0.9506173,0.9506173,1.419425,1.10846,572360,168345.8,0,85,0,546860,85,16760832,,,
bookstore,healpix,jpeg-replacement-q80,global,constrained-mobile,slow-turn,2,100,0.12,2.25,2.75,0.8863781,15.36624,0.01234568,0.8888889,0.8641975,1.995724,1.10846,572360,168345.8,0,85,0,546860,85,16760832,,,
bookstore,healpix,jpeg-replacement-q80,global,very-constrained,slow-turn,0.75,150,0.2,4.5,7,2.089187,15.39021,0.01234568,0.7777778,0.654321,3.198533,1.10846,572360,168345.8,0,85,0,546860,85,16760832,,,
bookstore,healpix,jpeg-replacement-q80-whole,global,fast,slow-turn,50,20,0.03,0.5,0.5,0.06514073,5.211258,0.01234568,0.9753086,0.9753086,1.172154,1.10613,551526,173521.7,0,49,0,536826,49,16760832,,,
bookstore,healpix,jpeg-replacement-q80-whole,global,moderate-mobile,slow-turn,10,50,0.06,0.75,1,0.2682228,13.01298,0.01234568,0.962963,0.9506173,1.375236,1.10613,551526,173521.7,0,49,0,536826,49,16760832,,,
bookstore,healpix,jpeg-replacement-q80-whole,global,constrained-mobile,slow-turn,2,100,0.12,2.5,2.5,0.9270566,15.36808,0.01234568,0.8765432,0.8765432,2.03407,1.10613,551526,173521.7,0,49,0,536826,49,16760832,,,
bookstore,healpix,jpeg-replacement-q80-whole,global,very-constrained,slow-turn,0.75,150,0.2,6,6.75,2.400364,15.39206,0.01234568,0.7037037,0.6666667,3.507377,1.10613,551526,173521.7,0,49,0,536826,49,16760832,,,
bookstore,healpix,jpeg-replacement-q80-whole,view-direct,fast,slow-turn,50,20,0.03,0.25,0.25,0,0,0.01234568,0.9876543,0.9876543,1.107013,1.10613,363061,113617.1,0,13,0,536826,49,12632064,,,
bookstore,healpix,jpeg-replacement-q80-whole,view-direct,moderate-mobile,slow-turn,10,50,0.06,0.25,0.25,0,0,0.01234568,0.9876543,0.9876543,1.107013,1.10613,363061,113617.1,0,13,0,536826,49,12632064,,,
bookstore,healpix,jpeg-replacement-q80-whole,view-direct,constrained-mobile,slow-turn,2,100,0.12,1,1,0.5687994,15.48929,0.01234568,0.9506173,0.9506173,1.675812,1.10613,363061,113617.1,0,13,0,536826,49,12632064,,,
bookstore,healpix,jpeg-replacement-q80-whole,view-direct,very-constrained,slow-turn,0.75,150,0.2,2.5,2.5,1.692759,15.65727,0.01234568,0.8765432,0.8765432,2.799772,1.10613,363061,113617.1,0,13,0,536826,49,12632064,,,
superblock,healpix,haar-residual-d12,view,fast,slow-turn,50,20,0.03,0.25,0.25,0,0,0.01234568,0.9876543,0.9876543,-0.07665507,-0.07429466,1426963,500431.5,0,77,0,1616056,85,14663680,,,
superblock,healpix,haar-residual-d12,view,moderate-mobile,slow-turn,10,50,0.08,0.5,0.75,0.1447386,8.89325,0.01234568,0.9753086,0.962963,0.06808348,-0.07429466,1426963,500431.5,0,77,0,1616056,85,14663680,,,
superblock,healpix,haar-residual-d12,view,constrained-mobile,slow-turn,2,100,0.21,2.25,2.5,0.7601728,12.70258,0.01234568,0.8888889,0.8765432,0.6835177,-0.07429466,1426963,500431.5,0,77,0,1616056,85,14663680,,,
superblock,healpix,haar-residual-d12,view,very-constrained,slow-turn,0.75,150,0.44,8.75,13.5,4.224846,12.6757,0.02469136,0.345679,0.2962963,4.145496,-0.07429466,1405974,486626.1,0,78,2,1616056,85,14401536,,,
superblock,healpix,haar-residual-d12,view-fill,fast,slow-turn,50,20,0.03,0.25,0.25,0,0,0.01234568,0.9876543,0.9876543,-0.07665507,-0.07429466,1681780,738372.7,40223.67,86,1,1616056,85,16760832,,,
superblock,healpix,haar-residual-d12,view-fill,moderate-mobile,slow-turn,10,50,0.08,0.5,0.75,0.1446608,8.89325,0.01234568,0.9753086,0.962963,0.06800572,-0.07429466,1641556,715024.5,0,87,2,1616056,85,16760832,,,
superblock,healpix,haar-residual-d12,view-fill,constrained-mobile,slow-turn,2,100,0.21,2.25,2.5,0.7523737,12.70258,0.01234568,0.8888889,0.8765432,0.6757186,-0.07429466,1695823,722790.6,54267.11,89,4,1616056,85,16760832,,,
superblock,healpix,haar-residual-d12,view-fill,very-constrained,slow-turn,0.75,150,0.44,8.75,13.5,4.23109,12.6757,0.02469136,0.345679,0.2962963,4.15174,-0.07429466,1649837,720471.5,8281.25,88,3,1616056,85,16760832,,,
superblock,healpix,haar-residual-d12,global,fast,slow-turn,50,20,0.03,0.5,0.75,0.08089584,5.409383,0.01234568,0.9753086,0.962963,0.004240776,-0.07429466,1641556,715024.5,0,85,0,1616056,85,16760832,,,
superblock,healpix,haar-residual-d12,global,moderate-mobile,slow-turn,10,50,0.08,1.25,1.5,0.3894877,10.684,0.01234568,0.9382716,0.9259259,0.3128326,-0.07429466,1641556,715024.5,0,85,0,1616056,85,16760832,,,
superblock,healpix,haar-residual-d12,global,constrained-mobile,slow-turn,2,100,0.21,5,5.25,1.73148,12.70258,0.01234568,0.7530864,0.7283951,1.654825,-0.07429466,1641556,715024.5,0,85,0,1616056,85,16760832,,,
superblock,healpix,haar-residual-d12,global,very-constrained,slow-turn,0.75,150,0.44,13.75,16.25,4.739068,12.6757,0.02469136,0.3209877,0.1975309,4.659718,-0.07429466,1641556,715024.5,0,85,0,1616056,85,16760832,,,
superblock,healpix,haar-residual-d12-p0.5,view,fast,slow-turn,50,20,0.03,0.25,0.25,0,0,0.01234568,0.9876543,0.9876543,1.611549,1.621256,1268065,438597.5,0,77,0,1457158,85,14663680,,,
superblock,healpix,haar-residual-d12-p0.5,view,moderate-mobile,slow-turn,10,50,0.07,0.5,0.5,0.05587555,4.02848,0.01234568,0.9753086,0.9753086,1.667425,1.621256,1268065,438597.5,0,77,0,1457158,85,14663680,,,
superblock,healpix,haar-residual-d12-p0.5,view,constrained-mobile,slow-turn,2,100,0.17,1.5,2,0.459222,10.4484,0.01234568,0.9259259,0.9012346,2.070771,1.621256,1268065,438597.5,0,77,0,1457158,85,14663680,,,
superblock,healpix,haar-residual-d12-p0.5,view,very-constrained,slow-turn,0.75,150,0.34,4.5,8.25,2.087519,10.43067,0.02469136,0.6419753,0.5185185,3.68866,1.621256,1278940,444910,10875,79,2,1457158,85,14663680,,,
superblock,healpix,jpeg-residual-q80,view,fast,slow-turn,50,20,0.03,0.25,0.25,0,0,0.01234568,0.9876543,0.9876543,1.221972,1.21876,945523,310043.8,0,77,0,1089784,85,14663680,,,
superblock,healpix,jpeg-residual-q80,view,moderate-mobile,slow-turn,10,50,0.06,0.5,0.5,0.07421638,5.885928,0.01234568,0.9753086,0.9753086,1.296188,1.21876,945523,310043.8,0,77,0,1089784,85,14663680,,,
superblock,healpix,jpeg-residual-q80,view,constrained-mobile,slow-turn,2,100,0.12,1.25,1.75,0.4391503,12.87458,0.01234568,0.9382716,0.9135802,1.661122,1.21876,945523,310043.8,0,77,0,1089784,85,14663680,,,
superblock,healpix,jpeg-residual-q80,view,very-constrained,slow-turn,0.75,150,0.21,4,5.5,1.439525,12.87458,0.01234568,0.7777778,0.7160494,2.661497,1.21876,975176.3,327256.4,29653.33,79,2,1089784,85,14663680,,,
superblock,healpix,jpeg-residual-q80,view-fill,fast,slow-turn,50,20,0.03,0.25,0.25,0,0,0.01234568,0.9876543,0.9876543,1.221972,1.21876,1115284,479804.8,0,86,1,1089784,85,16760832,,,
superblock,healpix,jpeg-residual-q80,view-fill,moderate-mobile,slow-turn,10,50,0.06,0.5,0.5,0.07413758,5.885928,0.01234568,0.9753086,0.9753086,1.29611,1.21876,1115284,479804.8,0,87,2,1089784,85,16760832,,,
superblock,healpix,jpeg-residual-q80,view-fill,constrained-mobile,slow-turn,2,100,0.12,1.25,1.75,0.4375194,12.87458,0.01234568,0.9382716,0.9135802,1.659491,1.21876,1118201,482721.5,2916.667,87,2,1089784,85,16760832,,,
superblock,healpix,jpeg-residual-q80,view-fill,very-constrained,slow-turn,0.75,150,0.21,4,5.5,1.437029,12.87458,0.01234568,0.7777778,0.7160494,2.659001,1.21876,1164705,508483.1,49421.47,92,7,1089784,85,16760832,,,
superblock,healpix,jpeg-residual-q80,global,fast,slow-turn,50,20,0.03,0.5,0.5,0.06393607,5.114886,0.01234568,0.9753086,0.9753086,1.285908,1.21876,1115284,479804.8,0,85,0,1089784,85,16760832,,,
superblock,healpix,jpeg-residual-q80,global,moderate-mobile,slow-turn,10,50,0.06,1.25,1.25,0.3182736,10.8382,0.01234568,0.9382716,0.9382716,1.540246,1.21876,1115284,479804.8,0,85,0,1089784,85,16760832,,,
superblock,healpix,jpeg-residual-q80,global,constrained-mobile,slow-turn,2,100,0.12,3.5,3.5,1.073583,12.87458,0.01234568,0.8271605,0.8271605,2.295555,1.21876,1115284,479804.8,0,85,0,1089784,85,16760832,,,
superblock,healpix,jpeg-residual-q80,global,very-constrained,slow-turn,0.75,150,0.21,9.75,12,2.846192,12.87458,0.01234568,0.5185185,0.4074074,4.068164,1.21876,1115284,479804.8,0,85,0,1089784,85,16760832,,,
superblock,healpix,jpeg-replacement-q80,view,fast,slow-turn,50,20,0.03,0.25,0.25,0,0,0.01234568,0.9876543,0.9876543,1.257023,1.253196,1151674,371400.3,0,77,0,1331252,85,14663680,,,
superblock,healpix,jpeg-replacement-q80,view,moderate-mobile,slow-turn,10,50,0.06,0.5,0.5,0.08297103,5.887762,0.01234568,0.9753086,0.9753086,1.339994,1.253196,1151674,371400.3,0,77,0,1331252,85,14663680,,,
superblock,healpix,jpeg-replacement-q80,view,constrained-mobile,slow-turn,2,100,0.12,1.5,2,0.48637,12.88923,0.01234568,0.9259259,0.9012346,1.743393,1.253196,1151674,371400.3,0,77,0,1331252,85,14663680,,,
superblock,healpix,jpeg-replacement-q80,view,very-constrained,slow-turn,0.75,150,0.21,5.75,7.25,1.900653,12.88923,0.01234568,0.7160494,0.6049383,3.157676,1.253196,1178282,386845,26607.6,79,2,1331252,85,14663680,,,
superblock,healpix,jpeg-replacement-q80,view-fill,fast,slow-turn,50,20,0.03,0.25,0.25,0,0,0.01234568,0.9876543,0.9876543,1.257023,1.253196,1356752,576478.3,0,86,1,1331252,85,16760832,,,
superblock,healpix,jpeg-replacement-q80,view-fill,moderate-mobile,slow-turn,10,50,0.06,0.5,0.5,0.08297103,5.887762,0.01234568,0.9753086,0.9753086,1.339994,1.253196,1356752,576478.3,0,87,2,1331252,85,16760832,,,
superblock,healpix,jpeg-replacement-q80,view-fill,constrained-mobile,slow-turn,2,100,0.12,1.5,2,0.4850741,12.88923,0.01234568,0.9259259,0.9012346,1.742097,1.253196,1383210,591836.3,26458.33,90,5,1331252,85,16760832,,,
superblock,healpix,jpeg-replacement-q80,view-fill,very-constrained,slow-turn,0.75,150,0.21,5.75,7.25,1.878924,12.88923,0.01234568,0.7160494,0.6419753,3.135947,1.253196,1435355,624312.5,78603.48,95,10,1331252,85,16760832,,,
superblock,healpix,jpeg-replacement-q80,view-direct,fast,slow-turn,50,20,0.03,0.25,0.25,0,0,0.01234568,0.9876543,0.9876543,1.257023,1.253196,787826,229971.5,0,41,0,1331252,85,10534912,,,
superblock,healpix,jpeg-replacement-q80,view-direct,moderate-mobile,slow-turn,10,50,0.06,0.5,0.5,0.06834771,5.467817,0.01234568,0.9753086,0.9753086,1.325371,1.253196,787826,229971.5,0,41,0,1331252,85,10534912,,,
superblock,healpix,jpeg-replacement-q80,view-direct,constrained-mobile,slow-turn,2,100,0.12,1.25,1.25,0.428445,12.88923,0.01234568,0.9382716,0.9382716,1.685468,1.253196,787826,229971.5,0,41,0,1331252,85,10534912,,,
superblock,healpix,jpeg-replacement-q80,view-direct,very-constrained,slow-turn,0.75,150,0.21,3,3,1.438187,12.88923,0.01234568,0.8518519,0.8395062,2.69521,1.253196,790965.9,232036.7,3139.94,42,1,1331252,85,10534912,,,
superblock,healpix,jpeg-replacement-q80,global,fast,slow-turn,50,20,0.03,0.5,0.75,0.07753297,4.993717,0.01234568,0.9753086,0.962963,1.334556,1.253196,1356752,576478.3,0,85,0,1331252,85,16760832,,,
superblock,healpix,jpeg-replacement-q80,global,moderate-mobile,slow-turn,10,50,0.06,1.25,1.5,0.3445069,10.82568,0.01234568,0.9382716,0.9259259,1.60153,1.253196,1356752,576478.3,0,85,0,1331252,85,16760832,,,
superblock,healpix,jpeg-replacement-q80,global,constrained-mobile,slow-turn,2,100,0.12,4,4,1.242067,12.88923,0.01234568,0.8024691,0.8024691,2.49909,1.253196,1356752,576478.3,0,85,0,1331252,85,16760832,,,
superblock,healpix,jpeg-replacement-q80,global,very-constrained,slow-turn,0.75,150,0.21,11.5,14.5,3.448756,12.88923,0.01234568,0.4320988,0.2839506,4.705779,1.253196,1356752,576478.3,0,85,0,1331252,85,16760832,,,
superblock,healpix,jpeg-replacement-q80-whole,global,fast,slow-turn,50,20,0.03,0.5,0.5,0.06413682,5.130945,0.01234568,0.9753086,0.9753086,1.319934,1.251965,1334687,534706.5,0,49,0,1319987,49,16760832,,,
superblock,healpix,jpeg-replacement-q80-whole,global,moderate-mobile,slow-turn,10,50,0.06,1,1.5,0.3155982,10.82728,0.01234568,0.9506173,0.9259259,1.571396,1.251965,1334687,534706.5,0,49,0,1319987,49,16760832,,,
superblock,healpix,jpeg-replacement-q80-whole,global,constrained-mobile,slow-turn,2,100,0.12,4.25,4.5,1.356302,12.89082,0.01234568,0.7901235,0.7777778,2.6121,1.251965,1334687,534706.5,0,49,0,1319987,49,16760832,,,
superblock,healpix,jpeg-replacement-q80-whole,global,very-constrained,slow-turn,0.75,150,0.21,13.25,14.75,3.843143,12.89082,0.01234568,0.345679,0.2716049,5.098941,1.251965,1334687,534706.5,0,49,0,1319987,49,16760832,,,
superblock,healpix,jpeg-replacement-q80-whole,view-direct,fast,slow-turn,50,20,0.03,0.25,0.25,0,0,0.01234568,0.9876543,0.9876543,1.255798,1.251965,970839,393277.6,0,13,0,1319987,49,12632064,,,
superblock,healpix,jpeg-replacement-q80-whole,view-direct,moderate-mobile,slow-turn,10,50,0.06,0.5,0.5,0.1611353,12.89082,0.01234568,0.9753086,0.9753086,1.416933,1.251965,970839,393277.6,0,13,0,1319987,49,12632064,,,
superblock,healpix,jpeg-replacement-q80-whole,view-direct,constrained-mobile,slow-turn,2,100,0.12,2,2,1.118077,12.89082,0.01234568,0.9012346,0.8765432,2.373874,1.251965,970839,393277.6,0,13,0,1319987,49,12632064,,,
superblock,healpix,jpeg-replacement-q80-whole,view-direct,very-constrained,slow-turn,0.75,150,0.21,7.25,7.25,4.167361,12.89082,0.01234568,0.5925926,0.5061728,5.423159,1.251965,1058902,444580.4,88062.5,15,2,1319987,49,12632064,,,
northrop-mall,healpix,haar-residual-d12,view,fast,quick-turn,50,20,0.03,0.25,0.25,0.09495029,3.070841,0.02439024,0.9512195,0.9512195,-0.7356614,-0.831514,1063643,525693.1,0,66,0,1317047,85,12222464,0,0.15,0.15
northrop-mall,healpix,haar-residual-d12,view,moderate-mobile,quick-turn,10,50,0.07,0.5,0.75,0.5433886,8.298221,0.02439024,0.9268293,0.8536585,-0.2872231,-0.831514,1063643,525693.1,0,66,0,1317047,85,12222464,1.639159,0.15,0.4
northrop-mall,healpix,haar-residual-d12,view,constrained-mobile,quick-turn,2,100,0.2,1.75,4.5,2.635283,11.53851,0.02439024,0.6585366,0.5609756,1.804671,-0.831514,989751.3,471195.7,56694.33,63,4,1317047,85,9863168,9.588823,1.4,1.9
northrop-mall,healpix,haar-residual-d12,view,very-constrained,quick-turn,0.75,150,0.41,6,7,4.754028,11.53851,0.04878049,0.4146341,0.3170732,3.924365,-0.831514,636528.8,330333.9,68873.79,47,6,1317047,85,5865472,9.589483,3.4,4.4
northrop-mall,healpix,haar-residual-d12,view-fill,fast,quick-turn,50,20,0.03,0.25,0.25,0,0,0.02439024,0.9756098,0.9756098,-0.8306117,-0.831514,1342547,804597.1,0,85,0,1317047,85,16760832,0,0.15,0.15
northrop-mall,healpix,haar-residual-d12,view-fill,moderate-mobile,quick-turn,10,50,0.07,0.5,0.75,0.2442771,8.022817,0.02439024,0.9512195,0.9268293,-0.5863346,-0.831514,1342547,804597.1,0,85,0,1317047,85,16760832,0,0.15,0.15
northrop-mall,healpix,haar-residual-d12,view-fill,constrained-mobile,quick-turn,2,100,0.2,1.75,4.5,2.635283,11.53851,0.02439024,0.6585366,0.5609756,1.804671,-0.831514,1399241,827000.3,56694.33,89,4,1317047,85,16760832,9.588823,1.4,1.9
northrop-mall,healpix,haar-residual-d12,view-fill,very-constrained,quick-turn,0.75,150,0.41,6,7,4.754028,11.53851,0.04878049,0.4146341,0.3170732,3.924365,-0.831514,890750.8,471743.2,68873.79,70,6,1317047,85,9682944,9.589483,3.4,4.4
northrop-mall,healpix,haar-residual-d12,global,fast,quick-turn,50,20,0.03,0.5,0.5,0.1577874,5.507348,0.02439024,0.9512195,0.9512195,-0.6728243,-0.831514,1342547,804597.1,0,85,0,1317047,85,16760832,0,0.15,0.15
northrop-mall,healpix,haar-residual-d12,global,moderate-mobile,quick-turn,10,50,0.07,1.25,1.25,0.6515505,10.05279,0.02439024,0.8780488,0.8780488,-0.1790612,-0.831514,1342547,804597.1,0,85,0,1317047,85,16760832,0,0.15,0.15
northrop-mall,healpix,haar-residual-d12,global,constrained-mobile,quick-turn,2,100,0.2,4.25,5.5,2.872917,11.53851,0.02439024,0.5853659,0.4634146,2.042305,-0.831514,1342547,804597.1,0,85,0,1317047,85,16760832,4.668497,1.65,2.9
northrop-mall,healpix,haar-residual-d12,global,very-constrained,quick-turn,0.75,150,0.41,,,6.339155,11.53851,0.04878049,0,0,5.509492,-0.831514,897451,469314.7,0,71,0,1317047,85,11517952,7.945642,,
northrop-mall,healpix,haar-residual-d12-p0.5,view,fast,quick-turn,50,20,0.03,0.25,0.25,0.078535,2.57975,0.02439024,0.9756098,0.9512195,0.1544432,0.07298976,957381,467543.3,0,66,0,1201763,85,12222464,0,0.15,0.15
northrop-mall,healpix,haar-residual-d12-p0.5,view,moderate-mobile,quick-turn,10,50,0.07,0.5,0.75,0.3450691,5.986527,0.02439024,0.9268293,0.8780488,0.4209772,0.07298976,957381,467543.3,0,66,0,1201763,85,12222464,0,0.15,0.15
northrop-mall,healpix,haar-residual-d12-p0.5,view,constrained-mobile,quick-turn,2,100,0.16,1.5,2,2.052481,10.73228,0.02439024,0.7073171,0.6097561,2.128389,0.07298976,896638.1,424972.7,24988.07,63,2,1201763,85,10911744,8.317792,1.15,1.65
northrop-mall,healpix,haar-residual-d12-p0.5,view,very-constrained,quick-turn,0.75,150,0.31,5.25,6.75,3.759334,10.73228,0.04878049,0.4878049,0.3414634,3.83831,0.07298976,593611.5,293242,105588.5,49,8,1201763,85,5865472,8.713849,2.65,4.15
northrop-mall,healpix,jpeg-residual-q80,view,fast,quick-turn,50,20,0.03,0.25,0.25,0.09145324,2.852224,0.02439024,0.9756098,0.9512195,-0.0102872,-0.1031993,775605,366012.3,0,66,0,982929,85,12222464,0,0.15,0.15
northrop-mall,healpix,jpeg-residual-q80,view,moderate-mobile,quick-turn,10,50,0.06,0.5,0.5,0.3202797,5.474174,0.02439024,0.9268293,0.902439,0.2185393,-0.1031993,775605,366012.3,0,66,0,982929,85,12222464,0,0.15,0.15
northrop-mall,healpix,jpeg-residual-q80,view,constrained-mobile,quick-turn,2,100,0.12,1.25,1.75,1.8288,10.88654,0.02439024,0.7560976,0.6585366,1.727059,-0.1031993,720878.5,327463.2,3758.5,63,1,982929,85,11173888,7.502993,0.9,1.4
northrop-mall,healpix,jpeg-residual-q80,view,very-constrained,quick-turn,0.75,150,0.2,5.25,6,3.694929,11.19435,0.02439024,0.4878049,0.4146341,3.593188,-0.1031993,505709,224810.2,66389,52,7,982929,85,6717440,8.030446,2.65,3.4
northrop-mall,healpix,jpeg-residual-q80,view-fill,fast,quick-turn,50,20,0.03,0.25,0.25,0,0,0.02439024,0.9756098,0.9756098,-0.1017404,-0.1031993,1008429,598836.3,0,85,0,982929,85,16760832,0,0.15,0.15
northrop-mall,healpix,jpeg-residual-q80,view-fill,moderate-mobile,quick-turn,10,50,0.06,0.5,0.5,0.1368543,5.474174,0.02439024,0.9512195,0.9512195,0.03511391,-0.1031993,1008429,598836.3,0,85,0,982929,85,16760832,0,0.15,0.15
northrop-mall,healpix,jpeg-residual-q80,view-fill,constrained-mobile,quick-turn,2,100,0.12,1.25,1.75,1.540398,10.88654,0.02439024,0.7560976,0.6829268,1.438658,-0.1031993,1062494,627878.5,54065.2,93,8,982929,85,16760832,7.386944,0.9,1.15
northrop-mall,healpix,jpeg-residual-q80,view-fill,very-constrained,quick-turn,0.75,150,0.2,5.25,6,3.694929,11.19435,0.02439024,0.4878049,0.4146341,3.593188,-0.1031993,879130.5,442485,66389,86,7,982929,85,13615104,8.030446,2.65,3.4
northrop-mall,healpix,jpeg-residual-q80,global,fast,quick-turn,50,20,0.03,0.5,0.5,0.106946,4.27784,0.02439024,0.9512195,0.9512195,0.005205557,-0.1031993,1008429,598836.3,0,85,0,982929,85,16760832,0,0.15,0.15
northrop-mall,healpix,jpeg-residual-q80,global,moderate-mobile,quick-turn,10,50,0.06,1,1.25,0.5221753,9.727581,0.02439024,0.902439,0.8780488,0.4204348,-0.1031993,1008429,598836.3,0,85,0,982929,85,16760832,0,0.15,0.15
northrop-mall,healpix,jpeg-residual-q80,global,constrained-mobile,quick-turn,2,100,0.12,3.25,4.25,1.994139,11.0921,0.02439024,0.6829268,0.5853659,1.892399,-0.1031993,1008429,598836.3,0,85,0,982929,85,16760832,3.664905,0.65,1.65
northrop-mall,healpix,jpeg-residual-q80,global,very-constrained,quick-turn,0.75,150,0.2,7.75,,4.768423,11.19435,0.02439024,0.2439024,0,4.666682,-0.1031993,883158.5,497273.2,0,83,0,982929,85,14663680,6.840789,5.15,
northrop-mall,healpix,jpeg-replacement-q80,view,fast,quick-turn,50,20,0.03,0.25,0.25,0.0606634,1.621831,0.02439024,0.9756098,0.9512195,-0.01847628,-0.08033218,932814,435160.9,0,66,0,1185661,85,12222464,0,0.15,0.15
northrop-mall,healpix,jpeg-replacement-q80,view,moderate-mobile,quick-turn,10,50,0.06,0.5,0.75,0.3517267,6.030455,0.02439024,0.9268293,0.902439,0.272587,-0.08033218,932814,435160.9,0,66,0,1185661,85,12222464,0,0.15,0.15
northrop-mall,healpix,jpeg-replacement-q80,view,constrained-mobile,quick-turn,2,100,0.12,1.5,2,2.094014,11.16083,0.02439024,0.7073171,0.6341463,2.014875,-0.08033218,850288,379035.5,24128,62,2,1185661,85,10649600,7.492139,1.15,1.4
northrop-mall,healpix,jpeg-replacement-q80,view,very-constrained,quick-turn,0.75,150,0.2,5.75,6.5,4.103906,11.16083,0.02439024,0.4390244,0.3658537,4.024766,-0.08033218,569781.9,262317.6,72228.93,49,6,1185661,85,6389760,9.191024,3.15,3.9
northrop-mall,healpix,jpeg-replacement-q80,view-fill,fast,quick-turn,50,20,0.03,0.25,0.25,0,0,0.02439024,0.9756098,0.9756098,-0.07913968,-0.08033218,1211161,713507.9,0,85,0,1185661,85,16760832,0,0.15,0.15
northrop-mall,healpix,jpeg-replacement-q80,view-fill,moderate-mobile,quick-turn,10,50,0.06,0.5,0.75,0.1808477,5.704743,0.02439024,0.9512195,0.9268293,0.101708,-0.08033218,1211161,713507.9,0,85,0,1185661,85,16760832,0,0.15,0.15
northrop-mall,healpix,jpeg-replacement-q80,view-fill,constrained-mobile,quick-turn,2,100,0.12,1.5,2,1.932851,11.16083,0.02439024,0.7073171,0.6341463,1.853711,-0.08033218,1233289,720976.2,22128.13,92,7,1185661,85,16760832,7.492139,1.15,1.4
northrop-mall,healpix,jpeg-replacement-q80,view-fill,very-constrained,quick-turn,0.75,150,0.2,5.75,6.5,4.103906,11.16083,0.02439024,0.4390244,0.3658537,4.024766,-0.08033218,876777.9,400593.3,72228.93,78,6,1185661,85,11780096,9.191024,3.15,3.9
northrop-mall,healpix,jpeg-replacement-q80,view-direct,fast,quick-turn,50,20,0.03,0.25,0.25,0.08591798,3.360091,0.02439024,0.9512195,0.9512195,0.006778301,-0.08033218,635229,271342.8,0,33,0,1185661,85,8437760,0,0.15,0.15
northrop-mall,healpix,jpeg-replacement-q80,view-direct,moderate-mobile,quick-turn,10,50,0.06,0.5,0.5,0.3639599,5.602805,0.02439024,0.902439,0.902439,0.2848202,-0.08033218,635229,271342.8,0,33,0,1185661,85,8437760,0,0.15,0.15
northrop-mall,healpix,jpeg-replacement-q80,view-direct,constrained-mobile,quick-turn,2,100,0.12,1.25,1.5,2.131882,11.16083,0.02439024,0.7560976,0.7317073,2.052742,-0.08033218,590302,236431.5,46366,32,3,1185661,85,7389184,10.81475,0.9,0.9
northrop-mall,healpix,jpeg-replacement-q80,view-direct,very-constrained,quick-turn,0.75,150,0.2,5,5.25,4.579818,11.54079,0.02439024,0.5121951,0.4878049,4.500678,-0.08033218,453313,164045.3,75169,30,10,1185661,85,5029888,10.81687,2.4,2.65
northrop-mall,healpix,jpeg-replacement-q80,global,fast,quick-turn,50,20,0.03,0.5,0.5,0.1091914,4.367656,0.02439024,0.9512195,0.9512195,0.03005171,-0.08033218,1211161,713507.9,0,85,0,1185661,85,16760832,0,0.15,0.15
northrop-mall,healpix,jpeg-replacement-q80,global,moderate-mobile,quick-turn,10,50,0.06,1,1.25,0.5334907,9.698386,0.02439024,0.902439,0.8780488,0.454351,-0.08033218,1211161,713507.9,0,85,0,1185661,85,16760832,0,0.15,0.15
northrop-mall,healpix,jpeg-replacement-q80,global,constrained-mobile,quick-turn,2,100,0.12,4,5.25,2.363749,11.16083,0.02439024,0.6097561,0.4878049,2.284609,-0.08033218,1211161,713507.9,0,85,0,1185661,85,16760832,3.649143,1.4,2.65
northrop-mall,healpix,jpeg-replacement-q80,global,very-constrained,quick-turn,0.75,150,0.2,9.25,,5.313861,11.16083,0.02439024,0.09756098,0,5.234721,-0.08033218,879616,442819.3,0,75,0,1185661,85,12566528,6.825983,6.65,
northrop-mall,healpix,jpeg-replacement-q80-whole,global,fast,quick-turn,50,20,0.03,0.5,0.5,0.102991,4.119641,0.02439024,0.9512195,0.9512195,0.02311523,-0.08106541,1193471,714115,0,49,0,1178771,49,16760832,0,0.15,0.15
northrop-mall,healpix,jpeg-replacement-q80-whole,global,moderate-mobile,quick-turn,10,50,0.06,1.25,1.25,0.584566,9.699004,0.02439024,0.8780488,0.8780488,0.5046902,-0.08106541,1193471,714115,0,49,0,1178771,49,16760832,0,0.15,0.15
northrop-mall,healpix,jpeg-replacement-q80-whole,global,constrained-mobile,quick-turn,2,100,0.12,4.5,5.25,2.548572,11.16145,0.02439024,0.5609756,0.4878049,2.468696,-0.08106541,1193471,714115,0,49,0,1178771,49,16760832,4.570355,1.9,2.65
northrop-mall,healpix,jpeg-replacement-q80-whole,global,very-constrained,quick-turn,0.75,150,0.2,,,5.583692,11.16145,0.02439024,0,0,5.503816,-0.08106541,879616,488920,0,49,0,1178771,49,10469376,6.826746,,
northrop-mall,healpix,jpeg-replacement-q80-whole,view-direct,fast,quick-turn,50,20,0.03,0.25,0.25,0.005632813,0.2253125,0.02439024,0.9756098,0.9756098,-0.07424298,-0.08106541,810002,464412.9,0,12,0,1178771,49,11583488,0,0.15,0.15
northrop-mall,healpix,jpeg-replacement-q80-whole,view-direct,moderate-mobile,quick-turn,10,50,0.06,0.5,0.5,0.3609771,10.8472,0.02439024,0.9268293,0.9268293,0.2811013,-0.08106541,810002,464412.9,0,12,0,1178771,49,11583488,0,0.15,0.15
northrop-mall,healpix,jpeg-replacement-q80-whole,view-direct,constrained-mobile,quick-turn,2,100,0.12,1.75,1.75,3.263188,11.16145,0.02439024,0.6585366,0.6585366,3.183312,-0.08106541,810002,464412.9,0,12,0,1178771,49,11583488,10.81763,1.4,1.4
northrop-mall,healpix,jpeg-replacement-q80-whole,view-direct,very-constrained,quick-turn,0.75,150,0.2,7,7,6.900883,11.82529,0.02439024,0.3170732,0.3170732,6.821008,-0.08106541,623993.3,363801.3,159606.3,12,4,1178771,49,7389184,10.81763,4.4,4.4
bookstore,healpix,haar-residual-d12,view,fast,quick-turn,50,20,0.03,0.25,0.25,0.07072303,1.43746,0.02439024,0.9756098,0.9268293,0.8639407,0.7938445,409200,172969.7,0,66,0,475021,85,12222464,0,0.15,0.15
bookstore,healpix,haar-residual-d12,view,moderate-mobile,quick-turn,10,50,0.07,0.5,0.5,0.4114814,8.310715,0.02439024,0.9268293,0.902439,1.204699,0.7938445,409200,172969.7,0,66,0,475021,85,12222464,0,0.15,0.15
bookstore,healpix,haar-residual-d12,view,constrained-mobile,quick-turn,2,100,0.19,1,1,1.748541,15.28959,0.02439024,0.804878,0.804878,2.541758,0.7938445,382054.7,157342.4,4291.667,63,1,475021,85,11173888,9.055089,0.65,0.65
bookstore,healpix,haar-residual-d12,view,very-constrained,quick-turn,0.75,150,0.37,4,4,3.562896,15.45336,0.04878049,0.6097561,0.6097561,4.355455,0.7938445,334336.5,146094,19420.5,61,5,475021,85,9797632,12.53294,1.4,1.4
bookstore,healpix,haar-residual-d12,view-fill,fast,quick-turn,50,20,0.03,0.25,0.25,0,0,0.02439024,0.9756098,0.9756098,0.7932177,0.7938445,500521,264290.7,0,85,0,475021,85,16760832,0,0.15,0.15
bookstore,healpix,haar-residual-d12,view-fill,moderate-mobile,quick-turn,10,50,0.07,0.5,0.5,0.1408487,5.633949,0.02439024,0.9512195,0.9512195,0.9340664,0.7938445,500521,264290.7,0,85,0,475021,85,16760832,0,0.15,0.15
bookstore,healpix,haar-residual-d12,view-fill,constrained-mobile,quick-turn,2,100,0.19,1,1,0.9164333,15.28959,0.02439024,0.8780488,0.8536585,1.709651,0.7938445,504271,265431.2,3750,87,2,475021,85,16760832,0,0.15,0.15
bookstore,healpix,haar-residual-d12,view-fill,very-constrained,quick-turn,0.75,150,0.37,4,4,3.562896,15.45336,0.04878049,0.6097561,0.6097561,4.355455,0.7938445,519941.5,269644.7,19420.5,90,5,475021,85,16760832,12.53294,1.4,1.4
bookstore,healpix,haar-residual-d12,global,fast,quick-turn,50,20,0.03,0.5,0.5,0.1129947,4.519789,0.02439024,0.9512195,0.9512195,0.9062124,0.7938445,500521,264290.7,0,85,0,475021,85,16760832,0,0.15,0.15
bookstore,healpix,haar-residual-d12,global,moderate-mobile,quick-turn,10,50,0.07,1,1,0.5460937,12.56537,0.02439024,0.902439,0.902439,1.339311,0.7938445,500521,264290.7,0,85,0,475021,85,16760832,0,0.15,0.15
bookstore,healpix,haar-residual-d12,global,constrained-mobile,quick-turn,2,100,0.19,2.25,3,1.943737,15.28959,0.02439024,0.7804878,0.7073171,2.736955,0.7938445,500521,264290.7,0,85,0,475021,85,16760832,1.21678,0.15,0.4
bookstore,healpix,haar-residual-d12,global,very-constrained,quick-turn,0.75,150,0.37,5.5,6.25,4.228994,15.28959,0.04878049,0.4634146,0.3902439,5.021553,0.7938445,500521,264290.7,0,85,0,475021,85,16760832,8.837438,2.9,3.65
bookstore,healpix,haar-residual-d12-p0.5,view,fast,quick-turn,50,20,0.03,0.25,0.25,0.03515584,0.731471,0.02439024,0.9756098,0.9756098,3.869464,3.835212,343636,140636,0,66,0,401375,85,12222464,0,0.15,0.15
bookstore,healpix,haar-residual-d12-p0.5,view,moderate-mobile,quick-turn,10,50,0.06,0.5,0.5,0.1807564,3.568281,0.02439024,0.9512195,0.902439,4.015064,3.835212,343636,140636,0,66,0,401375,85,12222464,0,0.15,0.15
bookstore,healpix,haar-residual-d12-p0.5,view,constrained-mobile,quick-turn,2,100,0.15,0.75,0.75,1.056862,12.27984,0.02439024,0.8536585,0.8536585,4.89117,3.835212,316319.1,125008.3,4120.083,63,1,401375,85,11173888,3.723115,0.4,0.4
bookstore,healpix,haar-residual-d12-p0.5,view,very-constrained,quick-turn,0.75,150,0.27,1.5,1.75,2.076687,12.27984,0.04878049,0.7317073,0.6829268,5.910045,3.835212,281214.5,119764.5,18861.5,60,3,401375,85,10059776,9.119519,0.9,1.15
bookstore,healpix,jpeg-residual-q80,view,fast,quick-turn,50,20,0.03,0.25,0.25,0.08411297,1.843246,0.02439024,0.9756098,0.9268293,1.213859,1.128432,363441,157102.4,0,66,0,444081,85,12222464,0,0.15,0.15
bookstore,healpix,jpeg-residual-q80,view,moderate-mobile,quick-turn,10,50,0.06,0.5,0.5,0.2919993,6.564128,0.02439024,0.9268293,0.902439,1.421746,1.128432,363441,157102.4,0,66,0,444081,85,12222464,0,0.15,0.15
bookstore,healpix,jpeg-residual-q80,view,constrained-mobile,quick-turn,2,100,0.12,0.75,1,1.411654,14.87439,0.02439024,0.8536585,0.804878,2.541401,1.128432,331885.1,136952.7,4275.067,63,1,444081,85,11173888,6.597445,0.4,0.65
bookstore,healpix,jpeg-residual-q80,view,very-constrained,quick-turn,0.75,150,0.2,1.5,2,2.91217,15.46607,0.02439024,0.7073171,0.6341463,4.041916,1.128432,300274,131793.2,14236,60,2,444081,85,10125312,9.906988,1.15,1.4
bookstore,healpix,jpeg-residual-q80,view-fill,fast,quick-turn,50,20,0.03,0.25,0.25,0,0,0.02439024,0.9756098,0.9756098,1.129746,1.128432,469581,263242.4,0,85,0,444081,85,16760832,0,0.15,0.15
bookstore,healpix,jpeg-residual-q80,view-fill,moderate-mobile,quick-turn,10,50,0.06,0.5,0.5,0.1641032,6.564128,0.02439024,0.9512195,0.9512195,1.29385,1.128432,469581,263242.4,0,85,0,444081,85,16760832,0,0.15,0.15
bookstore,healpix,jpeg-residual-q80,view-fill,constrained-mobile,quick-turn,2,100,0.12,0.75,1,0.7005211,13.10633,0.02439024,0.902439,0.8536585,1.830267,1.128432,476438.3,263846.1,6857.333,86,1,444081,85,16760832,0,0.15,0.15
bookstore,healpix,jpeg-residual-q80,view-fill,very-constrained,quick-turn,0.75,150,0.2,1.5,2,2.835409,15.46607,0.02439024,0.7073171,0.6341463,3.965156,1.128432,493390.5,270734.7,23809.5,93,8,444081,85,16760832,9.906988,1.15,1.4
bookstore,healpix,jpeg-residual-q80,global,fast,quick-turn,50,20,0.03,0.5,0.5,0.1357627,5.43051,0.02439024,0.9512195,0.9512195,1.265509,1.128432,469581,263242.4,0,85,0,444081,85,16760832,0,0.15,0.15
bookstore,healpix,jpeg-residual-q80,global,moderate-mobile,quick-turn,10,50,0.06,0.75,1,0.5031124,13.08561,0.02439024,0.9268293,0.902439,1.632859,1.128432,469581,263242.4,0,85,0,444081,85,16760832,0,0.15,0.15
bookstore,healpix,jpeg-residual-q80,global,constrained-mobile,quick-turn,2,100,0.12,2,2.75,1.6538,15.26991,0.02439024,0.804878,0.7317073,2.783546,1.128432,469581,263242.4,0,85,0,444081,85,16760832,0,0.15,0.15
bookstore,healpix,jpeg-residual-q80,global,very-constrained,quick-turn,0.75,150,0.2,5,6,3.958332,15.46607,0.02439024,0.5121951,0.4146341,5.088079,1.128432,469581,263242.4,0,85,0,444081,85,16760832,5.714915,2.4,3.4
bookstore,healpix,jpeg-replacement-q80,view,fast,quick-turn,50,20,0.03,0.25,0.25,0.06291076,1.515897,0.02439024,0.9756098,0.9268293,1.156322,1.09205,447993,187564.1,0,66,0,546860,85,12222464,0,0.15,0.15
bookstore,healpix,jpeg-replacement-q80,view,moderate-mobile,quick-turn,10,50,0.06,0.5,0.5,0.2808595,6.62125,0.02439024,0.9268293,0.902439,1.374271,1.09205,447993,187564.1,0,66,0,546860,85,12222464,0,0.15,0.15
bookstore,healpix,jpeg-replacement-q80,view,constrained-mobile,quick-turn,2,100,0.12,1,1,1.623332,15.47543,0.02439024,0.8292683,0.804878,2.716743,1.09205,391482.5,160730.3,12964.5,61,1,546860,85,10649600,9.217328,0.4,0.65
bookstore,healpix,jpeg-replacement-q80,view,very-constrained,quick-turn,0.75,150,0.2,2,4.25,3.454355,15.78836,0.02439024,0.6341463,0.5853659,4.547766,1.09205,358797.5,148404.2,20241.52,61,5,546860,85,9601024,10.34132,1.4,1.65
bookstore,healpix,jpeg-replacement-q80,view-fill,fast,quick-turn,50,20,0.03,0.25,0.25,0,0,0.02439024,0.9756098,0.9756098,1.093411,1.09205,572360,311931.1,0,85,0,546860,85,16760832,0,0.15,0.15
bookstore,healpix,jpeg-replacement-q80,view-fill,moderate-mobile,quick-turn,10,50,0.06,0.5,0.5,0.1655312,6.62125,0.02439024,0.9512195,0.9512195,1.258942,1.09205,572360,311931.1,0,85,0,546860,85,16760832,0,0.15,0.15
bookstore,healpix,jpeg-replacement-q80,view-fill,constrained-mobile,quick-turn,2,100,0.12,1,1,0.9079261,15.47543,0.02439024,0.8536585,0.8536585,2.001337,1.09205,615961.1,344629,43601.12,90,5,546860,85,16760832,0.2737696,0.15,0.15
bookstore,healpix,jpeg-replacement-q80,view-fill,very-constrained,quick-turn,0.75,150,0.2,2,4.25,3.454355,15.78836,0.02439024,0.6341463,0.5853659,4.547766,1.09205,592601.5,318581.2,20241.52,90,5,546860,85,16760832,10.34132,1.4,1.65
bookstore,healpix,jpeg-replacement-q80,view-direct,fast,quick-turn,50,20,0.03,0.25,0.25,0.1622358,6.355857,0.02439024,0.9512195,0.9512195,1.255647,1.09205,279475,102343.9,0,33,0,546860,85,8437760,0,0.15,0.15
bookstore,healpix,jpeg-replacement-q80,view-direct,moderate-mobile,quick-turn,10,50,0.06,0.25,0.25,0.2823813,6.355857,0.02439024,0.9268293,0.9268293,1.375793,1.09205,279475,102343.9,0,33,0,546860,85,8437760,0,0.15,0.15
bookstore,healpix,jpeg-replacement-q80,view-direct,constrained-mobile,quick-turn,2,100,0.12,0.75,0.75,1.513679,15.8488,0.02439024,0.8536585,0.8536585,2.60709,1.09205,276774.8,102337.2,13424.78,33,1,546860,85,8175616,5.955133,0.4,0.4
bookstore,healpix,jpeg-replacement-q80,view-direct,very-constrained,quick-turn,0.75,150,0.2,1.5,1.5,3.495779,15.8488,0.02439024,0.7073171,0.7073171,4.58919,1.09205,224316,77456.46,28125,31,6,546860,85,6340608,15.3796,1.15,1.15
bookstore,healpix,jpeg-replacement-q80,global,fast,quick-turn,50,20,0.03,0.5,0.5,0.1369099,5.476395,0.02439024,0.9512195,0.9512195,1.230321,1.09205,572360,311931.1,0,85,0,546860,85,16760832,0,0.15,0.15
bookstore,healpix,jpeg-replacement-q80,global,moderate-mobile,quick-turn,10,50,0.06,1,1,0.6412403,13.11952,0.02439024,0.902439,0.902439,1.734652,1.09205,572360,311931.1,0,85,0,546860,85,16760832,0,0.15,0.15
bookstore,healpix,jpeg-replacement-q80,global,constrained-mobile,quick-turn,2,100,0.12,2.25,3,1.87003,15.47543,0.02439024,0.7804878,0.7073171,2.963441,1.09205,572360,311931.1,0,85,0,546860,85,16760832,1.453841,0.15,0.4
bookstore,healpix,jpeg-replacement-q80,global,very-constrained,quick-turn,0.75,150,0.2,6,7,4.807363,15.50431,0.02439024,0.4146341,0.3170732,5.900775,1.09205,572360,311931.1,0,85,0,546860,85,16760832,6.369862,3.4,4.4
bookstore,healpix,jpeg-replacement-q80-whole,global,fast,quick-turn,50,20,0.03,0.5,0.5,0.1365544,5.462176,0.02439024,0.9512195,0.9512195,1.2281,1.090178,551526,307359,0,49,0,536826,49,16760832,0,0.15,0.15
bookstore,healpix,jpeg-replacement-q80-whole,global,moderate-mobile,quick-turn,10,50,0.06,0.75,1,0.5332534,13.12164,0.02439024,0.9268293,0.902439,1.624799,1.090178,551526,307359,0,49,0,536826,49,16760832,0,0.15,0.15
bookstore,healpix,jpeg-replacement-q80-whole,global,constrained-mobile,quick-turn,2,100,0.12,2.75,2.75,2.036905,15.47754,0.02439024,0.7317073,0.7317073,3.128451,1.090178,551526,307359,0,49,0,536826,49,16760832,0,0.15,0.15
bookstore,healpix,jpeg-replacement-q80-whole,global,very-constrained,quick-turn,0.75,150,0.2,6,6.75,4.862099,15.50643,0.02439024,0.4146341,0.3414634,5.953645,1.090178,551526,307359,0,49,0,536826,49,16760832,6.371635,3.4,4.15
bookstore,healpix,jpeg-replacement-q80-whole,view-direct,fast,quick-turn,50,20,0.03,0.25,0.25,0.01352833,0.5411334,0.02439024,0.9756098,0.9756098,1.105074,1.090178,323335,162465.8,0,12,0,536826,49,11583488,0,0.15,0.15
bookstore,healpix,jpeg-replacement-q80-whole,view-direct,moderate-mobile,quick-turn,10,50,0.06,0.25,0.25,0.0837948,2.810659,0.02439024,0.9756098,0.9512195,1.17534,1.090178,323335,162465.8,0,12,0,536826,49,11583488,0,0.15,0.15
bookstore,healpix,jpeg-replacement-q80-whole,view-direct,constrained-mobile,quick-turn,2,100,0.12,1,1,2.263422,15.85066,0.02439024,0.8292683,0.8292683,3.354968,1.090178,323335,162465.8,0,12,0,536826,49,11583488,15.07844,0.4,0.4
bookstore,healpix,jpeg-replacement-q80-whole,view-direct,very-constrained,quick-turn,0.75,150,0.2,2,2,5.705003,15.85066,0.02439024,0.6097561,0.6097561,6.796548,1.090178,323335,162465.8,0,12,0,536826,49,11583488,15.38138,1.65,1.65
superblock,healpix,haar-residual-d12,view,fast,quick-turn,50,20,0.03,0.25,0.25,0.09689114,2.314027,0.02439024,0.9756098,0.9268293,-0.08346956,-0.1731681,1209005,659151.7,0,66,0,1616056,85,12222464,0,0.15,0.15
superblock,healpix,haar-residual-d12,view,moderate-mobile,quick-turn,10,50,0.08,0.5,0.75,0.7006432,8.920392,0.02439024,0.902439,0.8536585,0.5202825,-0.1731681,1188384,638961.1,0,65,0,1616056,85,11960320,2.89837,0.15,0.4
superblock,healpix,haar-residual-d12,view,constrained-mobile,quick-turn,2,100,0.21,1.75,2,3.016715,12.67483,0.02439024,0.6097561,0.5609756,2.836355,-0.1731681,1048792,579639.8,46519.67,60,3,1616056,85,9863168,10.01387,1.9,2.15
superblock,healpix,haar-residual-d12,view,very-constrained,quick-turn,0.75,150,0.44,8,8.25,6.225085,12.67483,0.04878049,0.2195122,0.195122,6.037163,-0.1731681,757835.9,425802.5,79859.92,47,8,1616056,85,5341184,10.6953,5.4,5.65
superblock,healpix,haar-residual-d12,view-fill,fast,quick-turn,50,20,0.03,0.25,0.25,0,0,0.02439024,0.9756098,0.9756098,-0.1803607,-0.1731681,1641556,1091703,0,85,0,1616056,85,16760832,0,0.15,0.15
superblock,healpix,haar-residual-d12,view-fill,moderate-mobile,quick-turn,10,50,0.08,0.5,0.75,0.2566365,8.920392,0.02439024,0.9512195,0.9268293,0.07627583,-0.1731681,1641556,1091703,0,85,0,1616056,85,16760832,0,0.15,0.15
superblock,healpix,haar-residual-d12,view-fill,constrained-mobile,quick-turn,2,100,0.21,1.75,2,3.036601,12.67483,0.02439024,0.6097561,0.5609756,2.856241,-0.1731681,1696717,1111947,55161,93,8,1616056,85,16760832,9.478325,1.9,2.15
superblock,healpix,haar-residual-d12,view-fill,very-constrained,quick-turn,0.75,150,0.44,8,8.25,6.225085,12.67483,0.04878049,0.2195122,0.195122,6.037163,-0.1731681,889085.9,498446.1,79859.92,55,8,1616056,85,5423104,10.6953,5.4,5.65
superblock,healpix,haar-residual-d12,global,fast,quick-turn,50,20,0.03,0.5,0.75,0.1626746,5.449715,0.02439024,0.9512195,0.9268293,-0.01768605,-0.1731681,1641556,1091703,0,85,0,1616056,85,16760832,0,0.15,0.15
superblock,healpix,haar-residual-d12,global,moderate-mobile,quick-turn,10,50,0.08,1.5,1.5,0.8174134,10.71815,0.02439024,0.8536585,0.8536585,0.6370527,-0.1731681,1641556,1091703,0,85,0,1616056,85,16760832,0,0.15,0.15
superblock,healpix,haar-residual-d12,global,constrained-mobile,quick-turn,2,100,0.21,5.75,6.75,3.901549,12.67483,0.02439024,0.4390244,0.3414634,3.721188,-0.1731681,1641556,1091703,0,85,0,1616056,85,16760832,7.273724,3.15,4.15
superblock,healpix,haar-residual-d12,global,very-constrained,quick-turn,0.75,150,0.44,,,8.064908,12.67483,0.04878049,0,0,7.876986,-0.1731681,889167,598198.9,0,50,0,1616056,85,6012928,9.620621,,
superblock,healpix,haar-residual-d12-p0.5,view,fast,quick-turn,50,20,0.03,0.25,0.25,0.070084,1.72018,0.02439024,0.9756098,0.9268293,1.518931,1.471992,1062944,572308.6,0,66,0,1457158,85,12222464,0,0.15,0.15
superblock,healpix,haar-residual-d12-p0.5,view,moderate-mobile,quick-turn,10,50,0.07,0.5,0.5,0.3810395,5.747248,0.02439024,0.902439,0.8780488,1.829887,1.471992,1062944,572308.6,0,66,0,1457158,85,12222464,1.826703,0.15,0.4
superblock,healpix,haar-residual-d12-p0.5,view,constrained-mobile,quick-turn,2,100,0.17,1.5,1.75,2.098488,10.43808,0.02439024,0.6829268,0.6097561,3.547336,1.471992,925549,496060.1,49638,62,4,1457158,85,9863168,8.62807,1.4,1.9
superblock,healpix,haar-residual-d12-p0.5,view,very-constrained,quick-turn,0.75,150,0.34,6,7.75,4.335443,10.43808,0.04878049,0.4146341,0.2439024,5.759959,1.471992,686230,378982.1,53609.03,48,6,1457158,85,6127616,9.013633,3.4,5.15
superblock,healpix,jpeg-residual-q80,view,fast,quick-turn,50,20,0.03,0.25,0.25,0.08438069,2.00179,0.02439024,0.9756098,0.9268293,1.089604,1.004164,782152,402437.9,0,66,0,1089784,85,12222464,0,0.15,0.15
superblock,healpix,jpeg-residual-q80,view,moderate-mobile,quick-turn,10,50,0.06,0.5,0.5,0.4208551,6.460948,0.02439024,0.902439,0.902439,1.426078,1.004164,782152,402437.9,0,66,0,1089784,85,12222464,0,0.15,0.15
superblock,healpix,jpeg-residual-q80,view,constrained-mobile,quick-turn,2,100,0.12,1.25,1.5,1.920495,12.79732,0.02439024,0.7317073,0.6829268,2.925718,1.004164,684135.8,345432.1,33294.78,62,3,1089784,85,10387456,7.977967,1.15,1.4
superblock,healpix,jpeg-residual-q80,view,very-constrained,quick-turn,0.75,150,0.21,5.5,6.25,3.953532,12.79732,0.02439024,0.4634146,0.3902439,4.958755,1.004164,541733,278731.3,21263,54,5,1089784,85,7766016,8.458997,2.9,3.65
superblock,healpix,jpeg-residual-q80,view-fill,fast,quick-turn,50,20,0.03,0.25,0.25,0,0,0.02439024,0.9756098,0.9756098,1.005223,1.004164,1115284,735569.9,0,85,0,1089784,85,16760832,0,0.15,0.15
superblock,healpix,jpeg-residual-q80,view-fill,moderate-mobile,quick-turn,10,50,0.06,0.5,0.5,0.1507182,6.028726,0.02439024,0.9512195,0.9512195,1.155941,1.004164,1115284,735569.9,0,85,0,1089784,85,16760832,0,0.15,0.15
superblock,healpix,jpeg-residual-q80,view-fill,constrained-mobile,quick-turn,2,100,0.12,1.25,1.5,1.621197,12.79732,0.02439024,0.7560976,0.7073171,2.62642,1.004164,1232519,796303,117235.3,95,10,1089784,85,16760832,7.548318,0.9,1.15
superblock,healpix,jpeg-residual-q80,view-fill,very-constrained,quick-turn,0.75,150,0.21,5.5,6.25,3.953532,12.79732,0.02439024,0.4634146,0.3902439,4.958755,1.004164,880170.5,521297.9,21263,79,5,1089784,85,12304384,8.458997,2.9,3.65
superblock,healpix,jpeg-residual-q80,global,fast,quick-turn,50,20,0.03,0.5,0.5,0.1287937,5.151748,0.02439024,0.9512195,0.9512195,1.134017,1.004164,1115284,735569.9,0,85,0,1089784,85,16760832,0,0.15,0.15
superblock,healpix,jpeg-residual-q80,global,moderate-mobile,quick-turn,10,50,0.06,1.25,1.5,0.6789384,10.85643,0.02439024,0.8780488,0.8536585,1.684161,1.004164,1115284,735569.9,0,85,0,1089784,85,16760832,0,0.15,0.15
superblock,healpix,jpeg-residual-q80,global,constrained-mobile,quick-turn,2,100,0.12,4,4.75,2.361824,12.79732,0.02439024,0.6097561,0.5365854,3.367047,1.004164,1115284,735569.9,0,85,0,1089784,85,16760832,4.000115,1.4,2.15
superblock,healpix,jpeg-residual-q80,global,very-constrained,quick-turn,0.75,150,0.21,9.75,,5.76832,12.79732,0.02439024,0.04878049,0,6.773543,1.004164,876611,539531.1,0,75,0,1089784,85,12566528,7.977967,7.15,
superblock,healpix,jpeg-replacement-q80,view,fast,quick-turn,50,20,0.03,0.25,0.25,0.05932325,1.357584,0.02439024,0.9756098,0.9268293,1.087593,1.026288,951810,485306.1,0,66,0,1331252,85,12222464,0,0.15,0.15
superblock,healpix,jpeg-replacement-q80,view,moderate-mobile,quick-turn,10,50,0.06,0.5,0.5,0.4409086,6.587944,0.02439024,0.902439,0.8780488,1.469179,1.026288,951810,485306.1,0,66,0,1331252,85,12222464,1.234623,0.15,0.4
superblock,healpix,jpeg-replacement-q80,view,constrained-mobile,quick-turn,2,100,0.12,1.5,1.5,2.224823,12.8121,0.02439024,0.6829268,0.6341463,3.253094,1.026288,804725.5,403174.5,29068.5,61,3,1331252,85,10125312,7.956512,1.4,1.9
superblock,healpix,jpeg-replacement-q80,view,very-constrained,quick-turn,0.75,150,0.21,6.25,7.25,4.636757,12.8121,0.02439024,0.3902439,0.2926829,5.665027,1.026288,629298.9,317219.2,54807.88,52,7,1331252,85,6914048,9.450082,3.65,4.65
superblock,healpix,jpeg-replacement-q80,view-fill,fast,quick-turn,50,20,0.03,0.25,0.25,0,0,0.02439024,0.9756098,0.9756098,1.02827,1.026288,1356752,890248.1,0,85,0,1331252,85,16760832,0,0.15,0.15
superblock,healpix,jpeg-replacement-q80,view-fill,moderate-mobile,quick-turn,10,50,0.06,0.5,0.5,0.1506562,6.026249,0.02439024,0.9512195,0.9512195,1.178926,1.026288,1356752,890248.1,0,85,0,1331252,85,16760832,0,0.15,0.15
superblock,healpix,jpeg-replacement-q80,view-fill,constrained-mobile,quick-turn,2,100,0.12,1.5,1.5,1.928676,12.8121,0.02439024,0.7073171,0.6585366,2.956946,1.026288,1429363,920254.3,72611,94,9,1331252,85,16760832,7.956512,1.15,1.65
superblock,healpix,jpeg-replacement-q80,view-fill,very-constrained,quick-turn,0.75,150,0.21,6.25,7.25,4.636757,12.8121,0.02439024,0.3902439,0.2926829,5.665027,1.026288,881486.4,514484.8,54807.88,71,7,1331252,85,9682944,9.450082,3.65,4.65
superblock,healpix,jpeg-replacement-q80,view-direct,fast,quick-turn,50,20,0.03,0.25,0.25,0.08704198,3.427364,0.02439024,0.9512195,0.9512195,1.115312,1.026288,619858,287427.4,0,33,0,1331252,85,8437760,0,0.15,0.15
superblock,healpix,jpeg-replacement-q80,view-direct,moderate-mobile,quick-turn,10,50,0.06,0.5,0.5,0.3516313,7.176787,0.02439024,0.902439,0.902439,1.379901,1.026288,619858,287427.4,0,33,0,1331252,85,8437760,0,0.15,0.15
superblock,healpix,jpeg-replacement-q80,view-direct,constrained-mobile,quick-turn,2,100,0.12,1,1,2.146605,12.8121,0.02439024,0.7560976,0.7560976,3.174875,1.026288,521830,220236.3,63176,31,5,1331252,85,6602752,10.8673,1.15,1.15
superblock,healpix,jpeg-replacement-q80,view-direct,very-constrained,quick-turn,0.75,150,0.21,5.5,5.5,5.030719,12.8121,0.02439024,0.4634146,0.4634146,6.058989,1.026288,471830,203399.7,28125,31,6,1331252,85,6340608,10.8673,2.9,2.9
superblock,healpix,jpeg-replacement-q80,global,fast,quick-turn,50,20,0.03,0.5,0.75,0.1574229,5.089028,0.02439024,0.9512195,0.9268293,1.185693,1.026288,1356752,890248.1,0,85,0,1331252,85,16760832,0,0.15,0.15
superblock,healpix,jpeg-replacement-q80,global,moderate-mobile,quick-turn,10,50,0.06,1.25,1.5,0.7045132,10.84445,0.02439024,0.8780488,0.8536585,1.732783,1.026288,1356752,890248.1,0,85,0,1331252,85,16760832,0,0.15,0.15
superblock,healpix,jpeg-replacement-q80,global,constrained-mobile,quick-turn,2,100,0.12,4.75,5.5,2.793313,12.8121,0.02439024,0.5365854,0.4634146,3.821584,1.026288,1356752,890248.1,0,85,0,1331252,85,16760832,4.998565,2.15,2.9
superblock,healpix,jpeg-replacement-q80,global,very-constrained,quick-turn,0.75,150,0.21,,,6.204468,12.8121,0.02439024,0,0,7.232739,1.026288,885128,562518.4,0,66,0,1331252,85,10207232,7.956512,,
superblock,healpix,jpeg-replacement-q80-whole,global,fast,quick-turn,50,20,0.03,0.5,0.5,0.1290819,5.163276,0.02439024,0.9512195,0.9512195,1.155716,1.024652,1334687,857677.9,0,49,0,1319987,49,16760832,0,0.15,0.15
superblock,healpix,jpeg-replacement-q80-whole,global,moderate-mobile,quick-turn,10,50,0.06,1,1.5,0.6253652,10.84607,0.02439024,0.902439,0.8536585,1.651999,1.024652,1334687,857677.9,0,49,0,1319987,49,16760832,0,0.15,0.15
superblock,healpix,jpeg-replacement-q80-whole,global,constrained-mobile,quick-turn,2,100,0.12,5.25,6,3.133755,12.81372,0.02439024,0.4878049,0.4146341,4.160389,1.024652,1334687,857677.9,0,49,0,1319987,49,16760832,5.000249,2.65,3.4
superblock,healpix,jpeg-replacement-q80-whole,global,very-constrained,quick-turn,0.75,150,0.21,,,6.559949,12.81372,0.02439024,0,0,7.586583,1.024652,885128,531057.8,0,46,0,1319987,49,7323648,7.958196,,
superblock,healpix,jpeg-replacement-q80-whole,view-direct,fast,quick-turn,50,20,0.03,0.25,0.25,0.07706302,2.067365,0.02439024,0.9756098,0.9268293,1.103697,1.024652,890405,547469.2,0,12,0,1319987,49,11583488,0,0.15,0.15
superblock,healpix,jpeg-replacement-q80-whole,view-direct,moderate-mobile,quick-turn,10,50,0.06,0.5,0.5,0.554595,12.81372,0.02439024,0.9268293,0.902439,1.581229,1.024652,890405,547469.2,0,12,0,1319987,49,11583488,0,0.15,0.15
superblock,healpix,jpeg-replacement-q80-whole,view-direct,constrained-mobile,quick-turn,2,100,0.12,1.75,1.75,4.08792,12.81372,0.02439024,0.6097561,0.6097561,5.114554,1.024652,890405,547469.2,0,12,0,1319987,49,11583488,10.86899,1.9,1.9
superblock,healpix,jpeg-replacement-q80-whole,view-direct,very-constrained,quick-turn,0.75,150,0.21,8.25,8.25,8.874375,12.81372,0.02439024,0.195122,0.195122,9.901009,1.024652,736394.8,446229.3,189218.8,12,5,1319987,49,6340608,10.86899,5.65,5.65
northrop-mall,healpix,haar-residual-d12,view,fast,explore,50,20,0.03,0.25,0.25,0,0,0.01538462,0.9846154,0.9846154,-0.4563111,-0.4626387,1342547,159089.2,0,85,0,1317047,85,16760832,,,
northrop-mall,healpix,haar-residual-d12,view,moderate-mobile,explore,10,50,0.07,0.5,0.75,0.1744357,8.210043,0.01538462,0.9692308,0.9538462,-0.2818753,-0.4626387,1342547,159089.2,0,85,0,1317047,85,16760832,,,
northrop-mall,healpix,haar-residual-d12,view,constrained-mobile,explore,2,100,0.2,1.75,1.75,0.856637,11.84868,0.01538462,0.8923077,0.8461538,0.4003259,-0.4626387,1342547,159089.2,0,86,1,1317047,85,16760832,,,
northrop-mall,healpix,haar-residual-d12,view,very-constrained,explore,0.75,150,0.41,4,10.75,4.88426,11.94824,0.03076923,0.2769231,0.1538462,4.433982,-0.4626387,1311163,143593.2,158044.7,87,8,1317047,85,14401536,,,
northrop-mall,healpix,haar-residual-d12,view-fill,fast,explore,50,20,0.03,0.25,0.25,0,0,0.01538462,0.9846154,0.9846154,-0.4563111,-0.4626387,1342547,159089.2,0,86,1,1317047,85,16760832,,,
northrop-mall,healpix,haar-residual-d12,view-fill,moderate-mobile,explore,10,50,0.07,0.5,0.75,0.1736697,8.210043,0.01538462,0.9692308,0.9538462,-0.2826413,-0.4626387,1342547,159089.2,0,86,1,1317047,85,16760832,,,
northrop-mall,healpix,haar-residual-d12,view-fill,constrained-mobile,explore,2,100,0.2,1.75,1.75,0.7834229,11.84868,0.01538462,0.8923077,0.8923077,0.3271118,-0.4626387,1389167,159089.2,46619.67,92,7,1317047,85,16760832,,,
northrop-mall,healpix,haar-residual-d12,view-fill,very-constrained,explore,0.75,150,0.41,4,10.75,4.640919,11.94824,0.03076923,0.2923077,0.1692308,4.19064,-0.4626387,1462828,158393.2,242193.7,93,12,1317047,85,15187968,,,
northrop-mall,healpix,haar-residual-d12,global,fast,explore,50,20,0.03,0.5,0.5,0.08258517,5.285451,0.01538462,0.9692308,0.9692308,-0.3737259,-0.4626387,1342547,159089.2,0,85,0,1317047,85,16760832,,,
northrop-mall,healpix,haar-residual-d12,global,moderate-mobile,explore,10,50,0.07,1,1.25,0.3754456,10.32439,0.01538462,0.9384615,0.9230769,-0.0808655,-0.4626387,1342547,159089.2,0,85,0,1317047,85,16760832,,,
northrop-mall,healpix,haar-residual-d12,global,constrained-mobile,explore,2,100,0.2,3.5,3.5,1.53557,11.84868,0.01538462,0.7846154,0.6923077,1.079259,-0.4626387,1342547,159089.2,0,85,0,1317047,85,16760832,,,
northrop-mall,healpix,haar-residual-d12,global,very-constrained,explore,0.75,150,0.41,9.5,10.75,3.970249,11.94824,0.03076923,0.4153846,0.3384615,3.51997,-0.4626387,1342547,159089.2,0,85,0,1317047,85,16760832,,,
northrop-mall,healpix,haar-residual-d12-p0.5,view,fast,explore,50,20,0.03,0.25,0.25,0,0,0.01538462,0.9846154,0.9846154,0.4898628,0.4816534,1227263,146006.3,0,85,0,1201763,85,16760832,,,
northrop-mall,healpix,haar-residual-d12-p0.5,view,moderate-mobile,explore,10,50,0.07,0.5,0.5,0.1216661,7.448297,0.01538462,0.9692308,0.9692308,0.6115289,0.4816534,1227263,146006.3,0,85,0,1201763,85,16760832,,,
northrop-mall,healpix,haar-residual-d12-p0.5,view,constrained-mobile,explore,2,100,0.16,1.5,1.5,0.6496863,11.00788,0.01538462,0.9076923,0.8769231,1.139549,0.4816534,1227680,146068.5,416.6667,86,1,1201763,85,16760832,,,
northrop-mall,healpix,haar-residual-d12-p0.5,view,very-constrained,explore,0.75,150,0.31,3,3.75,3.327325,11.12605,0.03076923,0.4461538,0.2461538,3.824633,0.4816534,1247222,144457.5,54490.29,87,3,1201763,85,16236544,,,
northrop-mall,healpix,jpeg-residual-q80,view,fast,explore,50,20,0.03,0.25,0.25,0,0,0.01538462,0.9846154,0.9846154,0.3569929,0.3490153,1008429,120776.1,0,85,0,982929,85,16760832,,,
northrop-mall,healpix,jpeg-residual-q80,view,moderate-mobile,explore,10,50,0.06,0.5,0.5,0.1254845,7.992321,0.01538462,0.9692308,0.9692308,0.4824774,0.3490153,1008429,120776.1,0,85,0,982929,85,16760832,,,
northrop-mall,healpix,jpeg-residual-q80,view,constrained-mobile,explore,2,100,0.12,1.5,1.5,0.6203636,11.37235,0.01538462,0.9076923,0.8923077,0.9773565,0.3490153,1012854,121437,4425.333,86,1,982929,85,16760832,,,
northrop-mall,healpix,jpeg-residual-q80,view,very-constrained,explore,0.75,150,0.2,2.75,3.25,2.192947,11.44101,0.01538462,0.7076923,0.4769231,2.54994,0.3490153,1010167,121028.1,1738,86,1,982929,85,16760832,,,
northrop-mall,healpix,jpeg-residual-q80,view-fill,fast,explore,50,20,0.03,0.25,0.25,0,0,0.01538462,0.9846154,0.9846154,0.3569929,0.3490153,1008429,120776.1,0,86,1,982929,85,16760832,,,
northrop-mall,healpix,jpeg-residual-q80,view-fill,moderate-mobile,explore,10,50,0.06,0.5,0.5,0.12488,7.992321,0.01538462,0.9692308,0.9692308,0.4818729,0.3490153,1013069,120961.6,4640,88,3,982929,85,16760832,,,
northrop-mall,healpix,jpeg-residual-q80,view-fill,constrained-mobile,explore,2,100,0.12,1.5,1.5,0.570927,11.37235,0.01538462,0.9076923,0.9076923,0.9279199,0.3490153,1033368,130619.3,24939,89,4,982929,85,16760832,,,
northrop-mall,healpix,jpeg-residual-q80,view-fill,very-constrained,explore,0.75,150,0.2,2.75,3.25,1.921081,11.44101,0.01538462,0.7230769,0.5384615,2.278073,0.3490153,1013136,121400.7,4706.75,89,4,982929,85,16760832,,,
northrop-mall,healpix,jpeg-residual-q80,global,fast,explore,50,20,0.03,0.5,0.5,0.06131225,3.923984,0.01538462,0.9692308,0.9692308,0.4183051,0.3490153,1008429,120776.1,0,85,0,982929,85,16760832,,,
northrop-mall,healpix,jpeg-residual-q80,global,moderate-mobile,explore,10,50,0.06,1,1,0.2904714,9.945454,0.01538462,0.9384615,0.9384615,0.6474643,0.3490153,1008429,120776.1,0,85,0,982929,85,16760832,,,
northrop-mall,healpix,jpeg-residual-q80,global,constrained-mobile,explore,2,100,0.12,1.75,2.5,0.8679611,11.37235,0.01538462,0.8923077,0.8461538,1.224954,0.3490153,1008429,120776.1,0,85,0,982929,85,16760832,,,
northrop-mall,healpix,jpeg-residual-q80,global,very-constrained,explore,0.75,150,0.2,8.25,9.5,2.927384,11.44101,0.01538462,0.4923077,0.4153846,3.284377,0.3490153,1008429,120776.1,0,85,0,982929,85,16760832,,,
northrop-mall,healpix,jpeg-replacement-q80,view,fast,explore,50,20,0.03,0.25,0.25,0,0,0.01538462,0.9846154,0.9846154,0.3863877,0.3784736,1211161,144328.7,0,85,0,1185661,85,16760832,,,
northrop-mall,healpix,jpeg-replacement-q80,view,moderate-mobile,explore,10,50,0.06,0.5,0.75,0.1666166,7.962405,0.01538462,0.9692308,0.9538462,0.5530043,0.3784736,1211161,144328.7,0,85,0,1185661,85,16760832,,,
northrop-mall,healpix,jpeg-replacement-q80,view,constrained-mobile,explore,2,100,0.12,1.5,1.5,0.6676129,11.40954,0.01538462,0.9076923,0.8923077,1.054001,0.3784736,1214718,144860,3557,86,1,1185661,85,16760832,,,
northrop-mall,healpix,jpeg-replacement-q80,view,very-constrained,explore,0.75,150,0.2,3.5,4,3.495959,11.40954,0.01538462,0.4461538,0.2153846,3.882347,0.3784736,1252015,148825,40854.37,88,3,1185661,85,16498688,,,
northrop-mall,healpix,jpeg-replacement-q80,view-fill,fast,explore,50,20,0.03,0.25,0.25,0,0,0.01538462,0.9846154,0.9846154,0.3863877,0.3784736,1211161,144328.7,0,86,1,1185661,85,16760832,,,
northrop-mall,healpix,jpeg-replacement-q80,view-fill,moderate-mobile,explore,10,50,0.06,0.5,0.75,0.1666166,7.962405,0.01538462,0.9692308,0.9538462,0.5530043,0.3784736,1211161,144328.7,0,87,2,1185661,85,16760832,,,
northrop-mall,healpix,jpeg-replacement-q80,view-fill,constrained-mobile,explore,2,100,0.12,1.5,1.5,0.6349616,11.40954,0.01538462,0.9076923,0.9076923,1.021349,0.3784736,1275371,162104,64209.83,90,5,1185661,85,16760832,,,
northrop-mall,healpix,jpeg-replacement-q80,view-fill,very-constrained,explore,0.75,150,0.2,3.5,4,2.962544,11.40954,0.01538462,0.5384615,0.3384615,3.348932,0.3784736,1278463,148825,67301.96,89,4,1185661,85,16760832,,,
northrop-mall,healpix,jpeg-replacement-q80,view-direct,fast,explore,50,20,0.03,0.25,0.25,0,0,0.01538462,0.9846154,0.9846154,0.3863877,0.3784736,888520,106754.9,0,49,0,1185661,85,12632064,,,
northrop-mall,healpix,jpeg-replacement-q80,view-direct,moderate-mobile,explore,10,50,0.06,0.5,0.5,0.089784,5.746176,0.01538462,0.9692308,0.9692308,0.4761717,0.3784736,904878.3,106754.9,16358.33,50,1,1185661,85,12632064,,,
northrop-mall,healpix,jpeg-replacement-q80,view-direct,constrained-mobile,explore,2,100,0.12,1.25,1.25,0.657443,11.49943,0.01538462,0.9230769,0.9230769,1.043831,0.3784736,888520,106754.9,0,49,0,1185661,85,12632064,,,
northrop-mall,healpix,jpeg-replacement-q80,view-direct,very-constrained,explore,0.75,150,0.2,3,3,2.71914,11.78712,0.01538462,0.6307692,0.5076923,3.105527,0.3784736,930335.5,106754.9,41815.5,52,3,1185661,85,12632064,,,
northrop-mall,healpix,jpeg-replacement-q80,global,fast,explore,50,20,0.03,0.5,0.5,0.06108494,3.909436,0.01538462,0.9692308,0.9692308,0.4474727,0.3784736,1211161,144328.7,0,85,0,1185661,85,16760832,,,
northrop-mall,healpix,jpeg-replacement-q80,global,moderate-mobile,explore,10,50,0.06,1,1,0.289325,9.912245,0.01538462,0.9384615,0.9384615,0.6757127,0.3784736,1211161,144328.7,0,85,0,1185661,85,16760832,,,
northrop-mall,healpix,jpeg-replacement-q80,global,constrained-mobile,explore,2,100,0.12,2.5,3,1.097018,11.40954,0.01538462,0.8461538,0.7846154,1.483405,0.3784736,1211161,144328.7,0,85,0,1185661,85,16760832,,,
northrop-mall,healpix,jpeg-replacement-q80,global,very-constrained,explore,0.75,150,0.2,9,9.5,3.201046,11.40954,0.01538462,0.4461538,0.4153846,3.587433,0.3784736,1211161,144328.7,0,85,0,1185661,85,16760832,,,
northrop-mall,healpix,jpeg-replacement-q80-whole,global,fast,explore,50,20,0.03,0.5,0.5,0.05661578,3.62341,0.01538462,0.9692308,0.9692308,0.4423314,0.3778023,1193471,138977.8,0,49,0,1178771,49,16760832,,,
northrop-mall,healpix,jpeg-replacement-q80-whole,global,moderate-mobile,explore,10,50,0.06,1,1.25,0.3282131,9.912874,0.01538462,0.9384615,0.9230769,0.7139287,0.3778023,1193471,138977.8,0,49,0,1178771,49,16760832,,,
northrop-mall,healpix,jpeg-replacement-q80-whole,global,constrained-mobile,explore,2,100,0.12,3.5,3.5,1.375755,11.41017,0.01538462,0.7846154,0.7076923,1.761471,0.3778023,1193471,138977.8,0,49,0,1178771,49,16760832,,,
northrop-mall,healpix,jpeg-replacement-q80-whole,global,very-constrained,explore,0.75,150,0.2,9.5,11.25,3.457189,11.41017,0.01538462,0.4153846,0.3076923,3.842905,0.3778023,1193471,138977.8,0,49,0,1178771,49,16760832,,,
northrop-mall,healpix,jpeg-replacement-q80-whole,view-direct,fast,explore,50,20,0.03,0.25,0.25,0,0,0.01538462,0.9846154,0.9846154,0.3857156,0.3778023,870830,101404,0,13,0,1178771,49,12632064,,,
northrop-mall,healpix,jpeg-replacement-q80-whole,view-direct,moderate-mobile,explore,10,50,0.06,0.5,0.5,0.1782839,11.41017,0.01538462,0.9692308,0.9692308,0.5639995,0.3778023,870830,101404,0,13,0,1178771,49,12632064,,,
northrop-mall,healpix,jpeg-replacement-q80-whole,view-direct,constrained-mobile,explore,2,100,0.12,1.75,2,1.161228,11.68335,0.01538462,0.8769231,0.8461538,1.546944,0.3778023,894996.7,105101.3,24166.67,14,1,1178771,49,12632064,,,
northrop-mall,healpix,jpeg-replacement-q80-whole,view-direct,very-constrained,explore,0.75,150,0.2,3.75,5.5,4.057039,12.32245,0.01538462,0.4923077,0.4307692,4.442755,0.3778023,877861.3,102479.7,7031.25,14,1,1178771,49,12632064,,,
bookstore,healpix,haar-residual-d12,view,fast,explore,50,20,0.03,0.25,0.25,0,0,0.01538462,0.9846154,0.9846154,0.9645663,0.9623255,500521,50557.26,0,85,0,475021,85,16760832,,,
bookstore,healpix,haar-residual-d12,view,moderate-mobile,explore,10,50,0.07,0.5,0.5,0.1493346,9.557415,0.01538462,0.9692308,0.9692308,1.113895,0.9623255,500521,50557.26,0,85,0,475021,85,16760832,,,
bookstore,healpix,haar-residual-d12,view,constrained-mobile,explore,2,100,0.19,1.25,1.25,0.6587439,15.74798,0.01538462,0.9230769,0.9076923,1.62331,0.9623255,500521,50557.26,0,86,1,475021,85,16760832,,,
bookstore,healpix,haar-residual-d12,view,very-constrained,explore,0.75,150,0.37,2.25,2.75,1.526186,15.77658,0.03076923,0.8461538,0.7538462,2.493345,0.9623255,500708.5,50656.17,187.5,87,2,475021,85,16760832,,,
bookstore,healpix,haar-residual-d12,view-fill,fast,explore,50,20,0.03,0.25,0.25,0,0,0.01538462,0.9846154,0.9846154,0.9645663,0.9623255,500521,50557.26,0,86,1,475021,85,16760832,,,
bookstore,healpix,haar-residual-d12,view-fill,moderate-mobile,explore,10,50,0.07,0.5,0.5,0.1493346,9.557415,0.01538462,0.9692308,0.9692308,1.113901,0.9623255,502604.3,50646.14,2083.333,87,2,475021,85,16760832,,,
bookstore,healpix,haar-residual-d12,view-fill,constrained-mobile,explore,2,100,0.19,1.25,1.25,0.6353355,15.74798,0.01538462,0.9230769,0.9230769,1.599902,0.9623255,521467.3,50557.26,20946.33,88,3,475021,85,16760832,,,
bookstore,healpix,haar-residual-d12,view-fill,very-constrained,explore,0.75,150,0.37,2.25,2.75,1.309444,15.77658,0.03076923,0.8615385,0.8307692,2.276605,0.9623255,514474.1,52025.63,13953.13,93,8,475021,85,16760832,,,
bookstore,healpix,haar-residual-d12,global,fast,explore,50,20,0.03,0.5,0.5,0.06548782,4.191221,0.01538462,0.9692308,0.9692308,1.030054,0.9623255,500521,50557.26,0,85,0,475021,85,16760832,,,
bookstore,healpix,haar-residual-d12,global,moderate-mobile,explore,10,50,0.07,1,1,0.3274801,12.58334,0.01538462,0.9384615,0.9384615,1.292046,0.9623255,500521,50557.26,0,85,0,475021,85,16760832,,,
bookstore,healpix,haar-residual-d12,global,constrained-mobile,explore,2,100,0.19,2.25,2.25,1.139918,15.74798,0.01538462,0.8615385,0.8615385,2.104484,0.9623255,500521,50557.26,0,85,0,475021,85,16760832,,,
bookstore,healpix,haar-residual-d12,global,very-constrained,explore,0.75,150,0.37,4.75,6.25,2.505737,15.77658,0.03076923,0.7076923,0.6153846,3.472899,0.9623255,500521,50557.26,0,85,0,475021,85,16760832,,,
bookstore,healpix,haar-residual-d12-p0.5,view,fast,explore,50,20,0.03,0.25,0.25,0,0,0.01538462,0.9846154,0.9846154,3.746684,3.748602,426875,42501.98,0,85,0,401375,85,16760832,,,
bookstore,healpix,haar-residual-d12-p0.5,view,moderate-mobile,explore,10,50,0.06,0.5,0.5,0.07110204,4.550531,0.01538462,0.9692308,0.9692308,3.817746,3.748602,426875,42501.98,0,85,0,401375,85,16760832,,,
bookstore,healpix,haar-residual-d12-p0.5,view,constrained-mobile,explore,2,100,0.15,1,1,0.3950557,12.73585,0.01538462,0.9384615,0.9384615,4.141738,3.748602,429069,42829.66,2194,86,1,401375,85,16760832,,,
bookstore,healpix,haar-residual-d12-p0.5,view,very-constrained,explore,0.75,150,0.27,1.75,2,0.8022766,12.88753,0.03076923,0.8923077,0.8461538,4.547282,3.748602,427187.5,42547.3,312.5,86,1,401375,85,16760832,,,
bookstore,healpix,jpeg-residual-q80,view,fast,explore,50,20,0.03,0.25,0.25,0,0,0.01538462,0.9846154,0.9846154,1.325998,1.322149,469581,52850.23,0,85,0,444081,85,16760832,,,
bookstore,healpix,jpeg-residual-q80,view,moderate-mobile,explore,10,50,0.06,0.5,0.5,0.1592256,10.18311,0.01538462,0.9692308,0.9692308,1.485223,1.322149,469581,52850.23,0,85,0,444081,85,16760832,,,
bookstore,healpix,jpeg-residual-q80,view,constrained-mobile,explore,2,100,0.12,1,1,0.50376,15.35134,0.01538462,0.9384615,0.9384615,1.829758,1.322149,469581,52850.23,0,86,1,444081,85,16760832,,,
bookstore,healpix,jpeg-residual-q80,view,very-constrained,explore,0.75,150,0.2,2,2.5,1.231105,15.81239,0.01538462,0.8769231,0.8,2.557102,1.322149,469581,52850.23,0,86,1,444081,85,16760832,,,
bookstore,healpix,jpeg-residual-q80,view-fill,fast,explore,50,20,0.03,0.25,0.25,0,0,0.01538462,0.9846154,0.9846154,1.325998,1.322149,469581,52850.23,0,86,1,444081,85,16760832,,,
bookstore,healpix,jpeg-residual-q80,view-fill,moderate-mobile,explore,10,50,0.06,0.5,0.5,0.1591111,10.18311,0.01538462,0.9692308,0.9692308,1.485109,1.322149,477062.3,52850.23,7481.25,88,3,444081,85,16760832,,,
bookstore,healpix,jpeg-residual-q80,view-fill,constrained-mobile,explore,2,100,0.12,1,1,0.4996249,15.35134,0.01538462,0.9384615,0.9384615,1.825623,1.322149,477054.7,52850.23,7473.667,89,4,444081,85,16760832,,,
bookstore,healpix,jpeg-residual-q80,view-fill,very-constrained,explore,0.75,150,0.2,2,2.5,1.129209,15.81239,0.01538462,0.8769231,0.8461538,2.455206,1.322149,481660.4,52850.23,12079.42,93,8,444081,85,16760832,,,
bookstore,healpix,jpeg-residual-q80,global,fast,explore,50,20,0.03,0.5,0.5,0.07888773,5.048814,0.01538462,0.9692308,0.9692308,1.404885,1.322149,469581,52850.23,0,85,0,444081,85,16760832,,,
bookstore,healpix,jpeg-residual-q80,global,moderate-mobile,explore,10,50,0.06,0.75,0.75,0.2997675,13.32991,0.01538462,0.9538462,0.9538462,1.625765,1.322149,469581,52850.23,0,85,0,444081,85,16760832,,,
bookstore,healpix,jpeg-residual-q80,global,constrained-mobile,explore,2,100,0.12,1.75,2,0.90975,15.35617,0.01538462,0.8923077,0.8769231,2.235748,1.322149,469581,52850.23,0,85,0,444081,85,16760832,,,
bookstore,healpix,jpeg-residual-q80,global,very-constrained,explore,0.75,150,0.2,4,4,2.150524,15.81239,0.01538462,0.7538462,0.6461538,3.476521,1.322149,469581,52850.23,0,85,0,444081,85,16760832,,,
bookstore,healpix,jpeg-replacement-q80,view,fast,explore,50,20,0.03,0.25,0.25,0,0,0.01538462,0.9846154,0.9846154,1.289509,1.285634,572360,62527.28,0,85,0,546860,85,16760832,,,
bookstore,healpix,jpeg-replacement-q80,view,moderate-mobile,explore,10,50,0.06,0.5,0.5,0.1592159,10.18982,0.01538462,0.9692308,0.9692308,1.448725,1.285634,572360,62527.28,0,85,0,546860,85,16760832,,,
bookstore,healpix,jpeg-replacement-q80,view,constrained-mobile,explore,2,100,0.12,1.25,1.25,0.5890766,15.80329,0.01538462,0.9230769,0.9230769,1.878586,1.285634,572360,62527.28,0,86,1,546860,85,16760832,,,
bookstore,healpix,jpeg-replacement-q80,view,very-constrained,explore,0.75,150,0.2,2.25,2.75,1.424663,15.82672,0.01538462,0.8615385,0.7846154,2.714172,1.285634,573485,63120.74,1125,87,2,546860,85,16760832,,,
bookstore,healpix,jpeg-replacement-q80,view-fill,fast,explore,50,20,0.03,0.25,0.25,0,0,0.01538462,0.9846154,0.9846154,1.289509,1.285634,572360,62527.28,0,86,1,546860,85,16760832,,,
bookstore,healpix,jpeg-replacement-q80,view-fill,moderate-mobile,explore,10,50,0.06,0.5,0.5,0.1592159,10.18982,0.01538462,0.9692308,0.9692308,1.448725,1.285634,580121,62527.28,7761,88,3,546860,85,16760832,,,
bookstore,healpix,jpeg-replacement-q80,view-fill,constrained-mobile,explore,2,100,0.12,1.25,1.25,0.5843893,15.80329,0.01538462,0.9230769,0.9230769,1.873899,1.285634,576526.7,63337.01,4166.667,88,3,546860,85,16760832,,,
bookstore,healpix,jpeg-replacement-q80,view-fill,very-constrained,explore,0.75,150,0.2,2.25,2.75,1.307376,15.82672,0.01538462,0.8615385,0.8307692,2.596886,1.285634,591985,64068.13,19625,93,8,546860,85,16760832,,,
bookstore,healpix,jpeg-replacement-q80,view-direct,fast,explore,50,20,0.03,0.25,0.25,0,0,0.01538462,0.9846154,0.9846154,1.289509,1.285634,383895,41284.18,0,49,0,546860,85,12632064,,,
bookstore,healpix,jpeg-replacement-q80,view-direct,moderate-mobile,explore,10,50,0.06,0.25,0.5,0.0233034,1.491417,0.01538462,0.9846154,0.9692308,1.312813,1.285634,383895,41284.18,0,49,0,546860,85,12632064,,,
bookstore,healpix,jpeg-replacement-q80,view-direct,constrained-mobile,explore,2,100,0.12,0.75,0.75,0.3667626,15.82672,0.01538462,0.9538462,0.9538462,1.656272,1.285634,383895,41284.18,0,49,0,546860,85,12632064,,,
bookstore,healpix,jpeg-replacement-q80,view-direct,very-constrained,explore,0.75,150,0.2,2,2,1.527409,16.01319,0.01538462,0.8769231,0.8615385,2.816918,1.285634,383895,41284.18,0,49,0,546860,85,12632064,,,
bookstore,healpix,jpeg-replacement-q80,global,fast,explore,50,20,0.03,0.5,0.5,0.07926173,5.072751,0.01538462,0.9692308,0.9692308,1.368771,1.285634,572360,62527.28,0,85,0,546860,85,16760832,,,
bookstore,healpix,jpeg-replacement-q80,global,moderate-mobile,explore,10,50,0.06,1,1,0.3757532,13.34941,0.01538462,0.9384615,0.9384615,1.665262,1.285634,572360,62527.28,0,85,0,546860,85,16760832,,,
bookstore,healpix,jpeg-replacement-q80,global,constrained-mobile,explore,2,100,0.12,2,2,0.9967196,15.80329,0.01538462,0.8769231,0.8769231,2.286229,1.285634,572360,62527.28,0,85,0,546860,85,16760832,,,
bookstore,healpix,jpeg-replacement-q80,global,very-constrained,explore,0.75,150,0.2,4.5,7,2.723624,15.82672,0.01538462,0.6769231,0.5692308,4.013133,1.285634,572360,62527.28,0,85,0,546860,85,16760832,,,
bookstore,healpix,jpeg-replacement-q80-whole,global,fast,explore,50,20,0.03,0.5,0.5,0.07886532,5.047381,0.01538462,0.9692308,0.9692308,1.366309,1.283567,551526,61178.53,0,49,0,536826,49,16760832,,,
bookstore,healpix,jpeg-replacement-q80-whole,global,moderate-mobile,explore,10,50,0.06,0.75,1,0.3578352,13.35154,0.01538462,0.9538462,0.9384615,1.645279,1.283567,551526,61178.53,0,49,0,536826,49,16760832,,,
bookstore,healpix,jpeg-replacement-q80-whole,global,constrained-mobile,explore,2,100,0.12,2.5,2.5,1.149511,15.80542,0.01538462,0.8461538,0.8461538,2.436955,1.283567,551526,61178.53,0,49,0,536826,49,16760832,,,
bookstore,healpix,jpeg-replacement-q80-whole,global,very-constrained,explore,0.75,150,0.2,6,6.75,3.028257,15.82885,0.01538462,0.6,0.5846154,4.315701,1.283567,551526,61178.53,0,49,0,536826,49,16760832,,,
bookstore,healpix,jpeg-replacement-q80-whole,view-direct,fast,explore,50,20,0.03,0.25,0.25,0,0,0.01538462,0.9846154,0.9846154,1.287443,1.283567,363061,39935.43,0,13,0,536826,49,12632064,,,
bookstore,healpix,jpeg-replacement-q80-whole,view-direct,moderate-mobile,explore,10,50,0.06,0.25,0.25,0.004457696,0.2852925,0.01538462,0.9846154,0.9846154,1.291901,1.283567,363061,39935.43,0,13,0,536826,49,12632064,,,
bookstore,healpix,jpeg-replacement-q80-whole,view-direct,constrained-mobile,explore,2,100,0.12,1.25,1.25,0.945053,15.82885,0.01538462,0.9230769,0.9076923,2.232496,1.283567,363061,39935.43,0,13,0,536826,49,12632064,,,
bookstore,healpix,jpeg-replacement-q80-whole,view-direct,very-constrained,explore,0.75,150,0.2,2.5,2.5,2.479597,16.01511,0.01538462,0.8,0.7538462,3.76704,1.283567,370092.3,41011.16,7031.25,14,1,536826,49,12632064,,,
superblock,healpix,haar-residual-d12,view,fast,explore,50,20,0.03,0.25,0.25,0,0,0.01538462,0.9846154,0.9846154,0.7404972,0.730867,1641556,263424.9,0,85,0,1616056,85,16760832,,,
superblock,healpix,haar-residual-d12,view,moderate-mobile,explore,10,50,0.08,0.75,0.75,0.2154139,9.260398,0.01538462,0.9538462,0.9538462,0.955911,0.730867,1641556,263424.9,0,85,0,1616056,85,16760832,,,
superblock,healpix,haar-residual-d12,view,constrained-mobile,explore,2,100,0.21,2.5,2.75,1.36292,13.09886,0.01538462,0.8307692,0.7538462,2.103417,0.730867,1641556,263424.9,0,86,1,1616056,85,16760832,,,
superblock,healpix,haar-residual-d12,view,very-constrained,explore,0.75,150,0.44,12,15.75,6.417579,12.77719,0.03076923,0.1230769,0.03076923,7.16713,0.730867,1441380,169895.6,72130.14,81,8,1616056,85,13615104,,,
superblock,healpix,haar-residual-d12,view-fill,fast,explore,50,20,0.03,0.25,0.25,0,0,0.01538462,0.9846154,0.9846154,0.7404972,0.730867,1641556,263424.9,0,86,1,1616056,85,16760832,,,
superblock,healpix,haar-residual-d12,view-fill,moderate-mobile,explore,10,50,0.08,0.75,0.75,0.2144431,9.260398,0.01538462,0.9538462,0.9538462,0.9549403,0.730867,1710605,265113.8,69049,90,5,1616056,85,16760832,,,
superblock,healpix,haar-residual-d12,view-fill,constrained-mobile,explore,2,100,0.21,2.5,2.75,1.190823,13.09886,0.01538462,0.8461538,0.8307692,1.93132,0.730867,1733463,270394.5,91906.73,93,8,1616056,85,16760832,,,
superblock,healpix,haar-residual-d12,view-fill,very-constrained,explore,0.75,150,0.44,12,15.75,6.417579,12.77719,0.03076923,0.1230769,0.03076923,7.16713,0.730867,1451693,174504.8,72130.14,87,8,1616056,85,13615104,,,
superblock,healpix,haar-residual-d12,global,fast,explore,50,20,0.03,0.5,0.5,0.08821031,5.103107,0.01538462,0.9692308,0.9692308,0.8287075,0.730867,1641556,263424.9,0,85,0,1616056,85,16760832,,,
superblock,healpix,haar-residual-d12,global,moderate-mobile,explore,10,50,0.08,1.25,1.5,0.4601982,11.0019,0.01538462,0.9230769,0.9076923,1.200695,0.730867,1641556,263424.9,0,85,0,1616056,85,16760832,,,
superblock,healpix,haar-residual-d12,global,constrained-mobile,explore,2,100,0.21,5.25,7,2.444638,13.09886,0.01538462,0.6,0.5692308,3.185135,0.730867,1641556,263424.9,0,85,0,1616056,85,16760832,,,
superblock,healpix,haar-residual-d12,global,very-constrained,explore,0.75,150,0.44,11,,5.938347,12.77719,0.03076923,0.1846154,0,6.687898,0.730867,1451667,241181,0,79,0,1616056,85,13615104,,,
superblock,healpix,haar-residual-d12-p0.5,view,fast,explore,50,20,0.03,0.25,0.25,0,0,0.01538462,0.9846154,0.9846154,2.142045,2.14598,1482658,241190.9,0,85,0,1457158,85,16760832,,,
superblock,healpix,haar-residual-d12-p0.5,view,moderate-mobile,explore,10,50,0.07,0.5,0.75,0.1292204,6.134561,0.01538462,0.9692308,0.9538462,2.271266,2.14598,1482658,241190.9,0,85,0,1457158,85,16760832,,,
superblock,healpix,haar-residual-d12-p0.5,view,constrained-mobile,explore,2,100,0.17,2,2.5,0.8810029,10.63123,0.01538462,0.8769231,0.8307692,3.023048,2.14598,1490639,241190.9,7980.621,87,2,1457158,85,16760832,,,
superblock,healpix,haar-residual-d12-p0.5,view,very-constrained,explore,0.75,150,0.34,4.25,12.25,4.322727,10.79541,0.03076923,0.3384615,0.1076923,6.456136,2.14598,1411828,191847,99058.06,85,7,1457158,85,14925824,,,
superblock,healpix,jpeg-residual-q80,view,fast,explore,50,20,0.03,0.25,0.25,0,0,0.01538462,0.9846154,0.9846154,2.228808,2.209316,1115284,177484,0,85,0,1089784,85,16760832,,,
superblock,healpix,jpeg-residual-q80,view,moderate-mobile,explore,10,50,0.06,0.5,0.75,0.1799068,8.613906,0.01538462,0.9692308,0.9538462,2.408715,2.209316,1115284,177484,0,85,0,1089784,85,16760832,,,
superblock,healpix,jpeg-residual-q80,view,constrained-mobile,explore,2,100,0.12,1.5,1.75,0.6788301,13.28518,0.01538462,0.9076923,0.8923077,2.907638,2.209316,1119034,178044.1,3750,86,1,1089784,85,16760832,,,
superblock,healpix,jpeg-residual-q80,view,very-constrained,explore,0.75,150,0.21,3.5,4.25,2.770125,13.28518,0.01538462,0.6615385,0.3230769,4.998933,2.209316,1127089,177687.9,11805.49,87,2,1089784,85,16760832,,,
superblock,healpix,jpeg-residual-q80,view-fill,fast,explore,50,20,0.03,0.25,0.25,0,0,0.01538462,0.9846154,0.9846154,2.228808,2.209316,1115284,177484,0,86,1,1089784,85,16760832,,,
superblock,healpix,jpeg-residual-q80,view-fill,moderate-mobile,explore,10,50,0.06,0.5,0.75,0.1790095,8.613906,0.01538462,0.9692308,0.9538462,2.407818,2.209316,1119886,180046.4,4601.8,88,3,1089784,85,16760832,,,
superblock,healpix,jpeg-residual-q80,view-fill,constrained-mobile,explore,2,100,0.12,1.5,1.75,0.6476557,13.28518,0.01538462,0.9076923,0.8923077,2.876464,2.209316,1165867,183200.6,50583.33,91,6,1089784,85,16760832,,,
superblock,healpix,jpeg-residual-q80,view-fill,very-constrained,explore,0.75,150,0.21,3.5,4.25,2.653831,13.28518,0.01538462,0.6615385,0.3846154,4.882639,2.209316,1127089,177687.9,11805.49,87,2,1089784,85,16760832,,,
superblock,healpix,jpeg-residual-q80,global,fast,explore,50,20,0.03,0.5,0.5,0.08076314,5.168841,0.01538462,0.9692308,0.9692308,2.309571,2.209316,1115284,177484,0,85,0,1089784,85,16760832,,,
superblock,healpix,jpeg-residual-q80,global,moderate-mobile,explore,10,50,0.06,0.75,1.25,0.31861,11.13952,0.01538462,0.9538462,0.9230769,2.547418,2.209316,1115284,177484,0,85,0,1089784,85,16760832,,,
superblock,healpix,jpeg-residual-q80,global,constrained-mobile,explore,2,100,0.12,3,3.5,1.180246,13.28518,0.01538462,0.8153846,0.7846154,3.409055,2.209316,1115284,177484,0,85,0,1089784,85,16760832,,,
superblock,healpix,jpeg-residual-q80,global,very-constrained,explore,0.75,150,0.21,9,9.75,3.255019,13.28518,0.01538462,0.4461538,0.4,5.483828,2.209316,1115284,177484,0,85,0,1089784,85,16760832,,,
superblock,healpix,jpeg-replacement-q80,view,fast,explore,50,20,0.03,0.25,0.25,0,0,0.01538462,0.9846154,0.9846154,2.26987,2.249518,1356752,214930,0,85,0,1331252,85,16760832,,,
superblock,healpix,jpeg-replacement-q80,view,moderate-mobile,explore,10,50,0.06,0.5,0.75,0.1660201,8.654833,0.01538462,0.9692308,0.9538462,2.43589,2.249518,1356752,214930,0,85,0,1331252,85,16760832,,,
superblock,healpix,jpeg-replacement-q80,view,constrained-mobile,explore,2,100,0.12,1.75,2.25,0.8217161,13.3289,0.01538462,0.8923077,0.8615385,3.091586,2.249518,1360085,215427.9,3333.333,86,1,1331252,85,16760832,,,
superblock,healpix,jpeg-replacement-q80,view,very-constrained,explore,0.75,150,0.21,4.25,12.25,4.14137,13.3289,0.01538462,0.3538462,0.1230769,6.411239,2.249518,1373633,200200.6,67187.75,89,6,1331252,85,16236544,,,
superblock,healpix,jpeg-replacement-q80,view-fill,fast,explore,50,20,0.03,0.25,0.25,0,0,0.01538462,0.9846154,0.9846154,2.26987,2.249518,1356752,214930,0,86,1,1331252,85,16760832,,,
superblock,healpix,jpeg-replacement-q80,view-fill,moderate-mobile,explore,10,50,0.06,0.5,0.75,0.1660201,8.654833,0.01538462,0.9692308,0.9538462,2.43589,2.249518,1356752,214930,0,87,2,1331252,85,16760832,,,
superblock,healpix,jpeg-replacement-q80,view-fill,constrained-mobile,explore,2,100,0.12,1.75,2.25,0.8104009,13.3289,0.01538462,0.8923077,0.8615385,3.080271,2.249518,1403794,249259.7,47041.67,91,6,1331252,85,16760832,,,
superblock,healpix,jpeg-replacement-q80,view-fill,very-constrained,explore,0.75,150,0.21,4.25,12.25,4.14137,13.3289,0.01538462,0.3538462,0.1230769,6.411239,2.249518,1423940,236412.6,67187.75,91,6,1331252,85,16760832,,,
superblock,healpix,jpeg-replacement-q80,view-direct,fast,explore,50,20,0.03,0.25,0.25,0,0,0.01538462,0.9846154,0.9846154,2.26987,2.249518,992904,161498.4,0,49,0,1331252,85,12632064,,,
superblock,healpix,jpeg-replacement-q80,view-direct,moderate-mobile,explore,10,50,0.06,0.25,0.5,0.04573532,2.92706,0.01538462,0.9846154,0.9692308,2.315605,2.249518,992904,161498.4,0,49,0,1331252,85,12632064,,,
superblock,healpix,jpeg-replacement-q80,view-direct,constrained-mobile,explore,2,100,0.12,1.25,1.25,0.6445048,13.3289,0.01538462,0.9230769,0.9230769,2.914375,2.249518,999779,161498.4,6875,50,1,1331252,85,12632064,,,
superblock,healpix,jpeg-replacement-q80,view-direct,very-constrained,explore,0.75,150,0.21,3.5,3.75,2.824251,13.3289,0.01538462,0.6615385,0.4923077,5.09412,2.249518,1014703,161498.4,21798.92,51,2,1331252,85,12632064,,,
superblock,healpix,jpeg-replacement-q80,global,fast,explore,50,20,0.03,0.5,0.5,0.08431901,4.823315,0.01538462,0.9692308,0.9692308,2.354189,2.249518,1356752,214930,0,85,0,1331252,85,16760832,,,
superblock,healpix,jpeg-replacement-q80,global,moderate-mobile,explore,10,50,0.06,1,1.25,0.3568491,11.18304,0.01538462,0.9384615,0.9230769,2.626719,2.249518,1356752,214930,0,85,0,1331252,85,16760832,,,
superblock,healpix,jpeg-replacement-q80,global,constrained-mobile,explore,2,100,0.12,3.5,4,1.460994,13.3289,0.01538462,0.7846154,0.6923077,3.730864,2.249518,1356752,214930,0,85,0,1331252,85,16760832,,,
superblock,healpix,jpeg-replacement-q80,global,very-constrained,explore,0.75,150,0.21,9.25,11.25,3.594129,13.3289,0.01538462,0.4307692,0.3076923,5.863998,2.249518,1356752,214930,0,85,0,1331252,85,16760832,,,
superblock,healpix,jpeg-replacement-q80-whole,global,fast,explore,50,20,0.03,0.5,0.5,0.08137236,5.207831,0.01538462,0.9692308,0.9692308,2.350305,2.24857,1334687,197664.2,0,49,0,1319987,49,16760832,,,
superblock,healpix,jpeg-replacement-q80-whole,global,moderate-mobile,explore,10,50,0.06,1,1.25,0.3757676,11.18524,0.01538462,0.9384615,0.9230769,2.6447,2.24857,1334687,197664.2,0,49,0,1319987,49,16760832,,,
superblock,healpix,jpeg-replacement-q80-whole,global,constrained-mobile,explore,2,100,0.12,4.25,4.5,1.687121,13.3311,0.01538462,0.7384615,0.6461538,3.956054,2.24857,1334687,197664.2,0,49,0,1319987,49,16760832,,,
superblock,healpix,jpeg-replacement-q80-whole,global,very-constrained,explore,0.75,150,0.21,11,14.5,4.260276,13.3311,0.01538462,0.3230769,0.1076923,6.529209,2.24857,1334687,197664.2,0,49,0,1319987,49,16760832,,,
superblock,healpix,jpeg-replacement-q80-whole,view-direct,fast,explore,50,20,0.03,0.25,0.25,0,0,0.01538462,0.9846154,0.9846154,2.268933,2.24857,970839,144232.6,0,13,0,1319987,49,12632064,,,
superblock,healpix,jpeg-replacement-q80-whole,view-direct,moderate-mobile,explore,10,50,0.06,0.5,0.5,0.210045,13.3311,0.01538462,0.9692308,0.9692308,2.478978,2.24857,970839,144232.6,0,13,0,1319987,49,12632064,,,
superblock,healpix,jpeg-replacement-q80-whole,view-direct,constrained-mobile,explore,2,100,0.12,2.25,2.25,1.455073,13.3311,0.01538462,0.8461538,0.8153846,3.724006,2.24857,995005.7,147929.9,24166.67,14,1,1319987,49,12632064,,,
superblock,healpix,jpeg-replacement-q80-whole,view-direct,very-constrained,explore,0.75,150,0.21,8,10.5,5.639374,13.3311,0.01538462,0.3538462,0.3076923,7.908307,2.24857,1033495,167664.9,62656.25,15,2,1319987,49,12632064,,,
northrop-mall,ico-rhombus,haar-residual-d12,view,fast,stationary,50,20,0.03,0.25,0.25,0,0,0.02439024,0.9756098,0.9756098,0.5159718,0.5159718,512756,342240.7,0,30,0,1145233,71,5431296,,,
northrop-mall,ico-rhombus,haar-residual-d12,view,moderate-mobile,stationary,10,50,0.07,0.5,0.75,0.2030029,7.113141,0.02439024,0.9512195,0.9268293,0.7189747,0.5159718,512756,342240.7,0,30,0,1145233,71,5431296,,,
northrop-mall,ico-rhombus,haar-residual-d12,view,constrained-mobile,stationary,2,100,0.19,2,2.25,1.180538,10.44554,0.02439024,0.804878,0.7804878,1.696509,0.5159718,512756,342240.7,0,30,0,1145233,71,5431296,,,
northrop-mall,ico-rhombus,haar-residual-d12,view,very-constrained,stationary,0.75,150,0.38,4.75,5.25,2.868412,10.44554,0.04878049,0.5365854,0.4878049,3.384384,0.5159718,512756,342240.7,0,30,0,1145233,71,5431296,,,
northrop-mall,ico-rhombus,haar-residual-d12,view-fill,fast,stationary,50,20,0.03,0.25,0.25,0,0,0.02439024,0.9756098,0.9756098,0.5159718,0.5159718,1166533,996017.7,0,71,0,1145233,71,13967360,,,
northrop-mall,ico-rhombus,haar-residual-d12,view-fill,moderate-mobile,stationary,10,50,0.07,0.5,0.75,0.2030029,7.113141,0.02439024,0.9512195,0.9268293,0.7189747,0.5159718,1166533,996017.7,0,71,0,1145233,71,13967360,,,
northrop-mall,ico-rhombus,haar-residual-d12,view-fill,constrained-mobile,stationary,2,100,0.19,2,2.25,1.180538,10.44554,0.02439024,0.804878,0.7804878,1.696509,0.5159718,1166533,996017.7,0,71,0,1145233,71,13967360,,,
northrop-mall,ico-rhombus,haar-residual-d12,view-fill,very-constrained,stationary,0.75,150,0.38,4.75,5.25,2.868412,10.44554,0.04878049,0.5365854,0.4878049,3.384384,0.5159718,894318.5,723803.2,0,63,0,1145233,71,10297344,,,
northrop-mall,ico-rhombus,haar-residual-d12,global,fast,stationary,50,20,0.03,0.5,0.5,0.07775485,3.110194,0.02439024,0.9512195,0.9512195,0.5937266,0.5159718,1166533,996017.7,0,71,0,1145233,71,13967360,,,
northrop-mall,ico-rhombus,haar-residual-d12,global,moderate-mobile,stationary,10,50,0.07,1,1.5,0.5394155,8.401831,0.02439024,0.902439,0.8536585,1.055387,0.5159718,1166533,996017.7,0,71,0,1145233,71,13967360,,,
northrop-mall,ico-rhombus,haar-residual-d12,global,constrained-mobile,stationary,2,100,0.19,3.5,5.25,2.349813,10.44554,0.02439024,0.6585366,0.4878049,2.865785,0.5159718,1166533,996017.7,0,71,0,1145233,71,13967360,,,
northrop-mall,ico-rhombus,haar-residual-d12,global,very-constrained,stationary,0.75,150,0.38,8.25,,5.262063,10.44554,0.04878049,0.195122,0,5.778035,0.5159718,899278.5,785158.1,0,64,0,1145233,71,10559488,,,
northrop-mall,ico-rhombus,haar-residual-d12-p0.5,view,fast,stationary,50,20,0.03,0.25,0.25,0,0,0.02439024,0.9756098,0.9756098,1.177421,1.177421,456923,299420.6,0,30,0,1046799,71,5431296,,,
northrop-mall,ico-rhombus,haar-residual-d12-p0.5,view,moderate-mobile,stationary,10,50,0.07,0.5,0.5,0.1441035,5.702954,0.02439024,0.9512195,0.9512195,1.321525,1.177421,456923,299420.6,0,30,0,1046799,71,5431296,,,
northrop-mall,ico-rhombus,haar-residual-d12-p0.5,view,constrained-mobile,stationary,2,100,0.16,1.5,2,0.9228235,9.80043,0.02439024,0.8536585,0.804878,2.100245,1.177421,456923,299420.6,0,30,0,1046799,71,5431296,,,
northrop-mall,ico-rhombus,haar-residual-d12-p0.5,view,very-constrained,stationary,0.75,150,0.29,4,4.5,2.176737,9.80043,0.04878049,0.6097561,0.5609756,3.354158,1.177421,456923,299420.6,0,30,0,1046799,71,5431296,,,
northrop-mall,ico-rhombus,jpeg-residual-q80,view,fast,stationary,50,20,0.03,0.25,0.25,0,0,0.02439024,0.9756098,0.9756098,1.171464,1.171464,354830,225841.2,0,30,0,842857,71,5431296,,,
northrop-mall,ico-rhombus,jpeg-residual-q80,view,moderate-mobile,stationary,10,50,0.06,0.5,0.5,0.1279363,5.117431,0.02439024,0.9512195,0.9512195,1.299401,1.171464,354830,225841.2,0,30,0,842857,71,5431296,,,
northrop-mall,ico-rhombus,jpeg-residual-q80,view,constrained-mobile,stationary,2,100,0.12,1.5,1.5,0.6976605,9.799574,0.02439024,0.8536585,0.8536585,1.869125,1.171464,354830,225841.2,0,30,0,842857,71,5431296,,,
northrop-mall,ico-rhombus,jpeg-residual-q80,view,very-constrained,stationary,0.75,150,0.2,3.25,3.75,1.883195,10.16464,0.02439024,0.6829268,0.6341463,3.05466,1.171464,354830,225841.2,0,30,0,842857,71,5431296,,,
northrop-mall,ico-rhombus,jpeg-residual-q80,view-fill,fast,stationary,50,20,0.03,0.25,0.25,0,0,0.02439024,0.9756098,0.9756098,1.171464,1.171464,864157,735168.2,0,71,0,842857,71,13967360,,,
northrop-mall,ico-rhombus,jpeg-residual-q80,view-fill,moderate-mobile,stationary,10,50,0.06,0.5,0.5,0.1279363,5.117431,0.02439024,0.9512195,0.9512195,1.299401,1.171464,864157,735168.2,0,71,0,842857,71,13967360,,,
northrop-mall,ico-rhombus,jpeg-residual-q80,view-fill,constrained-mobile,stationary,2,100,0.12,1.5,1.5,0.6976605,9.799574,0.02439024,0.8536585,0.8536585,1.869125,1.171464,864157,735168.2,0,71,0,842857,71,13967360,,,
northrop-mall,ico-rhombus,jpeg-residual-q80,view-fill,very-constrained,stationary,0.75,150,0.2,3.25,3.75,1.883195,10.16464,0.02439024,0.6829268,0.6341463,3.05466,1.171464,864157,735168.2,0,71,0,842857,71,13967360,,,
northrop-mall,ico-rhombus,jpeg-residual-q80,global,fast,stationary,50,20,0.03,0.5,0.5,0.07886136,3.154454,0.02439024,0.9512195,0.9512195,1.250326,1.171464,864157,735168.2,0,71,0,842857,71,13967360,,,
northrop-mall,ico-rhombus,jpeg-residual-q80,global,moderate-mobile,stationary,10,50,0.06,0.75,1.25,0.4084423,8.19051,0.02439024,0.9268293,0.8780488,1.579907,1.171464,864157,735168.2,0,71,0,842857,71,13967360,,,
northrop-mall,ico-rhombus,jpeg-residual-q80,global,constrained-mobile,stationary,2,100,0.12,2.5,4,1.625538,10.16464,0.02439024,0.7560976,0.6097561,2.797002,1.171464,864157,735168.2,0,71,0,842857,71,13967360,,,
northrop-mall,ico-rhombus,jpeg-residual-q80,global,very-constrained,stationary,0.75,150,0.2,5.75,9.75,3.939297,10.16464,0.02439024,0.4390244,0.04878049,5.110762,1.171464,864157,735168.2,0,71,0,842857,71,13967360,,,
northrop-mall,ico-rhombus,jpeg-replacement-q80,view,fast,stationary,50,20,0.03,0.25,0.25,0,0,0.02439024,0.9756098,0.9756098,1.192851,1.192851,425488,269581.6,0,30,0,1016956,71,5431296,,,
northrop-mall,ico-rhombus,jpeg-replacement-q80,view,moderate-mobile,stationary,10,50,0.06,0.5,0.5,0.1290576,5.094971,0.02439024,0.9512195,0.9512195,1.321908,1.192851,425488,269581.6,0,30,0,1016956,71,5431296,,,
northrop-mall,ico-rhombus,jpeg-replacement-q80,view,constrained-mobile,stationary,2,100,0.12,1.5,2,0.8806967,10.14325,0.02439024,0.8536585,0.804878,2.073547,1.192851,425488,269581.6,0,30,0,1016956,71,5431296,,,
northrop-mall,ico-rhombus,jpeg-replacement-q80,view,very-constrained,stationary,0.75,150,0.2,4,4.25,2.198999,10.14325,0.02439024,0.6097561,0.5853659,3.39185,1.192851,425488,269581.6,0,30,0,1016956,71,5431296,,,
northrop-mall,ico-rhombus,jpeg-replacement-q80,view-fill,fast,stationary,50,20,0.03,0.25,0.25,0,0,0.02439024,0.9756098,0.9756098,1.192851,1.192851,1038256,882349.6,0,71,0,1016956,71,13967360,,,
northrop-mall,ico-rhombus,jpeg-replacement-q80,view-fill,moderate-mobile,stationary,10,50,0.06,0.5,0.5,0.1290576,5.094971,0.02439024,0.9512195,0.9512195,1.321908,1.192851,1038256,882349.6,0,71,0,1016956,71,13967360,,,
northrop-mall,ico-rhombus,jpeg-replacement-q80,view-fill,constrained-mobile,stationary,2,100,0.12,1.5,2,0.8806967,10.14325,0.02439024,0.8536585,0.804878,2.073547,1.192851,1038256,882349.6,0,71,0,1016956,71,13967360,,,
northrop-mall,ico-rhombus,jpeg-replacement-q80,view-fill,very-constrained,stationary,0.75,150,0.2,4,4.25,2.198999,10.14325,0.02439024,0.6097561,0.5853659,3.39185,1.192851,876765.5,720859.1,0,67,0,1016956,71,11345920,,,
northrop-mall,ico-rhombus,jpeg-replacement-q80,view-direct,fast,stationary,50,20,0.03,0.25,0.25,0,0,0.02439024,0.9756098,0.9756098,1.192851,1.192851,277998,158801.8,0,15,0,1016956,71,3710976,,,
northrop-mall,ico-rhombus,jpeg-replacement-q80,view-direct,moderate-mobile,stationary,10,50,0.06,0.5,0.5,0.1123958,4.495832,0.02439024,0.9512195,0.9512195,1.305247,1.192851,277998,158801.8,0,15,0,1016956,71,3710976,,,
northrop-mall,ico-rhombus,jpeg-replacement-q80,view-direct,constrained-mobile,stationary,2,100,0.12,1.25,1.25,0.8254273,10.14325,0.02439024,0.8780488,0.8780488,2.018278,1.192851,277998,158801.8,0,15,0,1016956,71,3710976,,,
northrop-mall,ico-rhombus,jpeg-replacement-q80,view-direct,very-constrained,stationary,0.75,150,0.2,3.25,3.25,2.366865,10.14325,0.02439024,0.6829268,0.6829268,3.559716,1.192851,277998,158801.8,0,15,0,1016956,71,3710976,,,
northrop-mall,ico-rhombus,jpeg-replacement-q80,global,fast,stationary,50,20,0.03,0.5,0.5,0.07864531,3.145812,0.02439024,0.9512195,0.9512195,1.271496,1.192851,1038256,882349.6,0,71,0,1016956,71,13967360,,,
northrop-mall,ico-rhombus,jpeg-replacement-q80,global,moderate-mobile,stationary,10,50,0.06,1,1.5,0.531283,8.151284,0.02439024,0.902439,0.8536585,1.724134,1.192851,1038256,882349.6,0,71,0,1016956,71,13967360,,,
northrop-mall,ico-rhombus,jpeg-replacement-q80,global,constrained-mobile,stationary,2,100,0.12,2.75,4.75,1.842759,10.14325,0.02439024,0.7317073,0.5365854,3.03561,1.192851,1038256,882349.6,0,71,0,1016956,71,13967360,,,
northrop-mall,ico-rhombus,jpeg-replacement-q80,global,very-constrained,stationary,0.75,150,0.2,6.75,,4.335224,10.14325,0.02439024,0.3414634,0,5.528075,1.192851,893862,798331,0,68,0,1016956,71,11608064,,,
northrop-mall,ico-rhombus,jpeg-replacement-q80-whole,global,fast,stationary,50,20,0.03,0.5,0.5,0.07865818,3.146327,0.02439024,0.9512195,0.9512195,1.270936,1.192278,1023035,886554,0,41,0,1010735,41,13967360,,,
northrop-mall,ico-rhombus,jpeg-replacement-q80-whole,global,moderate-mobile,stationary,10,50,0.06,1,1.25,0.4760846,8.151857,0.02439024,0.902439,0.8780488,1.668363,1.192278,1023035,886554,0,41,0,1010735,41,13967360,,,
northrop-mall,ico-rhombus,jpeg-replacement-q80-whole,global,constrained-mobile,stationary,2,100,0.12,3,4.5,1.903123,10.14382,0.02439024,0.7073171,0.5609756,3.095401,1.192278,1023035,886554,0,41,0,1010735,41,13967360,,,
northrop-mall,ico-rhombus,jpeg-replacement-q80-whole,global,very-constrained,stationary,0.75,150,0.2,7,,4.584388,10.14382,0.02439024,0.3170732,0,5.776666,1.192278,893862,786310.1,0,41,0,1010735,41,9773056,,,
northrop-mall,ico-rhombus,jpeg-replacement-q80-whole,view-direct,fast,stationary,50,20,0.03,0.25,0.25,0,0,0.02439024,0.9756098,0.9756098,1.192278,1.192278,409346,309575.2,0,6,0,1010735,41,5283840,,,
northrop-mall,ico-rhombus,jpeg-replacement-q80-whole,view-direct,moderate-mobile,stationary,10,50,0.06,0.5,0.5,0.2535955,10.14382,0.02439024,0.9512195,0.9512195,1.445874,1.192278,409346,309575.2,0,6,0,1010735,41,5283840,,,
northrop-mall,ico-rhombus,jpeg-replacement-q80-whole,view-direct,constrained-mobile,stationary,2,100,0.12,2,2,1.562867,10.14382,0.02439024,0.804878,0.804878,2.755145,1.192278,409346,309575.2,0,6,0,1010735,41,5283840,,,
northrop-mall,ico-rhombus,jpeg-replacement-q80-whole,view-direct,very-constrained,stationary,0.75,150,0.2,4.75,4.75,4.140398,10.14382,0.02439024,0.5365854,0.5365854,5.332676,1.192278,409346,309575.2,0,6,0,1010735,41,5283840,,,
bookstore,ico-rhombus,haar-residual-d12,view,fast,stationary,50,20,0.03,0.25,0.25,0,0,0.02439024,0.9756098,0.9756098,1.610629,1.610629,198714,143162,0,30,0,434076,71,5431296,,,
bookstore,ico-rhombus,haar-residual-d12,view,moderate-mobile,stationary,10,50,0.07,0.5,0.5,0.1125337,4.501347,0.02439024,0.9512195,0.9512195,1.723163,1.610629,198714,143162,0,30,0,434076,71,5431296,,,
bookstore,ico-rhombus,haar-residual-d12,view,constrained-mobile,stationary,2,100,0.17,1,1.25,0.7518696,14.60508,0.02439024,0.902439,0.8780488,2.362499,1.610629,198714,143162,0,30,0,434076,71,5431296,,,
bookstore,ico-rhombus,haar-residual-d12,view,very-constrained,stationary,0.75,150,0.34,2.25,2.75,1.678316,14.60508,0.04878049,0.7804878,0.7317073,3.288945,1.610629,198714,143162,0,30,0,434076,71,5431296,,,
bookstore,ico-rhombus,haar-residual-d12,view-fill,fast,stationary,50,20,0.03,0.25,0.25,0,0,0.02439024,0.9756098,0.9756098,1.610629,1.610629,455376,399824,0,71,0,434076,71,13967360,,,
bookstore,ico-rhombus,haar-residual-d12,view-fill,moderate-mobile,stationary,10,50,0.07,0.5,0.5,0.1125337,4.501347,0.02439024,0.9512195,0.9512195,1.723163,1.610629,455376,399824,0,71,0,434076,71,13967360,,,
bookstore,ico-rhombus,haar-residual-d12,view-fill,constrained-mobile,stationary,2,100,0.17,1,1.25,0.7518696,14.60508,0.02439024,0.902439,0.8780488,2.362499,1.610629,455376,399824,0,71,0,434076,71,13967360,,,
bookstore,ico-rhombus,haar-residual-d12,view-fill,very-constrained,stationary,0.75,150,0.34,2.25,2.75,1.678316,14.60508,0.04878049,0.7804878,0.7317073,3.288945,1.610629,455376,399824,0,71,0,434076,71,13967360,,,
bookstore,ico-rhombus,haar-residual-d12,global,fast,stationary,50,20,0.03,0.5,0.5,0.07580289,3.032116,0.02439024,0.9512195,0.9512195,1.686432,1.610629,455376,399824,0,71,0,434076,71,13967360,,,
bookstore,ico-rhombus,haar-residual-d12,global,moderate-mobile,stationary,10,50,0.07,0.75,1,0.4449356,10.80467,0.02439024,0.9268293,0.902439,2.055565,1.610629,455376,399824,0,71,0,434076,71,13967360,,,
bookstore,ico-rhombus,haar-residual-d12,global,constrained-mobile,stationary,2,100,0.17,1.75,2.5,1.616317,14.60508,0.02439024,0.8292683,0.7560976,3.226946,1.610629,455376,399824,0,71,0,434076,71,13967360,,,
bookstore,ico-rhombus,haar-residual-d12,global,very-constrained,stationary,0.75,150,0.34,4,5.5,3.441689,14.60508,0.04878049,0.6097561,0.4634146,5.052318,1.610629,455376,399824,0,71,0,434076,71,13967360,,,
bookstore,ico-rhombus,haar-residual-d12-p0.5,view,fast,stationary,50,20,0.03,0.25,0.25,0,0,0.02439024,0.9756098,0.9756098,4.431584,4.431584,161729,113753.2,0,30,0,369095,71,5431296,,,
bookstore,ico-rhombus,haar-residual-d12-p0.5,view,moderate-mobile,stationary,10,50,0.06,0.5,0.5,0.0765278,3.061112,0.02439024,0.9512195,0.9512195,4.508112,4.431584,161729,113753.2,0,30,0,369095,71,5431296,,,
bookstore,ico-rhombus,haar-residual-d12-p0.5,view,constrained-mobile,stationary,2,100,0.14,0.75,1,0.5258764,11.8268,0.02439024,0.9268293,0.902439,4.95746,4.431584,161729,113753.2,0,30,0,369095,71,5431296,,,
bookstore,ico-rhombus,haar-residual-d12-p0.5,view,very-constrained,stationary,0.75,150,0.25,1.25,2.25,1.150241,11.8268,0.02439024,0.8780488,0.7804878,5.581825,4.431584,161729,113753.2,0,30,0,369095,71,5431296,,,
bookstore,ico-rhombus,jpeg-residual-q80,view,fast,stationary,50,20,0.03,0.25,0.25,0,0,0.02439024,0.9756098,0.9756098,2.086199,2.086199,159698,110212.9,0,30,0,391548,71,5431296,,,
bookstore,ico-rhombus,jpeg-residual-q80,view,moderate-mobile,stationary,10,50,0.06,0.5,0.5,0.1311684,5.246736,0.02439024,0.9512195,0.9512195,2.217367,2.086199,159698,110212.9,0,30,0,391548,71,5431296,,,
bookstore,ico-rhombus,jpeg-residual-q80,view,constrained-mobile,stationary,2,100,0.12,1,1,0.5202494,12.20323,0.02439024,0.902439,0.902439,2.606448,2.086199,159698,110212.9,0,30,0,391548,71,5431296,,,
bookstore,ico-rhombus,jpeg-residual-q80,view,very-constrained,stationary,0.75,150,0.19,1.75,2,1.295831,14.61596,0.02439024,0.8292683,0.804878,3.38203,2.086199,159698,110212.9,0,30,0,391548,71,5431296,,,
bookstore,ico-rhombus,jpeg-residual-q80,view-fill,fast,stationary,50,20,0.03,0.25,0.25,0,0,0.02439024,0.9756098,0.9756098,2.086199,2.086199,412848,363362.9,0,71,0,391548,71,13967360,,,
bookstore,ico-rhombus,jpeg-residual-q80,view-fill,moderate-mobile,stationary,10,50,0.06,0.5,0.5,0.1311684,5.246736,0.02439024,0.9512195,0.9512195,2.217367,2.086199,412848,363362.9,0,71,0,391548,71,13967360,,,
bookstore,ico-rhombus,jpeg-residual-q80,view-fill,constrained-mobile,stationary,2,100,0.12,1,1,0.5202494,12.20323,0.02439024,0.902439,0.902439,2.606448,2.086199,412848,363362.9,0,71,0,391548,71,13967360,,,
bookstore,ico-rhombus,jpeg-residual-q80,view-fill,very-constrained,stationary,0.75,150,0.19,1.75,2,1.295831,14.61596,0.02439024,0.8292683,0.804878,3.38203,2.086199,412848,363362.9,0,71,0,391548,71,13967360,,,
bookstore,ico-rhombus,jpeg-residual-q80,global,fast,stationary,50,20,0.03,0.5,0.5,0.08875481,3.550192,0.02439024,0.9512195,0.9512195,2.174954,2.086199,412848,363362.9,0,71,0,391548,71,13967360,,,
bookstore,ico-rhombus,jpeg-residual-q80,global,moderate-mobile,stationary,10,50,0.06,1,1,0.4467977,11.03936,0.02439024,0.902439,0.902439,2.532997,2.086199,412848,363362.9,0,71,0,391548,71,13967360,,,
bookstore,ico-rhombus,jpeg-residual-q80,global,constrained-mobile,stationary,2,100,0.12,2.25,2.25,1.401234,14.46942,0.02439024,0.7804878,0.7804878,3.487433,2.086199,412848,363362.9,0,71,0,391548,71,13967360,,,
bookstore,ico-rhombus,jpeg-residual-q80,global,very-constrained,stationary,0.75,150,0.19,5,5.25,3.10786,14.61596,0.02439024,0.5121951,0.4878049,5.194059,2.086199,412848,363362.9,0,71,0,391548,71,13967360,,,
bookstore,ico-rhombus,jpeg-replacement-q80,view,fast,stationary,50,20,0.03,0.25,0.25,0,0,0.02439024,0.9756098,0.9756098,2.043152,2.043152,195344,133671.7,0,30,0,482612,71,5431296,,,
bookstore,ico-rhombus,jpeg-replacement-q80,view,moderate-mobile,stationary,10,50,0.06,0.5,0.5,0.1402076,5.608304,0.02439024,0.9512195,0.9512195,2.18336,2.043152,195344,133671.7,0,30,0,482612,71,5431296,,,
bookstore,ico-rhombus,jpeg-replacement-q80,view,constrained-mobile,stationary,2,100,0.12,1,1.25,0.7817118,14.65901,0.02439024,0.902439,0.8780488,2.824864,2.043152,195344,133671.7,0,30,0,482612,71,5431296,,,
bookstore,ico-rhombus,jpeg-replacement-q80,view,very-constrained,stationary,0.75,150,0.19,2,2.5,1.619126,14.65901,0.02439024,0.804878,0.7560976,3.662278,2.043152,195344,133671.7,0,30,0,482612,71,5431296,,,
bookstore,ico-rhombus,jpeg-replacement-q80,view-fill,fast,stationary,50,20,0.03,0.25,0.25,0,0,0.02439024,0.9756098,0.9756098,2.043152,2.043152,503912,442239.7,0,71,0,482612,71,13967360,,,
bookstore,ico-rhombus,jpeg-replacement-q80,view-fill,moderate-mobile,stationary,10,50,0.06,0.5,0.5,0.1402076,5.608304,0.02439024,0.9512195,0.9512195,2.18336,2.043152,503912,442239.7,0,71,0,482612,71,13967360,,,
bookstore,ico-rhombus,jpeg-replacement-q80,view-fill,constrained-mobile,stationary,2,100,0.12,1,1.25,0.7817118,14.65901,0.02439024,0.902439,0.8780488,2.824864,2.043152,503912,442239.7,0,71,0,482612,71,13967360,,,
bookstore,ico-rhombus,jpeg-replacement-q80,view-fill,very-constrained,stationary,0.75,150,0.19,2,2.5,1.619126,14.65901,0.02439024,0.804878,0.7560976,3.662278,2.043152,503912,442239.7,0,71,0,482612,71,13967360,,,
bookstore,ico-rhombus,jpeg-replacement-q80,view-direct,fast,stationary,50,20,0.03,0.25,0.25,0,0,0.02439024,0.9756098,0.9756098,2.043152,2.043152,111749,68993.09,0,15,0,482612,71,3710976,,,
bookstore,ico-rhombus,jpeg-replacement-q80,view-direct,moderate-mobile,stationary,10,50,0.06,0.25,0.25,1.271096e-7,0.000005084385,0.02439024,0.9756098,0.9756098,2.043152,2.043152,111749,68993.09,0,15,0,482612,71,3710976,,,
bookstore,ico-rhombus,jpeg-replacement-q80,view-direct,constrained-mobile,stationary,2,100,0.12,0.75,0.75,0.6057419,14.65901,0.02439024,0.9268293,0.9268293,2.648894,2.043152,111749,68993.09,0,15,0,482612,71,3710976,,,
bookstore,ico-rhombus,jpeg-replacement-q80,view-direct,very-constrained,stationary,0.75,150,0.19,1.5,1.5,1.55774,14.65901,0.02439024,0.8536585,0.8536585,3.600892,2.043152,111749,68993.09,0,15,0,482612,71,3710976,,,
bookstore,ico-rhombus,jpeg-replacement-q80,global,fast,stationary,50,20,0.03,0.5,0.5,0.08890481,3.556192,0.02439024,0.9512195,0.9512195,2.132057,2.043152,503912,442239.7,0,71,0,482612,71,13967360,,,
bookstore,ico-rhombus,jpeg-replacement-q80,global,moderate-mobile,stationary,10,50,0.06,1,1,0.4436565,10.898,0.02439024,0.902439,0.902439,2.486809,2.043152,503912,442239.7,0,71,0,482612,71,13967360,,,
bookstore,ico-rhombus,jpeg-replacement-q80,global,constrained-mobile,stationary,2,100,0.12,2.75,2.75,1.61249,14.65901,0.02439024,0.7317073,0.7317073,3.655642,2.043152,503912,442239.7,0,71,0,482612,71,13967360,,,
bookstore,ico-rhombus,jpeg-replacement-q80,global,very-constrained,stationary,0.75,150,0.19,6,6,3.657092,14.65901,0.02439024,0.4146341,0.4146341,5.700244,2.043152,503912,442239.7,0,71,0,482612,71,13967360,,,
bookstore,ico-rhombus,jpeg-replacement-q80-whole,global,fast,stationary,50,20,0.03,0.5,0.5,0.08232118,3.292847,0.02439024,0.9512195,0.9512195,2.12436,2.042039,487552,431822.4,0,41,0,475252,41,13967360,,,
bookstore,ico-rhombus,jpeg-replacement-q80-whole,global,moderate-mobile,stationary,10,50,0.06,0.75,0.75,0.4039883,10.89911,0.02439024,0.9268293,0.9268293,2.446028,2.042039,487552,431822.4,0,41,0,475252,41,13967360,,,
bookstore,ico-rhombus,jpeg-replacement-q80-whole,global,constrained-mobile,stationary,2,100,0.12,2.5,2.5,1.577175,14.66012,0.02439024,0.7560976,0.7560976,3.619214,2.042039,487552,431822.4,0,41,0,475252,41,13967360,,,
bookstore,ico-rhombus,jpeg-replacement-q80-whole,global,very-constrained,stationary,0.75,150,0.19,6,6,3.797569,14.66012,0.02439024,0.4146341,0.4146341,5.839609,2.042039,487552,431822.4,0,41,0,475252,41,13967360,,,
bookstore,ico-rhombus,jpeg-replacement-q80-whole,view-direct,fast,stationary,50,20,0.03,0.25,0.25,0,0,0.02439024,0.9756098,0.9756098,2.042039,2.042039,167482,130668.8,0,6,0,475252,41,5283840,,,
bookstore,ico-rhombus,jpeg-replacement-q80-whole,view-direct,moderate-mobile,stationary,10,50,0.06,0.25,0.25,0.001599247,0.06396988,0.02439024,0.9756098,0.9756098,2.043638,2.042039,167482,130668.8,0,6,0,475252,41,5283840,,,
bookstore,ico-rhombus,jpeg-replacement-q80-whole,view-direct,constrained-mobile,stationary,2,100,0.12,1,1,1.092282,14.66012,0.02439024,0.902439,0.902439,3.134321,2.042039,167482,130668.8,0,6,0,475252,41,5283840,,,
bookstore,ico-rhombus,jpeg-replacement-q80-whole,view-direct,very-constrained,stationary,0.75,150,0.19,2,2,2.552666,14.66012,0.02439024,0.804878,0.804878,4.594706,2.042039,167482,130668.8,0,6,0,475252,41,5283840,,,
superblock,ico-rhombus,haar-residual-d12,view,fast,stationary,50,20,0.03,0.25,0.25,0,0,0.02439024,0.9756098,0.9756098,1.621191,1.621191,499740,374836.9,0,30,0,1409398,71,5431296,,,
superblock,ico-rhombus,haar-residual-d12,view,moderate-mobile,stationary,10,50,0.07,0.5,0.5,0.1905457,7.50253,0.02439024,0.9512195,0.9512195,1.811736,1.621191,499740,374836.9,0,30,0,1409398,71,5431296,,,
superblock,ico-rhombus,haar-residual-d12,view,constrained-mobile,stationary,2,100,0.2,1.75,2,1.22277,11.78522,0.02439024,0.8292683,0.804878,2.84396,1.621191,499740,374836.9,0,30,0,1409398,71,5431296,,,
superblock,ico-rhombus,haar-residual-d12,view,very-constrained,stationary,0.75,150,0.4,4,5.25,2.984325,11.78522,0.04878049,0.6097561,0.4878049,4.605516,1.621191,499740,374836.9,0,30,0,1409398,71,5431296,,,
superblock,ico-rhombus,haar-residual-d12,view-fill,fast,stationary,50,20,0.03,0.25,0.25,0,0,0.02439024,0.9756098,0.9756098,1.621191,1.621191,1430698,1305795,0,71,0,1409398,71,13967360,,,
superblock,ico-rhombus,haar-residual-d12,view-fill,moderate-mobile,stationary,10,50,0.07,0.5,0.5,0.1905457,7.50253,0.02439024,0.9512195,0.9512195,1.811736,1.621191,1430698,1305795,0,71,0,1409398,71,13967360,,,
superblock,ico-rhombus,haar-residual-d12,view-fill,constrained-mobile,stationary,2,100,0.2,1.75,2,1.22277,11.78522,0.02439024,0.8292683,0.804878,2.84396,1.621191,1430698,1305795,0,71,0,1409398,71,13967360,,,
superblock,ico-rhombus,haar-residual-d12,view-fill,very-constrained,stationary,0.75,150,0.4,4,5.25,2.984325,11.78522,0.04878049,0.6097561,0.4878049,4.605516,1.621191,881302.5,756399.4,0,51,0,1409398,71,6889472,,,
superblock,ico-rhombus,haar-residual-d12,global,fast,stationary,50,20,0.03,0.5,0.5,0.1051508,4.096498,0.02439024,0.9512195,0.9512195,1.726341,1.621191,1430698,1305795,0,71,0,1409398,71,13967360,,,
superblock,ico-rhombus,haar-residual-d12,global,moderate-mobile,stationary,10,50,0.07,1.25,1.5,0.7299157,9.377933,0.02439024,0.8780488,0.8536585,2.351106,1.621191,1430698,1305795,0,71,0,1409398,71,13967360,,,
superblock,ico-rhombus,haar-residual-d12,global,constrained-mobile,stationary,2,100,0.2,4.75,6.25,3.282593,11.78522,0.02439024,0.5365854,0.3902439,4.903784,1.621191,1430698,1305795,0,71,0,1409398,71,13967360,,,
superblock,ico-rhombus,haar-residual-d12,global,very-constrained,stationary,0.75,150,0.4,,,6.702374,11.78522,0.04878049,0,0,8.323564,1.621191,898868.5,824315.5,0,48,0,1409398,71,6365184,,,
superblock,ico-rhombus,haar-residual-d12-p0.5,view,fast,stationary,50,20,0.03,0.25,0.25,0,0,0.02439024,0.9756098,0.9756098,3.450502,3.450502,434531,324270.5,0,30,0,1274239,71,5431296,,,
superblock,ico-rhombus,haar-residual-d12-p0.5,view,moderate-mobile,stationary,10,50,0.07,0.5,0.5,0.122614,4.833366,0.02439024,0.9512195,0.9512195,3.573116,3.450502,434531,324270.5,0,30,0,1274239,71,5431296,,,
superblock,ico-rhombus,haar-residual-d12-p0.5,view,constrained-mobile,stationary,2,100,0.16,1.25,1.5,0.7788406,9.987822,0.02439024,0.8780488,0.8536585,4.229343,3.450502,434531,324270.5,0,30,0,1274239,71,5431296,,,
superblock,ico-rhombus,haar-residual-d12-p0.5,view,very-constrained,stationary,0.75,150,0.31,3,3.75,1.784326,9.987822,0.04878049,0.7073171,0.6341463,5.234828,3.450502,434531,324270.5,0,30,0,1274239,71,5431296,,,
superblock,ico-rhombus,jpeg-residual-q80,view,fast,stationary,50,20,0.03,0.25,0.25,0,0,0.02439024,0.9756098,0.9756098,2.552236,2.552236,312101,227364.5,0,30,0,938047,71,5431296,,,
superblock,ico-rhombus,jpeg-residual-q80,view,moderate-mobile,stationary,10,50,0.06,0.5,0.5,0.1414535,5.658142,0.02439024,0.9512195,0.9512195,2.69369,2.552236,312101,227364.5,0,30,0,938047,71,5431296,,,
superblock,ico-rhombus,jpeg-residual-q80,view,constrained-mobile,stationary,2,100,0.12,1,1.5,0.7376497,11.78613,0.02439024,0.902439,0.8536585,3.289886,2.552236,312101,227364.5,0,30,0,938047,71,5431296,,,
superblock,ico-rhombus,jpeg-residual-q80,view,very-constrained,stationary,0.75,150,0.2,2.5,3,1.70342,11.78613,0.02439024,0.7560976,0.7073171,4.255656,2.552236,312101,227364.5,0,30,0,938047,71,5431296,,,
superblock,ico-rhombus,jpeg-residual-q80,view-fill,fast,stationary,50,20,0.03,0.25,0.25,0,0,0.02439024,0.9756098,0.9756098,2.552236,2.552236,959347,874610.5,0,71,0,938047,71,13967360,,,
superblock,ico-rhombus,jpeg-residual-q80,view-fill,moderate-mobile,stationary,10,50,0.06,0.5,0.5,0.1414535,5.658142,0.02439024,0.9512195,0.9512195,2.69369,2.552236,959347,874610.5,0,71,0,938047,71,13967360,,,
superblock,ico-rhombus,jpeg-residual-q80,view-fill,constrained-mobile,stationary,2,100,0.12,1,1.5,0.7376497,11.78613,0.02439024,0.902439,0.8536585,3.289886,2.552236,959347,874610.5,0,71,0,938047,71,13967360,,,
superblock,ico-rhombus,jpeg-residual-q80,view-fill,very-constrained,stationary,0.75,150,0.2,2.5,3,1.70342,11.78613,0.02439024,0.7560976,0.7073171,4.255656,2.552236,872742.5,788006,0,71,0,938047,71,12132352,,,
superblock,ico-rhombus,jpeg-residual-q80,global,fast,stationary,50,20,0.03,0.5,0.5,0.09668536,3.867414,0.02439024,0.9512195,0.9512195,2.648922,2.552236,959347,874610.5,0,71,0,938047,71,13967360,,,
superblock,ico-rhombus,jpeg-residual-q80,global,moderate-mobile,stationary,10,50,0.06,1,1.25,0.5563919,9.376617,0.02439024,0.902439,0.8780488,3.108628,2.552236,959347,874610.5,0,71,0,938047,71,13967360,,,
superblock,ico-rhombus,jpeg-residual-q80,global,constrained-mobile,stationary,2,100,0.12,3.25,4.5,2.125236,11.78613,0.02439024,0.6829268,0.5609756,4.677472,2.552236,959347,874610.5,0,71,0,938047,71,13967360,,,
superblock,ico-rhombus,jpeg-residual-q80,global,very-constrained,stationary,0.75,150,0.2,7.75,,5.116193,11.78613,0.02439024,0.2439024,0,7.668429,2.552236,881929.5,830714.2,0,70,0,938047,71,12132352,,,
superblock,ico-rhombus,jpeg-replacement-q80,view,fast,stationary,50,20,0.03,0.25,0.25,0,0,0.02439024,0.9756098,0.9756098,2.552919,2.552919,379573,275306.1,0,30,0,1143990,71,5431296,,,
superblock,ico-rhombus,jpeg-replacement-q80,view,moderate-mobile,stationary,10,50,0.06,0.5,0.5,0.1415626,5.658914,0.02439024,0.9512195,0.9512195,2.694482,2.552919,379573,275306.1,0,30,0,1143990,71,5431296,,,
superblock,ico-rhombus,jpeg-replacement-q80,view,constrained-mobile,stationary,2,100,0.12,1.25,1.5,0.7902786,11.78545,0.02439024,0.8780488,0.8536585,3.343198,2.552919,379573,275306.1,0,30,0,1143990,71,5431296,,,
superblock,ico-rhombus,jpeg-replacement-q80,view,very-constrained,stationary,0.75,150,0.2,2.75,3.5,1.999406,11.78545,0.02439024,0.7317073,0.6585366,4.552326,2.552919,379573,275306.1,0,30,0,1143990,71,5431296,,,
superblock,ico-rhombus,jpeg-replacement-q80,view-fill,fast,stationary,50,20,0.03,0.25,0.25,0,0,0.02439024,0.9756098,0.9756098,2.552919,2.552919,1165290,1061023,0,71,0,1143990,71,13967360,,,
superblock,ico-rhombus,jpeg-replacement-q80,view-fill,moderate-mobile,stationary,10,50,0.06,0.5,0.5,0.1415626,5.658914,0.02439024,0.9512195,0.9512195,2.694482,2.552919,1165290,1061023,0,71,0,1143990,71,13967360,,,
superblock,ico-rhombus,jpeg-replacement-q80,view-fill,constrained-mobile,stationary,2,100,0.12,1.25,1.5,0.7902786,11.78545,0.02439024,0.8780488,0.8536585,3.343198,2.552919,1165290,1061023,0,71,0,1143990,71,13967360,,,
superblock,ico-rhombus,jpeg-replacement-q80,view-fill,very-constrained,stationary,0.75,150,0.2,2.75,3.5,1.999406,11.78545,0.02439024,0.7317073,0.6585366,4.552326,2.552919,875575,771308.1,0,61,0,1143990,71,9773056,,,
superblock,ico-rhombus,jpeg-replacement-q80,view-direct,fast,stationary,50,20,0.03,0.25,0.25,0,0,0.02439024,0.9756098,0.9756098,2.552919,2.552919,243145,171432.5,0,15,0,1143990,71,3710976,,,
superblock,ico-rhombus,jpeg-replacement-q80,view-direct,moderate-mobile,stationary,10,50,0.06,0.5,0.5,0.1605296,6.421183,0.02439024,0.9512195,0.9512195,2.713449,2.552919,243145,171432.5,0,15,0,1143990,71,3710976,,,
superblock,ico-rhombus,jpeg-replacement-q80,view-direct,constrained-mobile,stationary,2,100,0.12,0.75,0.75,0.5894191,11.78545,0.02439024,0.9268293,0.9268293,3.142338,2.552919,243145,171432.5,0,15,0,1143990,71,3710976,,,
superblock,ico-rhombus,jpeg-replacement-q80,view-direct,very-constrained,stationary,0.75,150,0.2,2,2,1.793819,11.78545,0.02439024,0.804878,0.804878,4.346738,2.552919,243145,171432.5,0,15,0,1143990,71,3710976,,,
superblock,ico-rhombus,jpeg-replacement-q80,global,fast,stationary,50,20,0.03,0.5,0.5,0.09695136,3.878054,0.02439024,0.9512195,0.9512195,2.649871,2.552919,1165290,1061023,0,71,0,1143990,71,13967360,,,
superblock,ico-rhombus,jpeg-replacement-q80,global,moderate-mobile,stationary,10,50,0.06,1,1.5,0.6304085,9.361471,0.02439024,0.902439,0.8536585,3.183328,2.552919,1165290,1061023,0,71,0,1143990,71,13967360,,,
superblock,ico-rhombus,jpeg-replacement-q80,global,constrained-mobile,stationary,2,100,0.12,3.75,5.25,2.543193,11.78545,0.02439024,0.6341463,0.4878049,5.096113,2.552919,1165290,1061023,0,71,0,1143990,71,13967360,,,
superblock,ico-rhombus,jpeg-replacement-q80,global,very-constrained,stationary,0.75,150,0.2,9.25,,5.509422,11.78545,0.02439024,0.09756098,0,8.062341,2.552919,886441,823793.2,0,61,0,1143990,71,9773056,,,
superblock,ico-rhombus,jpeg-replacement-q80-whole,global,fast,stationary,50,20,0.03,0.5,0.5,0.09698371,3.879348,0.02439024,0.9512195,0.9512195,2.648362,2.551378,1147011,1030596,0,41,0,1134711,41,13967360,,,
superblock,ico-rhombus,jpeg-replacement-q80-whole,global,moderate-mobile,stationary,10,50,0.06,1,1.25,0.5591368,9.363013,0.02439024,0.902439,0.8780488,3.110515,2.551378,1147011,1030596,0,41,0,1134711,41,13967360,,,
superblock,ico-rhombus,jpeg-replacement-q80-whole,global,constrained-mobile,stationary,2,100,0.12,3.5,5.25,2.58208,11.78699,0.02439024,0.6585366,0.4878049,5.133458,2.551378,1147011,1030596,0,41,0,1134711,41,13967360,,,
superblock,ico-rhombus,jpeg-replacement-q80-whole,global,very-constrained,stationary,0.75,150,0.2,8.25,,5.595898,11.78699,0.02439024,0.195122,0,8.147276,2.551378,886441,814853,0,41,0,1134711,41,8724480,,,
superblock,ico-rhombus,jpeg-replacement-q80-whole,view-direct,fast,stationary,50,20,0.03,0.25,0.25,0,0,0.02439024,0.9756098,0.9756098,2.551378,2.551378,366649,282788.8,0,6,0,1134711,41,5283840,,,
superblock,ico-rhombus,jpeg-replacement-q80-whole,view-direct,moderate-mobile,stationary,10,50,0.06,0.5,0.5,0.2946748,11.78699,0.02439024,0.9512195,0.9512195,2.846053,2.551378,366649,282788.8,0,6,0,1134711,41,5283840,,,
superblock,ico-rhombus,jpeg-replacement-q80-whole,view-direct,constrained-mobile,stationary,2,100,0.12,1.75,1.75,1.690451,11.78699,0.02439024,0.8292683,0.8292683,4.241829,2.551378,366649,282788.8,0,6,0,1134711,41,5283840,,,
superblock,ico-rhombus,jpeg-replacement-q80-whole,view-direct,very-constrained,stationary,0.75,150,0.2,4.25,4.25,4.527765,11.78699,0.02439024,0.5853659,0.5853659,7.079142,2.551378,366649,282788.8,0,6,0,1134711,41,5283840,,,
northrop-mall,ico-rhombus,haar-residual-d12,view,fast,slow-turn,50,20,0.03,0.25,0.25,0,0,0.01234568,0.9876543,0.9876543,0.6148287,0.6136082,1166533,433026.2,0,71,0,1145233,71,13967360,,,
northrop-mall,ico-rhombus,haar-residual-d12,view,moderate-mobile,slow-turn,10,50,0.07,0.5,0.5,0.08912846,7.082827,0.01234568,0.9753086,0.9753086,0.7039571,0.6136082,1166533,433026.2,0,72,1,1145233,71,13967360,,,
northrop-mall,ico-rhombus,haar-residual-d12,view,constrained-mobile,slow-turn,2,100,0.19,1.75,2,0.5208604,10.394,0.01234568,0.9135802,0.9012346,1.135689,0.6136082,1166533,433026.2,0,72,1,1145233,71,13967360,,,
northrop-mall,ico-rhombus,haar-residual-d12,view,very-constrained,slow-turn,0.75,150,0.38,4.25,6.25,1.711193,10.48613,0.02469136,0.7283951,0.6666667,2.32708,0.6136082,1194857,442971.8,28323.73,73,2,1145233,71,13967360,,,
northrop-mall,ico-rhombus,haar-residual-d12,view-fill,fast,slow-turn,50,20,0.03,0.25,0.25,0,0,0.01234568,0.9876543,0.9876543,0.6148287,0.6136082,1166533,433026.2,0,71,0,1145233,71,13967360,,,
northrop-mall,ico-rhombus,haar-residual-d12,view-fill,moderate-mobile,slow-turn,10,50,0.07,0.5,0.5,0.08912846,7.082827,0.01234568,0.9753086,0.9753086,0.7039571,0.6136082,1192402,442943.4,25868.83,73,2,1145233,71,13967360,,,
northrop-mall,ico-rhombus,haar-residual-d12,view-fill,constrained-mobile,slow-turn,2,100,0.19,1.75,2,0.5145838,10.394,0.01234568,0.9135802,0.9012346,1.129412,0.6136082,1196887,438293.6,30354.02,74,3,1145233,71,13967360,,,
northrop-mall,ico-rhombus,haar-residual-d12,view-fill,very-constrained,slow-turn,0.75,150,0.38,4.25,6.25,1.68779,10.48613,0.02469136,0.7283951,0.6666667,2.303677,0.6136082,1237012,457127.4,70479.13,79,8,1145233,71,13967360,,,
northrop-mall,ico-rhombus,haar-residual-d12,global,fast,slow-turn,50,20,0.03,0.25,0.5,0.03732443,2.985955,0.01234568,0.9876543,0.9753086,0.6521531,0.6136082,1166533,433026.2,0,71,0,1145233,71,13967360,,,
northrop-mall,ico-rhombus,haar-residual-d12,global,moderate-mobile,slow-turn,10,50,0.07,0.75,1.5,0.2618987,8.295972,0.01234568,0.962963,0.9259259,0.8767274,0.6136082,1166533,433026.2,0,71,0,1145233,71,13967360,,,
northrop-mall,ico-rhombus,haar-residual-d12,global,constrained-mobile,slow-turn,2,100,0.19,2.5,3.5,0.9412161,10.394,0.01234568,0.8765432,0.8271605,1.556045,0.6136082,1166533,433026.2,0,71,0,1145233,71,13967360,,,
northrop-mall,ico-rhombus,haar-residual-d12,global,very-constrained,slow-turn,0.75,150,0.38,6.75,11.25,2.606766,10.48613,0.02469136,0.6666667,0.4444444,3.222653,0.6136082,1166533,433026.2,0,71,0,1145233,71,13967360,,,
northrop-mall,ico-rhombus,haar-residual-d12-p0.5,view,fast,slow-turn,50,20,0.03,0.25,0.25,0,0,0.01234568,0.9876543,0.9876543,1.384363,1.381808,1068099,395725,0,71,0,1046799,71,13967360,,,
northrop-mall,ico-rhombus,haar-residual-d12-p0.5,view,moderate-mobile,slow-turn,10,50,0.07,0.5,0.5,0.07137556,5.710045,0.01234568,0.9753086,0.9753086,1.455738,1.381808,1079987,400282.4,11888.11,72,1,1046799,71,13967360,,,
northrop-mall,ico-rhombus,haar-residual-d12-p0.5,view,constrained-mobile,slow-turn,2,100,0.16,1.5,1.75,0.4222287,9.75714,0.01234568,0.9259259,0.9135802,1.806591,1.381808,1070099,396471.6,2000,72,1,1046799,71,13967360,,,
northrop-mall,ico-rhombus,haar-residual-d12-p0.5,view,very-constrained,slow-turn,0.75,150,0.29,3,4.25,1.036156,9.844711,0.02469136,0.8518519,0.7530864,2.423051,1.381808,1068099,395725,0,72,1,1046799,71,13967360,,,
northrop-mall,ico-rhombus,jpeg-residual-q80,view,fast,slow-turn,50,20,0.03,0.25,0.25,0,0,0.01234568,0.9876543,0.9876543,1.363378,1.361009,864157,316730.8,0,71,0,842857,71,13967360,,,
northrop-mall,ico-rhombus,jpeg-residual-q80,view,moderate-mobile,slow-turn,10,50,0.06,0.5,0.5,0.06290758,5.032606,0.01234568,0.9753086,0.9753086,1.426286,1.361009,878378,322182.5,14221,72,1,842857,71,13967360,,,
northrop-mall,ico-rhombus,jpeg-residual-q80,view,constrained-mobile,slow-turn,2,100,0.12,1.25,1.5,0.3411847,9.810027,0.01234568,0.9382716,0.9259259,1.704563,1.361009,870999,316730.8,6842.036,73,2,842857,71,13967360,,,
northrop-mall,ico-rhombus,jpeg-residual-q80,view,very-constrained,slow-turn,0.75,150,0.2,3,3.75,0.9377203,10.10735,0.01234568,0.8518519,0.8148148,2.301098,1.361009,864157,316730.8,0,72,1,842857,71,13967360,,,
northrop-mall,ico-rhombus,jpeg-residual-q80,view-fill,fast,slow-turn,50,20,0.03,0.25,0.25,0,0,0.01234568,0.9876543,0.9876543,1.363378,1.361009,864157,316730.8,0,71,0,842857,71,13967360,,,
northrop-mall,ico-rhombus,jpeg-residual-q80,view-fill,moderate-mobile,slow-turn,10,50,0.06,0.5,0.5,0.06290758,5.032606,0.01234568,0.9753086,0.9753086,1.426286,1.361009,891416,325821.2,27259,73,2,842857,71,13967360,,,
northrop-mall,ico-rhombus,jpeg-residual-q80,view-fill,constrained-mobile,slow-turn,2,100,0.12,1.25,1.5,0.3383611,9.810027,0.01234568,0.9382716,0.9259259,1.701739,1.361009,878810.4,319701,14653.37,77,6,842857,71,13967360,,,
northrop-mall,ico-rhombus,jpeg-residual-q80,view-fill,very-constrained,slow-turn,0.75,150,0.2,3,3.75,0.93503,10.10735,0.01234568,0.8518519,0.8148148,2.298408,1.361009,874409.8,317080.7,10252.85,74,3,842857,71,13967360,,,
northrop-mall,ico-rhombus,jpeg-residual-q80,global,fast,slow-turn,50,20,0.03,0.5,0.5,0.03782666,3.026133,0.01234568,0.9753086,0.9753086,1.401205,1.361009,864157,316730.8,0,71,0,842857,71,13967360,,,
northrop-mall,ico-rhombus,jpeg-residual-q80,global,moderate-mobile,slow-turn,10,50,0.06,0.75,1.25,0.2018093,8.093351,0.01234568,0.962963,0.9382716,1.565187,1.361009,864157,316730.8,0,71,0,842857,71,13967360,,,
northrop-mall,ico-rhombus,jpeg-residual-q80,global,constrained-mobile,slow-turn,2,100,0.12,1.75,3,0.6812494,10.10735,0.01234568,0.9135802,0.8518519,2.044627,1.361009,864157,316730.8,0,71,0,842857,71,13967360,,,
northrop-mall,ico-rhombus,jpeg-residual-q80,global,very-constrained,slow-turn,0.75,150,0.2,4.25,7.5,1.64446,10.10735,0.01234568,0.7901235,0.6296296,3.007838,1.361009,864157,316730.8,0,71,0,842857,71,13967360,,,
northrop-mall,ico-rhombus,jpeg-replacement-q80,view,fast,slow-turn,50,20,0.03,0.25,0.25,0,0,0.01234568,0.9876543,0.9876543,1.393146,1.390674,1038256,376379.4,0,71,0,1016956,71,13967360,,,
northrop-mall,ico-rhombus,jpeg-replacement-q80,view,moderate-mobile,slow-turn,10,50,0.06,0.5,0.5,0.06265931,5.012745,0.01234568,0.9753086,0.9753086,1.455806,1.390674,1054266,382516.9,16009.67,72,1,1016956,71,13967360,,,
northrop-mall,ico-rhombus,jpeg-replacement-q80,view,constrained-mobile,slow-turn,2,100,0.12,1.5,1.75,0.4030704,10.08662,0.01234568,0.9259259,0.9135802,1.796217,1.390674,1038256,376379.4,0,72,1,1016956,71,13967360,,,
northrop-mall,ico-rhombus,jpeg-replacement-q80,view,very-constrained,slow-turn,0.75,150,0.2,3,4.25,1.116423,10.08662,0.01234568,0.8518519,0.7530864,2.509569,1.390674,1038256,376379.4,0,72,1,1016956,71,13967360,,,
northrop-mall,ico-rhombus,jpeg-replacement-q80,view-fill,fast,slow-turn,50,20,0.03,0.25,0.25,0,0,0.01234568,0.9876543,0.9876543,1.393146,1.390674,1038256,376379.4,0,71,0,1016956,71,13967360,,,
northrop-mall,ico-rhombus,jpeg-replacement-q80,view-fill,moderate-mobile,slow-turn,10,50,0.06,0.5,0.5,0.06265931,5.012745,0.01234568,0.9753086,0.9753086,1.455806,1.390674,1054266,382516.9,16009.67,73,2,1016956,71,13967360,,,
northrop-mall,ico-rhombus,jpeg-replacement-q80,view-fill,constrained-mobile,slow-turn,2,100,0.12,1.5,1.75,0.4004974,10.08662,0.01234568,0.9259259,0.9135802,1.793644,1.390674,1038256,376379.4,0,72,1,1016956,71,13967360,,,
northrop-mall,ico-rhombus,jpeg-replacement-q80,view-fill,very-constrained,slow-turn,0.75,150,0.2,3,4.25,1.082243,10.08662,0.01234568,0.8518519,0.7654321,2.475389,1.390674,1048553,380320,10297.47,77,6,1016956,71,13967360,,,
northrop-mall,ico-rhombus,jpeg-replacement-q80,view-direct,fast,slow-turn,50,20,0.03,0.25,0.25,0,0,0.01234568,0.9876543,0.9876543,1.393146,1.390674,763343,271357.1,0,41,0,1016956,71,10526720,,,
northrop-mall,ico-rhombus,jpeg-replacement-q80,view-direct,moderate-mobile,slow-turn,10,50,0.06,0.5,0.5,0.05747448,4.597959,0.01234568,0.9753086,0.9753086,1.450621,1.390674,763343,271357.1,0,42,1,1016956,71,10526720,,,
northrop-mall,ico-rhombus,jpeg-replacement-q80,view-direct,constrained-mobile,slow-turn,2,100,0.12,1.25,1.25,0.4380638,10.15429,0.01234568,0.9382716,0.9382716,1.83121,1.390674,763343,271357.1,0,41,0,1016956,71,10526720,,,
northrop-mall,ico-rhombus,jpeg-replacement-q80,view-direct,very-constrained,slow-turn,0.75,150,0.2,3.25,3.5,1.384782,10.15429,0.01234568,0.8395062,0.8271605,2.777928,1.390674,777405.5,271357.1,14062.5,42,1,1016956,71,10526720,,,
northrop-mall,ico-rhombus,jpeg-replacement-q80,global,fast,slow-turn,50,20,0.03,0.5,0.5,0.0377127,3.017016,0.01234568,0.9753086,0.9753086,1.430859,1.390674,1038256,376379.4,0,71,0,1016956,71,13967360,,,
northrop-mall,ico-rhombus,jpeg-replacement-q80,global,moderate-mobile,slow-turn,10,50,0.06,0.75,1.5,0.2566538,8.056369,0.01234568,0.962963,0.9259259,1.6498,1.390674,1038256,376379.4,0,71,0,1016956,71,13967360,,,
northrop-mall,ico-rhombus,jpeg-replacement-q80,global,constrained-mobile,slow-turn,2,100,0.12,2,3,0.711982,10.08662,0.01234568,0.9012346,0.8518519,2.105128,1.390674,1038256,376379.4,0,71,0,1016956,71,13967360,,,
northrop-mall,ico-rhombus,jpeg-replacement-q80,global,very-constrained,slow-turn,0.75,150,0.2,5.25,9,2.010639,10.08662,0.01234568,0.7283951,0.5432099,3.403785,1.390674,1038256,376379.4,0,71,0,1016956,71,13967360,,,
northrop-mall,ico-rhombus,jpeg-replacement-q80-whole,global,fast,slow-turn,50,20,0.03,0.5,0.5,0.03772087,3.01767,0.01234568,0.9753086,0.9753086,1.43008,1.389889,1023035,392916.5,0,41,0,1010735,41,13967360,,,
northrop-mall,ico-rhombus,jpeg-replacement-q80-whole,global,moderate-mobile,slow-turn,10,50,0.06,0.75,1.25,0.2315256,8.057122,0.01234568,0.962963,0.9382716,1.623885,1.389889,1023035,392916.5,0,41,0,1010735,41,13967360,,,
northrop-mall,ico-rhombus,jpeg-replacement-q80-whole,global,constrained-mobile,slow-turn,2,100,0.12,2.75,3.75,0.8577694,10.08737,0.01234568,0.8641975,0.8148148,2.250128,1.389889,1023035,392916.5,0,41,0,1010735,41,13967360,,,
northrop-mall,ico-rhombus,jpeg-replacement-q80-whole,global,very-constrained,slow-turn,0.75,150,0.2,5.75,11.25,2.366935,10.08737,0.01234568,0.6790123,0.4444444,3.759294,1.389889,1023035,392916.5,0,41,0,1010735,41,13967360,,,
northrop-mall,ico-rhombus,jpeg-replacement-q80-whole,view-direct,fast,slow-turn,50,20,0.03,0.25,0.25,0,0,0.01234568,0.9876543,0.9876543,1.392359,1.389889,748122,287894.2,0,11,0,1010735,41,10526720,,,
northrop-mall,ico-rhombus,jpeg-replacement-q80-whole,view-direct,moderate-mobile,slow-turn,10,50,0.06,0.5,0.5,0.1260921,10.08737,0.01234568,0.9753086,0.9753086,1.518451,1.389889,748122,287894.2,0,11,0,1010735,41,10526720,,,
northrop-mall,ico-rhombus,jpeg-replacement-q80-whole,view-direct,constrained-mobile,slow-turn,2,100,0.12,2,2,0.8039764,10.1549,0.01234568,0.9012346,0.9012346,2.196335,1.389889,748122,287894.2,0,11,0,1010735,41,10526720,,,
northrop-mall,ico-rhombus,jpeg-replacement-q80-whole,view-direct,very-constrained,slow-turn,0.75,150,0.2,6.75,7,2.992909,10.81241,0.01234568,0.6666667,0.6419753,4.385268,1.389889,748122,287894.2,0,11,0,1010735,41,10526720,,,
bookstore,ico-rhombus,haar-residual-d12,view,fast,slow-turn,50,20,0.03,0.25,0.25,0,0,0.01234568,0.9876543,0.9876543,2.078718,2.072939,455376,148080.2,0,71,0,434076,71,13967360,,,
bookstore,ico-rhombus,haar-residual-d12,view,moderate-mobile,slow-turn,10,50,0.07,0.5,0.5,0.0589292,4.714336,0.01234568,0.9753086,0.9753086,2.137647,2.072939,455376,148080.2,0,71,0,434076,71,13967360,,,
bookstore,ico-rhombus,haar-residual-d12,view,constrained-mobile,slow-turn,2,100,0.17,1,1,0.343353,14.54767,0.01234568,0.9506173,0.9506173,2.422071,2.072939,456876,148640.1,1500,72,1,434076,71,13967360,,,
bookstore,ico-rhombus,haar-residual-d12,view,very-constrained,slow-turn,0.75,150,0.34,2,2.25,0.8281155,14.61349,0.02469136,0.9012346,0.8765432,2.911889,2.072939,455376,148080.2,0,72,1,434076,71,13967360,,,
bookstore,ico-rhombus,haar-residual-d12,view-fill,fast,slow-turn,50,20,0.03,0.25,0.25,0,0,0.01234568,0.9876543,0.9876543,2.078718,2.072939,455376,148080.2,0,71,0,434076,71,13967360,,,
bookstore,ico-rhombus,haar-residual-d12,view-fill,moderate-mobile,slow-turn,10,50,0.07,0.5,0.5,0.0589292,4.714336,0.01234568,0.9753086,0.9753086,2.137647,2.072939,455376,148080.2,0,71,0,434076,71,13967360,,,
bookstore,ico-rhombus,haar-residual-d12,view-fill,constrained-mobile,slow-turn,2,100,0.17,1,1,0.3431961,14.54767,0.01234568,0.9506173,0.9506173,2.421914,2.072939,483751,158942.9,28375,75,4,434076,71,13967360,,,
bookstore,ico-rhombus,haar-residual-d12,view-fill,very-constrained,slow-turn,0.75,150,0.34,2,2.25,0.8234677,14.61349,0.02469136,0.9012346,0.8765432,2.907242,2.072939,473915.2,155176.1,18539.22,75,4,434076,71,13967360,,,
bookstore,ico-rhombus,haar-residual-d12,global,fast,slow-turn,50,20,0.03,0.25,0.5,0.03577444,2.861955,0.01234568,0.9876543,0.9753086,2.114492,2.072939,455376,148080.2,0,71,0,434076,71,13967360,,,
bookstore,ico-rhombus,haar-residual-d12,global,moderate-mobile,slow-turn,10,50,0.07,0.75,1,0.2191863,10.67412,0.01234568,0.962963,0.9506173,2.297904,2.072939,455376,148080.2,0,71,0,434076,71,13967360,,,
bookstore,ico-rhombus,haar-residual-d12,global,constrained-mobile,slow-turn,2,100,0.17,2,2.5,0.7848585,14.54767,0.01234568,0.9012346,0.8765432,2.863576,2.072939,455376,148080.2,0,71,0,434076,71,13967360,,,
bookstore,ico-rhombus,haar-residual-d12,global,very-constrained,slow-turn,0.75,150,0.34,4,4.75,1.610507,14.61349,0.02469136,0.8024691,0.7654321,3.694281,2.072939,455376,148080.2,0,71,0,434076,71,13967360,,,
bookstore,ico-rhombus,haar-residual-d12-p0.5,view,fast,slow-turn,50,20,0.03,0.25,0.25,0,0,0.01234568,0.9876543,0.9876543,4.713005,4.709531,390395,123540.7,0,71,0,369095,71,13967360,,,
bookstore,ico-rhombus,haar-residual-d12-p0.5,view,moderate-mobile,slow-turn,10,50,0.06,0.5,0.5,0.04120638,3.29651,0.01234568,0.9753086,0.9753086,4.754211,4.709531,390395,123540.7,0,71,0,369095,71,13967360,,,
bookstore,ico-rhombus,haar-residual-d12-p0.5,view,constrained-mobile,slow-turn,2,100,0.14,0.75,0.75,0.2445948,11.94173,0.01234568,0.962963,0.962963,4.9576,4.709531,390395,123540.7,0,72,1,369095,71,13967360,,,
bookstore,ico-rhombus,haar-residual-d12-p0.5,view,very-constrained,slow-turn,0.75,150,0.25,1.5,1.75,0.5588879,11.94173,0.01234568,0.9259259,0.9135802,5.271892,4.709531,390395,123540.7,0,72,1,369095,71,13967360,,,
bookstore,ico-rhombus,jpeg-residual-q80,view,fast,slow-turn,50,20,0.03,0.25,0.25,0,0,0.01234568,0.9876543,0.9876543,2.582772,2.576642,412848,139838.2,0,71,0,391548,71,13967360,,,
bookstore,ico-rhombus,jpeg-residual-q80,view,moderate-mobile,slow-turn,10,50,0.06,0.5,0.5,0.06637564,5.310051,0.01234568,0.9753086,0.9753086,2.649148,2.576642,412848,139838.2,0,71,0,391548,71,13967360,,,
bookstore,ico-rhombus,jpeg-residual-q80,view,constrained-mobile,slow-turn,2,100,0.12,0.75,1,0.2514836,11.98201,0.01234568,0.962963,0.9506173,2.834256,2.576642,412848,139838.2,0,72,1,391548,71,13967360,,,
bookstore,ico-rhombus,jpeg-residual-q80,view,very-constrained,slow-turn,0.75,150,0.19,1.75,2,0.6554788,14.3871,0.01234568,0.9135802,0.9012346,3.238251,2.576642,412848,139838.2,0,72,1,391548,71,13967360,,,
bookstore,ico-rhombus,jpeg-residual-q80,view-fill,fast,slow-turn,50,20,0.03,0.25,0.25,0,0,0.01234568,0.9876543,0.9876543,2.582772,2.576642,412848,139838.2,0,71,0,391548,71,13967360,,,
bookstore,ico-rhombus,jpeg-residual-q80,view-fill,moderate-mobile,slow-turn,10,50,0.06,0.5,0.5,0.06637564,5.310051,0.01234568,0.9753086,0.9753086,2.649148,2.576642,412848,139838.2,0,71,0,391548,71,13967360,,,
bookstore,ico-rhombus,jpeg-residual-q80,view-fill,constrained-mobile,slow-turn,2,100,0.12,0.75,1,0.2514836,11.98201,0.01234568,0.962963,0.9506173,2.834256,2.576642,420796,139838.2,7948,73,2,391548,71,13967360,,,
bookstore,ico-rhombus,jpeg-residual-q80,view-fill,very-constrained,slow-turn,0.75,150,0.19,1.75,2,0.6509459,14.3871,0.01234568,0.9135802,0.9012346,3.233718,2.576642,415560.3,140822.7,2712.25,74,3,391548,71,13967360,,,
bookstore,ico-rhombus,jpeg-residual-q80,global,fast,slow-turn,50,20,0.03,0.5,0.5,0.0408637,3.269096,0.01234568,0.9753086,0.9753086,2.623636,2.576642,412848,139838.2,0,71,0,391548,71,13967360,,,
bookstore,ico-rhombus,jpeg-residual-q80,global,moderate-mobile,slow-turn,10,50,0.06,0.75,1,0.2113835,10.76556,0.01234568,0.962963,0.9506173,2.794156,2.576642,412848,139838.2,0,71,0,391548,71,13967360,,,
bookstore,ico-rhombus,jpeg-residual-q80,global,constrained-mobile,slow-turn,2,100,0.12,2,2.25,0.6796691,14.2521,0.01234568,0.9012346,0.8888889,3.262441,2.576642,412848,139838.2,0,71,0,391548,71,13967360,,,
bookstore,ico-rhombus,jpeg-residual-q80,global,very-constrained,slow-turn,0.75,150,0.19,3.75,4,1.358471,14.3871,0.01234568,0.8148148,0.8024691,3.941243,2.576642,412848,139838.2,0,71,0,391548,71,13967360,,,
bookstore,ico-rhombus,jpeg-replacement-q80,view,fast,slow-turn,50,20,0.03,0.25,0.25,0,0,0.01234568,0.9876543,0.9876543,2.550329,2.544068,503912,163977,0,71,0,482612,71,13967360,,,
bookstore,ico-rhombus,jpeg-replacement-q80,view,moderate-mobile,slow-turn,10,50,0.06,0.5,0.5,0.06992145,5.593716,0.01234568,0.9753086,0.9753086,2.620251,2.544068,503912,163977,0,71,0,482612,71,13967360,,,
bookstore,ico-rhombus,jpeg-replacement-q80,view,constrained-mobile,slow-turn,2,100,0.12,1,1,0.3369902,14.40659,0.01234568,0.9506173,0.9506173,2.887319,2.544068,503912,163977,0,72,1,482612,71,13967360,,,
bookstore,ico-rhombus,jpeg-replacement-q80,view,very-constrained,slow-turn,0.75,150,0.19,2,2.25,0.7730778,14.40659,0.01234568,0.9012346,0.8888889,3.323407,2.544068,503912,163977,0,72,1,482612,71,13967360,,,
bookstore,ico-rhombus,jpeg-replacement-q80,view-fill,fast,slow-turn,50,20,0.03,0.25,0.25,0,0,0.01234568,0.9876543,0.9876543,2.550329,2.544068,503912,163977,0,71,0,482612,71,13967360,,,
bookstore,ico-rhombus,jpeg-replacement-q80,view-fill,moderate-mobile,slow-turn,10,50,0.06,0.5,0.5,0.06992145,5.593716,0.01234568,0.9753086,0.9753086,2.620251,2.544068,503912,163977,0,71,0,482612,71,13967360,,,
bookstore,ico-rhombus,jpeg-replacement-q80,view-fill,constrained-mobile,slow-turn,2,100,0.12,1,1,0.3369602,14.40659,0.01234568,0.9506173,0.9506173,2.887289,2.544068,512674.3,167336.1,8762.333,73,2,482612,71,13967360,,,
bookstore,ico-rhombus,jpeg-replacement-q80,view-fill,very-constrained,slow-turn,0.75,150,0.19,2,2.25,0.7647552,14.40659,0.01234568,0.9012346,0.8888889,3.315084,2.544068,515171.5,163977,11259.5,74,3,482612,71,13967360,,,
bookstore,ico-rhombus,jpeg-replacement-q80,view-direct,fast,slow-turn,50,20,0.03,0.25,0.25,0,0,0.01234568,0.9876543,0.9876543,2.550329,2.544068,340569,101634.1,0,41,0,482612,71,10526720,,,
bookstore,ico-rhombus,jpeg-replacement-q80,view-direct,moderate-mobile,slow-turn,10,50,0.06,0.25,0.25,0,0,0.01234568,0.9876543,0.9876543,2.550329,2.544068,340569,101634.1,0,41,0,482612,71,10526720,,,
bookstore,ico-rhombus,jpeg-replacement-q80,view-direct,constrained-mobile,slow-turn,2,100,0.12,0.75,0.75,0.3008455,14.40659,0.01234568,0.962963,0.962963,2.851175,2.544068,340569,101634.1,0,41,0,482612,71,10526720,,,
bookstore,ico-rhombus,jpeg-replacement-q80,view-direct,very-constrained,slow-turn,0.75,150,0.19,1.5,1.5,0.8631461,14.43274,0.01234568,0.9259259,0.9259259,3.413475,2.544068,340569,101634.1,0,41,0,482612,71,10526720,,,
bookstore,ico-rhombus,jpeg-replacement-q80,global,fast,slow-turn,50,20,0.03,0.5,0.5,0.04082255,3.265804,0.01234568,0.9753086,0.9753086,2.591152,2.544068,503912,163977,0,71,0,482612,71,13967360,,,
bookstore,ico-rhombus,jpeg-replacement-q80,global,moderate-mobile,slow-turn,10,50,0.06,0.75,1,0.209387,10.61785,0.01234568,0.962963,0.9506173,2.759716,2.544068,503912,163977,0,71,0,482612,71,13967360,,,
bookstore,ico-rhombus,jpeg-replacement-q80,global,constrained-mobile,slow-turn,2,100,0.12,2.25,2.75,0.7644093,14.40659,0.01234568,0.8888889,0.8641975,3.314738,2.544068,503912,163977,0,71,0,482612,71,13967360,,,
bookstore,ico-rhombus,jpeg-replacement-q80,global,very-constrained,slow-turn,0.75,150,0.19,4.5,5,1.630542,14.40659,0.01234568,0.7777778,0.7530864,4.180871,2.544068,503912,163977,0,71,0,482612,71,13967360,,,
bookstore,ico-rhombus,jpeg-replacement-q80-whole,global,fast,slow-turn,50,20,0.03,0.25,0.5,0.03656912,2.92553,0.01234568,0.9876543,0.9753086,2.585793,2.542963,487552,187066,0,41,0,475252,41,13967360,,,
bookstore,ico-rhombus,jpeg-replacement-q80-whole,global,moderate-mobile,slow-turn,10,50,0.06,0.75,0.75,0.1977287,10.61894,0.01234568,0.962963,0.962963,2.746953,2.542963,487552,187066,0,41,0,475252,41,13967360,,,
bookstore,ico-rhombus,jpeg-replacement-q80-whole,global,constrained-mobile,slow-turn,2,100,0.12,2.25,2.5,0.7736491,14.40767,0.01234568,0.8888889,0.8765432,3.322873,2.542963,487552,187066,0,41,0,475252,41,13967360,,,
bookstore,ico-rhombus,jpeg-replacement-q80-whole,global,very-constrained,slow-turn,0.75,150,0.19,5.5,5.75,1.861303,14.40767,0.01234568,0.7283951,0.7160494,4.410528,2.542963,487552,187066,0,41,0,475252,41,13967360,,,
bookstore,ico-rhombus,jpeg-replacement-q80-whole,view-direct,fast,slow-turn,50,20,0.03,0.25,0.25,0,0,0.01234568,0.9876543,0.9876543,2.549224,2.542963,324209,124723.1,0,11,0,475252,41,10526720,,,
bookstore,ico-rhombus,jpeg-replacement-q80-whole,view-direct,moderate-mobile,slow-turn,10,50,0.06,0.25,0.5,0.03102755,2.482204,0.01234568,0.9876543,0.9753086,2.580252,2.542963,324209,124723.1,0,11,0,475252,41,10526720,,,
bookstore,ico-rhombus,jpeg-replacement-q80-whole,view-direct,constrained-mobile,slow-turn,2,100,0.12,1,1,0.5452532,14.4336,0.01234568,0.9506173,0.9506173,3.094477,2.542963,324209,124723.1,0,11,0,475252,41,10526720,,,
bookstore,ico-rhombus,jpeg-replacement-q80-whole,view-direct,very-constrained,slow-turn,0.75,150,0.19,2.25,2.5,1.514761,15.09768,0.01234568,0.8888889,0.8641975,4.063985,2.542963,324209,124723.1,0,11,0,475252,41,10526720,,,
superblock,ico-rhombus,haar-residual-d12,view,fast,slow-turn,50,20,0.03,0.25,0.25,0,0,0.01234568,0.9876543,0.9876543,1.321829,1.325524,1430698,598580.6,0,71,0,1409398,71,13967360,,,
superblock,ico-rhombus,haar-residual-d12,view,moderate-mobile,slow-turn,10,50,0.07,0.5,0.5,0.09496776,7.498293,0.01234568,0.9753086,0.9753086,1.416796,1.325524,1430698,598580.6,0,72,1,1409398,71,13967360,,,
superblock,ico-rhombus,haar-residual-d12,view,constrained-mobile,slow-turn,2,100,0.2,1.5,1.75,0.5705373,11.8577,0.01234568,0.9259259,0.9135802,1.892366,1.325524,1430698,598580.6,0,72,1,1409398,71,13967360,,,
superblock,ico-rhombus,haar-residual-d12,view,very-constrained,slow-turn,0.75,150,0.4,9.5,12,3.330169,11.89232,0.02469136,0.4444444,0.3580247,4.648036,1.325524,1417324,574750.6,17884.19,71,1,1409398,71,13443072,,,
superblock,ico-rhombus,haar-residual-d12,view-fill,fast,slow-turn,50,20,0.03,0.25,0.25,0,0,0.01234568,0.9876543,0.9876543,1.321829,1.325524,1430698,598580.6,0,71,0,1409398,71,13967360,,,
superblock,ico-rhombus,haar-residual-d12,view-fill,moderate-mobile,slow-turn,10,50,0.07,0.5,0.5,0.09496776,7.498293,0.01234568,0.9753086,0.9753086,1.416796,1.325524,1438198,601455.8,7500,73,2,1409398,71,13967360,,,
superblock,ico-rhombus,haar-residual-d12,view-fill,constrained-mobile,slow-turn,2,100,0.2,1.5,1.75,0.5342672,11.8577,0.01234568,0.9259259,0.9135802,1.856096,1.325524,1479908,617432.6,49209.8,75,4,1409398,71,13967360,,,
superblock,ico-rhombus,haar-residual-d12,view-fill,very-constrained,slow-turn,0.75,150,0.4,9.5,12,3.336924,11.89232,0.02469136,0.4444444,0.3580247,4.654791,1.325524,1451082,607891,20384.19,73,2,1409398,71,13967360,,,
superblock,ico-rhombus,haar-residual-d12,global,fast,slow-turn,50,20,0.03,0.5,0.5,0.05194795,4.056682,0.01234568,0.9753086,0.9753086,1.373776,1.325524,1430698,598580.6,0,71,0,1409398,71,13967360,,,
superblock,ico-rhombus,haar-residual-d12,global,moderate-mobile,slow-turn,10,50,0.07,1.25,1.5,0.3559749,9.264112,0.01234568,0.9382716,0.9259259,1.677803,1.325524,1430698,598580.6,0,71,0,1409398,71,13967360,,,
superblock,ico-rhombus,haar-residual-d12,global,constrained-mobile,slow-turn,2,100,0.2,3.5,5,1.323363,11.8577,0.01234568,0.8271605,0.7530864,2.645191,1.325524,1430698,598580.6,0,71,0,1409398,71,13967360,,,
superblock,ico-rhombus,haar-residual-d12,global,very-constrained,slow-turn,0.75,150,0.4,10.75,15.5,3.933308,11.89232,0.02469136,0.4691358,0.2345679,5.251175,1.325524,1430698,598580.6,0,71,0,1409398,71,13967360,,,
superblock,ico-rhombus,haar-residual-d12-p0.5,view,fast,slow-turn,50,20,0.03,0.25,0.25,0,0,0.01234568,0.9876543,0.9876543,2.662072,2.671805,1295539,547255.9,0,71,0,1274239,71,13967360,,,
superblock,ico-rhombus,haar-residual-d12-p0.5,view,moderate-mobile,slow-turn,10,50,0.07,0.5,0.5,0.05961873,4.769498,0.01234568,0.9753086,0.9753086,2.72169,2.671805,1301789,549651.9,6250,72,1,1274239,71,13967360,,,
superblock,ico-rhombus,haar-residual-d12-p0.5,view,constrained-mobile,slow-turn,2,100,0.16,1,1.5,0.3724468,10.02683,0.01234568,0.9506173,0.9259259,3.034518,2.671805,1297539,548002.5,2000,72,1,1274239,71,13967360,,,
superblock,ico-rhombus,haar-residual-d12-p0.5,view,very-constrained,slow-turn,0.75,150,0.31,4.75,8.25,1.919122,10.05709,0.02469136,0.7160494,0.4938272,4.570596,2.671805,1312831,550864.9,22339.44,72,1,1274239,71,13705216,,,
superblock,ico-rhombus,jpeg-residual-q80,view,fast,slow-turn,50,20,0.03,0.25,0.25,0,0,0.01234568,0.9876543,0.9876543,2.610356,2.609638,959347,401139.6,0,71,0,938047,71,13967360,,,
superblock,ico-rhombus,jpeg-residual-q80,view,moderate-mobile,slow-turn,10,50,0.06,0.5,0.5,0.06759675,5.40774,0.01234568,0.9753086,0.9753086,2.677953,2.609638,972472,406171.2,13125,72,1,938047,71,13967360,,,
superblock,ico-rhombus,jpeg-residual-q80,view,constrained-mobile,slow-turn,2,100,0.12,1.25,1.25,0.3426551,11.85149,0.01234568,0.9382716,0.9382716,2.953011,2.609638,959347,401139.6,0,72,1,938047,71,13967360,,,
superblock,ico-rhombus,jpeg-residual-q80,view,very-constrained,slow-turn,0.75,150,0.2,2.75,3.75,1.169318,11.85149,0.01234568,0.8271605,0.7654321,3.779674,2.609638,959347,401139.6,0,72,1,938047,71,13967360,,,
superblock,ico-rhombus,jpeg-residual-q80,view-fill,fast,slow-turn,50,20,0.03,0.25,0.25,0,0,0.01234568,0.9876543,0.9876543,2.610356,2.609638,959347,401139.6,0,71,0,938047,71,13967360,,,
superblock,ico-rhombus,jpeg-residual-q80,view-fill,moderate-mobile,slow-turn,10,50,0.06,0.5,0.5,0.06759675,5.40774,0.01234568,0.9753086,0.9753086,2.677953,2.609638,972472,406171.2,13125,73,2,938047,71,13967360,,,
superblock,ico-rhombus,jpeg-residual-q80,view-fill,constrained-mobile,slow-turn,2,100,0.12,1.25,1.25,0.3366622,11.85149,0.01234568,0.9382716,0.9382716,2.947018,2.609638,963180.3,402597.2,3833.333,73,2,938047,71,13967360,,,
superblock,ico-rhombus,jpeg-residual-q80,view-fill,very-constrained,slow-turn,0.75,150,0.2,2.75,3.75,1.079122,11.85149,0.01234568,0.8271605,0.8024691,3.689478,2.609638,974503.3,404924.9,15156.25,79,8,938047,71,13967360,,,
superblock,ico-rhombus,jpeg-residual-q80,global,fast,slow-turn,50,20,0.03,0.5,0.5,0.04577567,3.662054,0.01234568,0.9753086,0.9753086,2.656132,2.609638,959347,401139.6,0,71,0,938047,71,13967360,,,
superblock,ico-rhombus,jpeg-residual-q80,global,moderate-mobile,slow-turn,10,50,0.06,1,1.25,0.2710749,9.284136,0.01234568,0.9506173,0.9382716,2.881431,2.609638,959347,401139.6,0,71,0,938047,71,13967360,,,
superblock,ico-rhombus,jpeg-residual-q80,global,constrained-mobile,slow-turn,2,100,0.12,2.75,3.25,0.8148407,11.85149,0.01234568,0.8641975,0.8395062,3.425197,2.609638,959347,401139.6,0,71,0,938047,71,13967360,,,
superblock,ico-rhombus,jpeg-residual-q80,global,very-constrained,slow-turn,0.75,150,0.2,5.25,9,2.030036,11.85149,0.01234568,0.7407407,0.5555556,4.640392,2.609638,959347,401139.6,0,71,0,938047,71,13967360,,,
superblock,ico-rhombus,jpeg-replacement-q80,view,fast,slow-turn,50,20,0.03,0.25,0.25,0,0,0.01234568,0.9876543,0.9876543,2.634467,2.633461,1165290,482804.7,0,71,0,1143990,71,13967360,,,
superblock,ico-rhombus,jpeg-replacement-q80,view,moderate-mobile,slow-turn,10,50,0.06,0.5,0.5,0.06768837,5.41507,0.01234568,0.9753086,0.9753086,2.702156,2.633461,1175707,486798,10416.67,72,1,1143990,71,13967360,,,
superblock,ico-rhombus,jpeg-replacement-q80,view,constrained-mobile,slow-turn,2,100,0.12,1.25,1.5,0.3754567,11.85796,0.01234568,0.9382716,0.9259259,3.009924,2.633461,1165290,482804.7,0,72,1,1143990,71,13967360,,,
superblock,ico-rhombus,jpeg-replacement-q80,view,very-constrained,slow-turn,0.75,150,0.2,4,6,1.592907,11.85796,0.01234568,0.7901235,0.6296296,4.227374,2.633461,1165290,482804.7,0,72,1,1143990,71,13967360,,,
superblock,ico-rhombus,jpeg-replacement-q80,view-fill,fast,slow-turn,50,20,0.03,0.25,0.25,0,0,0.01234568,0.9876543,0.9876543,2.634467,2.633461,1165290,482804.7,0,71,0,1143990,71,13967360,,,
superblock,ico-rhombus,jpeg-replacement-q80,view-fill,moderate-mobile,slow-turn,10,50,0.06,0.5,0.5,0.06768837,5.41507,0.01234568,0.9753086,0.9753086,2.702156,2.633461,1185598,489558.5,20308,73,2,1143990,71,13967360,,,
superblock,ico-rhombus,jpeg-replacement-q80,view-fill,constrained-mobile,slow-turn,2,100,0.12,1.25,1.5,0.3707658,11.85796,0.01234568,0.9382716,0.9259259,3.005233,2.633461,1200882,496449.4,35592.2,75,4,1143990,71,13967360,,,
superblock,ico-rhombus,jpeg-replacement-q80,view-fill,very-constrained,slow-turn,0.75,150,0.2,4,6,1.640677,11.85796,0.01234568,0.7901235,0.617284,4.275144,2.633461,1200493,495420.4,35203.13,78,7,1143990,71,13967360,,,
superblock,ico-rhombus,jpeg-replacement-q80,view-direct,fast,slow-turn,50,20,0.03,0.25,0.25,0,0,0.01234568,0.9876543,0.9876543,2.634467,2.633461,857186,365082.6,0,41,0,1143990,71,10526720,,,
superblock,ico-rhombus,jpeg-replacement-q80,view-direct,moderate-mobile,slow-turn,10,50,0.06,0.5,0.5,0.08123364,6.498692,0.01234568,0.9753086,0.9753086,2.715701,2.633461,857186,365082.6,0,41,0,1143990,71,10526720,,,
superblock,ico-rhombus,jpeg-replacement-q80,view-direct,constrained-mobile,slow-turn,2,100,0.12,0.75,1,0.3265431,11.85796,0.01234568,0.962963,0.9506173,2.96101,2.633461,857186,365082.6,0,41,0,1143990,71,10526720,,,
superblock,ico-rhombus,jpeg-replacement-q80,view-direct,very-constrained,slow-turn,0.75,150,0.2,3.5,3.5,1.746866,11.91437,0.01234568,0.8271605,0.7407407,4.381333,2.633461,894129,386348.7,36943.03,43,2,1143990,71,10526720,,,
superblock,ico-rhombus,jpeg-replacement-q80,global,fast,slow-turn,50,20,0.03,0.5,0.5,0.04592231,3.673785,0.01234568,0.9753086,0.9753086,2.68039,2.633461,1165290,482804.7,0,71,0,1143990,71,13967360,,,
superblock,ico-rhombus,jpeg-replacement-q80,global,moderate-mobile,slow-turn,10,50,0.06,1.25,1.5,0.3092327,9.27551,0.01234568,0.9382716,0.9259259,2.9437,2.633461,1165290,482804.7,0,71,0,1143990,71,13967360,,,
superblock,ico-rhombus,jpeg-replacement-q80,global,constrained-mobile,slow-turn,2,100,0.12,2.75,4,0.9617862,11.85796,0.01234568,0.8641975,0.8024691,3.596254,2.633461,1165290,482804.7,0,71,0,1143990,71,13967360,,,
superblock,ico-rhombus,jpeg-replacement-q80,global,very-constrained,slow-turn,0.75,150,0.2,6.25,11.75,2.530718,11.85796,0.01234568,0.691358,0.4197531,5.165185,2.633461,1165290,482804.7,0,71,0,1143990,71,13967360,,,
superblock,ico-rhombus,jpeg-replacement-q80-whole,global,fast,slow-turn,50,20,0.03,0.5,0.5,0.04593855,3.675084,0.01234568,0.9753086,0.9753086,2.679312,2.632362,1147011,440562.8,0,41,0,1134711,41,13967360,,,
superblock,ico-rhombus,jpeg-replacement-q80-whole,global,moderate-mobile,slow-turn,10,50,0.06,1,1.25,0.2721838,9.277066,0.01234568,0.9506173,0.9382716,2.905558,2.632362,1147011,440562.8,0,41,0,1134711,41,13967360,,,
superblock,ico-rhombus,jpeg-replacement-q80-whole,global,constrained-mobile,slow-turn,2,100,0.12,3.75,4,1.088619,11.85952,0.01234568,0.8148148,0.8024691,3.721993,2.632362,1147011,440562.8,0,41,0,1134711,41,13967360,,,
superblock,ico-rhombus,jpeg-replacement-q80-whole,global,very-constrained,slow-turn,0.75,150,0.2,10,12.5,3.077336,11.85952,0.01234568,0.5061728,0.382716,5.71071,2.632362,1147011,440562.8,0,41,0,1134711,41,13967360,,,
superblock,ico-rhombus,jpeg-replacement-q80-whole,view-direct,fast,slow-turn,50,20,0.03,0.25,0.25,0,0,0.01234568,0.9876543,0.9876543,2.633374,2.632362,838907,322840.7,0,11,0,1134711,41,10526720,,,
superblock,ico-rhombus,jpeg-replacement-q80-whole,view-direct,moderate-mobile,slow-turn,10,50,0.06,0.5,0.5,0.1482439,11.85952,0.01234568,0.9753086,0.9753086,2.781618,2.632362,838907,322840.7,0,11,0,1134711,41,10526720,,,
superblock,ico-rhombus,jpeg-replacement-q80-whole,view-direct,constrained-mobile,slow-turn,2,100,0.12,1.75,1.75,0.8691732,11.91653,0.01234568,0.9135802,0.9135802,3.502547,2.632362,838907,322840.7,0,11,0,1134711,41,10526720,,,
superblock,ico-rhombus,jpeg-replacement-q80-whole,view-direct,very-constrained,slow-turn,0.75,150,0.2,6.75,7.5,3.601547,11.91653,0.01234568,0.6419753,0.5925926,6.234921,2.632362,896875.8,345156.5,57968.75,12,1,1134711,41,10526720,,,
northrop-mall,ico-rhombus,haar-residual-d12,view,fast,quick-turn,50,20,0.03,0.25,0.25,0.150791,3.502561,0.02439024,0.9512195,0.9268293,0.6512513,0.5008386,1074701,600830.4,0,65,0,1145233,71,12394496,0,0.15,0.15
northrop-mall,ico-rhombus,haar-residual-d12,view,moderate-mobile,quick-turn,10,50,0.07,0.5,0.75,0.4753453,7.113141,0.02439024,0.902439,0.8780488,0.9758056,0.5008386,1074701,600830.4,0,65,0,1145233,71,12394496,0.00415283,0.15,0.15
northrop-mall,ico-rhombus,haar-residual-d12,view,constrained-mobile,quick-turn,2,100,0.19,2,4,2.1986,10.44554,0.02439024,0.6585366,0.6097561,2.699061,0.5008386,998239.5,539075.7,46464.45,61,4,1145233,71,10297344,7.456271,1.15,1.4
northrop-mall,ico-rhombus,haar-residual-d12,view,very-constrained,quick-turn,0.75,150,0.38,6,6.5,4.180818,10.44554,0.04878049,0.4146341,0.3658537,4.680881,0.5008386,677373,388951,95473,48,8,1145233,71,5840896,9.165101,3.4,3.9
northrop-mall,ico-rhombus,haar-residual-d12,view-fill,fast,quick-turn,50,20,0.03,0.25,0.25,0,0,0.02439024,0.9756098,0.9756098,0.5004603,0.5008386,1166533,692662.4,0,71,0,1145233,71,13967360,0,0.15,0.15
northrop-mall,ico-rhombus,haar-residual-d12,view-fill,moderate-mobile,quick-turn,10,50,0.07,0.5,0.75,0.2030029,7.113141,0.02439024,0.9512195,0.9268293,0.7034632,0.5008386,1166533,692662.4,0,71,0,1145233,71,13967360,0,0.15,0.15
northrop-mall,ico-rhombus,haar-residual-d12,view-fill,constrained-mobile,quick-turn,2,100,0.19,2,4,2.1986,10.44554,0.02439024,0.6585366,0.6097561,2.699061,0.5008386,1212997,732535.3,46464.45,75,4,1145233,71,13967360,7.456271,1.15,1.4
northrop-mall,ico-rhombus,haar-residual-d12,view-fill,very-constrained,quick-turn,0.75,150,0.38,6,6.5,4.180818,10.44554,0.04878049,0.4146341,0.3658537,4.680881,0.5008386,894873,500966.1,95473,65,8,1145233,71,8724480,9.165101,3.4,3.9
northrop-mall,ico-rhombus,haar-residual-d12,global,fast,quick-turn,50,20,0.03,0.5,0.5,0.07775485,3.110194,0.02439024,0.9512195,0.9512195,0.5782152,0.5008386,1166533,692662.4,0,71,0,1145233,71,13967360,0,0.15,0.15
northrop-mall,ico-rhombus,haar-residual-d12,global,moderate-mobile,quick-turn,10,50,0.07,1,1.5,0.5394155,8.401831,0.02439024,0.902439,0.8536585,1.039876,0.5008386,1166533,692662.4,0,71,0,1145233,71,13967360,0,0.15,0.15
northrop-mall,ico-rhombus,haar-residual-d12,global,constrained-mobile,quick-turn,2,100,0.19,3,4.5,2.19071,10.44554,0.02439024,0.7073171,0.5609756,2.69117,0.5008386,1166533,692662.4,0,71,0,1145233,71,13967360,4.019673,0.4,1.9
northrop-mall,ico-rhombus,haar-residual-d12,global,very-constrained,quick-turn,0.75,150,0.38,7.25,,5.330243,10.44554,0.04878049,0.2926829,0,5.830306,0.5008386,899278.5,511233.4,0,64,0,1145233,71,10559488,6.842113,4.65,
northrop-mall,ico-rhombus,haar-residual-d12-p0.5,view,fast,quick-turn,50,20,0.03,0.25,0.25,0.1299148,3.019113,0.02439024,0.9512195,0.9268293,1.356086,1.224982,976267,541651.5,0,65,0,1046799,71,12394496,0,0.15,0.15
northrop-mall,ico-rhombus,haar-residual-d12-p0.5,view,moderate-mobile,quick-turn,10,50,0.07,0.5,0.5,0.3578118,5.702954,0.02439024,0.902439,0.902439,1.583983,1.224982,976267,541651.5,0,65,0,1046799,71,12394496,0.00387287,0.15,0.15
northrop-mall,ico-rhombus,haar-residual-d12-p0.5,view,constrained-mobile,quick-turn,2,100,0.16,1.5,2,1.729141,9.80043,0.02439024,0.7317073,0.6585366,2.955311,1.224982,931844,507944.4,22183,62,2,1046799,71,11083776,6.799497,0.9,1.15
northrop-mall,ico-rhombus,haar-residual-d12-p0.5,view,very-constrained,quick-turn,0.75,150,0.29,5,6,3.275034,9.80043,0.04878049,0.5121951,0.4146341,4.502455,1.224982,630433.5,357338.5,82881.5,49,7,1046799,71,6365184,7.984432,2.4,3.4
northrop-mall,ico-rhombus,jpeg-residual-q80,view,fast,quick-turn,50,20,0.03,0.25,0.25,0.149693,3.575058,0.02439024,0.9512195,0.9268293,1.335533,1.18549,783118,427226.3,0,65,0,842857,71,12394496,0,0.15,0.15
northrop-mall,ico-rhombus,jpeg-residual-q80,view,moderate-mobile,quick-turn,10,50,0.06,0.5,0.5,0.3538745,5.281058,0.02439024,0.902439,0.902439,1.539715,1.18549,781302,425410.3,0,65,1,842857,71,12132352,0,0.15,0.15
northrop-mall,ico-rhombus,jpeg-residual-q80,view,constrained-mobile,quick-turn,2,100,0.12,1.5,1.5,1.35662,9.799574,0.02439024,0.7317073,0.7317073,2.54246,1.18549,744640.5,398021.9,8113.5,62,1,842857,71,11345920,5.78255,0.9,0.9
northrop-mall,ico-rhombus,jpeg-residual-q80,view,very-constrained,quick-turn,0.75,150,0.2,5,5.25,3.060889,10.16464,0.02439024,0.5121951,0.4878049,4.246729,1.18549,536219,293349.5,60801,54,9,842857,71,7151616,7.893601,2.4,2.65
northrop-mall,ico-rhombus,jpeg-residual-q80,view-fill,fast,quick-turn,50,20,0.03,0.25,0.25,0,0,0.02439024,0.9756098,0.9756098,1.18584,1.18549,864157,508265.3,0,71,0,842857,71,13967360,0,0.15,0.15
northrop-mall,ico-rhombus,jpeg-residual-q80,view-fill,moderate-mobile,quick-turn,10,50,0.06,0.5,0.5,0.1279363,5.117431,0.02439024,0.9512195,0.9512195,1.313777,1.18549,864157,508265.3,0,71,0,842857,71,13967360,0,0.15,0.15
northrop-mall,ico-rhombus,jpeg-residual-q80,view-fill,constrained-mobile,quick-turn,2,100,0.12,1.5,1.5,1.131725,9.799574,0.02439024,0.7804878,0.7560976,2.317565,1.18549,907052.3,524436.1,42895.33,76,5,842857,71,13967360,4.937473,0.65,0.65
northrop-mall,ico-rhombus,jpeg-residual-q80,view-fill,very-constrained,quick-turn,0.75,150,0.2,5,5.25,3.060889,10.16464,0.02439024,0.5121951,0.4878049,4.246729,1.18549,883094,529890.4,60801,80,9,842857,71,12918784,7.893601,2.4,2.65
northrop-mall,ico-rhombus,jpeg-residual-q80,global,fast,quick-turn,50,20,0.03,0.5,0.5,0.07886136,3.154454,0.02439024,0.9512195,0.9512195,1.264702,1.18549,864157,508265.3,0,71,0,842857,71,13967360,0,0.15,0.15
northrop-mall,ico-rhombus,jpeg-residual-q80,global,moderate-mobile,quick-turn,10,50,0.06,0.75,1.25,0.4084423,8.19051,0.02439024,0.9268293,0.8780488,1.594283,1.18549,864157,508265.3,0,71,0,842857,71,13967360,0,0.15,0.15
northrop-mall,ico-rhombus,jpeg-residual-q80,global,constrained-mobile,quick-turn,2,100,0.12,2.25,3.5,1.503505,10.16464,0.02439024,0.7804878,0.6585366,2.689345,1.18549,864157,508265.3,0,71,0,842857,71,13967360,2.843638,0.15,0.9
northrop-mall,ico-rhombus,jpeg-residual-q80,global,very-constrained,quick-turn,0.75,150,0.2,5,8.5,3.753503,10.16464,0.02439024,0.5121951,0.1707317,4.939343,1.18549,864157,508265.3,0,71,0,842857,71,13967360,5.758461,2.4,5.9
northrop-mall,ico-rhombus,jpeg-replacement-q80,view,fast,quick-turn,50,20,0.03,0.25,0.25,0.02233133,0.7482911,0.02439024,0.9756098,0.9756098,1.24167,1.218693,940106,509700.3,0,65,0,1016956,71,12394496,0,0.15,0.15
northrop-mall,ico-rhombus,jpeg-replacement-q80,view,moderate-mobile,quick-turn,10,50,0.06,0.5,0.5,0.3727153,5.271024,0.02439024,0.902439,0.902439,1.592054,1.218693,940106,509700.3,0,65,0,1016956,71,12394496,0,0.15,0.15
northrop-mall,ico-rhombus,jpeg-replacement-q80,view,constrained-mobile,quick-turn,2,100,0.12,1.5,2,1.701917,10.14325,0.02439024,0.7073171,0.6585366,2.921255,1.218693,880241.8,464173.8,27632.75,62,2,1016956,71,11083776,6.687587,1.15,1.15
northrop-mall,ico-rhombus,jpeg-replacement-q80,view,very-constrained,quick-turn,0.75,150,0.2,5.25,5.75,3.362277,10.14325,0.02439024,0.4878049,0.4390244,4.581616,1.218693,600250.2,332473.3,29103.23,51,6,1016956,71,7151616,8.534517,2.65,3.15
northrop-mall,ico-rhombus,jpeg-replacement-q80,view-fill,fast,quick-turn,50,20,0.03,0.25,0.25,0,0,0.02439024,0.9756098,0.9756098,1.219339,1.218693,1038256,607850.3,0,71,0,1016956,71,13967360,0,0.15,0.15
northrop-mall,ico-rhombus,jpeg-replacement-q80,view-fill,moderate-mobile,quick-turn,10,50,0.06,0.5,0.5,0.1290576,5.094971,0.02439024,0.9512195,0.9512195,1.348396,1.218693,1038256,607850.3,0,71,0,1016956,71,13967360,0,0.15,0.15
northrop-mall,ico-rhombus,jpeg-replacement-q80,view-fill,constrained-mobile,quick-turn,2,100,0.12,1.5,2,1.595122,10.14325,0.02439024,0.7317073,0.6585366,2.814461,1.218693,1064758,616488.8,26502,80,9,1016956,71,13967360,6.517778,0.9,1.15
northrop-mall,ico-rhombus,jpeg-replacement-q80,view-fill,very-constrained,quick-turn,0.75,150,0.2,5.25,5.75,3.362277,10.14325,0.02439024,0.4878049,0.4390244,4.581616,1.218693,882437.7,504518.9,29103.23,74,6,1016956,71,11608064,8.534517,2.65,3.15
northrop-mall,ico-rhombus,jpeg-replacement-q80,view-direct,fast,quick-turn,50,20,0.03,0.25,0.25,0.1209213,3.722645,0.02439024,0.9512195,0.9268293,1.34026,1.218693,665193,344220.5,0,35,0,1016956,71,8953856,0,0.15,0.15
northrop-mall,ico-rhombus,jpeg-replacement-q80,view-direct,moderate-mobile,quick-turn,10,50,0.06,0.5,0.5,0.4052775,6.212194,0.02439024,0.902439,0.902439,1.624616,1.218693,665193,344220.5,0,35,0,1016956,71,8953856,0,0.15,0.15
northrop-mall,ico-rhombus,jpeg-replacement-q80,view-direct,constrained-mobile,quick-turn,2,100,0.12,1.25,1.25,1.859125,10.22785,0.02439024,0.7560976,0.7560976,3.078464,1.218693,621881.9,311047,44185.89,34,4,1016956,71,7643136,9.652188,0.9,0.9
northrop-mall,ico-rhombus,jpeg-replacement-q80,view-direct,very-constrained,quick-turn,0.75,150,0.2,5.25,5.5,4.501407,10.22785,0.02439024,0.4878049,0.4634146,5.720746,1.218693,499279.5,232917.7,55460.5,32,11,1016956,71,5283840,9.91643,2.65,2.9
northrop-mall,ico-rhombus,jpeg-replacement-q80,global,fast,quick-turn,50,20,0.03,0.5,0.5,0.07864531,3.145812,0.02439024,0.9512195,0.9512195,1.297984,1.218693,1038256,607850.3,0,71,0,1016956,71,13967360,0,0.15,0.15
northrop-mall,ico-rhombus,jpeg-replacement-q80,global,moderate-mobile,quick-turn,10,50,0.06,1,1.5,0.531283,8.151284,0.02439024,0.902439,0.8536585,1.750622,1.218693,1038256,607850.3,0,71,0,1016956,71,13967360,0,0.15,0.15
northrop-mall,ico-rhombus,jpeg-replacement-q80,global,constrained-mobile,quick-turn,2,100,0.12,2.25,4.25,1.686207,10.14325,0.02439024,0.7804878,0.5853659,2.905546,1.218693,1038256,607850.3,0,71,0,1016956,71,13967360,2.817416,0.15,1.65
northrop-mall,ico-rhombus,jpeg-replacement-q80,global,very-constrained,quick-turn,0.75,150,0.2,5.75,10,4.375802,10.14325,0.02439024,0.4390244,0.02439024,5.595141,1.218693,893862,525445.3,0,68,0,1016956,71,11608064,5.724575,3.15,7.4
northrop-mall,ico-rhombus,jpeg-replacement-q80-whole,global,fast,quick-turn,50,20,0.03,0.5,0.5,0.07865818,3.146327,0.02439024,0.9512195,0.9512195,1.297396,1.218093,1023035,615842.7,0,41,0,1010735,41,13967360,0,0.15,0.15
northrop-mall,ico-rhombus,jpeg-replacement-q80-whole,global,moderate-mobile,quick-turn,10,50,0.06,1,1.25,0.4760846,8.151857,0.02439024,0.902439,0.8780488,1.694823,1.218093,1023035,615842.7,0,41,0,1010735,41,13967360,0,0.15,0.15
northrop-mall,ico-rhombus,jpeg-replacement-q80-whole,global,constrained-mobile,quick-turn,2,100,0.12,3,4.5,1.964123,10.14382,0.02439024,0.7073171,0.5609756,3.182861,1.218093,1023035,615842.7,0,41,0,1010735,41,13967360,4.132611,0.4,1.9
northrop-mall,ico-rhombus,jpeg-replacement-q80-whole,global,very-constrained,quick-turn,0.75,150,0.2,7.25,,4.769533,10.14382,0.02439024,0.2926829,0,5.988271,1.218093,893862,535459.5,0,41,0,1010735,41,9773056,5.725182,4.65,
northrop-mall,ico-rhombus,jpeg-replacement-q80-whole,view-direct,fast,quick-turn,50,20,0.03,0.25,0.25,0,0,0.02439024,0.9756098,0.9756098,1.218738,1.218093,748122,450362.9,0,11,0,1010735,41,10526720,0,0.15,0.15
northrop-mall,ico-rhombus,jpeg-replacement-q80-whole,view-direct,moderate-mobile,quick-turn,10,50,0.06,0.5,0.5,0.4570215,10.14382,0.02439024,0.902439,0.902439,1.675759,1.218093,748122,450362.9,0,11,0,1010735,41,10526720,0,0.15,0.15
northrop-mall,ico-rhombus,jpeg-replacement-q80-whole,view-direct,constrained-mobile,quick-turn,2,100,0.12,2,2,2.876022,10.22836,0.02439024,0.6585366,0.6585366,4.09476,1.218093,748122,450362.9,0,11,0,1010735,41,10526720,9.891589,1.15,1.15
northrop-mall,ico-rhombus,jpeg-replacement-q80-whole,view-direct,very-constrained,quick-turn,0.75,150,0.2,6.75,6.75,6.287445,10.74139,0.02439024,0.3414634,0.3414634,7.506183,1.218093,593887.4,382792.8,155859.4,11,4,1010735,41,6332416,9.917037,4.15,4.15
bookstore,ico-rhombus,haar-residual-d12,view,fast,quick-turn,50,20,0.03,0.25,0.25,0.2284293,7.206096,0.02439024,0.9512195,0.9268293,2.182357,1.945554,422125,228954,0,65,0,434076,71,12394496,0,0.15,0.15
bookstore,ico-rhombus,haar-residual-d12,view,moderate-mobile,quick-turn,10,50,0.07,0.5,0.5,0.426803,9.887764,0.02439024,0.9268293,0.902439,2.38073,1.945554,422125,228954,0,65,0,434076,71,12394496,0,0.15,0.15
bookstore,ico-rhombus,haar-residual-d12,view,constrained-mobile,quick-turn,2,100,0.17,1,1.25,1.44543,14.60508,0.02439024,0.8292683,0.7804878,3.399357,1.945554,402471,217322.5,0,63,1,434076,71,11608064,5.433789,0.4,0.65
bookstore,ico-rhombus,haar-residual-d12,view,very-constrained,quick-turn,0.75,150,0.34,3.75,4.25,3.227829,14.60508,0.04878049,0.6341463,0.5853659,5.190559,1.945554,361333.8,192747.1,9687.75,58,4,434076,71,9510912,10.98192,1.15,1.65
bookstore,ico-rhombus,haar-residual-d12,view-fill,fast,quick-turn,50,20,0.03,0.25,0.25,0,0,0.02439024,0.9756098,0.9756098,1.953927,1.945554,455376,262205,0,71,0,434076,71,13967360,0,0.15,0.15
bookstore,ico-rhombus,haar-residual-d12,view-fill,moderate-mobile,quick-turn,10,50,0.07,0.5,0.5,0.1125337,4.501347,0.02439024,0.9512195,0.9512195,2.066461,1.945554,455376,262205,0,71,0,434076,71,13967360,0,0.15,0.15
bookstore,ico-rhombus,haar-residual-d12,view-fill,constrained-mobile,quick-turn,2,100,0.17,1,1.25,0.8292808,14.60508,0.02439024,0.902439,0.8536585,2.783208,1.945554,455376,262205,0,71,0,434076,71,13967360,0,0.15,0.15
bookstore,ico-rhombus,haar-residual-d12,view-fill,very-constrained,quick-turn,0.75,150,0.34,3.75,4.25,3.227829,14.60508,0.04878049,0.6341463,0.5853659,5.190559,1.945554,465063.8,262205,9687.75,75,4,434076,71,13967360,10.98192,1.15,1.65
bookstore,ico-rhombus,haar-residual-d12,global,fast,quick-turn,50,20,0.03,0.5,0.5,0.07580289,3.032116,0.02439024,0.9512195,0.9512195,2.02973,1.945554,455376,262205,0,71,0,434076,71,13967360,0,0.15,0.15
bookstore,ico-rhombus,haar-residual-d12,global,moderate-mobile,quick-turn,10,50,0.07,0.75,1,0.4449356,10.80467,0.02439024,0.9268293,0.902439,2.398863,1.945554,455376,262205,0,71,0,434076,71,13967360,0,0.15,0.15
bookstore,ico-rhombus,haar-residual-d12,global,constrained-mobile,quick-turn,2,100,0.17,1.75,2.25,1.545814,14.60508,0.02439024,0.8292683,0.7804878,3.499742,1.945554,455376,262205,0,71,0,434076,71,13967360,0,0.15,0.15
bookstore,ico-rhombus,haar-residual-d12,global,very-constrained,quick-turn,0.75,150,0.34,4.75,4.75,3.342577,14.60508,0.04878049,0.5365854,0.5365854,5.305306,1.945554,455376,262205,0,71,0,434076,71,13967360,7.548468,2.15,2.15
bookstore,ico-rhombus,haar-residual-d12-p0.5,view,fast,quick-turn,50,20,0.03,0.25,0.25,0.1574548,5.308633,0.02439024,0.9512195,0.9512195,4.770211,4.608338,357144,189337.9,0,65,0,369095,71,12394496,0,0.15,0.15
bookstore,ico-rhombus,haar-residual-d12-p0.5,view,moderate-mobile,quick-turn,10,50,0.06,0.5,0.5,0.3058944,7.735487,0.02439024,0.9268293,0.902439,4.918651,4.608338,357144,189337.9,0,65,0,369095,71,12394496,0,0.15,0.15
bookstore,ico-rhombus,haar-residual-d12-p0.5,view,constrained-mobile,quick-turn,2,100,0.14,0.75,1,1.04107,11.8268,0.02439024,0.8780488,0.8292683,5.653827,4.608338,337490,177706.3,0,62,0,369095,71,11608064,2.924008,0.15,0.4
bookstore,ico-rhombus,haar-residual-d12-p0.5,view,very-constrained,quick-turn,0.75,150,0.25,1.25,4,2.131462,11.8268,0.02439024,0.7560976,0.6097561,6.744218,4.608338,320546.9,171135,9399.917,62,4,369095,71,10559488,6.908513,0.9,1.4
bookstore,ico-rhombus,jpeg-residual-q80,view,fast,quick-turn,50,20,0.03,0.25,0.25,0.2369512,7.019929,0.02439024,0.9512195,0.9268293,2.723209,2.4765,371936,200330.9,0,65,0,391548,71,12394496,0,0.15,0.15
bookstore,ico-rhombus,jpeg-residual-q80,view,moderate-mobile,quick-turn,10,50,0.06,0.5,0.5,0.4533349,9.583378,0.02439024,0.902439,0.902439,2.939593,2.4765,371936,200330.9,0,65,0,391548,71,12394496,0,0.15,0.15
bookstore,ico-rhombus,jpeg-residual-q80,view,constrained-mobile,quick-turn,2,100,0.12,1,1,1.118547,12.20323,0.02439024,0.8292683,0.8292683,3.604805,2.4765,349044,186595.3,0,63,1,391548,71,11608064,3.428474,0.4,0.4
bookstore,ico-rhombus,jpeg-residual-q80,view,very-constrained,quick-turn,0.75,150,0.19,1.75,2,2.546032,14.61596,0.02439024,0.6829268,0.6341463,5.03229,2.4765,328616.6,177580.2,9632.583,62,3,391548,71,10821632,8.816655,1.15,1.4
bookstore,ico-rhombus,jpeg-residual-q80,view-fill,fast,quick-turn,50,20,0.03,0.25,0.25,0,0,0.02439024,0.9756098,0.9756098,2.486258,2.4765,412848,241242.9,0,71,0,391548,71,13967360,0,0.15,0.15
bookstore,ico-rhombus,jpeg-residual-q80,view-fill,moderate-mobile,quick-turn,10,50,0.06,0.5,0.5,0.1311684,5.246736,0.02439024,0.9512195,0.9512195,2.617426,2.4765,412848,241242.9,0,71,0,391548,71,13967360,0,0.15,0.15
bookstore,ico-rhombus,jpeg-residual-q80,view-fill,constrained-mobile,quick-turn,2,100,0.12,1,1,0.5202494,12.20323,0.02439024,0.902439,0.902439,3.006507,2.4765,412848,241242.9,0,71,0,391548,71,13967360,0,0.15,0.15
bookstore,ico-rhombus,jpeg-residual-q80,view-fill,very-constrained,quick-turn,0.75,150,0.19,1.75,2,2.480575,14.61596,0.02439024,0.6829268,0.6341463,4.966833,2.4765,423316.8,244261.6,10468.75,79,8,391548,71,13967360,8.816655,1.15,1.4
bookstore,ico-rhombus,jpeg-residual-q80,global,fast,quick-turn,50,20,0.03,0.5,0.5,0.08875481,3.550192,0.02439024,0.9512195,0.9512195,2.575013,2.4765,412848,241242.9,0,71,0,391548,71,13967360,0,0.15,0.15
bookstore,ico-rhombus,jpeg-residual-q80,global,moderate-mobile,quick-turn,10,50,0.06,1,1,0.4467977,11.03936,0.02439024,0.902439,0.902439,2.933056,2.4765,412848,241242.9,0,71,0,391548,71,13967360,0,0.15,0.15
bookstore,ico-rhombus,jpeg-residual-q80,global,constrained-mobile,quick-turn,2,100,0.12,2.25,2.25,1.401234,14.46942,0.02439024,0.7804878,0.7804878,3.887492,2.4765,412848,241242.9,0,71,0,391548,71,13967360,0,0.15,0.15
bookstore,ico-rhombus,jpeg-residual-q80,global,very-constrained,quick-turn,0.75,150,0.19,4.5,4.5,3.041799,14.61596,0.02439024,0.5609756,0.5609756,5.528056,2.4765,412848,241242.9,0,71,0,391548,71,13967360,5.107965,1.9,1.9
bookstore,ico-rhombus,jpeg-replacement-q80,view,fast,quick-turn,50,20,0.03,0.25,0.25,0.03799391,1.513247,0.02439024,0.9756098,0.9512195,2.496028,2.447915,454296,239699.4,0,65,0,482612,71,12394496,0,0.15,0.15
bookstore,ico-rhombus,jpeg-replacement-q80,view,moderate-mobile,quick-turn,10,50,0.06,0.5,0.5,0.4626433,9.572424,0.02439024,0.902439,0.902439,2.920678,2.447915,454296,239699.4,0,65,0,482612,71,12394496,0,0.15,0.15
bookstore,ico-rhombus,jpeg-replacement-q80,view,constrained-mobile,quick-turn,2,100,0.12,1,1.25,1.513494,14.65901,0.02439024,0.8292683,0.7804878,3.971528,2.447915,422725,216283.9,9308,62,1,482612,71,11345920,5.135618,0.4,0.65
bookstore,ico-rhombus,jpeg-replacement-q80,view,very-constrained,quick-turn,0.75,150,0.19,2,4.25,2.998022,14.65901,0.02439024,0.6585366,0.5853659,5.456056,2.447915,377054,192454.9,31405,59,6,482612,71,9248768,9.538054,1.15,1.65
bookstore,ico-rhombus,jpeg-replacement-q80,view-fill,fast,quick-turn,50,20,0.03,0.25,0.25,0,0,0.02439024,0.9756098,0.9756098,2.458034,2.447915,503912,289315.4,0,71,0,482612,71,13967360,0,0.15,0.15
bookstore,ico-rhombus,jpeg-replacement-q80,view-fill,moderate-mobile,quick-turn,10,50,0.06,0.5,0.5,0.1402076,5.608304,0.02439024,0.9512195,0.9512195,2.598242,2.447915,503912,289315.4,0,71,0,482612,71,13967360,0,0.15,0.15
bookstore,ico-rhombus,jpeg-replacement-q80,view-fill,constrained-mobile,quick-turn,2,100,0.12,1,1.25,0.8724732,14.65901,0.02439024,0.902439,0.8536585,3.330508,2.447915,517745.3,303148.7,13833.33,72,1,482612,71,13967360,0,0.15,0.15
bookstore,ico-rhombus,jpeg-replacement-q80,view-fill,very-constrained,quick-turn,0.75,150,0.19,2,4.25,2.998022,14.65901,0.02439024,0.6585366,0.5853659,5.456056,2.447915,535317,302426.5,31405,77,6,482612,71,13967360,9.538054,1.15,1.65
bookstore,ico-rhombus,jpeg-replacement-q80,view-direct,fast,quick-turn,50,20,0.03,0.25,0.25,0.1905052,7.4864,0.02439024,0.9512195,0.9512195,2.64854,2.447915,290953,140989.3,0,35,0,482612,71,8953856,0,0.15,0.15
bookstore,ico-rhombus,jpeg-replacement-q80,view-direct,moderate-mobile,quick-turn,10,50,0.06,0.25,0.25,0.4053795,11.89865,0.02439024,0.9268293,0.9268293,2.863414,2.447915,290953,140989.3,0,35,0,482612,71,8953856,0,0.15,0.15
bookstore,ico-rhombus,jpeg-replacement-q80,view-direct,constrained-mobile,quick-turn,2,100,0.12,0.75,0.75,1.437209,14.93026,0.02439024,0.8536585,0.8536585,3.895243,2.447915,274420.2,129254.7,33201.2,34,4,482612,71,7643136,4.890557,0.4,0.4
bookstore,ico-rhombus,jpeg-replacement-q80,view-direct,very-constrained,quick-turn,0.75,150,0.19,1.5,1.5,3.266145,14.93026,0.02439024,0.7317073,0.7317073,5.72418,2.447915,240142.4,116083.6,15234.38,34,5,482612,71,7380992,14.37402,0.9,0.9
bookstore,ico-rhombus,jpeg-replacement-q80,global,fast,quick-turn,50,20,0.03,0.5,0.5,0.08890481,3.556192,0.02439024,0.9512195,0.9512195,2.546939,2.447915,503912,289315.4,0,71,0,482612,71,13967360,0,0.15,0.15
bookstore,ico-rhombus,jpeg-replacement-q80,global,moderate-mobile,quick-turn,10,50,0.06,1,1,0.4436565,10.898,0.02439024,0.902439,0.902439,2.901691,2.447915,503912,289315.4,0,71,0,482612,71,13967360,0,0.15,0.15
bookstore,ico-rhombus,jpeg-replacement-q80,global,constrained-mobile,quick-turn,2,100,0.12,2.25,2.25,1.449357,14.65901,0.02439024,0.7804878,0.7804878,3.907392,2.447915,503912,289315.4,0,71,0,482612,71,13967360,0,0.15,0.15
bookstore,ico-rhombus,jpeg-replacement-q80,global,very-constrained,quick-turn,0.75,150,0.19,5.25,5.5,3.573859,14.65901,0.02439024,0.4878049,0.4634146,6.031893,2.447915,503912,289315.4,0,71,0,482612,71,13967360,5.135443,2.65,2.9
bookstore,ico-rhombus,jpeg-replacement-q80-whole,global,fast,quick-turn,50,20,0.03,0.5,0.5,0.08232118,3.292847,0.02439024,0.9512195,0.9512195,2.539722,2.44727,487552,295778.4,0,41,0,475252,41,13967360,0,0.15,0.15
bookstore,ico-rhombus,jpeg-replacement-q80-whole,global,moderate-mobile,quick-turn,10,50,0.06,0.75,0.75,0.4039883,10.89911,0.02439024,0.9268293,0.9268293,2.861389,2.44727,487552,295778.4,0,41,0,475252,41,13967360,0,0.15,0.15
bookstore,ico-rhombus,jpeg-replacement-q80-whole,global,constrained-mobile,quick-turn,2,100,0.12,2.25,2.25,1.496307,14.66012,0.02439024,0.7804878,0.7804878,3.953707,2.44727,487552,295778.4,0,41,0,475252,41,13967360,0,0.15,0.15
bookstore,ico-rhombus,jpeg-replacement-q80-whole,global,very-constrained,quick-turn,0.75,150,0.19,5.75,5.75,3.810035,14.66012,0.02439024,0.4390244,0.4390244,6.267435,2.44727,487552,295778.4,0,41,0,475252,41,13967360,5.135929,3.15,3.15
bookstore,ico-rhombus,jpeg-replacement-q80-whole,view-direct,fast,quick-turn,50,20,0.03,0.25,0.25,0,0,0.02439024,0.9756098,0.9756098,2.4574,2.44727,324209,197068.3,0,11,0,475252,41,10526720,0,0.15,0.15
bookstore,ico-rhombus,jpeg-replacement-q80-whole,view-direct,moderate-mobile,quick-turn,10,50,0.06,0.25,0.25,0.317358,9.384309,0.02439024,0.9268293,0.9268293,2.774758,2.44727,324209,197068.3,0,11,0,475252,41,10526720,0,0.15,0.15
bookstore,ico-rhombus,jpeg-replacement-q80-whole,view-direct,constrained-mobile,quick-turn,2,100,0.12,1,1,2.059508,14.93098,0.02439024,0.8292683,0.8292683,4.516909,2.44727,324209,197068.3,0,11,0,475252,41,10526720,14.37376,0.4,0.4
bookstore,ico-rhombus,jpeg-replacement-q80-whole,view-direct,very-constrained,quick-turn,0.75,150,0.19,2,2,5.240611,14.93098,0.02439024,0.6097561,0.6097561,7.698011,2.44727,324209,197068.3,0,11,0,475252,41,10526720,14.37486,1.65,1.65
superblock,ico-rhombus,haar-residual-d12,view,fast,quick-turn,50,20,0.03,0.25,0.25,0.207725,7.183647,0.02439024,0.9512195,0.9268293,1.329787,1.134236,1290625,794450.4,0,65,0,1409398,71,12394496,0,0.15,0.15
superblock,ico-rhombus,haar-residual-d12,view,moderate-mobile,quick-turn,10,50,0.07,0.5,0.5,0.6551569,8.427771,0.02439024,0.902439,0.8780488,1.777219,1.134236,1257879,764650.5,23071,64,1,1409398,71,11870208,2.653118,0.15,0.4
superblock,ico-rhombus,haar-residual-d12,view,constrained-mobile,quick-turn,2,100,0.2,1.75,2,2.794986,11.78522,0.02439024,0.6341463,0.5853659,3.917049,1.134236,1168557,708291.4,44719.83,62,4,1409398,71,10559488,9.436086,1.65,1.9
superblock,ico-rhombus,haar-residual-d12,view,very-constrained,quick-turn,0.75,150,0.4,7.5,7.75,5.626062,11.78522,0.04878049,0.2682927,0.2439024,6.735326,1.134236,842939.9,515796.1,80173.88,48,8,1409398,71,5840896,9.829089,4.9,5.15
superblock,ico-rhombus,haar-residual-d12,view-fill,fast,quick-turn,50,20,0.03,0.25,0.25,0,0,0.02439024,0.9756098,0.9756098,1.122062,1.134236,1430698,934523.4,0,71,0,1409398,71,13967360,0,0.15,0.15
superblock,ico-rhombus,haar-residual-d12,view-fill,moderate-mobile,quick-turn,10,50,0.07,0.5,0.5,0.1905457,7.50253,0.02439024,0.9512195,0.9512195,1.312608,1.134236,1430698,934523.4,0,71,0,1409398,71,13967360,0,0.15,0.15
superblock,ico-rhombus,haar-residual-d12,view-fill,constrained-mobile,quick-turn,2,100,0.2,1.75,2,2.794986,11.78522,0.02439024,0.6341463,0.5853659,3.917049,1.134236,1475418,958227.2,44719.83,75,4,1409398,71,13967360,9.436086,1.65,1.9
superblock,ico-rhombus,haar-residual-d12,view-fill,very-constrained,quick-turn,0.75,150,0.4,7.5,7.75,5.626062,11.78522,0.04878049,0.2682927,0.2439024,6.735326,1.134236,888877.4,545766.6,80173.88,54,8,1409398,71,5840896,9.829089,4.9,5.15
superblock,ico-rhombus,haar-residual-d12,global,fast,quick-turn,50,20,0.03,0.5,0.5,0.1051508,4.096498,0.02439024,0.9512195,0.9512195,1.227213,1.134236,1430698,934523.4,0,71,0,1409398,71,13967360,0,0.15,0.15
superblock,ico-rhombus,haar-residual-d12,global,moderate-mobile,quick-turn,10,50,0.07,1.25,1.5,0.7299157,9.377933,0.02439024,0.8780488,0.8536585,1.851978,1.134236,1430698,934523.4,0,71,0,1409398,71,13967360,0,0.15,0.15
superblock,ico-rhombus,haar-residual-d12,global,constrained-mobile,quick-turn,2,100,0.2,4,5.5,2.963169,11.78522,0.02439024,0.6097561,0.4634146,4.085231,1.134236,1430698,934523.4,0,71,0,1409398,71,13967360,4.478637,1.4,2.9
superblock,ico-rhombus,haar-residual-d12,global,very-constrained,quick-turn,0.75,150,0.4,,,6.8718,11.78522,0.04878049,0,0,7.981064,1.134236,898868.5,564330.5,0,48,0,1409398,71,6365184,8.064083,,
superblock,ico-rhombus,haar-residual-d12-p0.5,view,fast,quick-turn,50,20,0.03,0.25,0.25,0.1707986,6.000906,0.02439024,0.9512195,0.9512195,2.593167,2.447445,1155466,710842.4,0,65,0,1274239,71,12394496,0,0.15,0.15
superblock,ico-rhombus,haar-residual-d12-p0.5,view,moderate-mobile,quick-turn,10,50,0.07,0.5,0.5,0.4775699,7.173468,0.02439024,0.902439,0.902439,2.899938,2.447445,1127247,682623.4,0,64,0,1274239,71,12132352,0.7979356,0.15,0.15
superblock,ico-rhombus,haar-residual-d12-p0.5,view,constrained-mobile,quick-turn,2,100,0.16,1.25,1.5,1.869355,9.987822,0.02439024,0.7317073,0.6585366,4.291723,2.447445,1050473,637825.1,34373.2,62,3,1274239,71,10821632,6.572331,1.15,1.65
superblock,ico-rhombus,haar-residual-d12-p0.5,view,very-constrained,quick-turn,0.75,150,0.31,6.25,7,4.067342,9.987822,0.04878049,0.3902439,0.3170732,6.463348,2.447445,769467.5,465136.3,46548.5,49,6,1274239,71,6627328,8.715115,3.65,4.4
superblock,ico-rhombus,jpeg-residual-q80,view,fast,quick-turn,50,20,0.03,0.25,0.25,0.1896707,6.529629,0.02439024,0.9512195,0.9268293,2.497106,2.313406,844598,510857.9,0,65,0,938047,71,12394496,0,0.15,0.15
superblock,ico-rhombus,jpeg-residual-q80,view,moderate-mobile,quick-turn,10,50,0.06,0.5,0.5,0.4299281,7.613964,0.02439024,0.902439,0.902439,2.737363,2.313406,822982,489241.9,0,65,1,938047,71,12132352,0,0.15,0.15
superblock,ico-rhombus,jpeg-residual-q80,view,constrained-mobile,quick-turn,2,100,0.12,1,1.5,1.579196,11.78613,0.02439024,0.7804878,0.7073171,3.886631,2.313406,767682,455266.6,20663,62,2,938047,71,11083776,7.132755,0.9,1.15
superblock,ico-rhombus,jpeg-residual-q80,view,very-constrained,quick-turn,0.75,150,0.2,5.25,5.75,3.541451,11.78613,0.02439024,0.4878049,0.4390244,5.848886,2.313406,595047.3,347025.1,27824.25,54,6,938047,71,7938048,8.777478,2.65,3.15
superblock,ico-rhombus,jpeg-residual-q80,view-fill,fast,quick-turn,50,20,0.03,0.25,0.25,0,0,0.02439024,0.9756098,0.9756098,2.307435,2.313406,959347,625606.9,0,71,0,938047,71,13967360,0,0.15,0.15
superblock,ico-rhombus,jpeg-residual-q80,view-fill,moderate-mobile,quick-turn,10,50,0.06,0.5,0.5,0.1414535,5.658142,0.02439024,0.9512195,0.9512195,2.448889,2.313406,959347,625606.9,0,71,0,938047,71,13967360,0,0.15,0.15
superblock,ico-rhombus,jpeg-residual-q80,view-fill,constrained-mobile,quick-turn,2,100,0.12,1,1.5,1.298685,11.78613,0.02439024,0.7804878,0.7317073,3.60612,2.313406,1023722,656541.8,64375.33,77,6,938047,71,13967360,6.560943,0.9,0.9
superblock,ico-rhombus,jpeg-residual-q80,view-fill,very-constrained,quick-turn,0.75,150,0.2,5.25,5.75,3.541451,11.78613,0.02439024,0.4878049,0.4390244,5.848886,2.313406,879109.8,555500.6,27824.25,73,6,938047,71,11345920,8.777478,2.65,3.15
superblock,ico-rhombus,jpeg-residual-q80,global,fast,quick-turn,50,20,0.03,0.5,0.5,0.09668536,3.867414,0.02439024,0.9512195,0.9512195,2.404121,2.313406,959347,625606.9,0,71,0,938047,71,13967360,0,0.15,0.15
superblock,ico-rhombus,jpeg-residual-q80,global,moderate-mobile,quick-turn,10,50,0.06,1,1.25,0.5563919,9.376617,0.02439024,0.902439,0.8780488,2.863827,2.313406,959347,625606.9,0,71,0,938047,71,13967360,0,0.15,0.15
superblock,ico-rhombus,jpeg-residual-q80,global,constrained-mobile,quick-turn,2,100,0.12,2.25,4,1.804958,11.78613,0.02439024,0.7804878,0.6097561,4.112393,2.313406,959347,625606.9,0,71,0,938047,71,13967360,2.579505,0.15,1.4
superblock,ico-rhombus,jpeg-residual-q80,global,very-constrained,quick-turn,0.75,150,0.2,6.25,9.75,4.62704,11.78613,0.02439024,0.3902439,0.04878049,6.934475,2.313406,881929.5,581727.4,0,70,0,938047,71,12132352,5.854045,3.65,7.15
superblock,ico-rhombus,jpeg-replacement-q80,view,fast,quick-turn,50,20,0.03,0.25,0.25,0.02348687,0.9106647,0.02439024,0.9756098,0.9756098,2.338638,2.32095,1025518,617138.4,0,65,0,1143990,71,12394496,0,0.15,0.15
superblock,ico-rhombus,jpeg-replacement-q80,view,moderate-mobile,quick-turn,10,50,0.06,0.5,0.5,0.4935172,7.580652,0.02439024,0.902439,0.902439,2.808668,2.32095,1011329,602948.9,11990.5,65,1,1143990,71,12132352,0.9343875,0.15,0.15
superblock,ico-rhombus,jpeg-replacement-q80,view,constrained-mobile,quick-turn,2,100,0.12,1.25,1.5,1.816712,11.78545,0.02439024,0.7317073,0.6829268,4.131863,2.32095,916489.6,541199,32616.6,62,3,1143990,71,10821632,7.108973,1.15,1.4
superblock,ico-rhombus,jpeg-replacement-q80,view,very-constrained,quick-turn,0.75,150,0.2,6,6.25,3.981525,11.78545,0.02439024,0.4146341,0.3902439,6.296676,2.32095,685523,403910.2,44822,52,7,1143990,71,7151616,8.428975,3.4,3.65
superblock,ico-rhombus,jpeg-replacement-q80,view-fill,fast,quick-turn,50,20,0.03,0.25,0.25,0,0,0.02439024,0.9756098,0.9756098,2.315151,2.32095,1165290,756910.4,0,71,0,1143990,71,13967360,0,0.15,0.15
superblock,ico-rhombus,jpeg-replacement-q80,view-fill,moderate-mobile,quick-turn,10,50,0.06,0.5,0.5,0.1415626,5.658914,0.02439024,0.9512195,0.9512195,2.456714,2.32095,1165290,756910.4,0,71,0,1143990,71,13967360,0,0.15,0.15
superblock,ico-rhombus,jpeg-replacement-q80,view-fill,constrained-mobile,quick-turn,2,100,0.12,1.25,1.5,1.634023,11.78545,0.02439024,0.7317073,0.7073171,3.949174,2.32095,1227207,785326.6,61916.67,80,9,1143990,71,13967360,7.108973,1.15,1.15
superblock,ico-rhombus,jpeg-replacement-q80,view-fill,very-constrained,quick-turn,0.75,150,0.2,6,6.25,3.981525,11.78545,0.02439024,0.4146341,0.3902439,6.296676,2.32095,883335.5,558605.3,44822,65,7,1143990,71,8986624,8.428975,3.4,3.65
superblock,ico-rhombus,jpeg-replacement-q80,view-direct,fast,quick-turn,50,20,0.03,0.25,0.25,0.11024,4.291409,0.02439024,0.9512195,0.9512195,2.425391,2.32095,717414,424071.1,0,35,0,1143990,71,8953856,0,0.15,0.15
superblock,ico-rhombus,jpeg-replacement-q80,view-direct,moderate-mobile,quick-turn,10,50,0.06,0.5,0.5,0.4747687,8.141164,0.02439024,0.902439,0.902439,2.78992,2.32095,717414,424071.1,0,35,0,1143990,71,8953856,0,0.15,0.15
superblock,ico-rhombus,jpeg-replacement-q80,view-direct,constrained-mobile,quick-turn,2,100,0.12,0.75,0.75,1.772436,11.78545,0.02439024,0.7804878,0.7804878,4.087587,2.32095,626810.7,360892.6,51041.67,34,5,1143990,71,7380992,9.992336,1.15,1.15
superblock,ico-rhombus,jpeg-replacement-q80,view-direct,very-constrained,quick-turn,0.75,150,0.2,2,2,4.45627,11.78545,0.02439024,0.4878049,0.4878049,6.771421,2.32095,536544.5,292618.1,53390.5,34,9,1143990,71,6332416,9.993197,2.9,2.9
superblock,ico-rhombus,jpeg-replacement-q80,global,fast,quick-turn,50,20,0.03,0.5,0.5,0.09695136,3.878054,0.02439024,0.9512195,0.9512195,2.412102,2.32095,1165290,756910.4,0,71,0,1143990,71,13967360,0,0.15,0.15
superblock,ico-rhombus,jpeg-replacement-q80,global,moderate-mobile,quick-turn,10,50,0.06,1,1.5,0.6304085,9.361471,0.02439024,0.902439,0.8536585,2.94556,2.32095,1165290,756910.4,0,71,0,1143990,71,13967360,0,0.15,0.15
superblock,ico-rhombus,jpeg-replacement-q80,global,constrained-mobile,quick-turn,2,100,0.12,3,4.5,2.235457,11.78545,0.02439024,0.7073171,0.5609756,4.550608,2.32095,1165290,756910.4,0,71,0,1143990,71,13967360,3.796019,0.4,1.9
superblock,ico-rhombus,jpeg-replacement-q80,global,very-constrained,quick-turn,0.75,150,0.2,7.5,,5.246607,11.78545,0.02439024,0.2682927,0,7.561758,2.32095,886441,564787.7,0,61,0,1143990,71,9773056,7.115425,4.9,
superblock,ico-rhombus,jpeg-replacement-q80-whole,global,fast,quick-turn,50,20,0.03,0.5,0.5,0.09698371,3.879348,0.02439024,0.9512195,0.9512195,2.411124,2.319927,1147011,721883.7,0,41,0,1134711,41,13967360,0,0.15,0.15
superblock,ico-rhombus,jpeg-replacement-q80-whole,global,moderate-mobile,quick-turn,10,50,0.06,1,1.25,0.5591368,9.363013,0.02439024,0.902439,0.8780488,2.873277,2.319927,1147011,721883.7,0,41,0,1134711,41,13967360,0,0.15,0.15
superblock,ico-rhombus,jpeg-replacement-q80-whole,global,constrained-mobile,quick-turn,2,100,0.12,4,5,2.580125,11.78699,0.02439024,0.6097561,0.5121951,4.894266,2.319927,1147011,721883.7,0,41,0,1134711,41,13967360,4.441062,1.4,2.4
superblock,ico-rhombus,jpeg-replacement-q80-whole,global,very-constrained,quick-turn,0.75,150,0.2,10,,5.778994,11.78699,0.02439024,0.02439024,0,8.093134,2.319927,886441,547340,0,41,0,1134711,41,8724480,7.11629,7.4,
superblock,ico-rhombus,jpeg-replacement-q80-whole,view-direct,fast,quick-turn,50,20,0.03,0.25,0.25,0,0,0.02439024,0.9756098,0.9756098,2.31414,2.319927,838907,528816.4,0,11,0,1134711,41,10526720,0,0.15,0.15
superblock,ico-rhombus,jpeg-replacement-q80-whole,view-direct,moderate-mobile,quick-turn,10,50,0.06,0.5,0.5,0.5209102,11.78699,0.02439024,0.9268293,0.902439,2.835051,2.319927,838907,528816.4,0,11,0,1134711,41,10526720,0,0.15,0.15
superblock,ico-rhombus,jpeg-replacement-q80-whole,view-direct,constrained-mobile,quick-turn,2,100,0.12,1.75,1.75,3.589849,11.78699,0.02439024,0.6341463,0.6341463,5.903989,2.319927,838907,528816.4,0,11,0,1134711,41,10526720,9.994062,1.65,1.65
superblock,ico-rhombus,jpeg-replacement-q80-whole,view-direct,very-constrained,quick-turn,0.75,150,0.2,8,8,8.034082,11.78699,0.02439024,0.2195122,0.2195122,10.34822,2.319927,713918.4,471009.1,155859.4,11,4,1134711,41,6332416,9.994062,5.4,5.4
northrop-mall,ico-rhombus,haar-residual-d12,view,fast,explore,50,20,0.03,0.25,0.25,0,0,0.01538462,0.9846154,0.9846154,0.9255067,0.9192061,1166533,142346.1,0,72,1,1145233,71,13967360,,,
northrop-mall,ico-rhombus,haar-residual-d12,view,moderate-mobile,explore,10,50,0.07,0.5,0.5,0.1139876,7.289481,0.01538462,0.9692308,0.9692308,1.039494,0.9192061,1166533,142346.1,0,72,1,1145233,71,13967360,,,
northrop-mall,ico-rhombus,haar-residual-d12,view,constrained-mobile,explore,2,100,0.19,1.5,1.5,0.6742879,10.70463,0.01538462,0.9076923,0.8769231,1.599795,0.9192061,1166533,142346.1,0,71,0,1145233,71,13967360,,,
northrop-mall,ico-rhombus,haar-residual-d12,view,very-constrained,explore,0.75,150,0.38,3.25,4,3.286388,10.88298,0.03076923,0.4307692,0.2923077,4.217601,0.9192061,1220130,153670.2,53596.88,74,3,1145233,71,13967360,,,
northrop-mall,ico-rhombus,haar-residual-d12,view-fill,fast,explore,50,20,0.03,0.25,0.25,0,0,0.01538462,0.9846154,0.9846154,0.9255067,0.9192061,1166533,142346.1,0,73,2,1145233,71,13967360,,,
northrop-mall,ico-rhombus,haar-residual-d12,view-fill,moderate-mobile,explore,10,50,0.07,0.5,0.5,0.1138981,7.289481,0.01538462,0.9692308,0.9692308,1.039405,0.9192061,1166533,142346.1,0,73,2,1145233,71,13967360,,,
northrop-mall,ico-rhombus,haar-residual-d12,view-fill,constrained-mobile,explore,2,100,0.19,1.5,1.5,0.6141957,10.70463,0.01538462,0.9076923,0.9076923,1.539702,0.9192061,1187734,142754.6,21200.67,72,1,1145233,71,13967360,,,
northrop-mall,ico-rhombus,haar-residual-d12,view-fill,very-constrained,explore,0.75,150,0.38,3.25,4,2.795216,10.88298,0.03076923,0.5230769,0.4153846,3.72643,0.9192061,1220130,153670.2,53596.88,74,3,1145233,71,13967360,,,
northrop-mall,ico-rhombus,haar-residual-d12,global,fast,explore,50,20,0.03,0.25,0.5,0.04260127,2.726482,0.01538462,0.9846154,0.9692308,0.9681079,0.9192061,1166533,142346.1,0,71,0,1145233,71,13967360,,,
northrop-mall,ico-rhombus,haar-residual-d12,global,moderate-mobile,explore,10,50,0.07,0.75,1,0.2627476,8.415812,0.01538462,0.9538462,0.9384615,1.188254,0.9192061,1166533,142346.1,0,71,0,1145233,71,13967360,,,
northrop-mall,ico-rhombus,haar-residual-d12,global,constrained-mobile,explore,2,100,0.19,2.5,3.5,1.054109,10.70463,0.01538462,0.8461538,0.7846154,1.979615,0.9192061,1166533,142346.1,0,71,0,1145233,71,13967360,,,
northrop-mall,ico-rhombus,haar-residual-d12,global,very-constrained,explore,0.75,150,0.38,8.5,11.25,3.223289,10.88297,0.03076923,0.4769231,0.3076923,4.154505,0.9192061,1166533,142346.1,0,71,0,1145233,71,13967360,,,
northrop-mall,ico-rhombus,haar-residual-d12-p0.5,view,fast,explore,50,20,0.03,0.25,0.25,0,0,0.01538462,0.9846154,0.9846154,1.651703,1.644407,1068099,129076.7,0,72,1,1046799,71,13967360,,,
northrop-mall,ico-rhombus,haar-residual-d12-p0.5,view,moderate-mobile,explore,10,50,0.07,0.5,0.5,0.07226908,4.620664,0.01538462,0.9692308,0.9692308,1.723972,1.644407,1068099,129076.7,0,72,1,1046799,71,13967360,,,
northrop-mall,ico-rhombus,haar-residual-d12-p0.5,view,constrained-mobile,explore,2,100,0.16,1.25,1.5,0.5125387,10.04007,0.01538462,0.9230769,0.8923077,2.164242,1.644407,1078827,129076.7,10727.67,73,2,1046799,71,13967360,,,
northrop-mall,ico-rhombus,haar-residual-d12-p0.5,view,very-constrained,explore,0.75,150,0.29,2.5,3.75,2.299849,10.22078,0.03076923,0.6307692,0.3692308,3.958027,1.644407,1108730,130337.7,40630.82,73,2,1046799,71,13967360,,,
northrop-mall,ico-rhombus,jpeg-residual-q80,view,fast,explore,50,20,0.03,0.25,0.25,0,0,0.01538462,0.9846154,0.9846154,1.701903,1.693743,864157,104639.1,0,72,1,842857,71,13967360,,,
northrop-mall,ico-rhombus,jpeg-residual-q80,view,moderate-mobile,explore,10,50,0.06,0.5,0.5,0.06907625,4.415883,0.01538462,0.9692308,0.9692308,1.77098,1.693743,864157,104639.1,0,72,1,842857,71,13967360,,,
northrop-mall,ico-rhombus,jpeg-residual-q80,view,constrained-mobile,explore,2,100,0.12,1.25,1.25,0.4202198,8.910513,0.01538462,0.9230769,0.9230769,2.122123,1.693743,864157,104639.1,0,71,0,842857,71,13967360,,,
northrop-mall,ico-rhombus,jpeg-residual-q80,view,very-constrained,explore,0.75,150,0.2,2.5,3.25,1.423537,10.36785,0.01538462,0.8461538,0.6,3.125441,1.693743,879184.3,105105.5,15027.25,72,1,842857,71,13967360,,,
northrop-mall,ico-rhombus,jpeg-residual-q80,view-fill,fast,explore,50,20,0.03,0.25,0.25,0,0,0.01538462,0.9846154,0.9846154,1.701903,1.693743,864157,104639.1,0,73,2,842857,71,13967360,,,
northrop-mall,ico-rhombus,jpeg-residual-q80,view-fill,moderate-mobile,explore,10,50,0.06,0.5,0.5,0.06899817,4.415883,0.01538462,0.9692308,0.9692308,1.770902,1.693743,864157,104639.1,0,73,2,842857,71,13967360,,,
northrop-mall,ico-rhombus,jpeg-residual-q80,view-fill,constrained-mobile,explore,2,100,0.12,1.25,1.25,0.3994361,8.910513,0.01538462,0.9230769,0.9230769,2.10134,1.693743,864157,104639.1,0,72,1,842857,71,13967360,,,
northrop-mall,ico-rhombus,jpeg-residual-q80,view-fill,very-constrained,explore,0.75,150,0.2,2.5,3.25,1.217218,10.36785,0.01538462,0.8461538,0.7076923,2.919122,1.693743,905756.3,105832.4,41599.32,76,5,842857,71,13967360,,,
northrop-mall,ico-rhombus,jpeg-residual-q80,global,fast,explore,50,20,0.03,0.25,0.5,0.04278354,2.738147,0.01538462,0.9846154,0.9692308,1.744687,1.693743,864157,104639.1,0,71,0,842857,71,13967360,,,
northrop-mall,ico-rhombus,jpeg-residual-q80,global,moderate-mobile,explore,10,50,0.06,0.75,1,0.2133505,8.151845,0.01538462,0.9538462,0.9384615,1.915254,1.693743,864157,104639.1,0,71,0,842857,71,13967360,,,
northrop-mall,ico-rhombus,jpeg-residual-q80,global,constrained-mobile,explore,2,100,0.12,1.75,2,0.6915625,10.36785,0.01538462,0.8923077,0.8615385,2.393466,1.693743,864157,104639.1,0,71,0,842857,71,13967360,,,
northrop-mall,ico-rhombus,jpeg-residual-q80,global,very-constrained,explore,0.75,150,0.2,4.25,8.75,2.22652,10.36785,0.01538462,0.6307692,0.4615385,3.928423,1.693743,864157,104639.1,0,71,0,842857,71,13967360,,,
northrop-mall,ico-rhombus,jpeg-replacement-q80,view,fast,explore,50,20,0.03,0.25,0.25,0,0,0.01538462,0.9846154,0.9846154,1.727035,1.718816,1038256,125158.7,0,72,1,1016956,71,13967360,,,
northrop-mall,ico-rhombus,jpeg-replacement-q80,view,moderate-mobile,explore,10,50,0.06,0.5,0.5,0.06885337,4.40212,0.01538462,0.9692308,0.9692308,1.795888,1.718816,1038256,125158.7,0,72,1,1016956,71,13967360,,,
northrop-mall,ico-rhombus,jpeg-replacement-q80,view,constrained-mobile,explore,2,100,0.12,1.5,1.5,0.5041756,10.34187,0.01538462,0.9076923,0.9076923,2.23121,1.718816,1064068,125158.7,25811.67,73,2,1016956,71,13967360,,,
northrop-mall,ico-rhombus,jpeg-replacement-q80,view,very-constrained,explore,0.75,150,0.2,2.5,3.5,2.070035,10.34187,0.01538462,0.7692308,0.4,3.79707,1.718816,1053217,125623,14961,72,1,1016956,71,13967360,,,
northrop-mall,ico-rhombus,jpeg-replacement-q80,view-fill,fast,explore,50,20,0.03,0.25,0.25,0,0,0.01538462,0.9846154,0.9846154,1.727035,1.718816,1038256,125158.7,0,73,2,1016956,71,13967360,,,
northrop-mall,ico-rhombus,jpeg-replacement-q80,view-fill,moderate-mobile,explore,10,50,0.06,0.5,0.5,0.06878312,4.40212,0.01538462,0.9692308,0.9692308,1.795818,1.718816,1038256,125158.7,0,75,4,1016956,71,13967360,,,
northrop-mall,ico-rhombus,jpeg-replacement-q80,view-fill,constrained-mobile,explore,2,100,0.12,1.5,1.5,0.4807227,10.34187,0.01538462,0.9076923,0.9076923,2.207757,1.718816,1066568,125351.9,28311.67,75,4,1016956,71,13967360,,,
northrop-mall,ico-rhombus,jpeg-replacement-q80,view-fill,very-constrained,explore,0.75,150,0.2,2.5,3.5,1.759036,10.34187,0.01538462,0.8,0.5230769,3.48607,1.718816,1053217,125623,14961,74,3,1016956,71,13967360,,,
northrop-mall,ico-rhombus,jpeg-replacement-q80,view-direct,fast,explore,50,20,0.03,0.25,0.25,0,0,0.01538462,0.9846154,0.9846154,1.727035,1.718816,763343,88056.68,0,41,0,1016956,71,10526720,,,
northrop-mall,ico-rhombus,jpeg-replacement-q80,view-direct,moderate-mobile,explore,10,50,0.06,0.5,0.5,0.08997893,5.740891,0.01538462,0.9692308,0.9692308,1.817014,1.718816,763343,88056.68,0,41,0,1016956,71,10526720,,,
northrop-mall,ico-rhombus,jpeg-replacement-q80,view-direct,constrained-mobile,explore,2,100,0.12,1,1.25,0.5720343,10.52001,0.01538462,0.9384615,0.9076923,2.299069,1.718816,793759.7,88063.62,30416.67,43,2,1016956,71,10526720,,,
northrop-mall,ico-rhombus,jpeg-replacement-q80,view-direct,very-constrained,explore,0.75,150,0.2,2.75,2.75,2.440412,10.76534,0.01538462,0.6769231,0.5538462,4.167446,1.718816,803746.2,88056.68,40403.23,47,6,1016956,71,10526720,,,
northrop-mall,ico-rhombus,jpeg-replacement-q80,global,fast,explore,50,20,0.03,0.25,0.5,0.04264347,2.729182,0.01538462,0.9846154,0.9692308,1.769678,1.718816,1038256,125158.7,0,71,0,1016956,71,13967360,,,
northrop-mall,ico-rhombus,jpeg-replacement-q80,global,moderate-mobile,explore,10,50,0.06,0.75,1,0.2540032,8.122796,0.01538462,0.9538462,0.9384615,1.981038,1.718816,1038256,125158.7,0,71,0,1016956,71,13967360,,,
northrop-mall,ico-rhombus,jpeg-replacement-q80,global,constrained-mobile,explore,2,100,0.12,2,2.25,0.7434229,10.34187,0.01538462,0.8769231,0.8307692,2.470457,1.718816,1038256,125158.7,0,71,0,1016956,71,13967360,,,
northrop-mall,ico-rhombus,jpeg-replacement-q80,global,very-constrained,explore,0.75,150,0.2,8.5,10,2.689954,10.34187,0.01538462,0.4769231,0.3846154,4.416989,1.718816,1038256,125158.7,0,71,0,1016956,71,13967360,,,
northrop-mall,ico-rhombus,jpeg-replacement-q80-whole,global,fast,explore,50,20,0.03,0.25,0.5,0.04265126,2.729681,0.01538462,0.9846154,0.9692308,1.769007,1.718139,1023035,136432.2,0,41,0,1010735,41,13967360,,,
northrop-mall,ico-rhombus,jpeg-replacement-q80-whole,global,moderate-mobile,explore,10,50,0.06,0.75,1,0.2550456,8.123448,0.01538462,0.9538462,0.9384615,1.981401,1.718139,1023035,136432.2,0,41,0,1010735,41,13967360,,,
northrop-mall,ico-rhombus,jpeg-replacement-q80-whole,global,constrained-mobile,explore,2,100,0.12,2.75,3.75,0.9446699,10.34253,0.01538462,0.8307692,0.7692308,2.671025,1.718139,1023035,136432.2,0,41,0,1010735,41,13967360,,,
northrop-mall,ico-rhombus,jpeg-replacement-q80-whole,global,very-constrained,explore,0.75,150,0.2,8.5,11.25,2.912968,10.34253,0.01538462,0.4769231,0.3076923,4.639324,1.718139,1023035,136432.2,0,41,0,1010735,41,13967360,,,
northrop-mall,ico-rhombus,jpeg-replacement-q80-whole,view-direct,fast,explore,50,20,0.03,0.25,0.25,0,0,0.01538462,0.9846154,0.9846154,1.726356,1.718139,748122,99330.16,0,11,0,1010735,41,10526720,,,
northrop-mall,ico-rhombus,jpeg-replacement-q80-whole,view-direct,moderate-mobile,explore,10,50,0.06,0.5,0.5,0.161602,10.34253,0.01538462,0.9692308,0.9692308,1.887958,1.718139,748122,99330.16,0,11,0,1010735,41,10526720,,,
northrop-mall,ico-rhombus,jpeg-replacement-q80-whole,view-direct,constrained-mobile,explore,2,100,0.12,1.75,1.75,0.9511108,10.76592,0.01538462,0.8923077,0.8769231,2.677466,1.718139,748122,99330.16,0,11,0,1010735,41,10526720,,,
northrop-mall,ico-rhombus,jpeg-replacement-q80-whole,view-direct,very-constrained,explore,0.75,150,0.2,4.75,6,3.339448,10.89836,0.01538462,0.6307692,0.5076923,5.065804,1.718139,748122,99330.16,0,11,0,1010735,41,10526720,,,
bookstore,ico-rhombus,haar-residual-d12,view,fast,explore,50,20,0.03,0.25,0.25,0,0,0.01538462,0.9846154,0.9846154,2.105613,2.097998,455376,53956.38,0,72,1,434076,71,13967360,,,
bookstore,ico-rhombus,haar-residual-d12,view,moderate-mobile,explore,10,50,0.07,0.5,0.5,0.08205761,5.247558,0.01538462,0.9692308,0.9692308,2.18767,2.097998,455376,53956.38,0,72,1,434076,71,13967360,,,
bookstore,ico-rhombus,haar-residual-d12,view,constrained-mobile,explore,2,100,0.17,1,1,0.4648753,14.94717,0.01538462,0.9384615,0.9384615,2.570435,2.097998,455376,53956.38,0,71,0,434076,71,13967360,,,
bookstore,ico-rhombus,haar-residual-d12,view,very-constrained,explore,0.75,150,0.34,2,2.75,1.279153,15.08414,0.03076923,0.8461538,0.8,3.389442,2.097998,463756.2,54216.47,8380.225,72,1,434076,71,13967360,,,
bookstore,ico-rhombus,haar-residual-d12,view-fill,fast,explore,50,20,0.03,0.25,0.25,0,0,0.01538462,0.9846154,0.9846154,2.105613,2.097998,455376,53956.38,0,73,2,434076,71,13967360,,,
bookstore,ico-rhombus,haar-residual-d12,view-fill,moderate-mobile,explore,10,50,0.07,0.5,0.5,0.08199309,5.247558,0.01538462,0.9692308,0.9692308,2.187606,2.097998,455376,53956.38,0,73,2,434076,71,13967360,,,
bookstore,ico-rhombus,haar-residual-d12,view-fill,constrained-mobile,explore,2,100,0.17,1,1,0.4629863,14.94717,0.01538462,0.9384615,0.9384615,2.568599,2.097998,455376,53956.38,0,73,2,434076,71,13967360,,,
bookstore,ico-rhombus,haar-residual-d12,view-fill,very-constrained,explore,0.75,150,0.34,2,2.75,1.164244,15.08414,0.03076923,0.8615385,0.8307692,3.274533,2.097998,474648,55247.21,19271.95,73,2,434076,71,13967360,,,
bookstore,ico-rhombus,haar-residual-d12,global,fast,explore,50,20,0.03,0.25,0.5,0.04581767,2.932331,0.01538462,0.9846154,0.9692308,2.151431,2.097998,455376,53956.38,0,71,0,434076,71,13967360,,,
bookstore,ico-rhombus,haar-residual-d12,global,moderate-mobile,explore,10,50,0.07,1,1,0.2883178,10.96591,0.01538462,0.9384615,0.9384615,2.393931,2.097998,455376,53956.38,0,71,0,434076,71,13967360,,,
bookstore,ico-rhombus,haar-residual-d12,global,constrained-mobile,explore,2,100,0.17,1.5,2,0.8735982,14.94717,0.01538462,0.9076923,0.8769231,2.979211,2.097998,455376,53956.38,0,71,0,434076,71,13967360,,,
bookstore,ico-rhombus,haar-residual-d12,global,very-constrained,explore,0.75,150,0.34,3.75,4.75,1.923988,15.08414,0.03076923,0.7692308,0.7076923,4.034277,2.097998,455376,53956.38,0,71,0,434076,71,13967360,,,
bookstore,ico-rhombus,haar-residual-d12-p0.5,view,fast,explore,50,20,0.03,0.25,0.25,0,0,0.01538462,0.9846154,0.9846154,4.452193,4.451876,390395,45311.73,0,72,1,369095,71,13967360,,,
bookstore,ico-rhombus,haar-residual-d12-p0.5,view,moderate-mobile,explore,10,50,0.06,0.5,0.5,0.05009044,3.203697,0.01538462,0.9692308,0.9692308,4.502283,4.451876,390395,45311.73,0,72,1,369095,71,13967360,,,
bookstore,ico-rhombus,haar-residual-d12-p0.5,view,constrained-mobile,explore,2,100,0.14,0.75,1,0.3484603,12.29664,0.01538462,0.9538462,0.9384615,4.800613,4.451876,390395,45311.73,0,71,0,369095,71,13967360,,,
bookstore,ico-rhombus,haar-residual-d12-p0.5,view,very-constrained,explore,0.75,150,0.25,1.75,2,0.8705918,12.52808,0.01538462,0.8923077,0.8615385,5.322784,4.451876,394397.3,45311.73,4002.25,72,1,369095,71,13967360,,,
bookstore,ico-rhombus,jpeg-residual-q80,view,fast,explore,50,20,0.03,0.25,0.25,0,0,0.01538462,0.9846154,0.9846154,2.652364,2.643654,412848,50159.89,0,72,1,391548,71,13967360,,,
bookstore,ico-rhombus,jpeg-residual-q80,view,moderate-mobile,explore,10,50,0.06,0.5,0.5,0.08327788,5.324798,0.01538462,0.9692308,0.9692308,2.735642,2.643654,412848,50159.89,0,72,1,391548,71,13967360,,,
bookstore,ico-rhombus,jpeg-residual-q80,view,constrained-mobile,explore,2,100,0.12,0.75,1,0.3618382,12.33218,0.01538462,0.9538462,0.9384615,3.014202,2.643654,412848,50159.89,0,71,0,391548,71,13967360,,,
bookstore,ico-rhombus,jpeg-residual-q80,view,very-constrained,explore,0.75,150,0.19,1.75,2.25,0.957384,14.82444,0.01538462,0.8923077,0.8461538,3.609748,2.643654,422545.1,50159.89,9697.083,73,2,391548,71,13967360,,,
bookstore,ico-rhombus,jpeg-residual-q80,view-fill,fast,explore,50,20,0.03,0.25,0.25,0,0,0.01538462,0.9846154,0.9846154,2.652364,2.643654,412848,50159.89,0,73,2,391548,71,13967360,,,
bookstore,ico-rhombus,jpeg-residual-q80,view-fill,moderate-mobile,explore,10,50,0.06,0.5,0.5,0.08319998,5.324798,0.01538462,0.9692308,0.9692308,2.735564,2.643654,412848,50159.89,0,73,2,391548,71,13967360,,,
bookstore,ico-rhombus,jpeg-residual-q80,view-fill,constrained-mobile,explore,2,100,0.12,0.75,1,0.3601019,12.33218,0.01538462,0.9538462,0.9384615,3.012466,2.643654,412848,50159.89,0,73,2,391548,71,13967360,,,
bookstore,ico-rhombus,jpeg-residual-q80,view-fill,very-constrained,explore,0.75,150,0.19,1.75,2.25,0.9018821,14.82444,0.01538462,0.8923077,0.8615385,3.554246,2.643654,422545.1,50159.89,9697.083,74,3,391548,71,13967360,,,
bookstore,ico-rhombus,jpeg-residual-q80,global,fast,explore,50,20,0.03,0.5,0.5,0.05248838,3.359257,0.01538462,0.9692308,0.9692308,2.704852,2.643654,412848,50159.89,0,71,0,391548,71,13967360,,,
bookstore,ico-rhombus,jpeg-residual-q80,global,moderate-mobile,explore,10,50,0.06,0.75,1,0.2615849,11.11417,0.01538462,0.9538462,0.9384615,2.913949,2.643654,412848,50159.89,0,71,0,391548,71,13967360,,,
bookstore,ico-rhombus,jpeg-residual-q80,global,constrained-mobile,explore,2,100,0.12,1.25,2,0.7697427,14.68404,0.01538462,0.9230769,0.8769231,3.422107,2.643654,412848,50159.89,0,71,0,391548,71,13967360,,,
bookstore,ico-rhombus,jpeg-residual-q80,global,very-constrained,explore,0.75,150,0.19,3,4,1.604787,14.82444,0.01538462,0.8153846,0.7538462,4.257151,2.643654,412848,50159.89,0,71,0,391548,71,13967360,,,
bookstore,ico-rhombus,jpeg-replacement-q80,view,fast,explore,50,20,0.03,0.25,0.25,0,0,0.01538462,0.9846154,0.9846154,2.624384,2.615442,503912,60032.97,0,72,1,482612,71,13967360,,,
bookstore,ico-rhombus,jpeg-replacement-q80,view,moderate-mobile,explore,10,50,0.06,0.5,0.5,0.08337684,5.331094,0.01538462,0.9692308,0.9692308,2.707761,2.615442,503912,60032.97,0,72,1,482612,71,13967360,,,
bookstore,ico-rhombus,jpeg-replacement-q80,view,constrained-mobile,explore,2,100,0.12,1,1,0.4584486,14.83906,0.01538462,0.9384615,0.9384615,3.082832,2.615442,503912,60032.97,0,71,0,482612,71,13967360,,,
bookstore,ico-rhombus,jpeg-replacement-q80,view,very-constrained,explore,0.75,150,0.19,2,2.75,1.190198,14.83906,0.01538462,0.8769231,0.8153846,3.814582,2.615442,503912,60032.97,0,71,0,482612,71,13967360,,,
bookstore,ico-rhombus,jpeg-replacement-q80,view-fill,fast,explore,50,20,0.03,0.25,0.25,0,0,0.01538462,0.9846154,0.9846154,2.624384,2.615442,503912,60032.97,0,73,2,482612,71,13967360,,,
bookstore,ico-rhombus,jpeg-replacement-q80,view-fill,moderate-mobile,explore,10,50,0.06,0.5,0.5,0.08329835,5.331094,0.01538462,0.9692308,0.9692308,2.707682,2.615442,508078.7,60888.74,4166.667,74,3,482612,71,13967360,,,
bookstore,ico-rhombus,jpeg-replacement-q80,view-fill,constrained-mobile,explore,2,100,0.12,1,1,0.457709,14.83906,0.01538462,0.9384615,0.9384615,3.082093,2.615442,511043.7,60291.97,7131.667,75,4,482612,71,13967360,,,
bookstore,ico-rhombus,jpeg-replacement-q80,view-fill,very-constrained,explore,0.75,150,0.19,2,2.75,1.108038,14.83906,0.01538462,0.8769231,0.8307692,3.732422,2.615442,507969.5,60032.97,4057.464,72,1,482612,71,13967360,,,
bookstore,ico-rhombus,jpeg-replacement-q80,view-direct,fast,explore,50,20,0.03,0.25,0.25,0,0,0.01538462,0.9846154,0.9846154,2.624384,2.615442,340569,38459.06,0,41,0,482612,71,10526720,,,
bookstore,ico-rhombus,jpeg-replacement-q80,view-direct,moderate-mobile,explore,10,50,0.06,0.25,0.25,0.00140471,0.08989944,0.01538462,0.9846154,0.9846154,2.625789,2.615442,340569,38459.06,0,41,0,482612,71,10526720,,,
bookstore,ico-rhombus,jpeg-replacement-q80,view-direct,constrained-mobile,explore,2,100,0.12,0.75,0.75,0.4247931,14.83906,0.01538462,0.9538462,0.9538462,3.049177,2.615442,340569,38459.06,0,41,0,482612,71,10526720,,,
bookstore,ico-rhombus,jpeg-replacement-q80,view-direct,very-constrained,explore,0.75,150,0.19,2,2,1.518529,15.11323,0.01538462,0.8307692,0.8153846,4.142913,2.615442,345450.9,38459.06,4881.9,42,1,482612,71,10526720,,,
bookstore,ico-rhombus,jpeg-replacement-q80,global,fast,explore,50,20,0.03,0.5,0.5,0.05246362,3.357672,0.01538462,0.9692308,0.9692308,2.676847,2.615442,503912,60032.97,0,71,0,482612,71,13967360,,,
bookstore,ico-rhombus,jpeg-replacement-q80,global,moderate-mobile,explore,10,50,0.06,0.75,1,0.2587089,10.93439,0.01538462,0.9538462,0.9384615,2.883093,2.615442,503912,60032.97,0,71,0,482612,71,13967360,,,
bookstore,ico-rhombus,jpeg-replacement-q80,global,constrained-mobile,explore,2,100,0.12,1.5,2.25,0.8363992,14.83906,0.01538462,0.9076923,0.8615385,3.460783,2.615442,503912,60032.97,0,71,0,482612,71,13967360,,,
bookstore,ico-rhombus,jpeg-replacement-q80,global,very-constrained,explore,0.75,150,0.19,3.5,5,1.941558,14.83906,0.01538462,0.7692308,0.6923077,4.565942,2.615442,503912,60032.97,0,71,0,482612,71,13967360,,,
bookstore,ico-rhombus,jpeg-replacement-q80-whole,global,fast,explore,50,20,0.03,0.25,0.5,0.0452112,2.893517,0.01538462,0.9846154,0.9692308,2.668656,2.6145,487552,64294.32,0,41,0,475252,41,13967360,,,
bookstore,ico-rhombus,jpeg-replacement-q80-whole,global,moderate-mobile,explore,10,50,0.06,0.75,0.75,0.2555866,10.93574,0.01538462,0.9538462,0.9538462,2.879031,2.6145,487552,64294.32,0,41,0,475252,41,13967360,,,
bookstore,ico-rhombus,jpeg-replacement-q80-whole,global,constrained-mobile,explore,2,100,0.12,1.75,2.25,0.8838473,14.84041,0.01538462,0.8923077,0.8615385,3.507292,2.6145,487552,64294.32,0,41,0,475252,41,13967360,,,
bookstore,ico-rhombus,jpeg-replacement-q80-whole,global,very-constrained,explore,0.75,150,0.19,5.5,5.75,2.25302,14.84041,0.01538462,0.6615385,0.6461538,4.876465,2.6145,487552,64294.32,0,41,0,475252,41,13967360,,,
bookstore,ico-rhombus,jpeg-replacement-q80-whole,view-direct,fast,explore,50,20,0.03,0.25,0.25,0,0,0.01538462,0.9846154,0.9846154,2.623445,2.6145,324209,42720.41,0,11,0,475252,41,10526720,,,
bookstore,ico-rhombus,jpeg-replacement-q80-whole,view-direct,moderate-mobile,explore,10,50,0.06,0.5,0.5,0.06523552,4.175073,0.01538462,0.9692308,0.9692308,2.68868,2.6145,324209,42720.41,0,11,0,475252,41,10526720,,,
bookstore,ico-rhombus,jpeg-replacement-q80-whole,view-direct,constrained-mobile,explore,2,100,0.12,1,1,0.6201369,14.91651,0.01538462,0.9384615,0.9384615,3.243581,2.6145,324209,42720.41,0,11,0,475252,41,10526720,,,
bookstore,ico-rhombus,jpeg-replacement-q80-whole,view-direct,very-constrained,explore,0.75,150,0.19,2.25,2.25,1.920101,15.43468,0.01538462,0.8461538,0.8153846,4.543546,2.6145,324209,42720.41,0,11,0,475252,41,10526720,,,
superblock,ico-rhombus,haar-residual-d12,view,fast,explore,50,20,0.03,0.25,0.25,0,0,0.01538462,0.9846154,0.9846154,1.887661,1.883561,1430698,232958.6,0,72,1,1409398,71,13967360,,,
superblock,ico-rhombus,haar-residual-d12,view,moderate-mobile,explore,10,50,0.07,0.5,0.5,0.1213013,7.742667,0.01538462,0.9692308,0.9692308,2.008962,1.883561,1430698,232958.6,0,72,1,1409398,71,13967360,,,
superblock,ico-rhombus,haar-residual-d12,view,constrained-mobile,explore,2,100,0.2,2.25,2.25,1.133395,12.34212,0.01538462,0.8615385,0.8,3.021055,1.883561,1430698,232958.6,0,71,0,1409398,71,13967360,,,
superblock,ico-rhombus,haar-residual-d12,view,very-constrained,explore,0.75,150,0.4,4.75,15.5,5.776809,12.03766,0.03076923,0.1230769,0.04615385,7.667779,1.883561,1410713,195614.5,140388.6,73,9,1409398,71,12132352,,,
superblock,ico-rhombus,haar-residual-d12,view-fill,fast,explore,50,20,0.03,0.25,0.25,0,0,0.01538462,0.9846154,0.9846154,1.887661,1.883561,1455698,242453.7,25000,73,2,1409398,71,13967360,,,
superblock,ico-rhombus,haar-residual-d12,view-fill,moderate-mobile,explore,10,50,0.07,0.5,0.5,0.1209792,7.742667,0.01538462,0.9692308,0.9692308,2.00864,1.883561,1470073,247913.4,39375,75,4,1409398,71,13967360,,,
superblock,ico-rhombus,haar-residual-d12,view-fill,constrained-mobile,explore,2,100,0.2,2.25,2.25,1.038464,12.34212,0.01538462,0.8615385,0.8461538,2.926125,1.883561,1499625,237136,68926.92,73,2,1409398,71,13967360,,,
superblock,ico-rhombus,haar-residual-d12,view-fill,very-constrained,explore,0.75,150,0.4,4.75,15.5,5.776809,12.03766,0.03076923,0.1230769,0.04615385,7.667779,1.883561,1457588,218599.2,140388.6,79,9,1409398,71,12132352,,,
superblock,ico-rhombus,haar-residual-d12,global,fast,explore,50,20,0.03,0.5,0.5,0.06287524,4.024015,0.01538462,0.9692308,0.9692308,1.950536,1.883561,1430698,232958.6,0,71,0,1409398,71,13967360,,,
superblock,ico-rhombus,haar-residual-d12,global,moderate-mobile,explore,10,50,0.07,1,1.25,0.3705285,9.271144,0.01538462,0.9384615,0.9230769,2.258189,1.883561,1430698,232958.6,0,71,0,1409398,71,13967360,,,
superblock,ico-rhombus,haar-residual-d12,global,constrained-mobile,explore,2,100,0.2,3.5,5,1.61332,12.34212,0.01538462,0.7846154,0.6923077,3.500981,1.883561,1430698,232958.6,0,71,0,1409398,71,13967360,,,
superblock,ico-rhombus,haar-residual-d12,global,very-constrained,explore,0.75,150,0.4,11,11,4.875467,12.03766,0.03076923,0.2615385,0.1230769,6.766436,1.883561,1430698,232958.6,0,71,0,1409398,71,13967360,,,
superblock,ico-rhombus,haar-residual-d12-p0.5,view,fast,explore,50,20,0.03,0.25,0.25,0,0,0.01538462,0.9846154,0.9846154,3.042285,3.048565,1295539,213744.7,0,72,1,1274239,71,13967360,,,
superblock,ico-rhombus,haar-residual-d12-p0.5,view,moderate-mobile,explore,10,50,0.07,0.5,0.5,0.05454073,3.475717,0.01538462,0.9692308,0.9692308,3.096826,3.048565,1295539,213744.7,0,72,1,1274239,71,13967360,,,
superblock,ico-rhombus,haar-residual-d12-p0.5,view,constrained-mobile,explore,2,100,0.16,2,2,0.7742345,10.32262,0.01538462,0.8769231,0.8461538,3.81652,3.048565,1335280,229920.7,39740.57,74,3,1274239,71,13967360,,,
superblock,ico-rhombus,haar-residual-d12-p0.5,view,very-constrained,explore,0.75,150,0.31,4.5,12.75,3.779235,10.40724,0.03076923,0.3846154,0.1538462,6.810393,3.048565,1349381,223888.7,53841.72,75,4,1274239,71,13967360,,,
superblock,ico-rhombus,jpeg-residual-q80,view,fast,explore,50,20,0.03,0.25,0.25,0,0,0.01538462,0.9846154,0.9846154,3.344779,3.332586,959347,155366.4,0,72,1,938047,71,13967360,,,
superblock,ico-rhombus,jpeg-residual-q80,view,moderate-mobile,explore,10,50,0.06,0.5,0.5,0.08162335,5.22214,0.01538462,0.9692308,0.9692308,3.426402,3.332586,959347,155366.4,0,72,1,938047,71,13967360,,,
superblock,ico-rhombus,jpeg-residual-q80,view,constrained-mobile,explore,2,100,0.12,1.25,1.75,0.5178208,10.31496,0.01538462,0.9230769,0.8923077,3.8626,3.332586,969219.6,155366.4,9872.55,72,1,938047,71,13967360,,,
superblock,ico-rhombus,jpeg-residual-q80,view,very-constrained,explore,0.75,150,0.2,3.25,4,1.81019,12.3332,0.01538462,0.7538462,0.5846154,5.154969,3.332586,973566.8,155807.7,14219.75,72,1,938047,71,13967360,,,
superblock,ico-rhombus,jpeg-residual-q80,view-fill,fast,explore,50,20,0.03,0.25,0.25,0,0,0.01538462,0.9846154,0.9846154,3.344779,3.332586,959347,155366.4,0,73,2,938047,71,13967360,,,
superblock,ico-rhombus,jpeg-residual-q80,view-fill,moderate-mobile,explore,10,50,0.06,0.5,0.5,0.08159595,5.22214,0.01538462,0.9692308,0.9692308,3.426375,3.332586,959347,155366.4,0,73,2,938047,71,13967360,,,
superblock,ico-rhombus,jpeg-residual-q80,view-fill,constrained-mobile,explore,2,100,0.12,1.25,1.75,0.4963926,10.31496,0.01538462,0.9230769,0.8923077,3.841172,3.332586,969219.6,155366.4,9872.55,73,2,938047,71,13967360,,,
superblock,ico-rhombus,jpeg-residual-q80,view-fill,very-constrained,explore,0.75,150,0.2,3.25,4,1.747229,12.3332,0.01538462,0.7692308,0.5846154,5.092008,3.332586,977520.3,157354.9,18173.29,80,9,938047,71,13967360,,,
superblock,ico-rhombus,jpeg-residual-q80,global,fast,explore,50,20,0.03,0.5,0.5,0.04918402,3.147777,0.01538462,0.9692308,0.9692308,3.393963,3.332586,959347,155366.4,0,71,0,938047,71,13967360,,,
superblock,ico-rhombus,jpeg-residual-q80,global,moderate-mobile,explore,10,50,0.06,0.75,1,0.2670589,9.29574,0.01538462,0.9538462,0.9384615,3.611838,3.332586,959347,155366.4,0,71,0,938047,71,13967360,,,
superblock,ico-rhombus,jpeg-residual-q80,global,constrained-mobile,explore,2,100,0.12,2,2.25,0.8042266,12.3332,0.01538462,0.8769231,0.8615385,4.149006,3.332586,959347,155366.4,0,71,0,938047,71,13967360,,,
superblock,ico-rhombus,jpeg-residual-q80,global,very-constrained,explore,0.75,150,0.2,8.5,9.5,2.811126,12.3332,0.01538462,0.4769231,0.4153846,6.155905,3.332586,959347,155366.4,0,71,0,938047,71,13967360,,,
superblock,ico-rhombus,jpeg-replacement-q80,view,fast,explore,50,20,0.03,0.25,0.25,0,0,0.01538462,0.9846154,0.9846154,3.379219,3.366506,1165290,187980.9,0,72,1,1143990,71,13967360,,,
superblock,ico-rhombus,jpeg-replacement-q80,view,moderate-mobile,explore,10,50,0.06,0.5,0.5,0.07365515,4.712009,0.01538462,0.9692308,0.9692308,3.452874,3.366506,1165290,187980.9,0,72,1,1143990,71,13967360,,,
superblock,ico-rhombus,jpeg-replacement-q80,view,constrained-mobile,explore,2,100,0.12,1.75,2,0.6819474,12.35327,0.01538462,0.8923077,0.8769231,4.061166,3.366506,1165290,187980.9,0,71,0,1143990,71,13967360,,,
superblock,ico-rhombus,jpeg-replacement-q80,view,very-constrained,explore,0.75,150,0.2,4,11.5,3.071876,12.35327,0.01538462,0.5076923,0.2769231,6.451094,3.366506,1218890,209268.6,53599.53,75,4,1143990,71,13967360,,,
superblock,ico-rhombus,jpeg-replacement-q80,view-fill,fast,explore,50,20,0.03,0.25,0.25,0,0,0.01538462,0.9846154,0.9846154,3.379219,3.366506,1165290,187980.9,0,73,2,1143990,71,13967360,,,
superblock,ico-rhombus,jpeg-replacement-q80,view-fill,moderate-mobile,explore,10,50,0.06,0.5,0.5,0.07362514,4.712009,0.01538462,0.9692308,0.9692308,3.452844,3.366506,1165290,187980.9,0,75,4,1143990,71,13967360,,,
superblock,ico-rhombus,jpeg-replacement-q80,view-fill,constrained-mobile,explore,2,100,0.12,1.75,2,0.6556332,12.35327,0.01538462,0.8923077,0.8769231,4.034852,3.366506,1187242,190435.1,21951.58,72,1,1143990,71,13967360,,,
superblock,ico-rhombus,jpeg-replacement-q80,view-fill,very-constrained,explore,0.75,150,0.2,4,11.5,3.016439,12.35327,0.01538462,0.5076923,0.2923077,6.395657,3.366506,1218890,209268.6,53599.53,75,4,1143990,71,13967360,,,
superblock,ico-rhombus,jpeg-replacement-q80,view-direct,fast,explore,50,20,0.03,0.25,0.25,0,0,0.01538462,0.9846154,0.9846154,3.379219,3.366506,857186,142408.4,0,41,0,1143990,71,10526720,,,
superblock,ico-rhombus,jpeg-replacement-q80,view-direct,moderate-mobile,explore,10,50,0.06,0.5,0.5,0.1255073,8.03014,0.01538462,0.9692308,0.9692308,3.504726,3.366506,857186,142408.4,0,41,0,1143990,71,10526720,,,
superblock,ico-rhombus,jpeg-replacement-q80,view-direct,constrained-mobile,explore,2,100,0.12,1.25,1.25,0.6768575,12.35327,0.01538462,0.9230769,0.9076923,4.056076,3.366506,871007.9,142416.6,13821.92,42,1,1143990,71,10526720,,,
superblock,ico-rhombus,jpeg-replacement-q80,view-direct,very-constrained,explore,0.75,150,0.2,3,4,2.458143,12.35327,0.01538462,0.7230769,0.5230769,5.837361,3.366506,878528.4,142408.4,21342.42,43,2,1143990,71,10526720,,,
superblock,ico-rhombus,jpeg-replacement-q80,global,fast,explore,50,20,0.03,0.5,0.5,0.04927525,3.153616,0.01538462,0.9692308,0.9692308,3.428494,3.366506,1165290,187980.9,0,71,0,1143990,71,13967360,,,
superblock,ico-rhombus,jpeg-replacement-q80,global,moderate-mobile,explore,10,50,0.06,0.75,1.25,0.2896447,9.302062,0.01538462,0.9538462,0.9230769,3.668863,3.366506,1165290,187980.9,0,71,0,1143990,71,13967360,,,
superblock,ico-rhombus,jpeg-replacement-q80,global,constrained-mobile,explore,2,100,0.12,2.5,2.75,1.005969,12.35327,0.01538462,0.8461538,0.8153846,4.385188,3.366506,1165290,187980.9,0,71,0,1143990,71,13967360,,,
superblock,ico-rhombus,jpeg-replacement-q80,global,very-constrained,explore,0.75,150,0.2,8.5,9.75,3.008862,12.35327,0.01538462,0.4769231,0.4,6.388081,3.366506,1165290,187980.9,0,71,0,1143990,71,13967360,,,
superblock,ico-rhombus,jpeg-replacement-q80-whole,global,fast,explore,50,20,0.03,0.5,0.5,0.04930701,3.155648,0.01538462,0.9692308,0.9692308,3.427783,3.365751,1147011,169404.4,0,41,0,1134711,41,13967360,,,
superblock,ico-rhombus,jpeg-replacement-q80-whole,global,moderate-mobile,explore,10,50,0.06,0.75,1,0.2766892,9.304771,0.01538462,0.9538462,0.9384615,3.655165,3.365751,1147011,169404.4,0,41,0,1134711,41,13967360,,,
superblock,ico-rhombus,jpeg-replacement-q80-whole,global,constrained-mobile,explore,2,100,0.12,3.75,4,1.246089,12.35598,0.01538462,0.7692308,0.7538462,4.624565,3.365751,1147011,169404.4,0,41,0,1134711,41,13967360,,,
superblock,ico-rhombus,jpeg-replacement-q80-whole,global,very-constrained,explore,0.75,150,0.2,10.25,10.25,3.368905,12.35598,0.01538462,0.3692308,0.3692308,6.747381,3.365751,1147011,169404.4,0,41,0,1134711,41,13967360,,,
superblock,ico-rhombus,jpeg-replacement-q80-whole,view-direct,fast,explore,50,20,0.03,0.25,0.25,0,0,0.01538462,0.9846154,0.9846154,3.378476,3.365751,838907,123831.9,0,11,0,1134711,41,10526720,,,
superblock,ico-rhombus,jpeg-replacement-q80-whole,view-direct,moderate-mobile,explore,10,50,0.06,0.5,0.5,0.1930622,12.35598,0.01538462,0.9692308,0.9692308,3.571538,3.365751,838907,123831.9,0,11,0,1134711,41,10526720,,,
superblock,ico-rhombus,jpeg-replacement-q80-whole,view-direct,constrained-mobile,explore,2,100,0.12,1.75,1.75,1.087841,12.35598,0.01538462,0.8769231,0.8615385,4.466317,3.365751,838907,123831.9,0,11,0,1134711,41,10526720,,,
superblock,ico-rhombus,jpeg-replacement-q80-whole,view-direct,very-constrained,explore,0.75,150,0.2,6.75,7.5,4.438325,12.35598,0.01538462,0.4615385,0.4307692,7.8168,3.365751,838907,123831.9,0,11,0,1134711,41,10526720,,,
northrop-mall,oct-ea,haar-residual-d12,view,fast,stationary,50,20,0.03,0.25,0.25,0,0,0.02439024,0.9756098,0.9756098,0.1364985,0.1364985,499608,291860.6,0,21,0,1368079,71,5166080,,,
northrop-mall,oct-ea,haar-residual-d12,view,moderate-mobile,stationary,10,50,0.07,0.5,0.5,0.1910969,7.33662,0.02439024,0.9512195,0.9512195,0.3275954,0.1364985,499608,291860.6,0,21,0,1368079,71,5166080,,,
northrop-mall,oct-ea,haar-residual-d12,view,constrained-mobile,stationary,2,100,0.2,2,2.25,1.42921,10.78647,0.02439024,0.804878,0.7804878,1.565709,0.1364985,499608,291860.6,0,21,0,1368079,71,5166080,,,
northrop-mall,oct-ea,haar-residual-d12,view,very-constrained,stationary,0.75,150,0.42,4.75,5.75,3.812495,10.78647,0.04878049,0.5365854,0.4390244,3.948993,0.1364985,499608,291860.6,0,21,0,1368079,71,5166080,,,
northrop-mall,oct-ea,haar-residual-d12,view-fill,fast,stationary,50,20,0.03,0.25,0.25,0,0,0.02439024,0.9756098,0.9756098,0.1364985,0.1364985,1389379,1181632,0,71,0,1368079,71,17110016,,,
northrop-mall,oct-ea,haar-residual-d12,view-fill,moderate-mobile,stationary,10,50,0.07,0.5,0.5,0.1910969,7.33662,0.02439024,0.9512195,0.9512195,0.3275954,0.1364985,1389379,1181632,0,71,0,1368079,71,17110016,,,
northrop-mall,oct-ea,haar-residual-d12,view-fill,constrained-mobile,stationary,2,100,0.2,2,2.25,1.42921,10.78647,0.02439024,0.804878,0.7804878,1.565709,0.1364985,1389379,1181632,0,71,0,1368079,71,17110016,,,
northrop-mall,oct-ea,haar-residual-d12,view-fill,very-constrained,stationary,0.75,150,0.42,4.75,5.75,3.812495,10.78647,0.04878049,0.5365854,0.4390244,3.948993,0.1364985,895233,687485.6,0,42,0,1368079,71,7934976,,,
northrop-mall,oct-ea,haar-residual-d12,global,fast,stationary,50,20,0.03,0.25,0.5,0.06657879,2.663151,0.02439024,0.9756098,0.9512195,0.2030773,0.1364985,1389379,1181632,0,71,0,1368079,71,17110016,,,
northrop-mall,oct-ea,haar-residual-d12,global,moderate-mobile,stationary,10,50,0.07,0.75,1,0.4099905,9.256156,0.02439024,0.9268293,0.902439,0.546489,0.1364985,1389379,1181632,0,71,0,1368079,71,17110016,,,
northrop-mall,oct-ea,haar-residual-d12,global,constrained-mobile,stationary,2,100,0.2,3,3.75,2.32166,10.78647,0.02439024,0.7073171,0.6341463,2.458159,0.1364985,1389379,1181632,0,71,0,1368079,71,17110016,,,
northrop-mall,oct-ea,haar-residual-d12,global,very-constrained,stationary,0.75,150,0.42,7.75,9.75,6.045672,10.78647,0.04878049,0.2439024,0.04878049,6.18217,0.1364985,909586,701893.4,0,43,0,1368079,71,8197120,,,
northrop-mall,oct-ea,haar-residual-d12-p0.5,view,fast,stationary,50,20,0.03,0.25,0.25,0,0,0.02439024,0.9756098,0.9756098,0.7959125,0.7959125,435208,243782.8,0,21,0,1251881,71,5166080,,,
northrop-mall,oct-ea,haar-residual-d12-p0.5,view,moderate-mobile,stationary,10,50,0.07,0.5,0.5,0.1727064,6.764058,0.02439024,0.9512195,0.9512195,0.9686189,0.7959125,435208,243782.8,0,21,0,1251881,71,5166080,,,
northrop-mall,oct-ea,haar-residual-d12-p0.5,view,constrained-mobile,stationary,2,100,0.17,1.75,1.75,1.023271,10.1407,0.02439024,0.8292683,0.8292683,1.819183,0.7959125,435208,243782.8,0,21,0,1251881,71,5166080,,,
northrop-mall,oct-ea,haar-residual-d12-p0.5,view,very-constrained,stationary,0.75,150,0.32,4,4.25,2.707891,10.1407,0.04878049,0.6097561,0.5853659,3.503804,0.7959125,435208,243782.8,0,21,0,1251881,71,5166080,,,
northrop-mall,oct-ea,jpeg-residual-q80,view,fast,stationary,50,20,0.03,0.25,0.25,0,0,0.02439024,0.9756098,0.9756098,0.8119793,0.8119793,330845,174507.2,0,21,0,1007801,71,5166080,,,
northrop-mall,oct-ea,jpeg-residual-q80,view,moderate-mobile,stationary,10,50,0.06,0.5,0.5,0.1100486,4.401944,0.02439024,0.9512195,0.9512195,0.9220279,0.8119793,330845,174507.2,0,21,0,1007801,71,5166080,,,
northrop-mall,oct-ea,jpeg-residual-q80,view,constrained-mobile,stationary,2,100,0.12,1.25,1.5,0.7422943,10.44939,0.02439024,0.8780488,0.8536585,1.554274,0.8119793,330845,174507.2,0,21,0,1007801,71,5166080,,,
northrop-mall,oct-ea,jpeg-residual-q80,view,very-constrained,stationary,0.75,150,0.21,3.25,3.75,2.043865,10.44939,0.02439024,0.6829268,0.6341463,2.855844,0.8119793,330845,174507.2,0,21,0,1007801,71,5166080,,,
northrop-mall,oct-ea,jpeg-residual-q80,view-fill,fast,stationary,50,20,0.03,0.25,0.25,0,0,0.02439024,0.9756098,0.9756098,0.8119793,0.8119793,1029101,872763.2,0,71,0,1007801,71,17110016,,,
northrop-mall,oct-ea,jpeg-residual-q80,view-fill,moderate-mobile,stationary,10,50,0.06,0.5,0.5,0.1100486,4.401944,0.02439024,0.9512195,0.9512195,0.9220279,0.8119793,1029101,872763.2,0,71,0,1007801,71,17110016,,,
northrop-mall,oct-ea,jpeg-residual-q80,view-fill,constrained-mobile,stationary,2,100,0.12,1.25,1.5,0.7422943,10.44939,0.02439024,0.8780488,0.8536585,1.554274,0.8119793,1029101,872763.2,0,71,0,1007801,71,17110016,,,
northrop-mall,oct-ea,jpeg-residual-q80,view-fill,very-constrained,stationary,0.75,150,0.21,3.25,3.75,2.043865,10.44939,0.02439024,0.6829268,0.6341463,2.855844,0.8119793,893499.5,737161.7,0,69,0,1007801,71,15012864,,,
northrop-mall,oct-ea,jpeg-residual-q80,global,fast,stationary,50,20,0.03,0.25,0.25,0.0002456682,0.009826728,0.02439024,0.9756098,0.9756098,0.812225,0.8119793,1029101,872763.2,0,71,0,1007801,71,17110016,,,
northrop-mall,oct-ea,jpeg-residual-q80,global,moderate-mobile,stationary,10,50,0.06,0.75,0.75,0.2526605,5.708449,0.02439024,0.9268293,0.9268293,1.06464,0.8119793,1029101,872763.2,0,71,0,1007801,71,17110016,,,
northrop-mall,oct-ea,jpeg-residual-q80,global,constrained-mobile,stationary,2,100,0.12,2,2.5,1.224607,10.44939,0.02439024,0.804878,0.7560976,2.036587,0.8119793,1029101,872763.2,0,71,0,1007801,71,17110016,,,
northrop-mall,oct-ea,jpeg-residual-q80,global,very-constrained,stationary,0.75,150,0.21,4.75,6.25,3.27106,10.44939,0.02439024,0.5365854,0.3902439,4.08304,0.8119793,905025.5,748687.7,0,69,0,1007801,71,15012864,,,
northrop-mall,oct-ea,jpeg-replacement-q80,view,fast,stationary,50,20,0.03,0.25,0.25,0,0,0.02439024,0.9756098,0.9756098,0.8407769,0.8407769,399561,209608,0,21,0,1218953,71,5166080,,,
northrop-mall,oct-ea,jpeg-replacement-q80,view,moderate-mobile,stationary,10,50,0.06,0.5,0.5,0.1096211,4.384844,0.02439024,0.9512195,0.9512195,0.950398,0.8407769,399561,209608,0,21,0,1218953,71,5166080,,,
northrop-mall,oct-ea,jpeg-replacement-q80,view,constrained-mobile,stationary,2,100,0.12,1.5,1.5,0.9406387,10.42059,0.02439024,0.8536585,0.8536585,1.781416,0.8407769,399561,209608,0,21,0,1218953,71,5166080,,,
northrop-mall,oct-ea,jpeg-replacement-q80,view,very-constrained,stationary,0.75,150,0.21,3.75,4.25,2.445754,10.42059,0.02439024,0.6341463,0.5853659,3.286531,0.8407769,399561,209608,0,21,0,1218953,71,5166080,,,
northrop-mall,oct-ea,jpeg-replacement-q80,view-fill,fast,stationary,50,20,0.03,0.25,0.25,0,0,0.02439024,0.9756098,0.9756098,0.8407769,0.8407769,1240253,1050300,0,71,0,1218953,71,17110016,,,
northrop-mall,oct-ea,jpeg-replacement-q80,view-fill,moderate-mobile,stationary,10,50,0.06,0.5,0.5,0.1096211,4.384844,0.02439024,0.9512195,0.9512195,0.950398,0.8407769,1240253,1050300,0,71,0,1218953,71,17110016,,,
northrop-mall,oct-ea,jpeg-replacement-q80,view-fill,constrained-mobile,stationary,2,100,0.12,1.5,1.5,0.9406387,10.42059,0.02439024,0.8536585,0.8536585,1.781416,0.8407769,1240253,1050300,0,71,0,1218953,71,17110016,,,
northrop-mall,oct-ea,jpeg-replacement-q80,view-fill,very-constrained,stationary,0.75,150,0.21,3.75,4.25,2.445754,10.42059,0.02439024,0.6341463,0.5853659,3.286531,0.8407769,894561,704608,0,61,0,1218953,71,12915712,,,
northrop-mall,oct-ea,jpeg-replacement-q80,view-direct,fast,stationary,50,20,0.03,0.25,0.25,0,0,0.02439024,0.9756098,0.9756098,0.8407769,0.8407769,258372,116526.7,0,13,0,1218953,71,3195904,,,
northrop-mall,oct-ea,jpeg-replacement-q80,view-direct,moderate-mobile,stationary,10,50,0.06,0.5,0.5,0.07529143,3.011657,0.02439024,0.9512195,0.9512195,0.9160683,0.8407769,258372,116526.7,0,13,0,1218953,71,3195904,,,
northrop-mall,oct-ea,jpeg-replacement-q80,view-direct,constrained-mobile,stationary,2,100,0.12,1.25,1.25,0.8442654,10.42059,0.02439024,0.8780488,0.8780488,1.685042,0.8407769,258372,116526.7,0,13,0,1218953,71,3195904,,,
northrop-mall,oct-ea,jpeg-replacement-q80,view-direct,very-constrained,stationary,0.75,150,0.21,2.75,3.25,2.141145,10.42059,0.02439024,0.7317073,0.6829268,2.981922,0.8407769,258372,116526.7,0,13,0,1218953,71,3195904,,,
northrop-mall,oct-ea,jpeg-replacement-q80,global,fast,stationary,50,20,0.03,0.25,0.25,0.004109868,0.1643947,0.02439024,0.9756098,0.9756098,0.8448867,0.8407769,1240253,1050300,0,71,0,1218953,71,17110016,,,
northrop-mall,oct-ea,jpeg-replacement-q80,global,moderate-mobile,stationary,10,50,0.06,0.75,0.75,0.2854122,7.026455,0.02439024,0.9268293,0.9268293,1.126189,0.8407769,1240253,1050300,0,71,0,1218953,71,17110016,,,
northrop-mall,oct-ea,jpeg-replacement-q80,global,constrained-mobile,stationary,2,100,0.12,2.25,3,1.474212,10.42059,0.02439024,0.7804878,0.7073171,2.314989,0.8407769,1240253,1050300,0,71,0,1218953,71,17110016,,,
northrop-mall,oct-ea,jpeg-replacement-q80,global,very-constrained,stationary,0.75,150,0.21,5.5,7.5,3.951345,10.42059,0.02439024,0.4634146,0.2682927,4.792122,0.8407769,909554.5,719601.5,0,61,0,1218953,71,12915712,,,
northrop-mall,oct-ea,jpeg-replacement-q80-whole,global,fast,stationary,50,20,0.03,0.25,0.25,0,0,0.02439024,0.9756098,0.9756098,0.8397562,0.8397562,1205997,1059748,0,5,0,1204497,5,17110016,,,
northrop-mall,oct-ea,jpeg-replacement-q80-whole,global,moderate-mobile,stationary,10,50,0.06,1.25,1.25,0.6210615,8.945009,0.02439024,0.8780488,0.8780488,1.460818,0.8397562,1205997,1059748,0,5,0,1204497,5,17110016,,,
northrop-mall,oct-ea,jpeg-replacement-q80-whole,global,constrained-mobile,stationary,2,100,0.12,5.25,5.25,3.028134,10.42161,0.02439024,0.4878049,0.4878049,3.86789,0.8397562,1205997,1059748,0,5,0,1204497,5,17110016,,,
northrop-mall,oct-ea,jpeg-replacement-q80-whole,global,very-constrained,stationary,0.75,150,0.21,,,6.588318,10.42161,0.02439024,0,0,7.428074,0.8397562,909554.5,799186,0,5,0,1204497,5,4264960,,,
northrop-mall,oct-ea,jpeg-replacement-q80-whole,view-direct,fast,stationary,50,20,0.03,0.25,0.25,0,0,0.02439024,0.9756098,0.9756098,0.8397562,0.8397562,892685,784604.9,0,2,0,1204497,5,12895232,,,
northrop-mall,oct-ea,jpeg-replacement-q80-whole,view-direct,moderate-mobile,stationary,10,50,0.06,1,1,0.781621,10.42161,0.02439024,0.902439,0.902439,1.621377,0.8397562,892685,784604.9,0,2,0,1204497,5,12895232,,,
northrop-mall,oct-ea,jpeg-replacement-q80-whole,view-direct,constrained-mobile,stationary,2,100,0.12,4,4,3.908105,10.42161,0.02439024,0.6097561,0.6097561,4.747861,0.8397562,892685,784604.9,0,2,0,1204497,5,12895232,,,
northrop-mall,oct-ea,jpeg-replacement-q80-whole,view-direct,very-constrained,stationary,0.75,150,0.21,10,10,10.16107,10.42161,0.02439024,0.02439024,0.02439024,11.00083,0.8397562,892685,784604.9,0,2,0,1204497,5,12895232,,,
bookstore,oct-ea,haar-residual-d12,view,fast,stationary,50,20,0.03,0.25,0.25,0,0,0.02439024,0.9756098,0.9756098,1.553755,1.553755,200590,132398.7,0,21,0,503143,71,5166080,,,
bookstore,oct-ea,haar-residual-d12,view,moderate-mobile,stationary,10,50,0.07,0.5,0.5,0.1122005,4.488021,0.02439024,0.9512195,0.9512195,1.665956,1.553755,200590,132398.7,0,21,0,503143,71,5166080,,,
bookstore,oct-ea,haar-residual-d12,view,constrained-mobile,stationary,2,100,0.19,1,1,1.107462,14.4778,0.02439024,0.902439,0.902439,2.661217,1.553755,200590,132398.7,0,21,0,503143,71,5166080,,,
bookstore,oct-ea,haar-residual-d12,view,very-constrained,stationary,0.75,150,0.37,2.25,2.5,2.400303,14.4778,0.04878049,0.7804878,0.7560976,3.954058,1.553755,200590,132398.7,0,21,0,503143,71,5166080,,,
bookstore,oct-ea,haar-residual-d12,view-fill,fast,stationary,50,20,0.03,0.25,0.25,0,0,0.02439024,0.9756098,0.9756098,1.553755,1.553755,524443,456251.7,0,71,0,503143,71,17110016,,,
bookstore,oct-ea,haar-residual-d12,view-fill,moderate-mobile,stationary,10,50,0.07,0.5,0.5,0.1122005,4.488021,0.02439024,0.9512195,0.9512195,1.665956,1.553755,524443,456251.7,0,71,0,503143,71,17110016,,,
bookstore,oct-ea,haar-residual-d12,view-fill,constrained-mobile,stationary,2,100,0.19,1,1,1.107462,14.4778,0.02439024,0.902439,0.902439,2.661217,1.553755,524443,456251.7,0,71,0,503143,71,17110016,,,
bookstore,oct-ea,haar-residual-d12,view-fill,very-constrained,stationary,0.75,150,0.37,2.25,2.5,2.400303,14.4778,0.04878049,0.7804878,0.7560976,3.954058,1.553755,524443,456251.7,0,71,0,503143,71,17110016,,,
bookstore,oct-ea,haar-residual-d12,global,fast,stationary,50,20,0.03,0.25,0.25,0.0003017179,0.01206872,0.02439024,0.9756098,0.9756098,1.554057,1.553755,524443,456251.7,0,71,0,503143,71,17110016,,,
bookstore,oct-ea,haar-residual-d12,global,moderate-mobile,stationary,10,50,0.07,0.5,0.75,0.2377265,7.413306,0.02439024,0.9512195,0.9268293,1.791481,1.553755,524443,456251.7,0,71,0,503143,71,17110016,,,
bookstore,oct-ea,haar-residual-d12,global,constrained-mobile,stationary,2,100,0.19,1.75,1.75,1.46298,14.4778,0.02439024,0.8292683,0.8292683,3.016735,1.553755,524443,456251.7,0,71,0,503143,71,17110016,,,
bookstore,oct-ea,haar-residual-d12,global,very-constrained,stationary,0.75,150,0.37,3.75,4.5,3.584315,14.4778,0.04878049,0.6341463,0.5609756,5.13807,1.553755,524443,456251.7,0,71,0,503143,71,17110016,,,
bookstore,oct-ea,haar-residual-d12-p0.5,view,fast,stationary,50,20,0.03,0.25,0.25,0,0,0.02439024,0.9756098,0.9756098,4.240993,4.240993,153915,95563.62,0,21,0,427258,71,5166080,,,
bookstore,oct-ea,haar-residual-d12-p0.5,view,moderate-mobile,stationary,10,50,0.06,0.25,0.5,0.07180991,2.872396,0.02439024,0.9756098,0.9512195,4.312802,4.240993,153915,95563.62,0,21,0,427258,71,5166080,,,
bookstore,oct-ea,haar-residual-d12-p0.5,view,constrained-mobile,stationary,2,100,0.15,0.75,1,0.6420963,11.84398,0.02439024,0.9268293,0.902439,4.883089,4.240993,153915,95563.62,0,21,0,427258,71,5166080,,,
bookstore,oct-ea,haar-residual-d12-p0.5,view,very-constrained,stationary,0.75,150,0.27,1.5,2,1.354278,11.84398,0.04878049,0.8536585,0.804878,5.595271,4.240993,153915,95563.62,0,21,0,427258,71,5166080,,,
bookstore,oct-ea,jpeg-residual-q80,view,fast,stationary,50,20,0.03,0.25,0.25,0,0,0.02439024,0.9756098,0.9756098,1.986906,1.986906,142697,82602.88,0,21,0,455249,71,5166080,,,
bookstore,oct-ea,jpeg-residual-q80,view,moderate-mobile,stationary,10,50,0.06,0.5,0.5,0.1278194,5.112775,0.02439024,0.9512195,0.9512195,2.114726,1.986906,142697,82602.88,0,21,0,455249,71,5166080,,,
bookstore,oct-ea,jpeg-residual-q80,view,constrained-mobile,stationary,2,100,0.12,0.75,0.75,0.5050583,14.51019,0.02439024,0.9268293,0.9268293,2.491965,1.986906,142697,82602.88,0,21,0,455249,71,5166080,,,
bookstore,oct-ea,jpeg-residual-q80,view,very-constrained,stationary,0.75,150,0.2,1.75,2,1.500705,14.51019,0.02439024,0.8292683,0.804878,3.487611,1.986906,142697,82602.88,0,21,0,455249,71,5166080,,,
bookstore,oct-ea,jpeg-residual-q80,view-fill,fast,stationary,50,20,0.03,0.25,0.25,0,0,0.02439024,0.9756098,0.9756098,1.986906,1.986906,476549,416454.9,0,71,0,455249,71,17110016,,,
bookstore,oct-ea,jpeg-residual-q80,view-fill,moderate-mobile,stationary,10,50,0.06,0.5,0.5,0.1278194,5.112775,0.02439024,0.9512195,0.9512195,2.114726,1.986906,476549,416454.9,0,71,0,455249,71,17110016,,,
bookstore,oct-ea,jpeg-residual-q80,view-fill,constrained-mobile,stationary,2,100,0.12,0.75,0.75,0.5050583,14.51019,0.02439024,0.9268293,0.9268293,2.491965,1.986906,476549,416454.9,0,71,0,455249,71,17110016,,,
bookstore,oct-ea,jpeg-residual-q80,view-fill,very-constrained,stationary,0.75,150,0.2,1.75,2,1.500705,14.51019,0.02439024,0.8292683,0.804878,3.487611,1.986906,476549,416454.9,0,71,0,455249,71,17110016,,,
bookstore,oct-ea,jpeg-residual-q80,global,fast,stationary,50,20,0.03,0.25,0.25,0.0003740764,0.01496305,0.02439024,0.9756098,0.9756098,1.98728,1.986906,476549,416454.9,0,71,0,455249,71,17110016,,,
bookstore,oct-ea,jpeg-residual-q80,global,moderate-mobile,stationary,10,50,0.06,0.5,0.75,0.2597578,7.852875,0.02439024,0.9512195,0.9268293,2.246664,1.986906,476549,416454.9,0,71,0,455249,71,17110016,,,
bookstore,oct-ea,jpeg-residual-q80,global,constrained-mobile,stationary,2,100,0.12,1.25,1.5,0.8844991,14.51019,0.02439024,0.8780488,0.8536585,2.871406,1.986906,476549,416454.9,0,71,0,455249,71,17110016,,,
bookstore,oct-ea,jpeg-residual-q80,global,very-constrained,stationary,0.75,150,0.2,2.75,3.25,2.276144,14.51019,0.02439024,0.7317073,0.6829268,4.26305,1.986906,476549,416454.9,0,71,0,455249,71,17110016,,,
bookstore,oct-ea,jpeg-replacement-q80,view,fast,stationary,50,20,0.03,0.25,0.25,0,0,0.02439024,0.9756098,0.9756098,1.966836,1.966836,175517,100129.6,0,21,0,560736,71,5166080,,,
bookstore,oct-ea,jpeg-replacement-q80,view,moderate-mobile,stationary,10,50,0.06,0.5,0.5,0.1280362,5.121449,0.02439024,0.9512195,0.9512195,2.094872,1.966836,175517,100129.6,0,21,0,560736,71,5166080,,,
bookstore,oct-ea,jpeg-replacement-q80,view,constrained-mobile,stationary,2,100,0.12,1,1,0.5827366,14.53026,0.02439024,0.902439,0.902439,2.549573,1.966836,175517,100129.6,0,21,0,560736,71,5166080,,,
bookstore,oct-ea,jpeg-replacement-q80,view,very-constrained,stationary,0.75,150,0.2,2,2,1.792298,14.53026,0.02439024,0.804878,0.804878,3.759134,1.966836,175517,100129.6,0,21,0,560736,71,5166080,,,
bookstore,oct-ea,jpeg-replacement-q80,view-fill,fast,stationary,50,20,0.03,0.25,0.25,0,0,0.02439024,0.9756098,0.9756098,1.966836,1.966836,582036,506648.6,0,71,0,560736,71,17110016,,,
bookstore,oct-ea,jpeg-replacement-q80,view-fill,moderate-mobile,stationary,10,50,0.06,0.5,0.5,0.1280362,5.121449,0.02439024,0.9512195,0.9512195,2.094872,1.966836,582036,506648.6,0,71,0,560736,71,17110016,,,
bookstore,oct-ea,jpeg-replacement-q80,view-fill,constrained-mobile,stationary,2,100,0.12,1,1,0.5827366,14.53026,0.02439024,0.902439,0.902439,2.549573,1.966836,582036,506648.6,0,71,0,560736,71,17110016,,,
bookstore,oct-ea,jpeg-replacement-q80,view-fill,very-constrained,stationary,0.75,150,0.2,2,2,1.792298,14.53026,0.02439024,0.804878,0.804878,3.759134,1.966836,582036,506648.6,0,71,0,560736,71,17110016,,,
bookstore,oct-ea,jpeg-replacement-q80,view-direct,fast,stationary,50,20,0.03,0.25,0.25,0,0,0.02439024,0.9756098,0.9756098,1.966836,1.966836,96787,43699.76,0,13,0,560736,71,3195904,,,
bookstore,oct-ea,jpeg-replacement-q80,view-direct,moderate-mobile,stationary,10,50,0.06,0.25,0.25,0,0,0.02439024,0.9756098,0.9756098,1.966836,1.966836,96787,43699.76,0,13,0,560736,71,3195904,,,
bookstore,oct-ea,jpeg-replacement-q80,view-direct,constrained-mobile,stationary,2,100,0.12,0.75,0.75,0.4944809,14.53026,0.02439024,0.9268293,0.9268293,2.461317,1.966836,96787,43699.76,0,13,0,560736,71,3195904,,,
bookstore,oct-ea,jpeg-replacement-q80,view-direct,very-constrained,stationary,0.75,150,0.2,1.5,1.5,1.488809,14.53026,0.02439024,0.8536585,0.8536585,3.455645,1.966836,96787,43699.76,0,13,0,560736,71,3195904,,,
bookstore,oct-ea,jpeg-replacement-q80,global,fast,stationary,50,20,0.03,0.25,0.25,0,0,0.02439024,0.9756098,0.9756098,1.966836,1.966836,582036,506648.6,0,71,0,560736,71,17110016,,,
bookstore,oct-ea,jpeg-replacement-q80,global,moderate-mobile,stationary,10,50,0.06,0.5,0.75,0.2907999,9.104303,0.02439024,0.9512195,0.9268293,2.257636,1.966836,582036,506648.6,0,71,0,560736,71,17110016,,,
bookstore,oct-ea,jpeg-replacement-q80,global,constrained-mobile,stationary,2,100,0.12,1.5,1.75,1.029841,14.53026,0.02439024,0.8536585,0.8292683,2.996677,1.966836,582036,506648.6,0,71,0,560736,71,17110016,,,
bookstore,oct-ea,jpeg-replacement-q80,global,very-constrained,stationary,0.75,150,0.2,3.25,4,2.791574,14.53026,0.02439024,0.6829268,0.6097561,4.75841,1.966836,582036,506648.6,0,71,0,560736,71,17110016,,,
bookstore,oct-ea,jpeg-replacement-q80-whole,global,fast,stationary,50,20,0.03,0.25,0.25,0,0,0.02439024,0.9756098,0.9756098,1.964566,1.964566,545050,478905.1,0,5,0,543550,5,17110016,,,
bookstore,oct-ea,jpeg-replacement-q80-whole,global,moderate-mobile,stationary,10,50,0.06,0.75,0.75,0.3575793,9.159451,0.02439024,0.9268293,0.9268293,2.322146,1.964566,545050,478905.1,0,5,0,543550,5,17110016,,,
bookstore,oct-ea,jpeg-replacement-q80-whole,global,constrained-mobile,stationary,2,100,0.12,2.5,2.5,1.866968,14.53253,0.02439024,0.7560976,0.7560976,3.831535,1.964566,545050,478905.1,0,5,0,543550,5,17110016,,,
bookstore,oct-ea,jpeg-replacement-q80-whole,global,very-constrained,stationary,0.75,150,0.2,6.25,6.25,5.014339,14.53253,0.02439024,0.3902439,0.3902439,6.978905,1.964566,545050,478905.1,0,5,0,543550,5,17110016,,,
bookstore,oct-ea,jpeg-replacement-q80-whole,view-direct,fast,stationary,50,20,0.03,0.25,0.25,0,0,0.02439024,0.9756098,0.9756098,1.964566,1.964566,372384,327285.4,0,2,0,543550,5,12895232,,,
bookstore,oct-ea,jpeg-replacement-q80-whole,view-direct,moderate-mobile,stationary,10,50,0.06,0.5,0.5,0.3633133,14.53253,0.02439024,0.9512195,0.9512195,2.32788,1.964566,372384,327285.4,0,2,0,543550,5,12895232,,,
bookstore,oct-ea,jpeg-replacement-q80-whole,view-direct,constrained-mobile,stationary,2,100,0.12,1.75,1.75,2.17988,14.53253,0.02439024,0.8292683,0.8292683,4.144446,1.964566,372384,327285.4,0,2,0,543550,5,12895232,,,
bookstore,oct-ea,jpeg-replacement-q80-whole,view-direct,very-constrained,stationary,0.75,150,0.2,4.5,4.5,6.176325,14.53253,0.02439024,0.5609756,0.5609756,8.140892,1.964566,372384,327285.4,0,2,0,543550,5,12895232,,,
superblock,oct-ea,haar-residual-d12,view,fast,stationary,50,20,0.03,0.25,0.25,0,0,0.02439024,0.9756098,0.9756098,1.412804,1.412804,501607,362783.4,0,21,0,1677161,71,5166080,,,
superblock,oct-ea,haar-residual-d12,view,moderate-mobile,stationary,10,50,0.08,0.5,0.5,0.2609772,10.07714,0.02439024,0.9512195,0.9512195,1.673782,1.412804,501607,362783.4,0,21,0,1677161,71,5166080,,,
superblock,oct-ea,haar-residual-d12,view,constrained-mobile,stationary,2,100,0.21,2,2,1.676079,11.97754,0.02439024,0.804878,0.804878,3.088884,1.412804,501607,362783.4,0,21,0,1677161,71,5166080,,,
superblock,oct-ea,haar-residual-d12,view,very-constrained,stationary,0.75,150,0.44,4.75,4.75,4.628813,11.97754,0.04878049,0.5365854,0.5365854,6.041617,1.412804,501607,362783.4,0,21,0,1677161,71,5166080,,,
superblock,oct-ea,haar-residual-d12,view-fill,fast,stationary,50,20,0.03,0.25,0.25,0,0,0.02439024,0.9756098,0.9756098,1.412804,1.412804,1698461,1559637,0,71,0,1677161,71,17110016,,,
superblock,oct-ea,haar-residual-d12,view-fill,moderate-mobile,stationary,10,50,0.08,0.5,0.5,0.2609772,10.07714,0.02439024,0.9512195,0.9512195,1.673782,1.412804,1698461,1559637,0,71,0,1677161,71,17110016,,,
superblock,oct-ea,haar-residual-d12,view-fill,constrained-mobile,stationary,2,100,0.21,2,2,1.676079,11.97754,0.02439024,0.804878,0.804878,3.088884,1.412804,1698461,1559637,0,71,0,1677161,71,17110016,,,
superblock,oct-ea,haar-residual-d12,view-fill,very-constrained,stationary,0.75,150,0.44,4.75,4.75,4.628813,11.97754,0.04878049,0.5365854,0.5365854,6.041617,1.412804,895357,756533.4,0,37,0,1677161,71,6951936,,,
superblock,oct-ea,haar-residual-d12,global,fast,stationary,50,20,0.03,0.25,0.5,0.05441831,2.176733,0.02439024,0.9756098,0.9512195,1.467223,1.412804,1698461,1559637,0,71,0,1677161,71,17110016,,,
superblock,oct-ea,haar-residual-d12,global,moderate-mobile,stationary,10,50,0.08,1,1,0.4631651,10.07714,0.02439024,0.902439,0.902439,1.875969,1.412804,1698461,1559637,0,71,0,1677161,71,17110016,,,
superblock,oct-ea,haar-residual-d12,global,constrained-mobile,stationary,2,100,0.21,3.5,4,2.547745,11.97754,0.02439024,0.6585366,0.6097561,3.960548,1.412804,1698461,1559637,0,71,0,1677161,71,17110016,,,
superblock,oct-ea,haar-residual-d12,global,very-constrained,stationary,0.75,150,0.44,9,10,6.962572,11.97754,0.04878049,0.1219512,0.02439024,8.375377,1.412804,910043,772144.1,0,39,0,1677161,71,7148544,,,
superblock,oct-ea,haar-residual-d12-p0.5,view,fast,stationary,50,20,0.03,0.25,0.25,0,0,0.02439024,0.9756098,0.9756098,3.218391,3.218391,416716,294739.9,0,21,0,1514573,71,5166080,,,
superblock,oct-ea,haar-residual-d12-p0.5,view,moderate-mobile,stationary,10,50,0.07,0.5,0.5,0.1514141,6.056565,0.02439024,0.9512195,0.9512195,3.369805,3.218391,416716,294739.9,0,21,0,1514573,71,5166080,,,
superblock,oct-ea,haar-residual-d12-p0.5,view,constrained-mobile,stationary,2,100,0.18,1.25,1.75,1.036931,10.20204,0.02439024,0.8780488,0.8292683,4.255321,3.218391,416716,294739.9,0,21,0,1514573,71,5166080,,,
superblock,oct-ea,haar-residual-d12-p0.5,view,very-constrained,stationary,0.75,150,0.34,3,4,2.700332,10.20204,0.04878049,0.7073171,0.6097561,5.918722,3.218391,416716,294739.9,0,21,0,1514573,71,5166080,,,
superblock,oct-ea,jpeg-residual-q80,view,fast,stationary,50,20,0.03,0.25,0.25,0,0,0.02439024,0.9756098,0.9756098,2.336491,2.336491,278400,183096.5,0,21,0,1119094,71,5166080,,,
superblock,oct-ea,jpeg-residual-q80,view,moderate-mobile,stationary,10,50,0.06,0.5,0.5,0.1161204,4.644815,0.02439024,0.9512195,0.9512195,2.452612,2.336491,278400,183096.5,0,21,0,1119094,71,5166080,,,
superblock,oct-ea,jpeg-residual-q80,view,constrained-mobile,stationary,2,100,0.12,1,1.25,0.7302631,11.90703,0.02439024,0.902439,0.8780488,3.066754,2.336491,278400,183096.5,0,21,0,1119094,71,5166080,,,
superblock,oct-ea,jpeg-residual-q80,view,very-constrained,stationary,0.75,150,0.21,2.5,3,1.953387,11.90703,0.02439024,0.7560976,0.7073171,4.289878,2.336491,278400,183096.5,0,21,0,1119094,71,5166080,,,
superblock,oct-ea,jpeg-residual-q80,view-fill,fast,stationary,50,20,0.03,0.25,0.25,0,0,0.02439024,0.9756098,0.9756098,2.336491,2.336491,1140394,1045090,0,71,0,1119094,71,17110016,,,
superblock,oct-ea,jpeg-residual-q80,view-fill,moderate-mobile,stationary,10,50,0.06,0.5,0.5,0.1161204,4.644815,0.02439024,0.9512195,0.9512195,2.452612,2.336491,1140394,1045090,0,71,0,1119094,71,17110016,,,
superblock,oct-ea,jpeg-residual-q80,view-fill,constrained-mobile,stationary,2,100,0.12,1,1.25,0.7302631,11.90703,0.02439024,0.902439,0.8780488,3.066754,2.336491,1140394,1045090,0,71,0,1119094,71,17110016,,,
superblock,oct-ea,jpeg-residual-q80,view-fill,very-constrained,stationary,0.75,150,0.21,2.5,3,1.953387,11.90703,0.02439024,0.7560976,0.7073171,4.289878,2.336491,895275,799971.5,0,61,0,1119094,71,12915712,,,
superblock,oct-ea,jpeg-residual-q80,global,fast,stationary,50,20,0.03,0.25,0.25,0.00008041016,0.003216407,0.02439024,0.9756098,0.9756098,2.336572,2.336491,1140394,1045090,0,71,0,1119094,71,17110016,,,
superblock,oct-ea,jpeg-residual-q80,global,moderate-mobile,stationary,10,50,0.06,0.75,0.75,0.2714909,6.215065,0.02439024,0.9268293,0.9268293,2.607982,2.336491,1140394,1045090,0,71,0,1119094,71,17110016,,,
superblock,oct-ea,jpeg-residual-q80,global,constrained-mobile,stationary,2,100,0.12,2,2.25,1.215082,11.90703,0.02439024,0.804878,0.7804878,3.551573,2.336491,1140394,1045090,0,71,0,1119094,71,17110016,,,
superblock,oct-ea,jpeg-residual-q80,global,very-constrained,stationary,0.75,150,0.21,4.75,5.5,3.248613,11.90703,0.02439024,0.5365854,0.4634146,5.585104,2.336491,909675.5,814372,0,62,0,1119094,71,13177856,,,
superblock,oct-ea,jpeg-replacement-q80,view,fast,stationary,50,20,0.03,0.25,0.25,0,0,0.02439024,0.9756098,0.9756098,2.336029,2.336029,340530,222126.4,0,21,0,1369822,71,5166080,,,
superblock,oct-ea,jpeg-replacement-q80,view,moderate-mobile,stationary,10,50,0.06,0.5,0.5,0.1161324,4.645298,0.02439024,0.9512195,0.9512195,2.452162,2.336029,340530,222126.4,0,21,0,1369822,71,5166080,,,
superblock,oct-ea,jpeg-replacement-q80,view,constrained-mobile,stationary,2,100,0.12,1.25,1.5,0.8635185,11.90749,0.02439024,0.8780488,0.8536585,3.199548,2.336029,340530,222126.4,0,21,0,1369822,71,5166080,,,
superblock,oct-ea,jpeg-replacement-q80,view,very-constrained,stationary,0.75,150,0.21,2.75,3.75,2.253168,11.90749,0.02439024,0.7317073,0.6341463,4.589197,2.336029,340530,222126.4,0,21,0,1369822,71,5166080,,,
superblock,oct-ea,jpeg-replacement-q80,view-fill,fast,stationary,50,20,0.03,0.25,0.25,0,0,0.02439024,0.9756098,0.9756098,2.336029,2.336029,1391122,1272718,0,71,0,1369822,71,17110016,,,
superblock,oct-ea,jpeg-replacement-q80,view-fill,moderate-mobile,stationary,10,50,0.06,0.5,0.5,0.1161324,4.645298,0.02439024,0.9512195,0.9512195,2.452162,2.336029,1391122,1272718,0,71,0,1369822,71,17110016,,,
superblock,oct-ea,jpeg-replacement-q80,view-fill,constrained-mobile,stationary,2,100,0.12,1.25,1.5,0.8635185,11.90749,0.02439024,0.8780488,0.8536585,3.199548,2.336029,1391122,1272718,0,71,0,1369822,71,17110016,,,
superblock,oct-ea,jpeg-replacement-q80,view-fill,very-constrained,stationary,0.75,150,0.21,2.75,3.75,2.253168,11.90749,0.02439024,0.7317073,0.6341463,4.589197,2.336029,895530,777126.4,0,52,0,1369822,71,10556416,,,
superblock,oct-ea,jpeg-replacement-q80,view-direct,fast,stationary,50,20,0.03,0.25,0.25,0,0,0.02439024,0.9756098,0.9756098,2.336029,2.336029,183205,98703.86,0,13,0,1369822,71,3195904,,,
superblock,oct-ea,jpeg-replacement-q80,view-direct,moderate-mobile,stationary,10,50,0.06,0.5,0.5,0.08719973,3.487989,0.02439024,0.9512195,0.9512195,2.423229,2.336029,183205,98703.86,0,13,0,1369822,71,3195904,,,
superblock,oct-ea,jpeg-replacement-q80,view-direct,constrained-mobile,stationary,2,100,0.12,1,1,0.639683,11.90749,0.02439024,0.902439,0.902439,2.975712,2.336029,183205,98703.86,0,13,0,1369822,71,3195904,,,
superblock,oct-ea,jpeg-replacement-q80,view-direct,very-constrained,stationary,0.75,150,0.21,2.25,2.5,1.817316,11.90749,0.02439024,0.7804878,0.7560976,4.153345,2.336029,183205,98703.86,0,13,0,1369822,71,3195904,,,
superblock,oct-ea,jpeg-replacement-q80,global,fast,stationary,50,20,0.03,0.25,0.5,0.03066707,1.226683,0.02439024,0.9756098,0.9512195,2.366696,2.336029,1391122,1272718,0,71,0,1369822,71,17110016,,,
superblock,oct-ea,jpeg-replacement-q80,global,moderate-mobile,stationary,10,50,0.06,0.75,0.75,0.3060928,7.600765,0.02439024,0.9268293,0.9268293,2.642122,2.336029,1391122,1272718,0,71,0,1369822,71,17110016,,,
superblock,oct-ea,jpeg-replacement-q80,global,constrained-mobile,stationary,2,100,0.12,2.25,2.5,1.441739,11.90749,0.02439024,0.7804878,0.7560976,3.777768,2.336029,1391122,1272718,0,71,0,1369822,71,17110016,,,
superblock,oct-ea,jpeg-replacement-q80,global,very-constrained,stationary,0.75,150,0.21,5.5,6.75,3.929432,11.90749,0.02439024,0.4634146,0.3414634,6.265462,2.336029,909675.5,791271.9,0,53,0,1369822,71,10818560,,,
superblock,oct-ea,jpeg-replacement-q80-whole,global,fast,stationary,50,20,0.03,0.5,0.5,0.1160888,4.643553,0.02439024,0.9512195,0.9512195,2.450389,2.3343,1351718,1187802,0,5,0,1350218,5,17110016,,,
superblock,oct-ea,jpeg-replacement-q80-whole,global,moderate-mobile,stationary,10,50,0.06,1.25,1.25,0.6776941,10.03461,0.02439024,0.8780488,0.8780488,3.011994,2.3343,1351718,1187802,0,5,0,1350218,5,17110016,,,
superblock,oct-ea,jpeg-replacement-q80-whole,global,constrained-mobile,stationary,2,100,0.12,5.75,5.75,3.6113,11.90922,0.02439024,0.4390244,0.4390244,5.9456,2.3343,1351718,1187802,0,5,0,1350218,5,17110016,,,
superblock,oct-ea,jpeg-replacement-q80-whole,global,very-constrained,stationary,0.75,150,0.21,,,7.592903,11.90922,0.02439024,0,0,9.927203,2.3343,909675.5,799262.7,0,5,0,1350218,5,4264960,,,
superblock,oct-ea,jpeg-replacement-q80-whole,view-direct,fast,stationary,50,20,0.03,0.25,0.25,0,0,0.02439024,0.9756098,0.9756098,2.3343,2.3343,997328,876581.5,0,2,0,1350218,5,12895232,,,
superblock,oct-ea,jpeg-replacement-q80-whole,view-direct,moderate-mobile,stationary,10,50,0.06,1,1,0.8931916,11.90922,0.02439024,0.902439,0.902439,3.227491,2.3343,997328,876581.5,0,2,0,1350218,5,12895232,,,
superblock,oct-ea,jpeg-replacement-q80-whole,view-direct,constrained-mobile,stationary,2,100,0.12,4.25,4.25,4.763688,11.90922,0.02439024,0.5853659,0.5853659,7.097988,2.3343,997328,876581.5,0,2,0,1350218,5,12895232,,,
superblock,oct-ea,jpeg-replacement-q80-whole,view-direct,very-constrained,stationary,0.75,150,0.21,,,11.90922,11.90922,0.02439024,0,0,14.24352,2.3343,909675.5,799538.1,0,2,0,1350218,5,50176,,,
northrop-mall,oct-ea,haar-residual-d12,view,fast,slow-turn,50,20,0.03,0.25,0.25,0,0,0.01234568,0.9876543,0.9876543,0.3018696,0.299828,1252162,381530.4,0,61,0,1368079,71,14685184,,,
northrop-mall,oct-ea,haar-residual-d12,view,moderate-mobile,slow-turn,10,50,0.07,0.5,0.5,0.1069644,8.548574,0.01234568,0.9753086,0.9753086,0.408834,0.299828,1252162,381530.4,0,61,0,1368079,71,14685184,,,
northrop-mall,oct-ea,haar-residual-d12,view,constrained-mobile,slow-turn,2,100,0.2,2.25,2.25,0.8290099,10.83204,0.01234568,0.8888889,0.8888889,1.130879,0.299828,1252162,381530.4,0,61,0,1368079,71,14685184,,,
northrop-mall,oct-ea,haar-residual-d12,view,very-constrained,slow-turn,0.75,150,0.42,5.75,6.5,2.283389,10.83204,0.02469136,0.7160494,0.654321,2.587632,0.299828,1252162,381530.4,0,61,0,1368079,71,14685184,,,
northrop-mall,oct-ea,haar-residual-d12,view-fill,fast,slow-turn,50,20,0.03,0.25,0.25,0,0,0.01234568,0.9876543,0.9876543,0.3018696,0.299828,1410907,522607.9,21528,72,1,1368079,71,17110016,,,
northrop-mall,oct-ea,haar-residual-d12,view-fill,moderate-mobile,slow-turn,10,50,0.07,0.5,0.5,0.1069644,8.548574,0.01234568,0.9753086,0.9753086,0.408834,0.299828,1389379,518747.4,0,72,1,1368079,71,17110016,,,
northrop-mall,oct-ea,haar-residual-d12,view-fill,constrained-mobile,slow-turn,2,100,0.2,2.25,2.25,0.8291318,10.83204,0.01234568,0.8888889,0.8888889,1.131001,0.299828,1478292,547988,88912.87,77,6,1368079,71,17110016,,,
northrop-mall,oct-ea,haar-residual-d12,view-fill,very-constrained,slow-turn,0.75,150,0.42,5.75,6.5,2.40049,10.83204,0.02469136,0.7160494,0.6049383,2.704734,0.299828,1465329,523384,75950.48,80,9,1368079,71,17110016,,,
northrop-mall,oct-ea,haar-residual-d12,global,fast,slow-turn,50,20,0.03,0.25,0.5,0.03498528,2.798823,0.01234568,0.9876543,0.9753086,0.3368549,0.299828,1389379,518747.4,0,71,0,1368079,71,17110016,,,
northrop-mall,oct-ea,haar-residual-d12,global,moderate-mobile,slow-turn,10,50,0.07,0.75,1,0.2065877,9.2489,0.01234568,0.962963,0.9506173,0.5084573,0.299828,1389379,518747.4,0,71,0,1368079,71,17110016,,,
northrop-mall,oct-ea,haar-residual-d12,global,constrained-mobile,slow-turn,2,100,0.2,4,4.75,1.355596,10.83204,0.01234568,0.8024691,0.7654321,1.657465,0.299828,1389379,518747.4,0,71,0,1368079,71,17110016,,,
northrop-mall,oct-ea,haar-residual-d12,global,very-constrained,slow-turn,0.75,150,0.42,12.75,13.25,3.89923,10.83204,0.02469136,0.3703704,0.345679,4.203474,0.299828,1389379,518747.4,0,71,0,1368079,71,17110016,,,
northrop-mall,oct-ea,haar-residual-d12-p0.5,view,fast,slow-turn,50,20,0.03,0.25,0.25,0,0,0.01234568,0.9876543,0.9876543,1.086871,1.083278,1137634,340536.5,0,61,0,1251881,71,14685184,,,
northrop-mall,oct-ea,haar-residual-d12-p0.5,view,moderate-mobile,slow-turn,10,50,0.07,0.5,0.5,0.0845019,6.752875,0.01234568,0.9753086,0.9753086,1.171372,1.083278,1137634,340536.5,0,61,0,1251881,71,14685184,,,
northrop-mall,oct-ea,haar-residual-d12-p0.5,view,constrained-mobile,slow-turn,2,100,0.17,1.75,2,0.5677237,10.1842,0.01234568,0.9135802,0.9012346,1.654594,1.083278,1137634,340536.5,0,61,0,1251881,71,14685184,,,
northrop-mall,oct-ea,haar-residual-d12-p0.5,view,very-constrained,slow-turn,0.75,150,0.32,3.75,5.75,1.561282,10.1842,0.02469136,0.7654321,0.7037037,2.652176,1.083278,1154040,350176.6,16406.25,62,1,1251881,71,14685184,,,
northrop-mall,oct-ea,jpeg-residual-q80,view,fast,slow-turn,50,20,0.03,0.25,0.25,0,0,0.01234568,0.9876543,0.9876543,1.051456,1.0485,910531,260793.9,0,61,0,1007801,71,14685184,,,
northrop-mall,oct-ea,jpeg-residual-q80,view,moderate-mobile,slow-turn,10,50,0.06,0.5,0.5,0.08925177,7.140142,0.01234568,0.9753086,0.9753086,1.140708,1.0485,910531,260793.9,0,61,0,1007801,71,14685184,,,
northrop-mall,oct-ea,jpeg-residual-q80,view,constrained-mobile,slow-turn,2,100,0.12,1.5,1.5,0.3837336,10.43102,0.01234568,0.9259259,0.9259259,1.43519,1.0485,910531,260793.9,0,62,1,1007801,71,14685184,,,
northrop-mall,oct-ea,jpeg-residual-q80,view,very-constrained,slow-turn,0.75,150,0.21,3.25,5,1.205813,10.48412,0.01234568,0.8395062,0.7530864,2.257269,1.0485,947425.7,283886.8,36894.74,63,2,1007801,71,14685184,,,
northrop-mall,oct-ea,jpeg-residual-q80,view-fill,fast,slow-turn,50,20,0.03,0.25,0.25,0,0,0.01234568,0.9876543,0.9876543,1.051456,1.0485,1029101,379363.9,0,72,1,1007801,71,17110016,,,
northrop-mall,oct-ea,jpeg-residual-q80,view-fill,moderate-mobile,slow-turn,10,50,0.06,0.5,0.5,0.08925177,7.140142,0.01234568,0.9753086,0.9753086,1.140708,1.0485,1039925,383423.7,10823.8,72,1,1007801,71,17110016,,,
northrop-mall,oct-ea,jpeg-residual-q80,view-fill,constrained-mobile,slow-turn,2,100,0.12,1.5,1.5,0.3837336,10.43102,0.01234568,0.9259259,0.9259259,1.43519,1.0485,1048812,380083.6,19710.5,75,4,1007801,71,17110016,,,
northrop-mall,oct-ea,jpeg-residual-q80,view-fill,very-constrained,slow-turn,0.75,150,0.21,3.25,5,1.248379,10.48412,0.01234568,0.8395062,0.7530864,2.299835,1.0485,1098027,423485.6,68925.99,82,11,1007801,71,17110016,,,
northrop-mall,oct-ea,jpeg-residual-q80,global,fast,slow-turn,50,20,0.03,0.25,0.25,0.0009676145,0.07740916,0.01234568,0.9876543,0.9876543,1.052424,1.0485,1029101,379363.9,0,71,0,1007801,71,17110016,,,
northrop-mall,oct-ea,jpeg-residual-q80,global,moderate-mobile,slow-turn,10,50,0.06,0.75,0.75,0.1297029,5.828327,0.01234568,0.962963,0.962963,1.181159,1.0485,1029101,379363.9,0,71,0,1007801,71,17110016,,,
northrop-mall,oct-ea,jpeg-residual-q80,global,constrained-mobile,slow-turn,2,100,0.12,2.5,3,0.6893061,10.43102,0.01234568,0.8765432,0.8518519,1.740762,1.0485,1029101,379363.9,0,71,0,1007801,71,17110016,,,
northrop-mall,oct-ea,jpeg-residual-q80,global,very-constrained,slow-turn,0.75,150,0.21,9.75,11,2.661856,10.48412,0.01234568,0.5185185,0.4567901,3.713312,1.0485,1029101,379363.9,0,71,0,1007801,71,17110016,,,
northrop-mall,oct-ea,jpeg-replacement-q80,view,fast,slow-turn,50,20,0.03,0.25,0.25,0,0,0.01234568,0.9876543,0.9876543,1.079803,1.076852,1100924,310549.4,0,61,0,1218953,71,14685184,,,
northrop-mall,oct-ea,jpeg-replacement-q80,view,moderate-mobile,slow-turn,10,50,0.06,0.5,0.5,0.05526082,4.420866,0.01234568,0.9753086,0.9753086,1.135064,1.076852,1100924,310549.4,0,61,0,1218953,71,14685184,,,
northrop-mall,oct-ea,jpeg-replacement-q80,view,constrained-mobile,slow-turn,2,100,0.12,1.5,1.5,0.4761985,10.45561,0.01234568,0.9259259,0.9259259,1.556001,1.076852,1100924,310549.4,0,61,0,1218953,71,14685184,,,
northrop-mall,oct-ea,jpeg-replacement-q80,view,very-constrained,slow-turn,0.75,150,0.21,4,5.5,1.481185,10.45561,0.01234568,0.7901235,0.7283951,2.560988,1.076852,1149532,328614.8,48607.51,64,3,1218953,71,14685184,,,
northrop-mall,oct-ea,jpeg-replacement-q80,view-fill,fast,slow-turn,50,20,0.03,0.25,0.25,0,0,0.01234568,0.9876543,0.9876543,1.079803,1.076852,1240253,449878.4,0,72,1,1218953,71,17110016,,,
northrop-mall,oct-ea,jpeg-replacement-q80,view-fill,moderate-mobile,slow-turn,10,50,0.06,0.5,0.5,0.05526082,4.420866,0.01234568,0.9753086,0.9753086,1.135064,1.076852,1250696,453795.2,10442.6,72,1,1218953,71,17110016,,,
northrop-mall,oct-ea,jpeg-replacement-q80,view-fill,constrained-mobile,slow-turn,2,100,0.12,1.5,1.5,0.4759611,10.45561,0.01234568,0.9259259,0.9259259,1.555764,1.076852,1263661,471904.1,23408.47,73,2,1218953,71,17110016,,,
northrop-mall,oct-ea,jpeg-replacement-q80,view-fill,very-constrained,slow-turn,0.75,150,0.21,4,5.5,1.565998,10.45561,0.01234568,0.7901235,0.691358,2.645801,1.076852,1406439,492534.6,166186.1,86,15,1218953,71,17110016,,,
northrop-mall,oct-ea,jpeg-replacement-q80,view-direct,fast,slow-turn,50,20,0.03,0.25,0.25,0,0,0.01234568,0.9876543,0.9876543,1.079803,1.076852,784632,199767.5,0,41,0,1218953,71,10535936,,,
northrop-mall,oct-ea,jpeg-replacement-q80,view-direct,moderate-mobile,slow-turn,10,50,0.06,0.5,0.5,0.04238326,3.390661,0.01234568,0.9753086,0.9753086,1.122186,1.076852,784632,199767.5,0,41,0,1218953,71,10535936,,,
northrop-mall,oct-ea,jpeg-replacement-q80,view-direct,constrained-mobile,slow-turn,2,100,0.12,1.25,1.5,0.4502046,10.45561,0.01234568,0.9382716,0.9259259,1.530007,1.076852,784632,199767.5,0,41,0,1218953,71,10535936,,,
northrop-mall,oct-ea,jpeg-replacement-q80,view-direct,very-constrained,slow-turn,0.75,150,0.21,3.5,3.75,1.4353,10.45561,0.01234568,0.8271605,0.8148148,2.515103,1.076852,801663.3,200067.7,17031.25,42,1,1218953,71,10535936,,,
northrop-mall,oct-ea,jpeg-replacement-q80,global,fast,slow-turn,50,20,0.03,0.25,0.25,0.005687386,0.4549909,0.01234568,0.9876543,0.9876543,1.08549,1.076852,1240253,449878.4,0,71,0,1218953,71,17110016,,,
northrop-mall,oct-ea,jpeg-replacement-q80,global,moderate-mobile,slow-turn,10,50,0.06,0.75,0.75,0.1496149,7.074524,0.01234568,0.962963,0.962963,1.229418,1.076852,1240253,449878.4,0,71,0,1218953,71,17110016,,,
northrop-mall,oct-ea,jpeg-replacement-q80,global,constrained-mobile,slow-turn,2,100,0.12,3,3.75,0.8705844,10.45561,0.01234568,0.8518519,0.8148148,1.950387,1.076852,1240253,449878.4,0,71,0,1218953,71,17110016,,,
northrop-mall,oct-ea,jpeg-replacement-q80,global,very-constrained,slow-turn,0.75,150,0.21,11.5,12.75,3.107344,10.45561,0.01234568,0.4320988,0.3703704,4.187147,1.076852,1240253,449878.4,0,71,0,1218953,71,17110016,,,
northrop-mall,oct-ea,jpeg-replacement-q80-whole,global,fast,slow-turn,50,20,0.03,0.25,0.25,0,0,0.01234568,0.9876543,0.9876543,1.078537,1.075589,1205997,470545.2,0,5,0,1204497,5,17110016,,,
northrop-mall,oct-ea,jpeg-replacement-q80-whole,global,moderate-mobile,slow-turn,10,50,0.06,1.25,1.25,0.310695,8.936216,0.01234568,0.9382716,0.9382716,1.389232,1.075589,1205997,470545.2,0,5,0,1204497,5,17110016,,,
northrop-mall,oct-ea,jpeg-replacement-q80-whole,global,constrained-mobile,slow-turn,2,100,0.12,5.25,5.25,1.515341,10.40348,0.01234568,0.7407407,0.7407407,2.593878,1.075589,1205997,470545.2,0,5,0,1204497,5,17110016,,,
northrop-mall,oct-ea,jpeg-replacement-q80-whole,global,very-constrained,slow-turn,0.75,150,0.21,13.25,13.25,3.9376,10.45671,0.01234568,0.345679,0.345679,5.016137,1.075589,1205997,470545.2,0,5,0,1204497,5,17110016,,,
northrop-mall,oct-ea,jpeg-replacement-q80-whole,view-direct,fast,slow-turn,50,20,0.03,0.25,0.25,0,0,0.01234568,0.9876543,0.9876543,1.078537,1.075589,892685,348748.1,0,2,0,1204497,5,12895232,,,
northrop-mall,oct-ea,jpeg-replacement-q80-whole,view-direct,moderate-mobile,slow-turn,10,50,0.06,1,1,0.390875,10.45671,0.01234568,0.9506173,0.9506173,1.469412,1.075589,892685,348748.1,0,2,0,1204497,5,12895232,,,
northrop-mall,oct-ea,jpeg-replacement-q80-whole,view-direct,constrained-mobile,slow-turn,2,100,0.12,4,4,1.962483,10.82622,0.01234568,0.8024691,0.8024691,3.04102,1.075589,892685,348748.1,0,2,0,1204497,5,12895232,,,
northrop-mall,oct-ea,jpeg-replacement-q80-whole,view-direct,very-constrained,slow-turn,0.75,150,0.21,10,10,5.192265,10.98376,0.01234568,0.5061728,0.5061728,6.270802,1.075589,892685,348748.1,0,2,0,1204497,5,12895232,,,
bookstore,oct-ea,haar-residual-d12,view,fast,slow-turn,50,20,0.03,0.25,0.25,0,0,0.01234568,0.9876543,0.9876543,1.843729,1.840149,500251,130091.8,0,61,0,503143,71,14685184,,,
bookstore,oct-ea,haar-residual-d12,view,moderate-mobile,slow-turn,10,50,0.07,0.5,0.5,0.05710768,4.568615,0.01234568,0.9753086,0.9753086,1.900836,1.840149,500251,130091.8,0,61,0,503143,71,14685184,,,
bookstore,oct-ea,haar-residual-d12,view,constrained-mobile,slow-turn,2,100,0.19,1,1,0.5602852,14.76183,0.01234568,0.9506173,0.9506173,2.404014,1.840149,500251,130091.8,0,61,0,503143,71,14685184,,,
bookstore,oct-ea,haar-residual-d12,view,very-constrained,slow-turn,0.75,150,0.37,2.5,3,1.500444,15.55117,0.02469136,0.8765432,0.8395062,3.348082,1.840149,500251,130091.8,0,61,0,503143,71,14685184,,,
bookstore,oct-ea,haar-residual-d12,view-fill,fast,slow-turn,50,20,0.03,0.25,0.25,0,0,0.01234568,0.9876543,0.9876543,1.843729,1.840149,524443,154283.8,0,72,1,503143,71,17110016,,,
bookstore,oct-ea,haar-residual-d12,view-fill,moderate-mobile,slow-turn,10,50,0.07,0.5,0.5,0.05710768,4.568615,0.01234568,0.9753086,0.9753086,1.900836,1.840149,524443,154283.8,0,71,0,503143,71,17110016,,,
bookstore,oct-ea,haar-residual-d12,view-fill,constrained-mobile,slow-turn,2,100,0.19,1,1,0.5589502,14.76183,0.01234568,0.9506173,0.9506173,2.402679,1.840149,538917,159712.7,14474,73,2,503143,71,17110016,,,
bookstore,oct-ea,haar-residual-d12,view-fill,very-constrained,slow-turn,0.75,150,0.37,2.5,3,1.504453,15.55117,0.02469136,0.8765432,0.8395062,3.352091,1.840149,535622.1,158476.9,11179.05,76,5,503143,71,17110016,,,
bookstore,oct-ea,haar-residual-d12,global,fast,slow-turn,50,20,0.03,0.25,0.25,0.0006573596,0.05258877,0.01234568,0.9876543,0.9876543,1.844386,1.840149,524443,154283.8,0,71,0,503143,71,17110016,,,
bookstore,oct-ea,haar-residual-d12,global,moderate-mobile,slow-turn,10,50,0.07,0.5,0.75,0.1280828,7.606147,0.01234568,0.9753086,0.962963,1.971811,1.840149,524443,154283.8,0,71,0,503143,71,17110016,,,
bookstore,oct-ea,haar-residual-d12,global,constrained-mobile,slow-turn,2,100,0.19,1.75,2,0.7708834,14.76183,0.01234568,0.9135802,0.9012346,2.614612,1.840149,524443,154283.8,0,71,0,503143,71,17110016,,,
bookstore,oct-ea,haar-residual-d12,global,very-constrained,slow-turn,0.75,150,0.37,5.25,6,2.211037,15.55117,0.02469136,0.7407407,0.7037037,4.058675,1.840149,524443,154283.8,0,71,0,503143,71,17110016,,,
bookstore,oct-ea,haar-residual-d12-p0.5,view,fast,slow-turn,50,20,0.03,0.25,0.25,0,0,0.01234568,0.9876543,0.9876543,4.41966,4.417454,424611,104027,0,61,0,427258,71,14685184,,,
bookstore,oct-ea,haar-residual-d12-p0.5,view,moderate-mobile,slow-turn,10,50,0.06,0.5,0.5,0.03788596,3.030877,0.01234568,0.9753086,0.9753086,4.457546,4.417454,424611,104027,0,61,0,427258,71,14685184,,,
bookstore,oct-ea,haar-residual-d12-p0.5,view,constrained-mobile,slow-turn,2,100,0.15,0.75,1,0.3235662,12.1251,0.01234568,0.962963,0.9506173,4.743226,4.417454,424611,104027,0,62,1,427258,71,14685184,,,
bookstore,oct-ea,haar-residual-d12-p0.5,view,very-constrained,slow-turn,0.75,150,0.27,1.75,2.5,0.7487034,12.52669,0.02469136,0.9135802,0.8765432,5.172974,4.417454,424611,104027,0,61,0,427258,71,14685184,,,
bookstore,oct-ea,jpeg-residual-q80,view,fast,slow-turn,50,20,0.03,0.25,0.25,0,0,0.01234568,0.9876543,0.9876543,2.328313,2.324098,435006,111144.6,0,61,0,455249,71,14685184,,,
bookstore,oct-ea,jpeg-residual-q80,view,moderate-mobile,slow-turn,10,50,0.06,0.5,0.5,0.06437404,5.149924,0.01234568,0.9753086,0.9753086,2.392687,2.324098,435006,111144.6,0,61,0,455249,71,14685184,,,
bookstore,oct-ea,jpeg-residual-q80,view,constrained-mobile,slow-turn,2,100,0.12,0.75,0.75,0.2549104,14.41787,0.01234568,0.962963,0.962963,2.583223,2.324098,435006,111144.6,0,61,0,455249,71,14685184,,,
bookstore,oct-ea,jpeg-residual-q80,view,very-constrained,slow-turn,0.75,150,0.2,2,2.25,0.8397832,14.62322,0.01234568,0.9012346,0.8888889,3.168096,2.324098,435006,111144.6,0,61,0,455249,71,14685184,,,
bookstore,oct-ea,jpeg-residual-q80,view-fill,fast,slow-turn,50,20,0.03,0.25,0.25,0,0,0.01234568,0.9876543,0.9876543,2.328313,2.324098,476549,152687.6,0,72,1,455249,71,17110016,,,
bookstore,oct-ea,jpeg-residual-q80,view-fill,moderate-mobile,slow-turn,10,50,0.06,0.5,0.5,0.06437404,5.149924,0.01234568,0.9753086,0.9753086,2.392687,2.324098,476549,152687.6,0,71,0,455249,71,17110016,,,
bookstore,oct-ea,jpeg-residual-q80,view-fill,constrained-mobile,slow-turn,2,100,0.12,0.75,0.75,0.2549104,14.41787,0.01234568,0.962963,0.962963,2.583223,2.324098,484257.3,157201.9,7708.333,74,3,455249,71,17110016,,,
bookstore,oct-ea,jpeg-residual-q80,view-fill,very-constrained,slow-turn,0.75,150,0.2,2,2.25,0.8354675,14.62322,0.01234568,0.9012346,0.8888889,3.163781,2.324098,496524.7,157508.3,19975.71,76,5,455249,71,17110016,,,
bookstore,oct-ea,jpeg-residual-q80,global,fast,slow-turn,50,20,0.03,0.25,0.25,0.0008481611,0.06785289,0.01234568,0.9876543,0.9876543,2.329161,2.324098,476549,152687.6,0,71,0,455249,71,17110016,,,
bookstore,oct-ea,jpeg-residual-q80,global,moderate-mobile,slow-turn,10,50,0.06,0.75,0.75,0.1384795,7.948992,0.01234568,0.962963,0.962963,2.466792,2.324098,476549,152687.6,0,71,0,455249,71,17110016,,,
bookstore,oct-ea,jpeg-residual-q80,global,constrained-mobile,slow-turn,2,100,0.12,1.5,1.75,0.4746298,14.41787,0.01234568,0.9259259,0.9135802,2.802943,2.324098,476549,152687.6,0,71,0,455249,71,17110016,,,
bookstore,oct-ea,jpeg-residual-q80,global,very-constrained,slow-turn,0.75,150,0.2,4.5,5,1.549309,14.62322,0.01234568,0.7777778,0.7530864,3.877622,2.324098,476549,152687.6,0,71,0,455249,71,17110016,,,
bookstore,oct-ea,jpeg-replacement-q80,view,fast,slow-turn,50,20,0.03,0.25,0.25,0,0,0.01234568,0.9876543,0.9876543,2.300585,2.296465,537135,130888,0,61,0,560736,71,14685184,,,
bookstore,oct-ea,jpeg-replacement-q80,view,moderate-mobile,slow-turn,10,50,0.06,0.5,0.5,0.06510587,5.208469,0.01234568,0.9753086,0.9753086,2.365691,2.296465,537135,130888,0,61,0,560736,71,14685184,,,
bookstore,oct-ea,jpeg-replacement-q80,view,constrained-mobile,slow-turn,2,100,0.12,1,1,0.3045352,14.43659,0.01234568,0.9506173,0.9506173,2.60512,2.296465,537135,130888,0,62,1,560736,71,14685184,,,
bookstore,oct-ea,jpeg-replacement-q80,view,very-constrained,slow-turn,0.75,150,0.2,2.5,2.75,1.076484,14.63303,0.01234568,0.8765432,0.8641975,3.377069,2.296465,537135,130888,0,61,0,560736,71,14685184,,,
bookstore,oct-ea,jpeg-replacement-q80,view-fill,fast,slow-turn,50,20,0.03,0.25,0.25,0,0,0.01234568,0.9876543,0.9876543,2.300585,2.296465,582036,175789,0,71,0,560736,71,17110016,,,
bookstore,oct-ea,jpeg-replacement-q80,view-fill,moderate-mobile,slow-turn,10,50,0.06,0.5,0.5,0.06510587,5.208469,0.01234568,0.9753086,0.9753086,2.365691,2.296465,582036,175789,0,71,0,560736,71,17110016,,,
bookstore,oct-ea,jpeg-replacement-q80,view-fill,constrained-mobile,slow-turn,2,100,0.12,1,1,0.3045352,14.43659,0.01234568,0.9506173,0.9506173,2.60512,2.296465,592098,177593.3,10062,75,4,560736,71,17110016,,,
bookstore,oct-ea,jpeg-replacement-q80,view-fill,very-constrained,slow-turn,0.75,150,0.2,2.5,2.75,1.098907,14.63303,0.01234568,0.8765432,0.8518519,3.399492,2.296465,594161.6,181411.2,12125.55,77,6,560736,71,17110016,,,
bookstore,oct-ea,jpeg-replacement-q80,view-direct,fast,slow-turn,50,20,0.03,0.25,0.25,0,0,0.01234568,0.9876543,0.9876543,2.300585,2.296465,356449,70584.56,0,41,0,560736,71,10535936,,,
bookstore,oct-ea,jpeg-replacement-q80,view-direct,moderate-mobile,slow-turn,10,50,0.06,0.25,0.25,0,0,0.01234568,0.9876543,0.9876543,2.300585,2.296465,356449,70584.56,0,41,0,560736,71,10535936,,,
bookstore,oct-ea,jpeg-replacement-q80,view-direct,constrained-mobile,slow-turn,2,100,0.12,0.75,0.75,0.2861601,14.43659,0.01234568,0.962963,0.962963,2.586745,2.296465,356449,70584.56,0,41,0,560736,71,10535936,,,
bookstore,oct-ea,jpeg-replacement-q80,view-direct,very-constrained,slow-turn,0.75,150,0.2,1.75,1.75,0.9314143,14.55293,0.01234568,0.9135802,0.9012346,3.231999,2.296465,356449,70584.56,0,41,0,560736,71,10535936,,,
bookstore,oct-ea,jpeg-replacement-q80,global,fast,slow-turn,50,20,0.03,0.25,0.25,0,0,0.01234568,0.9876543,0.9876543,2.300585,2.296465,582036,175789,0,71,0,560736,71,17110016,,,
bookstore,oct-ea,jpeg-replacement-q80,global,moderate-mobile,slow-turn,10,50,0.06,0.75,0.75,0.152079,9.046241,0.01234568,0.962963,0.962963,2.452664,2.296465,582036,175789,0,71,0,560736,71,17110016,,,
bookstore,oct-ea,jpeg-replacement-q80,global,constrained-mobile,slow-turn,2,100,0.12,1.75,2,0.5604425,14.43659,0.01234568,0.9135802,0.9012346,2.861028,2.296465,582036,175789,0,71,0,560736,71,17110016,,,
bookstore,oct-ea,jpeg-replacement-q80,global,very-constrained,slow-turn,0.75,150,0.2,5.5,6.25,1.964035,14.63303,0.01234568,0.7283951,0.691358,4.26462,2.296465,582036,175789,0,71,0,560736,71,17110016,,,
bookstore,oct-ea,jpeg-replacement-q80-whole,global,fast,slow-turn,50,20,0.03,0.25,0.25,0,0,0.01234568,0.9876543,0.9876543,2.298777,2.294651,545050,212563,0,5,0,543550,5,17110016,,,
bookstore,oct-ea,jpeg-replacement-q80-whole,global,moderate-mobile,slow-turn,10,50,0.06,0.75,0.75,0.1780376,9.079787,0.01234568,0.962963,0.962963,2.476815,2.294651,545050,212563,0,5,0,543550,5,17110016,,,
bookstore,oct-ea,jpeg-replacement-q80-whole,global,constrained-mobile,slow-turn,2,100,0.12,2.5,2.5,0.9430097,14.43884,0.01234568,0.8765432,0.8765432,3.241787,2.294651,545050,212563,0,5,0,543550,5,17110016,,,
bookstore,oct-ea,jpeg-replacement-q80-whole,global,very-constrained,slow-turn,0.75,150,0.2,6.25,6.25,2.586028,14.63569,0.01234568,0.691358,0.691358,4.884805,2.294651,545050,212563,0,5,0,543550,5,17110016,,,
bookstore,oct-ea,jpeg-replacement-q80-whole,view-direct,fast,slow-turn,50,20,0.03,0.25,0.25,0,0,0.01234568,0.9876543,0.9876543,2.298777,2.294651,372384,145459.1,0,2,0,543550,5,12895232,,,
bookstore,oct-ea,jpeg-replacement-q80-whole,view-direct,moderate-mobile,slow-turn,10,50,0.06,0.5,0.5,0.1804854,14.43884,0.01234568,0.9753086,0.9753086,2.479263,2.294651,372384,145459.1,0,2,0,543550,5,12895232,,,
bookstore,oct-ea,jpeg-replacement-q80-whole,view-direct,constrained-mobile,slow-turn,2,100,0.12,1.75,1.75,1.099011,14.82521,0.01234568,0.9135802,0.9135802,3.397788,2.294651,372384,145459.1,0,2,0,543550,5,12895232,,,
bookstore,oct-ea,jpeg-replacement-q80-whole,view-direct,very-constrained,slow-turn,0.75,150,0.2,4.5,4.5,3.218853,15.7067,0.01234568,0.7777778,0.7777778,5.51763,2.294651,372384,145459.1,0,2,0,543550,5,12895232,,,
superblock,oct-ea,haar-residual-d12,view,fast,slow-turn,50,20,0.03,0.25,0.25,0,0,0.01234568,0.9876543,0.9876543,0.9808947,0.9862269,1444694,483952.1,0,61,0,1677161,71,14685184,,,
superblock,oct-ea,haar-residual-d12,view,moderate-mobile,slow-turn,10,50,0.08,0.5,0.5,0.1330783,10.09869,0.01234568,0.9753086,0.9753086,1.113973,0.9862269,1444694,483952.1,0,61,0,1677161,71,14685184,,,
superblock,oct-ea,haar-residual-d12,view,constrained-mobile,slow-turn,2,100,0.21,2,2.5,0.9353952,12.06423,0.01234568,0.9012346,0.8765432,1.91629,0.9862269,1444694,483952.1,0,61,0,1677161,71,14685184,,,
superblock,oct-ea,haar-residual-d12,view,very-constrained,slow-turn,0.75,150,0.44,6.5,11.75,4.221066,12.14407,0.02469136,0.4320988,0.3580247,5.196244,0.9862269,1470545,490196,46753.53,61,1,1677161,71,14423040,,,
superblock,oct-ea,haar-residual-d12,view-fill,fast,slow-turn,50,20,0.03,0.25,0.25,0,0,0.01234568,0.9876543,0.9876543,0.9808947,0.9862269,1729711,743322.9,31250,72,1,1677161,71,17110016,,,
superblock,oct-ea,haar-residual-d12,view-fill,moderate-mobile,slow-turn,10,50,0.08,0.5,0.5,0.1330783,10.09869,0.01234568,0.9753086,0.9753086,1.113973,0.9862269,1698461,737719.1,0,72,1,1677161,71,17110016,,,
superblock,oct-ea,haar-residual-d12,view-fill,constrained-mobile,slow-turn,2,100,0.21,2,2.5,0.9496769,12.06423,0.01234568,0.9012346,0.8765432,1.930572,0.9862269,1809703,769257.6,111242.1,81,10,1677161,71,17110016,,,
superblock,oct-ea,haar-residual-d12,view-fill,very-constrained,slow-turn,0.75,150,0.44,6.5,11.75,4.243432,12.14407,0.02469136,0.4320988,0.3580247,5.218613,0.9862269,1745215,757971.1,46753.53,74,3,1677161,71,17110016,,,
superblock,oct-ea,haar-residual-d12,global,fast,slow-turn,50,20,0.03,0.25,0.5,0.0258374,2.066992,0.01234568,0.9876543,0.9753086,1.006732,0.9862269,1698461,737719.1,0,71,0,1677161,71,17110016,,,
superblock,oct-ea,haar-residual-d12,global,moderate-mobile,slow-turn,10,50,0.08,1,1,0.2381578,10.09869,0.01234568,0.9506173,0.9506173,1.219052,0.9862269,1698461,737719.1,0,71,0,1677161,71,17110016,,,
superblock,oct-ea,haar-residual-d12,global,constrained-mobile,slow-turn,2,100,0.21,5.5,6.5,1.834202,12.06423,0.01234568,0.7283951,0.6790123,2.815097,0.9862269,1698461,737719.1,0,71,0,1677161,71,17110016,,,
superblock,oct-ea,haar-residual-d12,global,very-constrained,slow-turn,0.75,150,0.44,14.25,15,5.177653,12.14407,0.02469136,0.2962963,0.2592593,6.152844,0.9862269,1698461,737719.1,0,71,0,1677161,71,17110016,,,
superblock,oct-ea,haar-residual-d12-p0.5,view,fast,slow-turn,50,20,0.03,0.25,0.25,0,0,0.01234568,0.9876543,0.9876543,2.353308,2.363988,1284593,422066,0,61,0,1514573,71,14685184,,,
superblock,oct-ea,haar-residual-d12-p0.5,view,moderate-mobile,slow-turn,10,50,0.07,0.5,0.5,0.07526361,6.021088,0.01234568,0.9753086,0.9753086,2.428572,2.363988,1284593,422066,0,61,0,1514573,71,14685184,,,
superblock,oct-ea,haar-residual-d12-p0.5,view,constrained-mobile,slow-turn,2,100,0.18,1.5,1.75,0.5474256,10.26058,0.01234568,0.9259259,0.9135802,2.900734,2.363988,1284593,422066,0,61,0,1514573,71,14685184,,,
superblock,oct-ea,haar-residual-d12-p0.5,view,very-constrained,slow-turn,0.75,150,0.34,6,9,2.29742,10.5738,0.02469136,0.691358,0.5308642,4.639175,2.363988,1300999,431706.1,16406.25,62,1,1514573,71,14685184,,,
superblock,oct-ea,jpeg-residual-q80,view,fast,slow-turn,50,20,0.03,0.25,0.25,0,0,0.01234568,0.9876543,0.9876543,2.272162,2.272956,944231,295682.1,0,61,0,1119094,71,14685184,,,
superblock,oct-ea,jpeg-residual-q80,view,moderate-mobile,slow-turn,10,50,0.06,0.5,0.5,0.05749171,4.599337,0.01234568,0.9753086,0.9753086,2.329653,2.272956,944231,295682.1,0,61,0,1119094,71,14685184,,,
superblock,oct-ea,jpeg-residual-q80,view,constrained-mobile,slow-turn,2,100,0.12,1,1.5,0.3662695,11.97463,0.01234568,0.9506173,0.9259259,2.638431,2.272956,944231,295682.1,0,62,1,1119094,71,14685184,,,
superblock,oct-ea,jpeg-residual-q80,view,very-constrained,slow-turn,0.75,150,0.21,3.25,4.75,1.356701,12.00962,0.01234568,0.8148148,0.7654321,3.628863,2.272956,944231,295682.1,0,61,0,1119094,71,14685184,,,
superblock,oct-ea,jpeg-residual-q80,view-fill,fast,slow-turn,50,20,0.03,0.25,0.25,0,0,0.01234568,0.9876543,0.9876543,2.272162,2.272956,1140394,491845.1,0,72,1,1119094,71,17110016,,,
superblock,oct-ea,jpeg-residual-q80,view-fill,moderate-mobile,slow-turn,10,50,0.06,0.5,0.5,0.05749171,4.599337,0.01234568,0.9753086,0.9753086,2.329653,2.272956,1140394,491845.1,0,72,1,1119094,71,17110016,,,
superblock,oct-ea,jpeg-residual-q80,view-fill,constrained-mobile,slow-turn,2,100,0.12,1,1.5,0.3675366,11.97463,0.01234568,0.9506173,0.9259259,2.639698,2.272956,1173826,508769.5,33432.18,75,4,1119094,71,17110016,,,
superblock,oct-ea,jpeg-residual-q80,view-fill,very-constrained,slow-turn,0.75,150,0.21,3.25,4.75,1.411305,12.00962,0.01234568,0.8148148,0.7530864,3.683467,2.272956,1158269,503731.9,17875,77,6,1119094,71,17110016,,,
superblock,oct-ea,jpeg-residual-q80,global,fast,slow-turn,50,20,0.03,0.25,0.25,0.00005946363,0.004757091,0.01234568,0.9876543,0.9876543,2.272221,2.272956,1140394,491845.1,0,71,0,1119094,71,17110016,,,
superblock,oct-ea,jpeg-residual-q80,global,moderate-mobile,slow-turn,10,50,0.06,0.75,0.75,0.1368664,6.357009,0.01234568,0.962963,0.962963,2.409028,2.272956,1140394,491845.1,0,71,0,1119094,71,17110016,,,
superblock,oct-ea,jpeg-residual-q80,global,constrained-mobile,slow-turn,2,100,0.12,3,3.5,0.8378567,11.97463,0.01234568,0.8518519,0.8271605,3.110018,2.272956,1140394,491845.1,0,71,0,1119094,71,17110016,,,
superblock,oct-ea,jpeg-residual-q80,global,very-constrained,slow-turn,0.75,150,0.21,11,12,3.132201,12.00962,0.01234568,0.4567901,0.4074074,5.404362,2.272956,1140394,491845.1,0,71,0,1119094,71,17110016,,,
superblock,oct-ea,jpeg-replacement-q80,view,fast,slow-turn,50,20,0.03,0.25,0.25,0,0,0.01234568,0.9876543,0.9876543,2.298286,2.298752,1154722,355611.3,0,61,0,1369822,71,14685184,,,
superblock,oct-ea,jpeg-replacement-q80,view,moderate-mobile,slow-turn,10,50,0.06,0.5,0.5,0.05760576,4.608461,0.01234568,0.9753086,0.9753086,2.355892,2.298752,1154722,355611.3,0,61,0,1369822,71,14685184,,,
superblock,oct-ea,jpeg-replacement-q80,view,constrained-mobile,slow-turn,2,100,0.12,1.25,1.5,0.4510139,12.02321,0.01234568,0.9382716,0.9259259,2.7493,2.298752,1154722,355611.3,0,61,0,1369822,71,14685184,,,
superblock,oct-ea,jpeg-replacement-q80,view,very-constrained,slow-turn,0.75,150,0.21,5.5,5.75,1.795968,12.02321,0.01234568,0.7283951,0.6666667,4.094254,2.298752,1161287,360010.7,6564.874,62,1,1369822,71,14685184,,,
superblock,oct-ea,jpeg-replacement-q80,view-fill,fast,slow-turn,50,20,0.03,0.25,0.25,0,0,0.01234568,0.9876543,0.9876543,2.298286,2.298752,1391122,592011.3,0,72,1,1369822,71,17110016,,,
superblock,oct-ea,jpeg-replacement-q80,view-fill,moderate-mobile,slow-turn,10,50,0.06,0.5,0.5,0.05760576,4.608461,0.01234568,0.9753086,0.9753086,2.355892,2.298752,1407604,598193.2,16481.67,72,1,1369822,71,17110016,,,
superblock,oct-ea,jpeg-replacement-q80,view-fill,constrained-mobile,slow-turn,2,100,0.12,1.25,1.5,0.4621897,12.02321,0.01234568,0.9382716,0.9259259,2.760475,2.298752,1468571,656081.6,77449.44,79,8,1369822,71,17110016,,,
superblock,oct-ea,jpeg-replacement-q80,view-fill,very-constrained,slow-turn,0.75,150,0.21,5.5,5.75,1.843156,12.02321,0.01234568,0.7283951,0.654321,4.141442,2.298752,1426187,616466.2,35064.87,78,7,1369822,71,17110016,,,
superblock,oct-ea,jpeg-replacement-q80,view-direct,fast,slow-turn,50,20,0.03,0.25,0.25,0,0,0.01234568,0.9876543,0.9876543,2.298286,2.298752,796107,214715.6,0,41,0,1369822,71,10535936,,,
superblock,oct-ea,jpeg-replacement-q80,view-direct,moderate-mobile,slow-turn,10,50,0.06,0.5,0.5,0.04345169,3.476135,0.01234568,0.9753086,0.9753086,2.341737,2.298752,796107,214715.6,0,41,0,1369822,71,10535936,,,
superblock,oct-ea,jpeg-replacement-q80,view-direct,constrained-mobile,slow-turn,2,100,0.12,1,1,0.3287887,11.98199,0.01234568,0.9506173,0.9506173,2.627074,2.298752,796107,214715.6,0,42,1,1369822,71,10535936,,,
superblock,oct-ea,jpeg-replacement-q80,view-direct,very-constrained,slow-turn,0.75,150,0.21,3,3,1.384637,12.02321,0.01234568,0.8518519,0.8271605,3.682923,2.298752,796107,214715.6,0,42,1,1369822,71,10535936,,,
superblock,oct-ea,jpeg-replacement-q80,global,fast,slow-turn,50,20,0.03,0.25,0.5,0.0189579,1.516632,0.01234568,0.9876543,0.9753086,2.317244,2.298752,1391122,592011.3,0,71,0,1369822,71,17110016,,,
superblock,oct-ea,jpeg-replacement-q80,global,moderate-mobile,slow-turn,10,50,0.06,0.75,0.75,0.1558743,7.660119,0.01234568,0.962963,0.962963,2.45416,2.298752,1391122,592011.3,0,71,0,1369822,71,17110016,,,
superblock,oct-ea,jpeg-replacement-q80,global,constrained-mobile,slow-turn,2,100,0.12,3.5,4.75,1.096842,12.02321,0.01234568,0.8024691,0.7654321,3.395128,2.298752,1391122,592011.3,0,71,0,1369822,71,17110016,,,
superblock,oct-ea,jpeg-replacement-q80,global,very-constrained,slow-turn,0.75,150,0.21,12.25,13.5,3.54955,12.02321,0.01234568,0.3950617,0.3333333,5.847836,2.298752,1391122,592011.3,0,71,0,1369822,71,17110016,,,
superblock,oct-ea,jpeg-replacement-q80-whole,global,fast,slow-turn,50,20,0.03,0.5,0.5,0.05757333,4.605866,0.01234568,0.9753086,0.9753086,2.354314,2.297204,1351718,527405.8,0,5,0,1350218,5,17110016,,,
superblock,oct-ea,jpeg-replacement-q80-whole,global,moderate-mobile,slow-turn,10,50,0.06,1.25,1.25,0.3375572,10.074,0.01234568,0.9382716,0.9382716,2.634298,2.297204,1351718,527405.8,0,5,0,1350218,5,17110016,,,
superblock,oct-ea,jpeg-replacement-q80-whole,global,constrained-mobile,slow-turn,2,100,0.12,5.75,5.75,1.788424,11.98403,0.01234568,0.7160494,0.7160494,4.085165,2.297204,1351718,527405.8,0,5,0,1350218,5,17110016,,,
superblock,oct-ea,jpeg-replacement-q80-whole,global,very-constrained,slow-turn,0.75,150,0.21,14.75,14.75,4.709979,12.02512,0.01234568,0.2716049,0.2716049,7.00672,2.297204,1351718,527405.8,0,5,0,1350218,5,17110016,,,
superblock,oct-ea,jpeg-replacement-q80-whole,view-direct,fast,slow-turn,50,20,0.03,0.25,0.25,0,0,0.01234568,0.9876543,0.9876543,2.296741,2.297204,997328,389634.4,0,2,0,1350218,5,12895232,,,
superblock,oct-ea,jpeg-replacement-q80-whole,view-direct,moderate-mobile,slow-turn,10,50,0.06,1,1,0.4500893,12.02512,0.01234568,0.9506173,0.9506173,2.74683,2.297204,997328,389634.4,0,2,0,1350218,5,12895232,,,
superblock,oct-ea,jpeg-replacement-q80-whole,view-direct,constrained-mobile,slow-turn,2,100,0.12,4.25,4.25,2.319101,12.02512,0.01234568,0.7901235,0.7901235,4.615841,2.297204,997328,389634.4,0,2,0,1350218,5,12895232,,,
superblock,oct-ea,jpeg-replacement-q80-whole,view-direct,very-constrained,slow-turn,0.75,150,0.21,11,11,5.788697,12.02512,0.01234568,0.4567901,0.4567901,8.085438,2.297204,997328,389634.4,0,2,0,1350218,5,12895232,,,
northrop-mall,oct-ea,haar-residual-d12,view,fast,quick-turn,50,20,0.03,0.25,0.25,0.06795587,1.875828,0.02439024,0.9756098,0.9512195,0.2190231,0.1507119,1096859,536807.9,0,52,0,1368079,71,12325888,0,0.15,0.15
northrop-mall,oct-ea,haar-residual-d12,view,moderate-mobile,quick-turn,10,50,0.07,0.5,0.5,0.4231766,7.33662,0.02439024,0.9268293,0.902439,0.5742438,0.1507119,1096859,536807.9,0,52,0,1368079,71,12325888,0,0.15,0.15
northrop-mall,oct-ea,haar-residual-d12,view,constrained-mobile,quick-turn,2,100,0.2,2,4.25,2.533132,10.78647,0.02439024,0.6585366,0.5853659,2.684199,0.1507119,973513,449777.4,71204,49,9,1368079,71,9573376,8.914078,1.15,1.65
northrop-mall,oct-ea,haar-residual-d12,view,very-constrained,quick-turn,0.75,150,0.42,5.5,7.25,4.86781,10.98537,0.04878049,0.4634146,0.2926829,5.019251,0.1507119,632746.1,322185.5,109952.1,30,7,1368079,71,5116928,10.47549,2.9,4.65
northrop-mall,oct-ea,haar-residual-d12,view-fill,fast,quick-turn,50,20,0.03,0.25,0.25,0,0,0.02439024,0.9756098,0.9756098,0.1510672,0.1507119,1389379,829327.9,0,71,0,1368079,71,17110016,0,0.15,0.15
northrop-mall,oct-ea,haar-residual-d12,view-fill,moderate-mobile,quick-turn,10,50,0.07,0.5,0.5,0.1910969,7.33662,0.02439024,0.9512195,0.9512195,0.3421641,0.1507119,1389379,829327.9,0,71,0,1368079,71,17110016,0,0.15,0.15
northrop-mall,oct-ea,haar-residual-d12,view-fill,constrained-mobile,quick-turn,2,100,0.2,2,4.25,2.533132,10.78647,0.02439024,0.6585366,0.5853659,2.684199,0.1507119,1460583,856295.6,71204,80,9,1368079,71,17110016,8.914078,1.15,1.65
northrop-mall,oct-ea,haar-residual-d12,view-fill,very-constrained,quick-turn,0.75,150,0.42,5.5,7.25,4.86781,10.98537,0.04878049,0.4634146,0.2926829,5.019251,0.1507119,895246.1,478623.7,109952.1,45,7,1368079,71,6886400,10.47549,2.9,4.65
northrop-mall,oct-ea,haar-residual-d12,global,fast,quick-turn,50,20,0.03,0.25,0.5,0.06657879,2.663151,0.02439024,0.9756098,0.9512195,0.217646,0.1507119,1389379,829327.9,0,71,0,1368079,71,17110016,0,0.15,0.15
northrop-mall,oct-ea,haar-residual-d12,global,moderate-mobile,quick-turn,10,50,0.07,0.75,1,0.4099905,9.256156,0.02439024,0.9268293,0.902439,0.5610577,0.1507119,1389379,829327.9,0,71,0,1368079,71,17110016,0,0.15,0.15
northrop-mall,oct-ea,haar-residual-d12,global,constrained-mobile,quick-turn,2,100,0.2,5.25,5.75,3.210794,10.78647,0.02439024,0.4878049,0.4390244,3.361861,0.1507119,1389379,829327.9,0,71,0,1368079,71,17110016,4.274524,2.65,3.15
northrop-mall,oct-ea,haar-residual-d12,global,very-constrained,quick-turn,0.75,150,0.42,,,6.888373,10.98537,0.04878049,0,0,7.039814,0.1507119,909586,536395.4,0,43,0,1368079,71,8197120,10.47549,,
northrop-mall,oct-ea,haar-residual-d12-p0.5,view,fast,quick-turn,50,20,0.03,0.25,0.25,0.05678136,1.564684,0.02439024,0.9756098,0.9512195,0.9552962,0.8960123,985829,472719.1,0,52,0,1251881,71,12325888,0,0.15,0.15
northrop-mall,oct-ea,haar-residual-d12-p0.5,view,moderate-mobile,quick-turn,10,50,0.07,0.5,0.5,0.3782502,6.764058,0.02439024,0.9268293,0.902439,1.276765,0.8960123,985829,472719.1,0,52,0,1251881,71,12325888,0,0.15,0.15
northrop-mall,oct-ea,haar-residual-d12-p0.5,view,constrained-mobile,quick-turn,2,100,0.17,1.75,1.75,1.846223,10.1407,0.02439024,0.7073171,0.6585366,2.744738,0.8960123,881892,397724.3,51315,49,7,1251881,71,9966592,8.190669,0.9,1.4
northrop-mall,oct-ea,haar-residual-d12-p0.5,view,very-constrained,quick-turn,0.75,150,0.32,5.25,6.5,3.939359,10.1407,0.04878049,0.4878049,0.3658537,4.840504,0.8960123,588364.4,293144.8,77826.38,33,8,1251881,71,5641216,8.190669,2.65,3.9
northrop-mall,oct-ea,jpeg-residual-q80,view,fast,quick-turn,50,20,0.03,0.25,0.25,0.06749396,1.872733,0.02439024,0.9756098,0.9512195,0.9217493,0.8532242,780799,359946.4,0,52,0,1007801,71,12325888,0,0.15,0.15
northrop-mall,oct-ea,jpeg-residual-q80,view,moderate-mobile,quick-turn,10,50,0.06,0.5,0.5,0.2426383,4.401944,0.02439024,0.9512195,0.902439,1.096894,0.8532242,780799,359946.4,0,52,0,1007801,71,12325888,0,0.15,0.15
northrop-mall,oct-ea,jpeg-residual-q80,view,constrained-mobile,quick-turn,2,100,0.12,1.25,1.5,1.453707,10.44939,0.02439024,0.7804878,0.7073171,2.307962,0.8532242,695332.1,297780,16386.11,49,4,1007801,71,10621952,6.443581,0.65,1.15
northrop-mall,oct-ea,jpeg-residual-q80,view,very-constrained,quick-turn,0.75,150,0.21,4.5,5.75,3.266251,10.44939,0.02439024,0.5609756,0.4390244,4.120506,0.8532242,502948.1,221204.9,65436.13,39,9,1007801,71,6951936,8.695515,1.9,3.15
northrop-mall,oct-ea,jpeg-residual-q80,view-fill,fast,quick-turn,50,20,0.03,0.25,0.25,0,0,0.02439024,0.9756098,0.9756098,0.8542553,0.8532242,1029101,608248.4,0,71,0,1007801,71,17110016,0,0.15,0.15
northrop-mall,oct-ea,jpeg-residual-q80,view-fill,moderate-mobile,quick-turn,10,50,0.06,0.5,0.5,0.1100486,4.401944,0.02439024,0.9512195,0.9512195,0.9643039,0.8532242,1029101,608248.4,0,71,0,1007801,71,17110016,0,0.15,0.15
northrop-mall,oct-ea,jpeg-residual-q80,view-fill,constrained-mobile,quick-turn,2,100,0.12,1.25,1.5,1.22999,10.44939,0.02439024,0.804878,0.7317073,2.084245,0.8532242,1109509,653070,80407.67,79,8,1007801,71,17110016,4.406892,0.65,0.9
northrop-mall,oct-ea,jpeg-residual-q80,view-fill,very-constrained,quick-turn,0.75,150,0.21,4.5,5.75,3.266251,10.44939,0.02439024,0.5609756,0.4390244,4.120506,0.8532242,894823.1,456071.2,65436.13,68,9,1007801,71,12391424,8.695515,1.9,3.15
northrop-mall,oct-ea,jpeg-residual-q80,global,fast,quick-turn,50,20,0.03,0.25,0.25,0.0002456682,0.009826728,0.02439024,0.9756098,0.9756098,0.854501,0.8532242,1029101,608248.4,0,71,0,1007801,71,17110016,0,0.15,0.15
northrop-mall,oct-ea,jpeg-residual-q80,global,moderate-mobile,quick-turn,10,50,0.06,0.75,0.75,0.2526605,5.708449,0.02439024,0.9268293,0.9268293,1.106916,0.8532242,1029101,608248.4,0,71,0,1007801,71,17110016,0,0.15,0.15
northrop-mall,oct-ea,jpeg-residual-q80,global,constrained-mobile,quick-turn,2,100,0.12,2,4.25,1.947391,10.44939,0.02439024,0.6585366,0.5853659,2.801646,0.8532242,1029101,608248.4,0,71,0,1007801,71,17110016,4.335027,1.15,1.65
northrop-mall,oct-ea,jpeg-residual-q80,global,very-constrained,quick-turn,0.75,150,0.21,9.75,,5.300342,10.44939,0.02439024,0.04878049,0,6.154597,0.8532242,905025.5,537234.9,0,69,0,1007801,71,15012864,6.158291,7.15,
northrop-mall,oct-ea,jpeg-replacement-q80,view,fast,quick-turn,50,20,0.03,0.25,0.25,0.06773606,1.877502,0.02439024,0.9756098,0.9512195,0.9421562,0.8735996,943036,430574.5,0,52,0,1218953,71,12325888,0,0.15,0.15
northrop-mall,oct-ea,jpeg-replacement-q80,view,moderate-mobile,quick-turn,10,50,0.06,0.5,0.5,0.3336848,6.196484,0.02439024,0.9268293,0.902439,1.208105,0.8735996,943036,430574.5,0,52,0,1218953,71,12325888,0,0.15,0.15
northrop-mall,oct-ea,jpeg-replacement-q80,view,constrained-mobile,quick-turn,2,100,0.12,1.5,1.5,1.814368,10.42059,0.02439024,0.7317073,0.6829268,2.688788,0.8735996,830149,354344.6,55088,48,6,1218953,71,9966592,8.682426,0.9,1.4
northrop-mall,oct-ea,jpeg-replacement-q80,view,very-constrained,quick-turn,0.75,150,0.21,5,6.5,3.67339,10.42059,0.02439024,0.5121951,0.3658537,4.54781,0.8735996,567580,259931.2,56311,39,10,1218953,71,6689792,8.682426,2.4,3.9
northrop-mall,oct-ea,jpeg-replacement-q80,view-fill,fast,quick-turn,50,20,0.03,0.25,0.25,0,0,0.02439024,0.9756098,0.9756098,0.8744201,0.8735996,1240253,727791.5,0,71,0,1218953,71,17110016,0,0.15,0.15
northrop-mall,oct-ea,jpeg-replacement-q80,view-fill,moderate-mobile,quick-turn,10,50,0.06,0.5,0.5,0.1096211,4.384844,0.02439024,0.9512195,0.9512195,0.9840412,0.8735996,1240253,727791.5,0,71,0,1218953,71,17110016,0,0.15,0.15
northrop-mall,oct-ea,jpeg-replacement-q80,view-fill,constrained-mobile,quick-turn,2,100,0.12,1.5,1.5,1.716926,10.42059,0.02439024,0.7317073,0.6829268,2.591346,0.8735996,1336147,779583.2,95894,80,9,1218953,71,17110016,7.937513,0.9,1.4
northrop-mall,oct-ea,jpeg-replacement-q80,view-fill,very-constrained,quick-turn,0.75,150,0.21,5,6.5,3.67339,10.42059,0.02439024,0.5121951,0.3658537,4.54781,0.8735996,894767.5,450459.2,56311,56,10,1218953,71,8983552,8.682426,2.4,3.9
northrop-mall,oct-ea,jpeg-replacement-q80,view-direct,fast,quick-turn,50,20,0.03,0.25,0.25,0.136143,2.795534,0.02439024,0.9756098,0.9268293,1.010563,0.8735996,641173,260674.4,0,33,0,1218953,71,8438784,0,0.15,0.15
northrop-mall,oct-ea,jpeg-replacement-q80,view-direct,moderate-mobile,quick-turn,10,50,0.06,0.5,0.5,0.3660554,6.476506,0.02439024,0.902439,0.902439,1.240476,0.8735996,641173,260674.4,0,33,0,1218953,71,8438784,0,0.15,0.15
northrop-mall,oct-ea,jpeg-replacement-q80,view-direct,constrained-mobile,quick-turn,2,100,0.12,1.25,1.25,1.851113,10.49865,0.02439024,0.7804878,0.7560976,2.725533,0.8735996,575131.7,213674.5,60272.67,32,5,1218953,71,6865920,10.18745,0.65,0.9
northrop-mall,oct-ea,jpeg-replacement-q80,view-direct,very-constrained,quick-turn,0.75,150,0.21,4.5,5.25,4.138322,10.49865,0.02439024,0.5609756,0.4878049,5.012742,0.8735996,441835,145994,54780,31,12,1218953,71,4768768,10.18745,1.9,2.65
northrop-mall,oct-ea,jpeg-replacement-q80,global,fast,quick-turn,50,20,0.03,0.25,0.25,0.004109868,0.1643947,0.02439024,0.9756098,0.9756098,0.87853,0.8735996,1240253,727791.5,0,71,0,1218953,71,17110016,0,0.15,0.15
northrop-mall,oct-ea,jpeg-replacement-q80,global,moderate-mobile,quick-turn,10,50,0.06,0.75,0.75,0.2854122,7.026455,0.02439024,0.9268293,0.9268293,1.159832,0.8735996,1240253,727791.5,0,71,0,1218953,71,17110016,0,0.15,0.15
northrop-mall,oct-ea,jpeg-replacement-q80,global,constrained-mobile,quick-turn,2,100,0.12,4.5,5.25,2.400813,10.42059,0.02439024,0.5609756,0.4878049,3.275233,0.8735996,1240253,727791.5,0,71,0,1218953,71,17110016,4.319876,1.9,2.65
northrop-mall,oct-ea,jpeg-replacement-q80,global,very-constrained,quick-turn,0.75,150,0.21,,,5.685727,10.42059,0.02439024,0,0,6.560147,0.8735996,909554.5,540937.8,0,61,0,1218953,71,12915712,6.906548,,
northrop-mall,oct-ea,jpeg-replacement-q80-whole,global,fast,quick-turn,50,20,0.03,0.25,0.25,0,0,0.02439024,0.9756098,0.9756098,0.8729072,0.8720987,1205997,753234.7,0,5,0,1204497,5,17110016,0,0.15,0.15
northrop-mall,oct-ea,jpeg-replacement-q80-whole,global,moderate-mobile,quick-turn,10,50,0.06,1.25,1.25,0.6210615,8.945009,0.02439024,0.8780488,0.8780488,1.493969,0.8720987,1205997,753234.7,0,5,0,1204497,5,17110016,0,0.15,0.15
northrop-mall,oct-ea,jpeg-replacement-q80-whole,global,constrained-mobile,quick-turn,2,100,0.12,5.25,5.25,3.015919,10.42161,0.02439024,0.4878049,0.4878049,3.888827,0.8720987,1205997,753234.7,0,5,0,1204497,5,17110016,4.32053,2.65,2.65
northrop-mall,oct-ea,jpeg-replacement-q80-whole,global,very-constrained,quick-turn,0.75,150,0.21,,,6.489273,10.42161,0.02439024,0,0,7.362181,0.8720987,909554.5,567891.7,0,5,0,1204497,5,4264960,6.908036,,
northrop-mall,oct-ea,jpeg-replacement-q80-whole,view-direct,fast,quick-turn,50,20,0.03,0.25,0.25,0,0,0.02439024,0.9756098,0.9756098,0.8729072,0.8720987,892685,558042.6,0,2,0,1204497,5,12895232,0,0.15,0.15
northrop-mall,oct-ea,jpeg-replacement-q80-whole,view-direct,moderate-mobile,quick-turn,10,50,0.06,1,1,0.781621,10.42161,0.02439024,0.902439,0.902439,1.654528,0.8720987,892685,558042.6,0,2,0,1204497,5,12895232,0,0.15,0.15
northrop-mall,oct-ea,jpeg-replacement-q80-whole,view-direct,constrained-mobile,quick-turn,2,100,0.12,4,4,3.892371,10.87648,0.02439024,0.6097561,0.6097561,4.765278,0.8720987,892685,558042.6,0,2,0,1204497,5,12895232,10.18911,1.4,1.4
northrop-mall,oct-ea,jpeg-replacement-q80-whole,view-direct,very-constrained,quick-turn,0.75,150,0.21,10,10,10.00584,10.87648,0.02439024,0.02439024,0.02439024,10.87874,0.8720987,892685,558042.6,0,2,0,1204497,5,12895232,10.18911,7.4,7.4
bookstore,oct-ea,haar-residual-d12,view,fast,quick-turn,50,20,0.03,0.25,0.25,0.16193,6.09384,0.02439024,0.9512195,0.9512195,1.905936,1.739366,437692,203680.5,0,52,0,503143,71,12325888,0,0.15,0.15
bookstore,oct-ea,haar-residual-d12,view,moderate-mobile,quick-turn,10,50,0.07,0.5,0.5,0.2987563,6.636321,0.02439024,0.9268293,0.9268293,2.042763,1.739366,437692,203680.5,0,52,0,503143,71,12325888,0,0.15,0.15
bookstore,oct-ea,haar-residual-d12,view,constrained-mobile,quick-turn,2,100,0.19,1,1,1.754362,14.4778,0.02439024,0.8292683,0.8292683,3.498368,1.739366,408556.8,184139.3,6878.778,49,1,503143,71,11277312,4.55675,0.4,0.4
bookstore,oct-ea,haar-residual-d12,view,very-constrained,quick-turn,0.75,150,0.37,4,4,3.897007,14.4778,0.04878049,0.6097561,0.6097561,5.645891,1.739366,348745,166161,29553.96,42,7,503143,71,8262656,11.73696,1.4,1.4
bookstore,oct-ea,haar-residual-d12,view-fill,fast,quick-turn,50,20,0.03,0.25,0.25,0,0,0.02439024,0.9756098,0.9756098,1.744006,1.739366,524443,290431.5,0,71,0,503143,71,17110016,0,0.15,0.15
bookstore,oct-ea,haar-residual-d12,view-fill,moderate-mobile,quick-turn,10,50,0.07,0.5,0.5,0.1122005,4.488021,0.02439024,0.9512195,0.9512195,1.856207,1.739366,524443,290431.5,0,71,0,503143,71,17110016,0,0.15,0.15
bookstore,oct-ea,haar-residual-d12,view-fill,constrained-mobile,quick-turn,2,100,0.19,1,1,1.277168,14.4778,0.02439024,0.8780488,0.8536585,3.021174,1.739366,524443,290431.5,0,71,0,503143,71,17110016,0,0.15,0.15
bookstore,oct-ea,haar-residual-d12,view-fill,very-constrained,quick-turn,0.75,150,0.37,4,4,3.897007,14.4778,0.04878049,0.6097561,0.6097561,5.645891,1.739366,553997,300353.5,29553.96,78,7,503143,71,17110016,11.73696,1.4,1.4
bookstore,oct-ea,haar-residual-d12,global,fast,quick-turn,50,20,0.03,0.25,0.25,0.0003017179,0.01206872,0.02439024,0.9756098,0.9756098,1.744308,1.739366,524443,290431.5,0,71,0,503143,71,17110016,0,0.15,0.15
bookstore,oct-ea,haar-residual-d12,global,moderate-mobile,quick-turn,10,50,0.07,0.5,0.75,0.2377265,7.413306,0.02439024,0.9512195,0.9268293,1.981733,1.739366,524443,290431.5,0,71,0,503143,71,17110016,0,0.15,0.15
bookstore,oct-ea,haar-residual-d12,global,constrained-mobile,quick-turn,2,100,0.19,1.75,1.75,1.585299,14.4778,0.02439024,0.804878,0.7804878,3.329305,1.739366,524443,290431.5,0,71,0,503143,71,17110016,0,0.15,0.15
bookstore,oct-ea,haar-residual-d12,global,very-constrained,quick-turn,0.75,150,0.37,6,6.25,4.819383,14.4778,0.04878049,0.4146341,0.3902439,6.568268,1.739366,524443,290431.5,0,71,0,503143,71,17110016,8.113858,3.4,3.65
bookstore,oct-ea,haar-residual-d12-p0.5,view,fast,quick-turn,50,20,0.03,0.25,0.25,0.1131975,4.332356,0.02439024,0.9512195,0.9512195,4.441358,4.326034,364919,162377.2,0,52,0,427258,71,12325888,0,0.15,0.15
bookstore,oct-ea,haar-residual-d12-p0.5,view,moderate-mobile,quick-turn,10,50,0.06,0.25,0.5,0.2021603,4.785579,0.02439024,0.9512195,0.9268293,4.530321,4.326034,364919,162377.2,0,52,0,427258,71,12325888,0,0.15,0.15
bookstore,oct-ea,haar-residual-d12-p0.5,view,constrained-mobile,quick-turn,2,100,0.15,0.75,1,1.053734,11.84398,0.02439024,0.8780488,0.8292683,5.381894,4.326034,336713.7,142863.5,7808.704,50,2,427258,71,11277312,2.729877,0.15,0.4
bookstore,oct-ea,haar-residual-d12-p0.5,view,very-constrained,quick-turn,0.75,150,0.27,1.5,2,2.414821,11.84398,0.04878049,0.7317073,0.6341463,6.745217,4.326034,297793,132287.4,14590,48,6,427258,71,9966592,9.306783,0.9,1.4
bookstore,oct-ea,jpeg-residual-q80,view,fast,quick-turn,50,20,0.03,0.25,0.25,0.1586987,5.868452,0.02439024,0.9512195,0.9512195,2.433708,2.267982,366906,162800.2,0,52,0,455249,71,12325888,0,0.15,0.15
bookstore,oct-ea,jpeg-residual-q80,view,moderate-mobile,quick-turn,10,50,0.06,0.5,0.5,0.3184566,6.515343,0.02439024,0.9268293,0.902439,2.593466,2.267982,366906,162800.2,0,52,0,455249,71,12325888,0,0.15,0.15
bookstore,oct-ea,jpeg-residual-q80,view,constrained-mobile,quick-turn,2,100,0.12,0.75,0.75,1.133728,14.51019,0.02439024,0.8536585,0.8292683,3.408737,2.267982,333879,140246,7032,50,2,455249,71,11277312,5.068215,0.4,0.65
bookstore,oct-ea,jpeg-residual-q80,view,very-constrained,quick-turn,0.75,150,0.2,1.75,2,2.744681,14.51019,0.02439024,0.6829268,0.6341463,5.01969,2.267982,292294,127257.7,18750,49,8,455249,71,9835520,11.77246,1.15,1.4
bookstore,oct-ea,jpeg-residual-q80,view-fill,fast,quick-turn,50,20,0.03,0.25,0.25,0,0,0.02439024,0.9756098,0.9756098,2.275009,2.267982,476549,272443.2,0,71,0,455249,71,17110016,0,0.15,0.15
bookstore,oct-ea,jpeg-residual-q80,view-fill,moderate-mobile,quick-turn,10,50,0.06,0.5,0.5,0.1278194,5.112775,0.02439024,0.9512195,0.9512195,2.402828,2.267982,476549,272443.2,0,71,0,455249,71,17110016,0,0.15,0.15
bookstore,oct-ea,jpeg-residual-q80,view-fill,constrained-mobile,quick-turn,2,100,0.12,0.75,0.75,0.5888398,14.51019,0.02439024,0.902439,0.902439,2.863849,2.267982,478382.3,274276.5,1833.333,72,1,455249,71,17110016,0,0.15,0.15
bookstore,oct-ea,jpeg-residual-q80,view-fill,very-constrained,quick-turn,0.75,150,0.2,1.75,2,2.636089,14.51019,0.02439024,0.7073171,0.6341463,4.911098,2.267982,500115.5,282871.5,23566.5,81,10,455249,71,17110016,10.22284,0.9,1.4
bookstore,oct-ea,jpeg-residual-q80,global,fast,quick-turn,50,20,0.03,0.25,0.25,0.0003740764,0.01496305,0.02439024,0.9756098,0.9756098,2.275383,2.267982,476549,272443.2,0,71,0,455249,71,17110016,0,0.15,0.15
bookstore,oct-ea,jpeg-residual-q80,global,moderate-mobile,quick-turn,10,50,0.06,0.5,0.75,0.2597578,7.852875,0.02439024,0.9512195,0.9268293,2.534767,2.267982,476549,272443.2,0,71,0,455249,71,17110016,0,0.15,0.15
bookstore,oct-ea,jpeg-residual-q80,global,constrained-mobile,quick-turn,2,100,0.12,1.25,1.5,0.9309163,14.51019,0.02439024,0.8780488,0.8292683,3.205925,2.267982,476549,272443.2,0,71,0,455249,71,17110016,0,0.15,0.15
bookstore,oct-ea,jpeg-residual-q80,global,very-constrained,quick-turn,0.75,150,0.2,5.5,5.75,3.522258,14.51019,0.02439024,0.4634146,0.4390244,5.797267,2.267982,476549,272443.2,0,71,0,455249,71,17110016,5.068215,2.9,3.15
bookstore,oct-ea,jpeg-replacement-q80,view,fast,quick-turn,50,20,0.03,0.25,0.25,0.158811,5.870222,0.02439024,0.9512195,0.9512195,2.402984,2.237408,453304,196197.8,0,52,0,560736,71,12325888,0,0.15,0.15
bookstore,oct-ea,jpeg-replacement-q80,view,moderate-mobile,quick-turn,10,50,0.06,0.5,0.5,0.3187413,6.51829,0.02439024,0.9268293,0.902439,2.562914,2.237408,453304,196197.8,0,52,0,560736,71,12325888,0,0.15,0.15
bookstore,oct-ea,jpeg-replacement-q80,view,constrained-mobile,quick-turn,2,100,0.12,1,1,1.22385,14.53026,0.02439024,0.8292683,0.804878,3.468023,2.237408,396822.4,161474.3,24437.43,48,3,560736,71,10621952,5.087974,0.4,0.65
bookstore,oct-ea,jpeg-replacement-q80,view,very-constrained,quick-turn,0.75,150,0.2,2,2,3.274869,14.53026,0.02439024,0.6341463,0.6097561,5.519041,2.237408,354627,151646.8,18750,48,7,560736,71,9835520,11.78181,1.4,1.65
bookstore,oct-ea,jpeg-replacement-q80,view-fill,fast,quick-turn,50,20,0.03,0.25,0.25,0,0,0.02439024,0.9756098,0.9756098,2.244173,2.237408,582036,324929.8,0,71,0,560736,71,17110016,0,0.15,0.15
bookstore,oct-ea,jpeg-replacement-q80,view-fill,moderate-mobile,quick-turn,10,50,0.06,0.5,0.5,0.1280362,5.121449,0.02439024,0.9512195,0.9512195,2.372209,2.237408,582036,324929.8,0,71,0,560736,71,17110016,0,0.15,0.15
bookstore,oct-ea,jpeg-replacement-q80,view-fill,constrained-mobile,quick-turn,2,100,0.12,1,1,0.8857719,14.53026,0.02439024,0.8292683,0.8292683,3.129945,2.237408,603504.4,342097.7,21468.4,74,3,560736,71,17110016,3.770322,0.4,0.4
bookstore,oct-ea,jpeg-replacement-q80,view-fill,very-constrained,quick-turn,0.75,150,0.2,2,2,3.274869,14.53026,0.02439024,0.6341463,0.6097561,5.519041,2.237408,600786,330488.5,18750,78,7,560736,71,17110016,11.78181,1.4,1.65
bookstore,oct-ea,jpeg-replacement-q80,view-direct,fast,quick-turn,50,20,0.03,0.25,0.25,0.2516291,8.451129,0.02439024,0.9512195,0.9268293,2.495802,2.237408,283993,103342.6,0,33,0,560736,71,8438784,0,0.15,0.15
bookstore,oct-ea,jpeg-replacement-q80,view-direct,moderate-mobile,quick-turn,10,50,0.06,0.25,0.25,0.4003551,11.83764,0.02439024,0.9268293,0.9268293,2.644528,2.237408,283993,103342.6,0,33,0,560736,71,8438784,0,0.15,0.15
bookstore,oct-ea,jpeg-replacement-q80,view-direct,constrained-mobile,quick-turn,2,100,0.12,0.75,0.75,1.467011,14.91531,0.02439024,0.8536585,0.8536585,3.711184,2.237408,271857.1,100398,44203.11,33,4,560736,71,7390208,9.834652,0.4,0.4
bookstore,oct-ea,jpeg-replacement-q80,view-direct,very-constrained,quick-turn,0.75,150,0.2,1.5,1.5,3.109518,14.91531,0.02439024,0.7073171,0.7073171,5.353691,2.237408,214712.5,72967.42,23437.5,32,7,560736,71,6341632,14.35943,1.15,1.15
bookstore,oct-ea,jpeg-replacement-q80,global,fast,quick-turn,50,20,0.03,0.25,0.25,0,0,0.02439024,0.9756098,0.9756098,2.244173,2.237408,582036,324929.8,0,71,0,560736,71,17110016,0,0.15,0.15
bookstore,oct-ea,jpeg-replacement-q80,global,moderate-mobile,quick-turn,10,50,0.06,0.5,0.75,0.2907999,9.104303,0.02439024,0.9512195,0.9268293,2.534973,2.237408,582036,324929.8,0,71,0,560736,71,17110016,0,0.15,0.15
bookstore,oct-ea,jpeg-replacement-q80,global,constrained-mobile,quick-turn,2,100,0.12,1.5,1.75,1.228704,14.53026,0.02439024,0.8292683,0.7560976,3.472877,2.237408,582036,324929.8,0,71,0,560736,71,17110016,1.775982,0.15,0.4
bookstore,oct-ea,jpeg-replacement-q80,global,very-constrained,quick-turn,0.75,150,0.2,6.5,6.75,4.219819,14.53026,0.02439024,0.3658537,0.3414634,6.463991,2.237408,582036,324929.8,0,71,0,560736,71,17110016,5.087974,3.9,4.15
bookstore,oct-ea,jpeg-replacement-q80-whole,global,fast,quick-turn,50,20,0.03,0.25,0.25,0,0,0.02439024,0.9756098,0.9756098,2.24278,2.235995,545050,340293.8,0,5,0,543550,5,17110016,0,0.15,0.15
bookstore,oct-ea,jpeg-replacement-q80-whole,global,moderate-mobile,quick-turn,10,50,0.06,0.75,0.75,0.3575793,9.159451,0.02439024,0.9268293,0.9268293,2.60036,2.235995,545050,340293.8,0,5,0,543550,5,17110016,0,0.15,0.15
bookstore,oct-ea,jpeg-replacement-q80-whole,global,constrained-mobile,quick-turn,2,100,0.12,2.5,2.5,1.873801,14.53253,0.02439024,0.7560976,0.7560976,4.116581,2.235995,545050,340293.8,0,5,0,543550,5,17110016,0,0.15,0.15
bookstore,oct-ea,jpeg-replacement-q80-whole,global,very-constrained,quick-turn,0.75,150,0.2,6.25,6.25,4.975056,14.53253,0.02439024,0.3902439,0.3902439,7.217836,2.235995,545050,340293.8,0,5,0,543550,5,17110016,8.779947,3.65,3.65
bookstore,oct-ea,jpeg-replacement-q80-whole,view-direct,fast,quick-turn,50,20,0.03,0.25,0.25,0,0,0.02439024,0.9756098,0.9756098,2.24278,2.235995,372384,232754.5,0,2,0,543550,5,12895232,0,0.15,0.15
bookstore,oct-ea,jpeg-replacement-q80-whole,view-direct,moderate-mobile,quick-turn,10,50,0.06,0.5,0.5,0.3633133,14.53253,0.02439024,0.9512195,0.9512195,2.606094,2.235995,372384,232754.5,0,2,0,543550,5,12895232,0,0.15,0.15
bookstore,oct-ea,jpeg-replacement-q80-whole,view-direct,constrained-mobile,quick-turn,2,100,0.12,1.75,1.75,2.17988,14.53253,0.02439024,0.8292683,0.8292683,4.42266,2.235995,372384,232754.5,0,2,0,543550,5,12895232,0,0.15,0.15
bookstore,oct-ea,jpeg-replacement-q80-whole,view-direct,very-constrained,quick-turn,0.75,150,0.2,4.5,4.5,6.177762,15.40964,0.02439024,0.5609756,0.5609756,8.420543,2.235995,372384,232754.5,0,2,0,543550,5,12895232,14.36056,1.9,1.9
superblock,oct-ea,haar-residual-d12,view,fast,quick-turn,50,20,0.03,0.25,0.25,0.06361266,2.058404,0.02439024,0.9756098,0.9512195,0.7815866,0.734921,1252469,680749.1,0,52,0,1677161,71,12325888,0,0.15,0.15
superblock,oct-ea,haar-residual-d12,view,moderate-mobile,quick-turn,10,50,0.08,0.5,0.5,0.5501677,10.07714,0.02439024,0.902439,0.902439,1.268142,0.734921,1252469,680749.1,0,52,0,1677161,71,12325888,0.3125944,0.15,0.15
superblock,oct-ea,haar-residual-d12,view,constrained-mobile,quick-turn,2,100,0.21,2,2,3.119728,11.97754,0.02439024,0.6341463,0.6097561,3.837702,0.734921,1080682,576301.9,82749.78,49,10,1677161,71,9311232,9.762884,1.4,1.65
superblock,oct-ea,haar-residual-d12,view,very-constrained,quick-turn,0.75,150,0.44,6.75,7.5,6.457489,11.97754,0.04878049,0.3414634,0.2682927,7.157647,0.734921,749273.5,405525,90578.47,30,6,1677161,71,4920320,11.09743,4.15,4.9
superblock,oct-ea,haar-residual-d12,view-fill,fast,quick-turn,50,20,0.03,0.25,0.25,0,0,0.02439024,0.9756098,0.9756098,0.7179739,0.734921,1698461,1126741,0,71,0,1677161,71,17110016,0,0.15,0.15
superblock,oct-ea,haar-residual-d12,view-fill,moderate-mobile,quick-turn,10,50,0.08,0.5,0.5,0.2609772,10.07714,0.02439024,0.9512195,0.9512195,0.9789511,0.734921,1698461,1126741,0,71,0,1677161,71,17110016,0,0.15,0.15
superblock,oct-ea,haar-residual-d12,view-fill,constrained-mobile,quick-turn,2,100,0.21,2,2,3.119728,11.97754,0.02439024,0.6341463,0.6097561,3.837702,0.734921,1781211,1161937,82749.78,81,10,1677161,71,17110016,9.762884,1.4,1.65
superblock,oct-ea,haar-residual-d12,view-fill,very-constrained,quick-turn,0.75,150,0.44,6.75,7.5,6.457489,11.97754,0.04878049,0.3414634,0.2682927,7.157647,0.734921,894586,494148.2,90578.47,40,6,1677161,71,5116928,11.09743,4.15,4.9
superblock,oct-ea,haar-residual-d12,global,fast,quick-turn,50,20,0.03,0.25,0.5,0.05441831,2.176733,0.02439024,0.9756098,0.9512195,0.7723922,0.734921,1698461,1126741,0,71,0,1677161,71,17110016,0,0.15,0.15
superblock,oct-ea,haar-residual-d12,global,moderate-mobile,quick-turn,10,50,0.08,1,1,0.4631651,10.07714,0.02439024,0.902439,0.902439,1.181139,0.734921,1698461,1126741,0,71,0,1677161,71,17110016,0,0.15,0.15
superblock,oct-ea,haar-residual-d12,global,constrained-mobile,quick-turn,2,100,0.21,6.5,7,4.243132,11.97754,0.02439024,0.3658537,0.3170732,4.961106,0.734921,1698461,1126741,0,71,0,1677161,71,17110016,7.796384,3.9,4.4
superblock,oct-ea,haar-residual-d12,global,very-constrained,quick-turn,0.75,150,0.44,,,8.521151,11.97754,0.04878049,0,0,9.221309,0.734921,910043,571977.4,0,39,0,1677161,71,7148544,11.09743,,
superblock,oct-ea,haar-residual-d12-p0.5,view,fast,quick-turn,50,20,0.03,0.25,0.25,0.04744274,1.537909,0.02439024,0.9756098,0.9512195,2.128911,2.109198,1098944,588210.1,0,52,0,1514573,71,12325888,0,0.15,0.15
superblock,oct-ea,haar-residual-d12-p0.5,view,moderate-mobile,quick-turn,10,50,0.07,0.5,0.5,0.3812087,6.056565,0.02439024,0.902439,0.902439,2.462677,2.109198,1098944,588210.1,0,52,0,1514573,71,12325888,0.1062535,0.15,0.15
superblock,oct-ea,haar-residual-d12-p0.5,view,constrained-mobile,quick-turn,2,100,0.18,1.25,1.75,2.105147,10.20204,0.02439024,0.7317073,0.6585366,4.186615,2.109198,948967,499491.8,62500,49,8,1514573,71,9835520,8.56778,1.15,1.4
superblock,oct-ea,haar-residual-d12-p0.5,view,very-constrained,quick-turn,0.75,150,0.34,6,6.5,4.581786,10.49151,0.04878049,0.4146341,0.3658537,6.634103,2.109198,671281.6,363791.4,77764.64,33,8,1514573,71,5379072,8.56778,3.4,3.9
superblock,oct-ea,jpeg-residual-q80,view,fast,quick-turn,50,20,0.03,0.25,0.25,0.05863178,1.808976,0.02439024,0.9756098,0.9512195,1.962196,1.914123,791880,405296.4,0,52,0,1119094,71,12325888,0,0.15,0.15
superblock,oct-ea,jpeg-residual-q80,view,moderate-mobile,quick-turn,10,50,0.06,0.5,0.5,0.3511907,5.485854,0.02439024,0.902439,0.902439,2.254755,1.914123,791880,405296.4,0,52,0,1119094,71,12325888,0,0.15,0.15
superblock,oct-ea,jpeg-residual-q80,view,constrained-mobile,quick-turn,2,100,0.12,1,1.25,1.514006,11.90703,0.02439024,0.804878,0.7317073,3.41757,1.914123,682498.7,337661.2,42095.67,48,5,1119094,71,10097664,8.230205,0.65,1.15
superblock,oct-ea,jpeg-residual-q80,view,very-constrained,quick-turn,0.75,150,0.21,4.75,5.5,3.567003,11.90703,0.02439024,0.5365854,0.4634146,5.470567,1.914123,540388.8,267160.6,63967.75,41,10,1119094,71,7214080,9.097041,2.15,2.9
superblock,oct-ea,jpeg-residual-q80,view-fill,fast,quick-turn,50,20,0.03,0.25,0.25,0,0,0.02439024,0.9756098,0.9756098,1.903564,1.914123,1140394,753810.4,0,71,0,1119094,71,17110016,0,0.15,0.15
superblock,oct-ea,jpeg-residual-q80,view-fill,moderate-mobile,quick-turn,10,50,0.06,0.5,0.5,0.1161204,4.644815,0.02439024,0.9512195,0.9512195,2.019684,1.914123,1140394,753810.4,0,71,0,1119094,71,17110016,0,0.15,0.15
superblock,oct-ea,jpeg-residual-q80,view-fill,constrained-mobile,quick-turn,2,100,0.12,1,1.25,1.240717,11.90703,0.02439024,0.8292683,0.7560976,3.144281,1.914123,1237645,806259.1,97250.67,81,10,1119094,71,17110016,5.963938,0.4,0.9
superblock,oct-ea,jpeg-residual-q80,view-fill,very-constrained,quick-turn,0.75,150,0.21,4.75,5.5,3.567003,11.90703,0.02439024,0.5365854,0.4634146,5.470567,1.914123,894763.8,517693.2,63967.75,68,10,1119094,71,12129280,9.097041,2.15,2.9
superblock,oct-ea,jpeg-residual-q80,global,fast,quick-turn,50,20,0.03,0.25,0.25,0.00008041016,0.003216407,0.02439024,0.9756098,0.9756098,1.903644,1.914123,1140394,753810.4,0,71,0,1119094,71,17110016,0,0.15,0.15
superblock,oct-ea,jpeg-residual-q80,global,moderate-mobile,quick-turn,10,50,0.06,0.75,0.75,0.2714909,6.215065,0.02439024,0.9268293,0.9268293,2.175055,1.914123,1140394,753810.4,0,71,0,1119094,71,17110016,0,0.15,0.15
superblock,oct-ea,jpeg-residual-q80,global,constrained-mobile,quick-turn,2,100,0.12,2,4.75,2.267663,11.90703,0.02439024,0.5853659,0.5365854,4.171227,1.914123,1140394,753810.4,0,71,0,1119094,71,17110016,4.623025,1.9,2.15
superblock,oct-ea,jpeg-residual-q80,global,very-constrained,quick-turn,0.75,150,0.21,,,6.028606,11.90703,0.02439024,0,0,7.93217,1.914123,909675.5,636843.5,0,62,0,1119094,71,13177856,7.415273,,
superblock,oct-ea,jpeg-replacement-q80,view,fast,quick-turn,50,20,0.03,0.25,0.25,0.05856288,1.816632,0.02439024,0.9756098,0.9512195,1.98194,1.933442,967939,491284,0,52,0,1369822,71,12325888,0,0.15,0.15
superblock,oct-ea,jpeg-replacement-q80,view,moderate-mobile,quick-turn,10,50,0.06,0.5,0.5,0.3595668,5.831175,0.02439024,0.902439,0.902439,2.282944,1.933442,967939,491284,0,52,0,1369822,71,12325888,0,0.15,0.15
superblock,oct-ea,jpeg-replacement-q80,view,constrained-mobile,quick-turn,2,100,0.12,1.25,1.5,1.860229,11.90749,0.02439024,0.7560976,0.6829268,3.783606,1.933442,823217,407929.6,53361,48,6,1369822,71,9966592,9.077723,0.9,1.4
superblock,oct-ea,jpeg-replacement-q80,view,very-constrained,quick-turn,0.75,150,0.21,5.25,6,4.084974,11.90749,0.02439024,0.4878049,0.4146341,6.008351,1.933442,617987.5,309320.5,72819.5,39,10,1369822,71,6689792,9.077723,2.65,3.4
superblock,oct-ea,jpeg-replacement-q80,view-fill,fast,quick-turn,50,20,0.03,0.25,0.25,0,0,0.02439024,0.9756098,0.9756098,1.923377,1.933442,1391122,914467,0,71,0,1369822,71,17110016,0,0.15,0.15
superblock,oct-ea,jpeg-replacement-q80,view-fill,moderate-mobile,quick-turn,10,50,0.06,0.5,0.5,0.1161324,4.645298,0.02439024,0.9512195,0.9512195,2.03951,1.933442,1391122,914467,0,71,0,1369822,71,17110016,0,0.15,0.15
superblock,oct-ea,jpeg-replacement-q80,view-fill,constrained-mobile,quick-turn,2,100,0.12,1.25,1.5,1.520968,11.90749,0.02439024,0.7804878,0.7317073,3.444345,1.933442,1451049,932378.3,59927,81,10,1369822,71,17110016,5.876643,0.65,0.9
superblock,oct-ea,jpeg-replacement-q80,view-fill,very-constrained,quick-turn,0.75,150,0.21,5.25,6,4.084974,11.90749,0.02439024,0.4878049,0.4146341,6.008351,1.933442,894550,488010.3,72819.5,58,10,1369822,71,9507840,9.077723,2.65,3.4
superblock,oct-ea,jpeg-replacement-q80,view-direct,fast,quick-turn,50,20,0.03,0.25,0.25,0.1075215,2.48598,0.02439024,0.9756098,0.9268293,2.030899,1.933442,632085,286872.6,0,33,0,1369822,71,8438784,0,0.15,0.15
superblock,oct-ea,jpeg-replacement-q80,view-direct,moderate-mobile,quick-turn,10,50,0.06,0.5,0.5,0.3813441,8.448088,0.02439024,0.902439,0.902439,2.304721,1.933442,632085,286872.6,0,33,0,1369822,71,8438784,0,0.15,0.15
superblock,oct-ea,jpeg-replacement-q80,view-direct,constrained-mobile,quick-turn,2,100,0.12,1,1,1.708557,11.90749,0.02439024,0.804878,0.7560976,3.631934,1.933442,535014.7,231435.2,60416.67,32,6,1369822,71,6603776,10.31142,0.65,1.15
superblock,oct-ea,jpeg-replacement-q80,view-direct,very-constrained,quick-turn,0.75,150,0.21,5.25,5.5,4.182819,11.90749,0.02439024,0.4878049,0.4634146,6.106196,1.933442,478311.9,208925.7,52403.91,32,9,1369822,71,5817344,10.31142,2.65,2.9
superblock,oct-ea,jpeg-replacement-q80,global,fast,quick-turn,50,20,0.03,0.25,0.5,0.03066707,1.226683,0.02439024,0.9756098,0.9512195,1.954044,1.933442,1391122,914467,0,71,0,1369822,71,17110016,0,0.15,0.15
superblock,oct-ea,jpeg-replacement-q80,global,moderate-mobile,quick-turn,10,50,0.06,0.75,0.75,0.3060928,7.600765,0.02439024,0.9268293,0.9268293,2.22947,1.933442,1391122,914467,0,71,0,1369822,71,17110016,0,0.15,0.15
superblock,oct-ea,jpeg-replacement-q80,global,constrained-mobile,quick-turn,2,100,0.12,5.5,6,2.906003,11.90749,0.02439024,0.4634146,0.4146341,4.82938,1.933442,1391122,914467,0,71,0,1369822,71,17110016,4.605166,2.9,3.4
superblock,oct-ea,jpeg-replacement-q80,global,very-constrained,quick-turn,0.75,150,0.21,,,6.365892,11.90749,0.02439024,0,0,8.289269,1.933442,909675.5,604659,0,53,0,1369822,71,10818560,7.397531,,
superblock,oct-ea,jpeg-replacement-q80-whole,global,fast,quick-turn,50,20,0.03,0.5,0.5,0.1160888,4.643553,0.02439024,0.9512195,0.9512195,2.0377,1.931677,1351718,844258.7,0,5,0,1350218,5,17110016,0,0.15,0.15
superblock,oct-ea,jpeg-replacement-q80-whole,global,moderate-mobile,quick-turn,10,50,0.06,1.25,1.25,0.6776941,10.03461,0.02439024,0.8780488,0.8780488,2.599305,1.931677,1351718,844258.7,0,5,0,1350218,5,17110016,0,0.15,0.15
superblock,oct-ea,jpeg-replacement-q80-whole,global,constrained-mobile,quick-turn,2,100,0.12,5.75,5.75,3.581086,11.90922,0.02439024,0.4390244,0.4390244,5.502697,1.931677,1351718,844258.7,0,5,0,1350218,5,17110016,4.605832,3.15,3.15
superblock,oct-ea,jpeg-replacement-q80-whole,global,very-constrained,quick-turn,0.75,150,0.21,,,7.366766,11.90922,0.02439024,0,0,9.288377,1.931677,909675.5,567883,0,5,0,1350218,5,4264960,7.398989,,
superblock,oct-ea,jpeg-replacement-q80-whole,view-direct,fast,quick-turn,50,20,0.03,0.25,0.25,0,0,0.02439024,0.9756098,0.9756098,1.921611,1.931677,997328,623465.8,0,2,0,1350218,5,12895232,0,0.15,0.15
superblock,oct-ea,jpeg-replacement-q80-whole,view-direct,moderate-mobile,quick-turn,10,50,0.06,1,1,0.8931916,11.90922,0.02439024,0.902439,0.902439,2.814803,1.931677,997328,623465.8,0,2,0,1350218,5,12895232,0,0.15,0.15
superblock,oct-ea,jpeg-replacement-q80-whole,view-direct,constrained-mobile,quick-turn,2,100,0.12,4.25,4.25,4.455983,11.90922,0.02439024,0.5853659,0.5853659,6.377594,1.931677,997328,623465.8,0,2,0,1350218,5,12895232,10.31321,1.65,1.65
superblock,oct-ea,jpeg-replacement-q80-whole,view-direct,very-constrained,quick-turn,0.75,150,0.21,,,10.64391,11.90922,0.02439024,0,0,12.56552,1.931677,909675.5,568663.3,0,2,0,1350218,5,50176,10.31321,,
northrop-mall,oct-ea,haar-residual-d12,view,fast,explore,50,20,0.03,0.25,0.25,0,0,0.01538462,0.9846154,0.9846154,0.5264696,0.52047,1389379,165212.2,0,71,0,1368079,71,17110016,,,
northrop-mall,oct-ea,haar-residual-d12,view,moderate-mobile,explore,10,50,0.07,0.5,0.5,0.1335467,8.546986,0.01538462,0.9692308,0.9692308,0.6600162,0.52047,1389379,165212.2,0,71,0,1368079,71,17110016,,,
northrop-mall,oct-ea,haar-residual-d12,view,constrained-mobile,explore,2,100,0.2,1.75,1.75,0.9200357,11.17956,0.01538462,0.8923077,0.8615385,1.446505,0.52047,1389379,165212.2,0,71,0,1368079,71,17110016,,,
northrop-mall,oct-ea,haar-residual-d12,view,very-constrained,explore,0.75,150,0.42,5.25,10.75,4.916498,11.382,0.03076923,0.2461538,0.1538462,5.448454,0.52047,1292600,133288.5,55268.54,69,4,1368079,71,14488576,,,
northrop-mall,oct-ea,haar-residual-d12,view-fill,fast,explore,50,20,0.03,0.25,0.25,0,0,0.01538462,0.9846154,0.9846154,0.5264696,0.52047,1389379,165212.2,0,71,0,1368079,71,17110016,,,
northrop-mall,oct-ea,haar-residual-d12,view-fill,moderate-mobile,explore,10,50,0.07,0.5,0.5,0.1335467,8.546986,0.01538462,0.9692308,0.9692308,0.6600162,0.52047,1414268,170959.9,24888.58,73,2,1368079,71,17110016,,,
northrop-mall,oct-ea,haar-residual-d12,view-fill,constrained-mobile,explore,2,100,0.2,1.75,1.75,0.8518065,11.17956,0.01538462,0.8923077,0.8923077,1.378276,0.52047,1441478,171380.8,52099.17,74,3,1368079,71,17110016,,,
northrop-mall,oct-ea,haar-residual-d12,view-fill,very-constrained,explore,0.75,150,0.42,5.25,10.75,4.715946,11.382,0.03076923,0.2615385,0.2,5.247902,0.52047,1439324,170007.4,96198.26,77,6,1368079,71,16323584,,,
northrop-mall,oct-ea,haar-residual-d12,global,fast,explore,50,20,0.03,0.5,0.5,0.04948294,3.166908,0.01538462,0.9692308,0.9692308,0.5759525,0.52047,1389379,165212.2,0,71,0,1368079,71,17110016,,,
northrop-mall,oct-ea,haar-residual-d12,global,moderate-mobile,explore,10,50,0.07,1,1,0.2780039,9.47385,0.01538462,0.9384615,0.9384615,0.8044734,0.52047,1389379,165212.2,0,71,0,1368079,71,17110016,,,
northrop-mall,oct-ea,haar-residual-d12,global,constrained-mobile,explore,2,100,0.2,4.25,4.75,1.790626,11.17956,0.01538462,0.7384615,0.6615385,2.317096,0.52047,1389379,165212.2,0,71,0,1368079,71,17110016,,,
northrop-mall,oct-ea,haar-residual-d12,global,very-constrained,explore,0.75,150,0.42,12.25,13,4.793494,11.382,0.03076923,0.2461538,0.2,5.325449,0.52047,1389379,165212.2,0,71,0,1368079,71,17110016,,,
northrop-mall,oct-ea,haar-residual-d12-p0.5,view,fast,explore,50,20,0.03,0.25,0.25,0,0,0.01538462,0.9846154,0.9846154,1.284304,1.27679,1273181,150709.6,0,71,0,1251881,71,17110016,,,
northrop-mall,oct-ea,haar-residual-d12-p0.5,view,moderate-mobile,explore,10,50,0.07,0.5,0.5,0.1051706,6.730919,0.01538462,0.9692308,0.9692308,1.389474,1.27679,1273181,150709.6,0,71,0,1251881,71,17110016,,,
northrop-mall,oct-ea,haar-residual-d12-p0.5,view,constrained-mobile,explore,2,100,0.17,1.5,1.75,0.6816996,10.45674,0.01538462,0.9076923,0.8615385,1.966003,1.27679,1279563,151399.3,6382.472,72,1,1251881,71,17110016,,,
northrop-mall,oct-ea,haar-residual-d12-p0.5,view,very-constrained,explore,0.75,150,0.32,4,10.5,3.728613,10.49185,0.03076923,0.4,0.1846154,5.019487,1.27679,1277505,143752.8,97372.6,72,5,1251881,71,15537152,,,
northrop-mall,oct-ea,jpeg-residual-q80,view,fast,explore,50,20,0.03,0.25,0.25,0,0,0.01538462,0.9846154,0.9846154,1.309873,1.302213,1029101,120698.7,0,71,0,1007801,71,17110016,,,
northrop-mall,oct-ea,jpeg-residual-q80,view,moderate-mobile,explore,10,50,0.06,0.5,0.5,0.111169,7.114815,0.01538462,0.9692308,0.9692308,1.421042,1.302213,1029101,120698.7,0,71,0,1007801,71,17110016,,,
northrop-mall,oct-ea,jpeg-residual-q80,view,constrained-mobile,explore,2,100,0.12,1.25,1.5,0.4595631,10.64903,0.01538462,0.9230769,0.9076923,1.769436,1.302213,1029101,120698.7,0,71,0,1007801,71,17110016,,,
northrop-mall,oct-ea,jpeg-residual-q80,view,very-constrained,explore,0.75,150,0.21,2.5,3.75,2.082627,10.77082,0.01538462,0.7692308,0.4307692,3.392501,1.302213,1039128,122686,10027.11,72,1,1007801,71,17110016,,,
northrop-mall,oct-ea,jpeg-residual-q80,view-fill,fast,explore,50,20,0.03,0.25,0.25,0,0,0.01538462,0.9846154,0.9846154,1.309873,1.302213,1029101,120698.7,0,71,0,1007801,71,17110016,,,
northrop-mall,oct-ea,jpeg-residual-q80,view-fill,moderate-mobile,explore,10,50,0.06,0.5,0.5,0.111169,7.114815,0.01538462,0.9692308,0.9692308,1.421042,1.302213,1042238,122706.1,13136.75,72,1,1007801,71,17110016,,,
northrop-mall,oct-ea,jpeg-residual-q80,view-fill,constrained-mobile,explore,2,100,0.12,1.25,1.5,0.4305943,10.64903,0.01538462,0.9230769,0.9076923,1.740468,1.302213,1029101,120698.7,0,72,1,1007801,71,17110016,,,
northrop-mall,oct-ea,jpeg-residual-q80,view-fill,very-constrained,explore,0.75,150,0.21,2.5,3.75,1.757358,10.77082,0.01538462,0.8,0.5538462,3.067231,1.302213,1050066,124381.3,20964.61,73,2,1007801,71,17110016,,,
northrop-mall,oct-ea,jpeg-residual-q80,global,fast,explore,50,20,0.03,0.25,0.25,0.009639943,0.6169564,0.01538462,0.9846154,0.9846154,1.319513,1.302213,1029101,120698.7,0,71,0,1007801,71,17110016,,,
northrop-mall,oct-ea,jpeg-residual-q80,global,moderate-mobile,explore,10,50,0.06,0.75,0.75,0.1764281,6.008585,0.01538462,0.9538462,0.9538462,1.486301,1.302213,1029101,120698.7,0,71,0,1007801,71,17110016,,,
northrop-mall,oct-ea,jpeg-residual-q80,global,constrained-mobile,explore,2,100,0.12,3,3.5,1.030349,10.64903,0.01538462,0.8153846,0.7846154,2.340222,1.302213,1029101,120698.7,0,71,0,1007801,71,17110016,,,
northrop-mall,oct-ea,jpeg-residual-q80,global,very-constrained,explore,0.75,150,0.21,9.25,9.5,3.051238,10.89413,0.01538462,0.4307692,0.4153846,4.361112,1.302213,1029101,120698.7,0,71,0,1007801,71,17110016,,,
northrop-mall,oct-ea,jpeg-replacement-q80,view,fast,explore,50,20,0.03,0.25,0.25,0,0,0.01538462,0.9846154,0.9846154,1.334987,1.327384,1240253,144785.4,0,71,0,1218953,71,17110016,,,
northrop-mall,oct-ea,jpeg-replacement-q80,view,moderate-mobile,explore,10,50,0.06,0.5,0.5,0.07422972,4.7507,0.01538462,0.9692308,0.9692308,1.409217,1.327384,1240253,144785.4,0,71,0,1218953,71,17110016,,,
northrop-mall,oct-ea,jpeg-replacement-q80,view,constrained-mobile,explore,2,100,0.12,1.75,1.75,0.6283303,10.72987,0.01538462,0.8923077,0.8769231,1.963317,1.327384,1245670,145624.9,5416.667,72,1,1218953,71,17110016,,,
northrop-mall,oct-ea,jpeg-replacement-q80,view,very-constrained,explore,0.75,150,0.21,3.25,5.25,3.238768,10.7392,0.01538462,0.4769231,0.2153846,4.573755,1.327384,1263556,147911.1,53553.33,73,3,1218953,71,16847872,,,
northrop-mall,oct-ea,jpeg-replacement-q80,view-fill,fast,explore,50,20,0.03,0.25,0.25,0,0,0.01538462,0.9846154,0.9846154,1.334987,1.327384,1240253,144785.4,0,71,0,1218953,71,17110016,,,
northrop-mall,oct-ea,jpeg-replacement-q80,view-fill,moderate-mobile,explore,10,50,0.06,0.5,0.5,0.0742297,4.7507,0.01538462,0.9692308,0.9692308,1.409217,1.327384,1280987,146695.5,40734.25,73,2,1218953,71,17110016,,,
northrop-mall,oct-ea,jpeg-replacement-q80,view-fill,constrained-mobile,explore,2,100,0.12,1.75,1.75,0.574112,10.72987,0.01538462,0.8923077,0.8923077,1.909099,1.327384,1256577,145624.9,16323.95,73,2,1218953,71,17110016,,,
northrop-mall,oct-ea,jpeg-replacement-q80,view-fill,very-constrained,explore,0.75,150,0.21,3.25,5.25,2.858981,10.7392,0.01538462,0.5384615,0.3384615,4.193968,1.327384,1319693,176065.6,79439.63,76,5,1218953,71,17110016,,,
northrop-mall,oct-ea,jpeg-replacement-q80,view-direct,fast,explore,50,20,0.03,0.25,0.25,0,0,0.01538462,0.9846154,0.9846154,1.334987,1.327384,916205,105103.7,0,50,0,1218953,71,12895232,,,
northrop-mall,oct-ea,jpeg-replacement-q80,view-direct,moderate-mobile,explore,10,50,0.06,0.5,0.5,0.07406853,4.740349,0.01538462,0.9692308,0.9692308,1.409055,1.327384,916205,105103.7,0,50,0,1218953,71,12895232,,,
northrop-mall,oct-ea,jpeg-replacement-q80,view-direct,constrained-mobile,explore,2,100,0.12,1.25,1.25,0.6274919,10.72987,0.01538462,0.9230769,0.9076923,1.962479,1.327384,932038.3,105447.5,15833.33,51,1,1218953,71,12895232,,,
northrop-mall,oct-ea,jpeg-replacement-q80,view-direct,very-constrained,explore,0.75,150,0.21,2.75,2.75,3.384591,10.86448,0.01538462,0.5076923,0.4769231,4.719578,1.327384,946048.8,105185.1,29843.75,54,4,1218953,71,12895232,,,
northrop-mall,oct-ea,jpeg-replacement-q80,global,fast,explore,50,20,0.03,0.25,0.5,0.01747924,1.118672,0.01538462,0.9846154,0.9692308,1.352466,1.327384,1240253,144785.4,0,71,0,1218953,71,17110016,,,
northrop-mall,oct-ea,jpeg-replacement-q80,global,moderate-mobile,explore,10,50,0.06,0.75,1,0.2076779,7.271512,0.01538462,0.9538462,0.9384615,1.542665,1.327384,1240253,144785.4,0,71,0,1218953,71,17110016,,,
northrop-mall,oct-ea,jpeg-replacement-q80,global,constrained-mobile,explore,2,100,0.12,3.5,4,1.227623,10.72987,0.01538462,0.7846154,0.7538462,2.56261,1.327384,1240253,144785.4,0,71,0,1218953,71,17110016,,,
northrop-mall,oct-ea,jpeg-replacement-q80,global,very-constrained,explore,0.75,150,0.21,10.75,11.5,3.588413,10.86448,0.01538462,0.3384615,0.2923077,4.9234,1.327384,1240253,144785.4,0,71,0,1218953,71,17110016,,,
northrop-mall,oct-ea,jpeg-replacement-q80-whole,global,fast,explore,50,20,0.03,0.25,0.25,0,0,0.01538462,0.9846154,0.9846154,1.333917,1.326315,1205997,174128.1,0,5,0,1204497,5,17110016,,,
northrop-mall,oct-ea,jpeg-replacement-q80-whole,global,moderate-mobile,explore,10,50,0.06,1.25,1.25,0.3952395,9.123437,0.01538462,0.9230769,0.9230769,1.729157,1.326315,1205997,174128.1,0,5,0,1204497,5,17110016,,,
northrop-mall,oct-ea,jpeg-replacement-q80-whole,global,constrained-mobile,explore,2,100,0.12,5.25,5.25,1.929065,10.62462,0.01538462,0.6769231,0.6769231,3.262983,1.326315,1205997,174128.1,0,5,0,1204497,5,17110016,,,
northrop-mall,oct-ea,jpeg-replacement-q80-whole,global,very-constrained,explore,0.75,150,0.21,13.25,13.25,4.895264,10.86529,0.01538462,0.1846154,0.1846154,6.229181,1.326315,1205997,174128.1,0,5,0,1204497,5,17110016,,,
northrop-mall,oct-ea,jpeg-replacement-q80-whole,view-direct,fast,explore,50,20,0.03,0.25,0.25,0,0,0.01538462,0.9846154,0.9846154,1.333917,1.326315,892685,129289.9,0,2,0,1204497,5,12895232,,,
northrop-mall,oct-ea,jpeg-replacement-q80-whole,view-direct,moderate-mobile,explore,10,50,0.06,1,1,0.5014847,10.73991,0.01538462,0.9384615,0.9384615,1.835402,1.326315,892685,129289.9,0,2,0,1204497,5,12895232,,,
northrop-mall,oct-ea,jpeg-replacement-q80-whole,view-direct,constrained-mobile,explore,2,100,0.12,4,4,2.558032,11.46817,0.01538462,0.7538462,0.7538462,3.891949,1.326315,892685,129289.9,0,2,0,1204497,5,12895232,,,
northrop-mall,oct-ea,jpeg-replacement-q80-whole,view-direct,very-constrained,explore,0.75,150,0.21,10,10,6.176899,11.61366,0.01538462,0.3846154,0.3846154,7.510817,1.326315,892685,129289.9,0,2,0,1204497,5,12895232,,,
bookstore,oct-ea,haar-residual-d12,view,fast,explore,50,20,0.03,0.25,0.25,0,0,0.01538462,0.9846154,0.9846154,1.789715,1.786084,524443,58427.93,0,71,0,503143,71,17110016,,,
bookstore,oct-ea,haar-residual-d12,view,moderate-mobile,explore,10,50,0.07,0.5,0.5,0.07131462,4.564135,0.01538462,0.9692308,0.9692308,1.861029,1.786084,524443,58427.93,0,71,0,503143,71,17110016,,,
bookstore,oct-ea,haar-residual-d12,view,constrained-mobile,explore,2,100,0.19,1.25,1.25,0.7805448,15.66091,0.01538462,0.9230769,0.9230769,2.570259,1.786084,524443,58427.93,0,71,0,503143,71,17110016,,,
bookstore,oct-ea,haar-residual-d12,view,very-constrained,explore,0.75,150,0.37,3,3.5,2.099918,15.66091,0.03076923,0.8153846,0.7384615,3.892961,1.786084,524443,58427.93,0,72,1,503143,71,17110016,,,
bookstore,oct-ea,haar-residual-d12,view-fill,fast,explore,50,20,0.03,0.25,0.25,0,0,0.01538462,0.9846154,0.9846154,1.789715,1.786084,524443,58427.93,0,71,0,503143,71,17110016,,,
bookstore,oct-ea,haar-residual-d12,view-fill,moderate-mobile,explore,10,50,0.07,0.5,0.5,0.07131462,4.564135,0.01538462,0.9692308,0.9692308,1.861029,1.786084,524443,58427.93,0,73,2,503143,71,17110016,,,
bookstore,oct-ea,haar-residual-d12,view-fill,constrained-mobile,explore,2,100,0.19,1.25,1.25,0.7721292,15.66091,0.01538462,0.9230769,0.9230769,2.561844,1.786084,531568,58660.43,7125,77,6,503143,71,17110016,,,
bookstore,oct-ea,haar-residual-d12,view-fill,very-constrained,explore,0.75,150,0.37,3,3.5,2.011581,15.66091,0.03076923,0.8153846,0.7846154,3.804625,1.786084,541545.2,60419.1,17102.21,77,6,503143,71,17110016,,,
bookstore,oct-ea,haar-residual-d12,global,fast,explore,50,20,0.03,0.25,0.25,0.003861872,0.2471598,0.01538462,0.9846154,0.9846154,1.793576,1.786084,524443,58427.93,0,71,0,503143,71,17110016,,,
bookstore,oct-ea,haar-residual-d12,global,moderate-mobile,explore,10,50,0.07,0.5,0.75,0.1637239,7.659456,0.01538462,0.9692308,0.9538462,1.953439,1.786084,524443,58427.93,0,71,0,503143,71,17110016,,,
bookstore,oct-ea,haar-residual-d12,global,constrained-mobile,explore,2,100,0.19,2.25,2.5,1.124911,15.66091,0.01538462,0.8615385,0.8461538,2.914626,1.786084,524443,58427.93,0,71,0,503143,71,17110016,,,
bookstore,oct-ea,haar-residual-d12,global,very-constrained,explore,0.75,150,0.37,5.25,6.25,2.817682,15.66091,0.03076923,0.6769231,0.6153846,4.610726,1.786084,524443,58427.93,0,71,0,503143,71,17110016,,,
bookstore,oct-ea,haar-residual-d12-p0.5,view,fast,explore,50,20,0.03,0.25,0.25,0,0,0.01538462,0.9846154,0.9846154,4.126784,4.128541,448558,49091.16,0,71,0,427258,71,17110016,,,
bookstore,oct-ea,haar-residual-d12-p0.5,view,moderate-mobile,explore,10,50,0.06,0.25,0.5,0.04631425,2.964112,0.01538462,0.9846154,0.9692308,4.173098,4.128541,448558,49091.16,0,71,0,427258,71,17110016,,,
bookstore,oct-ea,haar-residual-d12-p0.5,view,constrained-mobile,explore,2,100,0.15,0.75,1,0.4377754,12.4836,0.01538462,0.9538462,0.9384615,4.564558,4.128541,448558,49091.16,0,71,0,427258,71,17110016,,,
bookstore,oct-ea,haar-residual-d12-p0.5,view,very-constrained,explore,0.75,150,0.27,2,2.25,1.00771,12.98265,0.03076923,0.8769231,0.8615385,5.13316,4.128541,448558,49091.16,0,71,0,427258,71,17110016,,,
bookstore,oct-ea,jpeg-residual-q80,view,fast,explore,50,20,0.03,0.25,0.25,0,0,0.01538462,0.9846154,0.9846154,2.313601,2.308575,476549,54679.42,0,71,0,455249,71,17110016,,,
bookstore,oct-ea,jpeg-residual-q80,view,moderate-mobile,explore,10,50,0.06,0.5,0.5,0.08135323,5.206541,0.01538462,0.9692308,0.9692308,2.394954,2.308575,476549,54679.42,0,71,0,455249,71,17110016,,,
bookstore,oct-ea,jpeg-residual-q80,view,constrained-mobile,explore,2,100,0.12,1,1,0.3855275,14.86285,0.01538462,0.9384615,0.9384615,2.699128,2.308575,476549,54679.42,0,72,1,455249,71,17110016,,,
bookstore,oct-ea,jpeg-residual-q80,view,very-constrained,explore,0.75,150,0.2,2,2.75,1.228401,15.50954,0.01538462,0.8769231,0.7846154,3.542002,2.308575,476549,54679.42,0,72,1,455249,71,17110016,,,
bookstore,oct-ea,jpeg-residual-q80,view-fill,fast,explore,50,20,0.03,0.25,0.25,0,0,0.01538462,0.9846154,0.9846154,2.313601,2.308575,476549,54679.42,0,71,0,455249,71,17110016,,,
bookstore,oct-ea,jpeg-residual-q80,view-fill,moderate-mobile,explore,10,50,0.06,0.5,0.5,0.08135264,5.206541,0.01538462,0.9692308,0.9692308,2.394954,2.308575,481575.3,55782.59,5026.25,74,3,455249,71,17110016,,,
bookstore,oct-ea,jpeg-residual-q80,view-fill,constrained-mobile,explore,2,100,0.12,1,1,0.3810807,14.86285,0.01538462,0.9384615,0.9384615,2.694682,2.308575,486456.7,54679.42,9907.667,76,5,455249,71,17110016,,,
bookstore,oct-ea,jpeg-residual-q80,view-fill,very-constrained,explore,0.75,150,0.2,2,2.75,1.14046,15.50954,0.01538462,0.8769231,0.8307692,3.454061,2.308575,489290.8,54679.42,12741.75,78,7,455249,71,17110016,,,
bookstore,oct-ea,jpeg-residual-q80,global,fast,explore,50,20,0.03,0.25,0.25,0.006158807,0.3941637,0.01538462,0.9846154,0.9846154,2.31976,2.308575,476549,54679.42,0,71,0,455249,71,17110016,,,
bookstore,oct-ea,jpeg-residual-q80,global,moderate-mobile,explore,10,50,0.06,0.75,0.75,0.1813372,8.098905,0.01538462,0.9538462,0.9538462,2.494938,2.308575,476549,54679.42,0,71,0,455249,71,17110016,,,
bookstore,oct-ea,jpeg-residual-q80,global,constrained-mobile,explore,2,100,0.12,2,2,0.7355311,14.86285,0.01538462,0.8769231,0.8769231,3.049132,2.308575,476549,54679.42,0,71,0,455249,71,17110016,,,
bookstore,oct-ea,jpeg-residual-q80,global,very-constrained,explore,0.75,150,0.2,4.5,5,2.045444,15.50954,0.01538462,0.7230769,0.6769231,4.359045,2.308575,476549,54679.42,0,71,0,455249,71,17110016,,,
bookstore,oct-ea,jpeg-replacement-q80,view,fast,explore,50,20,0.03,0.25,0.25,0,0,0.01538462,0.9846154,0.9846154,2.288168,2.283224,582036,65341.02,0,71,0,560736,71,17110016,,,
bookstore,oct-ea,jpeg-replacement-q80,view,moderate-mobile,explore,10,50,0.06,0.5,0.5,0.0859535,5.501024,0.01538462,0.9692308,0.9692308,2.374121,2.283224,582036,65341.02,0,71,0,560736,71,17110016,,,
bookstore,oct-ea,jpeg-replacement-q80,view,constrained-mobile,explore,2,100,0.12,1.25,1.25,0.5109511,14.87919,0.01538462,0.9230769,0.9076923,2.799119,2.283224,587452.7,66180.6,5416.667,72,1,560736,71,17110016,,,
bookstore,oct-ea,jpeg-replacement-q80,view,very-constrained,explore,0.75,150,0.2,2.5,3,1.555796,15.5253,0.01538462,0.8461538,0.7384615,3.843964,2.283224,582036,65341.02,0,71,0,560736,71,17110016,,,
bookstore,oct-ea,jpeg-replacement-q80,view-fill,fast,explore,50,20,0.03,0.25,0.25,0,0,0.01538462,0.9846154,0.9846154,2.288168,2.283224,582036,65341.02,0,72,1,560736,71,17110016,,,
bookstore,oct-ea,jpeg-replacement-q80,view-fill,moderate-mobile,explore,10,50,0.06,0.5,0.5,0.0859535,5.501024,0.01538462,0.9692308,0.9692308,2.374121,2.283224,588286,66026.91,6250,75,4,560736,71,17110016,,,
bookstore,oct-ea,jpeg-replacement-q80,view-fill,constrained-mobile,explore,2,100,0.12,1.25,1.25,0.4748459,14.87919,0.01538462,0.9230769,0.9230769,2.763014,2.283224,592452.7,66180.6,10416.67,77,6,560736,71,17110016,,,
bookstore,oct-ea,jpeg-replacement-q80,view-fill,very-constrained,explore,0.75,150,0.2,2.5,3,1.449409,15.5253,0.01538462,0.8461538,0.8,3.737577,2.283224,628754.6,67054.5,46718.63,80,9,560736,71,17110016,,,
bookstore,oct-ea,jpeg-replacement-q80,view-direct,fast,explore,50,20,0.03,0.25,0.25,0,0,0.01538462,0.9846154,0.9846154,2.288168,2.283224,398711,43457.02,0,50,0,560736,71,12895232,,,
bookstore,oct-ea,jpeg-replacement-q80,view-direct,moderate-mobile,explore,10,50,0.06,0.25,0.25,0.00004224167,0.001795565,0.01538462,0.9846154,0.9846154,2.28821,2.283224,398711,43457.02,0,50,0,560736,71,12895232,,,
bookstore,oct-ea,jpeg-replacement-q80,view-direct,constrained-mobile,explore,2,100,0.12,1,1,0.4552025,14.87919,0.01538462,0.9384615,0.9384615,2.743371,2.283224,398711,43457.02,0,50,0,560736,71,12895232,,,
bookstore,oct-ea,jpeg-replacement-q80,view-direct,very-constrained,explore,0.75,150,0.2,2,2,1.747512,15.47076,0.01538462,0.8153846,0.7846154,4.03568,2.283224,406966.6,43457.02,8255.625,51,1,560736,71,12895232,,,
bookstore,oct-ea,jpeg-replacement-q80,global,fast,explore,50,20,0.03,0.25,0.25,0,0,0.01538462,0.9846154,0.9846154,2.288168,2.283224,582036,65341.02,0,71,0,560736,71,17110016,,,
bookstore,oct-ea,jpeg-replacement-q80,global,moderate-mobile,explore,10,50,0.06,0.75,0.75,0.2003362,9.305127,0.01538462,0.9538462,0.9538462,2.488504,2.283224,582036,65341.02,0,71,0,560736,71,17110016,,,
bookstore,oct-ea,jpeg-replacement-q80,global,constrained-mobile,explore,2,100,0.12,2.25,2.5,0.8599805,14.87919,0.01538462,0.8615385,0.8461538,3.148148,2.283224,582036,65341.02,0,71,0,560736,71,17110016,,,
bookstore,oct-ea,jpeg-replacement-q80,global,very-constrained,explore,0.75,150,0.2,5.5,6.75,2.618881,15.5253,0.01538462,0.6461538,0.5846154,4.907049,2.283224,582036,65341.02,0,71,0,560736,71,17110016,,,
bookstore,oct-ea,jpeg-replacement-q80-whole,global,fast,explore,50,20,0.03,0.25,0.25,0,0,0.01538462,0.9846154,0.9846154,2.286349,2.281399,545050,78588.32,0,5,0,543550,5,17110016,,,
bookstore,oct-ea,jpeg-replacement-q80-whole,global,moderate-mobile,explore,10,50,0.06,0.75,0.75,0.2287274,9.309173,0.01538462,0.9538462,0.9538462,2.515077,2.281399,545050,78588.32,0,5,0,543550,5,17110016,,,
bookstore,oct-ea,jpeg-replacement-q80-whole,global,constrained-mobile,explore,2,100,0.12,2.5,2.5,1.194095,14.88249,0.01538462,0.8461538,0.8461538,3.480444,2.281399,545050,78588.32,0,5,0,543550,5,17110016,,,
bookstore,oct-ea,jpeg-replacement-q80-whole,global,very-constrained,explore,0.75,150,0.2,6.25,6.25,3.217546,15.52833,0.01538462,0.6153846,0.6153846,5.503895,2.281399,545050,78588.32,0,5,0,543550,5,17110016,,,
bookstore,oct-ea,jpeg-replacement-q80-whole,view-direct,fast,explore,50,20,0.03,0.25,0.25,0,0,0.01538462,0.9846154,0.9846154,2.286349,2.281399,372384,53905.05,0,2,0,543550,5,12895232,,,
bookstore,oct-ea,jpeg-replacement-q80-whole,view-direct,moderate-mobile,explore,10,50,0.06,0.5,0.5,0.232539,14.88249,0.01538462,0.9692308,0.9692308,2.518888,2.281399,372384,53905.05,0,2,0,543550,5,12895232,,,
bookstore,oct-ea,jpeg-replacement-q80-whole,view-direct,constrained-mobile,explore,2,100,0.12,1.75,1.75,1.394739,15.52833,0.01538462,0.8923077,0.8923077,3.681088,2.281399,372384,53905.05,0,2,0,543550,5,12895232,,,
bookstore,oct-ea,jpeg-replacement-q80-whole,view-direct,very-constrained,explore,0.75,150,0.2,4.5,4.5,3.944234,15.71892,0.01538462,0.7230769,0.7230769,6.230583,2.281399,372384,53905.05,0,2,0,543550,5,12895232,,,
superblock,oct-ea,haar-residual-d12,view,fast,explore,50,20,0.03,0.25,0.25,0,0,0.01538462,0.9846154,0.9846154,1.39694,1.397184,1698461,278790.4,0,71,0,1677161,71,17110016,,,
superblock,oct-ea,haar-residual-d12,view,moderate-mobile,explore,10,50,0.08,0.5,0.5,0.1660196,10.38793,0.01538462,0.9692308,0.9692308,1.56296,1.397184,1698461,278790.4,0,71,0,1677161,71,17110016,,,
superblock,oct-ea,haar-residual-d12,view,constrained-mobile,explore,2,100,0.21,3,3.25,1.521021,12.44526,0.01538462,0.8153846,0.7538462,2.917962,1.397184,1740921,287205.9,42460.27,72,1,1677161,71,17110016,,,
superblock,oct-ea,haar-residual-d12,view,very-constrained,explore,0.75,150,0.44,12.5,15.75,6.503047,12.35553,0.03076923,0.1230769,0.03076923,7.897849,1.397184,1449695,185254.2,107753.2,64,8,1677161,71,12915712,,,
superblock,oct-ea,haar-residual-d12,view-fill,fast,explore,50,20,0.03,0.25,0.25,0,0,0.01538462,0.9846154,0.9846154,1.39694,1.397184,1698461,278790.4,0,71,0,1677161,71,17110016,,,
superblock,oct-ea,haar-residual-d12,view-fill,moderate-mobile,explore,10,50,0.08,0.5,0.5,0.1661883,10.38793,0.01538462,0.9692308,0.9692308,1.563129,1.397184,1726827,280842.5,28366,74,3,1677161,71,17110016,,,
superblock,oct-ea,haar-residual-d12,view-fill,constrained-mobile,explore,2,100,0.21,3,3.25,1.421571,12.44526,0.01538462,0.8153846,0.8,2.818511,1.397184,1805139,289205.3,106677.7,78,7,1677161,71,17110016,,,
superblock,oct-ea,haar-residual-d12,view-fill,very-constrained,explore,0.75,150,0.44,12.5,15.75,6.503047,12.35553,0.03076923,0.1230769,0.03076923,7.897849,1.397184,1458133,188769.4,107753.2,69,8,1677161,71,12915712,,,
superblock,oct-ea,haar-residual-d12,global,fast,explore,50,20,0.03,0.25,0.5,0.03585489,2.294713,0.01538462,0.9846154,0.9692308,1.432795,1.397184,1698461,278790.4,0,71,0,1677161,71,17110016,,,
superblock,oct-ea,haar-residual-d12,global,moderate-mobile,explore,10,50,0.08,1.25,1.25,0.3808599,10.38793,0.01538462,0.9230769,0.9230769,1.7778,1.397184,1698461,278790.4,0,71,0,1677161,71,17110016,,,
superblock,oct-ea,haar-residual-d12,global,constrained-mobile,explore,2,100,0.21,5,7.25,2.537867,12.44526,0.01538462,0.6769231,0.5538462,3.934807,1.397184,1698461,278790.4,0,71,0,1677161,71,17110016,,,
superblock,oct-ea,haar-residual-d12,global,very-constrained,explore,0.75,150,0.44,13.25,13.75,5.926592,12.35553,0.03076923,0.1846154,0.1538462,7.321394,1.397184,1472543,232479.8,0,64,0,1677161,71,13702144,,,
superblock,oct-ea,haar-residual-d12-p0.5,view,fast,explore,50,20,0.03,0.25,0.25,0,0,0.01538462,0.9846154,0.9846154,2.614413,2.623705,1535873,255118.5,0,71,0,1514573,71,17110016,,,
superblock,oct-ea,haar-residual-d12-p0.5,view,moderate-mobile,explore,10,50,0.07,0.5,0.5,0.09495045,6.075468,0.01538462,0.9692308,0.9692308,2.709364,2.623705,1535873,255118.5,0,71,0,1514573,71,17110016,,,
superblock,oct-ea,haar-residual-d12-p0.5,view,constrained-mobile,explore,2,100,0.18,2.5,2.75,0.9556575,10.64161,0.01538462,0.8461538,0.8153846,3.570071,2.623705,1535873,255118.5,0,72,1,1514573,71,17110016,,,
superblock,oct-ea,haar-residual-d12-p0.5,view,very-constrained,explore,0.75,150,0.34,11.75,13,4.758753,10.64161,0.03076923,0.2615385,0.06153846,7.358946,2.623705,1419002,180049.5,131104.5,68,7,1514573,71,14488576,,,
superblock,oct-ea,jpeg-residual-q80,view,fast,explore,50,20,0.03,0.25,0.25,0,0,0.01538462,0.9846154,0.9846154,2.86028,2.852222,1140394,183779.7,0,71,0,1119094,71,17110016,,,
superblock,oct-ea,jpeg-residual-q80,view,moderate-mobile,explore,10,50,0.06,0.5,0.5,0.07329769,4.689286,0.01538462,0.9692308,0.9692308,2.933578,2.852222,1140394,183779.7,0,71,0,1119094,71,17110016,,,
superblock,oct-ea,jpeg-residual-q80,view,constrained-mobile,explore,2,100,0.12,1.25,1.75,0.5908411,12.35884,0.01538462,0.9230769,0.8923077,3.451122,2.852222,1140394,183779.7,0,71,0,1119094,71,17110016,,,
superblock,oct-ea,jpeg-residual-q80,view,very-constrained,explore,0.75,150,0.21,4.5,11,2.936765,12.35884,0.01538462,0.5538462,0.2461538,5.797045,2.852222,1157178,183238.3,35869.63,73,3,1119094,71,16847872,,,
superblock,oct-ea,jpeg-residual-q80,view-fill,fast,explore,50,20,0.03,0.25,0.25,0,0,0.01538462,0.9846154,0.9846154,2.86028,2.852222,1140394,183779.7,0,71,0,1119094,71,17110016,,,
superblock,oct-ea,jpeg-residual-q80,view-fill,moderate-mobile,explore,10,50,0.06,0.5,0.5,0.07328479,4.689286,0.01538462,0.9692308,0.9692308,2.933565,2.852222,1146644,184734.7,6250,72,1,1119094,71,17110016,,,
superblock,oct-ea,jpeg-residual-q80,view-fill,constrained-mobile,explore,2,100,0.12,1.25,1.75,0.5629382,12.35884,0.01538462,0.9230769,0.8923077,3.423219,2.852222,1140394,183779.7,0,71,0,1119094,71,17110016,,,
superblock,oct-ea,jpeg-residual-q80,view-fill,very-constrained,explore,0.75,150,0.21,4.5,11,2.826076,12.35884,0.01538462,0.5538462,0.3230769,5.686356,2.852222,1176264,195243,35869.63,74,3,1119094,71,17110016,,,
superblock,oct-ea,jpeg-residual-q80,global,fast,explore,50,20,0.03,0.25,0.25,0.007159602,0.4582145,0.01538462,0.9846154,0.9846154,2.86744,2.852222,1140394,183779.7,0,71,0,1119094,71,17110016,,,
superblock,oct-ea,jpeg-residual-q80,global,moderate-mobile,explore,10,50,0.06,0.75,1,0.1971924,6.920515,0.01538462,0.9538462,0.9384615,3.057473,2.852222,1140394,183779.7,0,71,0,1119094,71,17110016,,,
superblock,oct-ea,jpeg-residual-q80,global,constrained-mobile,explore,2,100,0.12,3.5,4,1.198774,12.35884,0.01538462,0.7846154,0.7538462,4.059054,2.852222,1140394,183779.7,0,71,0,1119094,71,17110016,,,
superblock,oct-ea,jpeg-residual-q80,global,very-constrained,explore,0.75,150,0.21,9.75,11,3.429209,12.35884,0.01538462,0.4,0.3230769,6.289489,2.852222,1140394,183779.7,0,71,0,1119094,71,17110016,,,
superblock,oct-ea,jpeg-replacement-q80,view,fast,explore,50,20,0.03,0.25,0.25,0,0,0.01538462,0.9846154,0.9846154,2.896091,2.887475,1391122,222706.1,0,71,0,1369822,71,17110016,,,
superblock,oct-ea,jpeg-replacement-q80,view,moderate-mobile,explore,10,50,0.06,0.5,0.5,0.07724281,4.941304,0.01538462,0.9692308,0.9692308,2.973334,2.887475,1391122,222706.1,0,71,0,1369822,71,17110016,,,
superblock,oct-ea,jpeg-replacement-q80,view,constrained-mobile,explore,2,100,0.12,1.5,2.5,0.8094051,12.36974,0.01538462,0.8923077,0.8307692,3.705496,2.887475,1396539,223545.7,5416.667,72,1,1369822,71,17110016,,,
superblock,oct-ea,jpeg-replacement-q80,view,very-constrained,explore,0.75,150,0.21,4.75,12,4.167982,12.36974,0.01538462,0.2769231,0.1230769,7.064073,2.887475,1387947,197804,93551.94,73,6,1369822,71,16061440,,,
superblock,oct-ea,jpeg-replacement-q80,view-fill,fast,explore,50,20,0.03,0.25,0.25,0,0,0.01538462,0.9846154,0.9846154,2.896091,2.887475,1391122,222706.1,0,71,0,1369822,71,17110016,,,
superblock,oct-ea,jpeg-replacement-q80,view-fill,moderate-mobile,explore,10,50,0.06,0.5,0.5,0.07722449,4.941304,0.01538462,0.9692308,0.9692308,2.973315,2.887475,1403622,224616.3,12500,72,1,1369822,71,17110016,,,
superblock,oct-ea,jpeg-replacement-q80,view-fill,constrained-mobile,explore,2,100,0.12,1.5,2.5,0.7627818,12.36974,0.01538462,0.8923077,0.8461538,3.658873,2.887475,1433205,223545.7,42083.33,75,4,1369822,71,17110016,,,
superblock,oct-ea,jpeg-replacement-q80,view-fill,very-constrained,explore,0.75,150,0.21,4.75,12,4.167982,12.36974,0.01538462,0.2769231,0.1230769,7.064073,2.887475,1431072,217113.7,93551.94,77,6,1369822,71,16061440,,,
superblock,oct-ea,jpeg-replacement-q80,view-direct,fast,explore,50,20,0.03,0.25,0.25,0,0,0.01538462,0.9846154,0.9846154,2.896091,2.887475,1025387,166190.7,0,50,0,1369822,71,12895232,,,
superblock,oct-ea,jpeg-replacement-q80,view-direct,moderate-mobile,explore,10,50,0.06,0.25,0.5,0.04635368,2.950074,0.01538462,0.9846154,0.9692308,2.942445,2.887475,1025387,166190.7,0,50,0,1369822,71,12895232,,,
superblock,oct-ea,jpeg-replacement-q80,view-direct,constrained-mobile,explore,2,100,0.12,1.5,1.5,0.7970972,12.36974,0.01538462,0.9076923,0.8769231,3.693188,2.887475,1039632,166190.7,14245.25,51,1,1369822,71,12895232,,,
superblock,oct-ea,jpeg-replacement-q80,view-direct,very-constrained,explore,0.75,150,0.21,4,4,3.503465,12.36974,0.01538462,0.5384615,0.4,6.399556,2.887475,1047917,166272.1,22529.68,54,4,1369822,71,12895232,,,
superblock,oct-ea,jpeg-replacement-q80,global,fast,explore,50,20,0.03,0.25,0.5,0.03856358,2.468069,0.01538462,0.9846154,0.9692308,2.934655,2.887475,1391122,222706.1,0,71,0,1369822,71,17110016,,,
superblock,oct-ea,jpeg-replacement-q80,global,moderate-mobile,explore,10,50,0.06,1,1,0.2504424,7.982228,0.01538462,0.9384615,0.9384615,3.146533,2.887475,1391122,222706.1,0,71,0,1369822,71,17110016,,,
superblock,oct-ea,jpeg-replacement-q80,global,constrained-mobile,explore,2,100,0.12,4.25,4.75,1.488031,12.36974,0.01538462,0.7384615,0.6769231,4.384122,2.887475,1391122,222706.1,0,71,0,1369822,71,17110016,,,
superblock,oct-ea,jpeg-replacement-q80,global,very-constrained,explore,0.75,150,0.21,11,12.75,3.973796,12.36974,0.01538462,0.3230769,0.2153846,6.869886,2.887475,1391122,222706.1,0,71,0,1369822,71,17110016,,,
superblock,oct-ea,jpeg-replacement-q80-whole,global,fast,explore,50,20,0.03,0.5,0.5,0.07327696,4.689726,0.01538462,0.9692308,0.9692308,2.967987,2.886088,1351718,195177.4,0,5,0,1350218,5,17110016,,,
superblock,oct-ea,jpeg-replacement-q80-whole,global,moderate-mobile,explore,10,50,0.06,1.25,1.25,0.4245396,10.40933,0.01538462,0.9230769,0.9230769,3.31925,2.886088,1351718,195177.4,0,5,0,1350218,5,17110016,,,
superblock,oct-ea,jpeg-replacement-q80-whole,global,constrained-mobile,explore,2,100,0.12,5.75,5.75,2.166077,12.37139,0.01538462,0.6461538,0.6461538,5.060787,2.886088,1351718,195177.4,0,5,0,1350218,5,17110016,,,
superblock,oct-ea,jpeg-replacement-q80-whole,global,very-constrained,explore,0.75,150,0.21,14.75,14.75,5.570637,12.37139,0.01538462,0.09230769,0.09230769,8.465347,2.886088,1351718,195177.4,0,5,0,1350218,5,17110016,,,
superblock,oct-ea,jpeg-replacement-q80-whole,view-direct,fast,explore,50,20,0.03,0.25,0.25,0,0,0.01538462,0.9846154,0.9846154,2.89471,2.886088,997328,144452.4,0,2,0,1350218,5,12895232,,,
superblock,oct-ea,jpeg-replacement-q80-whole,view-direct,moderate-mobile,explore,10,50,0.06,1,1,0.5526343,12.37139,0.01538462,0.9384615,0.9384615,3.447344,2.886088,997328,144452.4,0,2,0,1350218,5,12895232,,,
superblock,oct-ea,jpeg-replacement-q80-whole,view-direct,constrained-mobile,explore,2,100,0.12,4.25,4.25,2.634046,12.37139,0.01538462,0.7384615,0.7384615,5.528757,2.886088,997328,144452.4,0,2,0,1350218,5,12895232,,,
superblock,oct-ea,jpeg-replacement-q80-whole,view-direct,very-constrained,explore,0.75,150,0.21,11,11,6.69354,12.37139,0.01538462,0.3230769,0.3230769,9.58825,2.886088,997328,144452.4,0,2,0,1350218,5,12895232,,,
