panorama,representation,N,scheme,order,budget,bytes,units,viewPsnr,viewSsim,oppositePsnr,residentBytes,totalBytes
northrop-mall,equirect,1280,exact,all,,9830400,,31.38455,0.9511098,,,
northrop-mall,equirect,1280,exact,coarse,,38400,,20.92009,0.4748661,,,
northrop-mall,equirect,1280,haar-residual-d12,level,8192,0,0,,,,0,1206136
northrop-mall,equirect,1280,haar-residual-d12,level,16384,0,0,,,,0,1206136
northrop-mall,equirect,1280,haar-residual-d12,level,32768,21797,1,20.90049,0.4748525,,51200,1206136
northrop-mall,equirect,1280,haar-residual-d12,level,65536,61811,3,22.09166,0.5351531,,256000,1206136
northrop-mall,equirect,1280,haar-residual-d12,level,131072,124048,5,23.41985,0.6216597,,780288,1206136
northrop-mall,equirect,1280,haar-residual-d12,level,262144,250224,15,24.76163,0.7060989,,2648064,1206136
northrop-mall,equirect,1280,haar-residual-d12,level,524288,511757,38,26.35285,0.8272432,,8022016,1206136
northrop-mall,equirect,1280,haar-residual-d12,level,1048576,1026655,66,29.78842,0.9278654,,15362048,1206136
northrop-mall,equirect,1280,haar-residual-d12,level,1206136,1206136,74,30.28064,0.942667,,17459200,1206136
northrop-mall,equirect,1280,haar-residual-d12,gain,8192,0,0,,,,0,1206136
northrop-mall,equirect,1280,haar-residual-d12,gain,16384,0,0,,,,0,1206136
northrop-mall,equirect,1280,haar-residual-d12,gain,32768,21797,1,20.90049,0.4748525,,51200,1206136
northrop-mall,equirect,1280,haar-residual-d12,gain,65536,61811,3,22.09166,0.5351531,,256000,1206136
northrop-mall,equirect,1280,haar-residual-d12,gain,131072,110141,5,23.17912,0.6090695,,649216,1206136
northrop-mall,equirect,1280,haar-residual-d12,gain,262144,260988,12,25.00944,0.7253135,,2287616,1206136
northrop-mall,equirect,1280,haar-residual-d12,gain,524288,523523,26,27.19238,0.8284423,,5400576,1206136
northrop-mall,equirect,1280,haar-residual-d12,gain,1048576,1025684,54,29.80025,0.9279538,,12216320,1206136
northrop-mall,equirect,1280,haar-residual-d12,gain,1206136,1206136,74,30.28064,0.942667,,17459200,1206136
northrop-mall,equirect,1280,haar-residual-d12,view,8192,0,0,,,,0,1206136
northrop-mall,equirect,1280,haar-residual-d12,view,16384,0,0,,,,0,1206136
northrop-mall,equirect,1280,haar-residual-d12,view,32768,23153.17,1.166667,21.05159,0.4852562,19.88272,58026.67,1206136
northrop-mall,equirect,1280,haar-residual-d12,view,65536,57742.5,2.5,22.09166,0.5351531,20.93819,235520,1206136
northrop-mall,equirect,1280,haar-residual-d12,view,131072,117070,5.083333,23.95655,0.6749324,21.16106,770730.7,1206136
northrop-mall,equirect,1280,haar-residual-d12,view,262144,250705.5,16.5,27.89929,0.84335,21.5596,3566933,1206136
northrop-mall,equirect,1280,haar-residual-d12,view,524288,511521.5,29.91667,29.8534,0.9262334,23.80024,6369280,1206136
northrop-mall,equirect,1280,haar-residual-d12,view,1048576,1031933,65.91667,30.28064,0.942667,28.37599,15340200,1206136
northrop-mall,equirect,1280,haar-residual-d12,view,1206136,1206136,74,30.28064,0.942667,29.26375,17459200,1206136
northrop-mall,equirect,1280,haar-residual-d12-p0.5,level,8192,0,0,,,,0,1100143
northrop-mall,equirect,1280,haar-residual-d12-p0.5,level,16384,12274,1,20.68669,0.4742842,,51200,1100143
northrop-mall,equirect,1280,haar-residual-d12-p0.5,level,32768,32592,2,21.59816,0.5212697,,215040,1100143
northrop-mall,equirect,1280,haar-residual-d12-p0.5,level,65536,59382,4,22.18789,0.5663509,,518144,1100143
northrop-mall,equirect,1280,haar-residual-d12-p0.5,level,131072,130790,11,23.36778,0.6631214,,1599488,1100143
northrop-mall,equirect,1280,haar-residual-d12-p0.5,level,262144,241009,17,24.89371,0.7506843,,3172352,1100143
northrop-mall,equirect,1280,haar-residual-d12-p0.5,level,524288,522913,48,27.09852,0.8458665,,10643456,1100143
northrop-mall,equirect,1280,haar-residual-d12-p0.5,level,1048576,1035548,71,29.02038,0.9306074,,16672768,1100143
northrop-mall,equirect,1280,haar-residual-d12-p0.5,level,1100143,1100143,74,29.2104,0.9364609,,17459200,1100143
northrop-mall,equirect,1280,haar-residual-d12-p0.5,gain,8192,0,0,,,,0,1100143
northrop-mall,equirect,1280,haar-residual-d12-p0.5,gain,16384,12274,1,20.68669,0.4742842,,51200,1100143
northrop-mall,equirect,1280,haar-residual-d12-p0.5,gain,32768,32592,2,21.59816,0.5212697,,215040,1100143
northrop-mall,equirect,1280,haar-residual-d12-p0.5,gain,65536,61574,4,22.56018,0.5854696,,518144,1100143
northrop-mall,equirect,1280,haar-residual-d12-p0.5,gain,131072,109258,7,23.76031,0.6538562,,1173504,1100143
northrop-mall,equirect,1280,haar-residual-d12-p0.5,gain,262144,259934,16,25.05029,0.7703281,,2910208,1100143
northrop-mall,equirect,1280,haar-residual-d12-p0.5,gain,524288,510130,31,26.93415,0.8480095,,6318080,1100143
northrop-mall,equirect,1280,haar-residual-d12-p0.5,gain,1048576,1032645,59,29.04644,0.9310407,,13527040,1100143
northrop-mall,equirect,1280,haar-residual-d12-p0.5,gain,1100143,1100143,74,29.2104,0.9364609,,17459200,1100143
northrop-mall,equirect,1280,haar-residual-d12-p0.5,view,8192,0,0,,,,0,1100143
northrop-mall,equirect,1280,haar-residual-d12-p0.5,view,16384,12274,1,20.68669,0.4742842,19.67743,51200,1100143
northrop-mall,equirect,1280,haar-residual-d12-p0.5,view,32768,30053,2,21.70137,0.5280217,20.32773,194560,1100143
northrop-mall,equirect,1280,haar-residual-d12-p0.5,view,65536,57041.83,3.75,23.02425,0.6444325,20.64549,473088,1100143
northrop-mall,equirect,1280,haar-residual-d12-p0.5,view,131072,124762,9.416667,25.03045,0.7592684,21.11355,1830229,1100143
northrop-mall,equirect,1280,haar-residual-d12-p0.5,view,262144,252322.8,20.5,27.89261,0.8721922,21.50834,4401152,1100143
northrop-mall,equirect,1280,haar-residual-d12-p0.5,view,524288,515015,38.16667,29.00654,0.9279642,23.96377,8256171,1100143
northrop-mall,equirect,1280,haar-residual-d12-p0.5,view,1048576,1035700,70.91667,29.2104,0.9364609,27.87059,16650920,1100143
northrop-mall,equirect,1280,haar-residual-d12-p0.5,view,1100143,1100143,74,29.2104,0.9364609,28.25587,17459200,1100143
northrop-mall,equirect,1280,jpeg-residual-q80,level,8192,3841,1,20.01074,0.470223,,51200,924815
northrop-mall,equirect,1280,jpeg-residual-q80,level,16384,15568,3,21.36516,0.5252116,,256000,924815
northrop-mall,equirect,1280,jpeg-residual-q80,level,32768,27681,4,21.83188,0.5579797,,518144,924815
northrop-mall,equirect,1280,jpeg-residual-q80,level,65536,61790,9,23.05294,0.6507706,,1075200,924815
northrop-mall,equirect,1280,jpeg-residual-q80,level,131072,127874,16,24.40459,0.7129096,,2910208,924815
northrop-mall,equirect,1280,jpeg-residual-q80,level,262144,259875,34,25.53967,0.8149147,,6973440,924815
northrop-mall,equirect,1280,jpeg-residual-q80,level,524288,503053,54,28.02753,0.8688932,,12216320,924815
northrop-mall,equirect,1280,jpeg-residual-q80,level,924815,924815,74,29.58008,0.9403307,,17459200,924815
northrop-mall,equirect,1280,jpeg-residual-q80,gain,8192,3841,1,20.01074,0.470223,,51200,924815
northrop-mall,equirect,1280,jpeg-residual-q80,gain,16384,15568,3,21.36516,0.5252116,,256000,924815
northrop-mall,equirect,1280,jpeg-residual-q80,gain,32768,28951,4,22.20622,0.5758811,,518144,924815
northrop-mall,equirect,1280,jpeg-residual-q80,gain,65536,63880,8,23.63639,0.6537255,,1239040,924815
northrop-mall,equirect,1280,jpeg-residual-q80,gain,131072,121378,13,24.31103,0.7227533,,2123776,924815
northrop-mall,equirect,1280,jpeg-residual-q80,gain,262144,240574,23,25.47837,0.8140509,,4089856,924815
northrop-mall,equirect,1280,jpeg-residual-q80,gain,524288,514364,40,28.02364,0.8752722,,8546304,924815
northrop-mall,equirect,1280,jpeg-residual-q80,gain,924815,924815,74,29.58008,0.9403307,,17459200,924815
northrop-mall,equirect,1280,jpeg-residual-q80,view,8192,4264.333,1.166667,20.16571,0.4795954,19.04505,58026.67,924815
northrop-mall,equirect,1280,jpeg-residual-q80,view,16384,14298,2.5,21.36516,0.5252116,20.23676,235520,924815
northrop-mall,equirect,1280,jpeg-residual-q80,view,32768,27015.58,3.833333,22.64792,0.6349737,20.25318,478549.3,924815
northrop-mall,equirect,1280,jpeg-residual-q80,view,65536,58734.75,7,24.15149,0.7132747,20.87702,1196715,924815
northrop-mall,equirect,1280,jpeg-residual-q80,view,131072,123231.6,14.66667,26.57725,0.8326497,20.87702,3086336,924815
northrop-mall,equirect,1280,jpeg-residual-q80,view,262144,254820.8,25.83333,28.88143,0.9140491,21.93434,5540523,924815
northrop-mall,equirect,1280,jpeg-residual-q80,view,524288,510203.8,50.75,29.51624,0.9382981,24.93966,11364352,924815
northrop-mall,equirect,1280,jpeg-residual-q80,view,924815,924815,74,29.58008,0.9403307,28.5769,17459200,924815
northrop-mall,equirect,1280,jpeg-replacement-q80,level,8192,3841,1,20.01074,0.470223,,51200,1105263
northrop-mall,equirect,1280,jpeg-replacement-q80,level,16384,15044,2,21.14488,0.5140706,,215040,1105263
northrop-mall,equirect,1280,jpeg-replacement-q80,level,32768,18078,3,21.36896,0.5250784,,256000,1105263
northrop-mall,equirect,1280,jpeg-replacement-q80,level,65536,63773,7,22.99718,0.6386277,,976896,1105263
northrop-mall,equirect,1280,jpeg-replacement-q80,level,131072,108060,14,23.90213,0.6729945,,2385920,1105263
northrop-mall,equirect,1280,jpeg-replacement-q80,level,262144,251066,21,25.3725,0.7992482,,3958784,1105263
northrop-mall,equirect,1280,jpeg-replacement-q80,level,524288,504196,49,27.43425,0.8483092,,10905600,1105263
northrop-mall,equirect,1280,jpeg-replacement-q80,level,1048576,1034839,71,29.41506,0.9344735,,16672768,1105263
northrop-mall,equirect,1280,jpeg-replacement-q80,level,1105263,1105263,74,29.6162,0.9405196,,17459200,1105263
northrop-mall,equirect,1280,jpeg-replacement-q80,gain,8192,3841,1,20.01074,0.470223,,51200,1105263
northrop-mall,equirect,1280,jpeg-replacement-q80,gain,16384,15044,2,21.14488,0.5140706,,215040,1105263
northrop-mall,equirect,1280,jpeg-replacement-q80,gain,32768,18078,3,21.36896,0.5250784,,256000,1105263
northrop-mall,equirect,1280,jpeg-replacement-q80,gain,65536,63773,7,22.99718,0.6386277,,976896,1105263
northrop-mall,equirect,1280,jpeg-replacement-q80,gain,131072,112113,11,24.07528,0.6968789,,1599488,1105263
northrop-mall,equirect,1280,jpeg-replacement-q80,gain,262144,260738,21,25.41991,0.8051327,,3827712,1105263
northrop-mall,equirect,1280,jpeg-replacement-q80,gain,524288,512987,35,27.70697,0.8601639,,7235584,1105263
northrop-mall,equirect,1280,jpeg-replacement-q80,gain,1048576,1032592,59,29.43105,0.9365247,,13527040,1105263
northrop-mall,equirect,1280,jpeg-replacement-q80,gain,1105263,1105263,74,29.6162,0.9405196,,17459200,1105263
northrop-mall,equirect,1280,jpeg-replacement-q80,view,8192,4346.667,1.166667,20.16496,0.4794657,19.04505,58026.67,1105263
northrop-mall,equirect,1280,jpeg-replacement-q80,view,16384,13682.5,2,21.25426,0.5200531,19.88844,194560,1105263
northrop-mall,equirect,1280,jpeg-replacement-q80,view,32768,26749.42,3.333333,22.42562,0.6255065,20.24384,399360,1105263
northrop-mall,equirect,1280,jpeg-replacement-q80,view,65536,54627.92,5.666667,23.34141,0.6733814,20.75806,890880,1105263
northrop-mall,equirect,1280,jpeg-replacement-q80,view,131072,123666.2,12.58333,25.85199,0.8072174,20.89321,2583893,1105263
northrop-mall,equirect,1280,jpeg-replacement-q80,view,262144,252113.4,22.58333,28.60581,0.8983866,21.38483,4803243,1105263
northrop-mall,equirect,1280,jpeg-replacement-q80,view,524288,513464.9,41.91667,29.4844,0.9353601,24.2051,9136128,1105263
northrop-mall,equirect,1280,jpeg-replacement-q80,view,1048576,1034415,70.91667,29.6162,0.9405196,28.20523,16650920,1105263
northrop-mall,equirect,1280,jpeg-replacement-q80,view,1105263,1105263,74,29.6162,0.9405196,28.6123,17459200,1105263
northrop-mall,equirect,1280,jpeg-replacement-q80,view-direct,8192,4441,1.333333,20.02123,0.4702962,19.04505,138581.3,1105263
northrop-mall,equirect,1280,jpeg-replacement-q80,view-direct,16384,7349.167,2.25,20.09902,0.4738219,19.04505,378880,1105263
northrop-mall,equirect,1280,jpeg-replacement-q80,view-direct,32768,25494.83,3.916667,21.00771,0.5574879,19.04505,815786.7,1105263
northrop-mall,equirect,1280,jpeg-replacement-q80,view-direct,65536,52878.92,6,23.07812,0.6662475,19.04505,1361920,1105263
northrop-mall,equirect,1280,jpeg-replacement-q80,view-direct,131072,122846.9,11.5,27.26791,0.8298902,19.26967,2723840,1105263
northrop-mall,equirect,1280,jpeg-replacement-q80,view-direct,262144,252947.3,21.75,29.16007,0.9184747,20.78201,4838059,1105263
northrop-mall,equirect,1280,jpeg-replacement-q80,view-direct,524288,513461.5,41.25,29.6162,0.9405196,24.19592,9122475,1105263
northrop-mall,equirect,1280,jpeg-replacement-q80,view-direct,1048576,1034415,70.91667,29.6162,0.9405196,28.20523,16650920,1105263
northrop-mall,equirect,1280,jpeg-replacement-q80,view-direct,1105263,1105263,74,29.6162,0.9405196,28.6123,17459200,1105263
northrop-mall,equirect,1280,webp-replacement-q80,level,8192,3524,1,20.15348,0.4722206,,51200,1038240
northrop-mall,equirect,1280,webp-replacement-q80,level,16384,16342,3,21.46972,0.5293741,,256000,1038240
northrop-mall,equirect,1280,webp-replacement-q80,level,32768,29060,4,21.93453,0.5617802,,518144,1038240
northrop-mall,equirect,1280,webp-replacement-q80,level,65536,63494,8,23.14277,0.6502337,,1042432,1038240
northrop-mall,equirect,1280,webp-replacement-q80,level,131072,115576,15,24.22827,0.6970242,,2648064,1038240
northrop-mall,equirect,1280,webp-replacement-q80,level,262144,259508,23,25.61294,0.8113112,,4220928,1038240
northrop-mall,equirect,1280,webp-replacement-q80,level,524288,511882,53,28.13774,0.8662172,,11954176,1038240
northrop-mall,equirect,1280,webp-replacement-q80,level,1038240,1038240,74,29.84339,0.9403907,,17459200,1038240
northrop-mall,equirect,1280,webp-replacement-q80,gain,8192,3524,1,20.15348,0.4722206,,51200,1038240
northrop-mall,equirect,1280,webp-replacement-q80,gain,16384,16342,3,21.46972,0.5293741,,256000,1038240
northrop-mall,equirect,1280,webp-replacement-q80,gain,32768,30624,4,22.33049,0.5806288,,518144,1038240
northrop-mall,equirect,1280,webp-replacement-q80,gain,65536,60492,7,23.69801,0.648292,,1173504,1038240
northrop-mall,equirect,1280,webp-replacement-q80,gain,131072,113914,13,24.28462,0.7050597,,2123776,1038240
northrop-mall,equirect,1280,webp-replacement-q80,gain,262144,258252,22,25.62939,0.8130719,,3958784,1038240
northrop-mall,equirect,1280,webp-replacement-q80,gain,524288,517936,40,28.13777,0.8688155,,8546304,1038240
northrop-mall,equirect,1280,webp-replacement-q80,gain,1038240,1038240,74,29.84339,0.9403907,,17459200,1038240
northrop-mall,equirect,1280,webp-replacement-q80,view,8192,3970,1.166667,20.30883,0.4820516,19.19027,58026.67,1038240
northrop-mall,equirect,1280,webp-replacement-q80,view,16384,15004,2.5,21.46972,0.5293741,20.33805,235520,1038240
northrop-mall,equirect,1280,webp-replacement-q80,view,32768,27313.5,3.583333,22.70919,0.6322573,20.35493,464896,1038240
northrop-mall,equirect,1280,webp-replacement-q80,view,65536,55664.5,6.583333,24.0419,0.693372,20.96357,1114795,1038240
northrop-mall,equirect,1280,webp-replacement-q80,view,131072,121969.5,14.75,26.78446,0.8208506,20.9812,3130027,1038240
northrop-mall,equirect,1280,webp-replacement-q80,view,262144,253024.8,24.25,28.89917,0.9050372,21.85006,5177344,1038240
northrop-mall,equirect,1280,webp-replacement-q80,view,524288,512582,45.5,29.70209,0.9352505,24.48486,10042710,1038240
northrop-mall,equirect,1280,webp-replacement-q80,view,1038240,1038240,74,29.84339,0.9403907,28.85619,17459200,1038240
northrop-mall,equirect,1280,webp-replacement-q80,view-direct,8192,4238.167,2,20.23545,0.4724073,19.19027,313344,1038240
northrop-mall,equirect,1280,webp-replacement-q80,view-direct,16384,6246.667,3.083333,20.31953,0.475607,19.19027,597333.3,1038240
northrop-mall,equirect,1280,webp-replacement-q80,view-direct,32768,26318.67,4.5,21.48965,0.5755529,19.19027,968704,1038240
northrop-mall,equirect,1280,webp-replacement-q80,view-direct,65536,54116,7.5,24.46757,0.6826076,19.19027,1755136,1038240
northrop-mall,equirect,1280,webp-replacement-q80,view-direct,131072,122052.5,13,27.66617,0.8368627,19.75639,2990080,1038240
northrop-mall,equirect,1280,webp-replacement-q80,view-direct,262144,251903.2,23,29.4161,0.920181,21.13888,5165739,1038240
northrop-mall,equirect,1280,webp-replacement-q80,view-direct,524288,513824.2,44.75,29.84339,0.9403907,24.51131,10014720,1038240
northrop-mall,equirect,1280,webp-replacement-q80,view-direct,1038240,1038240,74,29.84339,0.9403907,28.85619,17459200,1038240
northrop-mall,equirect,1280,jpeg-replacement-q80-whole,level,8192,3841,1,20.01074,0.470223,,51200,1095996
northrop-mall,equirect,1280,jpeg-replacement-q80-whole,level,16384,3841,1,20.01074,0.470223,,51200,1095996
northrop-mall,equirect,1280,jpeg-replacement-q80-whole,level,32768,17718,2,21.36919,0.5250801,,256000,1095996
northrop-mall,equirect,1280,jpeg-replacement-q80-whole,level,65536,17718,2,21.36919,0.5250801,,256000,1095996
northrop-mall,equirect,1280,jpeg-replacement-q80-whole,level,131072,71585,3,23.0694,0.6508919,,1075200,1095996
northrop-mall,equirect,1280,jpeg-replacement-q80-whole,level,262144,71585,3,23.0694,0.6508919,,1075200,1095996
northrop-mall,equirect,1280,jpeg-replacement-q80-whole,level,524288,284270,4,25.52892,0.8148363,,4352000,1095996
northrop-mall,equirect,1280,jpeg-replacement-q80-whole,level,1048576,284270,4,25.52892,0.8148363,,4352000,1095996
northrop-mall,equirect,1280,jpeg-replacement-q80-whole,level,1095996,1095996,5,29.61766,0.9405207,,17459200,1095996
northrop-mall,equirect,1280,jpeg-replacement-q80-whole,gain,8192,3841,1,20.01074,0.470223,,51200,1095996
northrop-mall,equirect,1280,jpeg-replacement-q80-whole,gain,16384,3841,1,20.01074,0.470223,,51200,1095996
northrop-mall,equirect,1280,jpeg-replacement-q80-whole,gain,32768,17718,2,21.36919,0.5250801,,256000,1095996
northrop-mall,equirect,1280,jpeg-replacement-q80-whole,gain,65536,17718,2,21.36919,0.5250801,,256000,1095996
northrop-mall,equirect,1280,jpeg-replacement-q80-whole,gain,131072,71585,3,23.0694,0.6508919,,1075200,1095996
northrop-mall,equirect,1280,jpeg-replacement-q80-whole,gain,262144,71585,3,23.0694,0.6508919,,1075200,1095996
northrop-mall,equirect,1280,jpeg-replacement-q80-whole,gain,524288,284270,4,25.52892,0.8148363,,4352000,1095996
northrop-mall,equirect,1280,jpeg-replacement-q80-whole,gain,1048576,284270,4,25.52892,0.8148363,,4352000,1095996
northrop-mall,equirect,1280,jpeg-replacement-q80-whole,gain,1095996,1095996,5,29.61766,0.9405207,,17459200,1095996
northrop-mall,equirect,1280,jpeg-replacement-q80-whole,view,8192,3841,1,20.01074,0.470223,19.04505,51200,1095996
northrop-mall,equirect,1280,jpeg-replacement-q80-whole,view,16384,3841,1,20.01074,0.470223,19.04505,51200,1095996
northrop-mall,equirect,1280,jpeg-replacement-q80-whole,view,32768,17718,2,21.36919,0.5250801,20.41622,256000,1095996
northrop-mall,equirect,1280,jpeg-replacement-q80-whole,view,65536,17718,2,21.36919,0.5250801,20.41622,256000,1095996
northrop-mall,equirect,1280,jpeg-replacement-q80-whole,view,131072,71585,3,23.0694,0.6508919,22.07051,1075200,1095996
northrop-mall,equirect,1280,jpeg-replacement-q80-whole,view,262144,71585,3,23.0694,0.6508919,22.07051,1075200,1095996
northrop-mall,equirect,1280,jpeg-replacement-q80-whole,view,524288,284270,4,25.52892,0.8148363,24.50872,4352000,1095996
northrop-mall,equirect,1280,jpeg-replacement-q80-whole,view,1048576,284270,4,25.52892,0.8148363,24.50872,4352000,1095996
northrop-mall,equirect,1280,jpeg-replacement-q80-whole,view,1095996,1095996,5,29.61766,0.9405207,28.61365,17459200,1095996
northrop-mall,equirect,1280,jpeg-replacement-q80-whole,view-direct,8192,3841,1,20.01074,0.470223,19.04505,51200,1095996
northrop-mall,equirect,1280,jpeg-replacement-q80-whole,view-direct,16384,3841,1,20.01074,0.470223,19.04505,51200,1095996
northrop-mall,equirect,1280,jpeg-replacement-q80-whole,view-direct,32768,3841,1,20.01074,0.470223,19.04505,51200,1095996
northrop-mall,equirect,1280,jpeg-replacement-q80-whole,view-direct,65536,3841,1,20.01074,0.470223,19.04505,51200,1095996
northrop-mall,equirect,1280,jpeg-replacement-q80-whole,view-direct,131072,3841,1,20.01074,0.470223,19.04505,51200,1095996
northrop-mall,equirect,1280,jpeg-replacement-q80-whole,view-direct,262144,3841,1,20.01074,0.470223,19.04505,51200,1095996
northrop-mall,equirect,1280,jpeg-replacement-q80-whole,view-direct,524288,3841,1,20.01074,0.470223,19.04505,51200,1095996
northrop-mall,equirect,1280,jpeg-replacement-q80-whole,view-direct,1048576,883311,4,29.61766,0.9405207,28.61365,14182400,1095996
northrop-mall,equirect,1280,jpeg-replacement-q80-whole,view-direct,1095996,1095996,5,29.61766,0.9405207,28.61365,17459200,1095996
walter-study,equirect,1280,exact,all,,9830400,,31.14823,0.9516403,,,
walter-study,equirect,1280,exact,coarse,,38400,,18.14008,0.3352699,,,
walter-study,equirect,1280,haar-residual-d12,level,8192,0,0,,,,0,1183203
walter-study,equirect,1280,haar-residual-d12,level,16384,0,0,,,,0,1183203
walter-study,equirect,1280,haar-residual-d12,level,32768,26633,1,18.13902,0.3352777,,51200,1183203
walter-study,equirect,1280,haar-residual-d12,level,65536,26633,1,18.13902,0.3352777,,51200,1183203
walter-study,equirect,1280,haar-residual-d12,level,131072,82928,3,20.1308,0.4501769,,256000,1183203
walter-study,equirect,1280,haar-residual-d12,level,262144,252164,10,22.6665,0.6436018,,1337344,1183203
walter-study,equirect,1280,haar-residual-d12,level,524288,517825,21,25.64762,0.809191,,3958784,1183203
walter-study,equirect,1280,haar-residual-d12,level,1048576,1042985,64,29.62153,0.9250749,,14837760,1183203
walter-study,equirect,1280,haar-residual-d12,level,1183203,1183203,74,30.06736,0.9422395,,17459200,1183203
walter-study,equirect,1280,haar-residual-d12,gain,8192,0,0,,,,0,1183203
walter-study,equirect,1280,haar-residual-d12,gain,16384,0,0,,,,0,1183203
walter-study,equirect,1280,haar-residual-d12,gain,32768,26633,1,18.13902,0.3352777,,51200,1183203
walter-study,equirect,1280,haar-residual-d12,gain,65536,38789,2,18.48797,0.3577715,,92160,1183203
walter-study,equirect,1280,haar-residual-d12,gain,131072,109261,4,20.51847,0.4803982,,387072,1183203
walter-study,equirect,1280,haar-residual-d12,gain,262144,235758,7,22.84759,0.638901,,1173504,1183203
walter-study,equirect,1280,haar-residual-d12,gain,524288,517338,21,25.48866,0.7749999,,4843520,1183203
walter-study,equirect,1280,haar-residual-d12,gain,1048576,1040723,63,29.36592,0.9234091,,14575616,1183203
walter-study,equirect,1280,haar-residual-d12,gain,1183203,1183203,74,30.06736,0.9422395,,17459200,1183203
walter-study,equirect,1280,haar-residual-d12,view,8192,0,0,,,,0,1183203
walter-study,equirect,1280,haar-residual-d12,view,16384,0,0,,,,0,1183203
walter-study,equirect,1280,haar-residual-d12,view,32768,26633,1,18.13902,0.3352777,18.80919,51200,1183203
walter-study,equirect,1280,haar-residual-d12,view,65536,28659,1.166667,18.39851,0.3507103,18.80919,58026.67,1183203
walter-study,equirect,1280,haar-residual-d12,view,131072,113093.7,3.666667,21.81207,0.583209,20.2248,434858.7,1183203
walter-study,equirect,1280,haar-residual-d12,view,262144,253235.9,8.833333,25.19289,0.7823173,20.99754,1622699,1183203
walter-study,equirect,1280,haar-residual-d12,view,524288,513721.8,26.5,29.81438,0.9324917,22.53123,5725525,1183203
walter-study,equirect,1280,haar-residual-d12,view,1048576,1041392,63.83333,30.06736,0.9422395,28.93298,14794070,1183203
walter-study,equirect,1280,haar-residual-d12,view,1183203,1183203,74,30.06736,0.9422395,29.96351,17459200,1183203
walter-study,equirect,1280,haar-residual-d12-p0.5,level,8192,0,0,,,,0,1035608
walter-study,equirect,1280,haar-residual-d12-p0.5,level,16384,0,0,,,,0,1035608
walter-study,equirect,1280,haar-residual-d12-p0.5,level,32768,16594,1,18.1165,0.3352001,,51200,1035608
walter-study,equirect,1280,haar-residual-d12-p0.5,level,65536,51593,3,20.06694,0.4493621,,256000,1035608
walter-study,equirect,1280,haar-residual-d12-p0.5,level,131072,115739,5,21.80709,0.5823354,,780288,1035608
walter-study,equirect,1280,haar-residual-d12-p0.5,level,262144,247244,14,23.54365,0.7001628,,2385920,1035608
walter-study,equirect,1280,haar-residual-d12-p0.5,level,524288,520072,36,25.83453,0.8355159,,7497728,1035608
walter-study,equirect,1280,haar-residual-d12-p0.5,level,1035608,1035608,74,28.84031,0.9341551,,17459200,1035608
walter-study,equirect,1280,haar-residual-d12-p0.5,gain,8192,0,0,,,,0,1035608
walter-study,equirect,1280,haar-residual-d12-p0.5,gain,16384,0,0,,,,0,1035608
walter-study,equirect,1280,haar-residual-d12-p0.5,gain,32768,24277,2,18.46021,0.3576252,,92160,1035608
walter-study,equirect,1280,haar-residual-d12-p0.5,gain,65536,51593,3,20.06694,0.4493621,,256000,1035608
walter-study,equirect,1280,haar-residual-d12-p0.5,gain,131072,101675,5,21.22436,0.5449248,,649216,1035608
walter-study,equirect,1280,haar-residual-d12-p0.5,gain,262144,260313,12,23.78328,0.7130233,,2484224,1035608
walter-study,equirect,1280,haar-residual-d12-p0.5,gain,524288,523559,33,26.33472,0.8265427,,7366656,1035608
walter-study,equirect,1280,haar-residual-d12-p0.5,gain,1035608,1035608,74,28.84031,0.9341551,,17459200,1035608
walter-study,equirect,1280,haar-residual-d12-p0.5,view,8192,0,0,,,,0,1035608
walter-study,equirect,1280,haar-residual-d12-p0.5,view,16384,0,0,,,,0,1035608
walter-study,equirect,1280,haar-residual-d12-p0.5,view,32768,17874.5,1.166667,18.37276,0.3506008,18.78475,58026.67,1035608
walter-study,equirect,1280,haar-residual-d12-p0.5,view,65536,48822.5,2.666667,20.11643,0.4586694,20.16141,246442.7,1035608
walter-study,equirect,1280,haar-residual-d12-p0.5,view,131072,118038.6,5.5,23.11929,0.6800803,20.58697,879957.3,1035608
walter-study,equirect,1280,haar-residual-d12-p0.5,view,262144,254574.3,14.33333,26.76774,0.8648546,20.89902,2977109,1035608
walter-study,equirect,1280,haar-residual-d12-p0.5,view,524288,517466.1,33.41667,28.79233,0.9323206,24.34589,7170048,1035608
walter-study,equirect,1280,haar-residual-d12-p0.5,view,1035608,1035608,74,28.84031,0.9341551,28.82773,17459200,1035608
walter-study,equirect,1280,jpeg-residual-q80,level,8192,4676,1,17.61113,0.3263887,,51200,943666
walter-study,equirect,1280,jpeg-residual-q80,level,16384,15980,2,19.0507,0.408433,,215040,943666
walter-study,equirect,1280,jpeg-residual-q80,level,32768,19395,3,19.44633,0.4295287,,256000,943666
walter-study,equirect,1280,jpeg-residual-q80,level,65536,62732,6,21.60697,0.5878241,,911360,943666
walter-study,equirect,1280,jpeg-residual-q80,level,131072,130576,13,22.7554,0.6708195,,2123776,943666
walter-study,equirect,1280,jpeg-residual-q80,level,262144,257748,23,24.77409,0.796459,,4220928,943666
walter-study,equirect,1280,jpeg-residual-q80,level,524288,515312,44,26.67479,0.8523761,,9594880,943666
walter-study,equirect,1280,jpeg-residual-q80,level,943666,943666,74,29.61116,0.939768,,17459200,943666
walter-study,equirect,1280,jpeg-residual-q80,gain,8192,8091,2,17.94191,0.3472033,,92160,943666
walter-study,equirect,1280,jpeg-residual-q80,gain,16384,8091,2,17.94191,0.3472033,,92160,943666
walter-study,equirect,1280,jpeg-residual-q80,gain,32768,28907,4,19.81161,0.4585355,,387072,943666
walter-study,equirect,1280,jpeg-residual-q80,gain,65536,62732,6,21.60697,0.5878241,,911360,943666
walter-study,equirect,1280,jpeg-residual-q80,gain,131072,127804,10,22.71752,0.6650337,,1959936,943666
walter-study,equirect,1280,jpeg-residual-q80,gain,262144,255125,21,24.87977,0.7837735,,4220928,943666
walter-study,equirect,1280,jpeg-residual-q80,gain,524288,520455,43,26.88895,0.8568953,,9332736,943666
walter-study,equirect,1280,jpeg-residual-q80,gain,943666,943666,74,29.61116,0.939768,,17459200,943666
walter-study,equirect,1280,jpeg-residual-q80,view,8192,5245.167,1.166667,17.85992,0.3404402,18.31023,58026.67,943666
walter-study,equirect,1280,jpeg-residual-q80,view,16384,14665.17,2,19.23101,0.4175233,19.23006,194560,943666
walter-study,equirect,1280,jpeg-residual-q80,view,32768,24215.08,3.166667,20.3616,0.5000838,19.64204,336554.7,943666
walter-study,equirect,1280,jpeg-residual-q80,view,65536,60612.08,5.75,22.40533,0.6545744,20.31417,912725.3,943666
walter-study,equirect,1280,jpeg-residual-q80,view,131072,124611,10.66667,24.94086,0.8007661,20.37696,2037760,943666
walter-study,equirect,1280,jpeg-residual-q80,view,262144,256781.7,21.08333,28.63523,0.9157388,20.91216,4584107,943666
walter-study,equirect,1280,jpeg-residual-q80,view,524288,517655.6,43.58333,29.61116,0.939768,24.74754,9485653,943666
walter-study,equirect,1280,jpeg-residual-q80,view,943666,943666,74,29.61116,0.939768,29.58921,17459200,943666
walter-study,equirect,1280,jpeg-replacement-q80,level,8192,4676,1,17.61113,0.3263887,,51200,1159888
walter-study,equirect,1280,jpeg-replacement-q80,level,16384,4676,1,17.61113,0.3263887,,51200,1159888
walter-study,equirect,1280,jpeg-replacement-q80,level,32768,22138,3,19.43249,0.4293454,,256000,1159888
walter-study,equirect,1280,jpeg-replacement-q80,level,65536,63202,5,21.14389,0.5591407,,780288,1159888
walter-study,equirect,1280,jpeg-replacement-q80,level,131072,121947,11,22.08108,0.6354268,,1599488,1159888
walter-study,equirect,1280,jpeg-replacement-q80,level,262144,254250,18,24.20033,0.7584725,,3434496,1159888
walter-study,equirect,1280,jpeg-replacement-q80,level,524288,519092,37,25.68879,0.8305858,,7759872,1159888
walter-study,equirect,1280,jpeg-replacement-q80,level,1048576,1031735,67,29.23311,0.9273041,,15624192,1159888
walter-study,equirect,1280,jpeg-replacement-q80,level,1159888,1159888,74,29.57451,0.9397629,,17459200,1159888
walter-study,equirect,1280,jpeg-replacement-q80,gain,8192,4676,1,17.61113,0.3263887,,51200,1159888
walter-study,equirect,1280,jpeg-replacement-q80,gain,16384,8706,2,17.94004,0.3473706,,92160,1159888
walter-study,equirect,1280,jpeg-replacement-q80,gain,32768,22138,3,19.43249,0.4293454,,256000,1159888
walter-study,equirect,1280,jpeg-replacement-q80,gain,65536,54638,5,20.5755,0.522671,,649216,1159888
walter-study,equirect,1280,jpeg-replacement-q80,gain,131072,116849,8,22.29367,0.6307149,,1435648,1159888
walter-study,equirect,1280,jpeg-replacement-q80,gain,262144,244532,15,23.96133,0.7386153,,3270656,1159888
walter-study,equirect,1280,jpeg-replacement-q80,gain,524288,518810,34,26.17368,0.8242118,,7497728,1159888
walter-study,equirect,1280,jpeg-replacement-q80,gain,1048576,1031562,66,29.0023,0.9252087,,15362048,1159888
walter-study,equirect,1280,jpeg-replacement-q80,gain,1159888,1159888,74,29.57451,0.9397629,,17459200,1159888
walter-study,equirect,1280,jpeg-replacement-q80,view,8192,4676,1,17.61113,0.3263887,18.31023,51200,1159888
walter-study,equirect,1280,jpeg-replacement-q80,view,16384,5347.667,1.166667,17.85798,0.3405052,18.31023,58026.67,1159888
walter-study,equirect,1280,jpeg-replacement-q80,view,32768,20893.33,2.666667,19.4821,0.4385502,19.63465,246442.7,1159888
walter-study,equirect,1280,jpeg-replacement-q80,view,65536,58112.08,4.916667,21.79207,0.6178914,19.97304,727040,1159888
walter-study,equirect,1280,jpeg-replacement-q80,view,131072,124897.7,9.083333,24.41441,0.7766128,20.36709,1655467,1159888
walter-study,equirect,1280,jpeg-replacement-q80,view,262144,252599.8,16.83333,27.76151,0.891646,20.36709,3632469,1159888
walter-study,equirect,1280,jpeg-replacement-q80,view,524288,517234.3,35.41667,29.53832,0.9385767,24.07988,7563264,1159888
walter-study,equirect,1280,jpeg-replacement-q80,view,1048576,1033894,67,29.57451,0.9397629,28.81813,15624192,1159888
walter-study,equirect,1280,jpeg-replacement-q80,view,1159888,1159888,74,29.57451,0.9397629,29.56395,17459200,1159888
walter-study,equirect,1280,jpeg-replacement-q80,view-direct,8192,4676,1,17.61113,0.3263887,18.31023,51200,1159888
walter-study,equirect,1280,jpeg-replacement-q80,view-direct,16384,4676,1,17.61113,0.3263887,18.31023,51200,1159888
walter-study,equirect,1280,jpeg-replacement-q80,view-direct,32768,23457.83,2.25,18.54351,0.4313548,18.31023,378880,1159888
walter-study,equirect,1280,jpeg-replacement-q80,view-direct,65536,56602.17,4.25,20.28984,0.5873224,18.31023,903168,1159888
walter-study,equirect,1280,jpeg-replacement-q80,view-direct,131072,122627.3,8.166667,24.55866,0.798419,18.31023,1929899,1159888
walter-study,equirect,1280,jpeg-replacement-q80,view-direct,262144,255434,17.25,28.99143,0.9306109,20.5473,3909632,1159888
walter-study,equirect,1280,jpeg-replacement-q80,view-direct,524288,517451.1,35.16667,29.57451,0.9397629,24.31381,7574187,1159888
walter-study,equirect,1280,jpeg-replacement-q80,view-direct,1048576,1033894,67,29.57451,0.9397629,28.81813,15624192,1159888
walter-study,equirect,1280,jpeg-replacement-q80,view-direct,1159888,1159888,74,29.57451,0.9397629,29.56395,17459200,1159888
walter-study,equirect,1280,webp-replacement-q80,level,8192,4628,1,17.70639,0.3313681,,51200,1011364
walter-study,equirect,1280,webp-replacement-q80,level,16384,4628,1,17.70639,0.3313681,,51200,1011364
walter-study,equirect,1280,webp-replacement-q80,level,32768,21836,3,19.58484,0.4397776,,256000,1011364
walter-study,equirect,1280,webp-replacement-q80,level,65536,60130,5,21.31283,0.5696672,,780288,1011364
walter-study,equirect,1280,webp-replacement-q80,level,131072,129396,12,22.62676,0.6654553,,1861632,1011364
walter-study,equirect,1280,webp-replacement-q80,level,262144,260270,20,24.88521,0.7886755,,3827712,1011364
walter-study,equirect,1280,webp-replacement-q80,level,524288,517990,42,26.76627,0.8522163,,9070592,1011364
walter-study,equirect,1280,webp-replacement-q80,level,1011364,1011364,74,29.79399,0.938755,,17459200,1011364
walter-study,equirect,1280,webp-replacement-q80,gain,8192,4628,1,17.70639,0.3313681,,51200,1011364
walter-study,equirect,1280,webp-replacement-q80,gain,16384,8568,2,18.03818,0.3529581,,92160,1011364
walter-study,equirect,1280,webp-replacement-q80,gain,32768,32656,4,19.95593,0.4690686,,387072,1011364
walter-study,equirect,1280,webp-replacement-q80,gain,65536,52220,5,20.74566,0.5337306,,649216,1011364
walter-study,equirect,1280,webp-replacement-q80,gain,131072,127220,9,22.68946,0.6590983,,1697792,1011364
walter-study,equirect,1280,webp-replacement-q80,gain,262144,259668,18,25.0005,0.7787113,,3860480,1011364
walter-study,equirect,1280,webp-replacement-q80,gain,524288,521920,40,26.97648,0.8464343,,8939520,1011364
walter-study,equirect,1280,webp-replacement-q80,gain,1011364,1011364,74,29.79399,0.938755,,17459200,1011364
walter-study,equirect,1280,webp-replacement-q80,view,8192,4628,1,17.70639,0.3313681,18.40811,51200,1011364
walter-study,equirect,1280,webp-replacement-q80,view,16384,5284.667,1.166667,17.95494,0.3461011,18.40811,58026.67,1011364
walter-study,equirect,1280,webp-replacement-q80,view,32768,22439.17,2.833333,19.92029,0.470334,19.76756,268288,1011364
walter-study,equirect,1280,webp-replacement-q80,view,65536,56933.17,5,21.97603,0.6277671,20.19876,748885.3,1011364
walter-study,equirect,1280,webp-replacement-q80,view,131072,123046.7,9.666667,24.73359,0.7897738,20.50719,1775616,1011364
walter-study,equirect,1280,webp-replacement-q80,view,262144,254406,19.16667,28.62755,0.9084124,20.72795,4207275,1011364
walter-study,equirect,1280,webp-replacement-q80,view,524288,520128.5,40.75,29.78109,0.93838,24.75387,8775680,1011364
walter-study,equirect,1280,webp-replacement-q80,view,1011364,1011364,74,29.79399,0.938755,29.7252,17459200,1011364
walter-study,equirect,1280,webp-replacement-q80,view-direct,8192,4628,1,17.70639,0.3313681,18.40811,51200,1011364
walter-study,equirect,1280,webp-replacement-q80,view-direct,16384,8814.167,1.416667,17.97702,0.3639275,18.40811,160426.7,1011364
walter-study,equirect,1280,webp-replacement-q80,view-direct,32768,27064.33,2.833333,19.3064,0.4866693,18.40811,531797.3,1011364
walter-study,equirect,1280,webp-replacement-q80,view-direct,65536,57698.17,5,21.19873,0.6437305,18.40811,1099776,1011364
walter-study,equirect,1280,webp-replacement-q80,view-direct,131072,124554.7,9.833333,26.06293,0.8465973,18.40811,2366805,1011364
walter-study,equirect,1280,webp-replacement-q80,view-direct,262144,256319.3,20.33333,29.66701,0.9342763,21.25755,4465323,1011364
walter-study,equirect,1280,webp-replacement-q80,view-direct,524288,520068.8,40.58333,29.79399,0.938755,25.04314,8786603,1011364
walter-study,equirect,1280,webp-replacement-q80,view-direct,1011364,1011364,74,29.79399,0.938755,29.7252,17459200,1011364
walter-study,equirect,1280,jpeg-replacement-q80-whole,level,8192,4676,1,17.61113,0.3263887,,51200,1139092
walter-study,equirect,1280,jpeg-replacement-q80-whole,level,16384,4676,1,17.61113,0.3263887,,51200,1139092
walter-study,equirect,1280,jpeg-replacement-q80-whole,level,32768,21787,2,19.43248,0.4293521,,256000,1139092
walter-study,equirect,1280,jpeg-replacement-q80-whole,level,65536,21787,2,19.43248,0.4293521,,256000,1139092
walter-study,equirect,1280,jpeg-replacement-q80-whole,level,131072,84665,3,21.68816,0.6063108,,1075200,1139092
walter-study,equirect,1280,jpeg-replacement-q80-whole,level,262144,84665,3,21.68816,0.6063108,,1075200,1139092
walter-study,equirect,1280,jpeg-replacement-q80-whole,level,524288,315741,4,24.80484,0.8019645,,4352000,1139092
walter-study,equirect,1280,jpeg-replacement-q80-whole,level,1048576,315741,4,24.80484,0.8019645,,4352000,1139092
walter-study,equirect,1280,jpeg-replacement-q80-whole,level,1139092,1139092,5,29.57685,0.9397659,,17459200,1139092
walter-study,equirect,1280,jpeg-replacement-q80-whole,gain,8192,4676,1,17.61113,0.3263887,,51200,1139092
walter-study,equirect,1280,jpeg-replacement-q80-whole,gain,16384,4676,1,17.61113,0.3263887,,51200,1139092
walter-study,equirect,1280,jpeg-replacement-q80-whole,gain,32768,21787,2,19.43248,0.4293521,,256000,1139092
walter-study,equirect,1280,jpeg-replacement-q80-whole,gain,65536,21787,2,19.43248,0.4293521,,256000,1139092
walter-study,equirect,1280,jpeg-replacement-q80-whole,gain,131072,84665,3,21.68816,0.6063108,,1075200,1139092
walter-study,equirect,1280,jpeg-replacement-q80-whole,gain,262144,84665,3,21.68816,0.6063108,,1075200,1139092
walter-study,equirect,1280,jpeg-replacement-q80-whole,gain,524288,315741,4,24.80484,0.8019645,,4352000,1139092
walter-study,equirect,1280,jpeg-replacement-q80-whole,gain,1048576,315741,4,24.80484,0.8019645,,4352000,1139092
walter-study,equirect,1280,jpeg-replacement-q80-whole,gain,1139092,1139092,5,29.57685,0.9397659,,17459200,1139092
walter-study,equirect,1280,jpeg-replacement-q80-whole,view,8192,4676,1,17.61113,0.3263887,18.31023,51200,1139092
walter-study,equirect,1280,jpeg-replacement-q80-whole,view,16384,4676,1,17.61113,0.3263887,18.31023,51200,1139092
walter-study,equirect,1280,jpeg-replacement-q80-whole,view,32768,21787,2,19.43248,0.4293521,19.94355,256000,1139092
walter-study,equirect,1280,jpeg-replacement-q80-whole,view,65536,21787,2,19.43248,0.4293521,19.94355,256000,1139092
walter-study,equirect,1280,jpeg-replacement-q80-whole,view,131072,84665,3,21.68816,0.6063108,21.97599,1075200,1139092
walter-study,equirect,1280,jpeg-replacement-q80-whole,view,262144,84665,3,21.68816,0.6063108,21.97599,1075200,1139092
walter-study,equirect,1280,jpeg-replacement-q80-whole,view,524288,315741,4,24.80484,0.8019645,24.8847,4352000,1139092
walter-study,equirect,1280,jpeg-replacement-q80-whole,view,1048576,315741,4,24.80484,0.8019645,24.8847,4352000,1139092
walter-study,equirect,1280,jpeg-replacement-q80-whole,view,1139092,1139092,5,29.57685,0.9397659,29.56608,17459200,1139092
walter-study,equirect,1280,jpeg-replacement-q80-whole,view-direct,8192,4676,1,17.61113,0.3263887,18.31023,51200,1139092
walter-study,equirect,1280,jpeg-replacement-q80-whole,view-direct,16384,4676,1,17.61113,0.3263887,18.31023,51200,1139092
walter-study,equirect,1280,jpeg-replacement-q80-whole,view-direct,32768,4676,1,17.61113,0.3263887,18.31023,51200,1139092
walter-study,equirect,1280,jpeg-replacement-q80-whole,view-direct,65536,4676,1,17.61113,0.3263887,18.31023,51200,1139092
walter-study,equirect,1280,jpeg-replacement-q80-whole,view-direct,131072,4676,1,17.61113,0.3263887,18.31023,51200,1139092
walter-study,equirect,1280,jpeg-replacement-q80-whole,view-direct,262144,4676,1,17.61113,0.3263887,18.31023,51200,1139092
walter-study,equirect,1280,jpeg-replacement-q80-whole,view-direct,524288,4676,1,17.61113,0.3263887,18.31023,51200,1139092
walter-study,equirect,1280,jpeg-replacement-q80-whole,view-direct,1048576,908016,4,29.57685,0.9397659,29.56608,14182400,1139092
walter-study,equirect,1280,jpeg-replacement-q80-whole,view-direct,1139092,1139092,5,29.57685,0.9397659,29.56608,17459200,1139092
bookstore,equirect,1280,exact,all,,9830400,,41.38231,0.9877687,,,
bookstore,equirect,1280,exact,coarse,,38400,,25.90478,0.7307612,,,
bookstore,equirect,1280,haar-residual-d12,level,8192,0,0,,,,0,354246
bookstore,equirect,1280,haar-residual-d12,level,16384,0,0,,,,0,354246
bookstore,equirect,1280,haar-residual-d12,level,32768,17128,1,25.89028,0.7306634,,51200,354246
bookstore,equirect,1280,haar-residual-d12,level,65536,58025,4,28.83857,0.8064578,,518144,354246
bookstore,equirect,1280,haar-residual-d12,level,131072,124709,15,31.56212,0.8816487,,2648064,354246
bookstore,equirect,1280,haar-residual-d12,level,262144,253825,50,35.9125,0.9515331,,11167744,354246
bookstore,equirect,1280,haar-residual-d12,level,354246,354246,74,38.28277,0.9763612,,17459200,354246
bookstore,equirect,1280,haar-residual-d12,gain,8192,0,0,,,,0,354246
bookstore,equirect,1280,haar-residual-d12,gain,16384,0,0,,,,0,354246
bookstore,equirect,1280,haar-residual-d12,gain,32768,22503,2,26.27393,0.7413037,,92160,354246
bookstore,equirect,1280,haar-residual-d12,gain,65536,52326,4,28.42464,0.7964333,,387072,354246
bookstore,equirect,1280,haar-residual-d12,gain,131072,121140,8,31.24658,0.8813018,,1435648,354246
bookstore,equirect,1280,haar-residual-d12,gain,262144,260581,33,35.75495,0.9507384,,6711296,354246
bookstore,equirect,1280,haar-residual-d12,gain,354246,354246,74,38.28277,0.9763612,,17459200,354246
bookstore,equirect,1280,haar-residual-d12,view,8192,0,0,,,,0,354246
bookstore,equirect,1280,haar-residual-d12,view,16384,0,0,,,,0,354246
bookstore,equirect,1280,haar-residual-d12,view,32768,18023.83,1.166667,26.18023,0.7401923,24.64792,58026.67,354246
bookstore,equirect,1280,haar-residual-d12,view,65536,58571.67,4.25,30.27515,0.856708,26.27561,571392,354246
bookstore,equirect,1280,haar-residual-d12,view,131072,126901.8,18.16667,35.94168,0.9532928,27.15733,3898709,354246
bookstore,equirect,1280,haar-residual-d12,view,262144,258101.4,50.41667,38.28277,0.9763612,33.02475,11276970,354246
bookstore,equirect,1280,haar-residual-d12,view,354246,354246,74,38.28277,0.9763612,37.51338,17459200,354246
bookstore,equirect,1280,haar-residual-d12-p0.5,level,8192,0,0,,,,0,295962
bookstore,equirect,1280,haar-residual-d12-p0.5,level,16384,8497,1,25.74554,0.7301207,,51200,295962
bookstore,equirect,1280,haar-residual-d12-p0.5,level,32768,32535,4,28.46265,0.80317,,518144,295962
bookstore,equirect,1280,haar-residual-d12-p0.5,level,65536,64962,12,30.2599,0.8628553,,1861632,295962
bookstore,equirect,1280,haar-residual-d12-p0.5,level,131072,130791,21,32.81825,0.926248,,3958784,295962
bookstore,equirect,1280,haar-residual-d12-p0.5,level,262144,258172,60,35.23371,0.9566586,,13789184,295962
bookstore,equirect,1280,haar-residual-d12-p0.5,level,295962,295962,74,36.0122,0.9660114,,17459200,295962
bookstore,equirect,1280,haar-residual-d12-p0.5,gain,8192,0,0,,,,0,295962
bookstore,equirect,1280,haar-residual-d12-p0.5,gain,16384,11526,2,26.11056,0.7404623,,92160,295962
bookstore,equirect,1280,haar-residual-d12-p0.5,gain,32768,29127,4,28.08649,0.7938333,,387072,295962
bookstore,equirect,1280,haar-residual-d12-p0.5,gain,65536,52757,6,29.9075,0.8511927,,911360,295962
bookstore,equirect,1280,haar-residual-d12-p0.5,gain,131072,130746,22,32.6888,0.9252795,,3827712,295962
bookstore,equirect,1280,haar-residual-d12-p0.5,gain,262144,261832,53,35.48173,0.9587663,,11954176,295962
bookstore,equirect,1280,haar-residual-d12-p0.5,gain,295962,295962,74,36.0122,0.9660114,,17459200,295962
bookstore,equirect,1280,haar-residual-d12-p0.5,view,8192,0,0,,,,0,295962
bookstore,equirect,1280,haar-residual-d12-p0.5,view,16384,9001.833,1.166667,26.03115,0.7394515,24.56657,58026.67,295962
bookstore,equirect,1280,haar-residual-d12-p0.5,view,32768,30046.33,3.666667,29.54088,0.8452743,26.0735,451242.7,295962
bookstore,equirect,1280,haar-residual-d12-p0.5,view,65536,61273.75,8.583333,32.20763,0.9094596,26.77501,1557163,295962
bookstore,equirect,1280,haar-residual-d12-p0.5,view,131072,127427.3,26.41667,35.58453,0.9622614,28.00989,5745323,295962
bookstore,equirect,1280,haar-residual-d12-p0.5,view,262144,258067,61.41667,36.0122,0.9660114,33.99316,14160550,295962
bookstore,equirect,1280,haar-residual-d12-p0.5,view,295962,295962,74,36.0122,0.9660114,35.49302,17459200,295962
bookstore,equirect,1280,jpeg-residual-q80,level,8192,3039,1,25.3425,0.7229499,,51200,388580
bookstore,equirect,1280,jpeg-residual-q80,level,16384,11150,3,27.29094,0.761778,,256000,388580
bookstore,equirect,1280,jpeg-residual-q80,level,32768,28040,5,29.16505,0.8171892,,780288,388580
bookstore,equirect,1280,jpeg-residual-q80,level,65536,57860,14,30.5271,0.8513245,,2385920,388580
bookstore,equirect,1280,jpeg-residual-q80,level,131072,130109,26,33.31608,0.9255918,,4876288,388580
bookstore,equirect,1280,jpeg-residual-q80,level,262144,261179,53,36.34552,0.950795,,11954176,388580
bookstore,equirect,1280,jpeg-residual-q80,level,388580,388580,74,38.1846,0.9778201,,17459200,388580
bookstore,equirect,1280,jpeg-residual-q80,gain,8192,4957,2,25.68908,0.7314759,,92160,388580
bookstore,equirect,1280,jpeg-residual-q80,gain,16384,16064,4,27.68813,0.7758303,,387072,388580
bookstore,equirect,1280,jpeg-residual-q80,gain,32768,25431,5,28.80567,0.808608,,649216,388580
bookstore,equirect,1280,jpeg-residual-q80,gain,65536,56500,8,30.40973,0.8582998,,1435648,388580
bookstore,equirect,1280,jpeg-residual-q80,gain,131072,124410,18,32.70637,0.9110333,,3434496,388580
bookstore,equirect,1280,jpeg-residual-q80,gain,262144,257195,41,36.11823,0.9568728,,8808448,388580
bookstore,equirect,1280,jpeg-residual-q80,gain,388580,388580,74,38.1846,0.9778201,,17459200,388580
bookstore,equirect,1280,jpeg-residual-q80,view,8192,3358.667,1.166667,25.61311,0.730895,24.23043,58026.67,388580
bookstore,equirect,1280,jpeg-residual-q80,view,16384,11378.42,2.833333,27.6591,0.77809,25.6929,268288,388580
bookstore,equirect,1280,jpeg-residual-q80,view,32768,27278.17,5.166667,29.94272,0.8490622,26.16479,792576,388580
bookstore,equirect,1280,jpeg-residual-q80,view,65536,61803.25,11.83333,33.78332,0.9271821,26.49483,2343595,388580
bookstore,equirect,1280,jpeg-residual-q80,view,131072,128155.4,25.75,37.64869,0.9731455,27.72083,5570560,388580
bookstore,equirect,1280,jpeg-residual-q80,view,262144,260234.2,53.33333,38.1846,0.9778201,32.89532,12041560,388580
bookstore,equirect,1280,jpeg-residual-q80,view,388580,388580,74,38.1846,0.9778201,37.32659,17459200,388580
bookstore,equirect,1280,jpeg-replacement-q80,level,8192,3039,1,25.3425,0.7229499,,51200,460443
bookstore,equirect,1280,jpeg-replacement-q80,level,16384,12923,3,27.29032,0.7623716,,256000,460443
bookstore,equirect,1280,jpeg-replacement-q80,level,32768,22051,4,28.08806,0.7849681,,518144,460443
bookstore,equirect,1280,jpeg-replacement-q80,level,65536,63226,13,30.36118,0.8496313,,2123776,460443
bookstore,equirect,1280,jpeg-replacement-q80,level,131072,130183,19,32.95154,0.9162831,,3696640,460443
bookstore,equirect,1280,jpeg-replacement-q80,level,262144,256027,48,35.10012,0.940842,,10643456,460443
bookstore,equirect,1280,jpeg-replacement-q80,level,460443,460443,74,38.24115,0.9783982,,17459200,460443
bookstore,equirect,1280,jpeg-replacement-q80,gain,8192,5336,2,25.69184,0.731643,,92160,460443
bookstore,equirect,1280,jpeg-replacement-q80,gain,16384,12923,3,27.29032,0.7623716,,256000,460443
bookstore,equirect,1280,jpeg-replacement-q80,gain,32768,30262,5,28.80938,0.8090106,,649216,460443
bookstore,equirect,1280,jpeg-replacement-q80,gain,65536,54438,7,30.01543,0.8444841,,1173504,460443
bookstore,equirect,1280,jpeg-replacement-q80,gain,131072,130981,17,32.39803,0.909361,,3041280,460443
bookstore,equirect,1280,jpeg-replacement-q80,gain,262144,259979,34,35.34142,0.9439086,,6973440,460443
bookstore,equirect,1280,jpeg-replacement-q80,gain,460443,460443,74,38.24115,0.9783982,,17459200,460443
bookstore,equirect,1280,jpeg-replacement-q80,view,8192,3421.833,1.166667,25.61285,0.731018,24.23043,58026.67,460443
bookstore,equirect,1280,jpeg-replacement-q80,view,16384,11974.08,2.583333,27.32029,0.7639714,25.6927,240981.3,460443
bookstore,equirect,1280,jpeg-replacement-q80,view,32768,27432.83,4.666667,29.62085,0.8405785,25.98895,661504,460443
bookstore,equirect,1280,jpeg-replacement-q80,view,65536,62688.83,9.833333,33.13102,0.9195607,26.49888,1841152,460443
bookstore,equirect,1280,jpeg-replacement-q80,view,131072,127111.4,21.25,37.0295,0.9667248,27.04234,4620288,460443
bookstore,equirect,1280,jpeg-replacement-q80,view,262144,259002,45.41667,38.24115,0.9783982,31.96579,9966251,460443
bookstore,equirect,1280,jpeg-replacement-q80,view,460443,460443,74,38.24115,0.9783982,37.38212,17459200,460443
bookstore,equirect,1280,jpeg-replacement-q80,view-direct,8192,4814.667,1.5,25.51475,0.729893,24.23043,182272,460443
bookstore,equirect,1280,jpeg-replacement-q80,view-direct,16384,13223.17,2.916667,26.51375,0.7748572,24.23043,553642.7,460443
bookstore,equirect,1280,jpeg-replacement-q80,view-direct,32768,29055.42,5.666667,29.27521,0.8577903,24.23043,1274539,460443
bookstore,equirect,1280,jpeg-replacement-q80,view-direct,65536,62666,11.75,35.47579,0.9575796,24.27589,2861056,460443
bookstore,equirect,1280,jpeg-replacement-q80,view-direct,131072,128802.3,23.41667,38.19601,0.9782642,28.04042,5121365,460443
bookstore,equirect,1280,jpeg-replacement-q80,view-direct,262144,257957,45.25,38.24115,0.9783982,32.13459,9977173,460443
bookstore,equirect,1280,jpeg-replacement-q80,view-direct,460443,460443,74,38.24115,0.9783982,37.38212,17459200,460443
bookstore,equirect,1280,webp-replacement-q80,level,8192,7744,2,26.88406,0.7596284,,215040,265886
bookstore,equirect,1280,webp-replacement-q80,level,16384,15520,4,28.11448,0.7916986,,518144,265886
bookstore,equirect,1280,webp-replacement-q80,level,32768,31316,9,29.83078,0.8449838,,1075200,265886
bookstore,equirect,1280,webp-replacement-q80,level,65536,65168,17,31.86408,0.8909009,,3172352,265886
bookstore,equirect,1280,webp-replacement-q80,level,131072,130928,45,33.9517,0.9336776,,9857024,265886
bookstore,equirect,1280,webp-replacement-q80,level,262144,261132,72,37.62128,0.9729707,,16934912,265886
bookstore,equirect,1280,webp-replacement-q80,level,265886,265886,74,37.78325,0.9739563,,17459200,265886
bookstore,equirect,1280,webp-replacement-q80,gain,8192,3970,2,25.68769,0.7353596,,92160,265886
bookstore,equirect,1280,webp-replacement-q80,gain,16384,13616,4,27.70233,0.7834667,,387072,265886
bookstore,equirect,1280,webp-replacement-q80,gain,32768,27766,6,29.68909,0.8381296,,911360,265886
bookstore,equirect,1280,webp-replacement-q80,gain,65536,58860,11,31.21591,0.8818411,,1796096,265886
bookstore,equirect,1280,webp-replacement-q80,gain,131072,129592,26,33.84536,0.9294489,,4876288,265886
bookstore,equirect,1280,webp-replacement-q80,gain,262144,261396,69,37.63743,0.9730265,,16148480,265886
bookstore,equirect,1280,webp-replacement-q80,gain,265886,265886,74,37.78325,0.9739563,,17459200,265886
bookstore,equirect,1280,webp-replacement-q80,view,8192,7115,2,27.06812,0.7649098,25.28119,194560,265886
bookstore,equirect,1280,webp-replacement-q80,view,16384,14245.17,3.666667,29.17076,0.832294,25.77805,451242.7,265886
bookstore,equirect,1280,webp-replacement-q80,view,32768,30502.17,7.083333,31.25236,0.8830279,26.55867,1218560,265886
bookstore,equirect,1280,webp-replacement-q80,view,65536,62546.17,17.25,35.1345,0.9441977,26.62229,3708928,265886
bookstore,equirect,1280,webp-replacement-q80,view,131072,128576.3,35.83333,37.70783,0.973598,30.73347,7639723,265886
bookstore,equirect,1280,webp-replacement-q80,view,262144,260793.8,72.08333,37.78325,0.9739563,36.74904,16956760,265886
bookstore,equirect,1280,webp-replacement-q80,view,265886,265886,74,37.78325,0.9739563,37.07328,17459200,265886
bookstore,equirect,1280,webp-replacement-q80,view-direct,8192,6297.667,2.75,26.17114,0.7586538,24.24749,509952,265886
bookstore,equirect,1280,webp-replacement-q80,view-direct,16384,13486.83,5.416667,28.49461,0.822798,24.24749,1209003,265886
bookstore,equirect,1280,webp-replacement-q80,view-direct,32768,30672.67,10.91667,33.51823,0.9326361,24.31881,2624171,265886
bookstore,equirect,1280,webp-replacement-q80,view-direct,65536,63618.83,20,37.71796,0.9737053,27.08797,4424363,265886
bookstore,equirect,1280,webp-replacement-q80,view-direct,131072,128755.8,35.66667,37.78325,0.9739563,31.69136,7738027,265886
bookstore,equirect,1280,webp-replacement-q80,view-direct,262144,260793.8,72.08333,37.78325,0.9739563,36.74904,16956760,265886
bookstore,equirect,1280,webp-replacement-q80,view-direct,265886,265886,74,37.78325,0.9739563,37.07328,17459200,265886
bookstore,equirect,1280,jpeg-replacement-q80-whole,level,8192,3039,1,25.3425,0.7229499,,51200,443097
bookstore,equirect,1280,jpeg-replacement-q80-whole,level,16384,12585,2,27.29049,0.7623714,,256000,443097
bookstore,equirect,1280,jpeg-replacement-q80-whole,level,32768,12585,2,27.29049,0.7623714,,256000,443097
bookstore,equirect,1280,jpeg-replacement-q80-whole,level,65536,43638,3,29.81412,0.838655,,1075200,443097
bookstore,equirect,1280,jpeg-replacement-q80-whole,level,131072,43638,3,29.81412,0.838655,,1075200,443097
bookstore,equirect,1280,jpeg-replacement-q80-whole,level,262144,142469,4,33.29265,0.9259873,,4352000,443097
bookstore,equirect,1280,jpeg-replacement-q80-whole,level,443097,443097,5,38.24398,0.9783996,,17459200,443097
bookstore,equirect,1280,jpeg-replacement-q80-whole,gain,8192,3039,1,25.3425,0.7229499,,51200,443097
bookstore,equirect,1280,jpeg-replacement-q80-whole,gain,16384,12585,2,27.29049,0.7623714,,256000,443097
bookstore,equirect,1280,jpeg-replacement-q80-whole,gain,32768,12585,2,27.29049,0.7623714,,256000,443097
bookstore,equirect,1280,jpeg-replacement-q80-whole,gain,65536,43638,3,29.81412,0.838655,,1075200,443097
bookstore,equirect,1280,jpeg-replacement-q80-whole,gain,131072,43638,3,29.81412,0.838655,,1075200,443097
bookstore,equirect,1280,jpeg-replacement-q80-whole,gain,262144,142469,4,33.29265,0.9259873,,4352000,443097
bookstore,equirect,1280,jpeg-replacement-q80-whole,gain,443097,443097,5,38.24398,0.9783996,,17459200,443097
bookstore,equirect,1280,jpeg-replacement-q80-whole,view,8192,3039,1,25.3425,0.7229499,24.23043,51200,443097
bookstore,equirect,1280,jpeg-replacement-q80-whole,view,16384,12585,2,27.29049,0.7623714,25.99659,256000,443097
bookstore,equirect,1280,jpeg-replacement-q80-whole,view,32768,12585,2,27.29049,0.7623714,25.99659,256000,443097
bookstore,equirect,1280,jpeg-replacement-q80-whole,view,65536,43638,3,29.81412,0.838655,28.43075,1075200,443097
bookstore,equirect,1280,jpeg-replacement-q80-whole,view,131072,43638,3,29.81412,0.838655,28.43075,1075200,443097
bookstore,equirect,1280,jpeg-replacement-q80-whole,view,262144,142469,4,33.29265,0.9259873,32.04562,4352000,443097
bookstore,equirect,1280,jpeg-replacement-q80-whole,view,443097,443097,5,38.24398,0.9783996,37.38452,17459200,443097
bookstore,equirect,1280,jpeg-replacement-q80-whole,view-direct,8192,3039,1,25.3425,0.7229499,24.23043,51200,443097
bookstore,equirect,1280,jpeg-replacement-q80-whole,view-direct,16384,3039,1,25.3425,0.7229499,24.23043,51200,443097
bookstore,equirect,1280,jpeg-replacement-q80-whole,view-direct,32768,3039,1,25.3425,0.7229499,24.23043,51200,443097
bookstore,equirect,1280,jpeg-replacement-q80-whole,view-direct,65536,3039,1,25.3425,0.7229499,24.23043,51200,443097
bookstore,equirect,1280,jpeg-replacement-q80-whole,view-direct,131072,3039,1,25.3425,0.7229499,24.23043,51200,443097
bookstore,equirect,1280,jpeg-replacement-q80-whole,view-direct,262144,3039,1,25.3425,0.7229499,24.23043,51200,443097
bookstore,equirect,1280,jpeg-replacement-q80-whole,view-direct,443097,443097,5,38.24398,0.9783996,37.38452,17459200,443097
gardens,equirect,1280,exact,all,,9830400,,35.04486,0.971813,,,
gardens,equirect,1280,exact,coarse,,38400,,20.25847,0.4542931,,,
gardens,equirect,1280,haar-residual-d12,level,8192,0,0,,,,0,1180995
gardens,equirect,1280,haar-residual-d12,level,16384,0,0,,,,0,1180995
gardens,equirect,1280,haar-residual-d12,level,32768,25814,1,20.25708,0.454265,,51200,1180995
gardens,equirect,1280,haar-residual-d12,level,65536,25814,1,20.25708,0.454265,,51200,1180995
gardens,equirect,1280,haar-residual-d12,level,131072,124755,4,23.2585,0.6037465,,518144,1180995
gardens,equirect,1280,haar-residual-d12,level,262144,256973,13,25.98518,0.713992,,2123776,1180995
gardens,equirect,1280,haar-residual-d12,level,524288,514068,22,28.18629,0.8589619,,4089856,1180995
gardens,equirect,1280,haar-residual-d12,level,1048576,1040540,63,31.93421,0.9479182,,14575616,1180995
gardens,equirect,1280,haar-residual-d12,level,1180995,1180995,74,32.50691,0.9630302,,17459200,1180995
gardens,equirect,1280,haar-residual-d12,gain,8192,0,0,,,,0,1180995
gardens,equirect,1280,haar-residual-d12,gain,16384,0,0,,,,0,1180995
gardens,equirect,1280,haar-residual-d12,gain,32768,25814,1,20.25708,0.454265,,51200,1180995
gardens,equirect,1280,haar-residual-d12,gain,65536,25814,1,20.25708,0.454265,,51200,1180995
gardens,equirect,1280,haar-residual-d12,gain,131072,124755,4,23.2585,0.6037465,,518144,1180995
gardens,equirect,1280,haar-residual-d12,gain,262144,236137,7,24.88782,0.7065237,,1173504,1180995
gardens,equirect,1280,haar-residual-d12,gain,524288,497213,18,26.82476,0.8447443,,3303424,1180995
gardens,equirect,1280,haar-residual-d12,gain,1048576,1036253,48,31.34766,0.9506291,,10643456,1180995
gardens,equirect,1280,haar-residual-d12,gain,1180995,1180995,74,32.50691,0.9630302,,17459200,1180995
gardens,equirect,1280,haar-residual-d12,view,8192,0,0,,,,0,1180995
gardens,equirect,1280,haar-residual-d12,view,16384,0,0,,,,0,1180995
gardens,equirect,1280,haar-residual-d12,view,32768,25814,1,20.25708,0.454265,19.43896,51200,1180995
gardens,equirect,1280,haar-residual-d12,view,65536,27484.5,1.166667,20.37534,0.4642585,19.43896,58026.67,1180995
gardens,equirect,1280,haar-residual-d12,view,131072,114475.8,4,23.96222,0.678408,20.84957,522240,1180995
gardens,equirect,1280,haar-residual-d12,view,262144,251785.9,12,28.56345,0.8465122,21.83374,2441899,1180995
gardens,equirect,1280,haar-residual-d12,view,524288,509020.3,27.5,32.03088,0.9504254,23.37814,5940565,1180995
gardens,equirect,1280,haar-residual-d12,view,1048576,1042419,64,32.50691,0.9630302,29.93239,14837760,1180995
gardens,equirect,1280,haar-residual-d12,view,1180995,1180995,74,32.50691,0.9630302,31.10602,17459200,1180995
gardens,equirect,1280,haar-residual-d12-p0.5,level,8192,0,0,,,,0,1044889
gardens,equirect,1280,haar-residual-d12-p0.5,level,16384,16125,1,20.21995,0.4538261,,51200,1044889
gardens,equirect,1280,haar-residual-d12-p0.5,level,32768,16125,1,20.21995,0.4538261,,51200,1044889
gardens,equirect,1280,haar-residual-d12-p0.5,level,65536,48384,3,22.04107,0.5435313,,256000,1044889
gardens,equirect,1280,haar-residual-d12-p0.5,level,131072,127667,6,24.21671,0.6756334,,911360,1044889
gardens,equirect,1280,haar-residual-d12-p0.5,level,262144,253284,16,25.96436,0.7563076,,2910208,1044889
gardens,equirect,1280,haar-residual-d12-p0.5,level,524288,503846,46,27.8262,0.8677246,,10119168,1044889
gardens,equirect,1280,haar-residual-d12-p0.5,level,1044889,1044889,74,30.49804,0.9530657,,17459200,1044889
gardens,equirect,1280,haar-residual-d12-p0.5,gain,8192,0,0,,,,0,1044889
gardens,equirect,1280,haar-residual-d12-p0.5,gain,16384,16125,1,20.21995,0.4538261,,51200,1044889
gardens,equirect,1280,haar-residual-d12-p0.5,gain,32768,16125,1,20.21995,0.4538261,,51200,1044889
gardens,equirect,1280,haar-residual-d12-p0.5,gain,65536,48384,3,22.04107,0.5435313,,256000,1044889
gardens,equirect,1280,haar-residual-d12-p0.5,gain,131072,127667,6,24.21671,0.6756334,,911360,1044889
gardens,equirect,1280,haar-residual-d12-p0.5,gain,262144,242964,10,25.20744,0.762528,,1763328,1044889
gardens,equirect,1280,haar-residual-d12-p0.5,gain,524288,503748,24,27.17475,0.8654876,,4745216,1044889
gardens,equirect,1280,haar-residual-d12-p0.5,gain,1044889,1044889,74,30.49804,0.9530657,,17459200,1044889
gardens,equirect,1280,haar-residual-d12-p0.5,view,8192,0,0,,,,0,1044889
gardens,equirect,1280,haar-residual-d12-p0.5,view,16384,16125,1,20.21995,0.4538261,19.41231,51200,1044889
gardens,equirect,1280,haar-residual-d12-p0.5,view,32768,17181.33,1.166667,20.33454,0.4637754,19.41231,58026.67,1044889
gardens,equirect,1280,haar-residual-d12-p0.5,view,65536,49212.5,2.916667,22.30164,0.5789654,20.73957,271018.7,1044889
gardens,equirect,1280,haar-residual-d12-p0.5,view,131072,117835.8,5.75,24.71049,0.7211634,21.66055,912725.3,1044889
gardens,equirect,1280,haar-residual-d12-p0.5,view,262144,247978.5,18.25,28.539,0.8878328,21.99725,3851605,1044889
gardens,equirect,1280,haar-residual-d12-p0.5,view,524288,513711.2,36.5,30.32332,0.9493457,25.05714,7877291,1044889
gardens,equirect,1280,haar-residual-d12-p0.5,view,1044889,1044889,74,30.49804,0.9530657,29.58688,17459200,1044889
gardens,equirect,1280,jpeg-residual-q80,level,8192,4786,1,19.49349,0.4438783,,51200,858169
gardens,equirect,1280,jpeg-residual-q80,level,16384,15687,2,21.08836,0.5138491,,215040,858169
gardens,equirect,1280,jpeg-residual-q80,level,32768,18504,3,21.28395,0.5256207,,256000,858169
gardens,equirect,1280,jpeg-residual-q80,level,65536,62892,7,23.44934,0.6686957,,976896,858169
gardens,equirect,1280,jpeg-residual-q80,level,131072,124953,15,25.04158,0.7221538,,2648064,858169
gardens,equirect,1280,jpeg-residual-q80,level,262144,261963,26,26.95506,0.8542394,,4876288,858169
gardens,equirect,1280,jpeg-residual-q80,level,524288,514451,53,29.59096,0.9042991,,11954176,858169
gardens,equirect,1280,jpeg-residual-q80,level,858169,858169,74,31.48333,0.9628034,,17459200,858169
gardens,equirect,1280,jpeg-residual-q80,gain,8192,4786,1,19.49349,0.4438783,,51200,858169
gardens,equirect,1280,jpeg-residual-q80,gain,16384,15687,2,21.08836,0.5138491,,215040,858169
gardens,equirect,1280,jpeg-residual-q80,gain,32768,18504,3,21.28395,0.5256207,,256000,858169
gardens,equirect,1280,jpeg-residual-q80,gain,65536,58746,6,23.37979,0.6592685,,911360,858169
gardens,equirect,1280,jpeg-residual-q80,gain,131072,129309,10,24.29522,0.7403621,,1763328,858169
gardens,equirect,1280,jpeg-residual-q80,gain,262144,251054,20,26.08463,0.8348259,,3827712,858169
gardens,equirect,1280,jpeg-residual-q80,gain,524288,506091,34,28.50884,0.9049204,,7366656,858169
gardens,equirect,1280,jpeg-residual-q80,gain,858169,858169,74,31.48333,0.9628034,,17459200,858169
gardens,equirect,1280,jpeg-residual-q80,view,8192,5255.5,1.166667,19.61177,0.4530232,18.79986,58026.67,858169
gardens,equirect,1280,jpeg-residual-q80,view,16384,14339.67,2,21.15548,0.5194324,19.70484,194560,858169
gardens,equirect,1280,jpeg-residual-q80,view,32768,22995.25,3.166667,21.95798,0.5981685,20.09445,336554.7,858169
gardens,equirect,1280,jpeg-residual-q80,view,65536,58904.83,5.916667,24.00494,0.719778,20.98449,940032,858169
gardens,equirect,1280,jpeg-residual-q80,view,131072,124949.1,12.91667,27.68141,0.861106,21.01464,2627584,858169
gardens,equirect,1280,jpeg-residual-q80,view,262144,257466.6,25.25,30.87878,0.9435009,22.02927,5442219,858169
gardens,equirect,1280,jpeg-residual-q80,view,524288,515232.8,51.41667,31.4707,0.9626169,25.27097,11539110,858169
gardens,equirect,1280,jpeg-residual-q80,view,858169,858169,74,31.48333,0.9628034,29.95942,17459200,858169
gardens,equirect,1280,jpeg-replacement-q80,level,8192,4786,1,19.49349,0.4438783,,51200,1076309
gardens,equirect,1280,jpeg-replacement-q80,level,16384,4786,1,19.49349,0.4438783,,51200,1076309
gardens,equirect,1280,jpeg-replacement-q80,level,32768,21677,3,21.25943,0.5258501,,256000,1076309
gardens,equirect,1280,jpeg-replacement-q80,level,65536,61834,5,23.12054,0.6355898,,780288,1076309
gardens,equirect,1280,jpeg-replacement-q80,level,131072,123708,13,24.69927,0.6980102,,2123776,1076309
gardens,equirect,1280,jpeg-replacement-q80,level,262144,235410,18,26.14632,0.8013103,,3434496,1076309
gardens,equirect,1280,jpeg-replacement-q80,level,524288,512355,47,28.58567,0.8759209,,10381312,1076309
gardens,equirect,1280,jpeg-replacement-q80,level,1048576,1047343,72,31.37644,0.9597103,,16934912,1076309
gardens,equirect,1280,jpeg-replacement-q80,level,1076309,1076309,74,31.45637,0.9628328,,17459200,1076309
gardens,equirect,1280,jpeg-replacement-q80,gain,8192,4786,1,19.49349,0.4438783,,51200,1076309
gardens,equirect,1280,jpeg-replacement-q80,gain,16384,4786,1,19.49349,0.4438783,,51200,1076309
gardens,equirect,1280,jpeg-replacement-q80,gain,32768,21677,3,21.25943,0.5258501,,256000,1076309
gardens,equirect,1280,jpeg-replacement-q80,gain,65536,53003,5,22.43832,0.6071563,,649216,1076309
gardens,equirect,1280,jpeg-replacement-q80,gain,131072,130671,9,24.03775,0.7177229,,1501184,1076309
gardens,equirect,1280,jpeg-replacement-q80,gain,262144,261286,17,25.32254,0.8212392,,3041280,1076309
gardens,equirect,1280,jpeg-replacement-q80,gain,524288,514917,29,27.39901,0.8830128,,6055936,1076309
gardens,equirect,1280,jpeg-replacement-q80,gain,1048576,1043729,68,31.05609,0.9620109,,15886336,1076309
gardens,equirect,1280,jpeg-replacement-q80,gain,1076309,1076309,74,31.45637,0.9628328,,17459200,1076309
gardens,equirect,1280,jpeg-replacement-q80,view,8192,4786,1,19.49349,0.4438783,18.79986,51200,1076309
gardens,equirect,1280,jpeg-replacement-q80,view,16384,5355,1.166667,19.61158,0.4531212,18.79986,58026.67,1076309
gardens,equirect,1280,jpeg-replacement-q80,view,32768,22394.42,2.833333,21.49044,0.5579114,20.08564,268288,1076309
gardens,equirect,1280,jpeg-replacement-q80,view,65536,55986.92,4.916667,23.52752,0.6870491,20.58593,727040,1076309
gardens,equirect,1280,jpeg-replacement-q80,view,131072,120227.3,9.666667,26.47899,0.8323263,21.00642,1819307,1076309
gardens,equirect,1280,jpeg-replacement-q80,view,262144,251034.9,20.25,30.22051,0.9238895,21.34113,4378624,1076309
gardens,equirect,1280,jpeg-replacement-q80,view,524288,515373.8,40.08333,31.36852,0.9614288,24.655,8644608,1076309
gardens,equirect,1280,jpeg-replacement-q80,view,1048576,1045264,72,31.45637,0.9628328,29.762,16934912,1076309
gardens,equirect,1280,jpeg-replacement-q80,view,1076309,1076309,74,31.45637,0.9628328,29.9247,17459200,1076309
gardens,equirect,1280,jpeg-replacement-q80,view-direct,8192,4786,1,19.49349,0.4438783,18.79986,51200,1076309
gardens,equirect,1280,jpeg-replacement-q80,view-direct,16384,7688.75,1.416667,19.66408,0.4542495,18.79986,160426.7,1076309
gardens,equirect,1280,jpeg-replacement-q80,view-direct,32768,28499.08,2.833333,20.70393,0.5565118,18.79986,531797.3,1076309
gardens,equirect,1280,jpeg-replacement-q80,view-direct,65536,58875.83,5.416667,22.65368,0.6820342,18.79986,1209003,1076309
gardens,equirect,1280,jpeg-replacement-q80,view-direct,131072,122782.1,10.58333,28.53178,0.8628725,18.89166,2536789,1076309
gardens,equirect,1280,jpeg-replacement-q80,view-direct,262144,253545.6,21.08333,31.12754,0.9565381,20.89085,4628480,1076309
gardens,equirect,1280,jpeg-replacement-q80,view-direct,524288,516000.7,39.91667,31.45637,0.9628328,25.12641,8688299,1076309
gardens,equirect,1280,jpeg-replacement-q80,view-direct,1048576,1045264,72,31.45637,0.9628328,29.762,16934912,1076309
gardens,equirect,1280,jpeg-replacement-q80,view-direct,1076309,1076309,74,31.45637,0.9628328,29.9247,17459200,1076309
gardens,equirect,1280,webp-replacement-q80,level,8192,4506,1,19.70148,0.4491387,,51200,972196
gardens,equirect,1280,webp-replacement-q80,level,16384,4506,1,19.70148,0.4491387,,51200,972196
gardens,equirect,1280,webp-replacement-q80,level,32768,20252,3,21.4829,0.5338306,,256000,972196
gardens,equirect,1280,webp-replacement-q80,level,65536,56950,5,23.3816,0.6421324,,780288,972196
gardens,equirect,1280,webp-replacement-q80,level,131072,108756,14,24.99083,0.7006756,,2385920,972196
gardens,equirect,1280,webp-replacement-q80,level,262144,258852,21,26.91796,0.8432727,,3958784,972196
gardens,equirect,1280,webp-replacement-q80,level,524288,519316,51,29.58691,0.897145,,11429888,972196
gardens,equirect,1280,webp-replacement-q80,level,972196,972196,74,31.7587,0.9614982,,17459200,972196
gardens,equirect,1280,webp-replacement-q80,gain,8192,4506,1,19.70148,0.4491387,,51200,972196
gardens,equirect,1280,webp-replacement-q80,gain,16384,4506,1,19.70148,0.4491387,,51200,972196
gardens,equirect,1280,webp-replacement-q80,gain,32768,29092,4,21.68469,0.5574007,,387072,972196
gardens,equirect,1280,webp-replacement-q80,gain,65536,48846,5,22.68936,0.6146457,,649216,972196
gardens,equirect,1280,webp-replacement-q80,gain,131072,124640,9,24.34709,0.7246797,,1501184,972196
gardens,equirect,1280,webp-replacement-q80,gain,262144,254254,20,26.83904,0.8424796,,3696640,972196
gardens,equirect,1280,webp-replacement-q80,gain,524288,498372,30,28.36718,0.8904364,,6318080,972196
gardens,equirect,1280,webp-replacement-q80,gain,972196,972196,74,31.7587,0.9614982,,17459200,972196
gardens,equirect,1280,webp-replacement-q80,view,8192,5018.667,1.166667,19.81513,0.458524,18.95661,58026.67,972196
gardens,equirect,1280,webp-replacement-q80,view,16384,5018.667,1.166667,19.81513,0.458524,18.95661,58026.67,972196
gardens,equirect,1280,webp-replacement-q80,view,32768,21063.5,2.916667,21.73062,0.5679715,20.25399,271018.7,972196
gardens,equirect,1280,webp-replacement-q80,view,65536,55489.5,5.166667,23.93565,0.7048782,20.85389,792576,972196
gardens,equirect,1280,webp-replacement-q80,view,131072,119293.8,11.91667,27.51282,0.8427351,21.19779,2398208,972196
gardens,equirect,1280,webp-replacement-q80,view,262144,250656.5,22.58333,30.70054,0.9298559,21.80214,4873557,972196
gardens,equirect,1280,webp-replacement-q80,view,524288,515460,45.75,31.6784,0.9603941,25.23298,10075480,972196
gardens,equirect,1280,webp-replacement-q80,view,972196,972196,74,31.7587,0.9614982,30.33647,17459200,972196
gardens,equirect,1280,webp-replacement-q80,view-direct,8192,5016.667,1.166667,19.7347,0.4517198,18.95661,94890.67,972196
gardens,equirect,1280,webp-replacement-q80,view-direct,16384,8079.667,1.833333,20.11542,0.4685466,18.95661,269653.3,972196
gardens,equirect,1280,webp-replacement-q80,view-direct,32768,28893.5,3.75,21.36002,0.5752609,18.95661,772096,972196
gardens,equirect,1280,webp-replacement-q80,view-direct,65536,57832.67,7.333333,25.41604,0.7058955,18.95661,1711445,972196
gardens,equirect,1280,webp-replacement-q80,view-direct,131072,119670.2,12.25,28.93751,0.8671426,19.49687,2866517,972196
gardens,equirect,1280,webp-replacement-q80,view-direct,262144,253537.8,23.16667,31.45535,0.9562792,21.47171,5156181,972196
gardens,equirect,1280,webp-replacement-q80,view-direct,524288,517962.7,45.83333,31.7587,0.9614982,25.67767,10162860,972196
gardens,equirect,1280,webp-replacement-q80,view-direct,972196,972196,74,31.7587,0.9614982,30.33647,17459200,972196
gardens,equirect,1280,jpeg-replacement-q80-whole,level,8192,4786,1,19.49349,0.4438783,,51200,1059768
gardens,equirect,1280,jpeg-replacement-q80-whole,level,16384,4786,1,19.49349,0.4438783,,51200,1059768
gardens,equirect,1280,jpeg-replacement-q80-whole,level,32768,21321,2,21.25968,0.5258516,,256000,1059768
gardens,equirect,1280,jpeg-replacement-q80-whole,level,65536,21321,2,21.25968,0.5258516,,256000,1059768
gardens,equirect,1280,jpeg-replacement-q80-whole,level,131072,81481,3,23.50008,0.6791838,,1075200,1059768
gardens,equirect,1280,jpeg-replacement-q80-whole,level,262144,81481,3,23.50008,0.6791838,,1075200,1059768
gardens,equirect,1280,jpeg-replacement-q80-whole,level,524288,300973,4,26.71136,0.853556,,4352000,1059768
gardens,equirect,1280,jpeg-replacement-q80-whole,level,1048576,300973,4,26.71136,0.853556,,4352000,1059768
gardens,equirect,1280,jpeg-replacement-q80-whole,level,1059768,1059768,5,31.45987,0.9628348,,17459200,1059768
gardens,equirect,1280,jpeg-replacement-q80-whole,gain,8192,4786,1,19.49349,0.4438783,,51200,1059768
gardens,equirect,1280,jpeg-replacement-q80-whole,gain,16384,4786,1,19.49349,0.4438783,,51200,1059768
gardens,equirect,1280,jpeg-replacement-q80-whole,gain,32768,21321,2,21.25968,0.5258516,,256000,1059768
gardens,equirect,1280,jpeg-replacement-q80-whole,gain,65536,21321,2,21.25968,0.5258516,,256000,1059768
gardens,equirect,1280,jpeg-replacement-q80-whole,gain,131072,81481,3,23.50008,0.6791838,,1075200,1059768
gardens,equirect,1280,jpeg-replacement-q80-whole,gain,262144,81481,3,23.50008,0.6791838,,1075200,1059768
gardens,equirect,1280,jpeg-replacement-q80-whole,gain,524288,300973,4,26.71136,0.853556,,4352000,1059768
gardens,equirect,1280,jpeg-replacement-q80-whole,gain,1048576,300973,4,26.71136,0.853556,,4352000,1059768
gardens,equirect,1280,jpeg-replacement-q80-whole,gain,1059768,1059768,5,31.45987,0.9628348,,17459200,1059768
gardens,equirect,1280,jpeg-replacement-q80-whole,view,8192,4786,1,19.49349,0.4438783,18.79986,51200,1059768
gardens,equirect,1280,jpeg-replacement-q80-whole,view,16384,4786,1,19.49349,0.4438783,18.79986,51200,1059768
gardens,equirect,1280,jpeg-replacement-q80-whole,view,32768,21321,2,21.25968,0.5258516,20.2841,256000,1059768
gardens,equirect,1280,jpeg-replacement-q80-whole,view,65536,21321,2,21.25968,0.5258516,20.2841,256000,1059768
gardens,equirect,1280,jpeg-replacement-q80-whole,view,131072,81481,3,23.50008,0.6791838,22.26151,1075200,1059768
gardens,equirect,1280,jpeg-replacement-q80-whole,view,262144,81481,3,23.50008,0.6791838,22.26151,1075200,1059768
gardens,equirect,1280,jpeg-replacement-q80-whole,view,524288,300973,4,26.71136,0.853556,25.23576,4352000,1059768
gardens,equirect,1280,jpeg-replacement-q80-whole,view,1048576,300973,4,26.71136,0.853556,25.23576,4352000,1059768
gardens,equirect,1280,jpeg-replacement-q80-whole,view,1059768,1059768,5,31.45987,0.9628348,29.92737,17459200,1059768
gardens,equirect,1280,jpeg-replacement-q80-whole,view-direct,8192,4786,1,19.49349,0.4438783,18.79986,51200,1059768
gardens,equirect,1280,jpeg-replacement-q80-whole,view-direct,16384,4786,1,19.49349,0.4438783,18.79986,51200,1059768
gardens,equirect,1280,jpeg-replacement-q80-whole,view-direct,32768,4786,1,19.49349,0.4438783,18.79986,51200,1059768
gardens,equirect,1280,jpeg-replacement-q80-whole,view-direct,65536,4786,1,19.49349,0.4438783,18.79986,51200,1059768
gardens,equirect,1280,jpeg-replacement-q80-whole,view-direct,131072,4786,1,19.49349,0.4438783,18.79986,51200,1059768
gardens,equirect,1280,jpeg-replacement-q80-whole,view-direct,262144,4786,1,19.49349,0.4438783,18.79986,51200,1059768
gardens,equirect,1280,jpeg-replacement-q80-whole,view-direct,524288,4786,1,19.49349,0.4438783,18.79986,51200,1059768
gardens,equirect,1280,jpeg-replacement-q80-whole,view-direct,1048576,840276,4,31.45987,0.9628348,29.92737,14182400,1059768
gardens,equirect,1280,jpeg-replacement-q80-whole,view-direct,1059768,1059768,5,31.45987,0.9628348,29.92737,17459200,1059768
stadium,equirect,1280,exact,all,,9830400,,36.17748,0.9452613,,,
stadium,equirect,1280,exact,coarse,,38400,,25.21337,0.5377966,,,
stadium,equirect,1280,haar-residual-d12,level,8192,0,0,,,,0,827363
stadium,equirect,1280,haar-residual-d12,level,16384,0,0,,,,0,827363
stadium,equirect,1280,haar-residual-d12,level,32768,19054,1,25.16045,0.5377642,,51200,827363
stadium,equirect,1280,haar-residual-d12,level,65536,49928,3,26.61739,0.5930881,,256000,827363
stadium,equirect,1280,haar-residual-d12,level,131072,130616,9,28.35959,0.6977663,,1075200,827363
stadium,equirect,1280,haar-residual-d12,level,262144,241163,18,29.88255,0.781637,,3434496,827363
stadium,equirect,1280,haar-residual-d12,level,524288,510298,56,32.27794,0.8815055,,12740608,827363
stadium,equirect,1280,haar-residual-d12,level,827363,827363,74,33.56315,0.9364946,,17459200,827363
stadium,equirect,1280,haar-residual-d12,gain,8192,0,0,,,,0,827363
stadium,equirect,1280,haar-residual-d12,gain,16384,0,0,,,,0,827363
stadium,equirect,1280,haar-residual-d12,gain,32768,24972,2,25.35308,0.5493436,,92160,827363
stadium,equirect,1280,haar-residual-d12,gain,65536,60589,4,26.81828,0.6091922,,387072,827363
stadium,equirect,1280,haar-residual-d12,gain,131072,111262,7,28.29076,0.6830331,,1173504,827363
stadium,equirect,1280,haar-residual-d12,gain,262144,258062,16,29.94805,0.792565,,3336192,827363
stadium,equirect,1280,haar-residual-d12,gain,524288,517100,38,31.96769,0.8791331,,8284160,827363
stadium,equirect,1280,haar-residual-d12,gain,827363,827363,74,33.56315,0.9364946,,17459200,827363
stadium,equirect,1280,haar-residual-d12,view,8192,0,0,,,,0,827363
stadium,equirect,1280,haar-residual-d12,view,16384,0,0,,,,0,827363
stadium,equirect,1280,haar-residual-d12,view,32768,20040.33,1.166667,25.3351,0.5475512,21.72722,58026.67,827363
stadium,equirect,1280,haar-residual-d12,view,65536,54936.17,3,27.32465,0.6424583,22.8858,328362.7,827363
stadium,equirect,1280,haar-residual-d12,view,131072,125508.9,12.5,29.94674,0.7649415,23.50105,2638507,827363
stadium,equirect,1280,haar-residual-d12,view,262144,253518.8,23.66667,32.49998,0.8835754,24.46681,5070848,827363
stadium,equirect,1280,haar-residual-d12,view,524288,514753,51.83333,33.43218,0.9312171,27.94368,11670190,827363
stadium,equirect,1280,haar-residual-d12,view,827363,827363,74,33.56315,0.9364946,30.81166,17459200,827363
stadium,equirect,1280,haar-residual-d12-p0.5,level,8192,0,0,,,,0,742392
stadium,equirect,1280,haar-residual-d12-p0.5,level,16384,9640,1,24.51177,0.5371603,,51200,742392
stadium,equirect,1280,haar-residual-d12-p0.5,level,32768,27479,3,25.69651,0.5912384,,256000,742392
stadium,equirect,1280,haar-residual-d12-p0.5,level,65536,58616,5,26.80047,0.6602593,,780288,742392
stadium,equirect,1280,haar-residual-d12-p0.5,level,131072,111057,15,27.49222,0.7172821,,2648064,742392
stadium,equirect,1280,haar-residual-d12-p0.5,level,262144,261462,40,28.99877,0.8232569,,8546304,742392
stadium,equirect,1280,haar-residual-d12-p0.5,level,524288,522750,61,30.9289,0.8959896,,14051328,742392
stadium,equirect,1280,haar-residual-d12-p0.5,level,742392,742392,74,31.64721,0.9293231,,17459200,742392
stadium,equirect,1280,haar-residual-d12-p0.5,gain,8192,0,0,,,,0,742392
stadium,equirect,1280,haar-residual-d12-p0.5,gain,16384,13082,2,24.6892,0.5485596,,92160,742392
stadium,equirect,1280,haar-residual-d12-p0.5,gain,32768,27479,3,25.69651,0.5912384,,256000,742392
stadium,equirect,1280,haar-residual-d12-p0.5,gain,65536,49589,5,26.43183,0.6414933,,649216,742392
stadium,equirect,1280,haar-residual-d12-p0.5,gain,131072,112480,9,27.6843,0.7231433,,1697792,742392
stadium,equirect,1280,haar-residual-d12-p0.5,gain,262144,256602,24,29.36531,0.8190447,,5007360,742392
stadium,equirect,1280,haar-residual-d12-p0.5,gain,524288,519284,44,30.91328,0.8960452,,9594880,742392
stadium,equirect,1280,haar-residual-d12-p0.5,gain,742392,742392,74,31.64721,0.9293231,,17459200,742392
stadium,equirect,1280,haar-residual-d12-p0.5,view,8192,0,0,,,,0,742392
stadium,equirect,1280,haar-residual-d12-p0.5,view,16384,10213.67,1.166667,24.68361,0.5468535,21.38794,58026.67,742392
stadium,equirect,1280,haar-residual-d12-p0.5,view,32768,25758,2.5,25.69651,0.5912384,22.44088,235520,742392
stadium,equirect,1280,haar-residual-d12-p0.5,view,65536,56475,5.166667,27.32824,0.7026103,22.71687,792576,742392
stadium,equirect,1280,haar-residual-d12-p0.5,view,131072,123318.3,17.33333,29.48522,0.8255834,23.21958,3654997,742392
stadium,equirect,1280,haar-residual-d12-p0.5,view,262144,257842.5,28.83333,31.08985,0.902507,24.82968,6111915,742392
stadium,equirect,1280,haar-residual-d12-p0.5,view,524288,520299.8,58.75,31.61382,0.9280658,28.21519,13461504,742392
stadium,equirect,1280,haar-residual-d12-p0.5,view,742392,742392,74,31.64721,0.9293231,29.72151,17459200,742392
stadium,equirect,1280,jpeg-residual-q80,level,8192,3239,1,24.04636,0.533064,,51200,722014
stadium,equirect,1280,jpeg-residual-q80,level,16384,12747,3,25.63467,0.5822319,,256000,722014
stadium,equirect,1280,jpeg-residual-q80,level,32768,23310,4,26.45313,0.615671,,518144,722014
stadium,equirect,1280,jpeg-residual-q80,level,65536,62304,14,28.05344,0.6874188,,2385920,722014
stadium,equirect,1280,jpeg-residual-q80,level,131072,126907,18,29.28723,0.7682188,,3434496,722014
stadium,equirect,1280,jpeg-residual-q80,level,262144,250652,45,30.44777,0.8213856,,9857024,722014
stadium,equirect,1280,jpeg-residual-q80,level,524288,520389,62,32.74717,0.9017211,,14313472,722014
stadium,equirect,1280,jpeg-residual-q80,level,722014,722014,74,33.49346,0.9341269,,17459200,722014
stadium,equirect,1280,jpeg-residual-q80,gain,8192,3239,1,24.04636,0.533064,,51200,722014
stadium,equirect,1280,jpeg-residual-q80,gain,16384,12747,3,25.63467,0.5822319,,256000,722014
stadium,equirect,1280,jpeg-residual-q80,gain,32768,27297,5,26.51329,0.6305863,,649216,722014
stadium,equirect,1280,jpeg-residual-q80,gain,65536,54984,7,27.62564,0.6842528,,1173504,722014
stadium,equirect,1280,jpeg-residual-q80,gain,131072,129854,14,29.04527,0.7806751,,2582528,722014
stadium,equirect,1280,jpeg-residual-q80,gain,262144,250423,25,30.30941,0.8324579,,5007360,722014
stadium,equirect,1280,jpeg-residual-q80,gain,524288,507368,45,32.21562,0.9061194,,9857024,722014
stadium,equirect,1280,jpeg-residual-q80,gain,722014,722014,74,33.49346,0.9341269,,17459200,722014
stadium,equirect,1280,jpeg-residual-q80,view,8192,3589.833,1.166667,24.21689,0.5418591,21.08184,58026.67,722014
stadium,equirect,1280,jpeg-residual-q80,view,16384,11694.5,2.5,25.63467,0.5822319,22.2978,235520,722014
stadium,equirect,1280,jpeg-residual-q80,view,32768,25927,4.5,27.21867,0.6770933,22.54435,617813.3,722014
stadium,equirect,1280,jpeg-residual-q80,view,65536,61509.25,10.5,29.65356,0.7761826,22.98615,2092373,722014
stadium,equirect,1280,jpeg-residual-q80,view,131072,124497.8,19.66667,31.83732,0.8553166,23.31207,4201131,722014
stadium,equirect,1280,jpeg-residual-q80,view,262144,254881.3,33.08333,33.09413,0.917014,25.23396,7046485,722014
stadium,equirect,1280,jpeg-residual-q80,view,524288,518824.5,60,33.49346,0.9341269,28.85313,13789184,722014
stadium,equirect,1280,jpeg-residual-q80,view,722014,722014,74,33.49346,0.9341269,30.59577,17459200,722014
stadium,equirect,1280,jpeg-replacement-q80,level,8192,3239,1,24.04636,0.533064,,51200,863543
stadium,equirect,1280,jpeg-replacement-q80,level,16384,14864,3,25.66951,0.5820297,,256000,863543
stadium,equirect,1280,jpeg-replacement-q80,level,32768,27922,4,26.48536,0.6158764,,518144,863543
stadium,equirect,1280,jpeg-replacement-q80,level,65536,64314,10,27.62805,0.6853265,,1337344,863543
stadium,equirect,1280,jpeg-replacement-q80,level,131072,115804,16,28.71769,0.7277968,,2910208,863543
stadium,equirect,1280,jpeg-replacement-q80,level,262144,261674,37,30.18893,0.8184165,,7759872,863543
stadium,equirect,1280,jpeg-replacement-q80,level,524288,517298,57,32.44936,0.8805486,,13002752,863543
stadium,equirect,1280,jpeg-replacement-q80,level,863543,863543,74,33.64603,0.9344947,,17459200,863543
stadium,equirect,1280,jpeg-replacement-q80,gain,8192,3239,1,24.04636,0.533064,,51200,863543
stadium,equirect,1280,jpeg-replacement-q80,gain,16384,14864,3,25.66951,0.5820297,,256000,863543
stadium,equirect,1280,jpeg-replacement-q80,gain,32768,32690,5,26.56291,0.6305451,,649216,863543
stadium,equirect,1280,jpeg-replacement-q80,gain,65536,45748,6,27.43338,0.6644124,,911360,863543
stadium,equirect,1280,jpeg-replacement-q80,gain,131072,130205,11,28.6858,0.7580828,,2025472,863543
stadium,equirect,1280,jpeg-replacement-q80,gain,262144,252175,22,30.00724,0.8197865,,4220928,863543
stadium,equirect,1280,jpeg-replacement-q80,gain,524288,507220,38,31.38539,0.8828866,,8022016,863543
stadium,equirect,1280,jpeg-replacement-q80,gain,863543,863543,74,33.64603,0.9344947,,17459200,863543
stadium,equirect,1280,jpeg-replacement-q80,view,8192,3655.833,1.166667,24.21676,0.5418027,21.08184,58026.67,863543
stadium,equirect,1280,jpeg-replacement-q80,view,16384,13613.5,2.5,25.66951,0.5820297,22.32028,235520,863543
stadium,equirect,1280,jpeg-replacement-q80,view,32768,27259.33,4.083333,27.21796,0.6735068,22.37285,544085.3,863543
stadium,equirect,1280,jpeg-replacement-q80,view,65536,56553.58,7.666667,28.7851,0.7300808,23.01318,1371477,863543
stadium,equirect,1280,jpeg-replacement-q80,view,131072,122673.9,17.33333,31.34455,0.8383769,23.14819,3665237,863543
stadium,equirect,1280,jpeg-replacement-q80,view,262144,253065.9,27.83333,33.04651,0.9073398,24.44819,5944661,863543
stadium,equirect,1280,jpeg-replacement-q80,view,524288,515527,54.25,33.59554,0.9327689,27.62121,12281856,863543
stadium,equirect,1280,jpeg-replacement-q80,view,863543,863543,74,33.64603,0.9344947,30.65602,17459200,863543
stadium,equirect,1280,jpeg-replacement-q80,view-direct,8192,4292.5,1.5,24.15716,0.5338691,21.08184,182272,863543
stadium,equirect,1280,jpeg-replacement-q80,view-direct,16384,7439,2.583333,24.80157,0.5394341,21.08184,466261.3,863543
stadium,equirect,1280,jpeg-replacement-q80,view-direct,32768,25403.67,5.25,26.74967,0.6237997,21.08184,1165312,863543
stadium,equirect,1280,jpeg-replacement-q80,view-direct,65536,57208.5,8.916667,29.02107,0.7418832,21.20083,2091691,863543
stadium,equirect,1280,jpeg-replacement-q80,view-direct,131072,123483.9,16,32.17775,0.8637987,22.06277,3579904,863543
stadium,equirect,1280,jpeg-replacement-q80,view-direct,262144,253658.6,26.91667,33.36991,0.9225444,24.52206,5934421,863543
stadium,equirect,1280,jpeg-replacement-q80,view-direct,524288,515565.3,54.33333,33.64603,0.9344947,27.75392,12358310,863543
stadium,equirect,1280,jpeg-replacement-q80,view-direct,863543,863543,74,33.64603,0.9344947,30.65602,17459200,863543
stadium,equirect,1280,webp-replacement-q80,level,8192,2746,1,24.08419,0.5348744,,51200,777398
stadium,equirect,1280,webp-replacement-q80,level,16384,12590,3,25.64381,0.5863046,,256000,777398
stadium,equirect,1280,webp-replacement-q80,level,32768,32754,5,27.18007,0.6534408,,780288,777398
stadium,equirect,1280,webp-replacement-q80,level,65536,59130,14,27.99682,0.6914027,,2385920,777398
stadium,equirect,1280,webp-replacement-q80,level,131072,116278,17,29.0293,0.7565562,,3172352,777398
stadium,equirect,1280,webp-replacement-q80,level,262144,257718,46,30.51343,0.8284759,,10119168,777398
stadium,equirect,1280,webp-replacement-q80,level,524288,506262,60,32.4984,0.8946656,,13789184,777398
stadium,equirect,1280,webp-replacement-q80,level,777398,777398,74,33.36816,0.9336672,,17459200,777398
stadium,equirect,1280,webp-replacement-q80,gain,8192,4824,2,24.28635,0.5456448,,92160,777398
stadium,equirect,1280,webp-replacement-q80,gain,16384,12590,3,25.64381,0.5863046,,256000,777398
stadium,equirect,1280,webp-replacement-q80,gain,32768,26936,5,26.58028,0.6347385,,649216,777398
stadium,equirect,1280,webp-replacement-q80,gain,65536,60732,8,27.80632,0.6916632,,1435648,777398
stadium,equirect,1280,webp-replacement-q80,gain,131072,122070,12,28.87268,0.7657643,,2287616,777398
stadium,equirect,1280,webp-replacement-q80,gain,262144,257356,26,30.386,0.8329163,,5269504,777398
stadium,equirect,1280,webp-replacement-q80,gain,524288,514786,44,32.08323,0.8971468,,9594880,777398
stadium,equirect,1280,webp-replacement-q80,gain,777398,777398,74,33.36816,0.9336672,,17459200,777398
stadium,equirect,1280,webp-replacement-q80,view,8192,3092.333,1.166667,24.25518,0.5440372,21.11647,58026.67,777398
stadium,equirect,1280,webp-replacement-q80,view,16384,11551,2.5,25.64381,0.5863046,22.30726,235520,777398
stadium,equirect,1280,webp-replacement-q80,view,32768,28619.5,4.833333,27.49121,0.6822192,22.58401,705194.7,777398
stadium,equirect,1280,webp-replacement-q80,view,65536,59309.5,12.25,29.64426,0.7678799,23.03951,2562048,777398
stadium,equirect,1280,webp-replacement-q80,view,131072,124148,19.83333,31.60577,0.8502197,23.40195,4244821,777398
stadium,equirect,1280,webp-replacement-q80,view,262144,255759.2,32.33333,32.84438,0.9107535,25.31253,6890155,777398
stadium,equirect,1280,webp-replacement-q80,view,524288,509300.3,58.08333,33.331,0.9323585,28.60998,13286740,777398
stadium,equirect,1280,webp-replacement-q80,view,777398,777398,74,33.36816,0.9336672,30.6175,17459200,777398
stadium,equirect,1280,webp-replacement-q80,view-direct,8192,4372.333,2.583333,24.5177,0.5388938,21.11647,466261.3,777398
stadium,equirect,1280,webp-replacement-q80,view-direct,16384,7638.5,4.666667,25.76091,0.5506723,21.11647,1012395,777398
stadium,equirect,1280,webp-replacement-q80,view-direct,32768,25912.83,7.166667,27.35069,0.6542859,21.1817,1641131,777398
stadium,equirect,1280,webp-replacement-q80,view-direct,65536,60902,11.41667,29.75758,0.7658385,21.51863,2590720,777398
stadium,equirect,1280,webp-replacement-q80,view-direct,131072,123457.3,18.33333,32.17194,0.872842,22.41787,4121259,777398
stadium,equirect,1280,webp-replacement-q80,view-direct,262144,257420,32.08333,33.14691,0.9249744,25.12726,7032149,777398
stadium,equirect,1280,webp-replacement-q80,view-direct,524288,508508.5,58.16667,33.36816,0.9336672,28.69138,13363200,777398
stadium,equirect,1280,webp-replacement-q80,view-direct,777398,777398,74,33.36816,0.9336672,30.6175,17459200,777398
stadium,equirect,1280,jpeg-replacement-q80-whole,level,8192,3239,1,24.04636,0.533064,,51200,853594
stadium,equirect,1280,jpeg-replacement-q80-whole,level,16384,14502,2,25.66997,0.5820301,,256000,853594
stadium,equirect,1280,jpeg-replacement-q80-whole,level,32768,14502,2,25.66997,0.5820301,,256000,853594
stadium,equirect,1280,jpeg-replacement-q80-whole,level,65536,56421,3,27.5375,0.6820596,,1075200,853594
stadium,equirect,1280,jpeg-replacement-q80-whole,level,131072,56421,3,27.5375,0.6820596,,1075200,853594
stadium,equirect,1280,jpeg-replacement-q80-whole,level,262144,219710,4,29.8683,0.8149887,,4352000,853594
stadium,equirect,1280,jpeg-replacement-q80-whole,level,524288,219710,4,29.8683,0.8149887,,4352000,853594
stadium,equirect,1280,jpeg-replacement-q80-whole,level,853594,853594,5,33.64781,0.9344955,,17459200,853594
stadium,equirect,1280,jpeg-replacement-q80-whole,gain,8192,3239,1,24.04636,0.533064,,51200,853594
stadium,equirect,1280,jpeg-replacement-q80-whole,gain,16384,14502,2,25.66997,0.5820301,,256000,853594
stadium,equirect,1280,jpeg-replacement-q80-whole,gain,32768,14502,2,25.66997,0.5820301,,256000,853594
stadium,equirect,1280,jpeg-replacement-q80-whole,gain,65536,56421,3,27.5375,0.6820596,,1075200,853594
stadium,equirect,1280,jpeg-replacement-q80-whole,gain,131072,56421,3,27.5375,0.6820596,,1075200,853594
stadium,equirect,1280,jpeg-replacement-q80-whole,gain,262144,219710,4,29.8683,0.8149887,,4352000,853594
stadium,equirect,1280,jpeg-replacement-q80-whole,gain,524288,219710,4,29.8683,0.8149887,,4352000,853594
stadium,equirect,1280,jpeg-replacement-q80-whole,gain,853594,853594,5,33.64781,0.9344955,,17459200,853594
stadium,equirect,1280,jpeg-replacement-q80-whole,view,8192,3239,1,24.04636,0.533064,21.08184,51200,853594
stadium,equirect,1280,jpeg-replacement-q80-whole,view,16384,14502,2,25.66997,0.5820301,22.51085,256000,853594
stadium,equirect,1280,jpeg-replacement-q80-whole,view,32768,14502,2,25.66997,0.5820301,22.51085,256000,853594
stadium,equirect,1280,jpeg-replacement-q80-whole,view,65536,56421,3,27.5375,0.6820596,24.26073,1075200,853594
stadium,equirect,1280,jpeg-replacement-q80-whole,view,131072,56421,3,27.5375,0.6820596,24.26073,1075200,853594
stadium,equirect,1280,jpeg-replacement-q80-whole,view,262144,219710,4,29.8683,0.8149887,26.62035,4352000,853594
stadium,equirect,1280,jpeg-replacement-q80-whole,view,524288,219710,4,29.8683,0.8149887,26.62035,4352000,853594
stadium,equirect,1280,jpeg-replacement-q80-whole,view,853594,853594,5,33.64781,0.9344955,30.65713,17459200,853594
stadium,equirect,1280,jpeg-replacement-q80-whole,view-direct,8192,3239,1,24.04636,0.533064,21.08184,51200,853594
stadium,equirect,1280,jpeg-replacement-q80-whole,view-direct,16384,3239,1,24.04636,0.533064,21.08184,51200,853594
stadium,equirect,1280,jpeg-replacement-q80-whole,view-direct,32768,3239,1,24.04636,0.533064,21.08184,51200,853594
stadium,equirect,1280,jpeg-replacement-q80-whole,view-direct,65536,3239,1,24.04636,0.533064,21.08184,51200,853594
stadium,equirect,1280,jpeg-replacement-q80-whole,view-direct,131072,3239,1,24.04636,0.533064,21.08184,51200,853594
stadium,equirect,1280,jpeg-replacement-q80-whole,view-direct,262144,3239,1,24.04636,0.533064,21.08184,51200,853594
stadium,equirect,1280,jpeg-replacement-q80-whole,view-direct,524288,3239,1,24.04636,0.533064,21.08184,51200,853594
stadium,equirect,1280,jpeg-replacement-q80-whole,view-direct,853594,853594,5,33.64781,0.9344955,30.65713,17459200,853594
superblock,equirect,1280,exact,all,,9830400,,31.27627,0.9558185,,,
superblock,equirect,1280,exact,coarse,,38400,,18.88941,0.2792909,,,
superblock,equirect,1280,haar-residual-d12,level,8192,0,0,,,,0,1626810
superblock,equirect,1280,haar-residual-d12,level,16384,0,0,,,,0,1626810
superblock,equirect,1280,haar-residual-d12,level,32768,25958,1,18.88818,0.2792831,,51200,1626810
superblock,equirect,1280,haar-residual-d12,level,65536,25958,1,18.88818,0.2792831,,51200,1626810
superblock,equirect,1280,haar-residual-d12,level,131072,82717,3,20.13948,0.375005,,256000,1626810
superblock,equirect,1280,haar-residual-d12,level,262144,254149,9,22.02625,0.5688887,,1075200,1626810
superblock,equirect,1280,haar-residual-d12,level,524288,507106,16,23.9334,0.7067417,,2910208,1626810
superblock,equirect,1280,haar-residual-d12,level,1048576,1032419,42,27.07283,0.8497116,,9070592,1626810
superblock,equirect,1280,haar-residual-d12,level,1626810,1626810,74,29.91803,0.9483605,,17459200,1626810
superblock,equirect,1280,haar-residual-d12,gain,8192,0,0,,,,0,1626810
superblock,equirect,1280,haar-residual-d12,gain,16384,0,0,,,,0,1626810
superblock,equirect,1280,haar-residual-d12,gain,32768,25958,1,18.88818,0.2792831,,51200,1626810
superblock,equirect,1280,haar-residual-d12,gain,65536,25958,1,18.88818,0.2792831,,51200,1626810
superblock,equirect,1280,haar-residual-d12,gain,131072,82717,3,20.13948,0.375005,,256000,1626810
superblock,equirect,1280,haar-residual-d12,gain,262144,217813,6,21.8686,0.5477409,,911360,1626810
superblock,equirect,1280,haar-residual-d12,gain,524288,516733,15,23.92271,0.7205097,,3041280,1626810
superblock,equirect,1280,haar-residual-d12,gain,1048576,1030392,40,26.80389,0.8545601,,8677376,1626810
superblock,equirect,1280,haar-residual-d12,gain,1626810,1626810,74,29.91803,0.9483605,,17459200,1626810
superblock,equirect,1280,haar-residual-d12,view,8192,0,0,,,,0,1626810
superblock,equirect,1280,haar-residual-d12,view,16384,0,0,,,,0,1626810
superblock,equirect,1280,haar-residual-d12,view,32768,25958,1,18.88818,0.2792831,18.95592,51200,1626810
superblock,equirect,1280,haar-residual-d12,view,65536,28067,1.166667,19.00252,0.2889622,18.95592,58026.67,1626810
superblock,equirect,1280,haar-residual-d12,view,131072,110649.5,3.416667,21.30519,0.490586,19.97721,402090.7,1626810
superblock,equirect,1280,haar-residual-d12,view,262144,244854.3,7.166667,23.51249,0.6785273,20.63926,1229483,1626810
superblock,equirect,1280,haar-residual-d12,view,524288,511567.2,19.33333,28.41943,0.910487,20.76144,4221611,1626810
superblock,equirect,1280,haar-residual-d12,view,1048576,1040174,42.58333,29.91803,0.9483605,24.88431,9245355,1626810
superblock,equirect,1280,haar-residual-d12,view,1626810,1626810,74,29.91803,0.9483605,29.60381,17459200,1626810
superblock,equirect,1280,haar-residual-d12-p0.5,level,8192,0,0,,,,0,1461692
superblock,equirect,1280,haar-residual-d12-p0.5,level,16384,16302,1,18.86379,0.2790678,,51200,1461692
superblock,equirect,1280,haar-residual-d12-p0.5,level,32768,16302,1,18.86379,0.2790678,,51200,1461692
superblock,equirect,1280,haar-residual-d12-p0.5,level,65536,53029,3,20.07999,0.3742664,,256000,1461692
superblock,equirect,1280,haar-residual-d12-p0.5,level,131072,126566,5,21.47291,0.5149189,,780288,1461692
superblock,equirect,1280,haar-residual-d12-p0.5,level,262144,243101,11,22.49623,0.6096886,,1599488,1461692
superblock,equirect,1280,haar-residual-d12-p0.5,level,524288,519857,23,24.67843,0.7907209,,4220928,1461692
superblock,equirect,1280,haar-residual-d12-p0.5,level,1048576,1044356,52,27.29373,0.874561,,11692032,1461692
superblock,equirect,1280,haar-residual-d12-p0.5,level,1461692,1461692,74,28.6849,0.9422425,,17459200,1461692
superblock,equirect,1280,haar-residual-d12-p0.5,gain,8192,0,0,,,,0,1461692
superblock,equirect,1280,haar-residual-d12-p0.5,gain,16384,16302,1,18.86379,0.2790678,,51200,1461692
superblock,equirect,1280,haar-residual-d12-p0.5,gain,32768,16302,1,18.86379,0.2790678,,51200,1461692
superblock,equirect,1280,haar-residual-d12-p0.5,gain,65536,53029,3,20.07999,0.3742664,,256000,1461692
superblock,equirect,1280,haar-residual-d12-p0.5,gain,131072,114427,5,20.98896,0.4786389,,649216,1461692
superblock,equirect,1280,haar-residual-d12-p0.5,gain,262144,249285,9,22.33831,0.5978859,,1697792,1461692
superblock,equirect,1280,haar-residual-d12-p0.5,gain,524288,505844,21,24.61493,0.7786933,,4089856,1461692
superblock,equirect,1280,haar-residual-d12-p0.5,gain,1048576,1032788,49,26.86451,0.8878156,,10905600,1461692
superblock,equirect,1280,haar-residual-d12-p0.5,gain,1461692,1461692,74,28.6849,0.9422425,,17459200,1461692
superblock,equirect,1280,haar-residual-d12-p0.5,view,8192,0,0,,,,0,1461692
superblock,equirect,1280,haar-residual-d12-p0.5,view,16384,16302,1,18.86379,0.2790678,18.93239,51200,1461692
superblock,equirect,1280,haar-residual-d12-p0.5,view,32768,17689.33,1.166667,18.97386,0.2887013,18.93239,58026.67,1461692
superblock,equirect,1280,haar-residual-d12-p0.5,view,65536,49661.25,2.583333,20.10895,0.3793879,19.92341,240981.3,1461692
superblock,equirect,1280,haar-residual-d12-p0.5,view,131072,115346.9,4.916667,21.95537,0.5740985,20.26655,727040,1461692
superblock,equirect,1280,haar-residual-d12-p0.5,view,262144,247940.3,10.58333,24.74569,0.7848948,20.55644,2015915,1461692
superblock,equirect,1280,haar-residual-d12-p0.5,view,524288,509841.4,24.83333,28.15347,0.9272241,21.45281,5302272,1461692
superblock,equirect,1280,haar-residual-d12-p0.5,view,1048576,1041576,51.5,28.6849,0.9422425,25.36295,11560960,1461692
superblock,equirect,1280,haar-residual-d12-p0.5,view,1461692,1461692,74,28.6849,0.9422425,28.40342,17459200,1461692
superblock,equirect,1280,jpeg-residual-q80,level,8192,4397,1,18.32753,0.2713108,,51200,1137877
superblock,equirect,1280,jpeg-residual-q80,level,16384,15475,2,19.29924,0.3423144,,215040,1137877
superblock,equirect,1280,jpeg-residual-q80,level,32768,18662,3,19.47591,0.3575109,,256000,1137877
superblock,equirect,1280,jpeg-residual-q80,level,65536,64327,6,20.95805,0.5220014,,911360,1137877
superblock,equirect,1280,jpeg-residual-q80,level,131072,119009,11,21.64002,0.5871432,,1599488,1137877
superblock,equirect,1280,jpeg-residual-q80,level,262144,258523,19,23.48628,0.7517051,,3696640,1137877
superblock,equirect,1280,jpeg-residual-q80,level,524288,522602,36,24.83153,0.8151948,,7497728,1137877
superblock,equirect,1280,jpeg-residual-q80,level,1048576,1047650,69,28.00895,0.9338517,,16148480,1137877
superblock,equirect,1280,jpeg-residual-q80,level,1137877,1137877,74,28.34662,0.9429214,,17459200,1137877
superblock,equirect,1280,jpeg-residual-q80,gain,8192,4397,1,18.32753,0.2713108,,51200,1137877
superblock,equirect,1280,jpeg-residual-q80,gain,16384,15475,2,19.29924,0.3423144,,215040,1137877
superblock,equirect,1280,jpeg-residual-q80,gain,32768,18662,3,19.47591,0.3575109,,256000,1137877
superblock,equirect,1280,jpeg-residual-q80,gain,65536,64327,6,20.95805,0.5220014,,911360,1137877
superblock,equirect,1280,jpeg-residual-q80,gain,131072,130559,10,21.56855,0.5838795,,1763328,1137877
superblock,equirect,1280,jpeg-residual-q80,gain,262144,258523,19,23.48628,0.7517051,,3696640,1137877
superblock,equirect,1280,jpeg-residual-q80,gain,524288,517847,35,24.82877,0.8215258,,7235584,1137877
superblock,equirect,1280,jpeg-residual-q80,gain,1048576,1035089,68,28.00486,0.9310234,,15886336,1137877
superblock,equirect,1280,jpeg-residual-q80,gain,1137877,1137877,74,28.34662,0.9429214,,17459200,1137877
superblock,equirect,1280,jpeg-residual-q80,view,8192,4928.167,1.166667,18.4359,0.2795171,18.46204,58026.67,1137877
superblock,equirect,1280,jpeg-residual-q80,view,16384,14159.83,2,19.35366,0.346944,19.09706,194560,1137877
superblock,equirect,1280,jpeg-residual-q80,view,32768,23961.42,3.166667,20.14027,0.4242817,19.3973,336554.7,1137877
superblock,equirect,1280,jpeg-residual-q80,view,65536,57510.42,5.416667,21.39606,0.5754112,19.81365,825344,1137877
superblock,equirect,1280,jpeg-residual-q80,view,131072,123223.8,9.75,23.57152,0.7562686,19.96085,1797461,1137877
superblock,equirect,1280,jpeg-residual-q80,view,262144,253345.7,17.91667,26.69978,0.8968228,19.97592,3898027,1137877
superblock,equirect,1280,jpeg-residual-q80,view,524288,514695.8,36.41667,28.31583,0.9421439,22.96456,7759872,1137877
superblock,equirect,1280,jpeg-residual-q80,view,1048576,1045152,68.75,28.34662,0.9429214,27.49808,16082944,1137877
superblock,equirect,1280,jpeg-residual-q80,view,1137877,1137877,74,28.34662,0.9429214,28.17364,17459200,1137877
superblock,equirect,1280,jpeg-replacement-q80,level,8192,4397,1,18.32753,0.2713108,,51200,1383323
superblock,equirect,1280,jpeg-replacement-q80,level,16384,4397,1,18.32753,0.2713108,,51200,1383323
superblock,equirect,1280,jpeg-replacement-q80,level,32768,21479,3,19.47385,0.3577787,,256000,1383323
superblock,equirect,1280,jpeg-replacement-q80,level,65536,64297,5,20.7229,0.4931852,,780288,1383323
superblock,equirect,1280,jpeg-replacement-q80,level,131072,118240,10,21.33366,0.5645259,,1337344,1383323
superblock,equirect,1280,jpeg-replacement-q80,level,262144,246775,16,22.65342,0.6836975,,2910208,1383323
superblock,equirect,1280,jpeg-replacement-q80,level,524288,516717,31,24.28323,0.7997904,,6187008,1383323
superblock,equirect,1280,jpeg-replacement-q80,level,1048576,1043600,58,27.15722,0.8962393,,13264896,1383323
superblock,equirect,1280,jpeg-replacement-q80,level,1383323,1383323,74,28.29405,0.9430203,,17459200,1383323
superblock,equirect,1280,jpeg-replacement-q80,gain,8192,4397,1,18.32753,0.2713108,,51200,1383323
superblock,equirect,1280,jpeg-replacement-q80,gain,16384,4397,1,18.32753,0.2713108,,51200,1383323
superblock,equirect,1280,jpeg-replacement-q80,gain,32768,21479,3,19.47385,0.3577787,,256000,1383323
superblock,equirect,1280,jpeg-replacement-q80,gain,65536,56331,5,20.27142,0.4572072,,649216,1383323
superblock,equirect,1280,jpeg-replacement-q80,gain,131072,129295,8,21.3453,0.5575252,,1435648,1383323
superblock,equirect,1280,jpeg-replacement-q80,gain,262144,244065,15,22.63143,0.6852525,,2844672,1383323
superblock,equirect,1280,jpeg-replacement-q80,gain,524288,514648,29,24.27009,0.7946283,,5793792,1383323
superblock,equirect,1280,jpeg-replacement-q80,gain,1048576,1047531,58,26.94961,0.9061443,,13264896,1383323
superblock,equirect,1280,jpeg-replacement-q80,gain,1383323,1383323,74,28.29405,0.9430203,,17459200,1383323
superblock,equirect,1280,jpeg-replacement-q80,view,8192,5028.833,1.166667,18.43606,0.2795091,18.46204,58026.67,1383323
superblock,equirect,1280,jpeg-replacement-q80,view,16384,5028.833,1.166667,18.43606,0.2795091,18.46204,58026.67,1383323
superblock,equirect,1280,jpeg-replacement-q80,view,32768,20057.08,2.583333,19.50165,0.3627317,19.39258,240981.3,1383323
superblock,equirect,1280,jpeg-replacement-q80,view,65536,59502.42,4.916667,21.18111,0.5516681,19.70393,727040,1383323
superblock,equirect,1280,jpeg-replacement-q80,view,131072,120575.5,8.25,22.99906,0.715634,19.95502,1458859,1383323
superblock,equirect,1280,jpeg-replacement-q80,view,262144,251497.3,15.08333,25.73009,0.8651257,19.95502,3173717,1383323
superblock,equirect,1280,jpeg-replacement-q80,view,524288,513082.1,29.83333,28.12143,0.9379627,22.04336,6443691,1383323
superblock,equirect,1280,jpeg-replacement-q80,view,1048576,1039052,57.41667,28.29405,0.9430203,25.81871,13111980,1383323
superblock,equirect,1280,jpeg-replacement-q80,view,1383323,1383323,74,28.29405,0.9430203,28.13377,17459200,1383323
superblock,equirect,1280,jpeg-replacement-q80,view-direct,8192,4397,1,18.32753,0.2713108,18.46204,51200,1383323
superblock,equirect,1280,jpeg-replacement-q80,view-direct,16384,4909.75,1.083333,18.34277,0.2730245,18.46204,73045.33,1383323
superblock,equirect,1280,jpeg-replacement-q80,view-direct,32768,24102.75,2.083333,19.03846,0.3756782,18.46204,335189.3,1383323
superblock,equirect,1280,jpeg-replacement-q80,view-direct,65536,52936.08,3.75,20.49743,0.5103219,18.46204,772096,1383323
superblock,equirect,1280,jpeg-replacement-q80,view-direct,131072,116533.3,6.916667,23.01694,0.7063718,18.46204,1602219,1383323
superblock,equirect,1280,jpeg-replacement-q80,view-direct,262144,254595.3,14.25,27.07455,0.9091522,19.43398,3353941,1383323
superblock,equirect,1280,jpeg-replacement-q80,view-direct,524288,512073.2,29.75,28.29405,0.9430203,22.50786,6460075,1383323
superblock,equirect,1280,jpeg-replacement-q80,view-direct,1048576,1039052,57.41667,28.29405,0.9430203,25.81871,13111980,1383323
superblock,equirect,1280,jpeg-replacement-q80,view-direct,1383323,1383323,74,28.29405,0.9430203,28.13377,17459200,1383323
superblock,equirect,1280,webp-replacement-q80,level,8192,4266,1,18.44862,0.2762114,,51200,1351940
superblock,equirect,1280,webp-replacement-q80,level,16384,4266,1,18.44862,0.2762114,,51200,1351940
superblock,equirect,1280,webp-replacement-q80,level,32768,21380,3,19.62141,0.3680461,,256000,1351940
superblock,equirect,1280,webp-replacement-q80,level,65536,63850,5,20.89805,0.5047568,,780288,1351940
superblock,equirect,1280,webp-replacement-q80,level,131072,119294,10,21.53386,0.5765556,,1337344,1351940
superblock,equirect,1280,webp-replacement-q80,level,262144,245428,16,22.91536,0.6937126,,2910208,1351940
superblock,equirect,1280,webp-replacement-q80,level,524288,505338,31,24.61848,0.807675,,6187008,1351940
superblock,equirect,1280,webp-replacement-q80,level,1048576,1047442,60,27.86294,0.9070803,,13789184,1351940
superblock,equirect,1280,webp-replacement-q80,level,1351940,1351940,74,28.82852,0.9447243,,17459200,1351940
superblock,equirect,1280,webp-replacement-q80,gain,8192,4266,1,18.44862,0.2762114,,51200,1351940
superblock,equirect,1280,webp-replacement-q80,gain,16384,4266,1,18.44862,0.2762114,,51200,1351940
superblock,equirect,1280,webp-replacement-q80,gain,32768,21380,3,19.62141,0.3680461,,256000,1351940
superblock,equirect,1280,webp-replacement-q80,gain,65536,63850,5,20.89805,0.5047568,,780288,1351940
superblock,equirect,1280,webp-replacement-q80,gain,131072,113332,9,21.48901,0.5696497,,1271808,1351940
superblock,equirect,1280,webp-replacement-q80,gain,262144,244992,15,22.89406,0.6956911,,2844672,1351940
superblock,equirect,1280,webp-replacement-q80,gain,524288,517186,29,24.61156,0.8028897,,5793792,1351940
superblock,equirect,1280,webp-replacement-q80,gain,1048576,1042418,59,27.53699,0.9116063,,13527040,1351940
superblock,equirect,1280,webp-replacement-q80,gain,1351940,1351940,74,28.82852,0.9447243,,17459200,1351940
superblock,equirect,1280,webp-replacement-q80,view,8192,4894.667,1.166667,18.56035,0.285394,18.57811,58026.67,1351940
superblock,equirect,1280,webp-replacement-q80,view,16384,4894.667,1.166667,18.56035,0.285394,18.57811,58026.67,1351940
superblock,equirect,1280,webp-replacement-q80,view,32768,19975.5,2.583333,19.64977,0.3730452,19.5245,240981.3,1351940
superblock,equirect,1280,webp-replacement-q80,view,65536,59074.67,4.916667,21.37214,0.5633456,19.84223,727040,1351940
superblock,equirect,1280,webp-replacement-q80,view,131072,121016.8,8.333333,23.31786,0.726109,20.09968,1480704,1351940
superblock,equirect,1280,webp-replacement-q80,view,262144,251499.5,15.33333,26.23535,0.8715031,20.09968,3239253,1351940
superblock,equirect,1280,webp-replacement-q80,view,524288,514852.3,30.66667,28.66268,0.9401832,22.3729,6629376,1351940
superblock,equirect,1280,webp-replacement-q80,view,1048576,1045740,59.33333,28.82852,0.9447243,26.36604,13614420,1351940
superblock,equirect,1280,webp-replacement-q80,view,1351940,1351940,74,28.82852,0.9447243,28.66976,17459200,1351940
superblock,equirect,1280,webp-replacement-q80,view-direct,8192,4266,1,18.44862,0.2762114,18.57811,51200,1351940
superblock,equirect,1280,webp-replacement-q80,view-direct,16384,5097.5,1.166667,18.48054,0.279855,18.57811,94890.67,1351940
superblock,equirect,1280,webp-replacement-q80,view-direct,32768,22992.17,2.166667,19.41081,0.3843195,18.57811,357034.7,1351940
superblock,equirect,1280,webp-replacement-q80,view-direct,65536,51733.83,3.916667,20.77833,0.5182735,18.57811,815786.7,1351940
superblock,equirect,1280,webp-replacement-q80,view-direct,131072,117350.3,7.333333,23.49135,0.7214634,18.57811,1711445,1351940
superblock,equirect,1280,webp-replacement-q80,view-direct,262144,251887.5,15.16667,27.80964,0.9180785,19.61898,3479552,1351940
superblock,equirect,1280,webp-replacement-q80,view-direct,524288,515693.3,30.58333,28.82852,0.9447243,22.7821,6645760,1351940
superblock,equirect,1280,webp-replacement-q80,view-direct,1048576,1045740,59.33333,28.82852,0.9447243,26.36604,13614420,1351940
superblock,equirect,1280,webp-replacement-q80,view-direct,1351940,1351940,74,28.82852,0.9447243,28.66976,17459200,1351940
superblock,equirect,1280,jpeg-replacement-q80-whole,level,8192,4397,1,18.32753,0.2713108,,51200,1363287
superblock,equirect,1280,jpeg-replacement-q80-whole,level,16384,4397,1,18.32753,0.2713108,,51200,1363287
superblock,equirect,1280,jpeg-replacement-q80-whole,level,32768,21136,2,19.47398,0.3577783,,256000,1363287
superblock,equirect,1280,jpeg-replacement-q80-whole,level,65536,21136,2,19.47398,0.3577783,,256000,1363287
superblock,equirect,1280,jpeg-replacement-q80-whole,level,131072,88859,3,21.08626,0.5430839,,1075200,1363287
superblock,equirect,1280,jpeg-replacement-q80-whole,level,262144,88859,3,21.08626,0.5430839,,1075200,1363287
superblock,equirect,1280,jpeg-replacement-q80-whole,level,524288,361312,4,23.75859,0.7807997,,4352000,1363287
superblock,equirect,1280,jpeg-replacement-q80-whole,level,1048576,361312,4,23.75859,0.7807997,,4352000,1363287
superblock,equirect,1280,jpeg-replacement-q80-whole,level,1363287,1363287,5,28.29572,0.9430226,,17459200,1363287
superblock,equirect,1280,jpeg-replacement-q80-whole,gain,8192,4397,1,18.32753,0.2713108,,51200,1363287
superblock,equirect,1280,jpeg-replacement-q80-whole,gain,16384,4397,1,18.32753,0.2713108,,51200,1363287
superblock,equirect,1280,jpeg-replacement-q80-whole,gain,32768,21136,2,19.47398,0.3577783,,256000,1363287
superblock,equirect,1280,jpeg-replacement-q80-whole,gain,65536,21136,2,19.47398,0.3577783,,256000,1363287
superblock,equirect,1280,jpeg-replacement-q80-whole,gain,131072,88859,3,21.08626,0.5430839,,1075200,1363287
superblock,equirect,1280,jpeg-replacement-q80-whole,gain,262144,88859,3,21.08626,0.5430839,,1075200,1363287
superblock,equirect,1280,jpeg-replacement-q80-whole,gain,524288,361312,4,23.75859,0.7807997,,4352000,1363287
superblock,equirect,1280,jpeg-replacement-q80-whole,gain,1048576,361312,4,23.75859,0.7807997,,4352000,1363287
superblock,equirect,1280,jpeg-replacement-q80-whole,gain,1363287,1363287,5,28.29572,0.9430226,,17459200,1363287
superblock,equirect,1280,jpeg-replacement-q80-whole,view,8192,4397,1,18.32753,0.2713108,18.46204,51200,1363287
superblock,equirect,1280,jpeg-replacement-q80-whole,view,16384,4397,1,18.32753,0.2713108,18.46204,51200,1363287
superblock,equirect,1280,jpeg-replacement-q80-whole,view,32768,21136,2,19.47398,0.3577783,19.52063,256000,1363287
superblock,equirect,1280,jpeg-replacement-q80-whole,view,65536,21136,2,19.47398,0.3577783,19.52063,256000,1363287
superblock,equirect,1280,jpeg-replacement-q80-whole,view,131072,88859,3,21.08626,0.5430839,21.05624,1075200,1363287
superblock,equirect,1280,jpeg-replacement-q80-whole,view,262144,88859,3,21.08626,0.5430839,21.05624,1075200,1363287
superblock,equirect,1280,jpeg-replacement-q80-whole,view,524288,361312,4,23.75859,0.7807997,23.65252,4352000,1363287
superblock,equirect,1280,jpeg-replacement-q80-whole,view,1048576,361312,4,23.75859,0.7807997,23.65252,4352000,1363287
superblock,equirect,1280,jpeg-replacement-q80-whole,view,1363287,1363287,5,28.29572,0.9430226,28.13528,17459200,1363287
superblock,equirect,1280,jpeg-replacement-q80-whole,view-direct,8192,4397,1,18.32753,0.2713108,18.46204,51200,1363287
superblock,equirect,1280,jpeg-replacement-q80-whole,view-direct,16384,4397,1,18.32753,0.2713108,18.46204,51200,1363287
superblock,equirect,1280,jpeg-replacement-q80-whole,view-direct,32768,4397,1,18.32753,0.2713108,18.46204,51200,1363287
superblock,equirect,1280,jpeg-replacement-q80-whole,view-direct,65536,4397,1,18.32753,0.2713108,18.46204,51200,1363287
superblock,equirect,1280,jpeg-replacement-q80-whole,view-direct,131072,4397,1,18.32753,0.2713108,18.46204,51200,1363287
superblock,equirect,1280,jpeg-replacement-q80-whole,view-direct,262144,4397,1,18.32753,0.2713108,18.46204,51200,1363287
superblock,equirect,1280,jpeg-replacement-q80-whole,view-direct,524288,4397,1,18.32753,0.2713108,18.46204,51200,1363287
superblock,equirect,1280,jpeg-replacement-q80-whole,view-direct,1048576,1023111,3,28.29572,0.9430226,28.13528,13363200,1363287
superblock,equirect,1280,jpeg-replacement-q80-whole,view-direct,1363287,1363287,5,28.29572,0.9430226,28.13528,17459200,1363287
northrop-mall,cube,768,exact,all,,10616832,,32.58736,0.9617821,,,
northrop-mall,cube,768,exact,coarse,,41472,,21.1469,0.481791,,,
northrop-mall,cube,768,haar-residual-d12,level,8192,0,0,,,,0,1416354
northrop-mall,cube,768,haar-residual-d12,level,16384,0,0,,,,0,1416354
northrop-mall,cube,768,haar-residual-d12,level,32768,25357,1,21.1274,0.4817804,,55296,1416354
northrop-mall,cube,768,haar-residual-d12,level,65536,62510,6,22.24506,0.5380624,,239616,1416354
northrop-mall,cube,768,haar-residual-d12,level,131072,112934,9,22.89228,0.5947983,,571392,1416354
northrop-mall,cube,768,haar-residual-d12,level,262144,255321,17,24.3677,0.7090671,,1751040,1416354
northrop-mall,cube,768,haar-residual-d12,level,524288,508548,34,26.59529,0.8201053,,4372480,1416354
northrop-mall,cube,768,haar-residual-d12,level,1048576,1039109,68,29.43705,0.9056012,,12826624,1416354
northrop-mall,cube,768,haar-residual-d12,level,1416354,1416354,91,31.25067,0.953283,,18855936,1416354
northrop-mall,cube,768,haar-residual-d12,gain,8192,0,0,,,,0,1416354
northrop-mall,cube,768,haar-residual-d12,gain,16384,0,0,,,,0,1416354
northrop-mall,cube,768,haar-residual-d12,gain,32768,25357,1,21.1274,0.4817804,,55296,1416354
northrop-mall,cube,768,haar-residual-d12,gain,65536,60039,5,22.05061,0.5366543,,202752,1416354
northrop-mall,cube,768,haar-residual-d12,gain,131072,119262,8,22.93022,0.6105329,,534528,1416354
northrop-mall,cube,768,haar-residual-d12,gain,262144,258610,15,24.77,0.7164182,,1685504,1416354
northrop-mall,cube,768,haar-residual-d12,gain,524288,512029,29,26.69738,0.8196375,,4241408,1416354
northrop-mall,cube,768,haar-residual-d12,gain,1048576,1023388,59,29.53591,0.9150398,,10598400,1416354
northrop-mall,cube,768,haar-residual-d12,gain,1416354,1416354,91,31.25067,0.953283,,18855936,1416354
northrop-mall,cube,768,haar-residual-d12,view,8192,0,0,,,,0,1416354
northrop-mall,cube,768,haar-residual-d12,view,16384,0,0,,,,0,1416354
northrop-mall,cube,768,haar-residual-d12,view,32768,28096.17,1.583333,21.54511,0.4925452,20.0273,86016,1416354
northrop-mall,cube,768,haar-residual-d12,view,65536,53295.75,5.333333,22.77452,0.5719916,20.02844,457728,1416354
northrop-mall,cube,768,haar-residual-d12,view,131072,113135.2,8.666667,24.74855,0.7204604,20.08508,956074.7,1416354
northrop-mall,cube,768,haar-residual-d12,view,262144,254888.2,19.16667,28.81697,0.8701206,20.23867,3046741,1416354
northrop-mall,cube,768,haar-residual-d12,view,524288,511138.9,34.75,31.18383,0.9519106,22.30506,5714603,1416354
northrop-mall,cube,768,haar-residual-d12,view,1048576,1035433,69.41667,31.25067,0.953283,27.08404,13197990,1416354
northrop-mall,cube,768,haar-residual-d12,view,1416354,1416354,91,31.25067,0.953283,29.85328,18855936,1416354
northrop-mall,cube,768,haar-residual-d12-p0.5,level,8192,0,0,,,,0,1293798
northrop-mall,cube,768,haar-residual-d12-p0.5,level,16384,14487,1,20.86837,0.481326,,55296,1293798
northrop-mall,cube,768,haar-residual-d12-p0.5,level,32768,30355,4,21.62123,0.5251848,,165888,1293798
northrop-mall,cube,768,haar-residual-d12-p0.5,level,65536,59091,8,22.1787,0.5704216,,423936,1293798
northrop-mall,cube,768,haar-residual-d12-p0.5,level,131072,116694,12,23.41557,0.6518535,,1013760,1293798
northrop-mall,cube,768,haar-residual-d12-p0.5,level,262144,251043,22,24.78717,0.7477692,,2603008,1293798
northrop-mall,cube,768,haar-residual-d12-p0.5,level,524288,521234,44,26.38237,0.8485053,,6535168,1293798
northrop-mall,cube,768,haar-residual-d12-p0.5,level,1048576,1033284,82,29.00544,0.9092159,,16496640,1293798
northrop-mall,cube,768,haar-residual-d12-p0.5,level,1293798,1293798,91,29.94436,0.9467747,,18855936,1293798
northrop-mall,cube,768,haar-residual-d12-p0.5,gain,8192,0,0,,,,0,1293798
northrop-mall,cube,768,haar-residual-d12-p0.5,gain,16384,14487,1,20.86837,0.481326,,55296,1293798
northrop-mall,cube,768,haar-residual-d12-p0.5,gain,32768,32413,4,21.57002,0.5260554,,165888,1293798
northrop-mall,cube,768,haar-residual-d12-p0.5,gain,65536,44253,7,21.99445,0.5505702,,276480,1293798
northrop-mall,cube,768,haar-residual-d12-p0.5,gain,131072,114302,11,23.27332,0.6505256,,866304,1293798
northrop-mall,cube,768,haar-residual-d12-p0.5,gain,262144,226250,18,24.80284,0.7401322,,2340864,1293798
northrop-mall,cube,768,haar-residual-d12-p0.5,gain,524288,514200,37,27.00835,0.8544793,,5421056,1293798
northrop-mall,cube,768,haar-residual-d12-p0.5,gain,1048576,1028780,67,29.21468,0.9236103,,12695552,1293798
northrop-mall,cube,768,haar-residual-d12-p0.5,gain,1293798,1293798,91,29.94436,0.9467747,,18855936,1293798
northrop-mall,cube,768,haar-residual-d12-p0.5,view,8192,0,0,,,,0,1293798
northrop-mall,cube,768,haar-residual-d12-p0.5,view,16384,14740.25,1.25,20.94246,0.4816206,19.77886,64512,1293798
northrop-mall,cube,768,haar-residual-d12-p0.5,view,32768,27995.08,4.5,22.09611,0.5511145,19.77959,323925.3,1293798
northrop-mall,cube,768,haar-residual-d12-p0.5,view,65536,51461.17,6.666667,23.26189,0.6466297,19.77995,626688,1293798
northrop-mall,cube,768,haar-residual-d12-p0.5,view,131072,122254.1,12.66667,25.58256,0.7793693,19.8356,1711104,1293798
northrop-mall,cube,768,haar-residual-d12-p0.5,view,262144,253075,23.08333,28.48284,0.8899185,20.29564,3766613,1293798
northrop-mall,cube,768,haar-residual-d12-p0.5,view,524288,514453,40.83333,29.93737,0.9466389,23.25871,6739627,1293798
northrop-mall,cube,768,haar-residual-d12-p0.5,view,1048576,1033544,77.58333,29.94436,0.9467747,27.16525,15338840,1293798
northrop-mall,cube,768,haar-residual-d12-p0.5,view,1293798,1293798,91,29.94436,0.9467747,28.71074,18855936,1293798
northrop-mall,cube,768,jpeg-residual-q80,level,8192,7008,2,20.42009,0.4877014,,92160,1082401
northrop-mall,cube,768,jpeg-residual-q80,level,16384,15528,5,21.18342,0.527292,,202752,1082401
northrop-mall,cube,768,jpeg-residual-q80,level,32768,28027,8,21.80975,0.5614487,,423936,1082401
northrop-mall,cube,768,jpeg-residual-q80,level,65536,60455,12,23.18786,0.6424907,,1013760,1082401
northrop-mall,cube,768,jpeg-residual-q80,level,131072,121028,19,23.94605,0.7105276,,2144256,1082401
northrop-mall,cube,768,jpeg-residual-q80,level,262144,257344,34,25.81963,0.8099797,,4372480,1082401
northrop-mall,cube,768,jpeg-residual-q80,level,524288,518578,55,27.06013,0.8697471,,9418752,1082401
northrop-mall,cube,768,jpeg-residual-q80,level,1048576,1033007,89,30.24422,0.943002,,18331648,1082401
northrop-mall,cube,768,jpeg-residual-q80,level,1082401,1082401,91,30.54203,0.9517865,,18855936,1082401
northrop-mall,cube,768,jpeg-residual-q80,gain,8192,7670,2,20.63052,0.4973004,,92160,1082401
northrop-mall,cube,768,jpeg-residual-q80,gain,16384,15528,5,21.18342,0.527292,,202752,1082401
northrop-mall,cube,768,jpeg-residual-q80,gain,32768,31226,8,22.14502,0.5801836,,423936,1082401
northrop-mall,cube,768,jpeg-residual-q80,gain,65536,58303,11,22.85214,0.6398166,,866304,1082401
northrop-mall,cube,768,jpeg-residual-q80,gain,131072,117188,16,24.09053,0.7108844,,1947648,1082401
northrop-mall,cube,768,jpeg-residual-q80,gain,262144,253563,29,25.79586,0.8189949,,3848192,1082401
northrop-mall,cube,768,jpeg-residual-q80,gain,524288,511317,47,27.62179,0.8839645,,7452672,1082401
northrop-mall,cube,768,jpeg-residual-q80,gain,1048576,1039718,79,30.37023,0.9494278,,15841280,1082401
northrop-mall,cube,768,jpeg-residual-q80,gain,1082401,1082401,91,30.54203,0.9517865,,18855936,1082401
northrop-mall,cube,768,jpeg-residual-q80,view,8192,7229.917,2.25,21.39863,0.5207198,19.2377,110592,1082401
northrop-mall,cube,768,jpeg-residual-q80,view,16384,12624.33,4.416667,22.08868,0.5437111,19.23974,245760,1082401
northrop-mall,cube,768,jpeg-residual-q80,view,32768,25236.75,6.083333,23.38433,0.6438903,19.23974,539306.7,1082401
northrop-mall,cube,768,jpeg-residual-q80,view,65536,58948.33,10.33333,24.94745,0.7466203,19.28907,1238699,1082401
northrop-mall,cube,768,jpeg-residual-q80,view,131072,125738.5,17.66667,27.62788,0.8576217,19.37307,2707797,1082401
northrop-mall,cube,768,jpeg-residual-q80,view,262144,253235.3,29.08333,29.98508,0.9333234,20.35131,4825771,1082401
northrop-mall,cube,768,jpeg-residual-q80,view,524288,515411.2,54.08333,30.54203,0.9517865,25.04876,9358677,1082401
northrop-mall,cube,768,jpeg-residual-q80,view,1048576,1033457,88.33333,30.54203,0.9517865,28.42565,18156890,1082401
northrop-mall,cube,768,jpeg-residual-q80,view,1082401,1082401,91,30.54203,0.9517865,29.16549,18855936,1082401
northrop-mall,cube,768,jpeg-replacement-q80,level,8192,7477,2,20.41966,0.4878082,,92160,1298191
northrop-mall,cube,768,jpeg-replacement-q80,level,16384,14058,4,21.01973,0.5174719,,165888,1298191
northrop-mall,cube,768,jpeg-replacement-q80,level,32768,32592,8,21.83611,0.56123,,423936,1298191
northrop-mall,cube,768,jpeg-replacement-q80,level,65536,56054,10,22.67661,0.6214246,,718848,1298191
northrop-mall,cube,768,jpeg-replacement-q80,level,131072,126421,17,23.66206,0.6966586,,1751040,1298191
northrop-mall,cube,768,jpeg-replacement-q80,level,262144,262034,28,25.17633,0.7825563,,3454976,1298191
northrop-mall,cube,768,jpeg-replacement-q80,level,524288,519935,50,26.57475,0.8558298,,8108032,1298191
northrop-mall,cube,768,jpeg-replacement-q80,level,1048576,1037521,82,29.60717,0.9134937,,16496640,1298191
northrop-mall,cube,768,jpeg-replacement-q80,level,1298191,1298191,91,30.56779,0.9520246,,18855936,1298191
northrop-mall,cube,768,jpeg-replacement-q80,gain,8192,4461,1,20.26185,0.4765571,,55296,1298191
northrop-mall,cube,768,jpeg-replacement-q80,gain,16384,14883,4,20.94793,0.5182392,,165888,1298191
northrop-mall,cube,768,jpeg-replacement-q80,gain,32768,22288,7,21.65401,0.5417408,,276480,1298191
northrop-mall,cube,768,jpeg-replacement-q80,gain,65536,59615,10,22.5568,0.6183592,,718848,1298191
northrop-mall,cube,768,jpeg-replacement-q80,gain,131072,127565,15,24.00367,0.7039138,,1685504,1298191
northrop-mall,cube,768,jpeg-replacement-q80,gain,262144,253515,24,25.24101,0.7902386,,3258368,1298191
northrop-mall,cube,768,jpeg-replacement-q80,gain,524288,498461,42,27.16304,0.8672833,,6141952,1298191
northrop-mall,cube,768,jpeg-replacement-q80,gain,1048576,1033487,67,29.65674,0.9293638,,12695552,1298191
northrop-mall,cube,768,jpeg-replacement-q80,gain,1298191,1298191,91,30.56779,0.9520246,,18855936,1298191
northrop-mall,cube,768,jpeg-replacement-q80,view,8192,6280.25,1.75,20.98541,0.5012642,19.2377,82944,1298191
northrop-mall,cube,768,jpeg-replacement-q80,view,16384,13594.33,4.166667,21.98977,0.5436482,19.23924,226304,1298191
northrop-mall,cube,768,jpeg-replacement-q80,view,32768,26482.25,5.833333,23.2021,0.6378635,19.23978,492885.3,1298191
northrop-mall,cube,768,jpeg-replacement-q80,view,65536,57212.42,9.083333,24.31607,0.7145869,19.28907,1017515,1298191
northrop-mall,cube,768,jpeg-replacement-q80,view,131072,122278.3,15.5,26.57342,0.8330947,19.37264,2238123,1298191
northrop-mall,cube,768,jpeg-replacement-q80,view,262144,252440.1,25.25,29.49295,0.9144558,19.90461,4187477,1298191
northrop-mall,cube,768,jpeg-replacement-q80,view,524288,517122,45.75,30.56779,0.9520246,23.65556,7621973,1298191
northrop-mall,cube,768,jpeg-replacement-q80,view,1048576,1037766,78.16667,30.56779,0.9520246,27.43958,15491750,1298191
northrop-mall,cube,768,jpeg-replacement-q80,view,1298191,1298191,91,30.56779,0.9520246,29.18617,18855936,1298191
northrop-mall,cube,768,jpeg-replacement-q80,view-direct,8192,5156.917,1.333333,20.28545,0.4767566,19.2377,142677.3,1298191
northrop-mall,cube,768,jpeg-replacement-q80,view-direct,16384,7422.417,1.833333,20.64489,0.4814536,19.2377,273749.3,1298191
northrop-mall,cube,768,jpeg-replacement-q80,view-direct,32768,19846.42,3.666667,21.69932,0.5272206,19.2377,754346.7,1298191
northrop-mall,cube,768,jpeg-replacement-q80,view-direct,65536,60089.58,6.25,24.53567,0.666849,19.28583,1309355,1298191
northrop-mall,cube,768,jpeg-replacement-q80,view-direct,131072,122048.9,11.08333,27.17455,0.8096315,19.46791,2265088,1298191
northrop-mall,cube,768,jpeg-replacement-q80,view-direct,262144,252967,22.41667,30.34007,0.9439943,20.89892,4050261,1298191
northrop-mall,cube,768,jpeg-replacement-q80,view-direct,524288,516491.6,46.33333,30.56779,0.9520246,24.52283,7720277,1298191
northrop-mall,cube,768,jpeg-replacement-q80,view-direct,1048576,1037766,78.16667,30.56779,0.9520246,27.43958,15491750,1298191
northrop-mall,cube,768,jpeg-replacement-q80,view-direct,1298191,1298191,91,30.56779,0.9520246,29.18617,18855936,1298191
northrop-mall,cube,768,webp-replacement-q80,level,8192,6788,2,20.53591,0.4910641,,92160,1225780
northrop-mall,cube,768,webp-replacement-q80,level,16384,16244,5,21.31827,0.5320054,,202752,1225780
northrop-mall,cube,768,webp-replacement-q80,level,32768,29848,8,21.93229,0.5662971,,423936,1225780
northrop-mall,cube,768,webp-replacement-q80,level,65536,64222,11,22.99014,0.6450028,,866304,1225780
northrop-mall,cube,768,webp-replacement-q80,level,131072,125626,18,23.99805,0.7111563,,2013184,1225780
northrop-mall,cube,768,webp-replacement-q80,level,262144,256480,33,25.78092,0.7898013,,4110336,1225780
northrop-mall,cube,768,webp-replacement-q80,level,524288,503892,52,27.12695,0.8642091,,8632320,1225780
northrop-mall,cube,768,webp-replacement-q80,level,1048576,1044164,85,30.09754,0.9243481,,17283072,1225780
northrop-mall,cube,768,webp-replacement-q80,level,1225780,1225780,91,30.85056,0.9517303,,18855936,1225780
northrop-mall,cube,768,webp-replacement-q80,gain,8192,6788,2,20.53591,0.4910641,,92160,1225780
northrop-mall,cube,768,webp-replacement-q80,gain,16384,16244,5,21.31827,0.5320054,,202752,1225780
northrop-mall,cube,768,webp-replacement-q80,gain,32768,20552,7,21.74567,0.5468111,,276480,1225780
northrop-mall,cube,768,webp-replacement-q80,gain,65536,64222,11,22.99014,0.6450028,,866304,1225780
northrop-mall,cube,768,webp-replacement-q80,gain,131072,128072,16,24.24483,0.7146625,,1947648,1225780
northrop-mall,cube,768,webp-replacement-q80,gain,262144,261822,28,25.85984,0.8070455,,3651584,1225780
northrop-mall,cube,768,webp-replacement-q80,gain,524288,517974,45,27.51796,0.8747627,,6928384,1225780
northrop-mall,cube,768,webp-replacement-q80,gain,1048576,1028720,74,30.18456,0.9352486,,14530560,1225780
northrop-mall,cube,768,webp-replacement-q80,gain,1225780,1225780,91,30.85056,0.9517303,,18855936,1225780
northrop-mall,cube,768,webp-replacement-q80,view,8192,7078.167,2.25,21.50122,0.5247476,19.35437,110592,1225780
northrop-mall,cube,768,webp-replacement-q80,view,16384,12755.17,4.666667,22.213,0.5484821,19.35609,330069.3,1225780
northrop-mall,cube,768,webp-replacement-q80,view,32768,25141.17,6.333333,23.36969,0.6421187,19.35666,605184,1225780
northrop-mall,cube,768,webp-replacement-q80,view,65536,58923.83,9.916667,24.84748,0.7336704,19.40865,1178624,1225780
northrop-mall,cube,768,webp-replacement-q80,view,131072,122520.7,16.83333,27.44798,0.8399407,19.49689,2541568,1225780
northrop-mall,cube,768,webp-replacement-q80,view,262144,253714.2,27.08333,29.9137,0.9196161,20.29255,4504235,1225780
northrop-mall,cube,768,webp-replacement-q80,view,524288,517274.8,48.41667,30.85056,0.9517303,23.90046,8217259,1225780
northrop-mall,cube,768,webp-replacement-q80,view,1048576,1043703,82.5,30.85056,0.9517303,27.90866,16627712,1225780
northrop-mall,cube,768,webp-replacement-q80,view,1225780,1225780,91,30.85056,0.9517303,29.49487,18855936,1225780
northrop-mall,cube,768,webp-replacement-q80,view-direct,8192,4725.5,1.666667,20.47722,0.4795653,19.35437,230058.7,1225780
northrop-mall,cube,768,webp-replacement-q80,view-direct,16384,10379.67,2.75,21.44749,0.5063367,19.35437,514048,1225780
northrop-mall,cube,768,webp-replacement-q80,view-direct,32768,18178,4.333333,22.06443,0.5375352,19.35437,872789.3,1225780
northrop-mall,cube,768,webp-replacement-q80,view-direct,65536,53883.33,7,25.03121,0.6636489,19.40552,1440085,1225780
northrop-mall,cube,768,webp-replacement-q80,view-direct,131072,123230.2,12.83333,27.92905,0.827735,19.76746,2541568,1225780
northrop-mall,cube,768,webp-replacement-q80,view-direct,262144,252355.8,24.16667,30.59612,0.943697,21.2274,4313771,1225780
northrop-mall,cube,768,webp-replacement-q80,view-direct,524288,518082.2,49.41667,30.85056,0.9517303,24.93537,8381099,1225780
northrop-mall,cube,768,webp-replacement-q80,view-direct,1048576,1043703,82.5,30.85056,0.9517303,27.90866,16627712,1225780
northrop-mall,cube,768,webp-replacement-q80,view-direct,1225780,1225780,91,30.85056,0.9517303,29.49487,18855936,1225780
northrop-mall,cube,768,jpeg-replacement-q80-whole,level,8192,7477,2,20.41966,0.4878082,,92160,1280439
northrop-mall,cube,768,jpeg-replacement-q80-whole,level,16384,14058,4,21.01973,0.5174719,,165888,1280439
northrop-mall,cube,768,jpeg-replacement-q80-whole,level,32768,32592,8,21.83611,0.56123,,423936,1280439
northrop-mall,cube,768,jpeg-replacement-q80-whole,level,65536,56054,10,22.67661,0.6214246,,718848,1280439
northrop-mall,cube,768,jpeg-replacement-q80-whole,level,131072,125520,14,23.6621,0.6966583,,1751040,1280439
northrop-mall,cube,768,jpeg-replacement-q80-whole,level,262144,214630,16,24.87697,0.7631548,,2930688,1280439
northrop-mall,cube,768,jpeg-replacement-q80-whole,level,524288,480138,20,26.43747,0.8520587,,7059456,1280439
northrop-mall,cube,768,jpeg-replacement-q80-whole,level,1048576,1022448,24,29.6086,0.9134937,,16496640,1280439
northrop-mall,cube,768,jpeg-replacement-q80-whole,level,1280439,1280439,25,30.56942,0.9520243,,18855936,1280439
northrop-mall,cube,768,jpeg-replacement-q80-whole,gain,8192,4461,1,20.26185,0.4765571,,55296,1280439
northrop-mall,cube,768,jpeg-replacement-q80-whole,gain,16384,14883,4,20.94793,0.5182392,,165888,1280439
northrop-mall,cube,768,jpeg-replacement-q80-whole,gain,32768,22288,7,21.65401,0.5417408,,276480,1280439
northrop-mall,cube,768,jpeg-replacement-q80-whole,gain,65536,59615,10,22.5568,0.6183592,,718848,1280439
northrop-mall,cube,768,jpeg-replacement-q80-whole,gain,131072,86769,13,23.42747,0.6754889,,1161216,1280439
northrop-mall,cube,768,jpeg-replacement-q80-whole,gain,262144,255142,16,24.86612,0.7892166,,2930688,1280439
northrop-mall,cube,768,jpeg-replacement-q80-whole,gain,524288,337879,19,26.11026,0.8371879,,4700160,1280439
northrop-mall,cube,768,jpeg-replacement-q80-whole,gain,1048576,976384,22,28.48319,0.9173719,,11778048,1280439
northrop-mall,cube,768,jpeg-replacement-q80-whole,gain,1280439,1280439,25,30.56942,0.9520243,,18855936,1280439
northrop-mall,cube,768,jpeg-replacement-q80-whole,view,8192,6280.25,1.75,20.98541,0.5012642,19.2377,82944,1280439
northrop-mall,cube,768,jpeg-replacement-q80-whole,view,16384,13221.17,4,21.95727,0.5436148,19.23924,193536,1280439
northrop-mall,cube,768,jpeg-replacement-q80-whole,view,32768,25728.67,5.25,23.1684,0.6377901,19.23978,405504,1280439
northrop-mall,cube,768,jpeg-replacement-q80-whole,view,65536,47866.92,7.333333,23.93374,0.6777274,19.28907,924672,1280439
northrop-mall,cube,768,jpeg-replacement-q80-whole,view,131072,98006.42,8.916667,25.47289,0.7891844,19.37264,1637376,1280439
northrop-mall,cube,768,jpeg-replacement-q80-whole,view,262144,180744.8,10.75,26.52979,0.8385592,19.37438,3013632,1280439
northrop-mall,cube,768,jpeg-replacement-q80-whole,view,524288,440609.3,15.41667,29.36926,0.9198004,20.644,6991872,1280439
northrop-mall,cube,768,jpeg-replacement-q80-whole,view,1048576,983761.5,22.91667,30.56942,0.9520243,25.06962,14604288,1280439
northrop-mall,cube,768,jpeg-replacement-q80-whole,view,1280439,1280439,25,30.56942,0.9520243,29.18787,18855936,1280439
northrop-mall,cube,768,jpeg-replacement-q80-whole,view-direct,8192,4461,1,20.26185,0.4765571,19.2377,55296,1280439
northrop-mall,cube,768,jpeg-replacement-q80-whole,view-direct,16384,4461,1,20.26185,0.4765571,19.2377,55296,1280439
northrop-mall,cube,768,jpeg-replacement-q80-whole,view-direct,32768,4461,1,20.26185,0.4765571,19.2377,55296,1280439
northrop-mall,cube,768,jpeg-replacement-q80-whole,view-direct,65536,14153.25,1.833333,21.42047,0.4827414,19.28583,675840,1280439
northrop-mall,cube,768,jpeg-replacement-q80-whole,view-direct,131072,18668,2.25,21.42047,0.4827414,19.36923,737280,1280439
northrop-mall,cube,768,jpeg-replacement-q80-whole,view-direct,262144,175114.3,4.25,25.84357,0.7430217,19.48881,3299328,1280439
northrop-mall,cube,768,jpeg-replacement-q80-whole,view-direct,524288,438646.3,10.91667,29.90627,0.9274827,20.92795,7047168,1280439
northrop-mall,cube,768,jpeg-replacement-q80-whole,view-direct,1048576,983459.4,23.16667,30.56942,0.9520243,25.50287,14678016,1280439
northrop-mall,cube,768,jpeg-replacement-q80-whole,view-direct,1280439,1280439,25,30.56942,0.9520243,29.18787,18855936,1280439
walter-study,cube,768,exact,all,,10616832,,32.06998,0.9623787,,,
walter-study,cube,768,exact,coarse,,41472,,18.37036,0.3437351,,,
walter-study,cube,768,haar-residual-d12,level,8192,0,0,,,,0,1354013
walter-study,cube,768,haar-residual-d12,level,16384,0,0,,,,0,1354013
walter-study,cube,768,haar-residual-d12,level,32768,29982,1,18.36937,0.3437363,,55296,1354013
walter-study,cube,768,haar-residual-d12,level,65536,61774,4,19.30272,0.4001533,,165888,1354013
walter-study,cube,768,haar-residual-d12,level,131072,121662,8,20.71336,0.4936041,,423936,1354013
walter-study,cube,768,haar-residual-d12,level,262144,259225,13,22.88524,0.6568827,,1161216,1354013
walter-study,cube,768,haar-residual-d12,level,524288,521434,30,25.14022,0.7721922,,3782656,1354013
walter-study,cube,768,haar-residual-d12,level,1048576,1048063,72,28.51335,0.8904877,,13875200,1354013
walter-study,cube,768,haar-residual-d12,level,1354013,1354013,91,30.72876,0.9530819,,18855936,1354013
walter-study,cube,768,haar-residual-d12,gain,8192,0,0,,,,0,1354013
walter-study,cube,768,haar-residual-d12,gain,16384,0,0,,,,0,1354013
walter-study,cube,768,haar-residual-d12,gain,32768,29982,1,18.36937,0.3437363,,55296,1354013
walter-study,cube,768,haar-residual-d12,gain,65536,63876,4,19.6355,0.4188957,,165888,1354013
walter-study,cube,768,haar-residual-d12,gain,131072,112366,7,20.78389,0.4903492,,387072,1354013
walter-study,cube,768,haar-residual-d12,gain,262144,260019,13,23.07855,0.6446321,,1275904,1354013
walter-study,cube,768,haar-residual-d12,gain,524288,519920,28,25.28769,0.7608878,,4438016,1354013
walter-study,cube,768,haar-residual-d12,gain,1048576,1042630,68,29.25115,0.9192924,,12826624,1354013
walter-study,cube,768,haar-residual-d12,gain,1354013,1354013,91,30.72876,0.9530819,,18855936,1354013
walter-study,cube,768,haar-residual-d12,view,8192,0,0,,,,0,1354013
walter-study,cube,768,haar-residual-d12,view,16384,0,0,,,,0,1354013
walter-study,cube,768,haar-residual-d12,view,32768,29982,1,18.36937,0.3437363,18.99738,55296,1354013
walter-study,cube,768,haar-residual-d12,view,65536,58758.17,3.583333,20.52725,0.4862436,18.99946,159744,1354013
walter-study,cube,768,haar-residual-d12,view,131072,120470.6,6.416667,23.3487,0.6887733,18.99957,558421.3,1354013
walter-study,cube,768,haar-residual-d12,view,262144,253384.2,13.83333,26.95938,0.8644217,19.18449,1902933,1354013
walter-study,cube,768,haar-residual-d12,view,524288,509184.2,30.83333,30.72876,0.9530819,21.64308,5257899,1354013
walter-study,cube,768,haar-residual-d12,view,1048576,1042159,70.08333,30.72876,0.9530819,27.9035,13372760,1354013
walter-study,cube,768,haar-residual-d12,view,1354013,1354013,91,30.72876,0.9530819,30.54801,18855936,1354013
walter-study,cube,768,haar-residual-d12-p0.5,level,8192,0,0,,,,0,1191319
walter-study,cube,768,haar-residual-d12-p0.5,level,16384,0,0,,,,0,1191319
walter-study,cube,768,haar-residual-d12-p0.5,level,32768,32385,3,18.92471,0.3808143,,129024,1191319
walter-study,cube,768,haar-residual-d12-p0.5,level,65536,58681,7,20.37347,0.4704421,,276480,1191319
walter-study,cube,768,haar-residual-d12-p0.5,level,131072,113415,10,21.51283,0.5559467,,718848,1191319
walter-study,cube,768,haar-residual-d12-p0.5,level,262144,257531,20,23.50709,0.6998614,,2275328,1191319
walter-study,cube,768,haar-residual-d12-p0.5,level,524288,517075,42,25.8898,0.8410608,,6010880,1191319
walter-study,cube,768,haar-residual-d12-p0.5,level,1048576,1030736,82,28.65436,0.9131578,,16496640,1191319
walter-study,cube,768,haar-residual-d12-p0.5,level,1191319,1191319,91,29.27634,0.9446245,,18855936,1191319
walter-study,cube,768,haar-residual-d12-p0.5,gain,8192,0,0,,,,0,1191319
walter-study,cube,768,haar-residual-d12-p0.5,gain,16384,0,0,,,,0,1191319
walter-study,cube,768,haar-residual-d12-p0.5,gain,32768,32507,3,18.87366,0.3769592,,129024,1191319
walter-study,cube,768,haar-residual-d12-p0.5,gain,65536,54157,6,20.27044,0.4540923,,239616,1191319
walter-study,cube,768,haar-residual-d12-p0.5,gain,131072,116098,10,21.36691,0.5450374,,718848,1191319
walter-study,cube,768,haar-residual-d12-p0.5,gain,262144,261179,18,23.65756,0.6992123,,2340864,1191319
walter-study,cube,768,haar-residual-d12-p0.5,gain,524288,516198,40,26.2419,0.8337685,,6207488,1191319
walter-study,cube,768,haar-residual-d12-p0.5,gain,1048576,1044352,80,28.86126,0.9298461,,15972352,1191319
walter-study,cube,768,haar-residual-d12-p0.5,gain,1191319,1191319,91,29.27634,0.9446245,,18855936,1191319
walter-study,cube,768,haar-residual-d12-p0.5,view,8192,0,0,,,,0,1191319
walter-study,cube,768,haar-residual-d12-p0.5,view,16384,0,0,,,,0,1191319
walter-study,cube,768,haar-residual-d12-p0.5,view,32768,27415.58,2.333333,19.93188,0.4471906,18.97238,104448,1191319
walter-study,cube,768,haar-residual-d12-p0.5,view,65536,60172.08,5,22.28446,0.6213705,18.9745,350890.7,1191319
walter-study,cube,768,haar-residual-d12-p0.5,view,131072,122315.3,8.916667,24.11064,0.7416392,18.97602,1019904,1191319
walter-study,cube,768,haar-residual-d12-p0.5,view,262144,254038.8,19.16667,27.79345,0.9067878,19.15652,2996224,1191319
walter-study,cube,768,haar-residual-d12-p0.5,view,524288,517079.2,40,29.27634,0.9446245,23.9881,6546091,1191319
walter-study,cube,768,haar-residual-d12-p0.5,view,1048576,1036667,82,29.27634,0.9446245,27.58436,16496640,1191319
walter-study,cube,768,haar-residual-d12-p0.5,view,1191319,1191319,91,29.27634,0.9446245,29.2254,18855936,1191319
walter-study,cube,768,jpeg-residual-q80,level,8192,5330,1,17.79453,0.3332023,,55296,1036556
walter-study,cube,768,jpeg-residual-q80,level,16384,14201,4,18.68597,0.3829015,,165888,1036556
walter-study,cube,768,jpeg-residual-q80,level,32768,23127,7,19.70292,0.4468629,,276480,1036556
walter-study,cube,768,jpeg-residual-q80,level,65536,62772,11,21.09587,0.5496964,,866304,1036556
walter-study,cube,768,jpeg-residual-q80,level,131072,130851,18,22.62197,0.66219,,2013184,1036556
walter-study,cube,768,jpeg-residual-q80,level,262144,259510,33,24.82234,0.7760178,,4110336,1036556
walter-study,cube,768,jpeg-residual-q80,level,524288,515023,54,26.32579,0.8503696,,9156608,1036556
walter-study,cube,768,jpeg-residual-q80,level,1036556,1036556,91,30.18224,0.9501695,,18855936,1036556
walter-study,cube,768,jpeg-residual-q80,gain,8192,5330,1,17.79453,0.3332023,,55296,1036556
walter-study,cube,768,jpeg-residual-q80,gain,16384,14765,4,18.5963,0.3789985,,165888,1036556
walter-study,cube,768,jpeg-residual-q80,gain,32768,30973,7,20.02909,0.4672476,,387072,1036556
walter-study,cube,768,jpeg-residual-q80,gain,65536,64600,11,21.39504,0.5685908,,866304,1036556
walter-study,cube,768,jpeg-residual-q80,gain,131072,127837,16,22.54707,0.634457,,1931264,1036556
walter-study,cube,768,jpeg-residual-q80,gain,262144,254821,30,24.9192,0.7679138,,4044800,1036556
walter-study,cube,768,jpeg-residual-q80,gain,524288,516390,53,26.80086,0.8595207,,8894464,1036556
walter-study,cube,768,jpeg-residual-q80,gain,1036556,1036556,91,30.18224,0.9501695,,18855936,1036556
walter-study,cube,768,jpeg-residual-q80,view,8192,6191.917,1.333333,18.13447,0.3536949,18.45291,67584,1036556
walter-study,cube,768,jpeg-residual-q80,view,16384,13492.83,3.583333,19.77883,0.4603859,18.45634,159744,1036556
walter-study,cube,768,jpeg-residual-q80,view,32768,25676,5,21.56829,0.5875273,18.45652,341333.3,1036556
walter-study,cube,768,jpeg-residual-q80,view,65536,57664,8.25,23.1226,0.7018324,18.4585,856064,1036556
walter-study,cube,768,jpeg-residual-q80,view,131072,124148.4,14.5,25.89042,0.8449457,18.4585,1970176,1036556
walter-study,cube,768,jpeg-residual-q80,view,262144,256525.5,25.75,30.00892,0.9476317,19.16345,4475221,1036556
walter-study,cube,768,jpeg-residual-q80,view,524288,516709.2,53.33333,30.18224,0.9501695,25.49483,8981845,1036556
walter-study,cube,768,jpeg-residual-q80,view,1036556,1036556,91,30.18224,0.9501695,30.10689,18855936,1036556
walter-study,cube,768,jpeg-replacement-q80,level,8192,5330,1,17.79453,0.3332023,,55296,1283785
walter-study,cube,768,jpeg-replacement-q80,level,16384,15822,4,18.6812,0.3831111,,165888,1283785
walter-study,cube,768,jpeg-replacement-q80,level,32768,26322,7,19.6981,0.447109,,276480,1283785
walter-study,cube,768,jpeg-replacement-q80,level,65536,61634,10,20.80666,0.5319586,,718848,1283785
walter-study,cube,768,jpeg-replacement-q80,level,131072,127140,15,22.17609,0.6373775,,1554432,1283785
walter-study,cube,768,jpeg-replacement-q80,level,262144,254903,27,23.63466,0.7146329,,3323904,1283785
walter-study,cube,768,jpeg-replacement-q80,level,524288,515036,47,25.56383,0.8334063,,7321600,1283785
walter-study,cube,768,jpeg-replacement-q80,level,1048576,1043990,79,28.52689,0.902825,,15710208,1283785
walter-study,cube,768,jpeg-replacement-q80,level,1283785,1283785,91,30.14175,0.950132,,18855936,1283785
walter-study,cube,768,jpeg-replacement-q80,gain,8192,5330,1,17.79453,0.3332023,,55296,1283785
walter-study,cube,768,jpeg-replacement-q80,gain,16384,12747,3,18.30539,0.3637372,,129024,1283785
walter-study,cube,768,jpeg-replacement-q80,gain,32768,23865,6,19.60181,0.4327704,,239616,1283785
walter-study,cube,768,jpeg-replacement-q80,gain,65536,63561,10,20.67556,0.5208798,,718848,1283785
walter-study,cube,768,jpeg-replacement-q80,gain,131072,126296,14,22.30624,0.6226701,,1538048,1283785
walter-study,cube,768,jpeg-replacement-q80,gain,262144,255352,24,23.91037,0.730087,,3258368,1283785
walter-study,cube,768,jpeg-replacement-q80,gain,524288,508124,45,26.20416,0.8422774,,6993920,1283785
walter-study,cube,768,jpeg-replacement-q80,gain,1048576,1036766,76,29.18108,0.9231977,,14923776,1283785
walter-study,cube,768,jpeg-replacement-q80,gain,1283785,1283785,91,30.14175,0.950132,,18855936,1283785
walter-study,cube,768,jpeg-replacement-q80,view,8192,5534.75,1.083333,17.85563,0.3395213,18.45291,58368,1283785
walter-study,cube,768,jpeg-replacement-q80,view,16384,12841.25,3.166667,19.64038,0.4447502,18.45299,135168,1283785
walter-study,cube,768,jpeg-replacement-q80,view,32768,27316.17,4.833333,21.32505,0.5765744,18.45664,307200,1283785
walter-study,cube,768,jpeg-replacement-q80,view,65536,57577.58,7.416667,22.62953,0.6772841,18.45849,693589.3,1283785
walter-study,cube,768,jpeg-replacement-q80,view,131072,123693.8,12.5,25.42415,0.8288015,18.45852,1598805,1283785
walter-study,cube,768,jpeg-replacement-q80,view,262144,255986.9,21.58333,28.85864,0.9281631,18.90584,3544747,1283785
walter-study,cube,768,jpeg-replacement-q80,view,524288,517108.8,44.25,30.14175,0.950132,24.19629,7174144,1283785
walter-study,cube,768,jpeg-replacement-q80,view,1048576,1043525,78.58333,30.14175,0.950132,27.72152,15600980,1283785
walter-study,cube,768,jpeg-replacement-q80,view,1283785,1283785,91,30.14175,0.950132,30.07658,18855936,1283785
walter-study,cube,768,jpeg-replacement-q80,view-direct,8192,5330,1,17.79453,0.3332023,18.45291,55296,1283785
walter-study,cube,768,jpeg-replacement-q80,view-direct,16384,5330,1,17.79453,0.3332023,18.45291,55296,1283785
walter-study,cube,768,jpeg-replacement-q80,view-direct,32768,24923.5,2.083333,18.82146,0.4503079,18.45291,339285.3,1283785
walter-study,cube,768,jpeg-replacement-q80,view-direct,65536,57675.17,4.083333,20.81839,0.5996621,18.45291,863573.3,1283785
walter-study,cube,768,jpeg-replacement-q80,view-direct,131072,122836.3,7.916667,24.90906,0.8377747,18.45291,1868459,1283785
walter-study,cube,768,jpeg-replacement-q80,view-direct,262144,256970.6,20.83333,30.13923,0.9500604,20.75219,3709611,1283785
walter-study,cube,768,jpeg-replacement-q80,view-direct,524288,520312.3,44.41667,30.14175,0.950132,24.47339,7217835,1283785
walter-study,cube,768,jpeg-replacement-q80,view-direct,1048576,1043525,78.58333,30.14175,0.950132,27.72152,15600980,1283785
walter-study,cube,768,jpeg-replacement-q80,view-direct,1283785,1283785,91,30.14175,0.950132,30.07658,18855936,1283785
walter-study,cube,768,webp-replacement-q80,level,8192,5260,1,17.91307,0.3400317,,55296,1106394
walter-study,cube,768,webp-replacement-q80,level,16384,15018,4,18.81283,0.3929848,,165888,1106394
walter-study,cube,768,webp-replacement-q80,level,32768,25170,7,19.86394,0.4605761,,276480,1106394
walter-study,cube,768,webp-replacement-q80,level,65536,57922,10,20.99769,0.5443228,,718848,1106394
walter-study,cube,768,webp-replacement-q80,level,131072,129364,17,22.48359,0.6575834,,1751040,1106394
walter-study,cube,768,webp-replacement-q80,level,262144,259506,30,24.39309,0.7562819,,3782656,1106394
walter-study,cube,768,webp-replacement-q80,level,524288,512106,52,26.43635,0.8519114,,8632320,1106394
walter-study,cube,768,webp-replacement-q80,level,1048576,1029082,87,30.03014,0.9354429,,17807360,1106394
walter-study,cube,768,webp-replacement-q80,level,1106394,1106394,91,30.40424,0.9496039,,18855936,1106394
walter-study,cube,768,webp-replacement-q80,gain,8192,5260,1,17.91307,0.3400317,,55296,1106394
walter-study,cube,768,webp-replacement-q80,gain,16384,15654,4,18.7211,0.388482,,165888,1106394
walter-study,cube,768,webp-replacement-q80,gain,32768,22610,6,19.77108,0.4456699,,239616,1106394
walter-study,cube,768,webp-replacement-q80,gain,65536,57042,9,20.7561,0.5188096,,681984,1106394
walter-study,cube,768,webp-replacement-q80,gain,131072,122024,15,22.58432,0.6378192,,1669120,1106394
walter-study,cube,768,webp-replacement-q80,gain,262144,262072,28,24.97521,0.7686312,,3848192,1106394
walter-study,cube,768,webp-replacement-q80,gain,524288,523348,52,27.07706,0.8616059,,8632320,1106394
walter-study,cube,768,webp-replacement-q80,gain,1048576,1043278,87,30.19299,0.9433474,,17807360,1106394
walter-study,cube,768,webp-replacement-q80,gain,1106394,1106394,91,30.40424,0.9496039,,18855936,1106394
walter-study,cube,768,webp-replacement-q80,view,8192,5473.333,1.083333,17.97214,0.3468266,18.58534,58368,1106394
walter-study,cube,768,webp-replacement-q80,view,16384,13622.5,3.5,19.8632,0.4605098,18.58744,147456,1106394
walter-study,cube,768,webp-replacement-q80,view,32768,25866,4.833333,21.52159,0.5901851,18.58761,307200,1106394
walter-study,cube,768,webp-replacement-q80,view,65536,59996.17,8,23.08002,0.6976516,18.58966,790528,1106394
walter-study,cube,768,webp-replacement-q80,view,131072,125361.7,13.5,25.96891,0.8416749,18.58966,1817259,1106394
walter-study,cube,768,webp-replacement-q80,view,262144,255268,24,29.97025,0.9418001,19.04268,4111701,1106394
walter-study,cube,768,webp-replacement-q80,view,524288,519284.3,50.25,30.40424,0.9496039,25.29676,8266411,1106394
walter-study,cube,768,webp-replacement-q80,view,1048576,1035194,87.25,30.40424,0.9496039,29.16992,17872896,1106394
walter-study,cube,768,webp-replacement-q80,view,1106394,1106394,91,30.40424,0.9496039,30.29363,18855936,1106394
walter-study,cube,768,webp-replacement-q80,view-direct,8192,5260,1,17.91307,0.3400317,18.58534,55296,1106394
walter-study,cube,768,webp-replacement-q80,view-direct,16384,6999.667,1.166667,18.16495,0.3540883,18.58534,98986.67,1106394
walter-study,cube,768,webp-replacement-q80,view-direct,32768,25330,2.333333,19.17972,0.4748117,18.58534,404821.3,1106394
walter-study,cube,768,webp-replacement-q80,view-direct,65536,57202.33,4.75,21.4377,0.6455389,18.58534,1038336,1106394
walter-study,cube,768,webp-replacement-q80,view-direct,131072,123534.5,9.5,27.62685,0.8968824,18.58534,2227200,1106394
walter-study,cube,768,webp-replacement-q80,view-direct,262144,256309.7,24.08333,30.40424,0.9496039,21.82831,4189867,1106394
walter-study,cube,768,webp-replacement-q80,view-direct,524288,518827,50.25,30.40424,0.9496039,25.50738,8266411,1106394
walter-study,cube,768,webp-replacement-q80,view-direct,1048576,1035194,87.25,30.40424,0.9496039,29.16992,17872896,1106394
walter-study,cube,768,webp-replacement-q80,view-direct,1106394,1106394,91,30.40424,0.9496039,30.29363,18855936,1106394
walter-study,cube,768,jpeg-replacement-q80-whole,level,8192,5330,1,17.79453,0.3332023,,55296,1263195
walter-study,cube,768,jpeg-replacement-q80-whole,level,16384,15822,4,18.6812,0.3831111,,165888,1263195
walter-study,cube,768,jpeg-replacement-q80-whole,level,32768,26322,7,19.6981,0.447109,,276480,1263195
walter-study,cube,768,jpeg-replacement-q80-whole,level,65536,61634,10,20.80666,0.5319586,,718848,1263195
walter-study,cube,768,jpeg-replacement-q80-whole,level,131072,98223,13,21.95838,0.6244957,,1161216,1263195
walter-study,cube,768,jpeg-replacement-q80-whole,level,262144,221602,16,23.34712,0.704144,,2930688,1263195
walter-study,cube,768,jpeg-replacement-q80-whole,level,524288,496880,20,25.55454,0.8326234,,7059456,1263195
walter-study,cube,768,jpeg-replacement-q80-whole,level,1048576,922925,23,27.68639,0.8791361,,14137344,1263195
walter-study,cube,768,jpeg-replacement-q80-whole,level,1263195,1263195,25,30.14402,0.9501335,,18855936,1263195
walter-study,cube,768,jpeg-replacement-q80-whole,gain,8192,5330,1,17.79453,0.3332023,,55296,1263195
walter-study,cube,768,jpeg-replacement-q80-whole,gain,16384,12747,3,18.30539,0.3637372,,129024,1263195
walter-study,cube,768,jpeg-replacement-q80-whole,gain,32768,23865,6,19.60181,0.4327704,,239616,1263195
walter-study,cube,768,jpeg-replacement-q80-whole,gain,65536,63561,10,20.67556,0.5208798,,718848,1263195
walter-study,cube,768,jpeg-replacement-q80-whole,gain,131072,88194,12,21.82557,0.5976376,,1013760,1263195
walter-study,cube,768,jpeg-replacement-q80-whole,gain,262144,226431,16,23.23067,0.6940506,,2930688,1263195
walter-study,cube,768,jpeg-replacement-q80-whole,gain,524288,501617,20,25.92065,0.8385611,,7059456,1263195
walter-study,cube,768,jpeg-replacement-q80-whole,gain,1048576,944415,23,28.42598,0.8969152,,14137344,1263195
walter-study,cube,768,jpeg-replacement-q80-whole,gain,1263195,1263195,25,30.14402,0.9501335,,18855936,1263195
walter-study,cube,768,jpeg-replacement-q80-whole,view,8192,5534.75,1.083333,17.85563,0.3395213,18.45291,58368,1263195
walter-study,cube,768,jpeg-replacement-q80-whole,view,16384,12841.25,3.166667,19.64038,0.4447502,18.45299,135168,1263195
walter-study,cube,768,jpeg-replacement-q80-whole,view,32768,27316.17,4.833333,21.32505,0.5765744,18.45664,307200,1263195
walter-study,cube,768,jpeg-replacement-q80-whole,view,65536,53365,6.583333,22.40512,0.6617353,18.45849,638976,1263195
walter-study,cube,768,jpeg-replacement-q80-whole,view,131072,95595.33,7.75,24.26885,0.7695371,18.45852,1216512,1263195
walter-study,cube,768,jpeg-replacement-q80-whole,view,262144,219425.5,11.25,26.35698,0.8589861,18.90699,2930688,1263195
walter-study,cube,768,jpeg-replacement-q80-whole,view,524288,452659.1,14.58333,29.00634,0.9277256,19.83269,6509568,1263195
walter-study,cube,768,jpeg-replacement-q80-whole,view,1048576,952249.6,23,30.14402,0.9501335,25.78893,14137344,1263195
walter-study,cube,768,jpeg-replacement-q80-whole,view,1263195,1263195,25,30.14402,0.9501335,30.07881,18855936,1263195
walter-study,cube,768,jpeg-replacement-q80-whole,view-direct,8192,5330,1,17.79453,0.3332023,18.45291,55296,1263195
walter-study,cube,768,jpeg-replacement-q80-whole,view-direct,16384,5330,1,17.79453,0.3332023,18.45291,55296,1263195
walter-study,cube,768,jpeg-replacement-q80-whole,view-direct,32768,5330,1,17.79453,0.3332023,18.45291,55296,1263195
walter-study,cube,768,jpeg-replacement-q80-whole,view-direct,65536,5330,1,17.79453,0.3332023,18.45291,55296,1263195
walter-study,cube,768,jpeg-replacement-q80-whole,view-direct,131072,5330,1,17.79453,0.3332023,18.45291,55296,1263195
walter-study,cube,768,jpeg-replacement-q80-whole,view-direct,262144,174893.8,4.833333,24.50032,0.7764984,19.15788,2666496,1263195
walter-study,cube,768,jpeg-replacement-q80-whole,view-direct,524288,492196.3,12,30.12019,0.9499228,20.94954,7391232,1263195
walter-study,cube,768,jpeg-replacement-q80-whole,view-direct,1048576,952249.6,23,30.14402,0.9501335,25.78893,14137344,1263195
walter-study,cube,768,jpeg-replacement-q80-whole,view-direct,1263195,1263195,25,30.14402,0.9501335,30.07881,18855936,1263195
bookstore,cube,768,exact,all,,10616832,,41.87491,0.9905419,,,
bookstore,cube,768,exact,coarse,,41472,,26.02826,0.7340092,,,
bookstore,cube,768,haar-residual-d12,level,8192,0,0,,,,0,374015
bookstore,cube,768,haar-residual-d12,level,16384,0,0,,,,0,374015
bookstore,cube,768,haar-residual-d12,level,32768,32062,3,26.83463,0.7618102,,129024,374015
bookstore,cube,768,haar-residual-d12,level,65536,62858,8,28.54716,0.8091345,,423936,374015
bookstore,cube,768,haar-residual-d12,level,131072,130234,16,31.34315,0.8881317,,1685504,374015
bookstore,cube,768,haar-residual-d12,level,262144,260175,50,35.19331,0.9541877,,8108032,374015
bookstore,cube,768,haar-residual-d12,level,374015,374015,91,38.75559,0.9797332,,18855936,374015
bookstore,cube,768,haar-residual-d12,gain,8192,0,0,,,,0,374015
bookstore,cube,768,haar-residual-d12,gain,16384,0,0,,,,0,374015
bookstore,cube,768,haar-residual-d12,gain,32768,32073,3,26.91298,0.7634979,,129024,374015
bookstore,cube,768,haar-residual-d12,gain,65536,56900,6,27.99101,0.8020836,,350208,374015
bookstore,cube,768,haar-residual-d12,gain,131072,130750,15,30.59139,0.8853101,,1763328,374015
bookstore,cube,768,haar-residual-d12,gain,262144,257704,44,35.40246,0.9463715,,7763968,374015
bookstore,cube,768,haar-residual-d12,gain,374015,374015,91,38.75559,0.9797332,,18855936,374015
bookstore,cube,768,haar-residual-d12,view,8192,0,0,,,,0,374015
bookstore,cube,768,haar-residual-d12,view,16384,0,0,,,,0,374015
bookstore,cube,768,haar-residual-d12,view,32768,29409.75,3.5,28.43342,0.794545,24.78449,259072,374015
bookstore,cube,768,haar-residual-d12,view,65536,62332.5,9.583333,32.50237,0.8951473,24.83999,1167701,374015
bookstore,cube,768,haar-residual-d12,view,131072,126545.9,23.83333,37.64422,0.9710969,25.4608,3927040,374015
bookstore,cube,768,haar-residual-d12,view,262144,258631.9,52.5,38.75559,0.9797332,33.12777,8828928,374015
bookstore,cube,768,haar-residual-d12,view,374015,374015,91,38.75559,0.9797332,37.93002,18855936,374015
bookstore,cube,768,haar-residual-d12-p0.5,level,8192,0,0,,,,0,307423
bookstore,cube,768,haar-residual-d12-p0.5,level,16384,13692,2,26.2369,0.7483479,,92160,307423
bookstore,cube,768,haar-residual-d12-p0.5,level,32768,25367,7,27.87533,0.7883142,,276480,307423
bookstore,cube,768,haar-residual-d12-p0.5,level,65536,62070,13,30.35859,0.8711988,,1161216,307423
bookstore,cube,768,haar-residual-d12-p0.5,level,131072,130343,28,32.57479,0.9196646,,3454976,307423
bookstore,cube,768,haar-residual-d12-p0.5,level,262144,260599,68,35.20907,0.9575653,,12826624,307423
bookstore,cube,768,haar-residual-d12-p0.5,level,307423,307423,91,36.35065,0.9699958,,18855936,307423
bookstore,cube,768,haar-residual-d12-p0.5,gain,8192,0,0,,,,0,307423
bookstore,cube,768,haar-residual-d12-p0.5,gain,16384,13692,2,26.2369,0.7483479,,92160,307423
bookstore,cube,768,haar-residual-d12-p0.5,gain,32768,32038,6,27.78784,0.800062,,350208,307423
bookstore,cube,768,haar-residual-d12-p0.5,gain,65536,59606,11,29.69825,0.8623874,,976896,307423
bookstore,cube,768,haar-residual-d12-p0.5,gain,131072,130222,28,32.70133,0.9214628,,3897344,307423
bookstore,cube,768,haar-residual-d12-p0.5,gain,262144,261300,63,35.68617,0.9599094,,11974656,307423
bookstore,cube,768,haar-residual-d12-p0.5,gain,307423,307423,91,36.35065,0.9699958,,18855936,307423
bookstore,cube,768,haar-residual-d12-p0.5,view,8192,0,0,,,,0,307423
bookstore,cube,768,haar-residual-d12-p0.5,view,16384,14370.58,3.083333,27.79646,0.7849194,24.70251,187392,307423
bookstore,cube,768,haar-residual-d12-p0.5,view,32768,28904.75,7.416667,30.69235,0.8707808,24.70356,783360,307423
bookstore,cube,768,haar-residual-d12-p0.5,view,65536,63756.08,16.91667,34.03467,0.9410656,24.88852,2572971,307423
bookstore,cube,768,haar-residual-d12-p0.5,view,131072,128075.3,34.08333,36.34638,0.9699792,28.24518,5689003,307423
bookstore,cube,768,haar-residual-d12-p0.5,view,262144,260198.4,71.5,36.35065,0.9699958,33.52968,13744128,307423
bookstore,cube,768,haar-residual-d12-p0.5,view,307423,307423,91,36.35065,0.9699958,35.76322,18855936,307423
bookstore,cube,768,jpeg-residual-q80,level,8192,7667,3,26.23494,0.7502423,,129024,414399
bookstore,cube,768,jpeg-residual-q80,level,16384,13840,7,27.49386,0.7717594,,276480,414399
bookstore,cube,768,jpeg-residual-q80,level,32768,31254,10,29.16989,0.8269987,,718848,414399
bookstore,cube,768,jpeg-residual-q80,level,65536,64977,17,30.61678,0.870741,,1751040,414399
bookstore,cube,768,jpeg-residual-q80,level,131072,130384,34,33.29368,0.9273331,,4372480,414399
bookstore,cube,768,jpeg-residual-q80,level,262144,261837,59,35.27459,0.9548273,,10467328,414399
bookstore,cube,768,jpeg-residual-q80,level,414399,414399,91,38.71554,0.9820543,,18855936,414399
bookstore,cube,768,jpeg-residual-q80,gain,8192,7607,3,26.31092,0.7522774,,129024,414399
bookstore,cube,768,jpeg-residual-q80,gain,16384,11378,5,26.97966,0.7691811,,202752,414399
bookstore,cube,768,jpeg-residual-q80,gain,32768,28660,8,28.28939,0.8165403,,645120,414399
bookstore,cube,768,jpeg-residual-q80,gain,65536,65024,15,30.44047,0.8691159,,1800192,414399
bookstore,cube,768,jpeg-residual-q80,gain,131072,126822,28,33.03449,0.9198731,,3782656,414399
bookstore,cube,768,jpeg-residual-q80,gain,262144,262071,52,36.0168,0.9550799,,9091072,414399
bookstore,cube,768,jpeg-residual-q80,gain,414399,414399,91,38.71554,0.9820543,,18855936,414399
bookstore,cube,768,jpeg-residual-q80,view,8192,6859.833,3.083333,27.48051,0.7688139,24.37175,141312,414399
bookstore,cube,768,jpeg-residual-q80,view,16384,14562.58,5.5,29.77801,0.8297727,24.37274,424618.7,414399
bookstore,cube,768,jpeg-residual-q80,view,32768,29789.67,9.166667,31.64558,0.8840021,24.3744,1063595,414399
bookstore,cube,768,jpeg-residual-q80,view,65536,62792.33,17.08333,35.43745,0.9503546,24.43074,2590379,414399
bookstore,cube,768,jpeg-residual-q80,view,131072,127250.2,31.25,38.6381,0.981636,26.93223,5240149,414399
bookstore,cube,768,jpeg-residual-q80,view,262144,259206.3,59.33333,38.71554,0.9820543,33.63057,10554710,414399
bookstore,cube,768,jpeg-residual-q80,view,414399,414399,91,38.71554,0.9820543,37.79933,18855936,414399
bookstore,cube,768,jpeg-replacement-q80,level,8192,6190,2,25.80558,0.7395707,,92160,496949
bookstore,cube,768,jpeg-replacement-q80,level,16384,15798,7,27.50292,0.7718496,,276480,496949
bookstore,cube,768,jpeg-replacement-q80,level,32768,30866,9,28.46149,0.8078009,,571392,496949
bookstore,cube,768,jpeg-replacement-q80,level,65536,64189,14,30.42344,0.863996,,1423360,496949
bookstore,cube,768,jpeg-replacement-q80,level,131072,129971,26,32.50272,0.9104749,,3192832,496949
bookstore,cube,768,jpeg-replacement-q80,level,262144,260593,50,34.43917,0.9466676,,8108032,496949
bookstore,cube,768,jpeg-replacement-q80,level,496949,496949,91,38.78932,0.9827286,,18855936,496949
bookstore,cube,768,jpeg-replacement-q80,gain,8192,6190,2,25.80558,0.7395707,,92160,496949
bookstore,cube,768,jpeg-replacement-q80,gain,16384,12890,5,26.98163,0.7692238,,202752,496949
bookstore,cube,768,jpeg-replacement-q80,gain,32768,27601,7,28.03104,0.8065241,,497664,496949
bookstore,cube,768,jpeg-replacement-q80,gain,65536,61661,13,29.92263,0.8576922,,1275904,496949
bookstore,cube,768,jpeg-replacement-q80,gain,131072,128794,24,32.26074,0.9101808,,3176448,496949
bookstore,cube,768,jpeg-replacement-q80,gain,262144,260991,43,35.18401,0.9485415,,6928384,496949
bookstore,cube,768,jpeg-replacement-q80,gain,496949,496949,91,38.78932,0.9827286,,18855936,496949
bookstore,cube,768,jpeg-replacement-q80,view,8192,6639.667,2.666667,27.31768,0.7629464,24.37175,125952,496949
bookstore,cube,768,jpeg-replacement-q80,view,16384,11922.42,4.666667,28.70776,0.7969019,24.37271,282624,496949
bookstore,cube,768,jpeg-replacement-q80,view,32768,30182.17,8.333333,31.37055,0.8776698,24.37431,895658.7,496949
bookstore,cube,768,jpeg-replacement-q80,view,65536,63377.67,14.83333,34.54449,0.9396009,24.43054,2097493,496949
bookstore,cube,768,jpeg-replacement-q80,view,131072,127930.3,27.08333,38.00954,0.9769146,25.90265,4548949,496949
bookstore,cube,768,jpeg-replacement-q80,view,262144,256966.3,51.41667,38.78932,0.9827286,32.386,8577707,496949
bookstore,cube,768,jpeg-replacement-q80,view,496949,496949,91,38.78932,0.9827286,37.86396,18855936,496949
bookstore,cube,768,jpeg-replacement-q80,view-direct,8192,4679.333,1.5,25.71732,0.7299703,24.37175,186368,496949
bookstore,cube,768,jpeg-replacement-q80,view-direct,16384,12076.5,3,26.87416,0.7741994,24.37175,579584,496949
bookstore,cube,768,jpeg-replacement-q80,view-direct,32768,29596.17,6.25,30.51481,0.8590447,24.37175,1394005,496949
bookstore,cube,768,jpeg-replacement-q80,view-direct,65536,62742.25,12.83333,36.40661,0.9618406,24.69495,2658987,496949
bookstore,cube,768,jpeg-replacement-q80,view-direct,131072,127834.3,25.83333,38.78932,0.9827286,28.52861,4446208,496949
bookstore,cube,768,jpeg-replacement-q80,view-direct,262144,256542.8,51.58333,38.78932,0.9827286,32.39053,8594091,496949
bookstore,cube,768,jpeg-replacement-q80,view-direct,496949,496949,91,38.78932,0.9827286,37.86396,18855936,496949
bookstore,cube,768,webp-replacement-q80,level,8192,7910,4,26.73974,0.766926,,165888,284856
bookstore,cube,768,webp-replacement-q80,level,16384,11088,7,27.51635,0.778578,,276480,284856
bookstore,cube,768,webp-replacement-q80,level,32768,32144,12,29.92415,0.847961,,1013760,284856
bookstore,cube,768,webp-replacement-q80,level,65536,64670,20,31.30158,0.8892707,,2275328,284856
bookstore,cube,768,webp-replacement-q80,level,131072,130190,42,33.85919,0.939206,,6010880,284856
bookstore,cube,768,webp-replacement-q80,level,262144,261104,83,37.37014,0.9704076,,16758784,284856
bookstore,cube,768,webp-replacement-q80,level,284856,284856,91,38.30728,0.9780568,,18855936,284856
bookstore,cube,768,webp-replacement-q80,gain,8192,7850,4,26.55314,0.7625301,,165888,284856
bookstore,cube,768,webp-replacement-q80,gain,16384,15472,6,27.34955,0.7916024,,350208,284856
bookstore,cube,768,webp-replacement-q80,gain,32768,30854,11,29.49755,0.8427818,,866304,284856
bookstore,cube,768,webp-replacement-q80,gain,65536,65414,18,31.20509,0.8866186,,2324480,284856
bookstore,cube,768,webp-replacement-q80,gain,131072,126274,35,33.93361,0.9347367,,5158912,284856
bookstore,cube,768,webp-replacement-q80,gain,262144,261376,75,37.6702,0.972729,,14661632,284856
bookstore,cube,768,webp-replacement-q80,gain,284856,284856,91,38.30728,0.9780568,,18855936,284856
bookstore,cube,768,webp-replacement-q80,view,8192,7242.667,4.333333,28.18067,0.7898867,24.39616,249514.7,284856
bookstore,cube,768,webp-replacement-q80,view,16384,13428.67,6.416667,30.25311,0.8531123,24.39616,625322.7,284856
bookstore,cube,768,webp-replacement-q80,view,32768,31045.67,11.66667,32.95222,0.9117488,24.45141,1539072,284856
bookstore,cube,768,webp-replacement-q80,view,65536,62617.17,22.75,36.57487,0.9632293,25.05265,3621205,284856
bookstore,cube,768,webp-replacement-q80,view,131072,128505.5,43.25,38.30728,0.9780568,31.32782,7097685,284856
bookstore,cube,768,webp-replacement-q80,view,262144,261089.5,81.41667,38.30728,0.9780568,35.48404,16343720,284856
bookstore,cube,768,webp-replacement-q80,view,284856,284856,91,38.30728,0.9780568,37.52163,18855936,284856
bookstore,cube,768,webp-replacement-q80,view-direct,8192,4897.167,2.583333,26.27362,0.7497306,24.39486,470357.3,284856
bookstore,cube,768,webp-replacement-q80,view-direct,16384,13985,5.666667,29.17754,0.8313598,24.39486,1259861,284856
bookstore,cube,768,webp-replacement-q80,view-direct,32768,30727.83,11.16667,34.25783,0.9363298,24.55677,2335061,284856
bookstore,cube,768,webp-replacement-q80,view-direct,65536,63350.83,22.16667,38.30657,0.9780497,27.3602,3913045,284856
bookstore,cube,768,webp-replacement-q80,view-direct,131072,128877,43.33333,38.30728,0.9780568,31.87599,7086763,284856
bookstore,cube,768,webp-replacement-q80,view-direct,262144,261089.5,81.41667,38.30728,0.9780568,35.48404,16343720,284856
bookstore,cube,768,webp-replacement-q80,view-direct,284856,284856,91,38.30728,0.9780568,37.52163,18855936,284856
bookstore,cube,768,jpeg-replacement-q80-whole,level,8192,6190,2,25.80558,0.7395707,,92160,477715
bookstore,cube,768,jpeg-replacement-q80-whole,level,16384,15798,7,27.50292,0.7718496,,276480,477715
bookstore,cube,768,jpeg-replacement-q80-whole,level,32768,30866,9,28.46149,0.8078009,,571392,477715
bookstore,cube,768,jpeg-replacement-q80-whole,level,65536,51995,13,30.1893,0.856703,,1161216,477715
bookstore,cube,768,jpeg-replacement-q80-whole,level,131072,117233,16,32.26428,0.9053782,,2930688,477715
bookstore,cube,768,jpeg-replacement-q80-whole,level,262144,231254,20,34.20228,0.9444847,,7059456,477715
bookstore,cube,768,jpeg-replacement-q80-whole,level,477715,477715,25,38.79119,0.982729,,18855936,477715
bookstore,cube,768,jpeg-replacement-q80-whole,gain,8192,6190,2,25.80558,0.7395707,,92160,477715
bookstore,cube,768,jpeg-replacement-q80-whole,gain,16384,12890,5,26.98163,0.7692238,,202752,477715
bookstore,cube,768,jpeg-replacement-q80-whole,gain,32768,27601,7,28.03104,0.8065241,,497664,477715
bookstore,cube,768,jpeg-replacement-q80-whole,gain,65536,49467,12,29.69185,0.8503994,,1013760,477715
bookstore,cube,768,jpeg-replacement-q80-whole,gain,131072,130638,16,31.80139,0.9091842,,3373056,477715
bookstore,cube,768,jpeg-replacement-q80-whole,gain,262144,224516,19,33.72133,0.9390912,,6469632,477715
bookstore,cube,768,jpeg-replacement-q80-whole,gain,477715,477715,25,38.79119,0.982729,,18855936,477715
bookstore,cube,768,jpeg-replacement-q80-whole,view,8192,6639.667,2.666667,27.31768,0.7629464,24.37175,125952,477715
bookstore,cube,768,jpeg-replacement-q80-whole,view,16384,11842.25,4.416667,28.70797,0.7969016,24.37271,282624,477715
bookstore,cube,768,jpeg-replacement-q80-whole,view,32768,28177.67,6.75,31.1062,0.8757129,24.37431,737280,477715
bookstore,cube,768,jpeg-replacement-q80-whole,view,65536,50934.67,8.666667,33.0691,0.9184804,24.43054,1600512,477715
bookstore,cube,768,jpeg-replacement-q80-whole,view,131072,103222,12.58333,35.32954,0.9509153,25.357,3560448,477715
bookstore,cube,768,jpeg-replacement-q80-whole,view,262144,232691.8,17.08333,38.50181,0.9808284,26.80236,8859648,477715
bookstore,cube,768,jpeg-replacement-q80-whole,view,477715,477715,25,38.79119,0.982729,37.86523,18855936,477715
bookstore,cube,768,jpeg-replacement-q80-whole,view-direct,8192,3442,1,25.45567,0.7254436,24.37175,55296,477715
bookstore,cube,768,jpeg-replacement-q80-whole,view-direct,16384,3442,1,25.45567,0.7254436,24.37175,55296,477715
bookstore,cube,768,jpeg-replacement-q80-whole,view-direct,32768,9302.417,1.5,27.07164,0.7403355,24.37175,654336,477715
bookstore,cube,768,jpeg-replacement-q80-whole,view-direct,65536,51917.5,3.416667,32.42537,0.8870339,24.58126,2310144,477715
bookstore,cube,768,jpeg-replacement-q80-whole,view-direct,131072,103226,5.916667,35.58818,0.9524636,25.35203,4411392,477715
bookstore,cube,768,jpeg-replacement-q80-whole,view-direct,262144,244352.8,17.83333,38.79119,0.982729,29.50107,9320448,477715
bookstore,cube,768,jpeg-replacement-q80-whole,view-direct,477715,477715,25,38.79119,0.982729,37.86523,18855936,477715
gardens,cube,768,exact,all,,10616832,,35.66488,0.9776967,,,
gardens,cube,768,exact,coarse,,41472,,20.30216,0.4576042,,,
gardens,cube,768,haar-residual-d12,level,8192,0,0,,,,0,1436599
gardens,cube,768,haar-residual-d12,level,16384,0,0,,,,0,1436599
gardens,cube,768,haar-residual-d12,level,32768,29731,1,20.30061,0.4576131,,55296,1436599
gardens,cube,768,haar-residual-d12,level,65536,61464,4,21.02789,0.5100734,,165888,1436599
gardens,cube,768,haar-residual-d12,level,131072,118234,8,22.46782,0.5854847,,423936,1436599
gardens,cube,768,haar-residual-d12,level,262144,253302,13,24.84599,0.7257523,,1161216,1436599
gardens,cube,768,haar-residual-d12,level,524288,523190,27,26.69414,0.8274119,,3323904,1436599
gardens,cube,768,haar-residual-d12,level,1048576,1032092,61,30.59421,0.9282661,,10991616,1436599
gardens,cube,768,haar-residual-d12,level,1436599,1436599,91,32.97435,0.9686137,,18855936,1436599
gardens,cube,768,haar-residual-d12,gain,8192,0,0,,,,0,1436599
gardens,cube,768,haar-residual-d12,gain,16384,0,0,,,,0,1436599
gardens,cube,768,haar-residual-d12,gain,32768,29731,1,20.30061,0.4576131,,55296,1436599
gardens,cube,768,haar-residual-d12,gain,65536,62128,4,20.98143,0.5091471,,165888,1436599
gardens,cube,768,haar-residual-d12,gain,131072,121124,8,22.6221,0.5949985,,423936,1436599
gardens,cube,768,haar-residual-d12,gain,262144,253302,13,24.84599,0.7257523,,1161216,1436599
gardens,cube,768,haar-residual-d12,gain,524288,520278,26,26.71165,0.8358249,,3389440,1436599
gardens,cube,768,haar-residual-d12,gain,1048576,1036415,53,30.71303,0.9369204,,9222144,1436599
gardens,cube,768,haar-residual-d12,gain,1436599,1436599,91,32.97435,0.9686137,,18855936,1436599
gardens,cube,768,haar-residual-d12,view,8192,0,0,,,,0,1436599
gardens,cube,768,haar-residual-d12,view,16384,0,0,,,,0,1436599
gardens,cube,768,haar-residual-d12,view,32768,29731,1,20.30061,0.4576131,19.56601,55296,1436599
gardens,cube,768,haar-residual-d12,view,65536,55555.08,3.583333,22.58121,0.5672858,19.56888,159744,1436599
gardens,cube,768,haar-residual-d12,view,131072,121136.5,7.333333,25.71076,0.7418553,19.57229,758442.7,1436599
gardens,cube,768,haar-residual-d12,view,262144,252540.2,16.33333,29.57659,0.8828942,19.6615,2541227,1436599
gardens,cube,768,haar-residual-d12,view,524288,512281.8,31.41667,32.76085,0.9650959,22.27182,5261312,1436599
gardens,cube,768,haar-residual-d12,view,1048576,1038281,63.5,32.97435,0.9686137,28.30937,11646976,1436599
gardens,cube,768,haar-residual-d12,view,1436599,1436599,91,32.97435,0.9686137,31.698,18855936,1436599
gardens,cube,768,haar-residual-d12-p0.5,level,8192,0,0,,,,0,1281876
gardens,cube,768,haar-residual-d12-p0.5,level,16384,0,0,,,,0,1281876
gardens,cube,768,haar-residual-d12-p0.5,level,32768,25520,2,20.41368,0.4698434,,92160,1281876
gardens,cube,768,haar-residual-d12-p0.5,level,65536,58268,7,22.13061,0.5599271,,276480,1281876
gardens,cube,768,haar-residual-d12-p0.5,level,131072,123393,10,23.12362,0.6469359,,718848,1281876
gardens,cube,768,haar-residual-d12-p0.5,level,262144,259245,18,25.1392,0.7644888,,2013184,1281876
gardens,cube,768,haar-residual-d12-p0.5,level,524288,511919,40,27.63622,0.8779722,,5486592,1281876
gardens,cube,768,haar-residual-d12-p0.5,level,1048576,1047394,71,29.80747,0.9319757,,13613056,1281876
gardens,cube,768,haar-residual-d12-p0.5,level,1281876,1281876,91,30.85862,0.9582029,,18855936,1281876
gardens,cube,768,haar-residual-d12-p0.5,gain,8192,0,0,,,,0,1281876
gardens,cube,768,haar-residual-d12-p0.5,gain,16384,0,0,,,,0,1281876
gardens,cube,768,haar-residual-d12-p0.5,gain,32768,26434,2,20.52331,0.477024,,92160,1281876
gardens,cube,768,haar-residual-d12-p0.5,gain,65536,58268,7,22.13061,0.5599271,,276480,1281876
gardens,cube,768,haar-residual-d12-p0.5,gain,131072,124324,10,22.91007,0.636943,,718848,1281876
gardens,cube,768,haar-residual-d12-p0.5,gain,262144,244258,16,25.01639,0.756008,,1947648,1281876
gardens,cube,768,haar-residual-d12-p0.5,gain,524288,511052,34,27.35294,0.8757638,,4569088,1281876
gardens,cube,768,haar-residual-d12-p0.5,gain,1048576,1044587,61,29.94568,0.9445097,,11319296,1281876
gardens,cube,768,haar-residual-d12-p0.5,gain,1281876,1281876,91,30.85862,0.9582029,,18855936,1281876
gardens,cube,768,haar-residual-d12-p0.5,view,8192,0,0,,,,0,1281876
gardens,cube,768,haar-residual-d12-p0.5,view,16384,0,0,,,,0,1281876
gardens,cube,768,haar-residual-d12-p0.5,view,32768,29050.75,2.583333,21.96517,0.5460015,19.53619,113664,1281876
gardens,cube,768,haar-residual-d12-p0.5,view,65536,52673.75,5.083333,23.90942,0.6434423,19.53935,363178.7,1281876
gardens,cube,768,haar-residual-d12-p0.5,view,131072,118284.7,9.916667,26.11797,0.778508,19.62848,1148587,1281876
gardens,cube,768,haar-residual-d12-p0.5,view,262144,252889.8,21.41667,29.14796,0.9125036,20.11932,3421525,1281876
gardens,cube,768,haar-residual-d12-p0.5,view,524288,515099.9,37.83333,30.85737,0.9581826,23.66319,6260395,1281876
gardens,cube,768,haar-residual-d12-p0.5,view,1048576,1041348,73.41667,30.85862,0.9582029,28.14182,14246570,1281876
gardens,cube,768,haar-residual-d12-p0.5,view,1281876,1281876,91,30.85862,0.9582029,30.02656,18855936,1281876
gardens,cube,768,jpeg-residual-q80,level,8192,8184,2,19.65725,0.4581867,,92160,985100
gardens,cube,768,jpeg-residual-q80,level,16384,14278,4,20.20406,0.4946453,,165888,985100
gardens,cube,768,jpeg-residual-q80,level,32768,32383,8,21.54795,0.5650048,,423936,985100
gardens,cube,768,jpeg-residual-q80,level,65536,64377,11,22.44041,0.6484536,,866304,985100
gardens,cube,768,jpeg-residual-q80,level,131072,119381,17,23.96327,0.7298621,,1751040,985100
gardens,cube,768,jpeg-residual-q80,level,262144,251563,33,26.50027,0.8311779,,4110336,985100
gardens,cube,768,jpeg-residual-q80,level,524288,513598,53,28.07436,0.9030606,,8894464,985100
gardens,cube,768,jpeg-residual-q80,level,985100,985100,91,31.84464,0.9685203,,18855936,985100
gardens,cube,768,jpeg-residual-q80,gain,8192,5384,1,19.50711,0.4463513,,55296,985100
gardens,cube,768,jpeg-residual-q80,gain,16384,14363,4,20.02891,0.488,,165888,985100
gardens,cube,768,jpeg-residual-q80,gain,32768,22324,7,21.33831,0.5410325,,276480,985100
gardens,cube,768,jpeg-residual-q80,gain,65536,64377,11,22.44041,0.6484536,,866304,985100
gardens,cube,768,jpeg-residual-q80,gain,131072,122860,16,23.98318,0.7306788,,1816576,985100
gardens,cube,768,jpeg-residual-q80,gain,262144,257360,30,26.17961,0.8430562,,3979264,985100
gardens,cube,768,jpeg-residual-q80,gain,524288,520217,47,28.49086,0.9141085,,7649280,985100
gardens,cube,768,jpeg-residual-q80,gain,985100,985100,91,31.84464,0.9685203,,18855936,985100
gardens,cube,768,jpeg-residual-q80,view,8192,6144.333,1.333333,20.29306,0.4687309,18.92826,67584,985100
gardens,cube,768,jpeg-residual-q80,view,16384,12958.17,3.666667,21.63309,0.5471669,18.93084,162816,985100
gardens,cube,768,jpeg-residual-q80,view,32768,27166.25,5.5,23.63057,0.6702098,18.93124,415061.3,985100
gardens,cube,768,jpeg-residual-q80,view,65536,57155.75,9.25,25.74436,0.765531,18.93472,1069056,985100
gardens,cube,768,jpeg-residual-q80,view,131072,125515.4,17.08333,28.74799,0.8957546,19.01831,2575360,985100
gardens,cube,768,jpeg-residual-q80,view,262144,256616.8,30.08333,31.36453,0.959242,20.72677,4999168,985100
gardens,cube,768,jpeg-residual-q80,view,524288,515054.9,55.16667,31.84464,0.9685203,25.94742,9544363,985100
gardens,cube,768,jpeg-residual-q80,view,985100,985100,91,31.84464,0.9685203,30.49937,18855936,985100
gardens,cube,768,jpeg-replacement-q80,level,8192,5384,1,19.50711,0.4463513,,55296,1240370
gardens,cube,768,jpeg-replacement-q80,level,16384,16192,4,20.19738,0.4944079,,165888,1240370
gardens,cube,768,jpeg-replacement-q80,level,32768,25980,7,21.33911,0.5410498,,276480,1240370
gardens,cube,768,jpeg-replacement-q80,level,65536,64375,10,22.27308,0.6287284,,718848,1240370
gardens,cube,768,jpeg-replacement-q80,level,131072,124072,15,23.80572,0.7180199,,1554432,1240370
gardens,cube,768,jpeg-replacement-q80,level,262144,260579,26,25.1807,0.8050784,,3192832,1240370
gardens,cube,768,jpeg-replacement-q80,level,524288,522564,46,27.41926,0.8869942,,7059456,1240370
gardens,cube,768,jpeg-replacement-q80,level,1048576,1047286,80,30.73212,0.9405089,,15972352,1240370
gardens,cube,768,jpeg-replacement-q80,level,1240370,1240370,91,31.81681,0.9685612,,18855936,1240370
gardens,cube,768,jpeg-replacement-q80,gain,8192,5384,1,19.50711,0.4463513,,55296,1240370
gardens,cube,768,jpeg-replacement-q80,gain,16384,16277,4,20.02359,0.4878554,,165888,1240370
gardens,cube,768,jpeg-replacement-q80,gain,32768,25980,7,21.33911,0.5410498,,276480,1240370
gardens,cube,768,jpeg-replacement-q80,gain,65536,64768,10,22.0559,0.6176867,,718848,1240370
gardens,cube,768,jpeg-replacement-q80,gain,131072,130476,15,23.87677,0.7216286,,1554432,1240370
gardens,cube,768,jpeg-replacement-q80,gain,262144,254643,24,25.13165,0.8093385,,3192832,1240370
gardens,cube,768,jpeg-replacement-q80,gain,524288,503149,41,27.70647,0.8967609,,6076416,1240370
gardens,cube,768,jpeg-replacement-q80,gain,1048576,1036028,67,30.12099,0.9494672,,12892160,1240370
gardens,cube,768,jpeg-replacement-q80,gain,1240370,1240370,91,31.81681,0.9685612,,18855936,1240370
gardens,cube,768,jpeg-replacement-q80,view,8192,6052.75,1.25,20.2342,0.4641066,18.92826,64512,1240370
gardens,cube,768,jpeg-replacement-q80,view,16384,14389.58,3.583333,21.62805,0.5470514,18.93073,159744,1240370
gardens,cube,768,jpeg-replacement-q80,view,32768,26509.42,4.916667,23.209,0.6460483,18.93121,327680,1240370
gardens,cube,768,jpeg-replacement-q80,view,65536,60874.58,8.083333,25.26854,0.7509332,18.93462,864256,1240370
gardens,cube,768,jpeg-replacement-q80,view,131072,123964.2,14,27.65135,0.8677244,19.01749,1926827,1240370
gardens,cube,768,jpeg-replacement-q80,view,262144,253916.8,24.75,30.68759,0.9433804,19.86027,4086443,1240370
gardens,cube,768,jpeg-replacement-q80,view,524288,515619,46.33333,31.81681,0.9685612,24.58133,7616512,1240370
gardens,cube,768,jpeg-replacement-q80,view,1048576,1040679,77.91667,31.81681,0.9685612,28.44042,15426220,1240370
gardens,cube,768,jpeg-replacement-q80,view,1240370,1240370,91,31.81681,0.9685612,30.46451,18855936,1240370
gardens,cube,768,jpeg-replacement-q80,view-direct,8192,5384,1,19.50711,0.4463513,18.92826,55296,1240370
gardens,cube,768,jpeg-replacement-q80,view-direct,16384,8842.75,1.416667,20.02343,0.4680873,18.92826,164522.7,1240370
gardens,cube,768,jpeg-replacement-q80,view-direct,32768,25818,2.666667,21.18372,0.5605668,18.92826,492202.7,1240370
gardens,cube,768,jpeg-replacement-q80,view-direct,65536,55781.92,5.416667,24.56062,0.6747277,18.92826,1194325,1240370
gardens,cube,768,jpeg-replacement-q80,view-direct,131072,120754.3,11,27.96476,0.8425878,19.18986,2271915,1240370
gardens,cube,768,jpeg-replacement-q80,view-direct,262144,252957.1,22.58333,31.74441,0.9674364,21.21545,4036608,1240370
gardens,cube,768,jpeg-replacement-q80,view-direct,524288,515844,46.41667,31.81681,0.9685612,25.53302,7682048,1240370
gardens,cube,768,jpeg-replacement-q80,view-direct,1048576,1040679,77.91667,31.81681,0.9685612,28.44042,15426220,1240370
gardens,cube,768,jpeg-replacement-q80,view-direct,1240370,1240370,91,31.81681,0.9685612,30.46451,18855936,1240370
gardens,cube,768,webp-replacement-q80,level,8192,5262,1,19.73412,0.4532055,,55296,1151896
gardens,cube,768,webp-replacement-q80,level,16384,15398,4,20.42544,0.5031743,,165888,1151896
gardens,cube,768,webp-replacement-q80,level,32768,24330,7,21.54536,0.5498015,,276480,1151896
gardens,cube,768,webp-replacement-q80,level,65536,60814,10,22.50131,0.6359832,,718848,1151896
gardens,cube,768,webp-replacement-q80,level,131072,128134,16,24.17625,0.7308247,,1685504,1151896
gardens,cube,768,webp-replacement-q80,level,262144,252146,27,25.55877,0.8120042,,3323904,1151896
gardens,cube,768,webp-replacement-q80,level,524288,506222,49,27.83205,0.8895647,,7845888,1151896
gardens,cube,768,webp-replacement-q80,level,1048576,1029710,85,31.59593,0.9497366,,17283072,1151896
gardens,cube,768,webp-replacement-q80,level,1151896,1151896,91,32.2295,0.9673942,,18855936,1151896
gardens,cube,768,webp-replacement-q80,gain,8192,5262,1,19.73412,0.4532055,,55296,1151896
gardens,cube,768,webp-replacement-q80,gain,16384,15710,4,20.38013,0.5022931,,165888,1151896
gardens,cube,768,webp-replacement-q80,gain,32768,24330,7,21.54536,0.5498015,,276480,1151896
gardens,cube,768,webp-replacement-q80,gain,65536,61292,10,22.28587,0.6261419,,718848,1151896
gardens,cube,768,webp-replacement-q80,gain,131072,123380,15,24.12197,0.7271167,,1685504,1151896
gardens,cube,768,webp-replacement-q80,gain,262144,258800,26,25.6033,0.8226076,,3454976,1151896
gardens,cube,768,webp-replacement-q80,gain,524288,520080,43,28.30436,0.9021972,,6600704,1151896
gardens,cube,768,webp-replacement-q80,gain,1048576,1045690,71,30.99102,0.9562505,,13809664,1151896
gardens,cube,768,webp-replacement-q80,gain,1151896,1151896,91,32.2295,0.9673942,,18855936,1151896
gardens,cube,768,webp-replacement-q80,view,8192,5797.5,1.25,20.44799,0.4698365,19.0917,64512,1151896
gardens,cube,768,webp-replacement-q80,view,16384,13419.17,3.583333,21.84967,0.5552637,19.09417,159744,1151896
gardens,cube,768,webp-replacement-q80,view,32768,28864.83,5.5,23.88043,0.6695162,19.09469,415061.3,1151896
gardens,cube,768,webp-replacement-q80,view,65536,59404.5,9,25.82114,0.7617736,19.09836,1019221,1151896
gardens,cube,768,webp-replacement-q80,view,131072,126598.3,16,28.64291,0.8799984,19.18278,2378752,1151896
gardens,cube,768,webp-replacement-q80,view,262144,255598.5,27.41667,31.16749,0.9465474,20.54889,4500139,1151896
gardens,cube,768,webp-replacement-q80,view,524288,513957.3,49,32.2295,0.9673942,25.75281,8217259,1151896
gardens,cube,768,webp-replacement-q80,view,1048576,1032311,83.41667,32.2295,0.9673942,29.09685,16868010,1151896
gardens,cube,768,webp-replacement-q80,view,1151896,1151896,91,32.2295,0.9673942,30.94563,18855936,1151896
gardens,cube,768,webp-replacement-q80,view-direct,8192,5262,1,19.73412,0.4532055,19.0917,55296,1151896
gardens,cube,768,webp-replacement-q80,view-direct,16384,8656.833,1.666667,20.48784,0.4823209,19.0917,230058.7,1151896
gardens,cube,768,webp-replacement-q80,view-direct,32768,25281.5,3.5,22.47529,0.5791365,19.0917,710656,1151896
gardens,cube,768,webp-replacement-q80,view-direct,65536,54797.67,7.416667,25.45967,0.6846153,19.19451,1455787,1151896
gardens,cube,768,webp-replacement-q80,view-direct,131072,123092.7,13.08333,28.57152,0.8593437,19.69329,2581845,1151896
gardens,cube,768,webp-replacement-q80,view-direct,262144,255066.3,25,32.15194,0.9662624,22.03354,4365653,1151896
gardens,cube,768,webp-replacement-q80,view-direct,524288,515065,49.5,32.2295,0.9673942,25.97555,8277333,1151896
gardens,cube,768,webp-replacement-q80,view-direct,1048576,1032311,83.41667,32.2295,0.9673942,29.09685,16868010,1151896
gardens,cube,768,webp-replacement-q80,view-direct,1151896,1151896,91,32.2295,0.9673942,30.94563,18855936,1151896
gardens,cube,768,jpeg-replacement-q80-whole,level,8192,5384,1,19.50711,0.4463513,,55296,1222772
gardens,cube,768,jpeg-replacement-q80-whole,level,16384,16192,4,20.19738,0.4944079,,165888,1222772
gardens,cube,768,jpeg-replacement-q80-whole,level,32768,25980,7,21.33911,0.5410498,,276480,1222772
gardens,cube,768,jpeg-replacement-q80-whole,level,65536,64375,10,22.27308,0.6287284,,718848,1222772
gardens,cube,768,jpeg-replacement-q80-whole,level,131072,97730,13,23.61429,0.7032546,,1161216,1222772
gardens,cube,768,jpeg-replacement-q80-whole,level,262144,238533,16,25.07488,0.7962108,,2930688,1222772
gardens,cube,768,jpeg-replacement-q80-whole,level,524288,514949,20,27.42077,0.8869952,,7059456,1222772
gardens,cube,768,jpeg-replacement-q80-whole,level,1048576,1042384,24,31.03941,0.9415193,,16496640,1222772
gardens,cube,768,jpeg-replacement-q80-whole,level,1222772,1222772,25,31.82051,0.9685622,,18855936,1222772
gardens,cube,768,jpeg-replacement-q80-whole,gain,8192,5384,1,19.50711,0.4463513,,55296,1222772
gardens,cube,768,jpeg-replacement-q80-whole,gain,16384,16277,4,20.02359,0.4878554,,165888,1222772
gardens,cube,768,jpeg-replacement-q80-whole,gain,32768,25980,7,21.33911,0.5410498,,276480,1222772
gardens,cube,768,jpeg-replacement-q80-whole,gain,65536,64768,10,22.0559,0.6176867,,718848,1222772
gardens,cube,768,jpeg-replacement-q80-whole,gain,131072,97730,13,23.61429,0.7032546,,1161216,1222772
gardens,cube,768,jpeg-replacement-q80-whole,gain,262144,240706,16,24.76079,0.7845439,,2930688,1222772
gardens,cube,768,jpeg-replacement-q80-whole,gain,524288,522134,20,27.78025,0.8919121,,7059456,1222772
gardens,cube,768,jpeg-replacement-q80-whole,gain,1048576,989207,23,29.71661,0.9363311,,14137344,1222772
gardens,cube,768,jpeg-replacement-q80-whole,gain,1222772,1222772,25,31.82051,0.9685622,,18855936,1222772
gardens,cube,768,jpeg-replacement-q80-whole,view,8192,6052.75,1.25,20.2342,0.4641066,18.92826,64512,1222772
gardens,cube,768,jpeg-replacement-q80-whole,view,16384,14389.58,3.583333,21.62805,0.5470514,18.93073,159744,1222772
gardens,cube,768,jpeg-replacement-q80-whole,view,32768,25384,4.75,22.98946,0.6433622,18.93121,294912,1222772
gardens,cube,768,jpeg-replacement-q80-whole,view,65536,47595.17,6.583333,23.97019,0.7070972,18.93462,602112,1222772
gardens,cube,768,jpeg-replacement-q80-whole,view,131072,105231.2,8.5,26.62186,0.8270388,19.01749,1539072,1222772
gardens,cube,768,jpeg-replacement-q80-whole,view,262144,218502.8,11.5,28.90597,0.9008643,19.28219,3354624,1222772
gardens,cube,768,jpeg-replacement-q80-whole,view,524288,448736.8,14.91667,31.00509,0.9481076,20.5268,6908928,1222772
gardens,cube,768,jpeg-replacement-q80-whole,view,1048576,1010729,23.5,31.82051,0.9685622,26.72807,15316992,1222772
gardens,cube,768,jpeg-replacement-q80-whole,view,1222772,1222772,25,31.82051,0.9685622,30.46696,18855936,1222772
gardens,cube,768,jpeg-replacement-q80-whole,view-direct,8192,5384,1,19.50711,0.4463513,18.92826,55296,1222772
gardens,cube,768,jpeg-replacement-q80-whole,view-direct,16384,5384,1,19.50711,0.4463513,18.92826,55296,1222772
gardens,cube,768,jpeg-replacement-q80-whole,view-direct,32768,5384,1,19.50711,0.4463513,18.92826,55296,1222772
gardens,cube,768,jpeg-replacement-q80-whole,view-direct,65536,18960.5,1.333333,22.48081,0.4971011,18.92826,648192,1222772
gardens,cube,768,jpeg-replacement-q80-whole,view-direct,131072,24675.25,2.083333,22.48081,0.4971011,19.01102,712704,1222772
gardens,cube,768,jpeg-replacement-q80-whole,view-direct,262144,203512,5.333333,28.02756,0.8347959,19.69256,3551232,1222772
gardens,cube,768,jpeg-replacement-q80-whole,view-direct,524288,466397.3,12.16667,31.79578,0.9684183,21.92416,7526400,1222772
gardens,cube,768,jpeg-replacement-q80-whole,view-direct,1048576,1010729,23.5,31.82051,0.9685622,26.72807,15316992,1222772
gardens,cube,768,jpeg-replacement-q80-whole,view-direct,1222772,1222772,25,31.82051,0.9685622,30.46696,18855936,1222772
stadium,cube,768,exact,all,,10616832,,37.21706,0.9567271,,,
stadium,cube,768,exact,coarse,,41472,,25.3857,0.5440325,,,
stadium,cube,768,haar-residual-d12,level,8192,0,0,,,,0,967265
stadium,cube,768,haar-residual-d12,level,16384,0,0,,,,0,967265
stadium,cube,768,haar-residual-d12,level,32768,28789,2,25.56169,0.5552704,,92160,967265
stadium,cube,768,haar-residual-d12,level,65536,59309,7,27.0139,0.6071446,,276480,967265
stadium,cube,768,haar-residual-d12,level,131072,128950,11,28.27668,0.6880304,,866304,967265
stadium,cube,768,haar-residual-d12,level,262144,253707,23,29.82447,0.7746566,,2734080,967265
stadium,cube,768,haar-residual-d12,level,524288,512183,52,31.66962,0.8692066,,8632320,967265
stadium,cube,768,haar-residual-d12,level,967265,967265,91,34.1294,0.947927,,18855936,967265
stadium,cube,768,haar-residual-d12,gain,8192,0,0,,,,0,967265
stadium,cube,768,haar-residual-d12,gain,16384,0,0,,,,0,967265
stadium,cube,768,haar-residual-d12,gain,32768,28789,2,25.56169,0.5552704,,92160,967265
stadium,cube,768,haar-residual-d12,gain,65536,57094,6,26.57801,0.6059425,,239616,967265
stadium,cube,768,haar-residual-d12,gain,131072,126735,10,27.82682,0.6868315,,829440,967265
stadium,cube,768,haar-residual-d12,gain,262144,250205,20,29.26279,0.7767527,,2680832,967265
stadium,cube,768,haar-residual-d12,gain,524288,518485,41,31.01572,0.8734496,,7071744,967265
stadium,cube,768,haar-residual-d12,gain,967265,967265,91,34.1294,0.947927,,18855936,967265
stadium,cube,768,haar-residual-d12,view,8192,0,0,,,,0,967265
stadium,cube,768,haar-residual-d12,view,16384,0,0,,,,0,967265
stadium,cube,768,haar-residual-d12,view,32768,30483.08,3.333333,26.66437,0.5891894,21.87098,318805.3,967265
stadium,cube,768,haar-residual-d12,view,65536,59151.67,6.5,28.27161,0.6786528,21.87634,611669.3,967265
stadium,cube,768,haar-residual-d12,view,131072,125287.4,14.66667,30.32066,0.7942267,21.93538,2197845,967265
stadium,cube,768,haar-residual-d12,view,262144,254043.3,26.66667,33.07267,0.9087227,22.87124,4358485,967265
stadium,cube,768,haar-residual-d12,view,524288,517731.3,50.66667,34.1294,0.947927,27.06569,8757931,967265
stadium,cube,768,haar-residual-d12,view,967265,967265,91,34.1294,0.947927,31.45572,18855936,967265
stadium,cube,768,haar-residual-d12-p0.5,level,8192,0,0,,,,0,870596
stadium,cube,768,haar-residual-d12-p0.5,level,16384,15643,2,24.87093,0.5547455,,92160,870596
stadium,cube,768,haar-residual-d12-p0.5,level,32768,29232,6,25.80298,0.593313,,239616,870596
stadium,cube,768,haar-residual-d12-p0.5,level,65536,56750,9,26.50852,0.6467497,,571392,870596
stadium,cube,768,haar-residual-d12-p0.5,level,131072,127077,17,27.54251,0.7277584,,1751040,870596
stadium,cube,768,haar-residual-d12-p0.5,level,262144,258052,34,28.91351,0.8151994,,4372480,870596
stadium,cube,768,haar-residual-d12-p0.5,level,524288,512387,61,30.54974,0.8817475,,10991616,870596
stadium,cube,768,haar-residual-d12-p0.5,level,870596,870596,91,32.04773,0.9405268,,18855936,870596
stadium,cube,768,haar-residual-d12-p0.5,gain,8192,0,0,,,,0,870596
stadium,cube,768,haar-residual-d12-p0.5,gain,16384,15643,2,24.87093,0.5547455,,92160,870596
stadium,cube,768,haar-residual-d12-p0.5,gain,32768,32751,6,25.84571,0.6049425,,239616,870596
stadium,cube,768,haar-residual-d12-p0.5,gain,65536,56883,8,26.37437,0.6432683,,534528,870596
stadium,cube,768,haar-residual-d12-p0.5,gain,131072,127770,14,27.63246,0.7323217,,1763328,870596
stadium,cube,768,haar-residual-d12-p0.5,gain,262144,249895,26,28.90546,0.8159121,,3635200,870596
stadium,cube,768,haar-residual-d12-p0.5,gain,524288,521515,51,30.81107,0.8968924,,8943616,870596
stadium,cube,768,haar-residual-d12-p0.5,gain,870596,870596,91,32.04773,0.9405268,,18855936,870596
stadium,cube,768,haar-residual-d12-p0.5,view,8192,0,0,,,,0,870596
stadium,cube,768,haar-residual-d12-p0.5,view,16384,14465.25,2.5,25.22396,0.5710044,21.51785,231765.3,870596
stadium,cube,768,haar-residual-d12-p0.5,view,32768,26604.75,5.666667,26.24517,0.6329625,21.52322,488448,870596
stadium,cube,768,haar-residual-d12-p0.5,view,65536,60700.08,9.583333,27.6816,0.7379182,21.5799,1093973,870596
stadium,cube,768,haar-residual-d12-p0.5,view,131072,124758.3,19.66667,29.76822,0.8513994,21.79731,3100672,870596
stadium,cube,768,haar-residual-d12-p0.5,view,262144,250910.8,32.16667,31.55774,0.9226563,23.35332,5229568,870596
stadium,cube,768,haar-residual-d12-p0.5,view,524288,518406.4,60.83333,32.04773,0.9405268,27.19474,11024384,870596
stadium,cube,768,haar-residual-d12-p0.5,view,870596,870596,91,32.04773,0.9405268,30.23622,18855936,870596
stadium,cube,768,jpeg-residual-q80,level,8192,6088,2,24.35956,0.5490077,,92160,839999
stadium,cube,768,jpeg-residual-q80,level,16384,16265,7,25.84546,0.5946126,,276480,839999
stadium,cube,768,jpeg-residual-q80,level,32768,30845,9,26.45413,0.6348683,,571392,839999
stadium,cube,768,jpeg-residual-q80,level,65536,57455,13,27.76755,0.698967,,1161216,839999
stadium,cube,768,jpeg-residual-q80,level,131072,126542,23,28.92884,0.7604372,,2734080,839999
stadium,cube,768,jpeg-residual-q80,level,262144,256759,42,30.41905,0.8394001,,6010880,839999
stadium,cube,768,jpeg-residual-q80,level,524288,521482,64,32.21247,0.8894382,,11778048,839999
stadium,cube,768,jpeg-residual-q80,level,839999,839999,91,34.15883,0.9464589,,18855936,839999
stadium,cube,768,jpeg-residual-q80,gain,8192,6088,2,24.35956,0.5490077,,92160,839999
stadium,cube,768,jpeg-residual-q80,gain,16384,15519,6,25.34799,0.5938544,,239616,839999
stadium,cube,768,jpeg-residual-q80,gain,32768,30966,8,25.8898,0.6315828,,534528,839999
stadium,cube,768,jpeg-residual-q80,gain,65536,65287,13,27.44985,0.7078776,,1275904,839999
stadium,cube,768,jpeg-residual-q80,gain,131072,116625,20,28.40426,0.7509361,,2586624,839999
stadium,cube,768,jpeg-residual-q80,gain,262144,257029,36,30.08948,0.8437107,,4896768,839999
stadium,cube,768,jpeg-residual-q80,gain,524288,508462,52,31.79959,0.9000763,,9091072,839999
stadium,cube,768,jpeg-residual-q80,gain,839999,839999,91,34.15883,0.9464589,,18855936,839999
stadium,cube,768,jpeg-residual-q80,view,8192,6617.75,2.5,25.73338,0.5790028,21.22187,138581.3,839999
stadium,cube,768,jpeg-residual-q80,view,16384,12094.92,4.75,26.74169,0.6199003,21.22808,314026.7,839999
stadium,cube,768,jpeg-residual-q80,view,32768,27470.25,7.833333,28.38169,0.7015767,21.23132,849578.7,839999
stadium,cube,768,jpeg-residual-q80,view,65536,60756,13.41667,30.01617,0.7893573,21.28408,1874944,839999
stadium,cube,768,jpeg-residual-q80,view,131072,124745.7,22.25,32.17397,0.875093,21.68083,3554304,839999
stadium,cube,768,jpeg-residual-q80,view,262144,254793.9,37.16667,33.99009,0.9419351,24.35799,6121472,839999
stadium,cube,768,jpeg-residual-q80,view,524288,514487.3,64.91667,34.15883,0.9464589,27.9443,12018350,839999
stadium,cube,768,jpeg-residual-q80,view,839999,839999,91,34.15883,0.9464589,31.23977,18855936,839999
stadium,cube,768,jpeg-replacement-q80,level,8192,6486,2,24.35948,0.5489833,,92160,1008530
stadium,cube,768,jpeg-replacement-q80,level,16384,15913,6,25.83147,0.5846321,,239616,1008530
stadium,cube,768,jpeg-replacement-q80,level,32768,27154,8,26.18321,0.6110427,,423936,1008530
stadium,cube,768,jpeg-replacement-q80,level,65536,57525,12,27.64718,0.6738032,,1013760,1008530
stadium,cube,768,jpeg-replacement-q80,level,131072,130285,20,28.58383,0.7426207,,2275328,1008530
stadium,cube,768,jpeg-replacement-q80,level,262144,259471,36,30.25925,0.8299014,,4634624,1008530
stadium,cube,768,jpeg-replacement-q80,level,524288,517187,58,31.45235,0.8691078,,10205184,1008530
stadium,cube,768,jpeg-replacement-q80,level,1008530,1008530,91,34.31132,0.9467844,,18855936,1008530
stadium,cube,768,jpeg-replacement-q80,gain,8192,6486,2,24.35948,0.5489833,,92160,1008530
stadium,cube,768,jpeg-replacement-q80,gain,16384,14908,5,25.24308,0.5838661,,202752,1008530
stadium,cube,768,jpeg-replacement-q80,gain,32768,27606,7,25.5273,0.6086609,,387072,1008530
stadium,cube,768,jpeg-replacement-q80,gain,65536,55287,11,27.17167,0.6726045,,866304,1008530
stadium,cube,768,jpeg-replacement-q80,gain,131072,129684,18,28.25226,0.742534,,2324480,1008530
stadium,cube,768,jpeg-replacement-q80,gain,262144,255957,30,29.40041,0.8286381,,3962880,1008530
stadium,cube,768,jpeg-replacement-q80,gain,524288,521942,46,30.96661,0.8884052,,7632896,1008530
stadium,cube,768,jpeg-replacement-q80,gain,1008530,1008530,91,34.31132,0.9467844,,18855936,1008530
stadium,cube,768,jpeg-replacement-q80,view,8192,7063,2.416667,25.76658,0.5789926,21.22187,116736,1008530
stadium,cube,768,jpeg-replacement-q80,view,16384,12792.08,4.583333,26.72624,0.607433,21.22834,279893.3,1008530
stadium,cube,768,jpeg-replacement-q80,view,32768,26860.92,6.666667,27.99567,0.6842204,21.23118,663552,1008530
stadium,cube,768,jpeg-replacement-q80,view,65536,59989.33,11.16667,29.51222,0.7667226,21.28372,1397077,1008530
stadium,cube,768,jpeg-replacement-q80,view,131072,124526.3,19.58333,31.79904,0.8612734,21.47926,3015680,1008530
stadium,cube,768,jpeg-replacement-q80,view,262144,251063.4,31.58333,33.74095,0.9275459,22.8419,5161984,1008530
stadium,cube,768,jpeg-replacement-q80,view,524288,514893.3,56.41667,34.31132,0.9467844,27.3801,9926656,1008530
stadium,cube,768,jpeg-replacement-q80,view,1008530,1008530,91,34.31132,0.9467844,31.29786,18855936,1008530
stadium,cube,768,jpeg-replacement-q80,view-direct,8192,5023.75,1.5,24.27828,0.539437,21.22187,186368,1008530
stadium,cube,768,jpeg-replacement-q80,view-direct,16384,7200.833,2.5,24.77824,0.5405827,21.22187,448512,1008530
stadium,cube,768,jpeg-replacement-q80,view-direct,32768,27250.08,4.916667,27.1255,0.6267334,21.22187,1044480,1008530
stadium,cube,768,jpeg-replacement-q80,view-direct,65536,56354.25,8.5,28.89917,0.7231106,21.39075,1645227,1008530
stadium,cube,768,jpeg-replacement-q80,view-direct,131072,124428.5,15.33333,32.31567,0.8695154,21.90088,2938539,1008530
stadium,cube,768,jpeg-replacement-q80,view-direct,262144,253342.5,30,34.28122,0.9463105,23.81166,5111125,1008530
stadium,cube,768,jpeg-replacement-q80,view-direct,524288,514717.4,57.08333,34.31132,0.9467844,27.38539,10030420,1008530
stadium,cube,768,jpeg-replacement-q80,view-direct,1008530,1008530,91,34.31132,0.9467844,31.29786,18855936,1008530
stadium,cube,768,webp-replacement-q80,level,8192,7902,3,24.63572,0.5665993,,129024,904426
stadium,cube,768,webp-replacement-q80,level,16384,16062,7,25.78714,0.5999466,,276480,904426
stadium,cube,768,webp-replacement-q80,level,32768,31256,9,26.39839,0.6400426,,571392,904426
stadium,cube,768,webp-replacement-q80,level,65536,60110,13,27.74896,0.7043858,,1161216,904426
stadium,cube,768,webp-replacement-q80,level,131072,131006,23,28.89502,0.7642377,,2734080,904426
stadium,cube,768,webp-replacement-q80,level,262144,255194,41,30.29705,0.8396762,,5748736,904426
stadium,cube,768,webp-replacement-q80,level,524288,512160,62,31.936,0.8846172,,11253760,904426
stadium,cube,768,webp-replacement-q80,level,904426,904426,91,34.02466,0.9458443,,18855936,904426
stadium,cube,768,webp-replacement-q80,gain,8192,8108,3,24.49352,0.5601495,,129024,904426
stadium,cube,768,webp-replacement-q80,gain,16384,15578,6,25.32085,0.5993308,,239616,904426
stadium,cube,768,webp-replacement-q80,gain,32768,31640,9,26.22687,0.6307961,,571392,904426
stadium,cube,768,webp-replacement-q80,gain,65536,59010,12,27.21077,0.7035038,,1013760,904426
stadium,cube,768,webp-replacement-q80,gain,131072,116820,20,28.35483,0.754483,,2586624,904426
stadium,cube,768,webp-replacement-q80,gain,262144,253680,33,29.92625,0.8381413,,4503552,904426
stadium,cube,768,webp-replacement-q80,gain,524288,514436,52,31.73243,0.8974881,,9091072,904426
stadium,cube,768,webp-replacement-q80,gain,904426,904426,91,34.02466,0.9458443,,18855936,904426
stadium,cube,768,webp-replacement-q80,view,8192,6517.167,2.916667,25.84433,0.5880847,21.21243,172032,904426
stadium,cube,768,webp-replacement-q80,view,16384,11647.5,5.333333,26.8061,0.6153366,21.21864,466944,904426
stadium,cube,768,webp-replacement-q80,view,32768,26976.33,8.166667,28.33924,0.7022717,21.27733,871424,904426
stadium,cube,768,webp-replacement-q80,view,65536,59443.5,14.5,29.97559,0.7841118,21.27762,2157909,904426
stadium,cube,768,webp-replacement-q80,view,131072,123772.2,22.75,31.93684,0.8688184,21.73877,3624277,904426
stadium,cube,768,webp-replacement-q80,view,262144,250389.5,35.41667,33.55703,0.9305115,23.90198,5794816,904426
stadium,cube,768,webp-replacement-q80,view,524288,517395.5,62.66667,34.02466,0.9458443,27.78175,11455830,904426
stadium,cube,768,webp-replacement-q80,view,904426,904426,91,34.02466,0.9458443,31.30681,18855936,904426
stadium,cube,768,webp-replacement-q80,view-direct,8192,4648.5,2.583333,24.73197,0.5418044,21.21243,470357.3,904426
stadium,cube,768,webp-replacement-q80,view-direct,16384,7859.333,4.25,26.10415,0.5515046,21.21243,869717.3,904426
stadium,cube,768,webp-replacement-q80,view-direct,32768,28571.83,7.166667,27.29092,0.6515094,21.38913,1324373,904426
stadium,cube,768,webp-replacement-q80,view-direct,65536,55460.33,10.66667,29.72568,0.7372779,21.40793,2089301,904426
stadium,cube,768,webp-replacement-q80,view-direct,131072,125556.7,18.16667,32.30797,0.8742854,22.36025,3307179,904426
stadium,cube,768,webp-replacement-q80,view-direct,262144,252349.5,34.5,34.00728,0.9455608,24.64608,5842944,904426
stadium,cube,768,webp-replacement-q80,view-direct,524288,517199.5,62.66667,34.02466,0.9458443,27.78175,11455830,904426
stadium,cube,768,webp-replacement-q80,view-direct,904426,904426,91,34.02466,0.9458443,31.30681,18855936,904426
stadium,cube,768,jpeg-replacement-q80-whole,level,8192,6486,2,24.35948,0.5489833,,92160,992609
stadium,cube,768,jpeg-replacement-q80-whole,level,16384,15913,6,25.83147,0.5846321,,239616,992609
stadium,cube,768,jpeg-replacement-q80-whole,level,32768,27154,8,26.18321,0.6110427,,423936,992609
stadium,cube,768,jpeg-replacement-q80-whole,level,65536,57525,12,27.64718,0.6738032,,1013760,992609
stadium,cube,768,jpeg-replacement-q80-whole,level,131072,98784,14,28.07669,0.7166148,,1751040,992609
stadium,cube,768,jpeg-replacement-q80-whole,level,262144,259892,19,30.29438,0.8335346,,4700160,992609
stadium,cube,768,jpeg-replacement-q80-whole,level,524288,499281,21,31.42982,0.8686527,,9418752,992609
stadium,cube,768,jpeg-replacement-q80-whole,level,992609,992609,25,34.313,0.9467851,,18855936,992609
stadium,cube,768,jpeg-replacement-q80-whole,gain,8192,6486,2,24.35948,0.5489833,,92160,992609
stadium,cube,768,jpeg-replacement-q80-whole,gain,16384,14908,5,25.24308,0.5838661,,202752,992609
stadium,cube,768,jpeg-replacement-q80-whole,gain,32768,27606,7,25.5273,0.6086609,,387072,992609
stadium,cube,768,jpeg-replacement-q80-whole,gain,65536,55287,11,27.17167,0.6726045,,866304,992609
stadium,cube,768,jpeg-replacement-q80-whole,gain,131072,102800,13,27.56121,0.7155454,,1603584,992609
stadium,cube,768,jpeg-replacement-q80-whole,gain,262144,253944,18,29.80701,0.8326113,,4110336,992609
stadium,cube,768,jpeg-replacement-q80-whole,gain,524288,471837,19,30.50971,0.8748021,,6469632,992609
stadium,cube,768,jpeg-replacement-q80-whole,gain,992609,992609,25,34.313,0.9467851,,18855936,992609
stadium,cube,768,jpeg-replacement-q80-whole,view,8192,7063,2.416667,25.76658,0.5789926,21.22187,116736,992609
stadium,cube,768,jpeg-replacement-q80-whole,view,16384,12553.75,4.25,26.70454,0.6073915,21.22834,258048,992609
stadium,cube,768,jpeg-replacement-q80-whole,view,32768,26002,5.75,27.89791,0.6789238,21.23118,663552,992609
stadium,cube,768,jpeg-replacement-q80-whole,view,65536,44833.33,7.75,28.75385,0.7160661,21.28372,1059840,992609
stadium,cube,768,jpeg-replacement-q80-whole,view,131072,104993,10,30.57104,0.8169549,21.35821,2571264,992609
stadium,cube,768,jpeg-replacement-q80-whole,view,262144,191679.1,12.25,31.40347,0.8480918,21.68334,4220928,992609
stadium,cube,768,jpeg-replacement-q80-whole,view,524288,461671.1,17.83333,33.85315,0.9320946,23.38559,9449472,992609
stadium,cube,768,jpeg-replacement-q80-whole,view,992609,992609,25,34.313,0.9467851,31.29892,18855936,992609
stadium,cube,768,jpeg-replacement-q80-whole,view-direct,8192,3919,1,24.13428,0.5388472,21.22187,55296,992609
stadium,cube,768,jpeg-replacement-q80-whole,view-direct,16384,3919,1,24.13428,0.5388472,21.22187,55296,992609
stadium,cube,768,jpeg-replacement-q80-whole,view-direct,32768,9369.917,1.5,25.76107,0.5413404,21.22187,654336,992609
stadium,cube,768,jpeg-replacement-q80-whole,view-direct,65536,12162.5,2,25.76107,0.5413404,21.27404,700416,992609
stadium,cube,768,jpeg-replacement-q80-whole,view-direct,131072,56700.83,2.833333,27.70533,0.647098,21.34679,1579008,992609
stadium,cube,768,jpeg-replacement-q80-whole,view-direct,262144,204292.7,6.25,32.18331,0.8583957,21.85829,4571136,992609
stadium,cube,768,jpeg-replacement-q80-whole,view-direct,524288,503535.3,17.08333,34.30813,0.9467172,24.82103,9781248,992609
stadium,cube,768,jpeg-replacement-q80-whole,view-direct,992609,992609,25,34.313,0.9467851,31.29892,18855936,992609
superblock,cube,768,exact,all,,10616832,,31.47424,0.9596498,,,
superblock,cube,768,exact,coarse,,41472,,18.98436,0.2787388,,,
superblock,cube,768,haar-residual-d12,level,8192,0,0,,,,0,1702387
superblock,cube,768,haar-residual-d12,level,16384,0,0,,,,0,1702387
superblock,cube,768,haar-residual-d12,level,32768,28380,1,18.98315,0.2787062,,55296,1702387
superblock,cube,768,haar-residual-d12,level,65536,56105,4,19.6048,0.3212336,,165888,1702387
superblock,cube,768,haar-residual-d12,level,131072,120161,8,20.4215,0.3975275,,423936,1702387
superblock,cube,768,haar-residual-d12,level,262144,234890,12,21.90472,0.5422698,,1013760,1702387
superblock,cube,768,haar-residual-d12,level,524288,516156,27,23.55614,0.6716379,,3323904,1702387
superblock,cube,768,haar-residual-d12,level,1048576,1039392,58,26.23598,0.8460946,,10205184,1702387
superblock,cube,768,haar-residual-d12,level,1702387,1702387,91,30.02701,0.9525855,,18855936,1702387
superblock,cube,768,haar-residual-d12,gain,8192,0,0,,,,0,1702387
superblock,cube,768,haar-residual-d12,gain,16384,0,0,,,,0,1702387
superblock,cube,768,haar-residual-d12,gain,32768,28380,1,18.98315,0.2787062,,55296,1702387
superblock,cube,768,haar-residual-d12,gain,65536,62253,4,19.61854,0.3328924,,165888,1702387
superblock,cube,768,haar-residual-d12,gain,131072,125021,8,20.80992,0.4426696,,423936,1702387
superblock,cube,768,haar-residual-d12,gain,262144,234890,12,21.90472,0.5422698,,1013760,1702387
superblock,cube,768,haar-residual-d12,gain,524288,509583,22,24.07566,0.703478,,2996224,1702387
superblock,cube,768,haar-residual-d12,gain,1048576,1047395,49,26.95381,0.8677446,,8239104,1702387
superblock,cube,768,haar-residual-d12,gain,1702387,1702387,91,30.02701,0.9525855,,18855936,1702387
superblock,cube,768,haar-residual-d12,view,8192,0,0,,,,0,1702387
superblock,cube,768,haar-residual-d12,view,16384,0,0,,,,0,1702387
superblock,cube,768,haar-residual-d12,view,32768,28380,1,18.98315,0.2787062,19.0699,55296,1702387
superblock,cube,768,haar-residual-d12,view,65536,54652.67,3.583333,20.41403,0.383441,19.07085,159744,1702387
superblock,cube,768,haar-residual-d12,view,131072,114732.9,6.25,22.54007,0.5872652,19.07139,572074.7,1702387
superblock,cube,768,haar-residual-d12,view,262144,244574.4,12,25.17491,0.7821466,19.18491,1539072,1702387
superblock,cube,768,haar-residual-d12,view,524288,512425.3,26.41667,29.75313,0.947288,19.68068,4535979,1702387
superblock,cube,768,haar-residual-d12,view,1048576,1040662,53.91667,30.02701,0.9525855,25.48669,9134763,1702387
superblock,cube,768,haar-residual-d12,view,1702387,1702387,91,30.02701,0.9525855,29.72786,18855936,1702387
superblock,cube,768,haar-residual-d12-p0.5,level,8192,0,0,,,,0,1531638
superblock,cube,768,haar-residual-d12-p0.5,level,16384,0,0,,,,0,1531638
superblock,cube,768,haar-residual-d12-p0.5,level,32768,30987,3,19.31725,0.3089194,,129024,1531638
superblock,cube,768,haar-residual-d12-p0.5,level,65536,56466,7,20.14463,0.3720346,,276480,1531638
superblock,cube,768,haar-residual-d12-p0.5,level,131072,110679,10,20.95643,0.4509075,,718848,1531638
superblock,cube,768,haar-residual-d12-p0.5,level,262144,247013,17,22.24474,0.5972197,,1751040,1531638
superblock,cube,768,haar-residual-d12-p0.5,level,524288,520254,34,24.59727,0.778423,,4372480,1531638
superblock,cube,768,haar-residual-d12-p0.5,level,1048576,1045600,69,26.35458,0.8583324,,13088768,1531638
superblock,cube,768,haar-residual-d12-p0.5,level,1531638,1531638,91,28.74319,0.9464048,,18855936,1531638
superblock,cube,768,haar-residual-d12-p0.5,gain,8192,0,0,,,,0,1531638
superblock,cube,768,haar-residual-d12-p0.5,gain,16384,0,0,,,,0,1531638
superblock,cube,768,haar-residual-d12-p0.5,gain,32768,28649,3,19.35921,0.3027258,,129024,1531638
superblock,cube,768,haar-residual-d12-p0.5,gain,65536,56466,7,20.14463,0.3720346,,276480,1531638
superblock,cube,768,haar-residual-d12-p0.5,gain,131072,118387,10,21.2889,0.4879155,,718848,1531638
superblock,cube,768,haar-residual-d12-p0.5,gain,262144,255678,15,22.64402,0.625579,,1685504,1531638
superblock,cube,768,haar-residual-d12-p0.5,gain,524288,517486,31,24.66962,0.7868141,,4175872,1531638
superblock,cube,768,haar-residual-d12-p0.5,gain,1048576,1038843,59,27.07228,0.8886055,,10467328,1531638
superblock,cube,768,haar-residual-d12-p0.5,gain,1531638,1531638,91,28.74319,0.9464048,,18855936,1531638
superblock,cube,768,haar-residual-d12-p0.5,view,8192,0,0,,,,0,1531638
superblock,cube,768,haar-residual-d12-p0.5,view,16384,0,0,,,,0,1531638
superblock,cube,768,haar-residual-d12-p0.5,view,32768,29004.92,2.75,20.07497,0.3666878,19.04491,119808,1531638
superblock,cube,768,haar-residual-d12-p0.5,view,65536,55381.42,5,21.4682,0.5021142,19.04632,331776,1531638
superblock,cube,768,haar-residual-d12-p0.5,view,131072,115510.1,8.416667,23.04283,0.6480557,19.04795,924330.7,1531638
superblock,cube,768,haar-residual-d12-p0.5,view,262144,250231.2,15.83333,25.81766,0.8469734,19.31353,2235392,1531638
superblock,cube,768,haar-residual-d12-p0.5,view,524288,515725.8,31.66667,28.74319,0.9464048,21.20331,5382827,1531638
superblock,cube,768,haar-residual-d12-p0.5,view,1048576,1041045,65.75,28.74319,0.9464048,25.86534,12236800,1531638
superblock,cube,768,haar-residual-d12-p0.5,view,1531638,1531638,91,28.74319,0.9464048,28.47191,18855936,1531638
superblock,cube,768,jpeg-residual-q80,level,8192,7480,2,18.61033,0.2823255,,92160,1173180
superblock,cube,768,jpeg-residual-q80,level,16384,15273,5,19.17203,0.3173477,,202752,1173180
superblock,cube,768,jpeg-residual-q80,level,32768,30825,8,19.74733,0.3770676,,423936,1173180
superblock,cube,768,jpeg-residual-q80,level,65536,58394,11,20.4998,0.4487933,,866304,1173180
superblock,cube,768,jpeg-residual-q80,level,131072,120722,17,21.4677,0.5737692,,1751040,1173180
superblock,cube,768,jpeg-residual-q80,level,262144,252314,30,23.02968,0.7002979,,3782656,1173180
superblock,cube,768,jpeg-residual-q80,level,524288,514729,50,24.48956,0.8137936,,8108032,1173180
superblock,cube,768,jpeg-residual-q80,level,1048576,1033784,84,27.72758,0.9166971,,17020928,1173180
superblock,cube,768,jpeg-residual-q80,level,1173180,1173180,91,28.47834,0.9477872,,18855936,1173180
superblock,cube,768,jpeg-residual-q80,gain,8192,7480,2,18.61033,0.2823255,,92160,1173180
superblock,cube,768,jpeg-residual-q80,gain,16384,16282,5,19.2207,0.3358763,,202752,1173180
superblock,cube,768,jpeg-residual-q80,gain,32768,32642,8,20.03357,0.4215199,,423936,1173180
superblock,cube,768,jpeg-residual-q80,gain,65536,63922,11,20.67021,0.4957949,,866304,1173180
superblock,cube,768,jpeg-residual-q80,gain,131072,123050,15,21.79156,0.6017635,,1685504,1173180
superblock,cube,768,jpeg-residual-q80,gain,262144,256085,27,23.40864,0.7376299,,3717120,1173180
superblock,cube,768,jpeg-residual-q80,gain,524288,520383,46,25.23687,0.8402458,,7452672,1173180
superblock,cube,768,jpeg-residual-q80,gain,1048576,1034513,78,27.99558,0.9281408,,15448064,1173180
superblock,cube,768,jpeg-residual-q80,gain,1173180,1173180,91,28.47834,0.9477872,,18855936,1173180
superblock,cube,768,jpeg-residual-q80,view,8192,7308.583,2,19.23926,0.3311054,18.59609,92160,1173180
superblock,cube,768,jpeg-residual-q80,view,16384,12660,3.916667,19.74688,0.3634804,18.59751,172032,1173180
superblock,cube,768,jpeg-residual-q80,view,32768,25374.92,5.25,21.00692,0.5114369,18.59751,376832,1173180
superblock,cube,768,jpeg-residual-q80,view,65536,57082.33,8.333333,22.2797,0.6374529,18.59905,883370.7,1173180
superblock,cube,768,jpeg-residual-q80,view,131072,124023.1,14.25,24.56715,0.8128037,18.70287,1911467,1173180
superblock,cube,768,jpeg-residual-q80,view,262144,255028.9,23.91667,27.82978,0.931575,18.95729,4030123,1173180
superblock,cube,768,jpeg-residual-q80,view,524288,515080.9,49,28.47834,0.9477872,23.45335,7987883,1173180
superblock,cube,768,jpeg-residual-q80,view,1048576,1035488,83.83333,28.47834,0.9477872,26.32699,16977240,1173180
superblock,cube,768,jpeg-residual-q80,view,1173180,1173180,91,28.47834,0.9477872,28.31904,18855936,1173180
superblock,cube,768,jpeg-replacement-q80,level,8192,8041,2,18.61042,0.2824776,,92160,1429759
superblock,cube,768,jpeg-replacement-q80,level,16384,13879,4,19.04802,0.3081029,,165888,1429759
superblock,cube,768,jpeg-replacement-q80,level,32768,23761,7,19.55337,0.3540457,,276480,1429759
superblock,cube,768,jpeg-replacement-q80,level,65536,56107,10,20.32571,0.429941,,718848,1429759
superblock,cube,768,jpeg-replacement-q80,level,131072,130833,15,21.42148,0.5646222,,1554432,1429759
superblock,cube,768,jpeg-replacement-q80,level,262144,256769,27,22.47968,0.6478851,,3323904,1429759
superblock,cube,768,jpeg-replacement-q80,level,524288,520677,44,24.23179,0.8002664,,6535168,1429759
superblock,cube,768,jpeg-replacement-q80,level,1048576,1040189,74,26.06917,0.8624649,,14399488,1429759
superblock,cube,768,jpeg-replacement-q80,level,1429759,1429759,91,28.42834,0.9478401,,18855936,1429759
superblock,cube,768,jpeg-replacement-q80,gain,8192,8041,2,18.61042,0.2824776,,92160,1429759
superblock,cube,768,jpeg-replacement-q80,gain,16384,15337,4,19.01911,0.3207786,,165888,1429759
superblock,cube,768,jpeg-replacement-q80,gain,32768,23761,7,19.55337,0.3540457,,276480,1429759
superblock,cube,768,jpeg-replacement-q80,gain,65536,64165,10,20.39005,0.4647237,,718848,1429759
superblock,cube,768,jpeg-replacement-q80,gain,131072,117626,14,21.34674,0.5585105,,1423360,1429759
superblock,cube,768,jpeg-replacement-q80,gain,262144,260335,23,23.01165,0.6923438,,3127296,1429759
superblock,cube,768,jpeg-replacement-q80,gain,524288,497860,40,24.37279,0.8099477,,5879808,1429759
superblock,cube,768,jpeg-replacement-q80,gain,1048576,1045959,67,26.95545,0.8967046,,12564480,1429759
superblock,cube,768,jpeg-replacement-q80,gain,1429759,1429759,91,28.42834,0.9478401,,18855936,1429759
superblock,cube,768,jpeg-replacement-q80,view,8192,6620.417,1.666667,18.98361,0.3061,18.59609,79872,1429759
superblock,cube,768,jpeg-replacement-q80,view,16384,13255.33,3.583333,19.74613,0.3639895,18.59712,159744,1429759
superblock,cube,768,jpeg-replacement-q80,view,32768,26720.33,5,20.89746,0.5017044,18.59756,339968,1429759
superblock,cube,768,jpeg-replacement-q80,view,65536,57710.83,7.583333,21.94152,0.6092155,18.59884,764586.7,1429759
superblock,cube,768,jpeg-replacement-q80,view,131072,122071.7,12.08333,24.18742,0.7864139,18.59907,1555115,1429759
superblock,cube,768,jpeg-replacement-q80,view,262144,254306.2,19.83333,26.72509,0.9035621,18.84525,3215701,1429759
superblock,cube,768,jpeg-replacement-q80,view,524288,517393.8,40.91667,28.42834,0.9478401,22.34943,6715392,1429759
superblock,cube,768,jpeg-replacement-q80,view,1048576,1037653,73.58333,28.42834,0.9478401,25.6955,14290260,1429759
superblock,cube,768,jpeg-replacement-q80,view,1429759,1429759,91,28.42834,0.9478401,28.27236,18855936,1429759
superblock,cube,768,jpeg-replacement-q80,view-direct,8192,4664,1,18.45525,0.2713501,18.59609,55296,1429759
superblock,cube,768,jpeg-replacement-q80,view-direct,16384,4664,1,18.45525,0.2713501,18.59609,55296,1429759
superblock,cube,768,jpeg-replacement-q80,view-direct,32768,28292.75,2.166667,19.36554,0.4066969,18.59609,361130.7,1429759
superblock,cube,768,jpeg-replacement-q80,view-direct,65536,55517.83,3.583333,20.81861,0.5357957,18.59609,732501.3,1429759
superblock,cube,768,jpeg-replacement-q80,view-direct,131072,120028.7,7.25,23.83711,0.7730456,18.69966,1581056,1429759
superblock,cube,768,jpeg-replacement-q80,view-direct,262144,254783.4,18.33333,28.3704,0.9466461,19.50109,3422208,1429759
superblock,cube,768,jpeg-replacement-q80,view-direct,524288,511800,41.16667,28.42834,0.9478401,22.59883,6715392,1429759
superblock,cube,768,jpeg-replacement-q80,view-direct,1048576,1037653,73.58333,28.42834,0.9478401,25.6955,14290260,1429759
superblock,cube,768,jpeg-replacement-q80,view-direct,1429759,1429759,91,28.42834,0.9478401,28.27236,18855936,1429759
superblock,cube,768,webp-replacement-q80,level,8192,7696,2,18.71401,0.2872653,,92160,1391952
superblock,cube,768,webp-replacement-q80,level,16384,16246,5,19.28529,0.3252332,,202752,1391952
superblock,cube,768,webp-replacement-q80,level,32768,22490,7,19.67778,0.3634889,,276480,1391952
superblock,cube,768,webp-replacement-q80,level,65536,53070,10,20.46989,0.4403888,,718848,1391952
superblock,cube,768,webp-replacement-q80,level,131072,127764,15,21.61806,0.5766863,,1554432,1391952
superblock,cube,768,webp-replacement-q80,level,262144,259668,28,22.77543,0.6652338,,3454976,1391952
superblock,cube,768,webp-replacement-q80,level,524288,507236,44,24.55358,0.8075571,,6535168,1391952
superblock,cube,768,webp-replacement-q80,level,1048576,1045704,76,26.56455,0.8714564,,14923776,1391952
superblock,cube,768,webp-replacement-q80,level,1391952,1391952,91,28.98556,0.9489822,,18855936,1391952
superblock,cube,768,webp-replacement-q80,gain,8192,7696,2,18.71401,0.2872653,,92160,1391952
superblock,cube,768,webp-replacement-q80,gain,16384,16246,5,19.28529,0.3252332,,202752,1391952
superblock,cube,768,webp-replacement-q80,gain,32768,22490,7,19.67778,0.3634889,,276480,1391952
superblock,cube,768,webp-replacement-q80,gain,65536,56062,10,20.72663,0.477344,,718848,1391952
superblock,cube,768,webp-replacement-q80,gain,131072,114518,14,21.53899,0.5705872,,1423360,1391952
superblock,cube,768,webp-replacement-q80,gain,262144,260128,24,23.30978,0.7049993,,3258368,1391952
superblock,cube,768,webp-replacement-q80,gain,524288,506344,41,24.89679,0.8232152,,6141952,1391952
superblock,cube,768,webp-replacement-q80,gain,1048576,1048164,69,27.66589,0.9037065,,13088768,1391952
superblock,cube,768,webp-replacement-q80,gain,1391952,1391952,91,28.98556,0.9489822,,18855936,1391952
superblock,cube,768,webp-replacement-q80,view,8192,6560.333,1.75,19.13919,0.3163498,18.70137,82944,1391952
superblock,cube,768,webp-replacement-q80,view,16384,12782.33,3.666667,19.873,0.3734074,18.70271,162816,1391952
superblock,cube,768,webp-replacement-q80,view,32768,26464.17,5.083333,21.11032,0.5162497,18.70295,352256,1391952
superblock,cube,768,webp-replacement-q80,view,65536,57411.33,7.75,22.20008,0.6183872,18.70449,798720,1391952
superblock,cube,768,webp-replacement-q80,view,131072,123568.5,12.58333,24.59119,0.7982218,18.80798,1629867,1391952
superblock,cube,768,webp-replacement-q80,view,262144,253940.5,20.25,27.36038,0.9101399,18.95778,3297621,1391952
superblock,cube,768,webp-replacement-q80,view,524288,518772.5,42.16667,28.98556,0.9489822,22.65091,6884693,1391952
superblock,cube,768,webp-replacement-q80,view,1048576,1039960,75.58333,28.98556,0.9489822,26.14245,14814550,1391952
superblock,cube,768,webp-replacement-q80,view,1391952,1391952,91,28.98556,0.9489822,28.84412,18855936,1391952
superblock,cube,768,webp-replacement-q80,view-direct,8192,4524,1,18.564,0.2756292,18.70137,55296,1391952
superblock,cube,768,webp-replacement-q80,view-direct,16384,4524,1,18.564,0.2756292,18.70137,55296,1391952
superblock,cube,768,webp-replacement-q80,view-direct,32768,20392.5,2,19.42097,0.3681267,18.70137,317440,1391952
superblock,cube,768,webp-replacement-q80,view-direct,65536,55987.33,3.916667,21.24309,0.5501923,18.70137,819882.7,1391952
superblock,cube,768,webp-replacement-q80,view-direct,131072,120560,7.75,24.42122,0.7817434,18.80474,1693013,1391952
superblock,cube,768,webp-replacement-q80,view-direct,262144,252942.3,18.91667,28.92106,0.9477946,19.72234,3497984,1391952
superblock,cube,768,webp-replacement-q80,view-direct,524288,517529.5,42.33333,28.98556,0.9489822,22.95082,6922923,1391952
superblock,cube,768,webp-replacement-q80,view-direct,1048576,1039960,75.58333,28.98556,0.9489822,26.14245,14814550,1391952
superblock,cube,768,webp-replacement-q80,view-direct,1391952,1391952,91,28.98556,0.9489822,28.84412,18855936,1391952
superblock,cube,768,jpeg-replacement-q80-whole,level,8192,8041,2,18.61042,0.2824776,,92160,1410755
superblock,cube,768,jpeg-replacement-q80-whole,level,16384,13879,4,19.04802,0.3081029,,165888,1410755
superblock,cube,768,jpeg-replacement-q80-whole,level,32768,23761,7,19.55337,0.3540457,,276480,1410755
superblock,cube,768,jpeg-replacement-q80-whole,level,65536,56107,10,20.32571,0.429941,,718848,1410755
superblock,cube,768,jpeg-replacement-q80-whole,level,131072,95461,13,21.18161,0.5464599,,1161216,1410755
superblock,cube,768,jpeg-replacement-q80-whole,level,262144,217213,16,22.26766,0.63521,,2930688,1410755
superblock,cube,768,jpeg-replacement-q80-whole,level,524288,378829,19,23.89833,0.7892009,,4700160,1410755
superblock,cube,768,jpeg-replacement-q80-whole,level,1048576,998902,23,25.95618,0.8593607,,14137344,1410755
superblock,cube,768,jpeg-replacement-q80-whole,level,1410755,1410755,25,28.42957,0.9478421,,18855936,1410755
superblock,cube,768,jpeg-replacement-q80-whole,gain,8192,8041,2,18.61042,0.2824776,,92160,1410755
superblock,cube,768,jpeg-replacement-q80-whole,gain,16384,15337,4,19.01911,0.3207786,,165888,1410755
superblock,cube,768,jpeg-replacement-q80-whole,gain,32768,23761,7,19.55337,0.3540457,,276480,1410755
superblock,cube,768,jpeg-replacement-q80-whole,gain,65536,64165,10,20.39005,0.4647237,,718848,1410755
superblock,cube,768,jpeg-replacement-q80-whole,gain,131072,95461,13,21.18161,0.5464599,,1161216,1410755
superblock,cube,768,jpeg-replacement-q80-whole,gain,262144,253277,16,22.56656,0.6773116,,2930688,1410755
superblock,cube,768,jpeg-replacement-q80-whole,gain,524288,378829,19,23.89833,0.7892009,,4700160,1410755
superblock,cube,768,jpeg-replacement-q80-whole,gain,1048576,941155,22,26.08524,0.8686106,,11778048,1410755
superblock,cube,768,jpeg-replacement-q80-whole,gain,1410755,1410755,25,28.42957,0.9478421,,18855936,1410755
superblock,cube,768,jpeg-replacement-q80-whole,view,8192,6620.417,1.666667,18.98361,0.3061,18.59609,79872,1410755
superblock,cube,768,jpeg-replacement-q80-whole,view,16384,13255.33,3.583333,19.74613,0.3639895,18.59712,159744,1410755
superblock,cube,768,jpeg-replacement-q80-whole,view,32768,25313.83,4.833333,20.70172,0.4941767,18.59756,307200,1410755
superblock,cube,768,jpeg-replacement-q80-whole,view,65536,46545.92,6.5,21.44745,0.557542,18.59884,589824,1410755
superblock,cube,768,jpeg-replacement-q80-whole,view,131072,96636.5,7.75,23.05773,0.7269885,18.59907,1216512,1410755
superblock,cube,768,jpeg-replacement-q80-whole,view,262144,186323.1,10.25,24.31214,0.7967586,18.84713,2423808,1410755
superblock,cube,768,jpeg-replacement-q80-whole,view,524288,443674.9,14.16667,27.05069,0.9134319,19.40955,5968896,1410755
superblock,cube,768,jpeg-replacement-q80-whole,view,1048576,999727.4,22,28.42906,0.947837,23.38479,13492224,1410755
superblock,cube,768,jpeg-replacement-q80-whole,view,1410755,1410755,25,28.42957,0.9478421,28.27374,18855936,1410755
superblock,cube,768,jpeg-replacement-q80-whole,view-direct,8192,4664,1,18.45525,0.2713501,18.59609,55296,1410755
superblock,cube,768,jpeg-replacement-q80-whole,view-direct,16384,4664,1,18.45525,0.2713501,18.59609,55296,1410755
superblock,cube,768,jpeg-replacement-q80-whole,view-direct,32768,4664,1,18.45525,0.2713501,18.59609,55296,1410755
superblock,cube,768,jpeg-replacement-q80-whole,view-direct,65536,4664,1,18.45525,0.2713501,18.59609,55296,1410755
superblock,cube,768,jpeg-replacement-q80-whole,view-direct,131072,30945.17,1.75,19.82879,0.3413422,18.69966,663552,1410755
superblock,cube,768,jpeg-replacement-q80-whole,view-direct,262144,187618.1,4.5,24.16076,0.7635179,18.95399,2654208,1410755
superblock,cube,768,jpeg-replacement-q80-whole,view-direct,524288,464204.4,10.08333,28.11448,0.9350673,19.70969,6500352,1410755
superblock,cube,768,jpeg-replacement-q80-whole,view-direct,1048576,1015305,22.58333,28.42957,0.9478421,24.32034,13744128,1410755
superblock,cube,768,jpeg-replacement-q80-whole,view-direct,1410755,1410755,25,28.42957,0.9478421,28.27374,18855936,1410755
northrop-mall,eac,768,exact,all,,10616832,,33.00897,0.9671226,,,
northrop-mall,eac,768,exact,coarse,,41472,,21.21982,0.4833257,,,
northrop-mall,eac,768,haar-residual-d12,level,8192,0,0,,,,0,1407759
northrop-mall,eac,768,haar-residual-d12,level,16384,0,0,,,,0,1407759
northrop-mall,eac,768,haar-residual-d12,level,32768,25402,1,21.19992,0.483298,,55296,1407759
northrop-mall,eac,768,haar-residual-d12,level,65536,62841,6,22.38281,0.5455033,,239616,1407759
northrop-mall,eac,768,haar-residual-d12,level,131072,113196,9,23.03632,0.6034069,,571392,1407759
northrop-mall,eac,768,haar-residual-d12,level,262144,255018,17,24.51886,0.719776,,1751040,1407759
northrop-mall,eac,768,haar-residual-d12,level,524288,507063,34,26.76242,0.8263636,,4372480,1407759
northrop-mall,eac,768,haar-residual-d12,level,1048576,1046922,69,29.71756,0.9128718,,13088768,1407759
northrop-mall,eac,768,haar-residual-d12,level,1407759,1407759,91,31.64745,0.9586981,,18855936,1407759
northrop-mall,eac,768,haar-residual-d12,gain,8192,0,0,,,,0,1407759
northrop-mall,eac,768,haar-residual-d12,gain,16384,0,0,,,,0,1407759
northrop-mall,eac,768,haar-residual-d12,gain,32768,25402,1,21.19992,0.483298,,55296,1407759
northrop-mall,eac,768,haar-residual-d12,gain,65536,60497,5,22.1875,0.5441123,,202752,1407759
northrop-mall,eac,768,haar-residual-d12,gain,131072,118953,8,23.21409,0.6229718,,534528,1407759
northrop-mall,eac,768,haar-residual-d12,gain,262144,252965,15,25.04313,0.7278247,,1554432,1407759
northrop-mall,eac,768,haar-residual-d12,gain,524288,516413,31,26.91292,0.8352039,,4110336,1407759
northrop-mall,eac,768,haar-residual-d12,gain,1048576,1048274,59,29.55622,0.9180048,,10598400,1407759
northrop-mall,eac,768,haar-residual-d12,gain,1407759,1407759,91,31.64745,0.9586981,,18855936,1407759
northrop-mall,eac,768,haar-residual-d12,view,8192,0,0,,,,0,1407759
northrop-mall,eac,768,haar-residual-d12,view,16384,0,0,,,,0,1407759
northrop-mall,eac,768,haar-residual-d12,view,32768,26388.42,1.5,21.39928,0.4841253,20.17482,109568,1407759
northrop-mall,eac,768,haar-residual-d12,view,65536,53666.75,5.416667,22.91141,0.5805391,20.176,460800,1407759
northrop-mall,eac,768,haar-residual-d12,view,131072,111646.7,8.666667,24.86383,0.7226549,20.23472,950613.3,1407759
northrop-mall,eac,768,haar-residual-d12,view,262144,253458.5,18.91667,28.73047,0.8708407,20.39102,3009536,1407759
northrop-mall,eac,768,haar-residual-d12,view,524288,515335,34.75,31.59626,0.9576786,22.57524,5714603,1407759
northrop-mall,eac,768,haar-residual-d12,view,1048576,1044003,70.33333,31.64745,0.9586981,27.56922,13438290,1407759
northrop-mall,eac,768,haar-residual-d12,view,1407759,1407759,91,31.64745,0.9586981,30.45627,18855936,1407759
northrop-mall,eac,768,haar-residual-d12-p0.5,level,8192,0,0,,,,0,1283578
northrop-mall,eac,768,haar-residual-d12-p0.5,level,16384,14574,1,20.93244,0.4828603,,55296,1283578
northrop-mall,eac,768,haar-residual-d12-p0.5,level,32768,30669,4,21.745,0.5324193,,165888,1283578
northrop-mall,eac,768,haar-residual-d12-p0.5,level,65536,58936,8,22.30988,0.5782633,,423936,1283578
northrop-mall,eac,768,haar-residual-d12-p0.5,level,131072,116244,12,23.55998,0.6616948,,1013760,1283578
northrop-mall,eac,768,haar-residual-d12-p0.5,level,262144,250091,22,24.9077,0.7545163,,2603008,1283578
northrop-mall,eac,768,haar-residual-d12-p0.5,level,524288,520365,44,26.60872,0.8581023,,6535168,1283578
northrop-mall,eac,768,haar-residual-d12-p0.5,level,1048576,1048361,83,29.38308,0.9200678,,16758784,1283578
northrop-mall,eac,768,haar-residual-d12-p0.5,level,1283578,1283578,91,30.31057,0.9522591,,18855936,1283578
northrop-mall,eac,768,haar-residual-d12-p0.5,gain,8192,0,0,,,,0,1283578
northrop-mall,eac,768,haar-residual-d12-p0.5,gain,16384,14574,1,20.93244,0.4828603,,55296,1283578
northrop-mall,eac,768,haar-residual-d12-p0.5,gain,32768,30669,4,21.745,0.5324193,,165888,1283578
northrop-mall,eac,768,haar-residual-d12-p0.5,gain,65536,44426,7,22.13167,0.5588002,,276480,1283578
northrop-mall,eac,768,haar-residual-d12-p0.5,gain,131072,114307,11,23.43084,0.6605554,,866304,1283578
northrop-mall,eac,768,haar-residual-d12-p0.5,gain,262144,247409,18,24.83925,0.7520902,,2078720,1283578
northrop-mall,eac,768,haar-residual-d12-p0.5,gain,524288,523024,40,27.06155,0.8634713,,5617664,1283578
northrop-mall,eac,768,haar-residual-d12-p0.5,gain,1048576,1038812,68,29.40682,0.9242314,,12957696,1283578
northrop-mall,eac,768,haar-residual-d12-p0.5,gain,1283578,1283578,91,30.31057,0.9522591,,18855936,1283578
northrop-mall,eac,768,haar-residual-d12-p0.5,view,8192,0,0,,,,0,1283578
northrop-mall,eac,768,haar-residual-d12-p0.5,view,16384,14789.25,1.25,21.01227,0.4831451,19.9171,64512,1283578
northrop-mall,eac,768,haar-residual-d12-p0.5,view,32768,28064.5,4.75,22.21762,0.5580668,19.91784,408234.7,1283578
northrop-mall,eac,768,haar-residual-d12-p0.5,view,65536,54297.08,7,23.45291,0.6603895,19.97567,676181.3,1283578
northrop-mall,eac,768,haar-residual-d12-p0.5,view,131072,122794.5,12.83333,25.76147,0.7901152,19.9762,1732949,1283578
northrop-mall,eac,768,haar-residual-d12-p0.5,view,262144,252418.7,22.75,28.64368,0.8945892,20.40201,3698005,1283578
northrop-mall,eac,768,haar-residual-d12-p0.5,view,524288,516932,41.58333,30.30813,0.9522196,24.11511,6805845,1283578
northrop-mall,eac,768,haar-residual-d12-p0.5,view,1048576,1045135,79.33333,30.31057,0.9522591,27.5867,15797590,1283578
northrop-mall,eac,768,haar-residual-d12-p0.5,view,1283578,1283578,91,30.31057,0.9522591,29.22324,18855936,1283578
northrop-mall,eac,768,jpeg-residual-q80,level,8192,7108,2,20.42259,0.4894335,,92160,1081529
northrop-mall,eac,768,jpeg-residual-q80,level,16384,15725,5,21.23099,0.53369,,202752,1081529
northrop-mall,eac,768,jpeg-residual-q80,level,32768,28178,8,21.87511,0.5689003,,423936,1081529
northrop-mall,eac,768,jpeg-residual-q80,level,65536,60810,12,23.30773,0.6521183,,1013760,1081529
northrop-mall,eac,768,jpeg-residual-q80,level,131072,130983,20,24.16993,0.7281687,,2275328,1081529
northrop-mall,eac,768,jpeg-residual-q80,level,262144,255824,34,25.96447,0.8161862,,4372480,1081529
northrop-mall,eac,768,jpeg-residual-q80,level,524288,515361,55,27.27462,0.8781866,,9418752,1081529
northrop-mall,eac,768,jpeg-residual-q80,level,1048576,1030584,89,30.55529,0.9483866,,18331648,1081529
northrop-mall,eac,768,jpeg-residual-q80,level,1081529,1081529,91,30.89655,0.9575599,,18855936,1081529
northrop-mall,eac,768,jpeg-residual-q80,gain,8192,7108,2,20.42259,0.4894335,,92160,1081529
northrop-mall,eac,768,jpeg-residual-q80,gain,16384,15725,5,21.23099,0.53369,,202752,1081529
northrop-mall,eac,768,jpeg-residual-q80,gain,32768,31689,8,22.219,0.5893106,,423936,1081529
northrop-mall,eac,768,jpeg-residual-q80,gain,65536,58818,11,22.9289,0.649838,,866304,1081529
northrop-mall,eac,768,jpeg-residual-q80,gain,131072,123826,17,24.35773,0.7233516,,1816576,1081529
northrop-mall,eac,768,jpeg-residual-q80,gain,262144,261739,31,26.07416,0.8313354,,3979264,1081529
northrop-mall,eac,768,jpeg-residual-q80,gain,524288,510292,45,27.45829,0.8796124,,6928384,1081529
northrop-mall,eac,768,jpeg-residual-q80,gain,1048576,1045288,80,30.69576,0.954313,,16103424,1081529
northrop-mall,eac,768,jpeg-residual-q80,gain,1081529,1081529,91,30.89655,0.9575599,,18855936,1081529
northrop-mall,eac,768,jpeg-residual-q80,view,8192,7311.167,2.25,21.52899,0.5289628,19.29855,110592,1081529
northrop-mall,eac,768,jpeg-residual-q80,view,16384,12791.83,4.5,22.208,0.5511177,19.301,267605.3,1081529
northrop-mall,eac,768,jpeg-residual-q80,view,32768,24685.5,6.166667,23.41142,0.6542882,19.301,570709.3,1081529
northrop-mall,eac,768,jpeg-residual-q80,view,65536,58587.42,10.25,25.07613,0.7538066,19.35353,1222315,1081529
northrop-mall,eac,768,jpeg-residual-q80,view,131072,124268.2,17.75,27.5175,0.860907,19.44317,2696875,1081529
northrop-mall,eac,768,jpeg-residual-q80,view,262144,254535.4,28.91667,30.25422,0.937847,20.43342,4782080,1081529
northrop-mall,eac,768,jpeg-residual-q80,view,524288,518228.2,54.83333,30.89655,0.9575599,25.3436,9451520,1081529
northrop-mall,eac,768,jpeg-residual-q80,view,1048576,1031165,88.33333,30.89655,0.9575599,28.84556,18156890,1081529
northrop-mall,eac,768,jpeg-residual-q80,view,1081529,1081529,91,30.89655,0.9575599,29.70096,18855936,1081529
northrop-mall,eac,768,jpeg-replacement-q80,level,8192,7602,2,20.42162,0.4895563,,92160,1297125
northrop-mall,eac,768,jpeg-replacement-q80,level,16384,14249,4,21.06692,0.5238278,,165888,1297125
northrop-mall,eac,768,jpeg-replacement-q80,level,32768,32748,8,21.94951,0.5689732,,423936,1297125
northrop-mall,eac,768,jpeg-replacement-q80,level,65536,56574,10,22.80136,0.6312819,,718848,1297125
northrop-mall,eac,768,jpeg-replacement-q80,level,131072,125777,17,23.77845,0.7070112,,1751040,1297125
northrop-mall,eac,768,jpeg-replacement-q80,level,262144,261803,28,25.32425,0.7905923,,3454976,1297125
northrop-mall,eac,768,jpeg-replacement-q80,level,524288,521705,50,26.81539,0.8654357,,8108032,1297125
northrop-mall,eac,768,jpeg-replacement-q80,level,1048576,1031519,82,29.86561,0.9202716,,16496640,1297125
northrop-mall,eac,768,jpeg-replacement-q80,level,1297125,1297125,91,30.91532,0.9577419,,18855936,1297125
northrop-mall,eac,768,jpeg-replacement-q80,gain,8192,4543,1,20.26253,0.477772,,55296,1297125
northrop-mall,eac,768,jpeg-replacement-q80,gain,16384,15104,4,20.95995,0.5224956,,165888,1297125
northrop-mall,eac,768,jpeg-replacement-q80,gain,32768,22464,7,21.76973,0.5495829,,276480,1297125
northrop-mall,eac,768,jpeg-replacement-q80,gain,65536,56574,10,22.80136,0.6312819,,718848,1297125
northrop-mall,eac,768,jpeg-replacement-q80,gain,131072,124094,15,24.22973,0.7149695,,1554432,1297125
northrop-mall,eac,768,jpeg-replacement-q80,gain,262144,252262,24,25.34095,0.7891548,,3192832,1297125
northrop-mall,eac,768,jpeg-replacement-q80,gain,524288,508905,41,27.07549,0.8671826,,5879808,1297125
northrop-mall,eac,768,jpeg-replacement-q80,gain,1048576,1042051,68,29.82959,0.9297559,,12957696,1297125
northrop-mall,eac,768,jpeg-replacement-q80,gain,1297125,1297125,91,30.91532,0.9577419,,18855936,1297125
northrop-mall,eac,768,jpeg-replacement-q80,view,8192,6349.417,1.75,21.08754,0.5070679,19.29855,82944,1297125
northrop-mall,eac,768,jpeg-replacement-q80,view,16384,13876.42,4.25,22.11964,0.5512273,19.30037,237226.7,1297125
northrop-mall,eac,768,jpeg-replacement-q80,view,32768,27134.17,5.916667,23.35615,0.648936,19.30096,514730.7,1297125
northrop-mall,eac,768,jpeg-replacement-q80,view,65536,58330.5,9.25,24.47334,0.7257872,19.35339,1033899,1297125
northrop-mall,eac,768,jpeg-replacement-q80,view,131072,124935.2,15.66667,26.78718,0.8401125,19.44268,2281813,1297125
northrop-mall,eac,768,jpeg-replacement-q80,view,262144,253226.3,24.83333,29.67876,0.9169326,19.94874,4118869,1297125
northrop-mall,eac,768,jpeg-replacement-q80,view,524288,516616.5,46.25,30.91532,0.9577419,24.41048,7641088,1297125
northrop-mall,eac,768,jpeg-replacement-q80,view,1048576,1035529,78.66667,30.91532,0.9577419,27.81207,15622830,1297125
northrop-mall,eac,768,jpeg-replacement-q80,view,1297125,1297125,91,30.91532,0.9577419,29.72296,18855936,1297125
northrop-mall,eac,768,jpeg-replacement-q80,view-direct,8192,5062.5,1.25,20.28061,0.477929,19.29855,120832,1297125
northrop-mall,eac,768,jpeg-replacement-q80,view-direct,16384,7879.333,2.166667,20.61468,0.4819351,19.29855,361130.7,1297125
northrop-mall,eac,768,jpeg-replacement-q80,view-direct,32768,21767.83,3.916667,21.82509,0.5261838,19.29855,819882.7,1297125
northrop-mall,eac,768,jpeg-replacement-q80,view-direct,65536,59905.25,6.333333,23.94711,0.6446266,19.34987,1331200,1297125
northrop-mall,eac,768,jpeg-replacement-q80,view-direct,131072,121193.7,10.75,26.62339,0.7909928,19.61271,2159275,1297125
northrop-mall,eac,768,jpeg-replacement-q80,view-direct,262144,253932.2,22.58333,30.7023,0.9491042,21.27364,4008619,1297125
northrop-mall,eac,768,jpeg-replacement-q80,view-direct,524288,516708.8,47,30.91532,0.9577419,24.92742,7753045,1297125
northrop-mall,eac,768,jpeg-replacement-q80,view-direct,1048576,1035529,78.66667,30.91532,0.9577419,27.81207,15622830,1297125
northrop-mall,eac,768,jpeg-replacement-q80,view-direct,1297125,1297125,91,30.91532,0.9577419,29.72296,18855936,1297125
northrop-mall,eac,768,webp-replacement-q80,level,8192,6846,2,20.54738,0.4931568,,92160,1216080
northrop-mall,eac,768,webp-replacement-q80,level,16384,12974,4,21.20667,0.5284453,,165888,1216080
northrop-mall,eac,768,webp-replacement-q80,level,32768,29768,8,22.04618,0.5733656,,423936,1216080
northrop-mall,eac,768,webp-replacement-q80,level,65536,64648,11,23.1264,0.6543236,,866304,1216080
northrop-mall,eac,768,webp-replacement-q80,level,131072,125840,18,24.14789,0.720469,,2013184,1216080
northrop-mall,eac,768,webp-replacement-q80,level,262144,254044,33,25.94924,0.798411,,4110336,1216080
northrop-mall,eac,768,webp-replacement-q80,level,524288,523494,53,27.40405,0.8751146,,8894464,1216080
northrop-mall,eac,768,webp-replacement-q80,level,1048576,1032778,85,30.42147,0.9323536,,17283072,1216080
northrop-mall,eac,768,webp-replacement-q80,level,1216080,1216080,91,31.22323,0.9573116,,18855936,1216080
northrop-mall,eac,768,webp-replacement-q80,gain,8192,6846,2,20.54738,0.4931568,,92160,1216080
northrop-mall,eac,768,webp-replacement-q80,gain,16384,12974,4,21.20667,0.5284453,,165888,1216080
northrop-mall,eac,768,webp-replacement-q80,gain,32768,28750,8,22.18055,0.5763052,,423936,1216080
northrop-mall,eac,768,webp-replacement-q80,gain,65536,64648,11,23.1264,0.6543236,,866304,1216080
northrop-mall,eac,768,webp-replacement-q80,gain,131072,126876,16,24.49945,0.7253703,,1816576,1216080
northrop-mall,eac,768,webp-replacement-q80,gain,262144,252152,27,25.94955,0.8053235,,3520512,1216080
northrop-mall,eac,768,webp-replacement-q80,gain,524288,498160,44,27.61936,0.86942,,6666240,1216080
northrop-mall,eac,768,webp-replacement-q80,gain,1048576,1040982,75,30.45136,0.9363133,,14792704,1216080
northrop-mall,eac,768,webp-replacement-q80,gain,1216080,1216080,91,31.22323,0.9573116,,18855936,1216080
northrop-mall,eac,768,webp-replacement-q80,view,8192,7189.833,2.333333,21.67116,0.533107,19.44047,132437.3,1216080
northrop-mall,eac,768,webp-replacement-q80,view,16384,12628.17,4.666667,22.31949,0.5559433,19.44227,330069.3,1216080
northrop-mall,eac,768,webp-replacement-q80,view,32768,25202.67,6.416667,23.50281,0.6533615,19.44288,608256,1216080
northrop-mall,eac,768,webp-replacement-q80,view,65536,59019.33,9.916667,24.94953,0.7417092,19.49744,1167701,1216080
northrop-mall,eac,768,webp-replacement-q80,view,131072,123568.5,16.91667,27.45131,0.8451973,19.59105,2582187,1216080
northrop-mall,eac,768,webp-replacement-q80,view,262144,253321.8,26.75,30.1429,0.9228238,20.31307,4464640,1216080
northrop-mall,eac,768,webp-replacement-q80,view,524288,518006.2,49.25,31.22323,0.9573116,24.98487,8293717,1216080
northrop-mall,eac,768,webp-replacement-q80,view,1048576,1033932,83.33333,31.22323,0.9573116,28.38151,16846170,1216080
northrop-mall,eac,768,webp-replacement-q80,view,1216080,1216080,91,31.22323,0.9573116,30.06021,18855936,1216080
northrop-mall,eac,768,webp-replacement-q80,view-direct,8192,5002.667,1.583333,20.50644,0.4819545,19.44047,208213.3,1216080
northrop-mall,eac,768,webp-replacement-q80,view-direct,16384,8943,3.166667,21.20263,0.4927916,19.44047,623274.7,1216080
northrop-mall,eac,768,webp-replacement-q80,view-direct,32768,22736.83,4.666667,22.11869,0.5476721,19.44047,922624,1216080
northrop-mall,eac,768,webp-replacement-q80,view-direct,65536,52757.17,6.666667,24.09438,0.6393569,19.49388,1409024,1216080
northrop-mall,eac,768,webp-replacement-q80,view-direct,131072,123161.5,12.5,27.71794,0.8125401,19.86062,2447360,1216080
northrop-mall,eac,768,webp-replacement-q80,view-direct,262144,256945.2,24.75,31.00382,0.9493393,21.61935,4328789,1216080
northrop-mall,eac,768,webp-replacement-q80,view-direct,524288,515498,50.16667,31.22323,0.9573116,25.22169,8419328,1216080
northrop-mall,eac,768,webp-replacement-q80,view-direct,1048576,1033932,83.33333,31.22323,0.9573116,28.38151,16846170,1216080
northrop-mall,eac,768,webp-replacement-q80,view-direct,1216080,1216080,91,31.22323,0.9573116,30.06021,18855936,1216080
northrop-mall,eac,768,jpeg-replacement-q80-whole,level,8192,7602,2,20.42162,0.4895563,,92160,1278798
northrop-mall,eac,768,jpeg-replacement-q80-whole,level,16384,14249,4,21.06692,0.5238278,,165888,1278798
northrop-mall,eac,768,jpeg-replacement-q80-whole,level,32768,32748,8,21.94951,0.5689732,,423936,1278798
northrop-mall,eac,768,jpeg-replacement-q80-whole,level,65536,56574,10,22.80136,0.6312819,,718848,1278798
northrop-mall,eac,768,jpeg-replacement-q80-whole,level,131072,124841,14,23.77846,0.7070115,,1751040,1278798
northrop-mall,eac,768,jpeg-replacement-q80-whole,level,262144,214916,16,25.03776,0.7720639,,2930688,1278798
northrop-mall,eac,768,jpeg-replacement-q80-whole,level,524288,476760,20,26.62992,0.8614192,,7059456,1278798
northrop-mall,eac,768,jpeg-replacement-q80-whole,level,1048576,1015794,24,29.86624,0.9202719,,16496640,1278798
northrop-mall,eac,768,jpeg-replacement-q80-whole,level,1278798,1278798,25,30.91604,0.9577421,,18855936,1278798
northrop-mall,eac,768,jpeg-replacement-q80-whole,gain,8192,4543,1,20.26253,0.477772,,55296,1278798
northrop-mall,eac,768,jpeg-replacement-q80-whole,gain,16384,15104,4,20.95995,0.5224956,,165888,1278798
northrop-mall,eac,768,jpeg-replacement-q80-whole,gain,32768,22464,7,21.76973,0.5495829,,276480,1278798
northrop-mall,eac,768,jpeg-replacement-q80-whole,gain,65536,56574,10,22.80136,0.6312819,,718848,1278798
northrop-mall,eac,768,jpeg-replacement-q80-whole,gain,131072,87209,13,23.54854,0.6862834,,1161216,1278798
northrop-mall,eac,768,jpeg-replacement-q80-whole,gain,262144,256434,16,25.02102,0.7991997,,2930688,1278798
northrop-mall,eac,768,jpeg-replacement-q80-whole,gain,524288,337233,19,26.29658,0.8463163,,4700160,1278798
northrop-mall,eac,768,jpeg-replacement-q80-whole,gain,1048576,980990,22,28.75342,0.9236287,,11778048,1278798
northrop-mall,eac,768,jpeg-replacement-q80-whole,gain,1278798,1278798,25,30.91604,0.9577421,,18855936,1278798
northrop-mall,eac,768,jpeg-replacement-q80-whole,view,8192,6349.417,1.75,21.08754,0.5070679,19.29855,82944,1278798
northrop-mall,eac,768,jpeg-replacement-q80-whole,view,16384,13952.67,4.083333,22.23743,0.5512533,19.30037,242688,1278798
northrop-mall,eac,768,jpeg-replacement-q80-whole,view,32768,25828.83,5.25,23.29464,0.6488397,19.30096,405504,1278798
northrop-mall,eac,768,jpeg-replacement-q80-whole,view,65536,47733.92,7.333333,24.07584,0.6884993,19.35339,924672,1278798
northrop-mall,eac,768,jpeg-replacement-q80-whole,view,131072,97999.83,8.916667,25.67239,0.7986066,19.44268,1637376,1278798
northrop-mall,eac,768,jpeg-replacement-q80-whole,view,262144,180082.7,10.75,26.73029,0.8479101,19.44432,3013632,1278798
northrop-mall,eac,768,jpeg-replacement-q80-whole,view,524288,439424.7,15.41667,29.61883,0.9243692,20.7877,6991872,1278798
northrop-mall,eac,768,jpeg-replacement-q80-whole,view,1048576,965284,22.66667,30.91545,0.9577184,25.20091,14401536,1278798
northrop-mall,eac,768,jpeg-replacement-q80-whole,view,1278798,1278798,25,30.91604,0.9577421,29.72376,18855936,1278798
northrop-mall,eac,768,jpeg-replacement-q80-whole,view-direct,8192,4543,1,20.26253,0.477772,19.29855,55296,1278798
northrop-mall,eac,768,jpeg-replacement-q80-whole,view-direct,16384,4543,1,20.26253,0.477772,19.29855,55296,1278798
northrop-mall,eac,768,jpeg-replacement-q80-whole,view-direct,32768,11173.25,1.25,21.50556,0.4840919,19.29855,645120,1278798
northrop-mall,eac,768,jpeg-replacement-q80-whole,view-direct,65536,13523.67,1.833333,21.50556,0.4840919,19.34987,675840,1278798
northrop-mall,eac,768,jpeg-replacement-q80-whole,view-direct,131072,18062.08,2.25,21.50556,0.4840919,19.43877,737280,1278798
northrop-mall,eac,768,jpeg-replacement-q80-whole,view-direct,262144,174420.8,4.25,26.0485,0.7475194,19.56291,3299328,1278798
northrop-mall,eac,768,jpeg-replacement-q80-whole,view-direct,524288,433258.9,10.83333,30.21206,0.9331705,21.08302,6998016,1278798
northrop-mall,eac,768,jpeg-replacement-q80-whole,view-direct,1048576,980257,23.16667,30.91604,0.9577421,25.8129,14678016,1278798
northrop-mall,eac,768,jpeg-replacement-q80-whole,view-direct,1278798,1278798,25,30.91604,0.9577421,29.72376,18855936,1278798
walter-study,eac,768,exact,all,,10616832,,32.7789,0.9671811,,,
walter-study,eac,768,exact,coarse,,41472,,18.50839,0.3457882,,,
walter-study,eac,768,haar-residual-d12,level,8192,0,0,,,,0,1356215
walter-study,eac,768,haar-residual-d12,level,16384,0,0,,,,0,1356215
walter-study,eac,768,haar-residual-d12,level,32768,30295,1,18.50738,0.3457804,,55296,1356215
walter-study,eac,768,haar-residual-d12,level,65536,62624,4,19.49036,0.4061541,,165888,1356215
walter-study,eac,768,haar-residual-d12,level,131072,122800,8,20.90434,0.5004294,,423936,1356215
walter-study,eac,768,haar-residual-d12,level,262144,238987,12,22.97639,0.6378065,,1013760,1356215
walter-study,eac,768,haar-residual-d12,level,524288,494592,29,25.03026,0.7576123,,3520512,1356215
walter-study,eac,768,haar-residual-d12,level,1048576,1044486,72,28.93402,0.8975729,,13875200,1356215
walter-study,eac,768,haar-residual-d12,level,1356215,1356215,91,31.33562,0.9581146,,18855936,1356215
walter-study,eac,768,haar-residual-d12,gain,8192,0,0,,,,0,1356215
walter-study,eac,768,haar-residual-d12,gain,16384,0,0,,,,0,1356215
walter-study,eac,768,haar-residual-d12,gain,32768,30295,1,18.50738,0.3457804,,55296,1356215
walter-study,eac,768,haar-residual-d12,gain,65536,63523,4,19.3608,0.3987409,,165888,1356215
walter-study,eac,768,haar-residual-d12,gain,131072,114957,7,20.73775,0.4803231,,387072,1356215
walter-study,eac,768,haar-residual-d12,gain,262144,238987,12,22.97639,0.6378065,,1013760,1356215
walter-study,eac,768,haar-residual-d12,gain,524288,518330,28,25.45372,0.7733675,,3782656,1356215
walter-study,eac,768,haar-residual-d12,gain,1048576,1043216,70,29.29748,0.9062358,,13350912,1356215
walter-study,eac,768,haar-residual-d12,gain,1356215,1356215,91,31.33562,0.9581146,,18855936,1356215
walter-study,eac,768,haar-residual-d12,view,8192,0,0,,,,0,1356215
walter-study,eac,768,haar-residual-d12,view,16384,0,0,,,,0,1356215
walter-study,eac,768,haar-residual-d12,view,32768,30295,1,18.50738,0.3457804,19.12757,55296,1356215
walter-study,eac,768,haar-residual-d12,view,65536,59481.58,3.583333,20.71688,0.4942222,19.13072,159744,1356215
walter-study,eac,768,haar-residual-d12,view,131072,121923.8,6.416667,23.56793,0.6979841,19.13084,558421.3,1356215
walter-study,eac,768,haar-residual-d12,view,262144,253642.1,13.83333,27.23288,0.8671081,19.31252,1886549,1356215
walter-study,eac,768,haar-residual-d12,view,524288,509460.8,30.58333,31.33562,0.9581146,22.44234,5152085,1356215
walter-study,eac,768,haar-residual-d12,view,1048576,1041838,70.25,31.33562,0.9581146,28.4581,13416448,1356215
walter-study,eac,768,haar-residual-d12,view,1356215,1356215,91,31.33562,0.9581146,31.24072,18855936,1356215
walter-study,eac,768,haar-residual-d12-p0.5,level,8192,0,0,,,,0,1191541
walter-study,eac,768,haar-residual-d12-p0.5,level,16384,0,0,,,,0,1191541
walter-study,eac,768,haar-residual-d12-p0.5,level,32768,26148,2,18.74218,0.3633245,,92160,1191541
walter-study,eac,768,haar-residual-d12-p0.5,level,65536,59600,7,20.55231,0.4775737,,276480,1191541
walter-study,eac,768,haar-residual-d12-p0.5,level,131072,115364,10,21.69836,0.5631555,,718848,1191541
walter-study,eac,768,haar-residual-d12-p0.5,level,262144,260681,20,23.76372,0.7098121,,2275328,1191541
walter-study,eac,768,haar-residual-d12-p0.5,level,524288,520776,42,26.21986,0.8493837,,6010880,1191541
walter-study,eac,768,haar-residual-d12-p0.5,level,1048576,1046219,83,29.11448,0.922765,,16758784,1191541
walter-study,eac,768,haar-residual-d12-p0.5,level,1191541,1191541,91,29.72379,0.9496212,,18855936,1191541
walter-study,eac,768,haar-residual-d12-p0.5,gain,8192,0,0,,,,0,1191541
walter-study,eac,768,haar-residual-d12-p0.5,gain,16384,0,0,,,,0,1191541
walter-study,eac,768,haar-residual-d12-p0.5,gain,32768,26215,2,18.67219,0.3586886,,92160,1191541
walter-study,eac,768,haar-residual-d12-p0.5,gain,65536,55009,6,20.44847,0.4609816,,239616,1191541
walter-study,eac,768,haar-residual-d12-p0.5,gain,131072,118305,10,21.57678,0.5529276,,718848,1191541
walter-study,eac,768,haar-residual-d12-p0.5,gain,262144,254024,18,23.67897,0.6993791,,2209792,1191541
walter-study,eac,768,haar-residual-d12-p0.5,gain,524288,521877,41,26.37183,0.8439594,,6141952,1191541
walter-study,eac,768,haar-residual-d12-p0.5,gain,1048576,1048388,82,29.09529,0.9274478,,16496640,1191541
walter-study,eac,768,haar-residual-d12-p0.5,gain,1191541,1191541,91,29.72379,0.9496212,,18855936,1191541
walter-study,eac,768,haar-residual-d12-p0.5,view,8192,0,0,,,,0,1191541
walter-study,eac,768,haar-residual-d12-p0.5,view,16384,0,0,,,,0,1191541
walter-study,eac,768,haar-residual-d12-p0.5,view,32768,27310.83,2.25,20.05939,0.4517193,19.10034,101376,1191541
walter-study,eac,768,haar-residual-d12-p0.5,view,65536,57935.33,4.833333,22.20529,0.6096811,19.10346,326314.7,1191541
walter-study,eac,768,haar-residual-d12-p0.5,view,131072,123407.6,8.916667,24.24563,0.7453665,19.10516,1019904,1191541
walter-study,eac,768,haar-residual-d12-p0.5,view,262144,254040.7,18.83333,27.78477,0.9073403,19.28226,2918059,1191541
walter-study,eac,768,haar-residual-d12-p0.5,view,524288,520663.9,40.25,29.72379,0.9496212,24.4497,6529707,1191541
walter-study,eac,768,haar-residual-d12-p0.5,view,1048576,1044633,82.66667,29.72379,0.9496212,28.11797,16671400,1191541
walter-study,eac,768,haar-residual-d12-p0.5,view,1191541,1191541,91,29.72379,0.9496212,29.73408,18855936,1191541
walter-study,eac,768,jpeg-residual-q80,level,8192,5432,1,17.94334,0.3355943,,55296,1040917
walter-study,eac,768,jpeg-residual-q80,level,16384,14498,4,18.86727,0.3890764,,165888,1040917
walter-study,eac,768,jpeg-residual-q80,level,32768,23356,7,19.87588,0.453214,,276480,1040917
walter-study,eac,768,jpeg-residual-q80,level,65536,63284,11,21.29783,0.556227,,866304,1040917
walter-study,eac,768,jpeg-residual-q80,level,131072,116907,17,22.53291,0.6559028,,1751040,1040917
walter-study,eac,768,jpeg-residual-q80,level,262144,259940,33,25.15893,0.7855004,,4110336,1040917
walter-study,eac,768,jpeg-residual-q80,level,524288,515156,54,26.64073,0.8579969,,9156608,1040917
walter-study,eac,768,jpeg-residual-q80,level,1040917,1040917,91,30.82775,0.9557516,,18855936,1040917
walter-study,eac,768,jpeg-residual-q80,gain,8192,5432,1,17.94334,0.3355943,,55296,1040917
walter-study,eac,768,jpeg-residual-q80,gain,16384,15031,4,18.74972,0.3831971,,165888,1040917
walter-study,eac,768,jpeg-residual-q80,gain,32768,31882,7,19.99301,0.4567137,,387072,1040917
walter-study,eac,768,jpeg-residual-q80,gain,65536,65134,11,21.61231,0.5790264,,866304,1040917
walter-study,eac,768,jpeg-residual-q80,gain,131072,121424,16,22.71888,0.6605769,,1816576,1040917
walter-study,eac,768,jpeg-residual-q80,gain,262144,251810,31,25.0795,0.7781455,,3979264,1040917
walter-study,eac,768,jpeg-residual-q80,gain,524288,519575,54,26.84399,0.8545921,,9156608,1040917
walter-study,eac,768,jpeg-residual-q80,gain,1040917,1040917,91,30.82775,0.9557516,,18855936,1040917
walter-study,eac,768,jpeg-residual-q80,view,8192,6303.167,1.333333,18.31238,0.3590322,18.59555,67584,1040917
walter-study,eac,768,jpeg-residual-q80,view,16384,13647.17,3.583333,19.95836,0.4680401,18.59868,159744,1040917
walter-study,eac,768,jpeg-residual-q80,view,32768,25828.42,5,21.74903,0.5975871,18.59895,341333.3,1040917
walter-study,eac,768,jpeg-residual-q80,view,65536,57248.08,8.25,23.29823,0.7113236,18.60206,845141.3,1040917
walter-study,eac,768,jpeg-residual-q80,view,131072,125761.8,14.66667,26.16891,0.850007,18.60206,2013867,1040917
walter-study,eac,768,jpeg-residual-q80,view,262144,254703.3,25.58333,30.62404,0.9530601,19.32542,4431531,1040917
walter-study,eac,768,jpeg-residual-q80,view,524288,516549.3,53.41667,30.82775,0.9557516,26.05375,9003691,1040917
walter-study,eac,768,jpeg-residual-q80,view,1040917,1040917,91,30.82775,0.9557516,30.80699,18855936,1040917
walter-study,eac,768,jpeg-replacement-q80,level,8192,5432,1,17.94334,0.3355943,,55296,1286556
walter-study,eac,768,jpeg-replacement-q80,level,16384,16093,4,18.85795,0.3892136,,165888,1286556
walter-study,eac,768,jpeg-replacement-q80,level,32768,26516,7,19.86311,0.4535936,,276480,1286556
walter-study,eac,768,jpeg-replacement-q80,level,65536,62008,10,20.98699,0.53885,,718848,1286556
walter-study,eac,768,jpeg-replacement-q80,level,131072,126856,15,22.40358,0.6486101,,1554432,1286556
walter-study,eac,768,jpeg-replacement-q80,level,262144,254257,27,23.88818,0.7240104,,3323904,1286556
walter-study,eac,768,jpeg-replacement-q80,level,524288,514107,47,25.94219,0.8432285,,7321600,1286556
walter-study,eac,768,jpeg-replacement-q80,level,1048576,1040816,79,28.87334,0.9068884,,15710208,1286556
walter-study,eac,768,jpeg-replacement-q80,level,1286556,1286556,91,30.78777,0.9557384,,18855936,1286556
walter-study,eac,768,jpeg-replacement-q80,gain,8192,5432,1,17.94334,0.3355943,,55296,1286556
walter-study,eac,768,jpeg-replacement-q80,gain,16384,13114,3,18.40465,0.3634397,,129024,1286556
walter-study,eac,768,jpeg-replacement-q80,gain,32768,24058,6,19.76212,0.4392253,,239616,1286556
walter-study,eac,768,jpeg-replacement-q80,gain,65536,63980,10,20.87137,0.5284276,,718848,1286556
walter-study,eac,768,jpeg-replacement-q80,gain,131072,126101,14,22.47865,0.6295319,,1538048,1286556
walter-study,eac,768,jpeg-replacement-q80,gain,262144,253534,25,24.11319,0.7340134,,3258368,1286556
walter-study,eac,768,jpeg-replacement-q80,gain,524288,521491,47,26.28885,0.8440392,,7321600,1286556
walter-study,eac,768,jpeg-replacement-q80,gain,1048576,1039134,77,29.46546,0.9159721,,15185920,1286556
walter-study,eac,768,jpeg-replacement-q80,gain,1286556,1286556,91,30.78777,0.9557384,,18855936,1286556
walter-study,eac,768,jpeg-replacement-q80,view,8192,5636.833,1.083333,18.00768,0.3425748,18.59555,58368,1286556
walter-study,eac,768,jpeg-replacement-q80,view,16384,12967.42,3.166667,19.80736,0.4511189,18.59565,135168,1286556
walter-study,eac,768,jpeg-replacement-q80,view,32768,27498.67,4.833333,21.51877,0.5877345,18.5991,307200,1286556
walter-study,eac,768,jpeg-replacement-q80,view,65536,58559.75,7.5,22.91995,0.6915522,18.60192,704512,1286556
walter-study,eac,768,jpeg-replacement-q80,view,131072,125223.1,12.66667,25.71524,0.8358536,18.60196,1626112,1286556
walter-study,eac,768,jpeg-replacement-q80,view,262144,254060.6,21.41667,29.04986,0.9330652,19.06248,3529387,1286556
walter-study,eac,768,jpeg-replacement-q80,view,524288,515424.9,44.41667,30.78777,0.9557384,24.46202,7135915,1286556
walter-study,eac,768,jpeg-replacement-q80,view,1048576,1041667,78.66667,30.78777,0.9557384,28.2191,15622830,1286556
walter-study,eac,768,jpeg-replacement-q80,view,1286556,1286556,91,30.78777,0.9557384,30.7819,18855936,1286556
walter-study,eac,768,jpeg-replacement-q80,view-direct,8192,5432,1,17.94334,0.3355943,18.59555,55296,1286556
walter-study,eac,768,jpeg-replacement-q80,view-direct,16384,5432,1,17.94334,0.3355943,18.59555,55296,1286556
walter-study,eac,768,jpeg-replacement-q80,view-direct,32768,24107.83,2.083333,18.57652,0.4239358,18.59555,339285.3,1286556
walter-study,eac,768,jpeg-replacement-q80,view-direct,65536,56032.75,4,19.91465,0.5670848,18.59555,841728,1286556
walter-study,eac,768,jpeg-replacement-q80,view-direct,131072,121907.9,7.916667,24.25964,0.8263056,18.59555,1868459,1286556
walter-study,eac,768,jpeg-replacement-q80,view-direct,262144,257025.3,21.41667,30.78777,0.9557384,21.58146,3691179,1286556
walter-study,eac,768,jpeg-replacement-q80,view-direct,524288,519222.7,44.66667,30.78777,0.9557384,24.93882,7190528,1286556
walter-study,eac,768,jpeg-replacement-q80,view-direct,1048576,1041667,78.66667,30.78777,0.9557384,28.2191,15622830,1286556
walter-study,eac,768,jpeg-replacement-q80,view-direct,1286556,1286556,91,30.78777,0.9557384,30.7819,18855936,1286556
walter-study,eac,768,webp-replacement-q80,level,8192,5400,1,18.05829,0.3417796,,55296,1109032
walter-study,eac,768,webp-replacement-q80,level,16384,15332,4,18.99586,0.3984478,,165888,1109032
walter-study,eac,768,webp-replacement-q80,level,32768,25536,7,20.03812,0.4670086,,276480,1109032
walter-study,eac,768,webp-replacement-q80,level,65536,58140,10,21.17299,0.5513956,,718848,1109032
walter-study,eac,768,webp-replacement-q80,level,131072,129468,17,22.73634,0.6686703,,1751040,1109032
walter-study,eac,768,webp-replacement-q80,level,262144,257740,30,24.63598,0.761446,,3782656,1109032
walter-study,eac,768,webp-replacement-q80,level,524288,508580,52,26.72546,0.8579871,,8632320,1109032
walter-study,eac,768,webp-replacement-q80,level,1048576,1028306,87,30.56937,0.9395013,,17807360,1109032
walter-study,eac,768,webp-replacement-q80,level,1109032,1109032,91,31.03612,0.9547907,,18855936,1109032
walter-study,eac,768,webp-replacement-q80,gain,8192,5400,1,18.05829,0.3417796,,55296,1109032
walter-study,eac,768,webp-replacement-q80,gain,16384,16042,4,18.87648,0.3921647,,165888,1109032
walter-study,eac,768,webp-replacement-q80,gain,32768,22956,6,19.94157,0.4516571,,239616,1109032
walter-study,eac,768,webp-replacement-q80,gain,65536,57400,9,20.94303,0.5259956,,681984,1109032
walter-study,eac,768,webp-replacement-q80,gain,131072,121260,15,22.76109,0.6441849,,1669120,1109032
walter-study,eac,768,webp-replacement-q80,gain,262144,255966,29,25.13717,0.7757527,,3717120,1109032
walter-study,eac,768,webp-replacement-q80,gain,524288,521310,53,27.09036,0.858627,,8894464,1109032
walter-study,eac,768,webp-replacement-q80,gain,1048576,1042536,87,30.68225,0.9451903,,17807360,1109032
walter-study,eac,768,webp-replacement-q80,gain,1109032,1109032,91,31.03612,0.9547907,,18855936,1109032
walter-study,eac,768,webp-replacement-q80,view,8192,5615,1.083333,18.11873,0.3492713,18.72578,58368,1109032
walter-study,eac,768,webp-replacement-q80,view,16384,13176.17,3.333333,20.0367,0.4669427,18.73008,141312,1109032
walter-study,eac,768,webp-replacement-q80,view,32768,26169.17,4.833333,21.72113,0.6006243,18.73054,307200,1109032
walter-study,eac,768,webp-replacement-q80,view,65536,60926,8.083333,23.35011,0.7104033,18.73259,801450.7,1109032
walter-study,eac,768,webp-replacement-q80,view,131072,126393.2,13.75,26.23609,0.8473947,18.73259,1850027,1109032
walter-study,eac,768,webp-replacement-q80,view,262144,258251.7,24.16667,30.46721,0.9472639,19.1967,4163243,1109032
walter-study,eac,768,webp-replacement-q80,view,524288,520244.5,50.66667,31.03612,0.9547907,25.84447,8310101,1109032
walter-study,eac,768,webp-replacement-q80,view,1048576,1036092,87.33333,31.03612,0.9547907,29.72174,17894740,1109032
walter-study,eac,768,webp-replacement-q80,view,1109032,1109032,91,31.03612,0.9547907,30.99244,18855936,1109032
walter-study,eac,768,webp-replacement-q80,view-direct,8192,5400,1,18.05829,0.3417796,18.72578,55296,1109032
walter-study,eac,768,webp-replacement-q80,view-direct,16384,7031,1.166667,18.16185,0.3513177,18.72578,98986.67,1109032
walter-study,eac,768,webp-replacement-q80,view-direct,32768,24571.67,2.416667,18.84248,0.4481977,18.72578,426666.7,1109032
walter-study,eac,768,webp-replacement-q80,view-direct,65536,56762,4.666667,20.58801,0.6156631,18.72578,1016491,1109032
walter-study,eac,768,webp-replacement-q80,view-direct,131072,123437.3,9.583333,27.58278,0.8878489,18.90106,2230272,1109032
walter-study,eac,768,webp-replacement-q80,view-direct,262144,257265.8,24.5,31.03612,0.9547907,22.28731,4188160,1109032
walter-study,eac,768,webp-replacement-q80,view-direct,524288,520223.8,50.66667,31.03612,0.9547907,25.96554,8310101,1109032
walter-study,eac,768,webp-replacement-q80,view-direct,1048576,1036092,87.33333,31.03612,0.9547907,29.72174,17894740,1109032
walter-study,eac,768,webp-replacement-q80,view-direct,1109032,1109032,91,31.03612,0.9547907,30.99244,18855936,1109032
walter-study,eac,768,jpeg-replacement-q80-whole,level,8192,5432,1,17.94334,0.3355943,,55296,1265584
walter-study,eac,768,jpeg-replacement-q80-whole,level,16384,16093,4,18.85795,0.3892136,,165888,1265584
walter-study,eac,768,jpeg-replacement-q80-whole,level,32768,26516,7,19.86311,0.4535936,,276480,1265584
walter-study,eac,768,jpeg-replacement-q80-whole,level,65536,62008,10,20.98699,0.53885,,718848,1265584
walter-study,eac,768,jpeg-replacement-q80-whole,level,131072,98767,13,22.19596,0.636612,,1161216,1265584
walter-study,eac,768,jpeg-replacement-q80-whole,level,262144,221441,16,23.62048,0.714882,,2930688,1265584
walter-study,eac,768,jpeg-replacement-q80-whole,level,524288,495685,20,25.92437,0.8419614,,7059456,1265584
walter-study,eac,768,jpeg-replacement-q80-whole,level,1048576,918533,23,28.12671,0.8870344,,14137344,1265584
walter-study,eac,768,jpeg-replacement-q80-whole,level,1265584,1265584,25,30.78942,0.9557394,,18855936,1265584
walter-study,eac,768,jpeg-replacement-q80-whole,gain,8192,5432,1,17.94334,0.3355943,,55296,1265584
walter-study,eac,768,jpeg-replacement-q80-whole,gain,16384,13114,3,18.40465,0.3634397,,129024,1265584
walter-study,eac,768,jpeg-replacement-q80-whole,gain,32768,24058,6,19.76212,0.4392253,,239616,1265584
walter-study,eac,768,jpeg-replacement-q80-whole,gain,65536,63980,10,20.87137,0.5284276,,718848,1265584
walter-study,eac,768,jpeg-replacement-q80-whole,gain,131072,98767,13,22.19596,0.636612,,1161216,1265584
walter-study,eac,768,jpeg-replacement-q80-whole,gain,262144,226645,16,23.50281,0.7048305,,2930688,1265584
walter-study,eac,768,jpeg-replacement-q80-whole,gain,524288,502525,20,25.87809,0.8392202,,7059456,1265584
walter-study,eac,768,jpeg-replacement-q80-whole,gain,1048576,945454,23,28.9168,0.9032423,,14137344,1265584
walter-study,eac,768,jpeg-replacement-q80-whole,gain,1265584,1265584,25,30.78942,0.9557394,,18855936,1265584
walter-study,eac,768,jpeg-replacement-q80-whole,view,8192,5636.833,1.083333,18.00768,0.3425748,18.59555,58368,1265584
walter-study,eac,768,jpeg-replacement-q80-whole,view,16384,12967.42,3.166667,19.80736,0.4511189,18.59565,135168,1265584
walter-study,eac,768,jpeg-replacement-q80-whole,view,32768,27498.67,4.833333,21.51877,0.5877345,18.5991,307200,1265584
walter-study,eac,768,jpeg-replacement-q80-whole,view,65536,53577.58,6.583333,22.66957,0.6734212,18.60192,638976,1265584
walter-study,eac,768,jpeg-replacement-q80-whole,view,131072,95835.08,7.75,24.56404,0.778772,18.60196,1216512,1265584
walter-study,eac,768,jpeg-replacement-q80-whole,view,262144,220806.8,11.25,26.789,0.8662028,19.06398,2939904,1265584
walter-study,eac,768,jpeg-replacement-q80-whole,view,524288,453425.8,14.58333,29.44157,0.9321655,20.01319,6509568,1265584
walter-study,eac,768,jpeg-replacement-q80-whole,view,1048576,953219,23,30.78942,0.9557394,26.18562,14137344,1265584
walter-study,eac,768,jpeg-replacement-q80-whole,view,1265584,1265584,25,30.78942,0.9557394,30.78319,18855936,1265584
walter-study,eac,768,jpeg-replacement-q80-whole,view-direct,8192,5432,1,17.94334,0.3355943,18.59555,55296,1265584
walter-study,eac,768,jpeg-replacement-q80-whole,view-direct,16384,5432,1,17.94334,0.3355943,18.59555,55296,1265584
walter-study,eac,768,jpeg-replacement-q80-whole,view-direct,32768,5432,1,17.94334,0.3355943,18.59555,55296,1265584
walter-study,eac,768,jpeg-replacement-q80-whole,view-direct,65536,5432,1,17.94334,0.3355943,18.59555,55296,1265584
walter-study,eac,768,jpeg-replacement-q80-whole,view-direct,131072,5432,1,17.94334,0.3355943,18.59555,55296,1265584
walter-study,eac,768,jpeg-replacement-q80-whole,view-direct,262144,174272.6,4.75,24.74796,0.7806853,19.31737,2654208,1265584
walter-study,eac,768,jpeg-replacement-q80-whole,view-direct,524288,492918,12,30.75401,0.9555161,21.13678,7391232,1265584
walter-study,eac,768,jpeg-replacement-q80-whole,view-direct,1048576,953219,23,30.78942,0.9557394,26.18562,14137344,1265584
walter-study,eac,768,jpeg-replacement-q80-whole,view-direct,1265584,1265584,25,30.78942,0.9557394,30.78319,18855936,1265584
bookstore,eac,768,exact,all,,10616832,,43.05598,0.9920681,,,
bookstore,eac,768,exact,coarse,,41472,,26.31658,0.7392138,,,
bookstore,eac,768,haar-residual-d12,level,8192,0,0,,,,0,404350
bookstore,eac,768,haar-residual-d12,level,16384,0,0,,,,0,404350
bookstore,eac,768,haar-residual-d12,level,32768,27619,2,26.67114,0.753356,,92160,404350
bookstore,eac,768,haar-residual-d12,level,65536,51175,7,28.4665,0.7961205,,276480,404350
bookstore,eac,768,haar-residual-d12,level,131072,129263,14,31.51298,0.8882221,,1423360,404350
bookstore,eac,768,haar-residual-d12,level,262144,260918,43,35.48713,0.9550951,,6273024,404350
bookstore,eac,768,haar-residual-d12,level,404350,404350,91,39.46317,0.9814441,,18855936,404350
bookstore,eac,768,haar-residual-d12,gain,8192,0,0,,,,0,404350
bookstore,eac,768,haar-residual-d12,gain,16384,0,0,,,,0,404350
bookstore,eac,768,haar-residual-d12,gain,32768,27619,2,26.67114,0.753356,,92160,404350
bookstore,eac,768,haar-residual-d12,gain,65536,60718,6,28.32697,0.8078248,,350208,404350
bookstore,eac,768,haar-residual-d12,gain,131072,121790,14,30.68616,0.8837346,,1435648,404350
bookstore,eac,768,haar-residual-d12,gain,262144,256086,43,35.46912,0.9489339,,7370752,404350
bookstore,eac,768,haar-residual-d12,gain,404350,404350,91,39.46317,0.9814441,,18855936,404350
bookstore,eac,768,haar-residual-d12,view,8192,0,0,,,,0,404350
bookstore,eac,768,haar-residual-d12,view,16384,0,0,,,,0,404350
bookstore,eac,768,haar-residual-d12,view,32768,29434.25,3.25,28.54814,0.7959798,25.05142,231082.7,404350
bookstore,eac,768,haar-residual-d12,view,65536,59469.25,8.416667,32.24754,0.8907767,25.05221,961194.7,404350
bookstore,eac,768,haar-residual-d12,view,131072,126220.7,22.66667,37.55776,0.9689068,25.71564,3668651,404350
bookstore,eac,768,haar-residual-d12,view,262144,259654.6,47,39.46317,0.9814441,33.64717,7671125,404350
bookstore,eac,768,haar-residual-d12,view,404350,404350,91,39.46317,0.9814441,38.77003,18855936,404350
bookstore,eac,768,haar-residual-d12-p0.5,level,8192,0,0,,,,0,334041
bookstore,eac,768,haar-residual-d12-p0.5,level,16384,14563,2,26.52282,0.7525277,,92160,334041
bookstore,eac,768,haar-residual-d12-p0.5,level,32768,26963,7,28.15428,0.7938087,,276480,334041
bookstore,eac,768,haar-residual-d12-p0.5,level,65536,62746,12,30.4397,0.8636008,,1013760,334041
bookstore,eac,768,haar-residual-d12-p0.5,level,131072,126542,25,32.66834,0.9160716,,2930688,334041
bookstore,eac,768,haar-residual-d12-p0.5,level,262144,259670,61,35.35488,0.9566459,,10991616,334041
bookstore,eac,768,haar-residual-d12-p0.5,level,334041,334041,91,36.75399,0.9714998,,18855936,334041
bookstore,eac,768,haar-residual-d12-p0.5,gain,8192,0,0,,,,0,334041
bookstore,eac,768,haar-residual-d12-p0.5,gain,16384,14563,2,26.52282,0.7525277,,92160,334041
bookstore,eac,768,haar-residual-d12-p0.5,gain,32768,24330,5,27.73427,0.7870207,,202752,334041
bookstore,eac,768,haar-residual-d12-p0.5,gain,65536,64692,11,30.0558,0.8678339,,976896,334041
bookstore,eac,768,haar-residual-d12-p0.5,gain,131072,129990,24,32.79758,0.9198076,,3110912,334041
bookstore,eac,768,haar-residual-d12-p0.5,gain,262144,261239,57,35.65276,0.9564898,,10401792,334041
bookstore,eac,768,haar-residual-d12-p0.5,gain,334041,334041,91,36.75399,0.9714998,,18855936,334041
bookstore,eac,768,haar-residual-d12-p0.5,view,8192,0,0,,,,0,334041
bookstore,eac,768,haar-residual-d12-p0.5,view,16384,14471.83,2.75,27.87698,0.7850797,24.96405,155648,334041
bookstore,eac,768,haar-residual-d12-p0.5,view,32768,29652.75,7.083333,30.68173,0.8691968,24.96478,735232,334041
bookstore,eac,768,haar-residual-d12-p0.5,view,65536,62034.42,14.83333,33.85168,0.934581,25.0221,2087936,334041
bookstore,eac,768,haar-residual-d12-p0.5,view,131072,126731.9,30.83333,36.73345,0.9714071,27.45103,5249707,334041
bookstore,eac,768,haar-residual-d12-p0.5,view,262144,258745.2,64.41667,36.75399,0.9714998,33.793,11887270,334041
bookstore,eac,768,haar-residual-d12-p0.5,view,334041,334041,91,36.75399,0.9714998,36.25469,18855936,334041
bookstore,eac,768,jpeg-residual-q80,level,8192,8028,3,26.48218,0.7536133,,129024,431993
bookstore,eac,768,jpeg-residual-q80,level,16384,14325,7,27.76583,0.7760118,,276480,431993
bookstore,eac,768,jpeg-residual-q80,level,32768,27213,9,28.76316,0.8130233,,571392,431993
bookstore,eac,768,jpeg-residual-q80,level,65536,65523,16,30.87168,0.8734799,,1685504,431993
bookstore,eac,768,jpeg-residual-q80,level,131072,128832,33,33.62468,0.924761,,4110336,431993
bookstore,eac,768,jpeg-residual-q80,level,262144,262037,55,35.78562,0.9573224,,9418752,431993
bookstore,eac,768,jpeg-residual-q80,level,431993,431993,91,39.51223,0.9839703,,18855936,431993
bookstore,eac,768,jpeg-residual-q80,gain,8192,7964,3,26.32235,0.7493105,,129024,431993
bookstore,eac,768,jpeg-residual-q80,gain,16384,11831,5,27.24443,0.7727129,,202752,431993
bookstore,eac,768,jpeg-residual-q80,gain,32768,30060,8,28.58101,0.8207063,,645120,431993
bookstore,eac,768,jpeg-residual-q80,gain,65536,63951,15,30.66001,0.870186,,1538048,431993
bookstore,eac,768,jpeg-residual-q80,gain,131072,130755,30,33.57458,0.9311849,,3848192,431993
bookstore,eac,768,jpeg-residual-q80,gain,262144,260934,50,35.97408,0.9531185,,8566784,431993
bookstore,eac,768,jpeg-residual-q80,gain,431993,431993,91,39.51223,0.9839703,,18855936,431993
bookstore,eac,768,jpeg-residual-q80,view,8192,6723.833,2.833333,27.74079,0.7742501,24.61368,132096,431993
bookstore,eac,768,jpeg-residual-q80,view,16384,13516.42,5.166667,29.66493,0.8246923,24.61437,365909.3,431993
bookstore,eac,768,jpeg-residual-q80,view,32768,29776.75,9.083333,31.93615,0.8888766,24.61588,1018539,431993
bookstore,eac,768,jpeg-residual-q80,view,65536,63064.25,16.91667,35.4528,0.9509928,24.67833,2546688,431993
bookstore,eac,768,jpeg-residual-q80,view,131072,127352.3,30,39.13861,0.9824434,27.29513,5042176,431993
bookstore,eac,768,jpeg-residual-q80,view,262144,258534.9,57.16667,39.51223,0.9839703,34.04506,9986731,431993
bookstore,eac,768,jpeg-residual-q80,view,431993,431993,91,39.51223,0.9839703,38.74326,18855936,431993
bookstore,eac,768,jpeg-replacement-q80,level,8192,6554,2,26.07771,0.7433489,,92160,520104
bookstore,eac,768,jpeg-replacement-q80,level,16384,14586,6,27.68591,0.7757104,,239616,520104
bookstore,eac,768,jpeg-replacement-q80,level,32768,32357,9,28.77874,0.8131467,,571392,520104
bookstore,eac,768,jpeg-replacement-q80,level,65536,54086,13,30.47671,0.8619951,,1161216,520104
bookstore,eac,768,jpeg-replacement-q80,level,131072,126231,25,32.68859,0.9095024,,2930688,520104
bookstore,eac,768,jpeg-replacement-q80,level,262144,260949,48,34.8552,0.9502711,,7583744,520104
bookstore,eac,768,jpeg-replacement-q80,level,520104,520104,91,39.58594,0.9846336,,18855936,520104
bookstore,eac,768,jpeg-replacement-q80,gain,8192,6554,2,26.07771,0.7433489,,92160,520104
bookstore,eac,768,jpeg-replacement-q80,gain,16384,13541,5,27.24508,0.7731722,,202752,520104
bookstore,eac,768,jpeg-replacement-q80,gain,32768,29276,7,28.30483,0.810756,,497664,520104
bookstore,eac,768,jpeg-replacement-q80,gain,65536,64554,13,30.26355,0.8623809,,1275904,520104
bookstore,eac,768,jpeg-replacement-q80,gain,131072,129347,23,32.52389,0.9099406,,3045376,520104
bookstore,eac,768,jpeg-replacement-q80,gain,262144,250594,41,34.90527,0.9446649,,6207488,520104
bookstore,eac,768,jpeg-replacement-q80,gain,520104,520104,91,39.58594,0.9846336,,18855936,520104
bookstore,eac,768,jpeg-replacement-q80,view,8192,6720.5,2.583333,27.51818,0.7686767,24.61368,122880,520104
bookstore,eac,768,jpeg-replacement-q80,view,16384,11805.33,4.583333,28.78476,0.7977336,24.61439,270336,520104
bookstore,eac,768,jpeg-replacement-q80,view,32768,30322.42,8.083333,31.6206,0.8812633,24.61581,866986.7,520104
bookstore,eac,768,jpeg-replacement-q80,view,65536,62946.08,14.08333,34.71095,0.9382921,24.67871,1965056,520104
bookstore,eac,768,jpeg-replacement-q80,view,131072,127828.3,26.25,38.42713,0.9787177,26.08509,4397397,520104
bookstore,eac,768,jpeg-replacement-q80,view,262144,257032.6,50.16667,39.58594,0.9846336,33.05809,8233643,520104
bookstore,eac,768,jpeg-replacement-q80,view,520104,520104,91,39.58594,0.9846336,38.82584,18855936,520104
bookstore,eac,768,jpeg-replacement-q80,view-direct,8192,4733.167,1.416667,25.88601,0.7339789,24.61368,164522.7,520104
bookstore,eac,768,jpeg-replacement-q80,view-direct,16384,13041.08,3.25,26.7939,0.7763082,24.61368,645120,520104
bookstore,eac,768,jpeg-replacement-q80,view-direct,32768,28301.25,6.416667,28.86772,0.8424876,24.61368,1456469,520104
bookstore,eac,768,jpeg-replacement-q80,view-direct,65536,62583.25,12.33333,36.51156,0.9558479,24.79793,2575019,520104
bookstore,eac,768,jpeg-replacement-q80,view-direct,131072,127595.3,24.91667,39.58594,0.9846336,28.77035,4234581,520104
bookstore,eac,768,jpeg-replacement-q80,view-direct,262144,256780.2,50.33333,39.58594,0.9846336,33.07546,8250027,520104
bookstore,eac,768,jpeg-replacement-q80,view-direct,520104,520104,91,39.58594,0.9846336,38.82584,18855936,520104
bookstore,eac,768,webp-replacement-q80,level,8192,6836,3,26.5153,0.7590173,,129024,299760
bookstore,eac,768,webp-replacement-q80,level,16384,11794,7,27.78969,0.7841233,,276480,299760
bookstore,eac,768,webp-replacement-q80,level,32768,32730,11,29.8124,0.8476881,,866304,299760
bookstore,eac,768,webp-replacement-q80,level,65536,62072,18,31.46959,0.8873193,,2013184,299760
bookstore,eac,768,webp-replacement-q80,level,131072,126516,41,34.35127,0.9430964,,5748736,299760
bookstore,eac,768,webp-replacement-q80,level,262144,259602,72,37.28584,0.9677365,,13875200,299760
bookstore,eac,768,webp-replacement-q80,level,299760,299760,91,39.0066,0.9799882,,18855936,299760
bookstore,eac,768,webp-replacement-q80,gain,8192,6738,3,26.34557,0.7540519,,129024,299760
bookstore,eac,768,webp-replacement-q80,gain,16384,10148,5,27.27952,0.7786451,,202752,299760
bookstore,eac,768,webp-replacement-q80,gain,32768,32730,11,29.8124,0.8476881,,866304,299760
bookstore,eac,768,webp-replacement-q80,gain,65536,61056,17,30.89119,0.8830039,,2062336,299760
bookstore,eac,768,webp-replacement-q80,gain,131072,130010,39,34.32745,0.9408784,,5683200,299760
bookstore,eac,768,webp-replacement-q80,gain,262144,261296,71,37.95699,0.9708433,,13613056,299760
bookstore,eac,768,webp-replacement-q80,gain,299760,299760,91,39.0066,0.9799882,,18855936,299760
bookstore,eac,768,webp-replacement-q80,view,8192,7310.167,4.083333,28.35565,0.7947791,24.6607,231082.7,299760
bookstore,eac,768,webp-replacement-q80,view,16384,14157.17,6.416667,30.5394,0.8587526,24.66078,614400,299760
bookstore,eac,768,webp-replacement-q80,view,32768,30088,11.33333,32.95477,0.9100599,24.72165,1461248,299760
bookstore,eac,768,webp-replacement-q80,view,65536,62497,22.5,36.62121,0.963062,25.29289,3604480,299760
bookstore,eac,768,webp-replacement-q80,view,131072,128801.3,41,39.0066,0.9799882,31.5427,6644395,299760
bookstore,eac,768,webp-replacement-q80,view,262144,260545.7,74.83333,39.0066,0.9799882,36.01637,14617940,299760
bookstore,eac,768,webp-replacement-q80,view,299760,299760,91,39.0066,0.9799882,38.35901,18855936,299760
bookstore,eac,768,webp-replacement-q80,view-direct,8192,5681.833,2.833333,26.44407,0.7593245,24.65963,535893.3,299760
bookstore,eac,768,webp-replacement-q80,view-direct,16384,14368.33,6.166667,28.6251,0.8303398,24.65963,1390933,299760
bookstore,eac,768,webp-replacement-q80,view-direct,32768,29964.17,11.08333,33.62551,0.9248035,24.83423,2332331,299760
bookstore,eac,768,webp-replacement-q80,view-direct,65536,63106.5,21.41667,39.0066,0.9799882,27.87247,3727019,299760
bookstore,eac,768,webp-replacement-q80,view-direct,131072,129613.8,40.5,39.0066,0.9799882,32.36334,6589781,299760
bookstore,eac,768,webp-replacement-q80,view-direct,262144,260545.7,74.83333,39.0066,0.9799882,36.01637,14617940,299760
bookstore,eac,768,webp-replacement-q80,view-direct,299760,299760,91,39.0066,0.9799882,38.35901,18855936,299760
bookstore,eac,768,jpeg-replacement-q80-whole,level,8192,6554,2,26.07771,0.7433489,,92160,501021
bookstore,eac,768,jpeg-replacement-q80-whole,level,16384,14586,6,27.68591,0.7757104,,239616,501021
bookstore,eac,768,jpeg-replacement-q80-whole,level,32768,32357,9,28.77874,0.8131467,,571392,501021
bookstore,eac,768,jpeg-replacement-q80-whole,level,65536,54086,13,30.47671,0.8619951,,1161216,501021
bookstore,eac,768,jpeg-replacement-q80-whole,level,131072,123477,16,32.68892,0.9095029,,2930688,501021
bookstore,eac,768,jpeg-replacement-q80-whole,level,262144,244123,20,34.81757,0.9492537,,7059456,501021
bookstore,eac,768,jpeg-replacement-q80-whole,level,501021,501021,25,39.58713,0.9846339,,18855936,501021
bookstore,eac,768,jpeg-replacement-q80-whole,gain,8192,6554,2,26.07771,0.7433489,,92160,501021
bookstore,eac,768,jpeg-replacement-q80-whole,gain,16384,13541,5,27.24508,0.7731722,,202752,501021
bookstore,eac,768,jpeg-replacement-q80-whole,gain,32768,29276,7,28.30483,0.810756,,497664,501021
bookstore,eac,768,jpeg-replacement-q80-whole,gain,65536,51576,12,30.03733,0.8558532,,1013760,501021
bookstore,eac,768,jpeg-replacement-q80-whole,gain,131072,115545,15,31.89334,0.9041774,,2783232,501021
bookstore,eac,768,jpeg-replacement-q80-whole,gain,262144,209423,19,34.46157,0.9454391,,6469632,501021
bookstore,eac,768,jpeg-replacement-q80-whole,gain,501021,501021,25,39.58713,0.9846339,,18855936,501021
bookstore,eac,768,jpeg-replacement-q80-whole,view,8192,6720.5,2.583333,27.51818,0.7686767,24.61368,122880,501021
bookstore,eac,768,jpeg-replacement-q80-whole,view,16384,11722.42,4.333333,28.78483,0.7977336,24.61439,270336,501021
bookstore,eac,768,jpeg-replacement-q80-whole,view,32768,27070.92,6.583333,31.13206,0.874105,24.61581,675840,501021
bookstore,eac,768,jpeg-replacement-q80-whole,view,65536,53127.42,8.666667,33.55161,0.9227452,24.67871,1600512,501021
bookstore,eac,768,jpeg-replacement-q80-whole,view,131072,105214.8,12.41667,35.94632,0.9544143,25.62233,3499008,501021
bookstore,eac,768,jpeg-replacement-q80-whole,view,262144,235003.5,16.75,39.24596,0.9825431,26.99292,8441856,501021
bookstore,eac,768,jpeg-replacement-q80-whole,view,501021,501021,25,39.58713,0.9846339,38.82763,18855936,501021
bookstore,eac,768,jpeg-replacement-q80-whole,view-direct,8192,3603,1,25.72726,0.7303112,24.61368,55296,501021
bookstore,eac,768,jpeg-replacement-q80-whole,view-direct,16384,3603,1,25.72726,0.7303112,24.61368,55296,501021
bookstore,eac,768,jpeg-replacement-q80-whole,view-direct,32768,9421.167,1.416667,27.32896,0.7455384,24.61368,651264,501021
bookstore,eac,768,jpeg-replacement-q80-whole,view-direct,65536,37136.25,2.916667,30.64554,0.8359413,24.83541,1701888,501021
bookstore,eac,768,jpeg-replacement-q80-whole,view-direct,131072,102001.8,5.833333,35.46383,0.9424028,25.61789,4214784,501021
bookstore,eac,768,jpeg-replacement-q80-whole,view-direct,262144,242822.2,17.33333,39.58713,0.9846339,29.94077,8951808,501021
bookstore,eac,768,jpeg-replacement-q80-whole,view-direct,501021,501021,25,39.58713,0.9846339,38.82763,18855936,501021
gardens,eac,768,exact,all,,10616832,,36.7297,0.9821879,,,
gardens,eac,768,exact,coarse,,41472,,20.50191,0.4630175,,,
gardens,eac,768,haar-residual-d12,level,8192,0,0,,,,0,1475633
gardens,eac,768,haar-residual-d12,level,16384,0,0,,,,0,1475633
gardens,eac,768,haar-residual-d12,level,32768,30024,1,20.50014,0.4630021,,55296,1475633
gardens,eac,768,haar-residual-d12,level,65536,62489,4,21.26653,0.5198432,,165888,1475633
gardens,eac,768,haar-residual-d12,level,131072,120469,8,22.72951,0.5962049,,423936,1475633
gardens,eac,768,haar-residual-d12,level,262144,257195,13,25.20687,0.7407541,,1161216,1475633
gardens,eac,768,haar-residual-d12,level,524288,493738,25,26.97984,0.8287702,,2930688,1475633
gardens,eac,768,haar-residual-d12,level,1048576,1042556,60,30.80588,0.9307253,,10729472,1475633
gardens,eac,768,haar-residual-d12,level,1475633,1475633,91,33.64734,0.9734127,,18855936,1475633
gardens,eac,768,haar-residual-d12,gain,8192,0,0,,,,0,1475633
gardens,eac,768,haar-residual-d12,gain,16384,0,0,,,,0,1475633
gardens,eac,768,haar-residual-d12,gain,32768,30024,1,20.50014,0.4630021,,55296,1475633
gardens,eac,768,haar-residual-d12,gain,65536,62730,4,21.06543,0.5099779,,165888,1475633
gardens,eac,768,haar-residual-d12,gain,131072,123086,8,22.88464,0.6066735,,423936,1475633
gardens,eac,768,haar-residual-d12,gain,262144,257195,13,25.20687,0.7407541,,1161216,1475633
gardens,eac,768,haar-residual-d12,gain,524288,509782,25,26.84934,0.8405181,,2996224,1475633
gardens,eac,768,haar-residual-d12,gain,1048576,1044452,52,30.96994,0.936559,,8960000,1475633
gardens,eac,768,haar-residual-d12,gain,1475633,1475633,91,33.64734,0.9734127,,18855936,1475633
gardens,eac,768,haar-residual-d12,view,8192,0,0,,,,0,1475633
gardens,eac,768,haar-residual-d12,view,16384,0,0,,,,0,1475633
gardens,eac,768,haar-residual-d12,view,32768,30024,1,20.50014,0.4630021,19.71496,55296,1475633
gardens,eac,768,haar-residual-d12,view,65536,56257.92,3.583333,22.84893,0.5769143,19.71786,159744,1475633
gardens,eac,768,haar-residual-d12,view,131072,113989.6,7,25.81706,0.7415577,19.71811,710656,1475633
gardens,eac,768,haar-residual-d12,view,262144,253723.5,15.75,29.77646,0.8847354,19.81325,2393771,1475633
gardens,eac,768,haar-residual-d12,view,524288,513744.1,30.83333,33.43314,0.9701284,22.46681,5157547,1475633
gardens,eac,768,haar-residual-d12,view,1048576,1034011,61.41667,33.64734,0.9734127,28.65562,11100840,1475633
gardens,eac,768,haar-residual-d12,view,1475633,1475633,91,33.64734,0.9734127,32.40051,18855936,1475633
gardens,eac,768,haar-residual-d12-p0.5,level,8192,0,0,,,,0,1317757
gardens,eac,768,haar-residual-d12-p0.5,level,16384,0,0,,,,0,1317757
gardens,eac,768,haar-residual-d12-p0.5,level,32768,26051,2,20.62144,0.4759357,,92160,1317757
gardens,eac,768,haar-residual-d12-p0.5,level,65536,59039,7,22.36959,0.5696562,,276480,1317757
gardens,eac,768,haar-residual-d12-p0.5,level,131072,126103,10,23.40373,0.6602773,,718848,1317757
gardens,eac,768,haar-residual-d12-p0.5,level,262144,243239,17,25.19247,0.7607409,,1751040,1317757
gardens,eac,768,haar-residual-d12-p0.5,level,524288,519741,39,28.0451,0.889089,,5224448,1317757
gardens,eac,768,haar-residual-d12-p0.5,level,1048576,1034104,69,30.0231,0.9339514,,13088768,1317757
gardens,eac,768,haar-residual-d12-p0.5,level,1317757,1317757,91,31.28657,0.9628018,,18855936,1317757
gardens,eac,768,haar-residual-d12-p0.5,gain,8192,0,0,,,,0,1317757
gardens,eac,768,haar-residual-d12-p0.5,gain,16384,0,0,,,,0,1317757
gardens,eac,768,haar-residual-d12-p0.5,gain,32768,26772,2,20.73232,0.4844141,,92160,1317757
gardens,eac,768,haar-residual-d12-p0.5,gain,65536,59039,7,22.36959,0.5696562,,276480,1317757
gardens,eac,768,haar-residual-d12-p0.5,gain,131072,127343,10,23.17451,0.6498345,,718848,1317757
gardens,eac,768,haar-residual-d12-p0.5,gain,262144,239711,17,25.20299,0.7609771,,1554432,1317757
gardens,eac,768,haar-residual-d12-p0.5,gain,524288,513698,35,28.03715,0.8897663,,4503552,1317757
gardens,eac,768,haar-residual-d12-p0.5,gain,1048576,1028921,58,30.09337,0.9380199,,10532864,1317757
gardens,eac,768,haar-residual-d12-p0.5,gain,1317757,1317757,91,31.28657,0.9628018,,18855936,1317757
gardens,eac,768,haar-residual-d12-p0.5,view,8192,0,0,,,,0,1317757
gardens,eac,768,haar-residual-d12-p0.5,view,16384,0,0,,,,0,1317757
gardens,eac,768,haar-residual-d12-p0.5,view,32768,28233.42,2.416667,22.11509,0.55008,19.68578,107520,1317757
gardens,eac,768,haar-residual-d12-p0.5,view,65536,51602.08,5,24.03188,0.6438587,19.68888,350890.7,1317757
gardens,eac,768,haar-residual-d12-p0.5,view,131072,120900.1,9.916667,26.4501,0.7938451,19.78047,1132203,1317757
gardens,eac,768,haar-residual-d12-p0.5,view,262144,256378,21.25,29.42454,0.9160649,20.12355,3434155,1317757
gardens,eac,768,haar-residual-d12-p0.5,view,524288,513099.1,36.91667,31.28521,0.962772,23.54801,6059691,1317757
gardens,eac,768,haar-residual-d12-p0.5,view,1048576,1037489,71.16667,31.28657,0.9628018,28.33107,13656750,1317757
gardens,eac,768,haar-residual-d12-p0.5,view,1317757,1317757,91,31.28657,0.9628018,30.49682,18855936,1317757
gardens,eac,768,jpeg-residual-q80,level,8192,5418,1,19.71303,0.4512827,,55296,1012956
gardens,eac,768,jpeg-residual-q80,level,16384,14575,4,20.4399,0.5038495,,165888,1012956
gardens,eac,768,jpeg-residual-q80,level,32768,22653,7,21.56995,0.5497785,,276480,1012956
gardens,eac,768,jpeg-residual-q80,level,65536,54769,10,22.52566,0.6405001,,718848,1012956
gardens,eac,768,jpeg-residual-q80,level,131072,122234,17,24.25208,0.7434379,,1751040,1012956
gardens,eac,768,jpeg-residual-q80,level,262144,258813,33,26.89764,0.8428326,,4110336,1012956
gardens,eac,768,jpeg-residual-q80,level,524288,508296,52,28.38226,0.9092151,,8632320,1012956
gardens,eac,768,jpeg-residual-q80,level,1012956,1012956,91,32.52234,0.9739646,,18855936,1012956
gardens,eac,768,jpeg-residual-q80,gain,8192,5418,1,19.71303,0.4512827,,55296,1012956
gardens,eac,768,jpeg-residual-q80,gain,16384,14634,4,20.24164,0.4949492,,165888,1012956
gardens,eac,768,jpeg-residual-q80,gain,32768,22653,7,21.56995,0.5497785,,276480,1012956
gardens,eac,768,jpeg-residual-q80,gain,65536,55318,10,22.29345,0.6293001,,718848,1012956
gardens,eac,768,jpeg-residual-q80,gain,131072,116051,16,24.2217,0.7380839,,1619968,1012956
gardens,eac,768,jpeg-residual-q80,gain,262144,258802,31,25.94051,0.8453711,,3717120,1012956
gardens,eac,768,jpeg-residual-q80,gain,524288,517713,46,28.43529,0.9093458,,7387136,1012956
gardens,eac,768,jpeg-residual-q80,gain,1012956,1012956,91,32.52234,0.9739646,,18855936,1012956
gardens,eac,768,jpeg-residual-q80,view,8192,5961,1.25,20.4274,0.4684891,19.07146,64512,1012956
gardens,eac,768,jpeg-residual-q80,view,16384,13146.5,3.666667,21.86867,0.5558179,19.07433,162816,1012956
gardens,eac,768,jpeg-residual-q80,view,32768,26451.83,5.416667,23.81312,0.6760271,19.07483,393216,1012956
gardens,eac,768,jpeg-residual-q80,view,65536,58428.17,9.333333,26.06635,0.7849496,19.07774,1052672,1012956
gardens,eac,768,jpeg-residual-q80,view,131072,126169.1,17.25,29.04409,0.9001772,19.16385,2586283,1012956
gardens,eac,768,jpeg-residual-q80,view,262144,253973,29.33333,31.85134,0.9610912,20.91487,4835328,1012956
gardens,eac,768,jpeg-residual-q80,view,524288,516427.7,54.5,32.52234,0.9739646,26.27514,9325909,1012956
gardens,eac,768,jpeg-residual-q80,view,1012956,1012956,91,32.52234,0.9739646,31.15797,18855936,1012956
gardens,eac,768,jpeg-replacement-q80,level,8192,5418,1,19.71303,0.4512827,,55296,1272393
gardens,eac,768,jpeg-replacement-q80,level,16384,12837,3,20.11843,0.484354,,129024,1272393
gardens,eac,768,jpeg-replacement-q80,level,32768,26423,7,21.55619,0.5498298,,276480,1272393
gardens,eac,768,jpeg-replacement-q80,level,65536,53049,9,22.10918,0.6087726,,571392,1272393
gardens,eac,768,jpeg-replacement-q80,level,131072,127341,15,24.06925,0.7301633,,1554432,1272393
gardens,eac,768,jpeg-replacement-q80,level,262144,247794,25,25.43705,0.809134,,2930688,1272393
gardens,eac,768,jpeg-replacement-q80,level,524288,510619,45,27.72974,0.8951901,,6797312,1272393
gardens,eac,768,jpeg-replacement-q80,level,1048576,1047913,75,30.42231,0.9435385,,14661632,1272393
gardens,eac,768,jpeg-replacement-q80,level,1272393,1272393,91,32.48651,0.9739989,,18855936,1272393
gardens,eac,768,jpeg-replacement-q80,gain,8192,5418,1,19.71303,0.4512827,,55296,1272393
gardens,eac,768,jpeg-replacement-q80,gain,16384,13087,3,20.07005,0.4823742,,129024,1272393
gardens,eac,768,jpeg-replacement-q80,gain,32768,26423,7,21.55619,0.5498298,,276480,1272393
gardens,eac,768,jpeg-replacement-q80,gain,65536,53049,9,22.10918,0.6087726,,571392,1272393
gardens,eac,768,jpeg-replacement-q80,gain,131072,123162,15,24.08091,0.7306771,,1357824,1272393
gardens,eac,768,jpeg-replacement-q80,gain,262144,262072,26,25.32027,0.8145502,,2996224,1272393
gardens,eac,768,jpeg-replacement-q80,gain,524288,514081,41,27.7832,0.8968494,,6076416,1272393
gardens,eac,768,jpeg-replacement-q80,gain,1048576,1037165,65,30.32764,0.9505101,,12367872,1272393
gardens,eac,768,jpeg-replacement-q80,gain,1272393,1272393,91,32.48651,0.9739989,,18855936,1272393
gardens,eac,768,jpeg-replacement-q80,view,8192,5418,1,19.71303,0.4512827,19.07146,55296,1272393
gardens,eac,768,jpeg-replacement-q80,view,16384,14661.58,3.583333,21.85389,0.5558921,19.07426,159744,1272393
gardens,eac,768,jpeg-replacement-q80,view,32768,24697.67,4.75,23.17942,0.6378359,19.07494,303104,1272393
gardens,eac,768,jpeg-replacement-q80,view,65536,58626.75,7.75,25.26501,0.7584749,19.07739,797354.7,1272393
gardens,eac,768,jpeg-replacement-q80,view,131072,126095.2,13.91667,27.76328,0.872629,19.16357,1915904,1272393
gardens,eac,768,jpeg-replacement-q80,view,262144,253819.5,24.58333,31.12923,0.9466917,20.01682,4044459,1272393
gardens,eac,768,jpeg-replacement-q80,view,524288,516412.1,45.5,32.48651,0.9739989,25.31647,7436288,1272393
gardens,eac,768,jpeg-replacement-q80,view,1048576,1035418,75.25,32.48651,0.9739989,28.88712,14727168,1272393
gardens,eac,768,jpeg-replacement-q80,view,1272393,1272393,91,32.48651,0.9739989,31.11402,18855936,1272393
gardens,eac,768,jpeg-replacement-q80,view-direct,8192,5418,1,19.71303,0.4512827,19.07146,55296,1272393
gardens,eac,768,jpeg-replacement-q80,view-direct,16384,8951.083,1.5,20.00197,0.4668964,19.07146,186368,1272393
gardens,eac,768,jpeg-replacement-q80,view-direct,32768,27267.58,2.916667,20.89801,0.5470802,19.07146,557738.7,1272393
gardens,eac,768,jpeg-replacement-q80,view-direct,65536,55616.17,5.5,24.41524,0.656181,19.07146,1234944,1272393
gardens,eac,768,jpeg-replacement-q80,view-direct,131072,121710,10.91667,28.22239,0.8367474,19.34075,2269184,1272393
gardens,eac,768,jpeg-replacement-q80,view-direct,262144,255392.4,22.5,32.4382,0.9732698,21.5439,3961515,1272393
gardens,eac,768,jpeg-replacement-q80,view-direct,524288,516412.4,46,32.48651,0.9739989,25.93337,7512747,1272393
gardens,eac,768,jpeg-replacement-q80,view-direct,1048576,1035418,75.25,32.48651,0.9739989,28.88712,14727168,1272393
gardens,eac,768,jpeg-replacement-q80,view-direct,1272393,1272393,91,32.48651,0.9739989,31.11402,18855936,1272393
gardens,eac,768,webp-replacement-q80,level,8192,5376,1,19.94528,0.4585803,,55296,1191066
gardens,eac,768,webp-replacement-q80,level,16384,15742,4,20.66993,0.5123964,,165888,1191066
gardens,eac,768,webp-replacement-q80,level,32768,24706,7,21.7661,0.5591761,,276480,1191066
gardens,eac,768,webp-replacement-q80,level,65536,62196,10,22.75173,0.6491349,,718848,1191066
gardens,eac,768,webp-replacement-q80,level,131072,118240,15,24.36295,0.7366487,,1554432,1191066
gardens,eac,768,webp-replacement-q80,level,262144,260838,27,25.93185,0.8237513,,3323904,1191066
gardens,eac,768,webp-replacement-q80,level,524288,523944,48,28.34434,0.901489,,7583744,1191066
gardens,eac,768,webp-replacement-q80,level,1048576,1037104,83,32.12491,0.9514798,,16758784,1191066
gardens,eac,768,webp-replacement-q80,level,1191066,1191066,91,32.90859,0.9724655,,18855936,1191066
gardens,eac,768,webp-replacement-q80,gain,8192,5376,1,19.94528,0.4585803,,55296,1191066
gardens,eac,768,webp-replacement-q80,gain,16384,15892,4,20.47196,0.5033203,,165888,1191066
gardens,eac,768,webp-replacement-q80,gain,32768,24706,7,21.7661,0.5591761,,276480,1191066
gardens,eac,768,webp-replacement-q80,gain,65536,63096,10,22.52037,0.6386331,,718848,1191066
gardens,eac,768,webp-replacement-q80,gain,131072,118022,15,24.38631,0.7376239,,1357824,1191066
gardens,eac,768,webp-replacement-q80,gain,262144,250824,26,25.71048,0.8183446,,3061760,1191066
gardens,eac,768,webp-replacement-q80,gain,524288,502882,42,28.22425,0.8990435,,6338560,1191066
gardens,eac,768,webp-replacement-q80,gain,1048576,1036946,68,31.12237,0.9538858,,13023232,1191066
gardens,eac,768,webp-replacement-q80,gain,1191066,1191066,91,32.90859,0.9724655,,18855936,1191066
gardens,eac,768,webp-replacement-q80,view,8192,5940.5,1.25,20.63367,0.4752627,19.24631,64512,1191066
gardens,eac,768,webp-replacement-q80,view,16384,13692.33,3.583333,22.07622,0.5644434,19.24909,159744,1191066
gardens,eac,768,webp-replacement-q80,view,32768,27914.33,5.333333,24.06903,0.6825919,19.24967,380928,1191066
gardens,eac,768,webp-replacement-q80,view,65536,59816.67,9,26.09386,0.7710474,19.25283,1016149,1191066
gardens,eac,768,webp-replacement-q80,view,131072,125794.3,15.83333,28.72219,0.8836863,19.33713,2335061,1191066
gardens,eac,768,webp-replacement-q80,view,262144,253345.7,26.75,31.58146,0.9501211,20.5717,4385792,1191066
gardens,eac,768,webp-replacement-q80,view,524288,515361.8,48.25,32.90859,0.9724655,26.12877,7982421,1191066
gardens,eac,768,webp-replacement-q80,view,1048576,1039725,81.33333,32.90859,0.9724655,29.61053,16321880,1191066
gardens,eac,768,webp-replacement-q80,view,1191066,1191066,91,32.90859,0.9724655,31.63575,18855936,1191066
gardens,eac,768,webp-replacement-q80,view-direct,8192,5488,1.083333,19.94942,0.4588921,19.24631,77141.33,1191066
gardens,eac,768,webp-replacement-q80,view-direct,16384,8468.5,1.75,20.33116,0.4785797,19.24631,251904,1191066
gardens,eac,768,webp-replacement-q80,view-direct,32768,28280.5,4,22.00089,0.577389,19.24631,841728,1191066
gardens,eac,768,webp-replacement-q80,view-direct,65536,56080.33,7.25,25.47545,0.6727361,19.33339,1524736,1191066
gardens,eac,768,webp-replacement-q80,view-direct,131072,122583.3,12.83333,28.63617,0.8431942,19.82775,2497877,1191066
gardens,eac,768,webp-replacement-q80,view-direct,262144,255764.8,24.33333,32.85543,0.9717438,22.27962,4229120,1191066
gardens,eac,768,webp-replacement-q80,view-direct,524288,515961,48.5,32.90859,0.9724655,26.35724,8015189,1191066
gardens,eac,768,webp-replacement-q80,view-direct,1048576,1039725,81.33333,32.90859,0.9724655,29.61053,16321880,1191066
gardens,eac,768,webp-replacement-q80,view-direct,1191066,1191066,91,32.90859,0.9724655,31.63575,18855936,1191066
gardens,eac,768,jpeg-replacement-q80-whole,level,8192,5418,1,19.71303,0.4512827,,55296,1253594
gardens,eac,768,jpeg-replacement-q80-whole,level,16384,12837,3,20.11843,0.484354,,129024,1253594
gardens,eac,768,jpeg-replacement-q80-whole,level,32768,26423,7,21.55619,0.5498298,,276480,1253594
gardens,eac,768,jpeg-replacement-q80-whole,level,65536,53049,9,22.10918,0.6087726,,571392,1253594
gardens,eac,768,jpeg-replacement-q80-whole,level,131072,99344,13,23.891,0.7174166,,1161216,1253594
gardens,eac,768,jpeg-replacement-q80-whole,level,262144,244823,16,25.43733,0.809134,,2930688,1253594
gardens,eac,768,jpeg-replacement-q80-whole,level,524288,363322,19,27.36056,0.8846441,,4700160,1253594
gardens,eac,768,jpeg-replacement-q80-whole,level,1048576,1020243,23,30.26621,0.94288,,14137344,1253594
gardens,eac,768,jpeg-replacement-q80-whole,level,1253594,1253594,25,32.48848,0.9739996,,18855936,1253594
gardens,eac,768,jpeg-replacement-q80-whole,gain,8192,5418,1,19.71303,0.4512827,,55296,1253594
gardens,eac,768,jpeg-replacement-q80-whole,gain,16384,13087,3,20.07005,0.4823742,,129024,1253594
gardens,eac,768,jpeg-replacement-q80-whole,gain,32768,26423,7,21.55619,0.5498298,,276480,1253594
gardens,eac,768,jpeg-replacement-q80-whole,gain,65536,53049,9,22.10918,0.6087726,,571392,1253594
gardens,eac,768,jpeg-replacement-q80-whole,gain,131072,99344,13,23.891,0.7174166,,1161216,1253594
gardens,eac,768,jpeg-replacement-q80-whole,gain,262144,247785,16,25.0954,0.7979569,,2930688,1253594
gardens,eac,768,jpeg-replacement-q80-whole,gain,524288,363322,19,27.36056,0.8846441,,4700160,1253594
gardens,eac,768,jpeg-replacement-q80-whole,gain,1048576,1020243,23,30.26621,0.94288,,14137344,1253594
gardens,eac,768,jpeg-replacement-q80-whole,gain,1253594,1253594,25,32.48848,0.9739996,,18855936,1253594
gardens,eac,768,jpeg-replacement-q80-whole,view,8192,5418,1,19.71303,0.4512827,19.07146,55296,1253594
gardens,eac,768,jpeg-replacement-q80-whole,view,16384,14661.58,3.583333,21.85389,0.5558921,19.07426,159744,1253594
gardens,eac,768,jpeg-replacement-q80-whole,view,32768,23513.25,4.583333,22.98912,0.6357444,19.07494,270336,1253594
gardens,eac,768,jpeg-replacement-q80-whole,view,65536,47319.33,6.5,24.25305,0.7208065,19.07739,589824,1253594
gardens,eac,768,jpeg-replacement-q80-whole,view,131072,107564.7,8.5,26.99616,0.8383726,19.16357,1539072,1253594
gardens,eac,768,jpeg-replacement-q80-whole,view,262144,221541.3,11.5,29.36149,0.9102279,19.43436,3345408,1253594
gardens,eac,768,jpeg-replacement-q80-whole,view,524288,432227.7,14.58333,31.39447,0.9515772,20.69041,6509568,1253594
gardens,eac,768,jpeg-replacement-q80-whole,view,1048576,964627.1,23,32.48848,0.9739996,26.71168,14137344,1253594
gardens,eac,768,jpeg-replacement-q80-whole,view,1253594,1253594,25,32.48848,0.9739996,31.11549,18855936,1253594
gardens,eac,768,jpeg-replacement-q80-whole,view-direct,8192,5418,1,19.71303,0.4512827,19.07146,55296,1253594
gardens,eac,768,jpeg-replacement-q80-whole,view-direct,16384,5418,1,19.71303,0.4512827,19.07146,55296,1253594
gardens,eac,768,jpeg-replacement-q80-whole,view-direct,32768,5418,1,19.71303,0.4512827,19.07146,55296,1253594
gardens,eac,768,jpeg-replacement-q80-whole,view-direct,65536,19569.58,1.333333,22.61943,0.499741,19.07146,648192,1253594
gardens,eac,768,jpeg-replacement-q80-whole,view-direct,131072,24310.25,2,22.61943,0.499741,19.15729,700416,1253594
gardens,eac,768,jpeg-replacement-q80-whole,view-direct,262144,209632.9,5.333333,28.37405,0.8397527,19.85482,3551232,1253594
gardens,eac,768,jpeg-replacement-q80-whole,view-direct,524288,473631,11.75,32.45645,0.9738334,21.99267,7464960,1253594
gardens,eac,768,jpeg-replacement-q80-whole,view-direct,1048576,964627.1,23,32.48848,0.9739996,26.71168,14137344,1253594
gardens,eac,768,jpeg-replacement-q80-whole,view-direct,1253594,1253594,25,32.48848,0.9739996,31.11549,18855936,1253594
stadium,eac,768,exact,all,,10616832,,37.85967,0.9644819,,,
stadium,eac,768,exact,coarse,,41472,,25.52321,0.5478181,,,
stadium,eac,768,haar-residual-d12,level,8192,0,0,,,,0,987019
stadium,eac,768,haar-residual-d12,level,16384,0,0,,,,0,987019
stadium,eac,768,haar-residual-d12,level,32768,29597,2,25.69555,0.5596258,,92160,987019
stadium,eac,768,haar-residual-d12,level,65536,61202,7,27.13753,0.6154171,,276480,987019
stadium,eac,768,haar-residual-d12,level,131072,115101,10,28.19073,0.6837466,,718848,987019
stadium,eac,768,haar-residual-d12,level,262144,255040,22,29.90341,0.7785196,,2603008,987019
stadium,eac,768,haar-residual-d12,level,524288,518752,51,31.88462,0.8762695,,8370176,987019
stadium,eac,768,haar-residual-d12,level,987019,987019,91,34.79089,0.9559009,,18855936,987019
stadium,eac,768,haar-residual-d12,gain,8192,0,0,,,,0,987019
stadium,eac,768,haar-residual-d12,gain,16384,0,0,,,,0,987019
stadium,eac,768,haar-residual-d12,gain,32768,30519,2,25.62896,0.5575965,,92160,987019
stadium,eac,768,haar-residual-d12,gain,65536,58983,6,26.73126,0.6143199,,239616,987019
stadium,eac,768,haar-residual-d12,gain,131072,112388,9,27.60699,0.6724738,,681984,987019
stadium,eac,768,haar-residual-d12,gain,262144,245406,19,29.11528,0.7718172,,2418688,987019
stadium,eac,768,haar-residual-d12,gain,524288,507091,40,31.21203,0.8778376,,6285312,987019
stadium,eac,768,haar-residual-d12,gain,987019,987019,91,34.79089,0.9559009,,18855936,987019
stadium,eac,768,haar-residual-d12,view,8192,0,0,,,,0,987019
stadium,eac,768,haar-residual-d12,view,16384,0,0,,,,0,987019
stadium,eac,768,haar-residual-d12,view,32768,30298.67,3.166667,26.73986,0.596165,22.10394,312661.3,987019
stadium,eac,768,haar-residual-d12,view,65536,57691.42,6.333333,28.17816,0.6738298,22.1111,587093.3,987019
stadium,eac,768,haar-residual-d12,view,131072,124554.2,14.5,30.49519,0.7987522,22.17231,2201259,987019
stadium,eac,768,haar-residual-d12,view,262144,252523.8,25.75,33.32333,0.9074792,23.12087,4176896,987019
stadium,eac,768,haar-residual-d12,view,524288,517909.8,49.25,34.79089,0.9559009,27.68502,8353792,987019
stadium,eac,768,haar-residual-d12,view,987019,987019,91,34.79089,0.9559009,32.21697,18855936,987019
stadium,eac,768,haar-residual-d12-p0.5,level,8192,0,0,,,,0,886490
stadium,eac,768,haar-residual-d12-p0.5,level,16384,16160,2,25.026,0.5590122,,92160,886490
stadium,eac,768,haar-residual-d12-p0.5,level,32768,30392,6,25.96575,0.6006982,,239616,886490
stadium,eac,768,haar-residual-d12-p0.5,level,65536,58856,9,26.68165,0.6562344,,571392,886490
stadium,eac,768,haar-residual-d12-p0.5,level,131072,127053,16,27.73944,0.7361446,,1685504,886490
stadium,eac,768,haar-residual-d12-p0.5,level,262144,239869,33,29.04909,0.8050617,,4110336,886490
stadium,eac,768,haar-residual-d12-p0.5,level,524288,511966,60,30.65256,0.8859523,,10729472,886490
stadium,eac,768,haar-residual-d12-p0.5,level,886490,886490,91,32.55641,0.9483735,,18855936,886490
stadium,eac,768,haar-residual-d12-p0.5,gain,8192,0,0,,,,0,886490
stadium,eac,768,haar-residual-d12-p0.5,gain,16384,12284,1,24.80677,0.5473364,,55296,886490
stadium,eac,768,haar-residual-d12-p0.5,gain,32768,29781,5,25.89502,0.6004769,,202752,886490
stadium,eac,768,haar-residual-d12-p0.5,gain,65536,59305,8,26.56888,0.6533832,,534528,886490
stadium,eac,768,haar-residual-d12-p0.5,gain,131072,126835,14,27.74285,0.7387547,,1632256,886490
stadium,eac,768,haar-residual-d12-p0.5,gain,262144,257164,27,29.17922,0.8281074,,3504128,886490
stadium,eac,768,haar-residual-d12-p0.5,gain,524288,502892,49,30.77095,0.8915785,,8304640,886490
stadium,eac,768,haar-residual-d12-p0.5,gain,886490,886490,91,32.55641,0.9483735,,18855936,886490
stadium,eac,768,haar-residual-d12-p0.5,view,8192,0,0,,,,0,886490
stadium,eac,768,haar-residual-d12-p0.5,view,16384,13045.75,2.25,24.94,0.5518977,21.74076,260096,886490
stadium,eac,768,haar-residual-d12-p0.5,view,32768,26359.17,5.583333,26.36021,0.6398173,21.74788,476160,886490
stadium,eac,768,haar-residual-d12-p0.5,view,65536,59414.08,9.333333,27.88041,0.7477897,21.80713,1047552,886490
stadium,eac,768,haar-residual-d12-p0.5,view,131072,127569.7,19.66667,30.07258,0.8559987,22.01723,3113984,886490
stadium,eac,768,haar-residual-d12-p0.5,view,262144,255533,31.66667,32.00476,0.930339,23.53488,5140821,886490
stadium,eac,768,haar-residual-d12-p0.5,view,524288,518408.2,60,32.55641,0.9483735,27.79608,10767700,886490
stadium,eac,768,haar-residual-d12-p0.5,view,886490,886490,91,32.55641,0.9483735,30.82449,18855936,886490
stadium,eac,768,jpeg-residual-q80,level,8192,6267,2,24.468,0.5524402,,92160,852696
stadium,eac,768,jpeg-residual-q80,level,16384,14245,6,25.84097,0.5910099,,239616,852696
stadium,eac,768,jpeg-residual-q80,level,32768,31617,9,26.57633,0.6438701,,571392,852696
stadium,eac,768,jpeg-residual-q80,level,65536,58682,13,27.95795,0.7110581,,1161216,852696
stadium,eac,768,jpeg-residual-q80,level,131072,129315,23,29.14494,0.7697324,,2734080,852696
stadium,eac,768,jpeg-residual-q80,level,262144,250077,41,30.67953,0.8482249,,5748736,852696
stadium,eac,768,jpeg-residual-q80,level,524288,514855,63,32.57835,0.8958896,,11515904,852696
stadium,eac,768,jpeg-residual-q80,level,852696,852696,91,34.78912,0.9546682,,18855936,852696
stadium,eac,768,jpeg-residual-q80,gain,8192,6496,2,24.38688,0.5504391,,92160,852696
stadium,eac,768,jpeg-residual-q80,gain,16384,15955,6,25.48794,0.6012913,,239616,852696
stadium,eac,768,jpeg-residual-q80,gain,32768,31922,8,26.04872,0.6405501,,534528,852696
stadium,eac,768,jpeg-residual-q80,gain,65536,57148,12,27.402,0.709988,,1013760,852696
stadium,eac,768,jpeg-residual-q80,gain,131072,121729,20,28.53656,0.7570424,,2586624,852696
stadium,eac,768,jpeg-residual-q80,gain,262144,249776,35,30.38032,0.8519601,,4634624,852696
stadium,eac,768,jpeg-residual-q80,gain,524288,512908,51,31.75577,0.8999445,,8828928,852696
stadium,eac,768,jpeg-residual-q80,gain,852696,852696,91,34.78912,0.9546682,,18855936,852696
stadium,eac,768,jpeg-residual-q80,view,8192,6742.667,2.5,25.80815,0.5855162,21.4545,138581.3,852696
stadium,eac,768,jpeg-residual-q80,view,16384,12306.75,4.75,26.89405,0.6290946,21.46146,314026.7,852696
stadium,eac,768,jpeg-residual-q80,view,32768,28061.17,8,28.60032,0.7126316,21.46563,860501.3,852696
stadium,eac,768,jpeg-residual-q80,view,65536,59806.33,13,30.15064,0.7926713,21.52069,1776640,852696
stadium,eac,768,jpeg-residual-q80,view,131072,123276.6,21.75,32.297,0.8767343,21.87377,3499008,852696
stadium,eac,768,jpeg-residual-q80,view,262144,257415,36.66667,34.58025,0.9504219,24.50345,6001323,852696
stadium,eac,768,jpeg-residual-q80,view,524288,516191.8,64.5,34.78912,0.9546682,28.54599,11909120,852696
stadium,eac,768,jpeg-residual-q80,view,852696,852696,91,34.78912,0.9546682,31.99941,18855936,852696
stadium,eac,768,jpeg-replacement-q80,level,8192,6670,2,24.46727,0.5524469,,92160,1024132
stadium,eac,768,jpeg-replacement-q80,level,16384,16352,6,25.93924,0.5910574,,239616,1024132
stadium,eac,768,jpeg-replacement-q80,level,32768,27947,8,26.30001,0.6189601,,423936,1024132
stadium,eac,768,jpeg-replacement-q80,level,65536,58998,12,27.8333,0.6844473,,1013760,1024132
stadium,eac,768,jpeg-replacement-q80,level,131072,122034,19,28.71663,0.7438825,,2144256,1024132
stadium,eac,768,jpeg-replacement-q80,level,262144,250787,35,30.38918,0.8268324,,4503552,1024132
stadium,eac,768,jpeg-replacement-q80,level,524288,523372,57,31.82257,0.879388,,9943040,1024132
stadium,eac,768,jpeg-replacement-q80,level,1024132,1024132,91,34.94115,0.9549796,,18855936,1024132
stadium,eac,768,jpeg-replacement-q80,gain,8192,6980,2,24.38778,0.5504135,,92160,1024132
stadium,eac,768,jpeg-replacement-q80,gain,16384,15367,5,25.36266,0.590319,,202752,1024132
stadium,eac,768,jpeg-replacement-q80,gain,32768,28347,7,25.66512,0.6167179,,387072,1024132
stadium,eac,768,jpeg-replacement-q80,gain,65536,56805,11,27.33249,0.6833503,,866304,1024132
stadium,eac,768,jpeg-replacement-q80,gain,131072,126171,18,28.14193,0.7386975,,2193408,1024132
stadium,eac,768,jpeg-replacement-q80,gain,262144,260572,32,29.56986,0.8423513,,3962880,1024132
stadium,eac,768,jpeg-replacement-q80,gain,524288,511797,45,31.38162,0.8865318,,7256064,1024132
stadium,eac,768,jpeg-replacement-q80,gain,1024132,1024132,91,34.94115,0.9549796,,18855936,1024132
stadium,eac,768,jpeg-replacement-q80,view,8192,7192.083,2.416667,25.84303,0.5855634,21.4545,116736,1024132
stadium,eac,768,jpeg-replacement-q80,view,16384,13027.5,4.583333,26.86126,0.6152054,21.4615,279893.3,1024132
stadium,eac,768,jpeg-replacement-q80,view,32768,27550.83,6.666667,28.16279,0.6949022,21.46558,663552,1024132
stadium,eac,768,jpeg-replacement-q80,view,65536,59356.83,11,29.69765,0.7748145,21.52122,1331541,1024132
stadium,eac,768,jpeg-replacement-q80,view,131072,123749.9,19.75,31.8473,0.8632963,21.71709,3062101,1024132
stadium,eac,768,jpeg-replacement-q80,view,262144,252707.3,31.08333,34.20709,0.9335271,23.05392,5084160,1024132
stadium,eac,768,jpeg-replacement-q80,view,524288,517681.9,56.66667,34.94115,0.9549796,27.81971,9921195,1024132
stadium,eac,768,jpeg-replacement-q80,view,1024132,1024132,91,34.94115,0.9549796,32.06401,18855936,1024132
stadium,eac,768,jpeg-replacement-q80,view-direct,8192,5154.333,1.5,24.43404,0.5429516,21.4545,186368,1024132
stadium,eac,768,jpeg-replacement-q80,view-direct,16384,8451.333,2.666667,25.23141,0.5475201,21.4545,492202.7,1024132
stadium,eac,768,jpeg-replacement-q80,view-direct,32768,27832.58,5.333333,26.74036,0.6138581,21.4545,1134933,1024132
stadium,eac,768,jpeg-replacement-q80,view-direct,65536,56504.92,8.583333,28.50183,0.7040213,21.63194,1686187,1024132
stadium,eac,768,jpeg-replacement-q80,view-direct,131072,124952.3,14.91667,32.52784,0.8676733,22.17276,2869931,1024132
stadium,eac,768,jpeg-replacement-q80,view-direct,262144,258023.7,30.5,34.9384,0.9548878,24.57921,5109077,1024132
stadium,eac,768,jpeg-replacement-q80,view-direct,524288,517821.8,57,34.94115,0.9549796,27.82739,9970347,1024132
stadium,eac,768,jpeg-replacement-q80,view-direct,1024132,1024132,91,34.94115,0.9549796,32.06401,18855936,1024132
stadium,eac,768,webp-replacement-q80,level,8192,5802,2,24.41092,0.5557518,,92160,918480
stadium,eac,768,webp-replacement-q80,level,16384,13754,6,25.87396,0.5957825,,239616,918480
stadium,eac,768,webp-replacement-q80,level,32768,32282,9,26.61981,0.6492608,,571392,918480
stadium,eac,768,webp-replacement-q80,level,65536,61888,13,27.95053,0.7167037,,1161216,918480
stadium,eac,768,webp-replacement-q80,level,131072,129248,22,28.95767,0.7680717,,2603008,918480
stadium,eac,768,webp-replacement-q80,level,262144,245040,40,30.52991,0.8475333,,5486592,918480
stadium,eac,768,webp-replacement-q80,level,524288,523798,62,32.39372,0.8933592,,11253760,918480
stadium,eac,768,webp-replacement-q80,level,918480,918480,91,34.65401,0.9538271,,18855936,918480
stadium,eac,768,webp-replacement-q80,gain,8192,6180,2,24.34102,0.5538215,,92160,918480
stadium,eac,768,webp-replacement-q80,gain,16384,16112,6,25.43395,0.6074117,,239616,918480
stadium,eac,768,webp-replacement-q80,gain,32768,25564,8,26.18362,0.6232393,,423936,918480
stadium,eac,768,webp-replacement-q80,gain,65536,60864,12,27.46858,0.7157429,,1013760,918480
stadium,eac,768,webp-replacement-q80,gain,131072,123236,20,28.59621,0.7608671,,2586624,918480
stadium,eac,768,webp-replacement-q80,gain,262144,253952,34,30.18391,0.8496502,,4372480,918480
stadium,eac,768,webp-replacement-q80,gain,524288,508220,53,31.9904,0.8962629,,9222144,918480
stadium,eac,768,webp-replacement-q80,gain,918480,918480,91,34.65401,0.9538271,,18855936,918480
stadium,eac,768,webp-replacement-q80,view,8192,6302,2.75,25.93649,0.5902684,21.4309,165888,918480
stadium,eac,768,webp-replacement-q80,view,16384,11271.5,5.25,26.8761,0.6209645,21.43903,454656,918480
stadium,eac,768,webp-replacement-q80,view,32768,27097.5,8.25,28.50994,0.711941,21.50049,860501.3,918480
stadium,eac,768,webp-replacement-q80,view,65536,61168.67,14.25,30.16367,0.7921948,21.50076,2111147,918480
stadium,eac,768,webp-replacement-q80,view,131072,122730.5,22.41667,32.2137,0.8727369,21.95225,3557376,918480
stadium,eac,768,webp-replacement-q80,view,262144,254155,35.08333,34.02388,0.9368684,24.11288,5744299,918480
stadium,eac,768,webp-replacement-q80,view,524288,513680.8,62,34.65401,0.9538271,28.50698,11253760,918480
stadium,eac,768,webp-replacement-q80,view,918480,918480,91,34.65401,0.9538271,32.05027,18855936,918480
stadium,eac,768,webp-replacement-q80,view-direct,8192,5043.5,2.583333,24.94453,0.54728,21.4309,470357.3,918480
stadium,eac,768,webp-replacement-q80,view-direct,16384,9379.5,4.5,26.17417,0.5612784,21.4309,935253.3,918480
stadium,eac,768,webp-replacement-q80,view-direct,32768,26739.67,7.25,27.0276,0.6265804,21.50993,1383765,918480
stadium,eac,768,webp-replacement-q80,view-direct,65536,56176.83,9.75,29.43403,0.7236018,21.61972,1906005,918480
stadium,eac,768,webp-replacement-q80,view-direct,131072,125615.7,17.5,32.62205,0.8777471,22.47559,3224576,918480
stadium,eac,768,webp-replacement-q80,view-direct,262144,255608.7,35,34.651,0.9537323,25.35741,5838165,918480
stadium,eac,768,webp-replacement-q80,view-direct,524288,513680.8,62,34.65401,0.9538271,28.50698,11253760,918480
stadium,eac,768,webp-replacement-q80,view-direct,918480,918480,91,34.65401,0.9538271,32.05027,18855936,918480
stadium,eac,768,jpeg-replacement-q80-whole,level,8192,6670,2,24.46727,0.5524469,,92160,1006947
stadium,eac,768,jpeg-replacement-q80-whole,level,16384,16352,6,25.93924,0.5910574,,239616,1006947
stadium,eac,768,jpeg-replacement-q80-whole,level,32768,27947,8,26.30001,0.6189601,,423936,1006947
stadium,eac,768,jpeg-replacement-q80-whole,level,65536,58998,12,27.8333,0.6844473,,1013760,1006947
stadium,eac,768,jpeg-replacement-q80-whole,level,131072,101206,14,28.28818,0.728731,,1751040,1006947
stadium,eac,768,jpeg-replacement-q80-whole,level,262144,211762,18,30.17053,0.7987558,,4110336,1006947
stadium,eac,768,jpeg-replacement-q80-whole,level,524288,506063,21,31.78396,0.8787069,,9418752,1006947
stadium,eac,768,jpeg-replacement-q80-whole,level,1006947,1006947,25,34.94256,0.9549799,,18855936,1006947
stadium,eac,768,jpeg-replacement-q80-whole,gain,8192,6980,2,24.38778,0.5504135,,92160,1006947
stadium,eac,768,jpeg-replacement-q80-whole,gain,16384,15367,5,25.36266,0.590319,,202752,1006947
stadium,eac,768,jpeg-replacement-q80-whole,gain,32768,28347,7,25.66512,0.6167179,,387072,1006947
stadium,eac,768,jpeg-replacement-q80-whole,gain,65536,56805,11,27.33249,0.6833503,,866304,1006947
stadium,eac,768,jpeg-replacement-q80-whole,gain,131072,101845,13,27.99537,0.7347812,,1603584,1006947
stadium,eac,768,jpeg-replacement-q80-whole,gain,262144,257886,18,30.09747,0.8434423,,4110336,1006947
stadium,eac,768,jpeg-replacement-q80-whole,gain,524288,477986,19,30.86859,0.8851618,,6469632,1006947
stadium,eac,768,jpeg-replacement-q80-whole,gain,1006947,1006947,25,34.94256,0.9549799,,18855936,1006947
stadium,eac,768,jpeg-replacement-q80-whole,view,8192,7192.083,2.416667,25.84303,0.5855634,21.4545,116736,1006947
stadium,eac,768,jpeg-replacement-q80-whole,view,16384,12796.5,4.25,26.84744,0.6151756,21.4615,258048,1006947
stadium,eac,768,jpeg-replacement-q80-whole,view,32768,26456.08,5.75,28.0875,0.690585,21.46558,663552,1006947
stadium,eac,768,jpeg-replacement-q80-whole,view,65536,45666.83,7.75,28.98756,0.7280459,21.52122,1059840,1006947
stadium,eac,768,jpeg-replacement-q80-whole,view,131072,102110.3,9.916667,30.80103,0.8199573,21.6016,2522112,1006947
stadium,eac,768,jpeg-replacement-q80-whole,view,262144,194521.2,12.25,31.79058,0.85838,21.94513,4220928,1006947
stadium,eac,768,jpeg-replacement-q80-whole,view,524288,468447.6,17.83333,34.42049,0.9397309,23.68571,9449472,1006947
stadium,eac,768,jpeg-replacement-q80-whole,view,1006947,1006947,25,34.94256,0.9549799,32.06496,18855936,1006947
stadium,eac,768,jpeg-replacement-q80-whole,view-direct,8192,3981,1,24.23605,0.5418125,21.4545,55296,1006947
stadium,eac,768,jpeg-replacement-q80-whole,view-direct,16384,3981,1,24.23605,0.5418125,21.4545,55296,1006947
stadium,eac,768,jpeg-replacement-q80-whole,view-direct,32768,9168.167,1.5,25.80605,0.5444157,21.4545,654336,1006947
stadium,eac,768,jpeg-replacement-q80-whole,view-direct,65536,12034.17,2,25.80605,0.5444157,21.50981,700416,1006947
stadium,eac,768,jpeg-replacement-q80-whole,view-direct,131072,57414.83,2.666667,27.82758,0.6518701,21.58812,1572864,1006947
stadium,eac,768,jpeg-replacement-q80-whole,view-direct,262144,206430.8,5.916667,32.62147,0.8654741,22.07378,4558848,1006947
stadium,eac,768,jpeg-replacement-q80-whole,view-direct,524288,508500.8,16.75,34.93579,0.9549112,25.07583,9732096,1006947
stadium,eac,768,jpeg-replacement-q80-whole,view-direct,1006947,1006947,25,34.94256,0.9549799,32.06496,18855936,1006947
superblock,eac,768,exact,all,,10616832,,32.40823,0.9672649,,,
superblock,eac,768,exact,coarse,,41472,,19.09846,0.2834297,,,
superblock,eac,768,haar-residual-d12,level,8192,0,0,,,,0,1739254
superblock,eac,768,haar-residual-d12,level,16384,0,0,,,,0,1739254
superblock,eac,768,haar-residual-d12,level,32768,28687,1,19.09792,0.2834423,,55296,1739254
superblock,eac,768,haar-residual-d12,level,65536,57336,4,19.7625,0.3300348,,165888,1739254
superblock,eac,768,haar-residual-d12,level,131072,121936,8,20.61116,0.4121043,,423936,1739254
superblock,eac,768,haar-residual-d12,level,262144,238288,12,22.15572,0.5631545,,1013760,1739254
superblock,eac,768,haar-residual-d12,level,524288,504391,26,23.73732,0.6863956,,3192832,1739254
superblock,eac,768,haar-residual-d12,level,1048576,1037988,54,26.63336,0.8599062,,9156608,1739254
superblock,eac,768,haar-residual-d12,level,1739254,1739254,91,30.74272,0.9603391,,18855936,1739254
superblock,eac,768,haar-residual-d12,gain,8192,0,0,,,,0,1739254
superblock,eac,768,haar-residual-d12,gain,16384,0,0,,,,0,1739254
superblock,eac,768,haar-residual-d12,gain,32768,28687,1,19.09792,0.2834423,,55296,1739254
superblock,eac,768,haar-residual-d12,gain,65536,62841,4,19.75722,0.3430361,,165888,1739254
superblock,eac,768,haar-residual-d12,gain,131072,127101,8,21.04386,0.4608535,,423936,1739254
superblock,eac,768,haar-residual-d12,gain,262144,238288,12,22.15572,0.5631545,,1013760,1739254
superblock,eac,768,haar-residual-d12,gain,524288,519521,21,24.18898,0.7133372,,2734080,1739254
superblock,eac,768,haar-residual-d12,gain,1048576,1031811,48,26.77246,0.8582302,,7583744,1739254
superblock,eac,768,haar-residual-d12,gain,1739254,1739254,91,30.74272,0.9603391,,18855936,1739254
superblock,eac,768,haar-residual-d12,view,8192,0,0,,,,0,1739254
superblock,eac,768,haar-residual-d12,view,16384,0,0,,,,0,1739254
superblock,eac,768,haar-residual-d12,view,32768,28687,1,19.09792,0.2834423,19.18643,55296,1739254
superblock,eac,768,haar-residual-d12,view,65536,55601,3.583333,20.6132,0.3981944,19.18734,159744,1739254
superblock,eac,768,haar-residual-d12,view,131072,116261.5,6.166667,22.70125,0.6039653,19.18769,550229.3,1739254
superblock,eac,768,haar-residual-d12,view,262144,241372.1,11.91667,25.42341,0.7928912,19.30272,1494016,1739254
superblock,eac,768,haar-residual-d12,view,524288,516188,25.83333,30.49594,0.9560854,19.84356,4430165,1739254
superblock,eac,768,haar-residual-d12,view,1048576,1044231,52.91667,30.74272,0.9603391,25.9869,8872619,1739254
superblock,eac,768,haar-residual-d12,view,1739254,1739254,91,30.74272,0.9603391,30.4471,18855936,1739254
superblock,eac,768,haar-residual-d12-p0.5,level,8192,0,0,,,,0,1564188
superblock,eac,768,haar-residual-d12-p0.5,level,16384,0,0,,,,0,1564188
superblock,eac,768,haar-residual-d12-p0.5,level,32768,31602,3,19.43167,0.315249,,129024,1564188
superblock,eac,768,haar-residual-d12-p0.5,level,65536,57582,7,20.32803,0.3862407,,276480,1564188
superblock,eac,768,haar-residual-d12-p0.5,level,131072,113345,10,21.15211,0.4678759,,718848,1564188
superblock,eac,768,haar-residual-d12-p0.5,level,262144,251230,17,22.50003,0.6184585,,1751040,1564188
superblock,eac,768,haar-residual-d12-p0.5,level,524288,500180,33,24.79303,0.7739795,,4110336,1564188
superblock,eac,768,haar-residual-d12-p0.5,level,1048576,1046506,68,26.72288,0.870548,,12826624,1564188
superblock,eac,768,haar-residual-d12-p0.5,level,1564188,1564188,91,29.2709,0.9540705,,18855936,1564188
superblock,eac,768,haar-residual-d12-p0.5,gain,8192,0,0,,,,0,1564188
superblock,eac,768,haar-residual-d12-p0.5,gain,16384,0,0,,,,0,1564188
superblock,eac,768,haar-residual-d12-p0.5,gain,32768,29429,3,19.5125,0.3106441,,129024,1564188
superblock,eac,768,haar-residual-d12-p0.5,gain,65536,57582,7,20.32803,0.3862407,,276480,1564188
superblock,eac,768,haar-residual-d12-p0.5,gain,131072,108686,9,21.17312,0.484363,,571392,1564188
superblock,eac,768,haar-residual-d12-p0.5,gain,262144,258916,15,22.79275,0.6368827,,1685504,1564188
superblock,eac,768,haar-residual-d12-p0.5,gain,524288,515259,30,24.95842,0.7945077,,4044800,1564188
superblock,eac,768,haar-residual-d12-p0.5,gain,1048576,1046341,57,26.9373,0.8769905,,9943040,1564188
superblock,eac,768,haar-residual-d12-p0.5,gain,1564188,1564188,91,29.2709,0.9540705,,18855936,1564188
superblock,eac,768,haar-residual-d12-p0.5,view,8192,0,0,,,,0,1564188
superblock,eac,768,haar-residual-d12-p0.5,view,16384,0,0,,,,0,1564188
superblock,eac,768,haar-residual-d12-p0.5,view,32768,28246.17,2.583333,20.2007,0.3765804,19.16196,113664,1564188
superblock,eac,768,haar-residual-d12-p0.5,view,65536,51507.08,4.75,21.38169,0.4844538,19.16315,301738.7,1564188
superblock,eac,768,haar-residual-d12-p0.5,view,131072,115570.6,8.25,23.19618,0.6591846,19.16464,891562.7,1564188
superblock,eac,768,haar-residual-d12-p0.5,view,262144,253045.7,15.75,26.03333,0.8536242,19.43683,2213547,1564188
superblock,eac,768,haar-residual-d12-p0.5,view,524288,510489.6,30.91667,29.2709,0.9540705,21.66448,5206016,1564188
superblock,eac,768,haar-residual-d12-p0.5,view,1048576,1040078,64.83333,29.2709,0.9540705,26.27017,11996500,1564188
superblock,eac,768,haar-residual-d12-p0.5,view,1564188,1564188,91,29.2709,0.9540705,29.0113,18855936,1564188
superblock,eac,768,jpeg-residual-q80,level,8192,7729,2,18.68991,0.2871966,,92160,1195436
superblock,eac,768,jpeg-residual-q80,level,16384,15641,5,19.29537,0.3259366,,202752,1195436
superblock,eac,768,jpeg-residual-q80,level,32768,31557,8,19.91116,0.3913888,,423936,1195436
superblock,eac,768,jpeg-residual-q80,level,65536,59401,11,20.67272,0.4651731,,866304,1195436
superblock,eac,768,jpeg-residual-q80,level,131072,122827,17,21.68368,0.5948,,1751040,1195436
superblock,eac,768,jpeg-residual-q80,level,262144,255114,30,23.2373,0.7140175,,3782656,1195436
superblock,eac,768,jpeg-residual-q80,level,524288,512578,49,24.80933,0.8297057,,7845888,1195436
superblock,eac,768,jpeg-residual-q80,level,1048576,1030626,83,28.14727,0.9226733,,16758784,1195436
superblock,eac,768,jpeg-residual-q80,level,1195436,1195436,91,29.0761,0.9561153,,18855936,1195436
superblock,eac,768,jpeg-residual-q80,gain,8192,7729,2,18.68991,0.2871966,,92160,1195436
superblock,eac,768,jpeg-residual-q80,gain,16384,13866,4,19.13417,0.3294094,,165888,1195436
superblock,eac,768,jpeg-residual-q80,gain,32768,21119,7,19.71735,0.3675475,,276480,1195436
superblock,eac,768,jpeg-residual-q80,gain,65536,64972,11,20.86455,0.5153769,,866304,1195436
superblock,eac,768,jpeg-residual-q80,gain,131072,126007,15,21.96468,0.6159341,,1685504,1195436
superblock,eac,768,jpeg-residual-q80,gain,262144,242783,26,23.4997,0.7291642,,3454976,1195436
superblock,eac,768,jpeg-residual-q80,gain,524288,516975,46,25.17263,0.8347369,,7059456,1195436
superblock,eac,768,jpeg-residual-q80,gain,1048576,1033176,77,28.21013,0.926862,,15185920,1195436
superblock,eac,768,jpeg-residual-q80,gain,1195436,1195436,91,29.0761,0.9561153,,18855936,1195436
superblock,eac,768,jpeg-residual-q80,view,8192,7519.583,2,19.38941,0.3448051,18.67504,92160,1195436
superblock,eac,768,jpeg-residual-q80,view,16384,13025.83,3.916667,19.92327,0.3782332,18.67633,172032,1195436
superblock,eac,768,jpeg-residual-q80,view,32768,26099.08,5.25,21.20662,0.5323133,18.67633,376832,1195436
superblock,eac,768,jpeg-residual-q80,view,65536,53784.25,8,22.20973,0.6345743,18.67776,806912,1195436
superblock,eac,768,jpeg-residual-q80,view,131072,126013.4,14.25,24.84381,0.82357,18.78246,1913856,1195436
superblock,eac,768,jpeg-residual-q80,view,262144,254864.3,23.25,28.29176,0.9392802,19.05509,3885397,1195436
superblock,eac,768,jpeg-residual-q80,view,524288,516525.1,48.83333,29.0761,0.9561153,23.89797,7867733,1195436
superblock,eac,768,jpeg-residual-q80,view,1048576,1034218,83,29.0761,0.9561153,26.72203,16758784,1195436
superblock,eac,768,jpeg-residual-q80,view,1195436,1195436,91,29.0761,0.9561153,28.90898,18855936,1195436
superblock,eac,768,jpeg-replacement-q80,level,8192,4802,1,18.53081,0.2752828,,55296,1457114
superblock,eac,768,jpeg-replacement-q80,level,16384,14269,4,19.16601,0.3164807,,165888,1457114
superblock,eac,768,jpeg-replacement-q80,level,32768,24304,7,19.71321,0.3673097,,276480,1457114
superblock,eac,768,jpeg-replacement-q80,level,65536,57432,10,20.49906,0.4463059,,718848,1457114
superblock,eac,768,jpeg-replacement-q80,level,131072,120860,14,21.5516,0.5788887,,1423360,1457114
superblock,eac,768,jpeg-replacement-q80,level,262144,260606,27,22.71169,0.66677,,3323904,1457114
superblock,eac,768,jpeg-replacement-q80,level,524288,517201,43,24.54732,0.8161948,,6273024,1457114
superblock,eac,768,jpeg-replacement-q80,level,1048576,1024969,73,26.33096,0.8734513,,14137344,1457114
superblock,eac,768,jpeg-replacement-q80,level,1457114,1457114,91,29.02525,0.9561908,,18855936,1457114
superblock,eac,768,jpeg-replacement-q80,gain,8192,4802,1,18.53081,0.2752828,,55296,1457114
superblock,eac,768,jpeg-replacement-q80,gain,16384,15642,4,19.12906,0.3290678,,165888,1457114
superblock,eac,768,jpeg-replacement-q80,gain,32768,24304,7,19.71321,0.3673097,,276480,1457114
superblock,eac,768,jpeg-replacement-q80,gain,65536,65118,10,20.58328,0.4827592,,718848,1457114
superblock,eac,768,jpeg-replacement-q80,gain,131072,126977,14,21.80402,0.6054551,,1423360,1457114
superblock,eac,768,jpeg-replacement-q80,gain,262144,261639,23,23.04804,0.7014167,,2930688,1457114
superblock,eac,768,jpeg-replacement-q80,gain,524288,498937,41,24.7804,0.8249402,,5748736,1457114
superblock,eac,768,jpeg-replacement-q80,gain,1048576,1037138,65,27.19215,0.8970127,,12040192,1457114
superblock,eac,768,jpeg-replacement-q80,gain,1457114,1457114,91,29.02525,0.9561908,,18855936,1457114
superblock,eac,768,jpeg-replacement-q80,view,8192,6517.5,1.583333,19.0351,0.3090271,18.67504,76800,1457114
superblock,eac,768,jpeg-replacement-q80,view,16384,13599.5,3.583333,19.91853,0.3779445,18.67608,159744,1457114
superblock,eac,768,jpeg-replacement-q80,view,32768,26918,4.916667,21.01483,0.5202217,18.6763,329045.3,1457114
superblock,eac,768,jpeg-replacement-q80,view,65536,57650.67,7.416667,22.07029,0.6208611,18.67754,720896,1457114
superblock,eac,768,jpeg-replacement-q80,view,131072,120095.1,11.91667,24.3554,0.7933142,18.67776,1505963,1457114
superblock,eac,768,jpeg-replacement-q80,view,262144,251204.3,19.41667,26.93002,0.9034508,18.931,3117397,1457114
superblock,eac,768,jpeg-replacement-q80,view,524288,517857.5,40.83333,29.02525,0.9561908,22.57467,6633472,1457114
superblock,eac,768,jpeg-replacement-q80,view,1048576,1036742,72.66667,29.02525,0.9561908,26.06209,14049960,1457114
superblock,eac,768,jpeg-replacement-q80,view,1457114,1457114,91,29.02525,0.9561908,28.86413,18855936,1457114
superblock,eac,768,jpeg-replacement-q80,view-direct,8192,5027.917,1.083333,18.53612,0.2760258,18.67504,77141.33,1457114
superblock,eac,768,jpeg-replacement-q80,view-direct,16384,5027.917,1.083333,18.53612,0.2760258,18.67504,77141.33,1457114
superblock,eac,768,jpeg-replacement-q80,view-direct,32768,26791.92,2.166667,19.13337,0.3732557,18.67504,361130.7,1457114
superblock,eac,768,jpeg-replacement-q80,view-direct,65536,54556.58,3.416667,20.40519,0.4935529,18.67504,688810.7,1457114
superblock,eac,768,jpeg-replacement-q80,view-direct,131072,123395.1,7.416667,23.62061,0.7558094,18.78008,1624747,1457114
superblock,eac,768,jpeg-replacement-q80,view-direct,262144,256199.3,18.66667,29.01755,0.9560764,19.9833,3396949,1457114
superblock,eac,768,jpeg-replacement-q80,view-direct,524288,516051,41.16667,29.02525,0.9561908,22.93774,6660779,1457114
superblock,eac,768,jpeg-replacement-q80,view-direct,1048576,1036742,72.66667,29.02525,0.9561908,26.06209,14049960,1457114
superblock,eac,768,jpeg-replacement-q80,view-direct,1457114,1457114,91,29.02525,0.9561908,28.86413,18855936,1457114
superblock,eac,768,webp-replacement-q80,level,8192,7990,2,18.81472,0.2926069,,92160,1424338
superblock,eac,768,webp-replacement-q80,level,16384,13340,4,19.296,0.3233044,,165888,1424338
superblock,eac,768,webp-replacement-q80,level,32768,23208,7,19.8506,0.37786,,276480,1424338
superblock,eac,768,webp-replacement-q80,level,65536,54862,10,20.66548,0.4573043,,718848,1424338
superblock,eac,768,webp-replacement-q80,level,131072,118820,14,21.76658,0.5902851,,1423360,1424338
superblock,eac,768,webp-replacement-q80,level,262144,252374,27,22.96961,0.6763782,,3323904,1424338
superblock,eac,768,webp-replacement-q80,level,524288,519438,44,24.92465,0.8251895,,6535168,1424338
superblock,eac,768,webp-replacement-q80,level,1048576,1037818,75,27.01321,0.8854875,,14661632,1424338
superblock,eac,768,webp-replacement-q80,level,1424338,1424338,91,29.6595,0.9573514,,18855936,1424338
superblock,eac,768,webp-replacement-q80,gain,8192,7990,2,18.81472,0.2926069,,92160,1424338
superblock,eac,768,webp-replacement-q80,gain,16384,13960,4,19.42802,0.3399497,,165888,1424338
superblock,eac,768,webp-replacement-q80,gain,32768,23208,7,19.8506,0.37786,,276480,1424338
superblock,eac,768,webp-replacement-q80,gain,65536,64296,10,20.74949,0.4934027,,718848,1424338
superblock,eac,768,webp-replacement-q80,gain,131072,126256,14,22.03924,0.6172285,,1423360,1424338
superblock,eac,768,webp-replacement-q80,gain,262144,257590,23,23.34305,0.7084293,,2996224,1424338
superblock,eac,768,webp-replacement-q80,gain,524288,518280,42,25.21774,0.8335249,,6010880,1424338
superblock,eac,768,webp-replacement-q80,gain,1048576,1043292,67,27.96394,0.9034414,,12564480,1424338
superblock,eac,768,webp-replacement-q80,gain,1424338,1424338,91,29.6595,0.9573514,,18855936,1424338
superblock,eac,768,webp-replacement-q80,view,8192,6776.333,1.75,19.27267,0.3258704,18.7922,82944,1424338
superblock,eac,768,webp-replacement-q80,view,16384,13206.5,3.666667,20.06206,0.3882009,18.79365,162816,1424338
superblock,eac,768,webp-replacement-q80,view,32768,27352.17,5.083333,21.32878,0.5365199,18.79379,352256,1424338
superblock,eac,768,webp-replacement-q80,view,65536,57213.5,7.583333,22.30202,0.6316121,18.79515,755029.3,1424338
superblock,eac,768,webp-replacement-q80,view,131072,119681.3,12.16667,24.79587,0.8037399,18.79525,1552725,1424338
superblock,eac,768,webp-replacement-q80,view,262144,252038.3,19.91667,27.49146,0.909622,19.0563,3210240,1424338
superblock,eac,768,webp-replacement-q80,view,524288,515689.3,41.75,29.6595,0.9573514,22.98278,6748160,1424338
superblock,eac,768,webp-replacement-q80,view,1048576,1037365,74.66667,29.6595,0.9573514,26.5164,14574250,1424338
superblock,eac,768,webp-replacement-q80,view,1424338,1424338,91,29.6595,0.9573514,29.50655,18855936,1424338
superblock,eac,768,webp-replacement-q80,view-direct,8192,4755.333,1.083333,18.65985,0.2805616,18.7922,77141.33,1424338
superblock,eac,768,webp-replacement-q80,view-direct,16384,4755.333,1.083333,18.65985,0.2805616,18.7922,77141.33,1424338
superblock,eac,768,webp-replacement-q80,view-direct,32768,22357.5,2.083333,19.24145,0.3666894,18.7922,339285.3,1424338
superblock,eac,768,webp-replacement-q80,view-direct,65536,55884.33,3.666667,20.74001,0.5079799,18.7922,754346.7,1424338
superblock,eac,768,webp-replacement-q80,view-direct,131072,118886,7.416667,23.80492,0.7495644,18.8988,1615189,1424338
superblock,eac,768,webp-replacement-q80,view-direct,262144,256797.7,19.75,29.64983,0.9572343,20.25361,3509589,1424338
superblock,eac,768,webp-replacement-q80,view-direct,524288,510700,41.83333,29.6595,0.9573514,23.18441,6753621,1424338
superblock,eac,768,webp-replacement-q80,view-direct,1048576,1037365,74.66667,29.6595,0.9573514,26.5164,14574250,1424338
superblock,eac,768,webp-replacement-q80,view-direct,1424338,1424338,91,29.6595,0.9573514,29.50655,18855936,1424338
superblock,eac,768,jpeg-replacement-q80-whole,level,8192,4802,1,18.53081,0.2752828,,55296,1437526
superblock,eac,768,jpeg-replacement-q80-whole,level,16384,14269,4,19.16601,0.3164807,,165888,1437526
superblock,eac,768,jpeg-replacement-q80-whole,level,32768,24304,7,19.71321,0.3673097,,276480,1437526
superblock,eac,768,jpeg-replacement-q80-whole,level,65536,57432,10,20.49906,0.4463059,,718848,1437526
superblock,eac,768,jpeg-replacement-q80-whole,level,131072,97251,13,21.39725,0.5681795,,1161216,1437526
superblock,eac,768,jpeg-replacement-q80-whole,level,262144,221797,16,22.4977,0.6546587,,2930688,1437526
superblock,eac,768,jpeg-replacement-q80-whole,level,524288,385489,19,24.23798,0.8075859,,4700160,1437526
superblock,eac,768,jpeg-replacement-q80-whole,level,1048576,1010273,23,26.33143,0.8734537,,14137344,1437526
superblock,eac,768,jpeg-replacement-q80-whole,level,1437526,1437526,25,29.02632,0.9561923,,18855936,1437526
superblock,eac,768,jpeg-replacement-q80-whole,gain,8192,4802,1,18.53081,0.2752828,,55296,1437526
superblock,eac,768,jpeg-replacement-q80-whole,gain,16384,15642,4,19.12906,0.3290678,,165888,1437526
superblock,eac,768,jpeg-replacement-q80-whole,gain,32768,24304,7,19.71321,0.3673097,,276480,1437526
superblock,eac,768,jpeg-replacement-q80-whole,gain,65536,65118,10,20.58328,0.4827592,,718848,1437526
superblock,eac,768,jpeg-replacement-q80-whole,gain,131072,97251,13,21.39725,0.5681795,,1161216,1437526
superblock,eac,768,jpeg-replacement-q80-whole,gain,262144,256590,16,22.8558,0.697225,,2930688,1437526
superblock,eac,768,jpeg-replacement-q80-whole,gain,524288,385489,19,24.23798,0.8075859,,4700160,1437526
superblock,eac,768,jpeg-replacement-q80-whole,gain,1048576,955306,22,26.56844,0.88142,,11778048,1437526
superblock,eac,768,jpeg-replacement-q80-whole,gain,1437526,1437526,25,29.02632,0.9561923,,18855936,1437526
superblock,eac,768,jpeg-replacement-q80-whole,view,8192,6517.5,1.583333,19.0351,0.3090271,18.67504,76800,1437526
superblock,eac,768,jpeg-replacement-q80-whole,view,16384,13599.5,3.583333,19.91853,0.3779445,18.67608,159744,1437526
superblock,eac,768,jpeg-replacement-q80-whole,view,32768,25910.25,4.833333,20.90492,0.5161301,18.6763,307200,1437526
superblock,eac,768,jpeg-replacement-q80-whole,view,65536,47586.17,6.5,21.6792,0.5785204,18.67754,589824,1437526
superblock,eac,768,jpeg-replacement-q80-whole,view,131072,98781.25,7.75,23.35758,0.7451888,18.67776,1216512,1437526
superblock,eac,768,jpeg-replacement-q80-whole,view,262144,190070.5,10.25,24.68273,0.8142513,18.93287,2423808,1437526
superblock,eac,768,jpeg-replacement-q80-whole,view,524288,453581.4,14.16667,27.51224,0.9207684,19.53202,5968896,1437526
superblock,eac,768,jpeg-replacement-q80-whole,view,1048576,990622.8,21.58333,29.02527,0.9561704,23.30847,13191168,1437526
superblock,eac,768,jpeg-replacement-q80-whole,view,1437526,1437526,25,29.02632,0.9561923,28.86524,18855936,1437526
superblock,eac,768,jpeg-replacement-q80-whole,view-direct,8192,4802,1,18.53081,0.2752828,18.67504,55296,1437526
superblock,eac,768,jpeg-replacement-q80-whole,view-direct,16384,4802,1,18.53081,0.2752828,18.67504,55296,1437526
superblock,eac,768,jpeg-replacement-q80-whole,view-direct,32768,4802,1,18.53081,0.2752828,18.67504,55296,1437526
superblock,eac,768,jpeg-replacement-q80-whole,view-direct,65536,4802,1,18.53081,0.2752828,18.67504,55296,1437526
superblock,eac,768,jpeg-replacement-q80-whole,view-direct,131072,31915.42,1.75,19.98544,0.34609,18.78008,663552,1437526
superblock,eac,768,jpeg-replacement-q80-whole,view-direct,262144,190488.7,4.333333,24.5345,0.770966,19.0511,2629632,1437526
superblock,eac,768,jpeg-replacement-q80-whole,view-direct,524288,467326.9,9.5,28.68834,0.9434371,19.81176,6414336,1437526
superblock,eac,768,jpeg-replacement-q80-whole,view-direct,1048576,1017010,22.25,29.02632,0.9561923,24.56415,13547520,1437526
superblock,eac,768,jpeg-replacement-q80-whole,view-direct,1437526,1437526,25,29.02632,0.9561923,28.86524,18855936,1437526
northrop-mall,oct-ea,1792,exact,all,,9633792,,31.32421,0.9519639,,,
northrop-mall,oct-ea,1792,exact,coarse,,37632,,20.93821,0.4764055,,,
northrop-mall,oct-ea,1792,haar-residual-d12,level,8192,0,0,,,,0,1368079
northrop-mall,oct-ea,1792,haar-residual-d12,level,16384,0,0,,,,0,1368079
northrop-mall,oct-ea,1792,haar-residual-d12,level,32768,24286,1,20.91846,0.4763903,,50176,1368079
northrop-mall,oct-ea,1792,haar-residual-d12,level,65536,24286,1,20.91846,0.4763903,,50176,1368079
northrop-mall,oct-ea,1792,haar-residual-d12,level,131072,107678,3,22.89806,0.5810577,,513024,1368079
northrop-mall,oct-ea,1792,haar-residual-d12,level,262144,238646,7,23.9383,0.686933,,1315840,1368079
northrop-mall,oct-ea,1792,haar-residual-d12,level,524288,512952,20,26.16838,0.8147677,,4068352,1368079
northrop-mall,oct-ea,1792,haar-residual-d12,level,1048576,1037101,56,29.0127,0.8991442,,13177856,1368079
northrop-mall,oct-ea,1792,haar-residual-d12,level,1368079,1368079,71,30.22281,0.9434224,,17110016,1368079
northrop-mall,oct-ea,1792,haar-residual-d12,gain,8192,0,0,,,,0,1368079
northrop-mall,oct-ea,1792,haar-residual-d12,gain,16384,0,0,,,,0,1368079
northrop-mall,oct-ea,1792,haar-residual-d12,gain,32768,24286,1,20.91846,0.4763903,,50176,1368079
northrop-mall,oct-ea,1792,haar-residual-d12,gain,65536,24286,1,20.91846,0.4763903,,50176,1368079
northrop-mall,oct-ea,1792,haar-residual-d12,gain,131072,107678,3,22.89806,0.5810577,,513024,1368079
northrop-mall,oct-ea,1792,haar-residual-d12,gain,262144,253688,8,24.46702,0.6955988,,1577984,1368079
northrop-mall,oct-ea,1792,haar-residual-d12,gain,524288,505956,19,26.05554,0.8121376,,3740672,1368079
northrop-mall,oct-ea,1792,haar-residual-d12,gain,1048576,1035915,44,28.77325,0.9044578,,10032128,1368079
northrop-mall,oct-ea,1792,haar-residual-d12,gain,1368079,1368079,71,30.22281,0.9434224,,17110016,1368079
northrop-mall,oct-ea,1792,haar-residual-d12,view,8192,0,0,,,,0,1368079
northrop-mall,oct-ea,1792,haar-residual-d12,view,16384,0,0,,,,0,1368079
northrop-mall,oct-ea,1792,haar-residual-d12,view,32768,24286,1,20.91846,0.4763903,19.87928,50176,1368079
northrop-mall,oct-ea,1792,haar-residual-d12,view,65536,24286,1,20.91846,0.4763903,19.87928,50176,1368079
northrop-mall,oct-ea,1792,haar-residual-d12,view,131072,109439.1,3.166667,23.39056,0.6328975,21.27071,510293.3,1368079
northrop-mall,oct-ea,1792,haar-residual-d12,view,262144,253228.5,9.75,26.33829,0.8177379,21.49127,2001237,1368079
northrop-mall,oct-ea,1792,haar-residual-d12,view,524288,505494.8,23.75,29.96471,0.9338777,22.42003,5424128,1368079
northrop-mall,oct-ea,1792,haar-residual-d12,view,1048576,1036930,51.08333,30.22281,0.9434224,26.13983,11888980,1368079
northrop-mall,oct-ea,1792,haar-residual-d12,view,1368079,1368079,71,30.22281,0.9434224,29.12439,17110016,1368079
northrop-mall,oct-ea,1792,haar-residual-d12-p0.5,level,8192,0,0,,,,0,1251881
northrop-mall,oct-ea,1792,haar-residual-d12-p0.5,level,16384,14896,1,20.68058,0.4759719,,50176,1251881
northrop-mall,oct-ea,1792,haar-residual-d12-p0.5,level,32768,14896,1,20.68058,0.4759719,,50176,1251881
northrop-mall,oct-ea,1792,haar-residual-d12-p0.5,level,65536,44416,2,21.85222,0.542151,,250880,1251881
northrop-mall,oct-ea,1792,haar-residual-d12-p0.5,level,131072,119176,5,23.10459,0.6393764,,906240,1251881
northrop-mall,oct-ea,1792,haar-residual-d12-p0.5,level,262144,251387,10,24.3934,0.7364964,,1971200,1251881
northrop-mall,oct-ea,1792,haar-residual-d12-p0.5,level,524288,507241,25,25.83456,0.8348671,,5051392,1251881
northrop-mall,oct-ea,1792,haar-residual-d12-p0.5,level,1048576,1037264,62,28.37594,0.9046722,,14750720,1251881
northrop-mall,oct-ea,1792,haar-residual-d12-p0.5,level,1251881,1251881,71,29.11558,0.9365046,,17110016,1251881
northrop-mall,oct-ea,1792,haar-residual-d12-p0.5,gain,8192,0,0,,,,0,1251881
northrop-mall,oct-ea,1792,haar-residual-d12-p0.5,gain,16384,14896,1,20.68058,0.4759719,,50176,1251881
northrop-mall,oct-ea,1792,haar-residual-d12-p0.5,gain,32768,14896,1,20.68058,0.4759719,,50176,1251881
northrop-mall,oct-ea,1792,haar-residual-d12-p0.5,gain,65536,44416,2,21.85222,0.542151,,250880,1251881
northrop-mall,oct-ea,1792,haar-residual-d12-p0.5,gain,131072,119176,5,23.10459,0.6393764,,906240,1251881
northrop-mall,oct-ea,1792,haar-residual-d12-p0.5,gain,262144,248588,11,24.4739,0.7334059,,2167808,1251881
northrop-mall,oct-ea,1792,haar-residual-d12-p0.5,gain,524288,521688,26,26.59966,0.8397009,,5313536,1251881
northrop-mall,oct-ea,1792,haar-residual-d12-p0.5,gain,1048576,1044919,52,28.4217,0.9141689,,12129280,1251881
northrop-mall,oct-ea,1792,haar-residual-d12-p0.5,gain,1251881,1251881,71,29.11558,0.9365046,,17110016,1251881
northrop-mall,oct-ea,1792,haar-residual-d12-p0.5,view,8192,0,0,,,,0,1251881
northrop-mall,oct-ea,1792,haar-residual-d12-p0.5,view,16384,14896,1,20.68058,0.4759719,19.64972,50176,1251881
northrop-mall,oct-ea,1792,haar-residual-d12-p0.5,view,32768,14896,1,20.68058,0.4759719,19.64972,50176,1251881
northrop-mall,oct-ea,1792,haar-residual-d12-p0.5,view,65536,47691,2.166667,22.06443,0.5661319,20.81005,275456,1251881
northrop-mall,oct-ea,1792,haar-residual-d12-p0.5,view,131072,120272.4,5.25,24.02207,0.7201197,21.00108,969045.3,1251881
northrop-mall,oct-ea,1792,haar-residual-d12-p0.5,view,262144,250023.3,14.25,26.88812,0.860157,21.08737,3115349,1251881
northrop-mall,oct-ea,1792,haar-residual-d12-p0.5,view,524288,511072.9,28.25,28.99949,0.9314109,23.20813,6273365,1251881
northrop-mall,oct-ea,1792,haar-residual-d12-p0.5,view,1048576,1039594,60.33333,29.11558,0.9365046,26.6777,14313810,1251881
northrop-mall,oct-ea,1792,haar-residual-d12-p0.5,view,1251881,1251881,71,29.11558,0.9365046,28.07331,17110016,1251881
northrop-mall,oct-ea,1792,jpeg-residual-q80,level,8192,4567,1,19.91992,0.4700886,,50176,1007801
northrop-mall,oct-ea,1792,jpeg-residual-q80,level,16384,4567,1,19.91992,0.4700886,,50176,1007801
northrop-mall,oct-ea,1792,jpeg-residual-q80,level,32768,32503,3,22.12602,0.5681998,,513024,1007801
northrop-mall,oct-ea,1792,jpeg-residual-q80,level,65536,57345,5,22.80208,0.6280639,,906240,1007801
northrop-mall,oct-ea,1792,jpeg-residual-q80,level,131072,111743,8,23.70526,0.6923872,,1577984,1007801
northrop-mall,oct-ea,1792,jpeg-residual-q80,level,262144,259965,21,25.48301,0.8116925,,4199424,1007801
northrop-mall,oct-ea,1792,jpeg-residual-q80,level,524288,518879,34,27.04175,0.8640347,,7410688,1007801
northrop-mall,oct-ea,1792,jpeg-residual-q80,level,1007801,1007801,71,29.51763,0.9409641,,17110016,1007801
northrop-mall,oct-ea,1792,jpeg-residual-q80,gain,8192,4567,1,19.91992,0.4700886,,50176,1007801
northrop-mall,oct-ea,1792,jpeg-residual-q80,gain,16384,4567,1,19.91992,0.4700886,,50176,1007801
northrop-mall,oct-ea,1792,jpeg-residual-q80,gain,32768,32503,3,22.12602,0.5681998,,513024,1007801
northrop-mall,oct-ea,1792,jpeg-residual-q80,gain,65536,57345,5,22.80208,0.6280639,,906240,1007801
northrop-mall,oct-ea,1792,jpeg-residual-q80,gain,131072,116502,9,23.83313,0.6924573,,1840128,1007801
northrop-mall,oct-ea,1792,jpeg-residual-q80,gain,262144,255005,20,25.23562,0.8086607,,3871744,1007801
northrop-mall,oct-ea,1792,jpeg-residual-q80,gain,524288,502151,33,26.93211,0.859155,,7148544,1007801
northrop-mall,oct-ea,1792,jpeg-residual-q80,gain,1007801,1007801,71,29.51763,0.9409641,,17110016,1007801
northrop-mall,oct-ea,1792,jpeg-residual-q80,view,8192,4567,1,19.91992,0.4700886,18.95274,50176,1007801
northrop-mall,oct-ea,1792,jpeg-residual-q80,view,16384,4567,1,19.91992,0.4700886,18.95274,50176,1007801
northrop-mall,oct-ea,1792,jpeg-residual-q80,view,32768,31111.17,3,22.51925,0.6130206,20.54771,477525.3,1007801
northrop-mall,oct-ea,1792,jpeg-residual-q80,view,65536,57022.25,5.083333,23.51237,0.6902961,20.7204,925354.7,1007801
northrop-mall,oct-ea,1792,jpeg-residual-q80,view,131072,120269.5,10.41667,25.81297,0.821792,20.81101,2110464,1007801
northrop-mall,oct-ea,1792,jpeg-residual-q80,view,262144,254069.5,20.5,28.91402,0.9159095,21.12867,4701867,1007801
northrop-mall,oct-ea,1792,jpeg-residual-q80,view,524288,514929.9,37.66667,29.51763,0.9409641,24.73013,8382805,1007801
northrop-mall,oct-ea,1792,jpeg-residual-q80,view,1007801,1007801,71,29.51763,0.9409641,28.42282,17110016,1007801
northrop-mall,oct-ea,1792,jpeg-replacement-q80,level,8192,4567,1,19.91992,0.4700886,,50176,1218953
northrop-mall,oct-ea,1792,jpeg-replacement-q80,level,16384,4567,1,19.91992,0.4700886,,50176,1218953
northrop-mall,oct-ea,1792,jpeg-replacement-q80,level,32768,20629,2,21.41443,0.531522,,250880,1218953
northrop-mall,oct-ea,1792,jpeg-replacement-q80,level,65536,53609,4,22.47145,0.6011509,,709632,1218953
northrop-mall,oct-ea,1792,jpeg-replacement-q80,level,131072,109078,7,23.18964,0.6716864,,1315840,1218953
northrop-mall,oct-ea,1792,jpeg-replacement-q80,level,262144,244926,16,25.0386,0.7671926,,3412992,1218953
northrop-mall,oct-ea,1792,jpeg-replacement-q80,level,524288,507820,29,26.07606,0.8470677,,6099968,1218953
northrop-mall,oct-ea,1792,jpeg-replacement-q80,level,1048576,1038941,64,28.93401,0.9172282,,15275008,1218953
northrop-mall,oct-ea,1792,jpeg-replacement-q80,level,1218953,1218953,71,29.54817,0.9411728,,17110016,1218953
northrop-mall,oct-ea,1792,jpeg-replacement-q80,gain,8192,4567,1,19.91992,0.4700886,,50176,1218953
northrop-mall,oct-ea,1792,jpeg-replacement-q80,gain,16384,4567,1,19.91992,0.4700886,,50176,1218953
northrop-mall,oct-ea,1792,jpeg-replacement-q80,gain,32768,20629,2,21.41443,0.531522,,250880,1218953
northrop-mall,oct-ea,1792,jpeg-replacement-q80,gain,65536,54786,4,22.46942,0.5953624,,709632,1218953
northrop-mall,oct-ea,1792,jpeg-replacement-q80,gain,131072,127528,8,23.77574,0.6891173,,1577984,1218953
northrop-mall,oct-ea,1792,jpeg-replacement-q80,gain,262144,253508,16,24.74637,0.7742395,,3085312,1218953
northrop-mall,oct-ea,1792,jpeg-replacement-q80,gain,524288,513374,29,26.77317,0.8505805,,6099968,1218953
northrop-mall,oct-ea,1792,jpeg-replacement-q80,gain,1048576,1048272,55,28.76995,0.9238795,,12915712,1218953
northrop-mall,oct-ea,1792,jpeg-replacement-q80,gain,1218953,1218953,71,29.54817,0.9411728,,17110016,1218953
northrop-mall,oct-ea,1792,jpeg-replacement-q80,view,8192,4567,1,19.91992,0.4700886,18.95274,50176,1218953
northrop-mall,oct-ea,1792,jpeg-replacement-q80,view,16384,4567,1,19.91992,0.4700886,18.95274,50176,1218953
northrop-mall,oct-ea,1792,jpeg-replacement-q80,view,32768,20629,2,21.41443,0.531522,20.39076,250880,1218953
northrop-mall,oct-ea,1792,jpeg-replacement-q80,view,65536,55051.67,4.166667,23.01209,0.6503319,20.61707,728746.7,1218953
northrop-mall,oct-ea,1792,jpeg-replacement-q80,view,131072,123038.8,8.75,25.31027,0.7953124,20.83467,1760939,1218953
northrop-mall,oct-ea,1792,jpeg-replacement-q80,view,262144,250476.5,17.91667,28.29705,0.8938032,20.94928,4039680,1218953
northrop-mall,oct-ea,1792,jpeg-replacement-q80,view,524288,512330.7,32.16667,29.49189,0.9391922,23.74343,7159467,1218953
northrop-mall,oct-ea,1792,jpeg-replacement-q80,view,1048576,1038128,62.91667,29.54817,0.9411728,27.22492,14991020,1218953
northrop-mall,oct-ea,1792,jpeg-replacement-q80,view,1218953,1218953,71,29.54817,0.9411728,28.4544,17110016,1218953
northrop-mall,oct-ea,1792,jpeg-replacement-q80,view-direct,8192,4934.167,1.166667,19.92077,0.4702084,18.95274,93866.67,1218953
northrop-mall,oct-ea,1792,jpeg-replacement-q80,view-direct,16384,7028.583,2.083333,20.2814,0.4712674,18.95274,334165.3,1218953
northrop-mall,oct-ea,1792,jpeg-replacement-q80,view-direct,32768,19776.08,3.166667,20.88854,0.5179028,18.95274,618154.7,1218953
northrop-mall,oct-ea,1792,jpeg-replacement-q80,view-direct,65536,57570.5,5.416667,23.60168,0.6556496,18.95274,1207979,1218953
northrop-mall,oct-ea,1792,jpeg-replacement-q80,view-direct,131072,122411.4,9.333333,26.13846,0.8102656,19.22757,2214229,1218953
northrop-mall,oct-ea,1792,jpeg-replacement-q80,view-direct,262144,251095.7,15.91667,29.17265,0.9275863,20.48438,3800405,1218953
northrop-mall,oct-ea,1792,jpeg-replacement-q80,view-direct,524288,512839.8,32,29.54817,0.9411728,24.08475,7214080,1218953
northrop-mall,oct-ea,1792,jpeg-replacement-q80,view-direct,1048576,1038128,62.91667,29.54817,0.9411728,27.22492,14991020,1218953
northrop-mall,oct-ea,1792,jpeg-replacement-q80,view-direct,1218953,1218953,71,29.54817,0.9411728,28.4544,17110016,1218953
northrop-mall,oct-ea,1792,webp-replacement-q80,level,8192,4138,1,20.20567,0.4736792,,50176,1126966
northrop-mall,oct-ea,1792,webp-replacement-q80,level,16384,4138,1,20.20567,0.4736792,,50176,1126966
northrop-mall,oct-ea,1792,webp-replacement-q80,level,32768,18848,2,21.55955,0.5377416,,250880,1126966
northrop-mall,oct-ea,1792,webp-replacement-q80,level,65536,61584,5,22.95584,0.6333016,,906240,1126966
northrop-mall,oct-ea,1792,webp-replacement-q80,level,131072,126034,8,23.87754,0.6979724,,1577984,1126966
northrop-mall,oct-ea,1792,webp-replacement-q80,level,262144,250414,18,25.42857,0.791137,,3806208,1126966
northrop-mall,oct-ea,1792,webp-replacement-q80,level,524288,511846,30,26.32141,0.8532551,,6362112,1126966
northrop-mall,oct-ea,1792,webp-replacement-q80,level,1048576,1044638,68,29.45176,0.9298797,,16323584,1126966
northrop-mall,oct-ea,1792,webp-replacement-q80,level,1126966,1126966,71,29.797,0.9415022,,17110016,1126966
northrop-mall,oct-ea,1792,webp-replacement-q80,gain,8192,4138,1,20.20567,0.4736792,,50176,1126966
northrop-mall,oct-ea,1792,webp-replacement-q80,gain,16384,4138,1,20.20567,0.4736792,,50176,1126966
northrop-mall,oct-ea,1792,webp-replacement-q80,gain,32768,18848,2,21.55955,0.5377416,,250880,1126966
northrop-mall,oct-ea,1792,webp-replacement-q80,gain,65536,61584,5,22.95584,0.6333016,,906240,1126966
northrop-mall,oct-ea,1792,webp-replacement-q80,gain,131072,126638,9,24.00845,0.6972368,,1840128,1126966
northrop-mall,oct-ea,1792,webp-replacement-q80,gain,262144,257988,18,25.30488,0.7943189,,3609600,1126966
northrop-mall,oct-ea,1792,webp-replacement-q80,gain,524288,521258,35,27.39721,0.8556577,,7672832,1126966
northrop-mall,oct-ea,1792,webp-replacement-q80,gain,1048576,1032818,59,29.46152,0.9312452,,13964288,1126966
northrop-mall,oct-ea,1792,webp-replacement-q80,gain,1126966,1126966,71,29.797,0.9415022,,17110016,1126966
northrop-mall,oct-ea,1792,webp-replacement-q80,view,8192,4138,1,20.20567,0.4736792,19.21068,50176,1126966
northrop-mall,oct-ea,1792,webp-replacement-q80,view,16384,4138,1,20.20567,0.4736792,19.21068,50176,1126966
northrop-mall,oct-ea,1792,webp-replacement-q80,view,32768,23027,2.333333,21.95176,0.5809113,20.53904,308224,1126966
northrop-mall,oct-ea,1792,webp-replacement-q80,view,65536,56137.5,4.75,23.47234,0.6709244,20.86868,859818.7,1126966
northrop-mall,oct-ea,1792,webp-replacement-q80,view,131072,123826.8,9.916667,25.8674,0.8158745,20.95323,2023083,1126966
northrop-mall,oct-ea,1792,webp-replacement-q80,view,262144,244880.5,19.08333,28.6157,0.897103,21.23831,4340053,1126966
northrop-mall,oct-ea,1792,webp-replacement-q80,view,524288,513177.5,34.16667,29.73536,0.9395198,24.36625,7590912,1126966
northrop-mall,oct-ea,1792,webp-replacement-q80,view,1048576,1042715,67.66667,29.797,0.9415022,28.06795,16236200,1126966
northrop-mall,oct-ea,1792,webp-replacement-q80,view,1126966,1126966,71,29.797,0.9415022,28.73464,17110016,1126966
northrop-mall,oct-ea,1792,webp-replacement-q80,view-direct,8192,4956.167,1.75,20.52863,0.4744231,19.21068,246784,1126966
northrop-mall,oct-ea,1792,webp-replacement-q80,view-direct,16384,7224.167,2.583333,20.77504,0.4817128,19.21068,465237.3,1126966
northrop-mall,oct-ea,1792,webp-replacement-q80,view-direct,32768,18116.83,3.5,21.3638,0.5252183,19.21068,705536,1126966
northrop-mall,oct-ea,1792,webp-replacement-q80,view-direct,65536,58436.33,6.25,24.05139,0.6684133,19.21068,1426432,1126966
northrop-mall,oct-ea,1792,webp-replacement-q80,view-direct,131072,120005.2,10.16667,26.54113,0.8172083,19.64473,2405376,1126966
northrop-mall,oct-ea,1792,webp-replacement-q80,view-direct,262144,255182.5,18,29.43725,0.9263668,21.02607,4256768,1126966
northrop-mall,oct-ea,1792,webp-replacement-q80,view-direct,524288,515534.2,34.08333,29.797,0.9415022,24.52225,7678293,1126966
northrop-mall,oct-ea,1792,webp-replacement-q80,view-direct,1048576,1042715,67.66667,29.797,0.9415022,28.06795,16236200,1126966
northrop-mall,oct-ea,1792,webp-replacement-q80,view-direct,1126966,1126966,71,29.797,0.9415022,28.73464,17110016,1126966
northrop-mall,oct-ea,1792,jpeg-replacement-q80-whole,level,8192,4567,1,19.91992,0.4700886,,50176,1204497
northrop-mall,oct-ea,1792,jpeg-replacement-q80-whole,level,16384,4567,1,19.91992,0.4700886,,50176,1204497
northrop-mall,oct-ea,1792,jpeg-replacement-q80-whole,level,32768,20629,2,21.41443,0.531522,,250880,1204497
northrop-mall,oct-ea,1792,jpeg-replacement-q80-whole,level,65536,20629,2,21.41443,0.531522,,250880,1204497
northrop-mall,oct-ea,1792,jpeg-replacement-q80-whole,level,131072,81117,3,23.08697,0.6560089,,1053696,1204497
northrop-mall,oct-ea,1792,jpeg-replacement-q80-whole,level,262144,81117,3,23.08697,0.6560089,,1053696,1204497
northrop-mall,oct-ea,1792,jpeg-replacement-q80-whole,level,524288,316979,4,25.57631,0.8186574,,4264960,1204497
northrop-mall,oct-ea,1792,jpeg-replacement-q80-whole,level,1048576,316979,4,25.57631,0.8186574,,4264960,1204497
northrop-mall,oct-ea,1792,jpeg-replacement-q80-whole,level,1204497,1204497,5,29.54908,0.9411732,,17110016,1204497
northrop-mall,oct-ea,1792,jpeg-replacement-q80-whole,gain,8192,4567,1,19.91992,0.4700886,,50176,1204497
northrop-mall,oct-ea,1792,jpeg-replacement-q80-whole,gain,16384,4567,1,19.91992,0.4700886,,50176,1204497
northrop-mall,oct-ea,1792,jpeg-replacement-q80-whole,gain,32768,20629,2,21.41443,0.531522,,250880,1204497
northrop-mall,oct-ea,1792,jpeg-replacement-q80-whole,gain,65536,20629,2,21.41443,0.531522,,250880,1204497
northrop-mall,oct-ea,1792,jpeg-replacement-q80-whole,gain,131072,81117,3,23.08697,0.6560089,,1053696,1204497
northrop-mall,oct-ea,1792,jpeg-replacement-q80-whole,gain,262144,81117,3,23.08697,0.6560089,,1053696,1204497
northrop-mall,oct-ea,1792,jpeg-replacement-q80-whole,gain,524288,316979,4,25.57631,0.8186574,,4264960,1204497
northrop-mall,oct-ea,1792,jpeg-replacement-q80-whole,gain,1048576,316979,4,25.57631,0.8186574,,4264960,1204497
northrop-mall,oct-ea,1792,jpeg-replacement-q80-whole,gain,1204497,1204497,5,29.54908,0.9411732,,17110016,1204497
northrop-mall,oct-ea,1792,jpeg-replacement-q80-whole,view,8192,4567,1,19.91992,0.4700886,18.95274,50176,1204497
northrop-mall,oct-ea,1792,jpeg-replacement-q80-whole,view,16384,4567,1,19.91992,0.4700886,18.95274,50176,1204497
northrop-mall,oct-ea,1792,jpeg-replacement-q80-whole,view,32768,20629,2,21.41443,0.531522,20.39076,250880,1204497
northrop-mall,oct-ea,1792,jpeg-replacement-q80-whole,view,65536,20629,2,21.41443,0.531522,20.39076,250880,1204497
northrop-mall,oct-ea,1792,jpeg-replacement-q80-whole,view,131072,81117,3,23.08697,0.6560089,22.02308,1053696,1204497
northrop-mall,oct-ea,1792,jpeg-replacement-q80-whole,view,262144,81117,3,23.08697,0.6560089,22.02308,1053696,1204497
northrop-mall,oct-ea,1792,jpeg-replacement-q80-whole,view,524288,316979,4,25.57631,0.8186574,24.46677,4264960,1204497
northrop-mall,oct-ea,1792,jpeg-replacement-q80-whole,view,1048576,316979,4,25.57631,0.8186574,24.46677,4264960,1204497
northrop-mall,oct-ea,1792,jpeg-replacement-q80-whole,view,1204497,1204497,5,29.54908,0.9411732,28.45545,17110016,1204497
northrop-mall,oct-ea,1792,jpeg-replacement-q80-whole,view-direct,8192,4567,1,19.91992,0.4700886,18.95274,50176,1204497
northrop-mall,oct-ea,1792,jpeg-replacement-q80-whole,view-direct,16384,4567,1,19.91992,0.4700886,18.95274,50176,1204497
northrop-mall,oct-ea,1792,jpeg-replacement-q80-whole,view-direct,32768,4567,1,19.91992,0.4700886,18.95274,50176,1204497
northrop-mall,oct-ea,1792,jpeg-replacement-q80-whole,view-direct,65536,4567,1,19.91992,0.4700886,18.95274,50176,1204497
northrop-mall,oct-ea,1792,jpeg-replacement-q80-whole,view-direct,131072,4567,1,19.91992,0.4700886,18.95274,50176,1204497
northrop-mall,oct-ea,1792,jpeg-replacement-q80-whole,view-direct,262144,4567,1,19.91992,0.4700886,18.95274,50176,1204497
northrop-mall,oct-ea,1792,jpeg-replacement-q80-whole,view-direct,524288,4567,1,19.91992,0.4700886,18.95274,50176,1204497
northrop-mall,oct-ea,1792,jpeg-replacement-q80-whole,view-direct,1048576,968635,4,29.54908,0.9411732,28.45545,13898752,1204497
northrop-mall,oct-ea,1792,jpeg-replacement-q80-whole,view-direct,1204497,1204497,5,29.54908,0.9411732,28.45545,17110016,1204497
walter-study,oct-ea,1792,exact,all,,9633792,,31.35741,0.9534331,,,
walter-study,oct-ea,1792,exact,coarse,,37632,,18.20025,0.3376935,,,
walter-study,oct-ea,1792,haar-residual-d12,level,8192,0,0,,,,0,1362621
walter-study,oct-ea,1792,haar-residual-d12,level,16384,0,0,,,,0,1362621
walter-study,oct-ea,1792,haar-residual-d12,level,32768,27671,1,18.19959,0.3376735,,50176,1362621
walter-study,oct-ea,1792,haar-residual-d12,level,65536,27671,1,18.19959,0.3376735,,50176,1362621
walter-study,oct-ea,1792,haar-residual-d12,level,131072,86975,2,20.2807,0.4612606,,250880,1362621
walter-study,oct-ea,1792,haar-residual-d12,level,262144,251113,6,22.74496,0.6438521,,1053696,1362621
walter-study,oct-ea,1792,haar-residual-d12,level,524288,520104,16,25.30879,0.7855127,,3412992,1362621
walter-study,oct-ea,1792,haar-residual-d12,level,1048576,1041500,50,28.50311,0.9002515,,11604992,1362621
walter-study,oct-ea,1792,haar-residual-d12,level,1362621,1362621,71,30.1833,0.9440224,,17110016,1362621
walter-study,oct-ea,1792,haar-residual-d12,gain,8192,0,0,,,,0,1362621
walter-study,oct-ea,1792,haar-residual-d12,gain,16384,0,0,,,,0,1362621
walter-study,oct-ea,1792,haar-residual-d12,gain,32768,27671,1,18.19959,0.3376735,,50176,1362621
walter-study,oct-ea,1792,haar-residual-d12,gain,65536,27671,1,18.19959,0.3376735,,50176,1362621
walter-study,oct-ea,1792,haar-residual-d12,gain,131072,118602,3,20.63904,0.491892,,398336,1362621
walter-study,oct-ea,1792,haar-residual-d12,gain,262144,251113,6,22.74496,0.6438521,,1053696,1362621
walter-study,oct-ea,1792,haar-residual-d12,gain,524288,502401,16,24.71101,0.7481605,,3150848,1362621
walter-study,oct-ea,1792,haar-residual-d12,gain,1048576,1038310,50,28.1872,0.8819522,,11604992,1362621
walter-study,oct-ea,1792,haar-residual-d12,gain,1362621,1362621,71,30.1833,0.9440224,,17110016,1362621
walter-study,oct-ea,1792,haar-residual-d12,view,8192,0,0,,,,0,1362621
walter-study,oct-ea,1792,haar-residual-d12,view,16384,0,0,,,,0,1362621
walter-study,oct-ea,1792,haar-residual-d12,view,32768,27671,1,18.19959,0.3376735,18.88948,50176,1362621
walter-study,oct-ea,1792,haar-residual-d12,view,65536,27671,1,18.19959,0.3376735,18.88948,50176,1362621
walter-study,oct-ea,1792,haar-residual-d12,view,131072,101748.6,2.416667,20.94472,0.517346,20.68097,324608,1362621
walter-study,oct-ea,1792,haar-residual-d12,view,262144,246378.6,6.416667,24.29125,0.7334394,21.21774,1192960,1362621
walter-study,oct-ea,1792,haar-residual-d12,view,524288,507952.3,20.25,29.48026,0.9285168,21.79031,4649984,1362621
walter-study,oct-ea,1792,haar-residual-d12,view,1048576,1041679,49.75,30.1833,0.9440224,26.80474,11539456,1362621
walter-study,oct-ea,1792,haar-residual-d12,view,1362621,1362621,71,30.1833,0.9440224,30.07725,17110016,1362621
walter-study,oct-ea,1792,haar-residual-d12-p0.5,level,8192,0,0,,,,0,1208854
walter-study,oct-ea,1792,haar-residual-d12-p0.5,level,16384,0,0,,,,0,1208854
walter-study,oct-ea,1792,haar-residual-d12-p0.5,level,32768,18146,1,18.17698,0.337594,,50176,1208854
walter-study,oct-ea,1792,haar-residual-d12-p0.5,level,65536,56676,2,20.21153,0.4603277,,250880,1208854
walter-study,oct-ea,1792,haar-residual-d12-p0.5,level,131072,120367,4,21.708,0.573049,,709632,1208854
walter-study,oct-ea,1792,haar-residual-d12-p0.5,level,262144,247442,10,23.17483,0.6887946,,1971200,1208854
walter-study,oct-ea,1792,haar-residual-d12-p0.5,level,524288,520917,25,25.5999,0.8277233,,5051392,1208854
walter-study,oct-ea,1792,haar-residual-d12-p0.5,level,1048576,1047205,61,28.17289,0.9110958,,14488576,1208854
walter-study,oct-ea,1792,haar-residual-d12-p0.5,level,1208854,1208854,71,28.83678,0.9351928,,17110016,1208854
walter-study,oct-ea,1792,haar-residual-d12-p0.5,gain,8192,0,0,,,,0,1208854
walter-study,oct-ea,1792,haar-residual-d12-p0.5,gain,16384,0,0,,,,0,1208854
walter-study,oct-ea,1792,haar-residual-d12-p0.5,gain,32768,18146,1,18.17698,0.337594,,50176,1208854
walter-study,oct-ea,1792,haar-residual-d12-p0.5,gain,65536,56676,2,20.21153,0.4603277,,250880,1208854
walter-study,oct-ea,1792,haar-residual-d12-p0.5,gain,131072,117709,4,21.5079,0.5635417,,660480,1208854
walter-study,oct-ea,1792,haar-residual-d12-p0.5,gain,262144,236253,9,23.06971,0.6683385,,1709056,1208854
walter-study,oct-ea,1792,haar-residual-d12-p0.5,gain,524288,522709,26,25.70303,0.8259891,,5313536,1208854
walter-study,oct-ea,1792,haar-residual-d12-p0.5,gain,1048576,1040827,60,28.12407,0.9048618,,14226432,1208854
walter-study,oct-ea,1792,haar-residual-d12-p0.5,gain,1208854,1208854,71,28.83678,0.9351928,,17110016,1208854
walter-study,oct-ea,1792,haar-residual-d12-p0.5,view,8192,0,0,,,,0,1208854
walter-study,oct-ea,1792,haar-residual-d12-p0.5,view,16384,0,0,,,,0,1208854
walter-study,oct-ea,1792,haar-residual-d12-p0.5,view,32768,18146,1,18.17698,0.337594,18.86213,50176,1208854
walter-study,oct-ea,1792,haar-residual-d12-p0.5,view,65536,56676,2,20.21153,0.4603277,20.60589,250880,1208854
walter-study,oct-ea,1792,haar-residual-d12-p0.5,view,131072,118564.6,4,22.3579,0.6247563,20.8492,690517.3,1208854
walter-study,oct-ea,1792,haar-residual-d12-p0.5,view,262144,254004.1,11,25.95235,0.8376044,21.10392,2263381,1208854
walter-study,oct-ea,1792,haar-residual-d12-p0.5,view,524288,513210.3,25.91667,28.83678,0.9351928,22.89305,5968896,1208854
walter-study,oct-ea,1792,haar-residual-d12-p0.5,view,1048576,1043496,60.5,28.83678,0.9351928,27.55877,14357504,1208854
walter-study,oct-ea,1792,haar-residual-d12-p0.5,view,1208854,1208854,71,28.83678,0.9351928,28.82483,17110016,1208854
walter-study,oct-ea,1792,jpeg-residual-q80,level,8192,5189,1,17.66434,0.3266429,,50176,1002865
walter-study,oct-ea,1792,jpeg-residual-q80,level,16384,5189,1,17.66434,0.3266429,,50176,1002865
walter-study,oct-ea,1792,jpeg-residual-q80,level,32768,20836,2,19.53423,0.4360422,,250880,1002865
walter-study,oct-ea,1792,jpeg-residual-q80,level,65536,52565,4,20.98532,0.5441229,,709632,1002865
walter-study,oct-ea,1792,jpeg-residual-q80,level,131072,124409,9,22.43789,0.6542976,,1840128,1002865
walter-study,oct-ea,1792,jpeg-residual-q80,level,262144,261411,19,24.67141,0.7861546,,3937280,1002865
walter-study,oct-ea,1792,jpeg-residual-q80,level,524288,518948,38,26.02711,0.8451981,,8459264,1002865
walter-study,oct-ea,1792,jpeg-residual-q80,level,1002865,1002865,71,29.56352,0.9384645,,17110016,1002865
walter-study,oct-ea,1792,jpeg-residual-q80,gain,8192,5189,1,17.66434,0.3266429,,50176,1002865
walter-study,oct-ea,1792,jpeg-residual-q80,gain,16384,5189,1,17.66434,0.3266429,,50176,1002865
walter-study,oct-ea,1792,jpeg-residual-q80,gain,32768,32233,3,19.88226,0.4649968,,398336,1002865
walter-study,oct-ea,1792,jpeg-residual-q80,gain,65536,65061,5,21.24943,0.571509,,857088,1002865
walter-study,oct-ea,1792,jpeg-residual-q80,gain,131072,123730,9,22.39631,0.6401468,,1709056,1002865
walter-study,oct-ea,1792,jpeg-residual-q80,gain,262144,245315,18,24.58238,0.7628002,,3675136,1002865
walter-study,oct-ea,1792,jpeg-residual-q80,gain,524288,510154,37,26.05949,0.8291776,,8197120,1002865
walter-study,oct-ea,1792,jpeg-residual-q80,gain,1002865,1002865,71,29.56352,0.9384645,,17110016,1002865
walter-study,oct-ea,1792,jpeg-residual-q80,view,8192,5189,1,17.66434,0.3266429,18.36311,50176,1002865
walter-study,oct-ea,1792,jpeg-residual-q80,view,16384,5189,1,17.66434,0.3266429,18.36311,50176,1002865
walter-study,oct-ea,1792,jpeg-residual-q80,view,32768,22735.5,2.166667,19.84658,0.4601761,20.0298,275456,1002865
walter-study,oct-ea,1792,jpeg-residual-q80,view,65536,54326.58,4.166667,21.74609,0.6015136,20.26466,728746.7,1002865
walter-study,oct-ea,1792,jpeg-residual-q80,view,131072,124494.9,9.333333,24.83842,0.7971349,20.51843,1826475,1002865
walter-study,oct-ea,1792,jpeg-residual-q80,view,262144,253568.5,18.08333,28.44024,0.9135431,20.51933,4098389,1002865
walter-study,oct-ea,1792,jpeg-residual-q80,view,524288,516554,37.75,29.56352,0.9384645,25.10904,8393728,1002865
walter-study,oct-ea,1792,jpeg-residual-q80,view,1002865,1002865,71,29.56352,0.9384645,29.53698,17110016,1002865
walter-study,oct-ea,1792,jpeg-replacement-q80,level,8192,5189,1,17.66434,0.3266429,,50176,1249957
walter-study,oct-ea,1792,jpeg-replacement-q80,level,16384,5189,1,17.66434,0.3266429,,50176,1249957
walter-study,oct-ea,1792,jpeg-replacement-q80,level,32768,24042,2,19.52523,0.4363815,,250880,1249957
walter-study,oct-ea,1792,jpeg-replacement-q80,level,65536,63054,4,20.96619,0.5441952,,709632,1249957
walter-study,oct-ea,1792,jpeg-replacement-q80,level,131072,114727,7,21.89367,0.623832,,1315840,1249957
walter-study,oct-ea,1792,jpeg-replacement-q80,level,262144,256766,15,23.96959,0.7463149,,3150848,1249957
walter-study,oct-ea,1792,jpeg-replacement-q80,level,524288,521220,31,25.41296,0.8275489,,6624256,1249957
walter-study,oct-ea,1792,jpeg-replacement-q80,level,1048576,1039522,60,28.65323,0.9108928,,14226432,1249957
walter-study,oct-ea,1792,jpeg-replacement-q80,level,1249957,1249957,71,29.52091,0.9384128,,17110016,1249957
walter-study,oct-ea,1792,jpeg-replacement-q80,gain,8192,5189,1,17.66434,0.3266429,,50176,1249957
walter-study,oct-ea,1792,jpeg-replacement-q80,gain,16384,5189,1,17.66434,0.3266429,,50176,1249957
walter-study,oct-ea,1792,jpeg-replacement-q80,gain,32768,24042,2,19.52523,0.4363815,,250880,1249957
walter-study,oct-ea,1792,jpeg-replacement-q80,gain,65536,61449,4,20.7921,0.5358726,,660480,1249957
walter-study,oct-ea,1792,jpeg-replacement-q80,gain,131072,128148,8,22.17156,0.6283491,,1446912,1249957
walter-study,oct-ea,1792,jpeg-replacement-q80,gain,262144,244650,15,23.4548,0.7010253,,2888704,1249957
walter-study,oct-ea,1792,jpeg-replacement-q80,gain,524288,521826,31,25.62722,0.8180462,,6624256,1249957
walter-study,oct-ea,1792,jpeg-replacement-q80,gain,1048576,1040113,59,28.54153,0.9001814,,13964288,1249957
walter-study,oct-ea,1792,jpeg-replacement-q80,gain,1249957,1249957,71,29.52091,0.9384128,,17110016,1249957
walter-study,oct-ea,1792,jpeg-replacement-q80,view,8192,5189,1,17.66434,0.3266429,18.36311,50176,1249957
walter-study,oct-ea,1792,jpeg-replacement-q80,view,16384,5189,1,17.66434,0.3266429,18.36311,50176,1249957
walter-study,oct-ea,1792,jpeg-replacement-q80,view,32768,24042,2,19.52523,0.4363815,20.02018,250880,1249957
walter-study,oct-ea,1792,jpeg-replacement-q80,view,65536,61991.58,4,21.61688,0.5944495,20.25225,690517.3,1249957
walter-study,oct-ea,1792,jpeg-replacement-q80,view,131072,123473,7.5,24.03639,0.7522125,20.50618,1455104,1249957
walter-study,oct-ea,1792,jpeg-replacement-q80,view,262144,252484.2,14.83333,27.07227,0.8752291,20.50698,3246421,1249957
walter-study,oct-ea,1792,jpeg-replacement-q80,view,524288,515096.9,29.5,29.52091,0.9384128,23.84096,6755328,1249957
walter-study,oct-ea,1792,jpeg-replacement-q80,view,1048576,1040457,59.91667,29.52091,0.9384128,27.71523,14204590,1249957
walter-study,oct-ea,1792,jpeg-replacement-q80,view,1249957,1249957,71,29.52091,0.9384128,29.50882,17110016,1249957
walter-study,oct-ea,1792,jpeg-replacement-q80,view-direct,8192,5189,1,17.66434,0.3266429,18.36311,50176,1249957
walter-study,oct-ea,1792,jpeg-replacement-q80,view-direct,16384,5189,1,17.66434,0.3266429,18.36311,50176,1249957
walter-study,oct-ea,1792,jpeg-replacement-q80,view-direct,32768,23922.42,2,18.24454,0.4195777,18.36311,312320,1249957
walter-study,oct-ea,1792,jpeg-replacement-q80,view-direct,65536,56814.92,3.833333,19.8104,0.5749571,18.36311,792917.3,1249957
walter-study,oct-ea,1792,jpeg-replacement-q80,view-direct,131072,116767.9,7.166667,23.45328,0.8041482,18.36311,1666731,1249957
walter-study,oct-ea,1792,jpeg-replacement-q80,view-direct,262144,251005.3,14.25,29.52091,0.9384128,19.60966,3487744,1249957
walter-study,oct-ea,1792,jpeg-replacement-q80,view-direct,524288,515947.9,29.16667,29.52091,0.9384128,24.00844,6777173,1249957
walter-study,oct-ea,1792,jpeg-replacement-q80,view-direct,1048576,1040457,59.91667,29.52091,0.9384128,27.71523,14204590,1249957
walter-study,oct-ea,1792,jpeg-replacement-q80,view-direct,1249957,1249957,71,29.52091,0.9384128,29.50882,17110016,1249957
walter-study,oct-ea,1792,webp-replacement-q80,level,8192,5010,1,17.77094,0.3339601,,50176,1092338
walter-study,oct-ea,1792,webp-replacement-q80,level,16384,5010,1,17.77094,0.3339601,,50176,1092338
walter-study,oct-ea,1792,webp-replacement-q80,level,32768,23324,2,19.70202,0.4501586,,250880,1092338
walter-study,oct-ea,1792,webp-replacement-q80,level,65536,60100,4,21.18237,0.5602739,,709632,1092338
walter-study,oct-ea,1792,webp-replacement-q80,level,131072,126836,8,22.41772,0.6536551,,1577984,1092338
walter-study,oct-ea,1792,webp-replacement-q80,level,262144,254682,16,24.50714,0.7686518,,3412992,1092338
walter-study,oct-ea,1792,webp-replacement-q80,level,524288,514036,34,26.04009,0.8444348,,7410688,1092338
walter-study,oct-ea,1792,webp-replacement-q80,level,1048576,1038464,68,29.49104,0.9311436,,16323584,1092338
walter-study,oct-ea,1792,webp-replacement-q80,level,1092338,1092338,71,29.79836,0.9394536,,17110016,1092338
walter-study,oct-ea,1792,webp-replacement-q80,gain,8192,5010,1,17.77094,0.3339601,,50176,1092338
walter-study,oct-ea,1792,webp-replacement-q80,gain,16384,5010,1,17.77094,0.3339601,,50176,1092338
walter-study,oct-ea,1792,webp-replacement-q80,gain,32768,23324,2,19.70202,0.4501586,,250880,1092338
walter-study,oct-ea,1792,webp-replacement-q80,gain,65536,58804,4,20.99206,0.5510369,,660480,1092338
walter-study,oct-ea,1792,webp-replacement-q80,gain,131072,119200,8,22.40069,0.6443982,,1446912,1092338
walter-study,oct-ea,1792,webp-replacement-q80,gain,262144,258100,17,24.58901,0.7595465,,3412992,1092338
walter-study,oct-ea,1792,webp-replacement-q80,gain,524288,511662,35,26.27831,0.8353139,,7672832,1092338
walter-study,oct-ea,1792,webp-replacement-q80,gain,1048576,1037194,68,29.55279,0.9297556,,16323584,1092338
walter-study,oct-ea,1792,webp-replacement-q80,gain,1092338,1092338,71,29.79836,0.9394536,,17110016,1092338
walter-study,oct-ea,1792,webp-replacement-q80,view,8192,5010,1,17.77094,0.3339601,18.4841,50176,1092338
walter-study,oct-ea,1792,webp-replacement-q80,view,16384,5010,1,17.77094,0.3339601,18.4841,50176,1092338
walter-study,oct-ea,1792,webp-replacement-q80,view,32768,23324,2,19.70202,0.4501586,20.18824,250880,1092338
walter-study,oct-ea,1792,webp-replacement-q80,view,65536,59101.83,4,21.83462,0.6105374,20.42738,690517.3,1092338
walter-study,oct-ea,1792,webp-replacement-q80,view,131072,125405.2,8.25,24.7186,0.7866283,20.68236,1597099,1092338
walter-study,oct-ea,1792,webp-replacement-q80,view,262144,255292.5,16.58333,28.11024,0.9022901,20.68311,3705173,1092338
walter-study,oct-ea,1792,webp-replacement-q80,view,524288,514596.5,34,29.79836,0.9394536,25.11136,7470763,1092338
walter-study,oct-ea,1792,webp-replacement-q80,view,1048576,1039190,67.91667,29.79836,0.9394536,29.18916,16301740,1092338
walter-study,oct-ea,1792,webp-replacement-q80,view,1092338,1092338,71,29.79836,0.9394536,29.75997,17110016,1092338
walter-study,oct-ea,1792,webp-replacement-q80,view-direct,8192,5010,1,17.77094,0.3339601,18.4841,50176,1092338
walter-study,oct-ea,1792,webp-replacement-q80,view-direct,16384,5010,1,17.77094,0.3339601,18.4841,50176,1092338
walter-study,oct-ea,1792,webp-replacement-q80,view-direct,32768,21931.33,2.083333,18.36974,0.4292646,18.4841,334165.3,1092338
walter-study,oct-ea,1792,webp-replacement-q80,view-direct,65536,55703.67,4.333333,20.64633,0.6192484,18.4841,923989.3,1092338
walter-study,oct-ea,1792,webp-replacement-q80,view-direct,131072,125216.2,8.75,25.75822,0.8650939,18.4841,2081792,1092338
walter-study,oct-ea,1792,webp-replacement-q80,view-direct,262144,254189.3,16.5,29.79836,0.9394536,21.41676,3926357,1092338
walter-study,oct-ea,1792,webp-replacement-q80,view-direct,524288,515785,33.83333,29.79836,0.9394536,25.22223,7492608,1092338
walter-study,oct-ea,1792,webp-replacement-q80,view-direct,1048576,1039190,67.91667,29.79836,0.9394536,29.18916,16301740,1092338
walter-study,oct-ea,1792,webp-replacement-q80,view-direct,1092338,1092338,71,29.79836,0.9394536,29.75997,17110016,1092338
walter-study,oct-ea,1792,jpeg-replacement-q80-whole,level,8192,5189,1,17.66434,0.3266429,,50176,1230915
walter-study,oct-ea,1792,jpeg-replacement-q80-whole,level,16384,5189,1,17.66434,0.3266429,,50176,1230915
walter-study,oct-ea,1792,jpeg-replacement-q80-whole,level,32768,24042,2,19.52523,0.4363815,,250880,1230915
walter-study,oct-ea,1792,jpeg-replacement-q80-whole,level,65536,24042,2,19.52523,0.4363815,,250880,1230915
walter-study,oct-ea,1792,jpeg-replacement-q80-whole,level,131072,92873,3,21.80336,0.6090743,,1053696,1230915
walter-study,oct-ea,1792,jpeg-replacement-q80-whole,level,262144,92873,3,21.80336,0.6090743,,1053696,1230915
walter-study,oct-ea,1792,jpeg-replacement-q80-whole,level,524288,343491,4,24.87086,0.8008379,,4264960,1230915
walter-study,oct-ea,1792,jpeg-replacement-q80-whole,level,1048576,343491,4,24.87086,0.8008379,,4264960,1230915
walter-study,oct-ea,1792,jpeg-replacement-q80-whole,level,1230915,1230915,5,29.52285,0.9384137,,17110016,1230915
walter-study,oct-ea,1792,jpeg-replacement-q80-whole,gain,8192,5189,1,17.66434,0.3266429,,50176,1230915
walter-study,oct-ea,1792,jpeg-replacement-q80-whole,gain,16384,5189,1,17.66434,0.3266429,,50176,1230915
walter-study,oct-ea,1792,jpeg-replacement-q80-whole,gain,32768,24042,2,19.52523,0.4363815,,250880,1230915
walter-study,oct-ea,1792,jpeg-replacement-q80-whole,gain,65536,24042,2,19.52523,0.4363815,,250880,1230915
walter-study,oct-ea,1792,jpeg-replacement-q80-whole,gain,131072,92873,3,21.80336,0.6090743,,1053696,1230915
walter-study,oct-ea,1792,jpeg-replacement-q80-whole,gain,262144,92873,3,21.80336,0.6090743,,1053696,1230915
walter-study,oct-ea,1792,jpeg-replacement-q80-whole,gain,524288,343491,4,24.87086,0.8008379,,4264960,1230915
walter-study,oct-ea,1792,jpeg-replacement-q80-whole,gain,1048576,343491,4,24.87086,0.8008379,,4264960,1230915
walter-study,oct-ea,1792,jpeg-replacement-q80-whole,gain,1230915,1230915,5,29.52285,0.9384137,,17110016,1230915
walter-study,oct-ea,1792,jpeg-replacement-q80-whole,view,8192,5189,1,17.66434,0.3266429,18.36311,50176,1230915
walter-study,oct-ea,1792,jpeg-replacement-q80-whole,view,16384,5189,1,17.66434,0.3266429,18.36311,50176,1230915
walter-study,oct-ea,1792,jpeg-replacement-q80-whole,view,32768,24042,2,19.52523,0.4363815,20.02018,250880,1230915
walter-study,oct-ea,1792,jpeg-replacement-q80-whole,view,65536,24042,2,19.52523,0.4363815,20.02018,250880,1230915
walter-study,oct-ea,1792,jpeg-replacement-q80-whole,view,131072,92873,3,21.80336,0.6090743,22.05616,1053696,1230915
walter-study,oct-ea,1792,jpeg-replacement-q80-whole,view,262144,92873,3,21.80336,0.6090743,22.05616,1053696,1230915
walter-study,oct-ea,1792,jpeg-replacement-q80-whole,view,524288,343491,4,24.87086,0.8008379,24.93787,4264960,1230915
walter-study,oct-ea,1792,jpeg-replacement-q80-whole,view,1048576,343491,4,24.87086,0.8008379,24.93787,4264960,1230915
walter-study,oct-ea,1792,jpeg-replacement-q80-whole,view,1230915,1230915,5,29.52285,0.9384137,29.51047,17110016,1230915
walter-study,oct-ea,1792,jpeg-replacement-q80-whole,view-direct,8192,5189,1,17.66434,0.3266429,18.36311,50176,1230915
walter-study,oct-ea,1792,jpeg-replacement-q80-whole,view-direct,16384,5189,1,17.66434,0.3266429,18.36311,50176,1230915
walter-study,oct-ea,1792,jpeg-replacement-q80-whole,view-direct,32768,5189,1,17.66434,0.3266429,18.36311,50176,1230915
walter-study,oct-ea,1792,jpeg-replacement-q80-whole,view-direct,65536,5189,1,17.66434,0.3266429,18.36311,50176,1230915
walter-study,oct-ea,1792,jpeg-replacement-q80-whole,view-direct,131072,5189,1,17.66434,0.3266429,18.36311,50176,1230915
walter-study,oct-ea,1792,jpeg-replacement-q80-whole,view-direct,262144,5189,1,17.66434,0.3266429,18.36311,50176,1230915
walter-study,oct-ea,1792,jpeg-replacement-q80-whole,view-direct,524288,5189,1,17.66434,0.3266429,18.36311,50176,1230915
walter-study,oct-ea,1792,jpeg-replacement-q80-whole,view-direct,1048576,980297,4,29.52285,0.9384137,29.51047,13898752,1230915
walter-study,oct-ea,1792,jpeg-replacement-q80-whole,view-direct,1230915,1230915,5,29.52285,0.9384137,29.51047,17110016,1230915
bookstore,oct-ea,1792,exact,all,,9633792,,41.35953,0.9875517,,,
bookstore,oct-ea,1792,exact,coarse,,37632,,26.09475,0.7375244,,,
bookstore,oct-ea,1792,haar-residual-d12,level,8192,0,0,,,,0,503143
bookstore,oct-ea,1792,haar-residual-d12,level,16384,0,0,,,,0,503143
bookstore,oct-ea,1792,haar-residual-d12,level,32768,20215,1,26.08221,0.7374444,,50176,503143
bookstore,oct-ea,1792,haar-residual-d12,level,65536,52225,2,28.3046,0.791438,,250880,503143
bookstore,oct-ea,1792,haar-residual-d12,level,131072,125241,6,30.9206,0.8699224,,1053696,503143
bookstore,oct-ea,1792,haar-residual-d12,level,262144,259504,20,34.16087,0.9347733,,4068352,503143
bookstore,oct-ea,1792,haar-residual-d12,level,503143,503143,71,38.36003,0.9753048,,17110016,503143
bookstore,oct-ea,1792,haar-residual-d12,gain,8192,0,0,,,,0,503143
bookstore,oct-ea,1792,haar-residual-d12,gain,16384,0,0,,,,0,503143
bookstore,oct-ea,1792,haar-residual-d12,gain,32768,20215,1,26.08221,0.7374444,,50176,503143
bookstore,oct-ea,1792,haar-residual-d12,gain,65536,52225,2,28.3046,0.791438,,250880,503143
bookstore,oct-ea,1792,haar-residual-d12,gain,131072,126931,7,30.96897,0.8720769,,1119232,503143
bookstore,oct-ea,1792,haar-residual-d12,gain,262144,261374,21,34.0443,0.9372585,,4002816,503143
bookstore,oct-ea,1792,haar-residual-d12,gain,503143,503143,71,38.36003,0.9753048,,17110016,503143
bookstore,oct-ea,1792,haar-residual-d12,view,8192,0,0,,,,0,503143
bookstore,oct-ea,1792,haar-residual-d12,view,16384,0,0,,,,0,503143
bookstore,oct-ea,1792,haar-residual-d12,view,32768,20215,1,26.08221,0.7374444,24.77321,50176,503143
bookstore,oct-ea,1792,haar-residual-d12,view,65536,52225,2,28.3046,0.791438,26.71299,250880,503143
bookstore,oct-ea,1792,haar-residual-d12,view,131072,127138.7,7.25,33.43161,0.9215554,27.19789,1411413,503143
bookstore,oct-ea,1792,haar-residual-d12,view,262144,256913.8,26.41667,38.36003,0.9753048,29.71755,6067200,503143
bookstore,oct-ea,1792,haar-residual-d12,view,503143,503143,71,38.36003,0.9753048,37.4123,17110016,503143
bookstore,oct-ea,1792,haar-residual-d12-p0.5,level,8192,0,0,,,,0,427258
bookstore,oct-ea,1792,haar-residual-d12-p0.5,level,16384,10816,1,25.93162,0.7367434,,50176,427258
bookstore,oct-ea,1792,haar-residual-d12-p0.5,level,32768,29476,2,27.98432,0.7889552,,250880,427258
bookstore,oct-ea,1792,haar-residual-d12-p0.5,level,65536,56373,4,29.33033,0.8319956,,709632,427258
bookstore,oct-ea,1792,haar-residual-d12-p0.5,level,131072,129947,13,31.76552,0.8965811,,2757632,427258
bookstore,oct-ea,1792,haar-residual-d12-p0.5,level,262144,260238,36,33.99895,0.9409742,,7934976,427258
bookstore,oct-ea,1792,haar-residual-d12-p0.5,level,427258,427258,71,35.9354,0.9629715,,17110016,427258
bookstore,oct-ea,1792,haar-residual-d12-p0.5,gain,8192,0,0,,,,0,427258
bookstore,oct-ea,1792,haar-residual-d12-p0.5,gain,16384,10816,1,25.93162,0.7367434,,50176,427258
bookstore,oct-ea,1792,haar-residual-d12-p0.5,gain,32768,29476,2,27.98432,0.7889552,,250880,427258
bookstore,oct-ea,1792,haar-residual-d12-p0.5,gain,65536,55032,4,29.00389,0.8290897,,594944,427258
bookstore,oct-ea,1792,haar-residual-d12-p0.5,gain,131072,125922,12,31.23959,0.8906197,,2036736,427258
bookstore,oct-ea,1792,haar-residual-d12-p0.5,gain,262144,257552,33,33.90739,0.9407095,,7148544,427258
bookstore,oct-ea,1792,haar-residual-d12-p0.5,gain,427258,427258,71,35.9354,0.9629715,,17110016,427258
bookstore,oct-ea,1792,haar-residual-d12-p0.5,view,8192,0,0,,,,0,427258
bookstore,oct-ea,1792,haar-residual-d12-p0.5,view,16384,10816,1,25.93162,0.7367434,24.68581,50176,427258
bookstore,oct-ea,1792,haar-residual-d12-p0.5,view,32768,29476,2,27.98432,0.7889552,26.52351,250880,427258
bookstore,oct-ea,1792,haar-residual-d12-p0.5,view,65536,58622.58,4.5,30.73793,0.8728195,26.70342,821589.3,427258
bookstore,oct-ea,1792,haar-residual-d12-p0.5,view,131072,126819.9,15.83333,34.67305,0.9493157,26.94579,3519488,427258
bookstore,oct-ea,1792,haar-residual-d12-p0.5,view,262144,258451.3,37.5,35.9354,0.9629715,32.20239,8382805,427258
bookstore,oct-ea,1792,haar-residual-d12-p0.5,view,427258,427258,71,35.9354,0.9629715,35.26043,17110016,427258
bookstore,oct-ea,1792,jpeg-residual-q80,level,8192,3621,1,25.45186,0.7261883,,50176,455249
bookstore,oct-ea,1792,jpeg-residual-q80,level,16384,12870,2,27.55601,0.767787,,250880,455249
bookstore,oct-ea,1792,jpeg-residual-q80,level,32768,30282,4,29.03388,0.8103572,,709632,455249
bookstore,oct-ea,1792,jpeg-residual-q80,level,65536,58856,8,30.42683,0.8525431,,1577984,455249
bookstore,oct-ea,1792,jpeg-residual-q80,level,131072,130885,18,32.98747,0.9097466,,3806208,455249
bookstore,oct-ea,1792,jpeg-residual-q80,level,262144,261984,41,34.94603,0.9443408,,9245696,455249
bookstore,oct-ea,1792,jpeg-residual-q80,level,455249,455249,71,38.15362,0.9759116,,17110016,455249
bookstore,oct-ea,1792,jpeg-residual-q80,gain,8192,3621,1,25.45186,0.7261883,,50176,455249
bookstore,oct-ea,1792,jpeg-residual-q80,gain,16384,12870,2,27.55601,0.767787,,250880,455249
bookstore,oct-ea,1792,jpeg-residual-q80,gain,32768,29377,4,28.57349,0.8066145,,594944,455249
bookstore,oct-ea,1792,jpeg-residual-q80,gain,65536,58953,8,30.29212,0.8496803,,1315840,455249
bookstore,oct-ea,1792,jpeg-residual-q80,gain,131072,127080,18,32.64754,0.9067477,,3347456,455249
bookstore,oct-ea,1792,jpeg-residual-q80,gain,262144,261775,35,34.83021,0.938174,,7672832,455249
bookstore,oct-ea,1792,jpeg-residual-q80,gain,455249,455249,71,38.15362,0.9759116,,17110016,455249
bookstore,oct-ea,1792,jpeg-residual-q80,view,8192,3621,1,25.45186,0.7261883,24.31046,50176,455249
bookstore,oct-ea,1792,jpeg-residual-q80,view,16384,12870,2,27.55601,0.767787,26.13811,250880,455249
bookstore,oct-ea,1792,jpeg-residual-q80,view,32768,29104.92,4,29.89535,0.8372349,26.36219,690517.3,455249
bookstore,oct-ea,1792,jpeg-residual-q80,view,65536,61937.17,9.083333,33.16595,0.9188918,26.62972,1810091,455249
bookstore,oct-ea,1792,jpeg-residual-q80,view,131072,127555.2,20.41667,37.4031,0.9699885,27.00877,4689579,455249
bookstore,oct-ea,1792,jpeg-residual-q80,view,262144,258858.5,40.66667,38.15362,0.9759116,32.33146,9158315,455249
bookstore,oct-ea,1792,jpeg-residual-q80,view,455249,455249,71,38.15362,0.9759116,37.10908,17110016,455249
bookstore,oct-ea,1792,jpeg-replacement-q80,level,8192,3621,1,25.45186,0.7261883,,50176,560736
bookstore,oct-ea,1792,jpeg-replacement-q80,level,16384,15168,2,27.56112,0.7676952,,250880,560736
bookstore,oct-ea,1792,jpeg-replacement-q80,level,32768,25185,3,28.29889,0.7877482,,513024,560736
bookstore,oct-ea,1792,jpeg-replacement-q80,level,65536,62850,7,30.15183,0.8467428,,1315840,560736
bookstore,oct-ea,1792,jpeg-replacement-q80,level,131072,123587,14,31.95908,0.8868723,,2888704,560736
bookstore,oct-ea,1792,jpeg-replacement-q80,level,262144,260098,33,34.11912,0.9366923,,7148544,560736
bookstore,oct-ea,1792,jpeg-replacement-q80,level,524288,518694,66,37.69626,0.9709633,,15799296,560736
bookstore,oct-ea,1792,jpeg-replacement-q80,level,560736,560736,71,38.19176,0.9764692,,17110016,560736
bookstore,oct-ea,1792,jpeg-replacement-q80,gain,8192,3621,1,25.45186,0.7261883,,50176,560736
bookstore,oct-ea,1792,jpeg-replacement-q80,gain,16384,15168,2,27.56112,0.7676952,,250880,560736
bookstore,oct-ea,1792,jpeg-replacement-q80,gain,32768,26768,3,28.17634,0.7905457,,447488,560736
bookstore,oct-ea,1792,jpeg-replacement-q80,gain,65536,64077,7,30.16007,0.8446333,,1184768,560736
bookstore,oct-ea,1792,jpeg-replacement-q80,gain,131072,126585,14,31.77232,0.8874596,,2561024,560736
bookstore,oct-ea,1792,jpeg-replacement-q80,gain,262144,250779,28,33.77759,0.9291648,,5837824,560736
bookstore,oct-ea,1792,jpeg-replacement-q80,gain,524288,523328,60,37.33666,0.9703812,,14226432,560736
bookstore,oct-ea,1792,jpeg-replacement-q80,gain,560736,560736,71,38.19176,0.9764692,,17110016,560736
bookstore,oct-ea,1792,jpeg-replacement-q80,view,8192,3621,1,25.45186,0.7261883,24.31046,50176,560736
bookstore,oct-ea,1792,jpeg-replacement-q80,view,16384,15168,2,27.56112,0.7676952,26.13767,250880,560736
bookstore,oct-ea,1792,jpeg-replacement-q80,view,32768,25829.42,3.083333,28.98651,0.8172881,26.26679,493909.3,560736
bookstore,oct-ea,1792,jpeg-replacement-q80,view,65536,60474.75,6.833333,32.14928,0.8968666,26.63611,1334955,560736
bookstore,oct-ea,1792,jpeg-replacement-q80,view,131072,128960.3,16.16667,36.30431,0.9591342,26.63731,3595947,560736
bookstore,oct-ea,1792,jpeg-replacement-q80,view,262144,257645.9,32.66667,38.19176,0.9764692,31.72355,7285077,560736
bookstore,oct-ea,1792,jpeg-replacement-q80,view,524288,519663.9,65.91667,38.19176,0.9764692,35.89256,15777450,560736
bookstore,oct-ea,1792,jpeg-replacement-q80,view,560736,560736,71,38.19176,0.9764692,37.1504,17110016,560736
bookstore,oct-ea,1792,jpeg-replacement-q80,view-direct,8192,4878.167,1.416667,25.63647,0.7297829,24.31046,159402.7,560736
bookstore,oct-ea,1792,jpeg-replacement-q80,view-direct,16384,13038.5,2.75,26.45866,0.7696201,24.31046,508928,560736
bookstore,oct-ea,1792,jpeg-replacement-q80,view-direct,32768,28124.5,5.333333,28.72409,0.8333971,24.31046,1186133,560736
bookstore,oct-ea,1792,jpeg-replacement-q80,view-direct,65536,61831,9.666667,32.8888,0.9328388,24.40212,2311851,560736
bookstore,oct-ea,1792,jpeg-replacement-q80,view-direct,131072,125619.7,16.66667,38.19176,0.9764692,27.13395,3986091,560736
bookstore,oct-ea,1792,jpeg-replacement-q80,view-direct,262144,258118,32.5,38.19176,0.9764692,31.85395,7350613,560736
bookstore,oct-ea,1792,jpeg-replacement-q80,view-direct,524288,519663.9,65.91667,38.19176,0.9764692,35.89256,15777450,560736
bookstore,oct-ea,1792,jpeg-replacement-q80,view-direct,560736,560736,71,38.19176,0.9764692,37.1504,17110016,560736
bookstore,oct-ea,1792,webp-replacement-q80,level,8192,2890,1,25.54726,0.7320234,,50176,339326
bookstore,oct-ea,1792,webp-replacement-q80,level,16384,11776,2,27.61561,0.7780626,,250880,339326
bookstore,oct-ea,1792,webp-replacement-q80,level,32768,32736,5,29.6093,0.8327131,,906240,339326
bookstore,oct-ea,1792,webp-replacement-q80,level,65536,63350,10,30.99662,0.8735431,,1971200,339326
bookstore,oct-ea,1792,webp-replacement-q80,level,131072,129172,24,33.42987,0.9265584,,4789248,339326
bookstore,oct-ea,1792,webp-replacement-q80,level,262144,257810,55,36.34025,0.9551879,,12915712,339326
bookstore,oct-ea,1792,webp-replacement-q80,level,339326,339326,71,37.76973,0.9718827,,17110016,339326
bookstore,oct-ea,1792,webp-replacement-q80,gain,8192,2890,1,25.54726,0.7320234,,50176,339326
bookstore,oct-ea,1792,webp-replacement-q80,gain,16384,11776,2,27.61561,0.7780626,,250880,339326
bookstore,oct-ea,1792,webp-replacement-q80,gain,32768,32762,5,29.1096,0.8301543,,791552,339326
bookstore,oct-ea,1792,webp-replacement-q80,gain,65536,58038,10,30.41183,0.8632391,,1512448,339326
bookstore,oct-ea,1792,webp-replacement-q80,gain,131072,129370,24,33.31951,0.9257719,,4789248,339326
bookstore,oct-ea,1792,webp-replacement-q80,gain,262144,259912,45,35.75023,0.9523789,,10294272,339326
bookstore,oct-ea,1792,webp-replacement-q80,gain,339326,339326,71,37.76973,0.9718827,,17110016,339326
bookstore,oct-ea,1792,webp-replacement-q80,view,8192,2890,1,25.54726,0.7320234,24.38942,50176,339326
bookstore,oct-ea,1792,webp-replacement-q80,view,16384,11776,2,27.61561,0.7780626,26.21455,250880,339326
bookstore,oct-ea,1792,webp-replacement-q80,view,32768,31484.5,4.833333,30.57329,0.8623158,26.55525,881664,339326
bookstore,oct-ea,1792,webp-replacement-q80,view,65536,62825.67,11.33333,33.93313,0.9332099,26.68801,2350763,339326
bookstore,oct-ea,1792,webp-replacement-q80,view,131072,128454.7,25.58333,37.76922,0.9718773,28.2362,5869227,339326
bookstore,oct-ea,1792,webp-replacement-q80,view,262144,258350.8,54.08333,37.76973,0.9718827,33.5065,12675410,339326
bookstore,oct-ea,1792,webp-replacement-q80,view,339326,339326,71,37.76973,0.9718827,36.87559,17110016,339326
bookstore,oct-ea,1792,webp-replacement-q80,view-direct,8192,5476.5,2.333333,26.18193,0.7514712,24.38942,399701.3,339326
bookstore,oct-ea,1792,webp-replacement-q80,view-direct,16384,14382.67,5.25,28.48514,0.8190473,24.38942,1164288,339326
bookstore,oct-ea,1792,webp-replacement-q80,view-direct,32768,30171.67,8.75,31.66181,0.9043963,24.44048,2076672,339326
bookstore,oct-ea,1792,webp-replacement-q80,view-direct,65536,62026.33,14.41667,36.76892,0.9667991,25.78732,3464875,339326
bookstore,oct-ea,1792,webp-replacement-q80,view-direct,131072,127184.3,25.08333,37.76973,0.9718827,29.45323,5881515,339326
bookstore,oct-ea,1792,webp-replacement-q80,view-direct,262144,258350.8,54.08333,37.76973,0.9718827,33.5065,12675410,339326
bookstore,oct-ea,1792,webp-replacement-q80,view-direct,339326,339326,71,37.76973,0.9718827,36.87559,17110016,339326
bookstore,oct-ea,1792,jpeg-replacement-q80-whole,level,8192,3621,1,25.45186,0.7261883,,50176,543550
bookstore,oct-ea,1792,jpeg-replacement-q80-whole,level,16384,15168,2,27.56112,0.7676952,,250880,543550
bookstore,oct-ea,1792,jpeg-replacement-q80-whole,level,32768,15168,2,27.56112,0.7676952,,250880,543550
bookstore,oct-ea,1792,jpeg-replacement-q80-whole,level,65536,53107,3,30.06157,0.8409717,,1053696,543550
bookstore,oct-ea,1792,jpeg-replacement-q80-whole,level,131072,53107,3,30.06157,0.8409717,,1053696,543550
bookstore,oct-ea,1792,jpeg-replacement-q80-whole,level,262144,175387,4,33.40368,0.9233913,,4264960,543550
bookstore,oct-ea,1792,jpeg-replacement-q80-whole,level,524288,175387,4,33.40368,0.9233913,,4264960,543550
bookstore,oct-ea,1792,jpeg-replacement-q80-whole,level,543550,543550,5,38.19353,0.9764697,,17110016,543550
bookstore,oct-ea,1792,jpeg-replacement-q80-whole,gain,8192,3621,1,25.45186,0.7261883,,50176,543550
bookstore,oct-ea,1792,jpeg-replacement-q80-whole,gain,16384,15168,2,27.56112,0.7676952,,250880,543550
bookstore,oct-ea,1792,jpeg-replacement-q80-whole,gain,32768,15168,2,27.56112,0.7676952,,250880,543550
bookstore,oct-ea,1792,jpeg-replacement-q80-whole,gain,65536,53107,3,30.06157,0.8409717,,1053696,543550
bookstore,oct-ea,1792,jpeg-replacement-q80-whole,gain,131072,53107,3,30.06157,0.8409717,,1053696,543550
bookstore,oct-ea,1792,jpeg-replacement-q80-whole,gain,262144,175387,4,33.40368,0.9233913,,4264960,543550
bookstore,oct-ea,1792,jpeg-replacement-q80-whole,gain,524288,175387,4,33.40368,0.9233913,,4264960,543550
bookstore,oct-ea,1792,jpeg-replacement-q80-whole,gain,543550,543550,5,38.19353,0.9764697,,17110016,543550
bookstore,oct-ea,1792,jpeg-replacement-q80-whole,view,8192,3621,1,25.45186,0.7261883,24.31046,50176,543550
bookstore,oct-ea,1792,jpeg-replacement-q80-whole,view,16384,15168,2,27.56112,0.7676952,26.13767,250880,543550
bookstore,oct-ea,1792,jpeg-replacement-q80-whole,view,32768,15168,2,27.56112,0.7676952,26.13767,250880,543550
bookstore,oct-ea,1792,jpeg-replacement-q80-whole,view,65536,53107,3,30.06157,0.8409717,28.52297,1053696,543550
bookstore,oct-ea,1792,jpeg-replacement-q80-whole,view,131072,53107,3,30.06157,0.8409717,28.52297,1053696,543550
bookstore,oct-ea,1792,jpeg-replacement-q80-whole,view,262144,175387,4,33.40368,0.9233913,31.97439,4264960,543550
bookstore,oct-ea,1792,jpeg-replacement-q80-whole,view,524288,175387,4,33.40368,0.9233913,31.97439,4264960,543550
bookstore,oct-ea,1792,jpeg-replacement-q80-whole,view,543550,543550,5,38.19353,0.9764697,37.15177,17110016,543550
bookstore,oct-ea,1792,jpeg-replacement-q80-whole,view-direct,8192,3621,1,25.45186,0.7261883,24.31046,50176,543550
bookstore,oct-ea,1792,jpeg-replacement-q80-whole,view-direct,16384,3621,1,25.45186,0.7261883,24.31046,50176,543550
bookstore,oct-ea,1792,jpeg-replacement-q80-whole,view-direct,32768,3621,1,25.45186,0.7261883,24.31046,50176,543550
bookstore,oct-ea,1792,jpeg-replacement-q80-whole,view-direct,65536,3621,1,25.45186,0.7261883,24.31046,50176,543550
bookstore,oct-ea,1792,jpeg-replacement-q80-whole,view-direct,131072,3621,1,25.45186,0.7261883,24.31046,50176,543550
bookstore,oct-ea,1792,jpeg-replacement-q80-whole,view-direct,262144,3621,1,25.45186,0.7261883,24.31046,50176,543550
bookstore,oct-ea,1792,jpeg-replacement-q80-whole,view-direct,524288,421270,4,38.19353,0.9764697,37.15177,13898752,543550
bookstore,oct-ea,1792,jpeg-replacement-q80-whole,view-direct,543550,543550,5,38.19353,0.9764697,37.15177,17110016,543550
gardens,oct-ea,1792,exact,all,,9633792,,34.88489,0.9725019,,,
gardens,oct-ea,1792,exact,coarse,,37632,,20.17979,0.451994,,,
gardens,oct-ea,1792,haar-residual-d12,level,8192,0,0,,,,0,1447210
gardens,oct-ea,1792,haar-residual-d12,level,16384,0,0,,,,0,1447210
gardens,oct-ea,1792,haar-residual-d12,level,32768,27681,1,20.1781,0.4519541,,50176,1447210
gardens,oct-ea,1792,haar-residual-d12,level,65536,27681,1,20.1781,0.4519541,,50176,1447210
gardens,oct-ea,1792,haar-residual-d12,level,131072,83712,2,22.0885,0.5503824,,250880,1447210
gardens,oct-ea,1792,haar-residual-d12,level,262144,244252,6,24.64677,0.7111433,,1053696,1447210
gardens,oct-ea,1792,haar-residual-d12,level,524288,524266,16,27.59271,0.8235306,,3412992,1447210
gardens,oct-ea,1792,haar-residual-d12,level,1048576,1041201,49,30.48395,0.9196825,,11342848,1447210
gardens,oct-ea,1792,haar-residual-d12,level,1447210,1447210,71,32.43262,0.9630527,,17110016,1447210
gardens,oct-ea,1792,haar-residual-d12,gain,8192,0,0,,,,0,1447210
gardens,oct-ea,1792,haar-residual-d12,gain,16384,0,0,,,,0,1447210
gardens,oct-ea,1792,haar-residual-d12,gain,32768,27681,1,20.1781,0.4519541,,50176,1447210
gardens,oct-ea,1792,haar-residual-d12,gain,65536,27681,1,20.1781,0.4519541,,50176,1447210
gardens,oct-ea,1792,haar-residual-d12,gain,131072,125397,3,22.57844,0.5883186,,447488,1447210
gardens,oct-ea,1792,haar-residual-d12,gain,262144,244252,6,24.64677,0.7111433,,1053696,1447210
gardens,oct-ea,1792,haar-residual-d12,gain,524288,517058,15,26.29012,0.8235614,,2888704,1447210
gardens,oct-ea,1792,haar-residual-d12,gain,1048576,1045664,38,29.66309,0.9171002,,8459264,1447210
gardens,oct-ea,1792,haar-residual-d12,gain,1447210,1447210,71,32.43262,0.9630527,,17110016,1447210
gardens,oct-ea,1792,haar-residual-d12,view,8192,0,0,,,,0,1447210
gardens,oct-ea,1792,haar-residual-d12,view,16384,0,0,,,,0,1447210
gardens,oct-ea,1792,haar-residual-d12,view,32768,27681,1,20.1781,0.4519541,19.42486,50176,1447210
gardens,oct-ea,1792,haar-residual-d12,view,65536,27681,1,20.1781,0.4519541,19.42486,50176,1447210
gardens,oct-ea,1792,haar-residual-d12,view,131072,98363.92,2.416667,22.67201,0.6123634,21.01246,324608,1447210
gardens,oct-ea,1792,haar-residual-d12,view,262144,248570.6,6.583333,26.77052,0.8113903,21.81849,1247573,1447210
gardens,oct-ea,1792,haar-residual-d12,view,524288,505140.1,21.41667,31.98185,0.9530353,22.23423,4931243,1447210
gardens,oct-ea,1792,haar-residual-d12,view,1048576,1041110,46.41667,32.43262,0.9630527,27.19683,10665640,1447210
gardens,oct-ea,1792,haar-residual-d12,view,1447210,1447210,71,32.43262,0.9630527,31.05892,17110016,1447210
gardens,oct-ea,1792,haar-residual-d12-p0.5,level,8192,0,0,,,,0,1297774
gardens,oct-ea,1792,haar-residual-d12-p0.5,level,16384,0,0,,,,0,1297774
gardens,oct-ea,1792,haar-residual-d12-p0.5,level,32768,18279,1,20.14052,0.4516867,,50176,1297774
gardens,oct-ea,1792,haar-residual-d12-p0.5,level,65536,55291,2,21.97951,0.5486095,,250880,1297774
gardens,oct-ea,1792,haar-residual-d12-p0.5,level,131072,117591,4,23.39316,0.6362048,,709632,1297774
gardens,oct-ea,1792,haar-residual-d12-p0.5,level,262144,260701,9,25.02667,0.7543932,,1840128,1297774
gardens,oct-ea,1792,haar-residual-d12-p0.5,level,524288,513939,23,27.3512,0.8686777,,4527104,1297774
gardens,oct-ea,1792,haar-residual-d12-p0.5,level,1048576,1037460,58,29.54177,0.9235059,,13702144,1297774
gardens,oct-ea,1792,haar-residual-d12-p0.5,level,1297774,1297774,71,30.4207,0.951856,,17110016,1297774
gardens,oct-ea,1792,haar-residual-d12-p0.5,gain,8192,0,0,,,,0,1297774
gardens,oct-ea,1792,haar-residual-d12-p0.5,gain,16384,0,0,,,,0,1297774
gardens,oct-ea,1792,haar-residual-d12-p0.5,gain,32768,18279,1,20.14052,0.4516867,,50176,1297774
gardens,oct-ea,1792,haar-residual-d12-p0.5,gain,65536,55291,2,21.97951,0.5486095,,250880,1297774
gardens,oct-ea,1792,haar-residual-d12-p0.5,gain,131072,122285,4,23.62073,0.6394167,,709632,1297774
gardens,oct-ea,1792,haar-residual-d12-p0.5,gain,262144,228561,8,24.71647,0.7330277,,1446912,1297774
gardens,oct-ea,1792,haar-residual-d12-p0.5,gain,524288,496576,22,27.29221,0.8649841,,4264960,1297774
gardens,oct-ea,1792,haar-residual-d12-p0.5,gain,1048576,1046022,46,29.1517,0.9262415,,10556416,1297774
gardens,oct-ea,1792,haar-residual-d12-p0.5,gain,1297774,1297774,71,30.4207,0.951856,,17110016,1297774
gardens,oct-ea,1792,haar-residual-d12-p0.5,view,8192,0,0,,,,0,1297774
gardens,oct-ea,1792,haar-residual-d12-p0.5,view,16384,0,0,,,,0,1297774
gardens,oct-ea,1792,haar-residual-d12-p0.5,view,32768,18279,1,20.14052,0.4516867,19.39502,50176,1297774
gardens,oct-ea,1792,haar-residual-d12-p0.5,view,65536,55291,2,21.97951,0.5486095,20.93178,250880,1297774
gardens,oct-ea,1792,haar-residual-d12-p0.5,view,131072,118198.4,4.083333,24.09446,0.6966143,21.24278,712362.7,1297774
gardens,oct-ea,1792,haar-residual-d12-p0.5,view,262144,246252.2,11,27.64096,0.87157,21.66619,2263381,1297774
gardens,oct-ea,1792,haar-residual-d12-p0.5,view,524288,516243.2,26.08333,30.3389,0.9496244,23.37583,5929301,1297774
gardens,oct-ea,1792,haar-residual-d12-p0.5,view,1048576,1041022,56.5,30.4207,0.951856,27.54508,13308928,1297774
gardens,oct-ea,1792,haar-residual-d12-p0.5,view,1297774,1297774,71,30.4207,0.951856,29.51496,17110016,1297774
gardens,oct-ea,1792,jpeg-residual-q80,level,8192,5196,1,19.3956,0.4401862,,50176,962345
gardens,oct-ea,1792,jpeg-residual-q80,level,16384,5196,1,19.3956,0.4401862,,50176,962345
gardens,oct-ea,1792,jpeg-residual-q80,level,32768,19780,2,21.20048,0.5281349,,250880,962345
gardens,oct-ea,1792,jpeg-residual-q80,level,65536,63613,5,23.16844,0.6551815,,906240,962345
gardens,oct-ea,1792,jpeg-residual-q80,level,131072,130589,9,24.15815,0.738605,,1840128,962345
gardens,oct-ea,1792,jpeg-residual-q80,level,262144,261973,20,26.47857,0.8450417,,4068352,962345
gardens,oct-ea,1792,jpeg-residual-q80,level,524288,504735,36,27.82655,0.8968936,,7934976,962345
gardens,oct-ea,1792,jpeg-residual-q80,level,962345,962345,71,31.32897,0.962612,,17110016,962345
gardens,oct-ea,1792,jpeg-residual-q80,gain,8192,5196,1,19.3956,0.4401862,,50176,962345
gardens,oct-ea,1792,jpeg-residual-q80,gain,16384,5196,1,19.3956,0.4401862,,50176,962345
gardens,oct-ea,1792,jpeg-residual-q80,gain,32768,19780,2,21.20048,0.5281349,,250880,962345
gardens,oct-ea,1792,jpeg-residual-q80,gain,65536,63613,5,23.16844,0.6551815,,906240,962345
gardens,oct-ea,1792,jpeg-residual-q80,gain,131072,130602,9,23.96411,0.7297804,,1709056,962345
gardens,oct-ea,1792,jpeg-residual-q80,gain,262144,257856,19,25.59246,0.8393304,,3675136,962345
gardens,oct-ea,1792,jpeg-residual-q80,gain,524288,521672,34,27.55865,0.8888979,,7410688,962345
gardens,oct-ea,1792,jpeg-residual-q80,gain,962345,962345,71,31.32897,0.962612,,17110016,962345
gardens,oct-ea,1792,jpeg-residual-q80,view,8192,5196,1,19.3956,0.4401862,18.78484,50176,962345
gardens,oct-ea,1792,jpeg-residual-q80,view,16384,5196,1,19.3956,0.4401862,18.78484,50176,962345
gardens,oct-ea,1792,jpeg-residual-q80,view,32768,23609.33,2.333333,21.60189,0.5758881,20.28829,308224,962345
gardens,oct-ea,1792,jpeg-residual-q80,view,65536,57896.33,4.666667,23.59318,0.6998722,20.83495,837973.3,962345
gardens,oct-ea,1792,jpeg-residual-q80,view,131072,121978.8,10.08333,26.73561,0.8601369,20.9974,2023083,962345
gardens,oct-ea,1792,jpeg-residual-q80,view,262144,253839.3,20.75,30.62975,0.946272,21.4151,4756480,962345
gardens,oct-ea,1792,jpeg-residual-q80,view,524288,515144.1,39.25,31.32897,0.962612,25.54838,8786944,962345
gardens,oct-ea,1792,jpeg-residual-q80,view,962345,962345,71,31.32897,0.962612,29.88663,17110016,962345
gardens,oct-ea,1792,jpeg-replacement-q80,level,8192,5196,1,19.3956,0.4401862,,50176,1211349
gardens,oct-ea,1792,jpeg-replacement-q80,level,16384,5196,1,19.3956,0.4401862,,50176,1211349
gardens,oct-ea,1792,jpeg-replacement-q80,level,32768,23434,2,21.17543,0.5278764,,250880,1211349
gardens,oct-ea,1792,jpeg-replacement-q80,level,65536,60618,4,22.56524,0.6183018,,709632,1211349
gardens,oct-ea,1792,jpeg-replacement-q80,level,131072,117783,7,23.55069,0.7020229,,1315840,1211349
gardens,oct-ea,1792,jpeg-replacement-q80,level,262144,255460,15,25.73532,0.8037623,,3150848,1211349
gardens,oct-ea,1792,jpeg-replacement-q80,level,524288,513137,30,27.23277,0.8861495,,6362112,1211349
gardens,oct-ea,1792,jpeg-replacement-q80,level,1048576,1036680,63,30.6148,0.9400664,,15012864,1211349
gardens,oct-ea,1792,jpeg-replacement-q80,level,1211349,1211349,71,31.29773,0.9626391,,17110016,1211349
gardens,oct-ea,1792,jpeg-replacement-q80,gain,8192,5196,1,19.3956,0.4401862,,50176,1211349
gardens,oct-ea,1792,jpeg-replacement-q80,gain,16384,5196,1,19.3956,0.4401862,,50176,1211349
gardens,oct-ea,1792,jpeg-replacement-q80,gain,32768,23434,2,21.17543,0.5278764,,250880,1211349
gardens,oct-ea,1792,jpeg-replacement-q80,gain,65536,63075,4,22.73535,0.6203156,,709632,1211349
gardens,oct-ea,1792,jpeg-replacement-q80,gain,131072,104910,7,23.48566,0.6921165,,1184768,1211349
gardens,oct-ea,1792,jpeg-replacement-q80,gain,262144,249514,14,24.75819,0.7919889,,2757632,1211349
gardens,oct-ea,1792,jpeg-replacement-q80,gain,524288,505724,28,27.14326,0.8761017,,5837824,1211349
gardens,oct-ea,1792,jpeg-replacement-q80,gain,1048576,1036712,53,29.43014,0.943311,,12391424,1211349
gardens,oct-ea,1792,jpeg-replacement-q80,gain,1211349,1211349,71,31.29773,0.9626391,,17110016,1211349
gardens,oct-ea,1792,jpeg-replacement-q80,view,8192,5196,1,19.3956,0.4401862,18.78484,50176,1211349
gardens,oct-ea,1792,jpeg-replacement-q80,view,16384,5196,1,19.3956,0.4401862,18.78484,50176,1211349
gardens,oct-ea,1792,jpeg-replacement-q80,view,32768,23434,2,21.17543,0.5278764,20.27329,250880,1211349
gardens,oct-ea,1792,jpeg-replacement-q80,view,65536,60177.25,4,23.15822,0.6762122,20.58558,690517.3,1211349
gardens,oct-ea,1792,jpeg-replacement-q80,view,131072,124125.3,7.916667,26.04627,0.8297878,20.98902,1564331,1211349
gardens,oct-ea,1792,jpeg-replacement-q80,view,262144,257532.3,17,29.82454,0.9253885,20.9923,3814400,1211349
gardens,oct-ea,1792,jpeg-replacement-q80,view,524288,516153.3,31.91667,31.29773,0.9626391,24.39155,7143083,1211349
gardens,oct-ea,1792,jpeg-replacement-q80,view,1048576,1037899,62.75,31.29773,0.9626391,28.26806,14947328,1211349
gardens,oct-ea,1792,jpeg-replacement-q80,view,1211349,1211349,71,31.29773,0.9626391,29.85058,17110016,1211349
gardens,oct-ea,1792,jpeg-replacement-q80,view-direct,8192,5196,1,19.3956,0.4401862,18.78484,50176,1211349
gardens,oct-ea,1792,jpeg-replacement-q80,view-direct,16384,7735.333,1.333333,19.62026,0.4527462,18.78484,137557.3,1211349
gardens,oct-ea,1792,jpeg-replacement-q80,view-direct,32768,25719.5,2.666667,20.52249,0.538958,18.78484,487082.7,1211349
gardens,oct-ea,1792,jpeg-replacement-q80,view-direct,65536,55505.83,5.166667,23.96383,0.6643072,18.78484,1142443,1211349
gardens,oct-ea,1792,jpeg-replacement-q80,view-direct,131072,119694.8,9.166667,27.46831,0.8447756,19.03504,2175659,1211349
gardens,oct-ea,1792,jpeg-replacement-q80,view-direct,262144,251959.9,16.08333,31.03228,0.9567294,20.53033,3844779,1211349
gardens,oct-ea,1792,jpeg-replacement-q80,view-direct,524288,517110.1,31.91667,31.29773,0.9626391,24.86949,7241387,1211349
gardens,oct-ea,1792,jpeg-replacement-q80,view-direct,1048576,1037899,62.75,31.29773,0.9626391,28.26806,14947328,1211349
gardens,oct-ea,1792,jpeg-replacement-q80,view-direct,1211349,1211349,71,31.29773,0.9626391,29.85058,17110016,1211349
gardens,oct-ea,1792,webp-replacement-q80,level,8192,5042,1,19.6143,0.447317,,50176,1119606
gardens,oct-ea,1792,webp-replacement-q80,level,16384,5042,1,19.6143,0.447317,,50176,1119606
gardens,oct-ea,1792,webp-replacement-q80,level,32768,22386,2,21.42098,0.5397891,,250880,1119606
gardens,oct-ea,1792,webp-replacement-q80,level,65536,56384,4,22.83377,0.6271528,,709632,1119606
gardens,oct-ea,1792,webp-replacement-q80,level,131072,129642,8,24.12495,0.7242858,,1577984,1119606
gardens,oct-ea,1792,webp-replacement-q80,level,262144,247106,16,26.41439,0.8117281,,3412992,1119606
gardens,oct-ea,1792,webp-replacement-q80,level,524288,522018,32,27.7335,0.8899374,,6886400,1119606
gardens,oct-ea,1792,webp-replacement-q80,level,1048576,1028594,67,31.27296,0.9521382,,16061440,1119606
gardens,oct-ea,1792,webp-replacement-q80,level,1119606,1119606,71,31.67001,0.9618877,,17110016,1119606
gardens,oct-ea,1792,webp-replacement-q80,gain,8192,5042,1,19.6143,0.447317,,50176,1119606
gardens,oct-ea,1792,webp-replacement-q80,gain,16384,5042,1,19.6143,0.447317,,50176,1119606
gardens,oct-ea,1792,webp-replacement-q80,gain,32768,22386,2,21.42098,0.5397891,,250880,1119606
gardens,oct-ea,1792,webp-replacement-q80,gain,65536,58898,4,23.04461,0.6300601,,709632,1119606
gardens,oct-ea,1792,webp-replacement-q80,gain,131072,126274,8,24.1155,0.7232847,,1446912,1119606
gardens,oct-ea,1792,webp-replacement-q80,gain,262144,254902,15,25.44871,0.8135526,,3019776,1119606
gardens,oct-ea,1792,webp-replacement-q80,gain,524288,509176,29,27.6522,0.8812107,,6099968,1119606
gardens,oct-ea,1792,webp-replacement-q80,gain,1048576,1032386,56,30.23143,0.949772,,13177856,1119606
gardens,oct-ea,1792,webp-replacement-q80,gain,1119606,1119606,71,31.67001,0.9618877,,17110016,1119606
gardens,oct-ea,1792,webp-replacement-q80,view,8192,5042,1,19.6143,0.447317,18.9612,50176,1119606
gardens,oct-ea,1792,webp-replacement-q80,view,16384,5042,1,19.6143,0.447317,18.9612,50176,1119606
gardens,oct-ea,1792,webp-replacement-q80,view,32768,22386,2,21.42098,0.5397891,20.45734,250880,1119606
gardens,oct-ea,1792,webp-replacement-q80,view,65536,57961,4.166667,23.49688,0.6867264,20.77098,728746.7,1119606
gardens,oct-ea,1792,webp-replacement-q80,view,131072,125487.8,8.833333,26.73973,0.8405856,21.19127,1782784,1119606
gardens,oct-ea,1792,webp-replacement-q80,view,262144,250401,18.75,30.31937,0.9281849,21.42951,4258133,1119606
gardens,oct-ea,1792,webp-replacement-q80,view,524288,517183,34.66667,31.67001,0.9618877,25.32021,7732907,1119606
gardens,oct-ea,1792,webp-replacement-q80,view,1048576,1030863,67,31.67001,0.9618877,29.31384,16061440,1119606
gardens,oct-ea,1792,webp-replacement-q80,view,1119606,1119606,71,31.67001,0.9618877,30.2912,17110016,1119606
gardens,oct-ea,1792,webp-replacement-q80,view-direct,8192,5042,1,19.6143,0.447317,18.9612,50176,1119606
gardens,oct-ea,1792,webp-replacement-q80,view-direct,16384,8615.333,1.666667,20.08466,0.4714959,18.9612,224938.7,1119606
gardens,oct-ea,1792,webp-replacement-q80,view-direct,32768,26266.5,3.5,21.82821,0.5703667,18.9612,705536,1119606
gardens,oct-ea,1792,webp-replacement-q80,view-direct,65536,55074,6.583333,25.35378,0.6837771,18.9612,1513813,1119606
gardens,oct-ea,1792,webp-replacement-q80,view-direct,131072,119236.8,10.16667,28.17701,0.8484787,19.37687,2415957,1119606
gardens,oct-ea,1792,webp-replacement-q80,view-direct,262144,253780,17.75,31.54304,0.9588014,21.06591,4237995,1119606
gardens,oct-ea,1792,webp-replacement-q80,view-direct,524288,517188.7,34.5,31.67001,0.9618877,25.6484,7776597,1119606
gardens,oct-ea,1792,webp-replacement-q80,view-direct,1048576,1030863,67,31.67001,0.9618877,29.31384,16061440,1119606
gardens,oct-ea,1792,webp-replacement-q80,view-direct,1119606,1119606,71,31.67001,0.9618877,30.2912,17110016,1119606
gardens,oct-ea,1792,jpeg-replacement-q80-whole,level,8192,5196,1,19.3956,0.4401862,,50176,1193524
gardens,oct-ea,1792,jpeg-replacement-q80-whole,level,16384,5196,1,19.3956,0.4401862,,50176,1193524
gardens,oct-ea,1792,jpeg-replacement-q80-whole,level,32768,23434,2,21.17543,0.5278764,,250880,1193524
gardens,oct-ea,1792,jpeg-replacement-q80-whole,level,65536,23434,2,21.17543,0.5278764,,250880,1193524
gardens,oct-ea,1792,jpeg-replacement-q80-whole,level,131072,90390,3,23.41234,0.6867287,,1053696,1193524
gardens,oct-ea,1792,jpeg-replacement-q80-whole,level,262144,90390,3,23.41234,0.6867287,,1053696,1193524
gardens,oct-ea,1792,jpeg-replacement-q80-whole,level,524288,337760,4,26.64165,0.8597257,,4264960,1193524
gardens,oct-ea,1792,jpeg-replacement-q80-whole,level,1048576,337760,4,26.64165,0.8597257,,4264960,1193524
gardens,oct-ea,1792,jpeg-replacement-q80-whole,level,1193524,1193524,5,31.30058,0.9626408,,17110016,1193524
gardens,oct-ea,1792,jpeg-replacement-q80-whole,gain,8192,5196,1,19.3956,0.4401862,,50176,1193524
gardens,oct-ea,1792,jpeg-replacement-q80-whole,gain,16384,5196,1,19.3956,0.4401862,,50176,1193524
gardens,oct-ea,1792,jpeg-replacement-q80-whole,gain,32768,23434,2,21.17543,0.5278764,,250880,1193524
gardens,oct-ea,1792,jpeg-replacement-q80-whole,gain,65536,23434,2,21.17543,0.5278764,,250880,1193524
gardens,oct-ea,1792,jpeg-replacement-q80-whole,gain,131072,90390,3,23.41234,0.6867287,,1053696,1193524
gardens,oct-ea,1792,jpeg-replacement-q80-whole,gain,262144,90390,3,23.41234,0.6867287,,1053696,1193524
gardens,oct-ea,1792,jpeg-replacement-q80-whole,gain,524288,337760,4,26.64165,0.8597257,,4264960,1193524
gardens,oct-ea,1792,jpeg-replacement-q80-whole,gain,1048576,337760,4,26.64165,0.8597257,,4264960,1193524
gardens,oct-ea,1792,jpeg-replacement-q80-whole,gain,1193524,1193524,5,31.30058,0.9626408,,17110016,1193524
gardens,oct-ea,1792,jpeg-replacement-q80-whole,view,8192,5196,1,19.3956,0.4401862,18.78484,50176,1193524
gardens,oct-ea,1792,jpeg-replacement-q80-whole,view,16384,5196,1,19.3956,0.4401862,18.78484,50176,1193524
gardens,oct-ea,1792,jpeg-replacement-q80-whole,view,32768,23434,2,21.17543,0.5278764,20.27329,250880,1193524
gardens,oct-ea,1792,jpeg-replacement-q80-whole,view,65536,23434,2,21.17543,0.5278764,20.27329,250880,1193524
gardens,oct-ea,1792,jpeg-replacement-q80-whole,view,131072,90390,3,23.41234,0.6867287,22.24899,1053696,1193524
gardens,oct-ea,1792,jpeg-replacement-q80-whole,view,262144,90390,3,23.41234,0.6867287,22.24899,1053696,1193524
gardens,oct-ea,1792,jpeg-replacement-q80-whole,view,524288,337760,4,26.64165,0.8597257,25.25625,4264960,1193524
gardens,oct-ea,1792,jpeg-replacement-q80-whole,view,1048576,337760,4,26.64165,0.8597257,25.25625,4264960,1193524
gardens,oct-ea,1792,jpeg-replacement-q80-whole,view,1193524,1193524,5,31.30058,0.9626408,29.85264,17110016,1193524
gardens,oct-ea,1792,jpeg-replacement-q80-whole,view-direct,8192,5196,1,19.3956,0.4401862,18.78484,50176,1193524
gardens,oct-ea,1792,jpeg-replacement-q80-whole,view-direct,16384,5196,1,19.3956,0.4401862,18.78484,50176,1193524
gardens,oct-ea,1792,jpeg-replacement-q80-whole,view-direct,32768,5196,1,19.3956,0.4401862,18.78484,50176,1193524
gardens,oct-ea,1792,jpeg-replacement-q80-whole,view-direct,65536,5196,1,19.3956,0.4401862,18.78484,50176,1193524
gardens,oct-ea,1792,jpeg-replacement-q80-whole,view-direct,131072,5196,1,19.3956,0.4401862,18.78484,50176,1193524
gardens,oct-ea,1792,jpeg-replacement-q80-whole,view-direct,262144,5196,1,19.3956,0.4401862,18.78484,50176,1193524
gardens,oct-ea,1792,jpeg-replacement-q80-whole,view-direct,524288,5196,1,19.3956,0.4401862,18.78484,50176,1193524
gardens,oct-ea,1792,jpeg-replacement-q80-whole,view-direct,1048576,946154,4,31.30058,0.9626408,29.85264,13898752,1193524
gardens,oct-ea,1792,jpeg-replacement-q80-whole,view-direct,1193524,1193524,5,31.30058,0.9626408,29.85264,17110016,1193524
stadium,oct-ea,1792,exact,all,,9633792,,35.96926,0.9436319,,,
stadium,oct-ea,1792,exact,coarse,,37632,,25.05854,0.535719,,,
stadium,oct-ea,1792,haar-residual-d12,level,8192,0,0,,,,0,1040899
stadium,oct-ea,1792,haar-residual-d12,level,16384,0,0,,,,0,1040899
stadium,oct-ea,1792,haar-residual-d12,level,32768,22679,1,25.00374,0.5356641,,50176,1040899
stadium,oct-ea,1792,haar-residual-d12,level,65536,62850,2,26.54847,0.5915333,,250880,1040899
stadium,oct-ea,1792,haar-residual-d12,level,131072,118157,4,27.57736,0.6449454,,709632,1040899
stadium,oct-ea,1792,haar-residual-d12,level,262144,260114,10,28.84231,0.7436365,,1971200,1040899
stadium,oct-ea,1792,haar-residual-d12,level,524288,523929,27,30.67834,0.8451431,,5575680,1040899
stadium,oct-ea,1792,haar-residual-d12,level,1040899,1040899,71,33.25969,0.934673,,17110016,1040899
stadium,oct-ea,1792,haar-residual-d12,gain,8192,0,0,,,,0,1040899
stadium,oct-ea,1792,haar-residual-d12,gain,16384,0,0,,,,0,1040899
stadium,oct-ea,1792,haar-residual-d12,gain,32768,22679,1,25.00374,0.5356641,,50176,1040899
stadium,oct-ea,1792,haar-residual-d12,gain,65536,62850,2,26.54847,0.5915333,,250880,1040899
stadium,oct-ea,1792,haar-residual-d12,gain,131072,112526,4,27.1122,0.640386,,594944,1040899
stadium,oct-ea,1792,haar-residual-d12,gain,262144,240706,10,28.48133,0.7247042,,1840128,1040899
stadium,oct-ea,1792,haar-residual-d12,gain,524288,511227,26,30.47149,0.8439839,,5313536,1040899
stadium,oct-ea,1792,haar-residual-d12,gain,1040899,1040899,71,33.25969,0.934673,,17110016,1040899
stadium,oct-ea,1792,haar-residual-d12,view,8192,0,0,,,,0,1040899
stadium,oct-ea,1792,haar-residual-d12,view,16384,0,0,,,,0,1040899
stadium,oct-ea,1792,haar-residual-d12,view,32768,22679,1,25.00374,0.5356641,21.6025,50176,1040899
stadium,oct-ea,1792,haar-residual-d12,view,65536,62850,2,26.54847,0.5915333,22.98451,250880,1040899
stadium,oct-ea,1792,haar-residual-d12,view,131072,120354,4.166667,28.32012,0.6930814,23.09872,734208,1040899
stadium,oct-ea,1792,haar-residual-d12,view,262144,255443.2,15.58333,31.5362,0.85732,23.2484,3464875,1040899
stadium,oct-ea,1792,haar-residual-d12,view,524288,518146.9,31,33.19168,0.9324373,26.17925,6924629,1040899
stadium,oct-ea,1792,haar-residual-d12,view,1040899,1040899,71,33.25969,0.934673,30.51032,17110016,1040899
stadium,oct-ea,1792,haar-residual-d12-p0.5,level,8192,0,0,,,,0,940144
stadium,oct-ea,1792,haar-residual-d12-p0.5,level,16384,13346,1,24.34025,0.5351424,,50176,940144
stadium,oct-ea,1792,haar-residual-d12-p0.5,level,32768,13346,1,24.34025,0.5351424,,50176,940144
stadium,oct-ea,1792,haar-residual-d12-p0.5,level,65536,60286,3,25.96546,0.6155264,,513024,940144
stadium,oct-ea,1792,haar-residual-d12-p0.5,level,131072,112628,6,26.92538,0.689178,,1053696,940144
stadium,oct-ea,1792,haar-residual-d12-p0.5,level,262144,256346,16,28.19644,0.7761604,,3412992,940144
stadium,oct-ea,1792,haar-residual-d12-p0.5,level,524288,520370,34,29.44452,0.8541489,,7410688,940144
stadium,oct-ea,1792,haar-residual-d12-p0.5,level,940144,940144,71,31.28036,0.9263807,,17110016,940144
stadium,oct-ea,1792,haar-residual-d12-p0.5,gain,8192,0,0,,,,0,940144
stadium,oct-ea,1792,haar-residual-d12-p0.5,gain,16384,13346,1,24.34025,0.5351424,,50176,940144
stadium,oct-ea,1792,haar-residual-d12-p0.5,gain,32768,13346,1,24.34025,0.5351424,,50176,940144
stadium,oct-ea,1792,haar-residual-d12-p0.5,gain,65536,53237,3,25.80452,0.6123268,,398336,940144
stadium,oct-ea,1792,haar-residual-d12-p0.5,gain,131072,122152,7,26.96771,0.6924197,,1315840,940144
stadium,oct-ea,1792,haar-residual-d12-p0.5,gain,262144,257519,16,27.9388,0.7695167,,3150848,940144
stadium,oct-ea,1792,haar-residual-d12-p0.5,gain,524288,511440,31,29.29976,0.8543764,,6624256,940144
stadium,oct-ea,1792,haar-residual-d12-p0.5,gain,940144,940144,71,31.28036,0.9263807,,17110016,940144
stadium,oct-ea,1792,haar-residual-d12-p0.5,view,8192,0,0,,,,0,940144
stadium,oct-ea,1792,haar-residual-d12-p0.5,view,16384,13346,1,24.34025,0.5351424,21.26014,50176,940144
stadium,oct-ea,1792,haar-residual-d12-p0.5,view,32768,13346,1,24.34025,0.5351424,21.26014,50176,940144
stadium,oct-ea,1792,haar-residual-d12-p0.5,view,65536,58308.42,3,26.46381,0.6554397,22.54926,477525.3,940144
stadium,oct-ea,1792,haar-residual-d12-p0.5,view,131072,125723.1,7.583333,28.28085,0.7766866,22.72567,1498795,940144
stadium,oct-ea,1792,haar-residual-d12-p0.5,view,262144,251942.9,19.91667,30.37813,0.8840624,23.10611,4494336,940144
stadium,oct-ea,1792,haar-residual-d12-p0.5,view,524288,514716.1,36.75,31.28036,0.9263807,26.42564,8202581,940144
stadium,oct-ea,1792,haar-residual-d12-p0.5,view,940144,940144,71,31.28036,0.9263807,29.36533,17110016,940144
stadium,oct-ea,1792,jpeg-residual-q80,level,8192,4120,1,23.89492,0.5286109,,50176,827715
stadium,oct-ea,1792,jpeg-residual-q80,level,16384,15323,2,25.48152,0.5770528,,250880,827715
stadium,oct-ea,1792,jpeg-residual-q80,level,32768,27128,3,26.21489,0.6033041,,513024,827715
stadium,oct-ea,1792,jpeg-residual-q80,level,65536,56679,6,27.29694,0.6735701,,1053696,827715
stadium,oct-ea,1792,jpeg-residual-q80,level,131072,130743,13,28.61787,0.7391136,,2757632,827715
stadium,oct-ea,1792,jpeg-residual-q80,level,262144,258445,24,29.6951,0.8173143,,4789248,827715
stadium,oct-ea,1792,jpeg-residual-q80,level,524288,516631,49,31.50393,0.8688521,,11342848,827715
stadium,oct-ea,1792,jpeg-residual-q80,level,827715,827715,71,33.15035,0.9306591,,17110016,827715
stadium,oct-ea,1792,jpeg-residual-q80,gain,8192,4120,1,23.89492,0.5286109,,50176,827715
stadium,oct-ea,1792,jpeg-residual-q80,gain,16384,15323,2,25.48152,0.5770528,,250880,827715
stadium,oct-ea,1792,jpeg-residual-q80,gain,32768,23719,3,25.73134,0.59857,,398336,827715
stadium,oct-ea,1792,jpeg-residual-q80,gain,65536,56679,6,27.29694,0.6735701,,1053696,827715
stadium,oct-ea,1792,jpeg-residual-q80,gain,131072,122018,12,28.0439,0.7214577,,2364416,827715
stadium,oct-ea,1792,jpeg-residual-q80,gain,262144,248188,23,29.4352,0.8166559,,4527104,827715
stadium,oct-ea,1792,jpeg-residual-q80,gain,524288,509406,39,30.58619,0.8659535,,8721408,827715
stadium,oct-ea,1792,jpeg-residual-q80,gain,827715,827715,71,33.15035,0.9306591,,17110016,827715
stadium,oct-ea,1792,jpeg-residual-q80,view,8192,4120,1,23.89492,0.5286109,20.94649,50176,827715
stadium,oct-ea,1792,jpeg-residual-q80,view,16384,15323,2,25.48152,0.5770528,22.32938,250880,827715
stadium,oct-ea,1792,jpeg-residual-q80,view,32768,26175.5,3,26.70095,0.6410964,22.46394,477525.3,827715
stadium,oct-ea,1792,jpeg-residual-q80,view,65536,59501.75,6.416667,28.55466,0.7402836,22.71144,1214805,827715
stadium,oct-ea,1792,jpeg-residual-q80,view,131072,124197.2,14.33333,30.89215,0.8376233,22.71242,3137195,827715
stadium,oct-ea,1792,jpeg-residual-q80,view,262144,256081,25.33333,32.86204,0.9193118,23.95648,5658965,827715
stadium,oct-ea,1792,jpeg-residual-q80,view,524288,515515.1,45.58333,33.15035,0.9306591,26.95341,10447190,827715
stadium,oct-ea,1792,jpeg-residual-q80,view,827715,827715,71,33.15035,0.9306591,30.21478,17110016,827715
stadium,oct-ea,1792,jpeg-replacement-q80,level,8192,4120,1,23.89492,0.5286109,,50176,1014486
stadium,oct-ea,1792,jpeg-replacement-q80,level,16384,4120,1,23.89492,0.5286109,,50176,1014486
stadium,oct-ea,1792,jpeg-replacement-q80,level,32768,18093,2,25.494,0.5771835,,250880,1014486
stadium,oct-ea,1792,jpeg-replacement-q80,level,65536,59448,5,27.0444,0.6522331,,906240,1014486
stadium,oct-ea,1792,jpeg-replacement-q80,level,131072,127635,9,27.92772,0.7181192,,1840128,1014486
stadium,oct-ea,1792,jpeg-replacement-q80,level,262144,261270,21,29.60774,0.8031833,,4199424,1014486
stadium,oct-ea,1792,jpeg-replacement-q80,level,524288,513907,35,30.63088,0.8519532,,7672832,1014486
stadium,oct-ea,1792,jpeg-replacement-q80,level,1014486,1014486,71,33.27109,0.9309516,,17110016,1014486
stadium,oct-ea,1792,jpeg-replacement-q80,gain,8192,4120,1,23.89492,0.5286109,,50176,1014486
stadium,oct-ea,1792,jpeg-replacement-q80,gain,16384,4120,1,23.89492,0.5286109,,50176,1014486
stadium,oct-ea,1792,jpeg-replacement-q80,gain,32768,28517,3,25.74063,0.5987211,,398336,1014486
stadium,oct-ea,1792,jpeg-replacement-q80,gain,65536,54969,5,26.46428,0.6474782,,791552,1014486
stadium,oct-ea,1792,jpeg-replacement-q80,gain,131072,128118,10,27.84175,0.7100136,,1840128,1014486
stadium,oct-ea,1792,jpeg-replacement-q80,gain,262144,253704,20,29.24169,0.8008532,,3871744,1014486
stadium,oct-ea,1792,jpeg-replacement-q80,gain,524288,499981,32,30.08611,0.8494245,,6886400,1014486
stadium,oct-ea,1792,jpeg-replacement-q80,gain,1014486,1014486,71,33.27109,0.9309516,,17110016,1014486
stadium,oct-ea,1792,jpeg-replacement-q80,view,8192,4120,1,23.89492,0.5286109,20.94649,50176,1014486
stadium,oct-ea,1792,jpeg-replacement-q80,view,16384,4120,1,23.89492,0.5286109,20.94649,50176,1014486
stadium,oct-ea,1792,jpeg-replacement-q80,view,32768,23043.92,2.416667,26.07569,0.6204291,22.33937,324608,1014486
stadium,oct-ea,1792,jpeg-replacement-q80,view,65536,57728.83,5,27.79083,0.6996111,22.62401,914432,1014486
stadium,oct-ea,1792,jpeg-replacement-q80,view,131072,122165.5,10.58333,29.96923,0.8124477,22.71197,2154155,1014486
stadium,oct-ea,1792,jpeg-replacement-q80,view,262144,254389.5,21.16667,32.59304,0.9038606,23.1054,4800171,1014486
stadium,oct-ea,1792,jpeg-replacement-q80,view,524288,516458.8,37.75,33.27109,0.9309516,26.66144,8442880,1014486
stadium,oct-ea,1792,jpeg-replacement-q80,view,1014486,1014486,71,33.27109,0.9309516,30.26432,17110016,1014486
stadium,oct-ea,1792,jpeg-replacement-q80,view-direct,8192,5036.333,1.416667,24.00655,0.5290949,20.94649,159402.7,1014486
stadium,oct-ea,1792,jpeg-replacement-q80,view-direct,16384,8662.583,2.5,24.55088,0.5363785,20.94649,443392,1014486
stadium,oct-ea,1792,jpeg-replacement-q80,view-direct,32768,25928.5,4.5,26.45364,0.5986046,20.94649,967680,1014486
stadium,oct-ea,1792,jpeg-replacement-q80,view-direct,65536,56864.42,7.083333,27.97841,0.7014618,21.06009,1634645,1014486
stadium,oct-ea,1792,jpeg-replacement-q80,view-direct,131072,118117.1,11.08333,30.74042,0.8390611,21.53561,2606421,1014486
stadium,oct-ea,1792,jpeg-replacement-q80,view-direct,262144,253872.4,19.91667,33.06842,0.9239634,23.11659,4721323,1014486
stadium,oct-ea,1792,jpeg-replacement-q80,view-direct,524288,516430.7,37.66667,33.27109,0.9309516,26.69097,8475648,1014486
stadium,oct-ea,1792,jpeg-replacement-q80,view-direct,1014486,1014486,71,33.27109,0.9309516,30.26432,17110016,1014486
stadium,oct-ea,1792,webp-replacement-q80,level,8192,3426,1,23.80643,0.532565,,50176,880210
stadium,oct-ea,1792,webp-replacement-q80,level,16384,15200,2,25.49823,0.5838305,,250880,880210
stadium,oct-ea,1792,webp-replacement-q80,level,32768,27326,3,26.24148,0.6096588,,513024,880210
stadium,oct-ea,1792,webp-replacement-q80,level,65536,58518,6,27.35821,0.6817221,,1053696,880210
stadium,oct-ea,1792,webp-replacement-q80,level,131072,120362,10,28.01552,0.7326901,,1971200,880210
stadium,oct-ea,1792,webp-replacement-q80,level,262144,254308,23,29.69867,0.819434,,4527104,880210
stadium,oct-ea,1792,webp-replacement-q80,level,524288,512420,42,31.13121,0.8655563,,9507840,880210
stadium,oct-ea,1792,webp-replacement-q80,level,880210,880210,71,33.07128,0.9315861,,17110016,880210
stadium,oct-ea,1792,webp-replacement-q80,gain,8192,3426,1,23.80643,0.532565,,50176,880210
stadium,oct-ea,1792,webp-replacement-q80,gain,16384,15200,2,25.49823,0.5838305,,250880,880210
stadium,oct-ea,1792,webp-replacement-q80,gain,32768,27160,3,25.81385,0.6086381,,447488,880210
stadium,oct-ea,1792,webp-replacement-q80,gain,65536,65170,7,27.46297,0.6851498,,1315840,880210
stadium,oct-ea,1792,webp-replacement-q80,gain,131072,128322,13,28.24871,0.7309963,,2626560,880210
stadium,oct-ea,1792,webp-replacement-q80,gain,262144,259378,24,29.54738,0.8187432,,4789248,880210
stadium,oct-ea,1792,webp-replacement-q80,gain,524288,506406,40,30.65198,0.8655224,,8983552,880210
stadium,oct-ea,1792,webp-replacement-q80,gain,880210,880210,71,33.07128,0.9315861,,17110016,880210
stadium,oct-ea,1792,webp-replacement-q80,view,8192,3426,1,23.80643,0.532565,20.92334,50176,880210
stadium,oct-ea,1792,webp-replacement-q80,view,16384,15200,2,25.49823,0.5838305,22.35479,250880,880210
stadium,oct-ea,1792,webp-replacement-q80,view,32768,26475.5,3,26.75014,0.648738,22.49451,477525.3,880210
stadium,oct-ea,1792,webp-replacement-q80,view,65536,58472.83,6.25,28.42057,0.7377054,22.74158,1171115,880210
stadium,oct-ea,1792,webp-replacement-q80,view,131072,120627,15,30.78124,0.8320696,22.7425,3311957,880210
stadium,oct-ea,1792,webp-replacement-q80,view,262144,251956.8,24.41667,32.59146,0.9117454,23.77336,5433685,880210
stadium,oct-ea,1792,webp-replacement-q80,view,524288,516205.7,42.16667,33.07128,0.9315861,26.85372,9551531,880210
stadium,oct-ea,1792,webp-replacement-q80,view,880210,880210,71,33.07128,0.9315861,30.29744,17110016,880210
stadium,oct-ea,1792,webp-replacement-q80,view-direct,8192,4449.167,2.416667,24.3944,0.5332635,20.92334,421546.7,880210
stadium,oct-ea,1792,webp-replacement-q80,view-direct,16384,9298.5,4.166667,25.84548,0.549847,20.92334,880298.7,880210
stadium,oct-ea,1792,webp-replacement-q80,view-direct,32768,26747.83,5.916667,26.72755,0.6240615,20.97827,1333931,880210
stadium,oct-ea,1792,webp-replacement-q80,view-direct,65536,57416.33,8.083333,28.3726,0.7296566,21.17576,1875285,880210
stadium,oct-ea,1792,webp-replacement-q80,view-direct,131072,122779.8,12.75,31.06786,0.8569543,21.76047,3021483,880210
stadium,oct-ea,1792,webp-replacement-q80,view-direct,262144,253357.8,23.16667,32.90542,0.9257487,23.94951,5336064,880210
stadium,oct-ea,1792,webp-replacement-q80,view-direct,524288,516205.7,42.16667,33.07128,0.9315861,26.85372,9551531,880210
stadium,oct-ea,1792,webp-replacement-q80,view-direct,880210,880210,71,33.07128,0.9315861,30.29744,17110016,880210
stadium,oct-ea,1792,jpeg-replacement-q80-whole,level,8192,4120,1,23.89492,0.5286109,,50176,1002439
stadium,oct-ea,1792,jpeg-replacement-q80-whole,level,16384,4120,1,23.89492,0.5286109,,50176,1002439
stadium,oct-ea,1792,jpeg-replacement-q80-whole,level,32768,18093,2,25.494,0.5771835,,250880,1002439
stadium,oct-ea,1792,jpeg-replacement-q80-whole,level,65536,18093,2,25.494,0.5771835,,250880,1002439
stadium,oct-ea,1792,jpeg-replacement-q80-whole,level,131072,68743,3,27.32429,0.6737798,,1053696,1002439
stadium,oct-ea,1792,jpeg-replacement-q80-whole,level,262144,261843,4,29.65268,0.8090243,,4264960,1002439
stadium,oct-ea,1792,jpeg-replacement-q80-whole,level,524288,261843,4,29.65268,0.8090243,,4264960,1002439
stadium,oct-ea,1792,jpeg-replacement-q80-whole,level,1002439,1002439,5,33.27263,0.9309521,,17110016,1002439
stadium,oct-ea,1792,jpeg-replacement-q80-whole,gain,8192,4120,1,23.89492,0.5286109,,50176,1002439
stadium,oct-ea,1792,jpeg-replacement-q80-whole,gain,16384,4120,1,23.89492,0.5286109,,50176,1002439
stadium,oct-ea,1792,jpeg-replacement-q80-whole,gain,32768,18093,2,25.494,0.5771835,,250880,1002439
stadium,oct-ea,1792,jpeg-replacement-q80-whole,gain,65536,18093,2,25.494,0.5771835,,250880,1002439
stadium,oct-ea,1792,jpeg-replacement-q80-whole,gain,131072,68743,3,27.32429,0.6737798,,1053696,1002439
stadium,oct-ea,1792,jpeg-replacement-q80-whole,gain,262144,261843,4,29.65268,0.8090243,,4264960,1002439
stadium,oct-ea,1792,jpeg-replacement-q80-whole,gain,524288,261843,4,29.65268,0.8090243,,4264960,1002439
stadium,oct-ea,1792,jpeg-replacement-q80-whole,gain,1002439,1002439,5,33.27263,0.9309521,,17110016,1002439
stadium,oct-ea,1792,jpeg-replacement-q80-whole,view,8192,4120,1,23.89492,0.5286109,20.94649,50176,1002439
stadium,oct-ea,1792,jpeg-replacement-q80-whole,view,16384,4120,1,23.89492,0.5286109,20.94649,50176,1002439
stadium,oct-ea,1792,jpeg-replacement-q80-whole,view,32768,18093,2,25.494,0.5771835,22.33937,250880,1002439
stadium,oct-ea,1792,jpeg-replacement-q80-whole,view,65536,18093,2,25.494,0.5771835,22.33937,250880,1002439
stadium,oct-ea,1792,jpeg-replacement-q80-whole,view,131072,68743,3,27.32429,0.6737798,24.03054,1053696,1002439
stadium,oct-ea,1792,jpeg-replacement-q80-whole,view,262144,261843,4,29.65268,0.8090243,26.40322,4264960,1002439
stadium,oct-ea,1792,jpeg-replacement-q80-whole,view,524288,261843,4,29.65268,0.8090243,26.40322,4264960,1002439
stadium,oct-ea,1792,jpeg-replacement-q80-whole,view,1002439,1002439,5,33.27263,0.9309521,30.26522,17110016,1002439
stadium,oct-ea,1792,jpeg-replacement-q80-whole,view-direct,8192,4120,1,23.89492,0.5286109,20.94649,50176,1002439
stadium,oct-ea,1792,jpeg-replacement-q80-whole,view-direct,16384,4120,1,23.89492,0.5286109,20.94649,50176,1002439
stadium,oct-ea,1792,jpeg-replacement-q80-whole,view-direct,32768,4120,1,23.89492,0.5286109,20.94649,50176,1002439
stadium,oct-ea,1792,jpeg-replacement-q80-whole,view-direct,65536,4120,1,23.89492,0.5286109,20.94649,50176,1002439
stadium,oct-ea,1792,jpeg-replacement-q80-whole,view-direct,131072,4120,1,23.89492,0.5286109,20.94649,50176,1002439
stadium,oct-ea,1792,jpeg-replacement-q80-whole,view-direct,262144,4120,1,23.89492,0.5286109,20.94649,50176,1002439
stadium,oct-ea,1792,jpeg-replacement-q80-whole,view-direct,524288,4120,1,23.89492,0.5286109,20.94649,50176,1002439
stadium,oct-ea,1792,jpeg-replacement-q80-whole,view-direct,1002439,1002439,5,33.27263,0.9309521,30.26522,17110016,1002439
superblock,oct-ea,1792,exact,all,,9633792,,30.80726,0.9527026,,,
superblock,oct-ea,1792,exact,coarse,,37632,,18.8508,0.2749635,,,
superblock,oct-ea,1792,haar-residual-d12,level,8192,0,0,,,,0,1677161
superblock,oct-ea,1792,haar-residual-d12,level,16384,0,0,,,,0,1677161
superblock,oct-ea,1792,haar-residual-d12,level,32768,26618,1,18.84995,0.2749769,,50176,1677161
superblock,oct-ea,1792,haar-residual-d12,level,65536,26618,1,18.84995,0.2749769,,50176,1677161
superblock,oct-ea,1792,haar-residual-d12,level,131072,83139,2,20.08561,0.3670982,,250880,1677161
superblock,oct-ea,1792,haar-residual-d12,level,262144,253259,6,21.94147,0.5610772,,1053696,1677161
superblock,oct-ea,1792,haar-residual-d12,level,524288,494095,14,23.75621,0.7009632,,2888704,1677161
superblock,oct-ea,1792,haar-residual-d12,level,1048576,1042202,43,26.45141,0.8519449,,9769984,1677161
superblock,oct-ea,1792,haar-residual-d12,level,1677161,1677161,71,29.52962,0.945456,,17110016,1677161
superblock,oct-ea,1792,haar-residual-d12,gain,8192,0,0,,,,0,1677161
superblock,oct-ea,1792,haar-residual-d12,gain,16384,0,0,,,,0,1677161
superblock,oct-ea,1792,haar-residual-d12,gain,32768,26618,1,18.84995,0.2749769,,50176,1677161
superblock,oct-ea,1792,haar-residual-d12,gain,65536,26618,1,18.84995,0.2749769,,50176,1677161
superblock,oct-ea,1792,haar-residual-d12,gain,131072,126842,3,20.44031,0.4104006,,447488,1677161
superblock,oct-ea,1792,haar-residual-d12,gain,262144,253259,6,21.94147,0.5610772,,1053696,1677161
superblock,oct-ea,1792,haar-residual-d12,gain,524288,516742,14,23.77862,0.7053007,,2692096,1677161
superblock,oct-ea,1792,haar-residual-d12,gain,1048576,1037556,35,26.3137,0.842026,,7672832,1677161
superblock,oct-ea,1792,haar-residual-d12,gain,1677161,1677161,71,29.52962,0.945456,,17110016,1677161
superblock,oct-ea,1792,haar-residual-d12,view,8192,0,0,,,,0,1677161
superblock,oct-ea,1792,haar-residual-d12,view,16384,0,0,,,,0,1677161
superblock,oct-ea,1792,haar-residual-d12,view,32768,26618,1,18.84995,0.2749769,18.92034,50176,1677161
superblock,oct-ea,1792,haar-residual-d12,view,65536,26618,1,18.84995,0.2749769,18.92034,50176,1677161
superblock,oct-ea,1792,haar-residual-d12,view,131072,99383.92,2.416667,20.6315,0.428051,20.08641,324608,1677161
superblock,oct-ea,1792,haar-residual-d12,view,262144,248864.4,6.333333,23.22547,0.6621922,20.53914,1182037,1677161
superblock,oct-ea,1792,haar-residual-d12,view,524288,511307.3,17.41667,27.96574,0.8981099,20.54025,3923627,1677161
superblock,oct-ea,1792,haar-residual-d12,view,1048576,1042582,39.75,29.52962,0.945456,24.95105,8918016,1677161
superblock,oct-ea,1792,haar-residual-d12,view,1677161,1677161,71,29.52962,0.945456,29.25875,17110016,1677161
superblock,oct-ea,1792,haar-residual-d12-p0.5,level,8192,0,0,,,,0,1514573
superblock,oct-ea,1792,haar-residual-d12-p0.5,level,16384,0,0,,,,0,1514573
superblock,oct-ea,1792,haar-residual-d12-p0.5,level,32768,17387,1,18.82681,0.2747765,,50176,1514573
superblock,oct-ea,1792,haar-residual-d12-p0.5,level,65536,54479,2,20.02563,0.3661093,,250880,1514573
superblock,oct-ea,1792,haar-residual-d12-p0.5,level,131072,119997,4,21.12507,0.4829823,,709632,1514573
superblock,oct-ea,1792,haar-residual-d12-p0.5,level,262144,256897,10,22.36946,0.6068035,,1971200,1514573
superblock,oct-ea,1792,haar-residual-d12-p0.5,level,524288,519047,20,24.41829,0.7758673,,4068352,1514573
superblock,oct-ea,1792,haar-residual-d12-p0.5,level,1048576,1033849,49,26.63988,0.8744248,,11342848,1514573
superblock,oct-ea,1792,haar-residual-d12-p0.5,level,1514573,1514573,71,28.33401,0.9386693,,17110016,1514573
superblock,oct-ea,1792,haar-residual-d12-p0.5,gain,8192,0,0,,,,0,1514573
superblock,oct-ea,1792,haar-residual-d12-p0.5,gain,16384,0,0,,,,0,1514573
superblock,oct-ea,1792,haar-residual-d12-p0.5,gain,32768,17387,1,18.82681,0.2747765,,50176,1514573
superblock,oct-ea,1792,haar-residual-d12-p0.5,gain,65536,54479,2,20.02563,0.3661093,,250880,1514573
superblock,oct-ea,1792,haar-residual-d12-p0.5,gain,131072,121965,4,21.03752,0.4809055,,709632,1514573
superblock,oct-ea,1792,haar-residual-d12-p0.5,gain,262144,252557,8,22.18489,0.593357,,1577984,1514573
superblock,oct-ea,1792,haar-residual-d12-p0.5,gain,524288,514917,20,24.43316,0.7736321,,4002816,1514573
superblock,oct-ea,1792,haar-residual-d12-p0.5,gain,1048576,1039714,42,26.33804,0.8637467,,9507840,1514573
superblock,oct-ea,1792,haar-residual-d12-p0.5,gain,1514573,1514573,71,28.33401,0.9386693,,17110016,1514573
superblock,oct-ea,1792,haar-residual-d12-p0.5,view,8192,0,0,,,,0,1514573
superblock,oct-ea,1792,haar-residual-d12-p0.5,view,16384,0,0,,,,0,1514573
superblock,oct-ea,1792,haar-residual-d12-p0.5,view,32768,17387,1,18.82681,0.2747765,18.89722,50176,1514573
superblock,oct-ea,1792,haar-residual-d12-p0.5,view,65536,54479,2,20.02563,0.3661093,20.02747,250880,1514573
superblock,oct-ea,1792,haar-residual-d12-p0.5,view,131072,118977.8,4,21.62839,0.5395431,20.21339,690517.3,1514573
superblock,oct-ea,1792,haar-residual-d12-p0.5,view,262144,251274.8,9.25,24.44499,0.7801283,20.45379,1804629,1514573
superblock,oct-ea,1792,haar-residual-d12-p0.5,view,524288,509494.8,21.41667,27.93966,0.9285276,21.31551,4905301,1514573
superblock,oct-ea,1792,haar-residual-d12-p0.5,view,1048576,1038612,49.25,28.33401,0.9386693,25.09424,11408384,1514573
superblock,oct-ea,1792,haar-residual-d12-p0.5,view,1514573,1514573,71,28.33401,0.9386693,28.09652,17110016,1514573
superblock,oct-ea,1792,jpeg-residual-q80,level,8192,4688,1,18.26204,0.2663392,,50176,1119094
superblock,oct-ea,1792,jpeg-residual-q80,level,16384,4688,1,18.26204,0.2663392,,50176,1119094
superblock,oct-ea,1792,jpeg-residual-q80,level,32768,18549,2,19.40416,0.3473441,,250880,1119094
superblock,oct-ea,1792,jpeg-residual-q80,level,65536,63745,5,20.75802,0.5014254,,906240,1119094
superblock,oct-ea,1792,jpeg-residual-q80,level,131072,127142,10,21.59016,0.5833661,,1971200,1119094
superblock,oct-ea,1792,jpeg-residual-q80,level,262144,258189,17,23.272,0.733495,,3675136,1119094
superblock,oct-ea,1792,jpeg-residual-q80,level,524288,521531,38,24.59181,0.8172596,,8459264,1119094
superblock,oct-ea,1792,jpeg-residual-q80,level,1048576,1042137,67,27.60981,0.9268934,,16061440,1119094
superblock,oct-ea,1792,jpeg-residual-q80,level,1119094,1119094,71,27.95953,0.9391471,,17110016,1119094
superblock,oct-ea,1792,jpeg-residual-q80,gain,8192,4688,1,18.26204,0.2663392,,50176,1119094
superblock,oct-ea,1792,jpeg-residual-q80,gain,16384,4688,1,18.26204,0.2663392,,50176,1119094
superblock,oct-ea,1792,jpeg-residual-q80,gain,32768,18549,2,19.40416,0.3473441,,250880,1119094
superblock,oct-ea,1792,jpeg-residual-q80,gain,65536,63745,5,20.75802,0.5014254,,906240,1119094
superblock,oct-ea,1792,jpeg-residual-q80,gain,131072,119379,8,21.35637,0.5681386,,1577984,1119094
superblock,oct-ea,1792,jpeg-residual-q80,gain,262144,257099,18,23.30141,0.7378899,,3609600,1119094
superblock,oct-ea,1792,jpeg-residual-q80,gain,524288,507501,32,24.57352,0.8081912,,6886400,1119094
superblock,oct-ea,1792,jpeg-residual-q80,gain,1048576,1035702,65,27.51949,0.9228483,,15537152,1119094
superblock,oct-ea,1792,jpeg-residual-q80,gain,1119094,1119094,71,27.95953,0.9391471,,17110016,1119094
superblock,oct-ea,1792,jpeg-residual-q80,view,8192,4688,1,18.26204,0.2663392,18.41956,50176,1119094
superblock,oct-ea,1792,jpeg-residual-q80,view,16384,4688,1,18.26204,0.2663392,18.41956,50176,1119094
superblock,oct-ea,1792,jpeg-residual-q80,view,32768,22664,2.333333,19.7924,0.3921647,19.46972,308224,1119094
superblock,oct-ea,1792,jpeg-residual-q80,view,65536,58404.58,4.666667,21.26487,0.5507836,19.74003,837973.3,1119094
superblock,oct-ea,1792,jpeg-residual-q80,view,131072,121646.7,8.916667,23.38877,0.7565266,19.84818,1728171,1119094
superblock,oct-ea,1792,jpeg-residual-q80,view,262144,254247.1,17,26.66505,0.8990181,19.84915,3814400,1119094
superblock,oct-ea,1792,jpeg-residual-q80,view,524288,517420.6,34.91667,27.95953,0.9391471,23.49044,7689216,1119094
superblock,oct-ea,1792,jpeg-residual-q80,view,1048576,1041205,66.83333,27.95953,0.9391471,27.02433,16017750,1119094
superblock,oct-ea,1792,jpeg-residual-q80,view,1119094,1119094,71,27.95953,0.9391471,27.83695,17110016,1119094
superblock,oct-ea,1792,jpeg-replacement-q80,level,8192,4688,1,18.26204,0.2663392,,50176,1369822
superblock,oct-ea,1792,jpeg-replacement-q80,level,16384,4688,1,18.26204,0.2663392,,50176,1369822
superblock,oct-ea,1792,jpeg-replacement-q80,level,32768,21843,2,19.40045,0.3475955,,250880,1369822
superblock,oct-ea,1792,jpeg-replacement-q80,level,65536,59308,4,20.40439,0.4608395,,709632,1369822
superblock,oct-ea,1792,jpeg-replacement-q80,level,131072,124754,8,21.2436,0.5575961,,1577984,1369822
superblock,oct-ea,1792,jpeg-replacement-q80,level,262144,259136,15,22.75052,0.697837,,3150848,1369822
superblock,oct-ea,1792,jpeg-replacement-q80,level,524288,521512,30,24.12151,0.8029462,,6362112,1369822
superblock,oct-ea,1792,jpeg-replacement-q80,level,1048576,1043225,56,26.84695,0.8918869,,13177856,1369822
superblock,oct-ea,1792,jpeg-replacement-q80,level,1369822,1369822,71,27.91866,0.939217,,17110016,1369822
superblock,oct-ea,1792,jpeg-replacement-q80,gain,8192,4688,1,18.26204,0.2663392,,50176,1369822
superblock,oct-ea,1792,jpeg-replacement-q80,gain,16384,4688,1,18.26204,0.2663392,,50176,1369822
superblock,oct-ea,1792,jpeg-replacement-q80,gain,32768,21843,2,19.40045,0.3475955,,250880,1369822
superblock,oct-ea,1792,jpeg-replacement-q80,gain,65536,55981,4,20.10749,0.4321727,,644096,1369822
superblock,oct-ea,1792,jpeg-replacement-q80,gain,131072,118158,7,21.19685,0.5518702,,1315840,1369822
superblock,oct-ea,1792,jpeg-replacement-q80,gain,262144,249378,13,22.58692,0.6824964,,2757632,1369822
superblock,oct-ea,1792,jpeg-replacement-q80,gain,524288,519999,28,24.25099,0.7978134,,5837824,1369822
superblock,oct-ea,1792,jpeg-replacement-q80,gain,1048576,1042201,52,26.48155,0.8858233,,12129280,1369822
superblock,oct-ea,1792,jpeg-replacement-q80,gain,1369822,1369822,71,27.91866,0.939217,,17110016,1369822
superblock,oct-ea,1792,jpeg-replacement-q80,view,8192,4688,1,18.26204,0.2663392,18.41956,50176,1369822
superblock,oct-ea,1792,jpeg-replacement-q80,view,16384,4688,1,18.26204,0.2663392,18.41956,50176,1369822
superblock,oct-ea,1792,jpeg-replacement-q80,view,32768,21843,2,19.40045,0.3475955,19.47048,250880,1369822
superblock,oct-ea,1792,jpeg-replacement-q80,view,65536,58581,4,20.85581,0.5143583,19.63378,690517.3,1369822
superblock,oct-ea,1792,jpeg-replacement-q80,view,131072,118673.6,7.333333,22.75985,0.7045725,19.84695,1411413,1369822
superblock,oct-ea,1792,jpeg-replacement-q80,view,262144,251981.6,14.33333,25.46212,0.8557385,19.84789,3115349,1369822
superblock,oct-ea,1792,jpeg-replacement-q80,view,524288,514129.9,27.75,27.91866,0.939217,21.89663,6383957,1369822
superblock,oct-ea,1792,jpeg-replacement-q80,view,1048576,1039157,56.16667,27.91866,0.939217,25.30202,13221550,1369822
superblock,oct-ea,1792,jpeg-replacement-q80,view,1369822,1369822,71,27.91866,0.939217,27.80069,17110016,1369822
superblock,oct-ea,1792,jpeg-replacement-q80,view-direct,8192,4688,1,18.26204,0.2663392,18.41956,50176,1369822
superblock,oct-ea,1792,jpeg-replacement-q80,view-direct,16384,5618.5,1.083333,18.32688,0.2708414,18.41956,72021.33,1369822
superblock,oct-ea,1792,jpeg-replacement-q80,view-direct,32768,27718.42,2.083333,19.00206,0.3796583,18.41956,334165.3,1369822
superblock,oct-ea,1792,jpeg-replacement-q80,view-direct,65536,55625.75,3.5,20.10478,0.5104932,18.41956,705536,1369822
superblock,oct-ea,1792,jpeg-replacement-q80,view-direct,131072,121304.3,6.75,23.12778,0.7722135,18.41956,1557504,1369822
superblock,oct-ea,1792,jpeg-replacement-q80,view-direct,262144,250552,13.33333,27.72764,0.9334484,19.06788,3241643,1369822
superblock,oct-ea,1792,jpeg-replacement-q80,view-direct,524288,512517.5,27.5,27.91866,0.939217,22.65207,6394880,1369822
superblock,oct-ea,1792,jpeg-replacement-q80,view-direct,1048576,1039157,56.16667,27.91866,0.939217,25.30202,13221550,1369822
superblock,oct-ea,1792,jpeg-replacement-q80,view-direct,1369822,1369822,71,27.91866,0.939217,27.80069,17110016,1369822
superblock,oct-ea,1792,webp-replacement-q80,level,8192,4332,1,18.4036,0.2716302,,50176,1324408
superblock,oct-ea,1792,webp-replacement-q80,level,16384,4332,1,18.4036,0.2716302,,50176,1324408
superblock,oct-ea,1792,webp-replacement-q80,level,32768,20974,2,19.55675,0.3586503,,250880,1324408
superblock,oct-ea,1792,webp-replacement-q80,level,65536,56252,4,20.578,0.4726232,,709632,1324408
superblock,oct-ea,1792,webp-replacement-q80,level,131072,119270,8,21.44611,0.5703078,,1577984,1324408
superblock,oct-ea,1792,webp-replacement-q80,level,262144,247944,15,23.01954,0.7083215,,3150848,1324408
superblock,oct-ea,1792,webp-replacement-q80,level,524288,524044,31,24.48577,0.8129466,,6624256,1324408
superblock,oct-ea,1792,webp-replacement-q80,level,1048576,1039568,58,27.4243,0.9035997,,13702144,1324408
superblock,oct-ea,1792,webp-replacement-q80,level,1324408,1324408,71,28.44993,0.9418298,,17110016,1324408
superblock,oct-ea,1792,webp-replacement-q80,gain,8192,4332,1,18.4036,0.2716302,,50176,1324408
superblock,oct-ea,1792,webp-replacement-q80,gain,16384,4332,1,18.4036,0.2716302,,50176,1324408
superblock,oct-ea,1792,webp-replacement-q80,gain,32768,20974,2,19.55675,0.3586503,,250880,1324408
superblock,oct-ea,1792,webp-replacement-q80,gain,65536,53534,4,20.27541,0.4443305,,644096,1324408
superblock,oct-ea,1792,webp-replacement-q80,gain,131072,115546,7,21.40095,0.5653591,,1315840,1324408
superblock,oct-ea,1792,webp-replacement-q80,gain,262144,248512,14,23.13068,0.699344,,3019776,1324408
superblock,oct-ea,1792,webp-replacement-q80,gain,524288,509346,28,24.58408,0.805458,,5837824,1324408
superblock,oct-ea,1792,webp-replacement-q80,gain,1048576,1039582,55,27.17782,0.8962368,,12915712,1324408
superblock,oct-ea,1792,webp-replacement-q80,gain,1324408,1324408,71,28.44993,0.9418298,,17110016,1324408
superblock,oct-ea,1792,webp-replacement-q80,view,8192,4332,1,18.4036,0.2716302,18.53783,50176,1324408
superblock,oct-ea,1792,webp-replacement-q80,view,16384,4332,1,18.4036,0.2716302,18.53783,50176,1324408
superblock,oct-ea,1792,webp-replacement-q80,view,32768,20974,2,19.55675,0.3586503,19.61235,250880,1324408
superblock,oct-ea,1792,webp-replacement-q80,view,65536,56050.67,4,21.04692,0.527768,19.78006,690517.3,1324408
superblock,oct-ea,1792,webp-replacement-q80,view,131072,121657,7.666667,23.20637,0.7241066,19.99832,1487872,1324408
superblock,oct-ea,1792,webp-replacement-q80,view,262144,247026.3,14.58333,25.92108,0.8635618,19.99927,3180885,1324408
superblock,oct-ea,1792,webp-replacement-q80,view,524288,516727.8,29,28.44993,0.9418298,22.50812,6618795,1324408
superblock,oct-ea,1792,webp-replacement-q80,view,1048576,1041125,58.16667,28.44993,0.9418298,26.05173,13745830,1324408
superblock,oct-ea,1792,webp-replacement-q80,view,1324408,1324408,71,28.44993,0.9418298,28.35012,17110016,1324408
superblock,oct-ea,1792,webp-replacement-q80,view-direct,8192,4332,1,18.4036,0.2716302,18.53783,50176,1324408
superblock,oct-ea,1792,webp-replacement-q80,view-direct,16384,5041.5,1.083333,18.46611,0.276036,18.53783,72021.33,1324408
superblock,oct-ea,1792,webp-replacement-q80,view-direct,32768,27720.67,2.166667,19.23806,0.3910795,18.53783,356010.7,1324408
superblock,oct-ea,1792,webp-replacement-q80,view-direct,65536,55209,3.75,20.55615,0.5265506,18.53783,771072,1324408
superblock,oct-ea,1792,webp-replacement-q80,view-direct,131072,122871.5,7.083333,23.94604,0.7873289,18.53783,1644885,1324408
superblock,oct-ea,1792,webp-replacement-q80,view-direct,262144,253584.2,14,28.23981,0.9362889,19.37323,3390464,1324408
superblock,oct-ea,1792,webp-replacement-q80,view-direct,524288,512328.2,28.58333,28.44993,0.9418298,23.03421,6596949,1324408
superblock,oct-ea,1792,webp-replacement-q80,view-direct,1048576,1041125,58.16667,28.44993,0.9418298,26.05173,13745830,1324408
superblock,oct-ea,1792,webp-replacement-q80,view-direct,1324408,1324408,71,28.44993,0.9418298,28.35012,17110016,1324408
superblock,oct-ea,1792,jpeg-replacement-q80-whole,level,8192,4688,1,18.26204,0.2663392,,50176,1350218
superblock,oct-ea,1792,jpeg-replacement-q80-whole,level,16384,4688,1,18.26204,0.2663392,,50176,1350218
superblock,oct-ea,1792,jpeg-replacement-q80-whole,level,32768,21843,2,19.40045,0.3475955,,250880,1350218
superblock,oct-ea,1792,jpeg-replacement-q80-whole,level,65536,21843,2,19.40045,0.3475955,,250880,1350218
superblock,oct-ea,1792,jpeg-replacement-q80-whole,level,131072,89450,3,20.98722,0.5325427,,1053696,1350218
superblock,oct-ea,1792,jpeg-replacement-q80-whole,level,262144,89450,3,20.98722,0.5325427,,1053696,1350218
superblock,oct-ea,1792,jpeg-replacement-q80-whole,level,524288,358178,4,23.59257,0.7737889,,4264960,1350218
superblock,oct-ea,1792,jpeg-replacement-q80-whole,level,1048576,358178,4,23.59257,0.7737889,,4264960,1350218
superblock,oct-ea,1792,jpeg-replacement-q80-whole,level,1350218,1350218,5,27.91989,0.9392201,,17110016,1350218
superblock,oct-ea,1792,jpeg-replacement-q80-whole,gain,8192,4688,1,18.26204,0.2663392,,50176,1350218
superblock,oct-ea,1792,jpeg-replacement-q80-whole,gain,16384,4688,1,18.26204,0.2663392,,50176,1350218
superblock,oct-ea,1792,jpeg-replacement-q80-whole,gain,32768,21843,2,19.40045,0.3475955,,250880,1350218
superblock,oct-ea,1792,jpeg-replacement-q80-whole,gain,65536,21843,2,19.40045,0.3475955,,250880,1350218
superblock,oct-ea,1792,jpeg-replacement-q80-whole,gain,131072,89450,3,20.98722,0.5325427,,1053696,1350218
superblock,oct-ea,1792,jpeg-replacement-q80-whole,gain,262144,89450,3,20.98722,0.5325427,,1053696,1350218
superblock,oct-ea,1792,jpeg-replacement-q80-whole,gain,524288,358178,4,23.59257,0.7737889,,4264960,1350218
superblock,oct-ea,1792,jpeg-replacement-q80-whole,gain,1048576,358178,4,23.59257,0.7737889,,4264960,1350218
superblock,oct-ea,1792,jpeg-replacement-q80-whole,gain,1350218,1350218,5,27.91989,0.9392201,,17110016,1350218
superblock,oct-ea,1792,jpeg-replacement-q80-whole,view,8192,4688,1,18.26204,0.2663392,18.41956,50176,1350218
superblock,oct-ea,1792,jpeg-replacement-q80-whole,view,16384,4688,1,18.26204,0.2663392,18.41956,50176,1350218
superblock,oct-ea,1792,jpeg-replacement-q80-whole,view,32768,21843,2,19.40045,0.3475955,19.47048,250880,1350218
superblock,oct-ea,1792,jpeg-replacement-q80-whole,view,65536,21843,2,19.40045,0.3475955,19.47048,250880,1350218
superblock,oct-ea,1792,jpeg-replacement-q80-whole,view,131072,89450,3,20.98722,0.5325427,20.97237,1053696,1350218
superblock,oct-ea,1792,jpeg-replacement-q80-whole,view,262144,89450,3,20.98722,0.5325427,20.97237,1053696,1350218
superblock,oct-ea,1792,jpeg-replacement-q80-whole,view,524288,358178,4,23.59257,0.7737889,23.51086,4264960,1350218
superblock,oct-ea,1792,jpeg-replacement-q80-whole,view,1048576,358178,4,23.59257,0.7737889,23.51086,4264960,1350218
superblock,oct-ea,1792,jpeg-replacement-q80-whole,view,1350218,1350218,5,27.91989,0.9392201,27.80189,17110016,1350218
superblock,oct-ea,1792,jpeg-replacement-q80-whole,view-direct,8192,4688,1,18.26204,0.2663392,18.41956,50176,1350218
superblock,oct-ea,1792,jpeg-replacement-q80-whole,view-direct,16384,4688,1,18.26204,0.2663392,18.41956,50176,1350218
superblock,oct-ea,1792,jpeg-replacement-q80-whole,view-direct,32768,4688,1,18.26204,0.2663392,18.41956,50176,1350218
superblock,oct-ea,1792,jpeg-replacement-q80-whole,view-direct,65536,4688,1,18.26204,0.2663392,18.41956,50176,1350218
superblock,oct-ea,1792,jpeg-replacement-q80-whole,view-direct,131072,4688,1,18.26204,0.2663392,18.41956,50176,1350218
superblock,oct-ea,1792,jpeg-replacement-q80-whole,view-direct,262144,4688,1,18.26204,0.2663392,18.41956,50176,1350218
superblock,oct-ea,1792,jpeg-replacement-q80-whole,view-direct,524288,4688,1,18.26204,0.2663392,18.41956,50176,1350218
superblock,oct-ea,1792,jpeg-replacement-q80-whole,view-direct,1048576,1013883,3,27.91989,0.9392201,27.80189,13095936,1350218
superblock,oct-ea,1792,jpeg-replacement-q80-whole,view-direct,1350218,1350218,5,27.91989,0.9392201,27.80189,17110016,1350218
northrop-mall,toast,2048,exact,all,,12582912,,32.61364,0.9648725,,,
northrop-mall,toast,2048,exact,coarse,,49152,,21.2487,0.4870293,,,
northrop-mall,toast,2048,haar-residual-d12,level,8192,0,0,,,,0,1710331
northrop-mall,toast,2048,haar-residual-d12,level,16384,0,0,,,,0,1710331
northrop-mall,toast,2048,haar-residual-d12,level,32768,31453,1,21.22982,0.4869975,,65536,1710331
northrop-mall,toast,2048,haar-residual-d12,level,65536,31453,1,21.22982,0.4869975,,65536,1710331
northrop-mall,toast,2048,haar-residual-d12,level,131072,89678,2,22.53965,0.5653347,,327680,1710331
northrop-mall,toast,2048,haar-residual-d12,level,262144,256132,6,24.30382,0.703629,,1376256,1710331
northrop-mall,toast,2048,haar-residual-d12,level,524288,523842,17,26.35112,0.8004698,,4259840,1710331
northrop-mall,toast,2048,haar-residual-d12,level,1048576,1038239,37,28.21656,0.8927129,,9502720,1710331
northrop-mall,toast,2048,haar-residual-d12,level,1710331,1710331,86,31.37886,0.9567633,,22347776,1710331
northrop-mall,toast,2048,haar-residual-d12,gain,8192,0,0,,,,0,1710331
northrop-mall,toast,2048,haar-residual-d12,gain,16384,0,0,,,,0,1710331
northrop-mall,toast,2048,haar-residual-d12,gain,32768,31453,1,21.22982,0.4869975,,65536,1710331
northrop-mall,toast,2048,haar-residual-d12,gain,65536,31453,1,21.22982,0.4869975,,65536,1710331
northrop-mall,toast,2048,haar-residual-d12,gain,131072,89678,2,22.53965,0.5653347,,327680,1710331
northrop-mall,toast,2048,haar-residual-d12,gain,262144,256132,6,24.30382,0.703629,,1376256,1710331
northrop-mall,toast,2048,haar-residual-d12,gain,524288,494291,15,26.07122,0.8029507,,3735552,1710331
northrop-mall,toast,2048,haar-residual-d12,gain,1048576,1018961,37,28.62884,0.9006831,,9502720,1710331
northrop-mall,toast,2048,haar-residual-d12,gain,1710331,1710331,86,31.37886,0.9567633,,22347776,1710331
northrop-mall,toast,2048,haar-residual-d12,view,8192,0,0,,,,0,1710331
northrop-mall,toast,2048,haar-residual-d12,view,16384,0,0,,,,0,1710331
northrop-mall,toast,2048,haar-residual-d12,view,32768,31453,1,21.22982,0.4869975,20.19275,65536,1710331
northrop-mall,toast,2048,haar-residual-d12,view,65536,31453,1,21.22982,0.4869975,20.19275,65536,1710331
northrop-mall,toast,2048,haar-residual-d12,view,131072,96350.67,2.166667,22.80716,0.5930652,21.50664,371370.7,1710331
northrop-mall,toast,2048,haar-residual-d12,view,262144,250786.7,6.583333,25.55252,0.7859728,21.95911,1529173,1710331
northrop-mall,toast,2048,haar-residual-d12,view,524288,509910,22.16667,30.21928,0.9261014,22.16004,5614251,1710331
northrop-mall,toast,2048,haar-residual-d12,view,1048576,1034089,42.33333,31.37886,0.9567633,26.34845,10900820,1710331
northrop-mall,toast,2048,haar-residual-d12,view,1710331,1710331,86,31.37886,0.9567633,30.37407,22347776,1710331
northrop-mall,toast,2048,haar-residual-d12-p0.5,level,8192,0,0,,,,0,1556823
northrop-mall,toast,2048,haar-residual-d12-p0.5,level,16384,0,0,,,,0,1556823
northrop-mall,toast,2048,haar-residual-d12-p0.5,level,32768,18777,1,20.98014,0.4863871,,65536,1556823
northrop-mall,toast,2048,haar-residual-d12-p0.5,level,65536,56593,2,22.18296,0.5632428,,327680,1556823
northrop-mall,toast,2048,haar-residual-d12-p0.5,level,131072,117371,4,23.18469,0.6366436,,851968,1556823
northrop-mall,toast,2048,haar-residual-d12-p0.5,level,262144,241552,8,24.16353,0.7250941,,1900544,1556823
northrop-mall,toast,2048,haar-residual-d12-p0.5,level,524288,506543,21,26.17812,0.8315736,,5308416,1556823
northrop-mall,toast,2048,haar-residual-d12-p0.5,level,1048576,1042285,53,28.50381,0.9021887,,13697024,1556823
northrop-mall,toast,2048,haar-residual-d12-p0.5,level,1556823,1556823,86,30.11682,0.9498426,,22347776,1556823
northrop-mall,toast,2048,haar-residual-d12-p0.5,gain,8192,0,0,,,,0,1556823
northrop-mall,toast,2048,haar-residual-d12-p0.5,gain,16384,0,0,,,,0,1556823
northrop-mall,toast,2048,haar-residual-d12-p0.5,gain,32768,18777,1,20.98014,0.4863871,,65536,1556823
northrop-mall,toast,2048,haar-residual-d12-p0.5,gain,65536,56593,2,22.18296,0.5632428,,327680,1556823
northrop-mall,toast,2048,haar-residual-d12-p0.5,gain,131072,117371,4,23.18469,0.6366436,,851968,1556823
northrop-mall,toast,2048,haar-residual-d12-p0.5,gain,262144,234985,10,24.54295,0.7292961,,2424832,1556823
northrop-mall,toast,2048,haar-residual-d12-p0.5,gain,524288,519575,21,26.31671,0.8472543,,5308416,1556823
northrop-mall,toast,2048,haar-residual-d12-p0.5,gain,1048576,1037589,45,28.48823,0.9132297,,11599872,1556823
northrop-mall,toast,2048,haar-residual-d12-p0.5,gain,1556823,1556823,86,30.11682,0.9498426,,22347776,1556823
northrop-mall,toast,2048,haar-residual-d12-p0.5,view,8192,0,0,,,,0,1556823
northrop-mall,toast,2048,haar-residual-d12-p0.5,view,16384,0,0,,,,0,1556823
northrop-mall,toast,2048,haar-residual-d12-p0.5,view,32768,18777,1,20.98014,0.4863871,19.95169,65536,1556823
northrop-mall,toast,2048,haar-residual-d12-p0.5,view,65536,56593,2,22.18296,0.5632428,21.16299,327680,1556823
northrop-mall,toast,2048,haar-residual-d12-p0.5,view,131072,117532.5,4.083333,23.70195,0.6890509,21.30332,873813.3,1556823
northrop-mall,toast,2048,haar-residual-d12-p0.5,view,262144,252476.5,11.66667,26.6769,0.8468779,21.5601,2861739,1556823
northrop-mall,toast,2048,haar-residual-d12-p0.5,view,524288,513702.8,26.58333,29.73538,0.9377442,22.38067,6772053,1556823
northrop-mall,toast,2048,haar-residual-d12-p0.5,view,1048576,1042400,51.25,30.11682,0.9498426,25.92054,13238272,1556823
northrop-mall,toast,2048,haar-residual-d12-p0.5,view,1556823,1556823,86,30.11682,0.9498426,29.16141,22347776,1556823
northrop-mall,toast,2048,jpeg-residual-q80,level,8192,5837,1,20.26479,0.4796797,,65536,1271967
northrop-mall,toast,2048,jpeg-residual-q80,level,16384,5837,1,20.26479,0.4796797,,65536,1271967
northrop-mall,toast,2048,jpeg-residual-q80,level,32768,22795,2,21.75395,0.5519841,,327680,1271967
northrop-mall,toast,2048,jpeg-residual-q80,level,65536,56131,4,22.7947,0.6256782,,851968,1271967
northrop-mall,toast,2048,jpeg-residual-q80,level,131072,111985,7,23.6125,0.7033633,,1638400,1271967
northrop-mall,toast,2048,jpeg-residual-q80,level,262144,260399,18,25.62823,0.7943295,,4521984,1271967
northrop-mall,toast,2048,jpeg-residual-q80,level,524288,511512,30,26.61289,0.8659256,,7667712,1271967
northrop-mall,toast,2048,jpeg-residual-q80,level,1048576,1042600,74,29.77612,0.9280982,,19202048,1271967
northrop-mall,toast,2048,jpeg-residual-q80,level,1271967,1271967,86,30.61739,0.9553777,,22347776,1271967
northrop-mall,toast,2048,jpeg-residual-q80,gain,8192,5837,1,20.26479,0.4796797,,65536,1271967
northrop-mall,toast,2048,jpeg-residual-q80,gain,16384,5837,1,20.26479,0.4796797,,65536,1271967
northrop-mall,toast,2048,jpeg-residual-q80,gain,32768,22795,2,21.75395,0.5519841,,327680,1271967
northrop-mall,toast,2048,jpeg-residual-q80,gain,65536,56131,4,22.7947,0.6256782,,851968,1271967
northrop-mall,toast,2048,jpeg-residual-q80,gain,131072,110010,9,24.03335,0.7023333,,2162688,1271967
northrop-mall,toast,2048,jpeg-residual-q80,gain,262144,250348,16,25.4125,0.8061783,,3997696,1271967
northrop-mall,toast,2048,jpeg-residual-q80,gain,524288,508798,31,27.33025,0.8696659,,7929856,1271967
northrop-mall,toast,2048,jpeg-residual-q80,gain,1048576,1047528,61,29.76712,0.9371452,,15794176,1271967
northrop-mall,toast,2048,jpeg-residual-q80,gain,1271967,1271967,86,30.61739,0.9553777,,22347776,1271967
northrop-mall,toast,2048,jpeg-residual-q80,view,8192,5837,1,20.26479,0.4796797,19.29462,65536,1271967
northrop-mall,toast,2048,jpeg-residual-q80,view,16384,5837,1,20.26479,0.4796797,19.29462,65536,1271967
northrop-mall,toast,2048,jpeg-residual-q80,view,32768,22795,2,21.75395,0.5519841,20.73888,327680,1271967
northrop-mall,toast,2048,jpeg-residual-q80,view,65536,56218.17,4.083333,23.2984,0.6780984,20.93791,873813.3,1271967
northrop-mall,toast,2048,jpeg-residual-q80,view,131072,120607.2,9.166667,25.6009,0.808055,21.25009,2206379,1271967
northrop-mall,toast,2048,jpeg-residual-q80,view,262144,254236.5,19.5,28.93144,0.9103344,21.34868,4915200,1271967
northrop-mall,toast,2048,jpeg-residual-q80,view,524288,513789.8,34.83333,30.59348,0.9545223,24.14279,8934741,1271967
northrop-mall,toast,2048,jpeg-residual-q80,view,1048576,1042714,72.33333,30.61739,0.9553777,28.07564,18765140,1271967
northrop-mall,toast,2048,jpeg-residual-q80,view,1271967,1271967,86,30.61739,0.9553777,29.60272,22347776,1271967
northrop-mall,toast,2048,jpeg-replacement-q80,level,8192,5837,1,20.26479,0.4796797,,65536,1545068
northrop-mall,toast,2048,jpeg-replacement-q80,level,16384,5837,1,20.26479,0.4796797,,65536,1545068
northrop-mall,toast,2048,jpeg-replacement-q80,level,32768,26684,2,21.78187,0.5518919,,327680,1545068
northrop-mall,toast,2048,jpeg-replacement-q80,level,65536,46705,3,22.19603,0.5830029,,589824,1545068
northrop-mall,toast,2048,jpeg-replacement-q80,level,131072,106753,6,23.52608,0.6884594,,1376256,1545068
northrop-mall,toast,2048,jpeg-replacement-q80,level,262144,246090,13,25.05987,0.7666721,,3211264,1545068
northrop-mall,toast,2048,jpeg-replacement-q80,level,524288,519197,26,26.41363,0.8559372,,6619136,1545068
northrop-mall,toast,2048,jpeg-replacement-q80,level,1048576,1047436,62,29.0426,0.9074616,,16056320,1545068
northrop-mall,toast,2048,jpeg-replacement-q80,level,1545068,1545068,86,30.65661,0.9555677,,22347776,1545068
northrop-mall,toast,2048,jpeg-replacement-q80,gain,8192,5837,1,20.26479,0.4796797,,65536,1545068
northrop-mall,toast,2048,jpeg-replacement-q80,gain,16384,5837,1,20.26479,0.4796797,,65536,1545068
northrop-mall,toast,2048,jpeg-replacement-q80,gain,32768,26684,2,21.78187,0.5518919,,327680,1545068
northrop-mall,toast,2048,jpeg-replacement-q80,gain,65536,47372,3,22.32912,0.5944183,,589824,1545068
northrop-mall,toast,2048,jpeg-replacement-q80,gain,131072,124382,8,23.98798,0.6996918,,1900544,1545068
northrop-mall,toast,2048,jpeg-replacement-q80,gain,262144,243099,13,24.84504,0.7763045,,3211264,1545068
northrop-mall,toast,2048,jpeg-replacement-q80,gain,524288,496677,27,26.94892,0.8573628,,6881280,1545068
northrop-mall,toast,2048,jpeg-replacement-q80,gain,1048576,1043153,49,28.8837,0.9186263,,12648448,1545068
northrop-mall,toast,2048,jpeg-replacement-q80,gain,1545068,1545068,86,30.65661,0.9555677,,22347776,1545068
northrop-mall,toast,2048,jpeg-replacement-q80,view,8192,5837,1,20.26479,0.4796797,19.29462,65536,1545068
northrop-mall,toast,2048,jpeg-replacement-q80,view,16384,5837,1,20.26479,0.4796797,19.29462,65536,1545068
northrop-mall,toast,2048,jpeg-replacement-q80,view,32768,26684,2,21.78187,0.5518919,20.76986,327680,1545068
northrop-mall,toast,2048,jpeg-replacement-q80,view,65536,46694.17,3,22.77169,0.6413755,20.84563,589824,1545068
northrop-mall,toast,2048,jpeg-replacement-q80,view,131072,120906.1,7.25,25.07875,0.7802688,21.27574,1703936,1545068
northrop-mall,toast,2048,jpeg-replacement-q80,view,262144,250644.2,16.08333,28.10054,0.8887439,21.27574,4019541,1545068
northrop-mall,toast,2048,jpeg-replacement-q80,view,524288,512791.2,29.5,30.51489,0.9511595,22.51423,7536640,1545068
northrop-mall,toast,2048,jpeg-replacement-q80,view,1048576,1043129,56.66667,30.65661,0.9555677,25.88701,14658220,1545068
northrop-mall,toast,2048,jpeg-replacement-q80,view,1545068,1545068,86,30.65661,0.9555677,29.63507,22347776,1545068
northrop-mall,toast,2048,jpeg-replacement-q80,view-direct,8192,5991,1.083333,20.27044,0.4797081,19.29462,87381.33,1545068
northrop-mall,toast,2048,jpeg-replacement-q80,view-direct,16384,8327.583,1.916667,20.45476,0.4826652,19.29462,305834.7,1545068
northrop-mall,toast,2048,jpeg-replacement-q80,view-direct,32768,22154.33,3.083333,20.99717,0.5327058,19.29462,611669.3,1545068
northrop-mall,toast,2048,jpeg-replacement-q80,view-direct,65536,53565.17,5.75,22.38663,0.6170586,19.29462,1310720,1545068
northrop-mall,toast,2048,jpeg-replacement-q80,view-direct,131072,119536.8,9.416667,25.77001,0.7670389,19.29462,2271915,1545068
northrop-mall,toast,2048,jpeg-replacement-q80,view-direct,262144,246972,16.33333,29.40123,0.9126529,20.04495,4085077,1545068
northrop-mall,toast,2048,jpeg-replacement-q80,view-direct,524288,514669.8,29.41667,30.65661,0.9555677,23.34288,7514795,1545068
northrop-mall,toast,2048,jpeg-replacement-q80,view-direct,1048576,1043129,56.66667,30.65661,0.9555677,25.88701,14658220,1545068
northrop-mall,toast,2048,jpeg-replacement-q80,view-direct,1545068,1545068,86,30.65661,0.9555677,29.63507,22347776,1545068
northrop-mall,toast,2048,webp-replacement-q80,level,8192,5302,1,20.4702,0.4838985,,65536,1413864
northrop-mall,toast,2048,webp-replacement-q80,level,16384,5302,1,20.4702,0.4838985,,65536,1413864
northrop-mall,toast,2048,webp-replacement-q80,level,32768,24056,2,21.91754,0.5584302,,327680,1413864
northrop-mall,toast,2048,webp-replacement-q80,level,65536,60532,4,22.98264,0.6311578,,851968,1413864
northrop-mall,toast,2048,webp-replacement-q80,level,131072,124482,7,23.80736,0.7081175,,1638400,1413864
northrop-mall,toast,2048,webp-replacement-q80,level,262144,256162,15,25.56464,0.7863602,,3735552,1413864
northrop-mall,toast,2048,webp-replacement-q80,level,524288,502166,27,26.6737,0.8602985,,6881280,1413864
northrop-mall,toast,2048,webp-replacement-q80,level,1048576,1039176,69,29.66912,0.9169868,,17891328,1413864
northrop-mall,toast,2048,webp-replacement-q80,level,1413864,1413864,86,30.90568,0.9550654,,22347776,1413864
northrop-mall,toast,2048,webp-replacement-q80,gain,8192,5302,1,20.4702,0.4838985,,65536,1413864
northrop-mall,toast,2048,webp-replacement-q80,gain,16384,5302,1,20.4702,0.4838985,,65536,1413864
northrop-mall,toast,2048,webp-replacement-q80,gain,32768,24056,2,21.91754,0.5584302,,327680,1413864
northrop-mall,toast,2048,webp-replacement-q80,gain,65536,60532,4,22.98264,0.6311578,,851968,1413864
northrop-mall,toast,2048,webp-replacement-q80,gain,131072,120968,10,24.30945,0.7089782,,2424832,1413864
northrop-mall,toast,2048,webp-replacement-q80,gain,262144,255616,15,25.45764,0.7941852,,3735552,1413864
northrop-mall,toast,2048,webp-replacement-q80,gain,524288,511364,30,27.60411,0.8668234,,7667712,1413864
northrop-mall,toast,2048,webp-replacement-q80,gain,1048576,1042486,54,29.45899,0.9251161,,13959168,1413864
northrop-mall,toast,2048,webp-replacement-q80,gain,1413864,1413864,86,30.90568,0.9550654,,22347776,1413864
northrop-mall,toast,2048,webp-replacement-q80,view,8192,5302,1,20.4702,0.4838985,19.48607,65536,1413864
northrop-mall,toast,2048,webp-replacement-q80,view,16384,5302,1,20.4702,0.4838985,19.48607,65536,1413864
northrop-mall,toast,2048,webp-replacement-q80,view,32768,24056,2,21.91754,0.5584302,20.90897,327680,1413864
northrop-mall,toast,2048,webp-replacement-q80,view,65536,60583.5,4.083333,23.49647,0.6830122,21.11685,873813.3,1413864
northrop-mall,toast,2048,webp-replacement-q80,view,131072,122445.5,8.75,25.64255,0.8025972,21.41811,2097152,1413864
northrop-mall,toast,2048,webp-replacement-q80,view,262144,249622.2,18.08333,28.70939,0.898023,21.51964,4543829,1413864
northrop-mall,toast,2048,webp-replacement-q80,view,524288,510944.7,31.33333,30.75648,0.9508058,23.65028,8017237,1413864
northrop-mall,toast,2048,webp-replacement-q80,view,1048576,1039039,62.75,30.90568,0.9550654,26.72557,16252928,1413864
northrop-mall,toast,2048,webp-replacement-q80,view,1413864,1413864,86,30.90568,0.9550654,29.92572,22347776,1413864
northrop-mall,toast,2048,webp-replacement-q80,view-direct,8192,5702,1.583333,20.51764,0.4840966,19.48607,218453.3,1413864
northrop-mall,toast,2048,webp-replacement-q80,view-direct,16384,6923.333,2.166667,20.68829,0.4865344,19.48607,371370.7,1413864
northrop-mall,toast,2048,webp-replacement-q80,view-direct,32768,23793.5,4.083333,21.96271,0.54215,19.48607,873813.3,1413864
northrop-mall,toast,2048,webp-replacement-q80,view-direct,65536,56637.17,6.583333,23.26016,0.6395005,19.48607,1529173,1413864
northrop-mall,toast,2048,webp-replacement-q80,view-direct,131072,123388.8,10.75,26.56996,0.7904379,19.6232,2621440,1413864
northrop-mall,toast,2048,webp-replacement-q80,view-direct,262144,246170.5,17.41667,29.83829,0.9167657,20.53379,4369067,1413864
northrop-mall,toast,2048,webp-replacement-q80,view-direct,524288,513091.7,31.66667,30.90568,0.9550654,24.24139,8104619,1413864
northrop-mall,toast,2048,webp-replacement-q80,view-direct,1048576,1039039,62.75,30.90568,0.9550654,26.72557,16252928,1413864
northrop-mall,toast,2048,webp-replacement-q80,view-direct,1413864,1413864,86,30.90568,0.9550654,29.92572,22347776,1413864
northrop-mall,toast,2048,jpeg-replacement-q80-whole,level,8192,5837,1,20.26479,0.4796797,,65536,1528763
northrop-mall,toast,2048,jpeg-replacement-q80-whole,level,16384,5837,1,20.26479,0.4796797,,65536,1528763
northrop-mall,toast,2048,jpeg-replacement-q80-whole,level,32768,26684,2,21.78187,0.5518919,,327680,1528763
northrop-mall,toast,2048,jpeg-replacement-q80-whole,level,65536,26684,2,21.78187,0.5518919,,327680,1528763
northrop-mall,toast,2048,jpeg-replacement-q80-whole,level,131072,105626,3,23.52648,0.6884596,,1376256,1528763
northrop-mall,toast,2048,jpeg-replacement-q80-whole,level,262144,105626,3,23.52648,0.6884596,,1376256,1528763
northrop-mall,toast,2048,jpeg-replacement-q80-whole,level,524288,409838,4,26.25326,0.8479382,,5570560,1528763
northrop-mall,toast,2048,jpeg-replacement-q80-whole,level,1048576,409838,4,26.25326,0.8479382,,5570560,1528763
northrop-mall,toast,2048,jpeg-replacement-q80-whole,level,1528763,1528763,5,30.65783,0.9555683,,22347776,1528763
northrop-mall,toast,2048,jpeg-replacement-q80-whole,gain,8192,5837,1,20.26479,0.4796797,,65536,1528763
northrop-mall,toast,2048,jpeg-replacement-q80-whole,gain,16384,5837,1,20.26479,0.4796797,,65536,1528763
northrop-mall,toast,2048,jpeg-replacement-q80-whole,gain,32768,26684,2,21.78187,0.5518919,,327680,1528763
northrop-mall,toast,2048,jpeg-replacement-q80-whole,gain,65536,26684,2,21.78187,0.5518919,,327680,1528763
northrop-mall,toast,2048,jpeg-replacement-q80-whole,gain,131072,105626,3,23.52648,0.6884596,,1376256,1528763
northrop-mall,toast,2048,jpeg-replacement-q80-whole,gain,262144,105626,3,23.52648,0.6884596,,1376256,1528763
northrop-mall,toast,2048,jpeg-replacement-q80-whole,gain,524288,409838,4,26.25326,0.8479382,,5570560,1528763
northrop-mall,toast,2048,jpeg-replacement-q80-whole,gain,1048576,409838,4,26.25326,0.8479382,,5570560,1528763
northrop-mall,toast,2048,jpeg-replacement-q80-whole,gain,1528763,1528763,5,30.65783,0.9555683,,22347776,1528763
northrop-mall,toast,2048,jpeg-replacement-q80-whole,view,8192,5837,1,20.26479,0.4796797,19.29462,65536,1528763
northrop-mall,toast,2048,jpeg-replacement-q80-whole,view,16384,5837,1,20.26479,0.4796797,19.29462,65536,1528763
northrop-mall,toast,2048,jpeg-replacement-q80-whole,view,32768,26684,2,21.78187,0.5518919,20.76986,327680,1528763
northrop-mall,toast,2048,jpeg-replacement-q80-whole,view,65536,26684,2,21.78187,0.5518919,20.76986,327680,1528763
northrop-mall,toast,2048,jpeg-replacement-q80-whole,view,131072,105626,3,23.52648,0.6884596,22.47411,1376256,1528763
northrop-mall,toast,2048,jpeg-replacement-q80-whole,view,262144,105626,3,23.52648,0.6884596,22.47411,1376256,1528763
northrop-mall,toast,2048,jpeg-replacement-q80-whole,view,524288,409838,4,26.25326,0.8479382,25.18954,5570560,1528763
northrop-mall,toast,2048,jpeg-replacement-q80-whole,view,1048576,409838,4,26.25326,0.8479382,25.18954,5570560,1528763
northrop-mall,toast,2048,jpeg-replacement-q80-whole,view,1528763,1528763,5,30.65783,0.9555683,29.63637,22347776,1528763
northrop-mall,toast,2048,jpeg-replacement-q80-whole,view-direct,8192,5837,1,20.26479,0.4796797,19.29462,65536,1528763
northrop-mall,toast,2048,jpeg-replacement-q80-whole,view-direct,16384,5837,1,20.26479,0.4796797,19.29462,65536,1528763
northrop-mall,toast,2048,jpeg-replacement-q80-whole,view-direct,32768,5837,1,20.26479,0.4796797,19.29462,65536,1528763
northrop-mall,toast,2048,jpeg-replacement-q80-whole,view-direct,65536,5837,1,20.26479,0.4796797,19.29462,65536,1528763
northrop-mall,toast,2048,jpeg-replacement-q80-whole,view-direct,131072,5837,1,20.26479,0.4796797,19.29462,65536,1528763
northrop-mall,toast,2048,jpeg-replacement-q80-whole,view-direct,262144,5837,1,20.26479,0.4796797,19.29462,65536,1528763
northrop-mall,toast,2048,jpeg-replacement-q80-whole,view-direct,524288,5837,1,20.26479,0.4796797,19.29462,65536,1528763
northrop-mall,toast,2048,jpeg-replacement-q80-whole,view-direct,1048576,5837,1,20.26479,0.4796797,19.29462,65536,1528763
northrop-mall,toast,2048,jpeg-replacement-q80-whole,view-direct,1528763,1528763,5,30.65783,0.9555683,29.63637,22347776,1528763
walter-study,toast,2048,exact,all,,12582912,,32.79342,0.9654018,,,
walter-study,toast,2048,exact,coarse,,49152,,18.67401,0.3573801,,,
walter-study,toast,2048,haar-residual-d12,level,8192,0,0,,,,0,1678894
walter-study,toast,2048,haar-residual-d12,level,16384,0,0,,,,0,1678894
walter-study,toast,2048,haar-residual-d12,level,32768,0,0,,,,0,1678894
walter-study,toast,2048,haar-residual-d12,level,65536,36429,1,18.67315,0.3573733,,65536,1678894
walter-study,toast,2048,haar-residual-d12,level,131072,112850,2,20.79333,0.4935937,,327680,1678894
walter-study,toast,2048,haar-residual-d12,level,262144,216401,4,22.15584,0.5925069,,851968,1678894
walter-study,toast,2048,haar-residual-d12,level,524288,522527,13,25.05343,0.7716471,,3211264,1678894
walter-study,toast,2048,haar-residual-d12,level,1048576,1038891,40,27.75409,0.8849907,,10289152,1678894
walter-study,toast,2048,haar-residual-d12,level,1678894,1678894,86,31.40216,0.9567242,,22347776,1678894
walter-study,toast,2048,haar-residual-d12,gain,8192,0,0,,,,0,1678894
walter-study,toast,2048,haar-residual-d12,gain,16384,0,0,,,,0,1678894
walter-study,toast,2048,haar-residual-d12,gain,32768,0,0,,,,0,1678894
walter-study,toast,2048,haar-residual-d12,gain,65536,36429,1,18.67315,0.3573733,,65536,1678894
walter-study,toast,2048,haar-residual-d12,gain,131072,112850,2,20.79333,0.4935937,,327680,1678894
walter-study,toast,2048,haar-residual-d12,gain,262144,219261,4,21.80485,0.5824318,,851968,1678894
walter-study,toast,2048,haar-residual-d12,gain,524288,504591,12,24.47202,0.7316709,,2949120,1678894
walter-study,toast,2048,haar-residual-d12,gain,1048576,1047439,42,28.00215,0.8793617,,10813440,1678894
walter-study,toast,2048,haar-residual-d12,gain,1678894,1678894,86,31.40216,0.9567242,,22347776,1678894
walter-study,toast,2048,haar-residual-d12,view,8192,0,0,,,,0,1678894
walter-study,toast,2048,haar-residual-d12,view,16384,0,0,,,,0,1678894
walter-study,toast,2048,haar-residual-d12,view,32768,0,0,,,,0,1678894
walter-study,toast,2048,haar-residual-d12,view,65536,36429,1,18.67315,0.3573733,19.27351,65536,1678894
walter-study,toast,2048,haar-residual-d12,view,131072,112850,2,20.79333,0.4935937,21.10543,327680,1678894
walter-study,toast,2048,haar-residual-d12,view,262144,231478.4,4.5,23.45172,0.6844856,21.33295,983040,1678894
walter-study,toast,2048,haar-residual-d12,view,524288,513992.3,17.33333,29.39759,0.9171554,21.75382,4347221,1678894
walter-study,toast,2048,haar-residual-d12,view,1048576,1041744,40.25,31.40216,0.9567242,26.8626,10354688,1678894
walter-study,toast,2048,haar-residual-d12,view,1678894,1678894,86,31.40216,0.9567242,31.34045,22347776,1678894
walter-study,toast,2048,haar-residual-d12-p0.5,level,8192,0,0,,,,0,1480017
walter-study,toast,2048,haar-residual-d12-p0.5,level,16384,0,0,,,,0,1480017
walter-study,toast,2048,haar-residual-d12-p0.5,level,32768,23130,1,18.64371,0.3572274,,65536,1480017
walter-study,toast,2048,haar-residual-d12-p0.5,level,65536,23130,1,18.64371,0.3572274,,65536,1480017
walter-study,toast,2048,haar-residual-d12-p0.5,level,131072,110073,3,21.3416,0.5424486,,589824,1480017
walter-study,toast,2048,haar-residual-d12-p0.5,level,262144,259442,8,23.41433,0.6973325,,1900544,1480017
walter-study,toast,2048,haar-residual-d12-p0.5,level,524288,508514,19,25.79343,0.8261378,,4784128,1480017
walter-study,toast,2048,haar-residual-d12-p0.5,level,1048576,1047187,55,28.10774,0.9049231,,14221312,1480017
walter-study,toast,2048,haar-residual-d12-p0.5,level,1480017,1480017,86,29.73374,0.947995,,22347776,1480017
walter-study,toast,2048,haar-residual-d12-p0.5,gain,8192,0,0,,,,0,1480017
walter-study,toast,2048,haar-residual-d12-p0.5,gain,16384,0,0,,,,0,1480017
walter-study,toast,2048,haar-residual-d12-p0.5,gain,32768,23130,1,18.64371,0.3572274,,65536,1480017
walter-study,toast,2048,haar-residual-d12-p0.5,gain,65536,23130,1,18.64371,0.3572274,,65536,1480017
walter-study,toast,2048,haar-residual-d12-p0.5,gain,131072,108005,3,21.1651,0.5388432,,589824,1480017
walter-study,toast,2048,haar-residual-d12-p0.5,gain,262144,241087,7,23.35059,0.6856133,,1638400,1480017
walter-study,toast,2048,haar-residual-d12-p0.5,gain,524288,522401,19,25.74282,0.8105111,,4784128,1480017
walter-study,toast,2048,haar-residual-d12-p0.5,gain,1048576,1043680,56,28.12312,0.8946054,,14483456,1480017
walter-study,toast,2048,haar-residual-d12-p0.5,gain,1480017,1480017,86,29.73374,0.947995,,22347776,1480017
walter-study,toast,2048,haar-residual-d12-p0.5,view,8192,0,0,,,,0,1480017
walter-study,toast,2048,haar-residual-d12-p0.5,view,16384,0,0,,,,0,1480017
walter-study,toast,2048,haar-residual-d12-p0.5,view,32768,23130,1,18.64371,0.3572274,19.24114,65536,1480017
walter-study,toast,2048,haar-residual-d12-p0.5,view,65536,23130,1,18.64371,0.3572274,19.24114,65536,1480017
walter-study,toast,2048,haar-residual-d12-p0.5,view,131072,109272.5,3,22.04779,0.5994231,21.12317,589824,1480017
walter-study,toast,2048,haar-residual-d12-p0.5,view,262144,251854.5,8.333333,25.50032,0.8115666,21.62268,1987925,1480017
walter-study,toast,2048,haar-residual-d12-p0.5,view,524288,517626.7,25.08333,29.59155,0.944644,22.52632,6378837,1480017
walter-study,toast,2048,haar-residual-d12-p0.5,view,1048576,1043704,54.58333,29.73374,0.947995,26.82115,14112090,1480017
walter-study,toast,2048,haar-residual-d12-p0.5,view,1480017,1480017,86,29.73374,0.947995,29.77816,22347776,1480017
walter-study,toast,2048,jpeg-residual-q80,level,8192,6769,1,18.07249,0.3452897,,65536,1252978
walter-study,toast,2048,jpeg-residual-q80,level,16384,6769,1,18.07249,0.3452897,,65536,1252978
walter-study,toast,2048,jpeg-residual-q80,level,32768,26757,2,20.01495,0.4650225,,327680,1252978
walter-study,toast,2048,jpeg-residual-q80,level,65536,61951,4,21.26886,0.5608067,,851968,1252978
walter-study,toast,2048,jpeg-residual-q80,level,131072,116382,7,22.49216,0.6608304,,1638400,1252978
walter-study,toast,2048,jpeg-residual-q80,level,262144,258975,16,24.70764,0.7719768,,3997696,1252978
walter-study,toast,2048,jpeg-residual-q80,level,524288,510226,32,26.23041,0.8532812,,8192000,1252978
walter-study,toast,2048,jpeg-residual-q80,level,1048576,1033871,71,29.7857,0.9267321,,18415616,1252978
walter-study,toast,2048,jpeg-residual-q80,level,1252978,1252978,86,30.85535,0.9531359,,22347776,1252978
walter-study,toast,2048,jpeg-residual-q80,gain,8192,6769,1,18.07249,0.3452897,,65536,1252978
walter-study,toast,2048,jpeg-residual-q80,gain,16384,6769,1,18.07249,0.3452897,,65536,1252978
walter-study,toast,2048,jpeg-residual-q80,gain,32768,26757,2,20.01495,0.4650225,,327680,1252978
walter-study,toast,2048,jpeg-residual-q80,gain,65536,64093,4,20.96732,0.5513083,,851968,1252978
walter-study,toast,2048,jpeg-residual-q80,gain,131072,117612,7,22.60155,0.6557809,,1638400,1252978
walter-study,toast,2048,jpeg-residual-q80,gain,262144,249290,15,24.58858,0.7498518,,3735552,1252978
walter-study,toast,2048,jpeg-residual-q80,gain,524288,517908,33,26.56616,0.8534534,,8454144,1252978
walter-study,toast,2048,jpeg-residual-q80,gain,1048576,1047511,72,29.68599,0.9228023,,18677760,1252978
walter-study,toast,2048,jpeg-residual-q80,gain,1252978,1252978,86,30.85535,0.9531359,,22347776,1252978
walter-study,toast,2048,jpeg-residual-q80,view,8192,6769,1,18.07249,0.3452897,18.71634,65536,1252978
walter-study,toast,2048,jpeg-residual-q80,view,16384,6769,1,18.07249,0.3452897,18.71634,65536,1252978
walter-study,toast,2048,jpeg-residual-q80,view,32768,26757,2,20.01495,0.4650225,20.42412,327680,1252978
walter-study,toast,2048,jpeg-residual-q80,view,65536,62759.25,4,22.07172,0.6208464,20.63133,851968,1252978
walter-study,toast,2048,jpeg-residual-q80,view,131072,122587.1,7.583333,24.4461,0.7723103,21.01407,1791317,1252978
walter-study,toast,2048,jpeg-residual-q80,view,262144,255221.4,16.66667,28.40948,0.9075848,21.01407,4172459,1252978
walter-study,toast,2048,jpeg-residual-q80,view,524288,515259.8,34,30.85535,0.9531359,24.19107,8716288,1252978
walter-study,toast,2048,jpeg-residual-q80,view,1048576,1036789,70.91667,30.85535,0.9531359,28.58541,18393770,1252978
walter-study,toast,2048,jpeg-residual-q80,view,1252978,1252978,86,30.85535,0.9531359,30.85629,22347776,1252978
walter-study,toast,2048,jpeg-replacement-q80,level,8192,6769,1,18.07249,0.3452897,,65536,1567323
walter-study,toast,2048,jpeg-replacement-q80,level,16384,6769,1,18.07249,0.3452897,,65536,1567323
walter-study,toast,2048,jpeg-replacement-q80,level,32768,31004,2,19.99817,0.4647472,,327680,1567323
walter-study,toast,2048,jpeg-replacement-q80,level,65536,53999,3,20.6172,0.5138225,,589824,1567323
walter-study,toast,2048,jpeg-replacement-q80,level,131072,120446,6,22.38071,0.6468849,,1376256,1567323
walter-study,toast,2048,jpeg-replacement-q80,level,262144,259965,13,23.97206,0.7417928,,3211264,1567323
walter-study,toast,2048,jpeg-replacement-q80,level,524288,518352,26,25.88448,0.8386635,,6619136,1567323
walter-study,toast,2048,jpeg-replacement-q80,level,1048576,1036868,56,28.40127,0.9016453,,14483456,1567323
walter-study,toast,2048,jpeg-replacement-q80,level,1567323,1567323,86,30.80508,0.9530686,,22347776,1567323
walter-study,toast,2048,jpeg-replacement-q80,gain,8192,6769,1,18.07249,0.3452897,,65536,1567323
walter-study,toast,2048,jpeg-replacement-q80,gain,16384,6769,1,18.07249,0.3452897,,65536,1567323
walter-study,toast,2048,jpeg-replacement-q80,gain,32768,31004,2,19.99817,0.4647472,,327680,1567323
walter-study,toast,2048,jpeg-replacement-q80,gain,65536,54642,3,20.48053,0.5053266,,589824,1567323
walter-study,toast,2048,jpeg-replacement-q80,gain,131072,120446,6,22.38071,0.6468849,,1376256,1567323
walter-study,toast,2048,jpeg-replacement-q80,gain,262144,246355,12,23.43495,0.7007209,,2949120,1567323
walter-study,toast,2048,jpeg-replacement-q80,gain,524288,516866,26,25.98535,0.8421267,,6619136,1567323
walter-study,toast,2048,jpeg-replacement-q80,gain,1048576,1044009,56,28.25256,0.8885684,,14483456,1567323
walter-study,toast,2048,jpeg-replacement-q80,gain,1567323,1567323,86,30.80508,0.9530686,,22347776,1567323
walter-study,toast,2048,jpeg-replacement-q80,view,8192,6769,1,18.07249,0.3452897,18.71634,65536,1567323
walter-study,toast,2048,jpeg-replacement-q80,view,16384,6769,1,18.07249,0.3452897,18.71634,65536,1567323
walter-study,toast,2048,jpeg-replacement-q80,view,32768,31004,2,19.99817,0.4647472,20.412,327680,1567323
walter-study,toast,2048,jpeg-replacement-q80,view,65536,53626.58,3,21.32123,0.5699507,20.51242,589824,1567323
walter-study,toast,2048,jpeg-replacement-q80,view,131072,120359.6,6.166667,23.40658,0.7204865,21.00312,1419947,1567323
walter-study,toast,2048,jpeg-replacement-q80,view,262144,253656,13.16667,26.73886,0.8725236,21.00312,3254955,1567323
walter-study,toast,2048,jpeg-replacement-q80,view,524288,514164.5,27.5,30.7845,0.9528592,22.49154,7012352,1567323
walter-study,toast,2048,jpeg-replacement-q80,view,1048576,1040769,55.91667,30.80508,0.9530686,26.62909,14461610,1567323
walter-study,toast,2048,jpeg-replacement-q80,view,1567323,1567323,86,30.80508,0.9530686,30.82077,22347776,1567323
walter-study,toast,2048,jpeg-replacement-q80,view-direct,8192,6769,1,18.07249,0.3452897,18.71634,65536,1567323
walter-study,toast,2048,jpeg-replacement-q80,view-direct,16384,6769,1,18.07249,0.3452897,18.71634,65536,1567323
walter-study,toast,2048,jpeg-replacement-q80,view-direct,32768,25078.67,2,18.61871,0.4219929,18.71634,327680,1567323
walter-study,toast,2048,jpeg-replacement-q80,view-direct,65536,58647.58,3.833333,19.63614,0.558016,18.71634,808277.3,1567323
walter-study,toast,2048,jpeg-replacement-q80,view-direct,131072,120927,7.583333,22.60883,0.7501743,18.71634,1791317,1567323
walter-study,toast,2048,jpeg-replacement-q80,view-direct,262144,252150.8,15,29.83485,0.9408822,18.71634,3735552,1567323
walter-study,toast,2048,jpeg-replacement-q80,view-direct,524288,515347.9,27.83333,30.80508,0.9530686,23.17669,7099733,1567323
walter-study,toast,2048,jpeg-replacement-q80,view-direct,1048576,1040769,55.91667,30.80508,0.9530686,26.62909,14461610,1567323
walter-study,toast,2048,jpeg-replacement-q80,view-direct,1567323,1567323,86,30.80508,0.9530686,30.82077,22347776,1567323
walter-study,toast,2048,webp-replacement-q80,level,8192,6496,1,18.21001,0.3526204,,65536,1340296
walter-study,toast,2048,webp-replacement-q80,level,16384,6496,1,18.21001,0.3526204,,65536,1340296
walter-study,toast,2048,webp-replacement-q80,level,32768,29888,2,20.19022,0.4813571,,327680,1340296
walter-study,toast,2048,webp-replacement-q80,level,65536,51908,3,20.81924,0.5300827,,589824,1340296
walter-study,toast,2048,webp-replacement-q80,level,131072,112838,6,22.61793,0.6617925,,1376256,1340296
walter-study,toast,2048,webp-replacement-q80,level,262144,255522,14,24.38132,0.7590908,,3473408,1340296
walter-study,toast,2048,webp-replacement-q80,level,524288,510250,29,26.40058,0.8538119,,7405568,1340296
walter-study,toast,2048,webp-replacement-q80,level,1048576,1039026,67,29.71343,0.9212826,,17367040,1340296
walter-study,toast,2048,webp-replacement-q80,level,1340296,1340296,86,31.04167,0.9529478,,22347776,1340296
walter-study,toast,2048,webp-replacement-q80,gain,8192,6496,1,18.21001,0.3526204,,65536,1340296
walter-study,toast,2048,webp-replacement-q80,gain,16384,6496,1,18.21001,0.3526204,,65536,1340296
walter-study,toast,2048,webp-replacement-q80,gain,32768,29888,2,20.19022,0.4813571,,327680,1340296
walter-study,toast,2048,webp-replacement-q80,gain,65536,52118,3,20.6859,0.5214688,,589824,1340296
walter-study,toast,2048,webp-replacement-q80,gain,131072,128120,7,22.79521,0.6740847,,1638400,1340296
walter-study,toast,2048,webp-replacement-q80,gain,262144,257762,14,24.64957,0.7542685,,3473408,1340296
walter-study,toast,2048,webp-replacement-q80,gain,524288,510282,30,26.61949,0.8558,,7667712,1340296
walter-study,toast,2048,webp-replacement-q80,gain,1048576,1038988,69,29.5474,0.9136088,,17891328,1340296
walter-study,toast,2048,webp-replacement-q80,gain,1340296,1340296,86,31.04167,0.9529478,,22347776,1340296
walter-study,toast,2048,webp-replacement-q80,view,8192,6496,1,18.21001,0.3526204,18.85693,65536,1340296
walter-study,toast,2048,webp-replacement-q80,view,16384,6496,1,18.21001,0.3526204,18.85693,65536,1340296
walter-study,toast,2048,webp-replacement-q80,view,32768,29888,2,20.19022,0.4813571,20.59249,327680,1340296
walter-study,toast,2048,webp-replacement-q80,view,65536,51192.83,3,21.53453,0.5859914,20.69189,589824,1340296
walter-study,toast,2048,webp-replacement-q80,view,131072,119404.7,6.583333,23.98079,0.7470008,21.18264,1529173,1340296
walter-study,toast,2048,webp-replacement-q80,view,262144,254283,15,27.89348,0.8935153,21.18264,3735552,1340296
walter-study,toast,2048,webp-replacement-q80,view,524288,516744,31.5,31.04167,0.9529478,23.43656,8060928,1340296
walter-study,toast,2048,webp-replacement-q80,view,1048576,1040701,66,31.04167,0.9529478,28.02521,17104896,1340296
walter-study,toast,2048,webp-replacement-q80,view,1340296,1340296,86,31.04167,0.9529478,31.02198,22347776,1340296
walter-study,toast,2048,webp-replacement-q80,view-direct,8192,6496,1,18.21001,0.3526204,18.85693,65536,1340296
walter-study,toast,2048,webp-replacement-q80,view-direct,16384,6496,1,18.21001,0.3526204,18.85693,65536,1340296
walter-study,toast,2048,webp-replacement-q80,view-direct,32768,22946.67,2.083333,18.79593,0.4342244,18.85693,349525.3,1340296
walter-study,toast,2048,webp-replacement-q80,view-direct,65536,58843.33,4.5,20.10834,0.5953272,18.85693,983040,1340296
walter-study,toast,2048,webp-replacement-q80,view-direct,131072,126002.7,9.333333,24.73685,0.8183059,18.85693,2250069,1340296
walter-study,toast,2048,webp-replacement-q80,view-direct,262144,251312.3,17.25,30.85595,0.9484882,20.00395,4325376,1340296
walter-study,toast,2048,webp-replacement-q80,view-direct,524288,514469.8,31.5,31.04167,0.9529478,24.11315,8060928,1340296
walter-study,toast,2048,webp-replacement-q80,view-direct,1048576,1040701,66,31.04167,0.9529478,28.02521,17104896,1340296
walter-study,toast,2048,webp-replacement-q80,view-direct,1340296,1340296,86,31.04167,0.9529478,31.02198,22347776,1340296
walter-study,toast,2048,jpeg-replacement-q80-whole,level,8192,6769,1,18.07249,0.3452897,,65536,1544058
walter-study,toast,2048,jpeg-replacement-q80-whole,level,16384,6769,1,18.07249,0.3452897,,65536,1544058
walter-study,toast,2048,jpeg-replacement-q80-whole,level,32768,31004,2,19.99817,0.4647472,,327680,1544058
walter-study,toast,2048,jpeg-replacement-q80-whole,level,65536,31004,2,19.99817,0.4647472,,327680,1544058
walter-study,toast,2048,jpeg-replacement-q80-whole,level,131072,119329,3,22.38132,0.6468872,,1376256,1544058
walter-study,toast,2048,jpeg-replacement-q80-whole,level,262144,119329,3,22.38132,0.6468872,,1376256,1544058
walter-study,toast,2048,jpeg-replacement-q80-whole,level,524288,438185,4,25.71616,0.8326167,,5570560,1544058
walter-study,toast,2048,jpeg-replacement-q80-whole,level,1048576,438185,4,25.71616,0.8326167,,5570560,1544058
walter-study,toast,2048,jpeg-replacement-q80-whole,level,1544058,1544058,5,30.80745,0.9530698,,22347776,1544058
walter-study,toast,2048,jpeg-replacement-q80-whole,gain,8192,6769,1,18.07249,0.3452897,,65536,1544058
walter-study,toast,2048,jpeg-replacement-q80-whole,gain,16384,6769,1,18.07249,0.3452897,,65536,1544058
walter-study,toast,2048,jpeg-replacement-q80-whole,gain,32768,31004,2,19.99817,0.4647472,,327680,1544058
walter-study,toast,2048,jpeg-replacement-q80-whole,gain,65536,31004,2,19.99817,0.4647472,,327680,1544058
walter-study,toast,2048,jpeg-replacement-q80-whole,gain,131072,119329,3,22.38132,0.6468872,,1376256,1544058
walter-study,toast,2048,jpeg-replacement-q80-whole,gain,262144,119329,3,22.38132,0.6468872,,1376256,1544058
walter-study,toast,2048,jpeg-replacement-q80-whole,gain,524288,438185,4,25.71616,0.8326167,,5570560,1544058
walter-study,toast,2048,jpeg-replacement-q80-whole,gain,1048576,438185,4,25.71616,0.8326167,,5570560,1544058
walter-study,toast,2048,jpeg-replacement-q80-whole,gain,1544058,1544058,5,30.80745,0.9530698,,22347776,1544058
walter-study,toast,2048,jpeg-replacement-q80-whole,view,8192,6769,1,18.07249,0.3452897,18.71634,65536,1544058
walter-study,toast,2048,jpeg-replacement-q80-whole,view,16384,6769,1,18.07249,0.3452897,18.71634,65536,1544058
walter-study,toast,2048,jpeg-replacement-q80-whole,view,32768,31004,2,19.99817,0.4647472,20.412,327680,1544058
walter-study,toast,2048,jpeg-replacement-q80-whole,view,65536,31004,2,19.99817,0.4647472,20.412,327680,1544058
walter-study,toast,2048,jpeg-replacement-q80-whole,view,131072,119329,3,22.38132,0.6468872,22.58769,1376256,1544058
walter-study,toast,2048,jpeg-replacement-q80-whole,view,262144,119329,3,22.38132,0.6468872,22.58769,1376256,1544058
walter-study,toast,2048,jpeg-replacement-q80-whole,view,524288,438185,4,25.71616,0.8326167,25.76287,5570560,1544058
walter-study,toast,2048,jpeg-replacement-q80-whole,view,1048576,438185,4,25.71616,0.8326167,25.76287,5570560,1544058
walter-study,toast,2048,jpeg-replacement-q80-whole,view,1544058,1544058,5,30.80745,0.9530698,30.82277,22347776,1544058
walter-study,toast,2048,jpeg-replacement-q80-whole,view-direct,8192,6769,1,18.07249,0.3452897,18.71634,65536,1544058
walter-study,toast,2048,jpeg-replacement-q80-whole,view-direct,16384,6769,1,18.07249,0.3452897,18.71634,65536,1544058
walter-study,toast,2048,jpeg-replacement-q80-whole,view-direct,32768,6769,1,18.07249,0.3452897,18.71634,65536,1544058
walter-study,toast,2048,jpeg-replacement-q80-whole,view-direct,65536,6769,1,18.07249,0.3452897,18.71634,65536,1544058
walter-study,toast,2048,jpeg-replacement-q80-whole,view-direct,131072,6769,1,18.07249,0.3452897,18.71634,65536,1544058
walter-study,toast,2048,jpeg-replacement-q80-whole,view-direct,262144,6769,1,18.07249,0.3452897,18.71634,65536,1544058
walter-study,toast,2048,jpeg-replacement-q80-whole,view-direct,524288,6769,1,18.07249,0.3452897,18.71634,65536,1544058
walter-study,toast,2048,jpeg-replacement-q80-whole,view-direct,1048576,6769,1,18.07249,0.3452897,18.71634,65536,1544058
walter-study,toast,2048,jpeg-replacement-q80-whole,view-direct,1544058,1544058,5,30.80745,0.9530698,30.82277,22347776,1544058
bookstore,toast,2048,exact,all,,12582912,,43.17566,0.9907236,,,
bookstore,toast,2048,exact,coarse,,49152,,26.48995,0.7439172,,,
bookstore,toast,2048,haar-residual-d12,level,8192,0,0,,,,0,611294
bookstore,toast,2048,haar-residual-d12,level,16384,0,0,,,,0,611294
bookstore,toast,2048,haar-residual-d12,level,32768,25165,1,26.47445,0.7438504,,65536,611294
bookstore,toast,2048,haar-residual-d12,level,65536,25165,1,26.47445,0.7438504,,65536,611294
bookstore,toast,2048,haar-residual-d12,level,131072,112506,4,30.23899,0.8470888,,851968,611294
bookstore,toast,2048,haar-residual-d12,level,262144,261182,15,34.06743,0.9248008,,3735552,611294
bookstore,toast,2048,haar-residual-d12,level,524288,521990,68,38.15065,0.9687333,,17629184,611294
bookstore,toast,2048,haar-residual-d12,level,611294,611294,86,39.51448,0.9793583,,22347776,611294
bookstore,toast,2048,haar-residual-d12,gain,8192,0,0,,,,0,611294
bookstore,toast,2048,haar-residual-d12,gain,16384,0,0,,,,0,611294
bookstore,toast,2048,haar-residual-d12,gain,32768,25165,1,26.47445,0.7438504,,65536,611294
bookstore,toast,2048,haar-residual-d12,gain,65536,25165,1,26.47445,0.7438504,,65536,611294
bookstore,toast,2048,haar-residual-d12,gain,131072,119859,4,30.34673,0.8530435,,851968,611294
bookstore,toast,2048,haar-residual-d12,gain,262144,250384,13,33.19784,0.9246232,,3211264,611294
bookstore,toast,2048,haar-residual-d12,gain,524288,519976,56,38.06996,0.9714508,,14483456,611294
bookstore,toast,2048,haar-residual-d12,gain,611294,611294,86,39.51448,0.9793583,,22347776,611294
bookstore,toast,2048,haar-residual-d12,view,8192,0,0,,,,0,611294
bookstore,toast,2048,haar-residual-d12,view,16384,0,0,,,,0,611294
bookstore,toast,2048,haar-residual-d12,view,32768,25165,1,26.47445,0.7438504,25.16734,65536,611294
bookstore,toast,2048,haar-residual-d12,view,65536,25165,1,26.47445,0.7438504,25.16734,65536,611294
bookstore,toast,2048,haar-residual-d12,view,131072,116966.1,4.75,31.89702,0.8959934,27.49864,1048576,611294
bookstore,toast,2048,haar-residual-d12,view,262144,257765.4,25.83333,39.29896,0.9781398,28.77523,6575445,611294
bookstore,toast,2048,haar-residual-d12,view,524288,521688.8,66.83333,39.51448,0.9793583,36.01059,17323350,611294
bookstore,toast,2048,haar-residual-d12,view,611294,611294,86,39.51448,0.9793583,38.75627,22347776,611294
bookstore,toast,2048,haar-residual-d12-p0.5,level,8192,0,0,,,,0,514959
bookstore,toast,2048,haar-residual-d12-p0.5,level,16384,13428,1,26.26673,0.7430473,,65536,514959
bookstore,toast,2048,haar-residual-d12-p0.5,level,32768,13428,1,26.26673,0.7430473,,65536,514959
bookstore,toast,2048,haar-residual-d12-p0.5,level,65536,49099,3,28.77174,0.8169719,,589824,514959
bookstore,toast,2048,haar-residual-d12-p0.5,level,131072,124207,9,31.52462,0.8926951,,2162688,514959
bookstore,toast,2048,haar-residual-d12-p0.5,level,262144,259663,27,34.16992,0.9430479,,6881280,514959
bookstore,toast,2048,haar-residual-d12-p0.5,level,514959,514959,86,36.50864,0.9673661,,22347776,514959
bookstore,toast,2048,haar-residual-d12-p0.5,gain,8192,0,0,,,,0,514959
bookstore,toast,2048,haar-residual-d12-p0.5,gain,16384,13428,1,26.26673,0.7430473,,65536,514959
bookstore,toast,2048,haar-residual-d12-p0.5,gain,32768,13428,1,26.26673,0.7430473,,65536,514959
bookstore,toast,2048,haar-residual-d12-p0.5,gain,65536,55758,3,29.21486,0.8279303,,589824,514959
bookstore,toast,2048,haar-residual-d12-p0.5,gain,131072,129212,9,31.36763,0.8959646,,2162688,514959
bookstore,toast,2048,haar-residual-d12-p0.5,gain,262144,262042,30,34.24387,0.9451032,,7667712,514959
bookstore,toast,2048,haar-residual-d12-p0.5,gain,514959,514959,86,36.50864,0.9673661,,22347776,514959
bookstore,toast,2048,haar-residual-d12-p0.5,view,8192,0,0,,,,0,514959
bookstore,toast,2048,haar-residual-d12-p0.5,view,16384,13428,1,26.26673,0.7430473,25.04684,65536,514959
bookstore,toast,2048,haar-residual-d12-p0.5,view,32768,13428,1,26.26673,0.7430473,25.04684,65536,514959
bookstore,toast,2048,haar-residual-d12-p0.5,view,65536,55757.83,3.416667,30.19555,0.8628354,27.14654,699050.7,514959
bookstore,toast,2048,haar-residual-d12-p0.5,view,131072,127914.3,13,34.48438,0.9482612,27.58026,3211264,514959
bookstore,toast,2048,haar-residual-d12-p0.5,view,262144,256961.2,33.5,36.50864,0.9673661,30.99585,8585216,514959
bookstore,toast,2048,haar-residual-d12-p0.5,view,514959,514959,86,36.50864,0.9673661,36.01014,22347776,514959
bookstore,toast,2048,jpeg-residual-q80,level,8192,4562,1,25.83152,0.7313033,,65536,559222
bookstore,toast,2048,jpeg-residual-q80,level,16384,4562,1,25.83152,0.7313033,,65536,559222
bookstore,toast,2048,jpeg-residual-q80,level,32768,24578,3,28.45796,0.7959078,,589824,559222
bookstore,toast,2048,jpeg-residual-q80,level,65536,63448,7,30.785,0.8635216,,1638400,559222
bookstore,toast,2048,jpeg-residual-q80,level,131072,128834,15,33.03486,0.9052665,,3735552,559222
bookstore,toast,2048,jpeg-residual-q80,level,262144,256740,35,35.07255,0.9460503,,8978432,559222
bookstore,toast,2048,jpeg-residual-q80,level,524288,520770,80,39.03844,0.9774729,,20774912,559222
bookstore,toast,2048,jpeg-residual-q80,level,559222,559222,86,39.45625,0.9808329,,22347776,559222
bookstore,toast,2048,jpeg-residual-q80,gain,8192,4562,1,25.83152,0.7313033,,65536,559222
bookstore,toast,2048,jpeg-residual-q80,gain,16384,4562,1,25.83152,0.7313033,,65536,559222
bookstore,toast,2048,jpeg-residual-q80,gain,32768,28207,3,28.90771,0.8068444,,589824,559222
bookstore,toast,2048,jpeg-residual-q80,gain,65536,56155,6,30.6879,0.8585839,,1376256,559222
bookstore,toast,2048,jpeg-residual-q80,gain,131072,128790,13,32.45799,0.9015804,,3211264,559222
bookstore,toast,2048,jpeg-residual-q80,gain,262144,257046,31,35.12451,0.9455878,,7929856,559222
bookstore,toast,2048,jpeg-residual-q80,gain,524288,523063,73,38.69398,0.9767156,,18939904,559222
bookstore,toast,2048,jpeg-residual-q80,gain,559222,559222,86,39.45625,0.9808329,,22347776,559222
bookstore,toast,2048,jpeg-residual-q80,view,8192,4562,1,25.83152,0.7313033,24.69356,65536,559222
bookstore,toast,2048,jpeg-residual-q80,view,16384,4562,1,25.83152,0.7313033,24.69356,65536,559222
bookstore,toast,2048,jpeg-residual-q80,view,32768,25799.58,3,29.46864,0.8327262,26.77684,589824,559222
bookstore,toast,2048,jpeg-residual-q80,view,65536,61592.83,7.416667,32.80091,0.9094387,27.30227,1747627,559222
bookstore,toast,2048,jpeg-residual-q80,view,131072,128023.9,18.91667,37.38808,0.9675887,27.30227,4762283,559222
bookstore,toast,2048,jpeg-residual-q80,view,262144,257692.1,36.83333,39.45625,0.9808329,32.58849,9459029,559222
bookstore,toast,2048,jpeg-residual-q80,view,524288,521072.8,79.91667,39.45625,0.9808329,37.44821,20753070,559222
bookstore,toast,2048,jpeg-residual-q80,view,559222,559222,86,39.45625,0.9808329,38.60722,22347776,559222
bookstore,toast,2048,jpeg-replacement-q80,level,8192,4562,1,25.83152,0.7313033,,65536,693029
bookstore,toast,2048,jpeg-replacement-q80,level,16384,4562,1,25.83152,0.7313033,,65536,693029
bookstore,toast,2048,jpeg-replacement-q80,level,32768,29423,3,28.45951,0.7960387,,589824,693029
bookstore,toast,2048,jpeg-replacement-q80,level,65536,54330,5,30.0865,0.8391494,,1114112,693029
bookstore,toast,2048,jpeg-replacement-q80,level,131072,129696,13,32.26007,0.8945128,,3211264,693029
bookstore,toast,2048,jpeg-replacement-q80,level,262144,254210,26,34.63043,0.9394131,,6619136,693029
bookstore,toast,2048,jpeg-replacement-q80,level,524288,519403,63,37.52908,0.9636542,,16318464,693029
bookstore,toast,2048,jpeg-replacement-q80,level,693029,693029,86,39.50105,0.9813221,,22347776,693029
bookstore,toast,2048,jpeg-replacement-q80,gain,8192,4562,1,25.83152,0.7313033,,65536,693029
bookstore,toast,2048,jpeg-replacement-q80,gain,16384,4562,1,25.83152,0.7313033,,65536,693029
bookstore,toast,2048,jpeg-replacement-q80,gain,32768,19452,2,28.06167,0.7815329,,327680,693029
bookstore,toast,2048,jpeg-replacement-q80,gain,65536,58317,5,30.0882,0.8448375,,1114112,693029
bookstore,toast,2048,jpeg-replacement-q80,gain,131072,120330,10,31.37612,0.8833683,,2424832,693029
bookstore,toast,2048,jpeg-replacement-q80,gain,262144,258022,26,34.73246,0.9422989,,6619136,693029
bookstore,toast,2048,jpeg-replacement-q80,gain,524288,524031,55,37.37679,0.9658704,,14221312,693029
bookstore,toast,2048,jpeg-replacement-q80,gain,693029,693029,86,39.50105,0.9813221,,22347776,693029
bookstore,toast,2048,jpeg-replacement-q80,view,8192,4562,1,25.83152,0.7313033,24.69356,65536,693029
bookstore,toast,2048,jpeg-replacement-q80,view,16384,4562,1,25.83152,0.7313033,24.69356,65536,693029
bookstore,toast,2048,jpeg-replacement-q80,view,32768,26137.58,2.666667,28.61827,0.7996196,26.775,502442.7,693029
bookstore,toast,2048,jpeg-replacement-q80,view,65536,58992.67,5.583333,31.52644,0.8850166,27.106,1267029,693029
bookstore,toast,2048,jpeg-replacement-q80,view,131072,125879.4,14.5,35.77885,0.9555593,27.30136,3604480,693029
bookstore,toast,2048,jpeg-replacement-q80,view,262144,256855.4,30.41667,39.50077,0.9813197,29.52787,7776939,693029
bookstore,toast,2048,jpeg-replacement-q80,view,524288,519666.3,63,39.50105,0.9813221,34.89782,16318464,693029
bookstore,toast,2048,jpeg-replacement-q80,view,693029,693029,86,39.50105,0.9813221,38.65775,22347776,693029
bookstore,toast,2048,jpeg-replacement-q80,view-direct,8192,5519.167,1.333333,25.97777,0.7339737,24.69356,152917.3,693029
bookstore,toast,2048,jpeg-replacement-q80,view-direct,16384,13522.33,2.833333,26.78322,0.7686639,24.69356,546133.3,693029
bookstore,toast,2048,jpeg-replacement-q80,view-direct,32768,28270.67,5.75,28.03761,0.8192357,24.69356,1310720,693029
bookstore,toast,2048,jpeg-replacement-q80,view-direct,65536,59169.25,9.833333,31.59965,0.9024747,24.69356,2381141,693029
bookstore,toast,2048,jpeg-replacement-q80,view-direct,131072,125335,17.91667,39.35168,0.9806038,25.77201,4500139,693029
bookstore,toast,2048,jpeg-replacement-q80,view-direct,262144,257151.3,30.66667,39.50105,0.9813221,30.64338,7842475,693029
bookstore,toast,2048,jpeg-replacement-q80,view-direct,524288,519666.3,63,39.50105,0.9813221,34.89782,16318464,693029
bookstore,toast,2048,jpeg-replacement-q80,view-direct,693029,693029,86,39.50105,0.9813221,38.65775,22347776,693029
bookstore,toast,2048,webp-replacement-q80,level,8192,3654,1,25.89579,0.7372197,,65536,412028
bookstore,toast,2048,webp-replacement-q80,level,16384,14872,2,28.13517,0.7917538,,327680,412028
bookstore,toast,2048,webp-replacement-q80,level,32768,31976,4,29.45395,0.8299618,,851968,412028
bookstore,toast,2048,webp-replacement-q80,level,65536,60246,8,30.96004,0.8733927,,1900544,412028
bookstore,toast,2048,webp-replacement-q80,level,131072,130710,19,33.746,0.9232944,,4784128,412028
bookstore,toast,2048,webp-replacement-q80,level,262144,261878,50,36.26897,0.9548312,,12910592,412028
bookstore,toast,2048,webp-replacement-q80,level,412028,412028,86,38.94,0.9767839,,22347776,412028
bookstore,toast,2048,webp-replacement-q80,gain,8192,3654,1,25.89579,0.7372197,,65536,412028
bookstore,toast,2048,webp-replacement-q80,gain,16384,14872,2,28.13517,0.7917538,,327680,412028
bookstore,toast,2048,webp-replacement-q80,gain,32768,25130,3,28.98197,0.8167709,,589824,412028
bookstore,toast,2048,webp-replacement-q80,gain,65536,61640,8,31.02698,0.8790399,,1900544,412028
bookstore,toast,2048,webp-replacement-q80,gain,131072,126406,16,33.19782,0.9209748,,3997696,412028
bookstore,toast,2048,webp-replacement-q80,gain,262144,256310,46,36.05538,0.9568557,,11862016,412028
bookstore,toast,2048,webp-replacement-q80,gain,412028,412028,86,38.94,0.9767839,,22347776,412028
bookstore,toast,2048,webp-replacement-q80,view,8192,3654,1,25.89579,0.7372197,24.74787,65536,412028
bookstore,toast,2048,webp-replacement-q80,view,16384,14872,2,28.13517,0.7917538,26.76443,327680,412028
bookstore,toast,2048,webp-replacement-q80,view,32768,30721.17,4.083333,30.45534,0.8603197,26.98788,873813.3,412028
bookstore,toast,2048,webp-replacement-q80,view,65536,61616.67,9.833333,33.88406,0.9303843,27.37405,2381141,412028
bookstore,toast,2048,webp-replacement-q80,view,131072,126584.5,25.25,38.55621,0.9742931,28.05845,6422528,412028
bookstore,toast,2048,webp-replacement-q80,view,262144,259780.3,50.5,38.94,0.9767839,33.73078,13041664,412028
bookstore,toast,2048,webp-replacement-q80,view,412028,412028,86,38.94,0.9767839,38.21072,22347776,412028
bookstore,toast,2048,webp-replacement-q80,view-direct,8192,6351.333,2.416667,26.55759,0.7585975,24.74787,436906.7,412028
bookstore,toast,2048,webp-replacement-q80,view-direct,16384,14338.83,5.666667,27.9651,0.8133964,24.74787,1288875,412028
bookstore,toast,2048,webp-replacement-q80,view-direct,32768,29369.83,9.583333,30.58185,0.8804172,24.74787,2315605,412028
bookstore,toast,2048,webp-replacement-q80,view-direct,65536,61982,16.08333,37.47868,0.969838,25.09936,4019541,412028
bookstore,toast,2048,webp-replacement-q80,view-direct,131072,127058.5,25.41667,38.94,0.9767839,29.75899,6466219,412028
bookstore,toast,2048,webp-replacement-q80,view-direct,262144,259780.3,50.5,38.94,0.9767839,33.73078,13041664,412028
bookstore,toast,2048,webp-replacement-q80,view-direct,412028,412028,86,38.94,0.9767839,38.21072,22347776,412028
bookstore,toast,2048,jpeg-replacement-q80-whole,level,8192,4562,1,25.83152,0.7313033,,65536,672881
bookstore,toast,2048,jpeg-replacement-q80-whole,level,16384,4562,1,25.83152,0.7313033,,65536,672881
bookstore,toast,2048,jpeg-replacement-q80-whole,level,32768,19452,2,28.06167,0.7815329,,327680,672881
bookstore,toast,2048,jpeg-replacement-q80-whole,level,65536,19452,2,28.06167,0.7815329,,327680,672881
bookstore,toast,2048,jpeg-replacement-q80-whole,level,131072,67283,3,30.69831,0.8593825,,1376256,672881
bookstore,toast,2048,jpeg-replacement-q80-whole,level,262144,219521,4,34.44009,0.9367578,,5570560,672881
bookstore,toast,2048,jpeg-replacement-q80-whole,level,524288,219521,4,34.44009,0.9367578,,5570560,672881
bookstore,toast,2048,jpeg-replacement-q80-whole,level,672881,672881,5,39.50342,0.981322,,22347776,672881
bookstore,toast,2048,jpeg-replacement-q80-whole,gain,8192,4562,1,25.83152,0.7313033,,65536,672881
bookstore,toast,2048,jpeg-replacement-q80-whole,gain,16384,4562,1,25.83152,0.7313033,,65536,672881
bookstore,toast,2048,jpeg-replacement-q80-whole,gain,32768,19452,2,28.06167,0.7815329,,327680,672881
bookstore,toast,2048,jpeg-replacement-q80-whole,gain,65536,19452,2,28.06167,0.7815329,,327680,672881
bookstore,toast,2048,jpeg-replacement-q80-whole,gain,131072,67283,3,30.69831,0.8593825,,1376256,672881
bookstore,toast,2048,jpeg-replacement-q80-whole,gain,262144,219521,4,34.44009,0.9367578,,5570560,672881
bookstore,toast,2048,jpeg-replacement-q80-whole,gain,524288,219521,4,34.44009,0.9367578,,5570560,672881
bookstore,toast,2048,jpeg-replacement-q80-whole,gain,672881,672881,5,39.50342,0.981322,,22347776,672881
bookstore,toast,2048,jpeg-replacement-q80-whole,view,8192,4562,1,25.83152,0.7313033,24.69356,65536,672881
bookstore,toast,2048,jpeg-replacement-q80-whole,view,16384,4562,1,25.83152,0.7313033,24.69356,65536,672881
bookstore,toast,2048,jpeg-replacement-q80-whole,view,32768,19452,2,28.06167,0.7815329,26.68147,327680,672881
bookstore,toast,2048,jpeg-replacement-q80-whole,view,65536,19452,2,28.06167,0.7815329,26.68147,327680,672881
bookstore,toast,2048,jpeg-replacement-q80-whole,view,131072,67283,3,30.69831,0.8593825,29.28356,1376256,672881
bookstore,toast,2048,jpeg-replacement-q80-whole,view,262144,219521,4,34.44009,0.9367578,33.17019,5570560,672881
bookstore,toast,2048,jpeg-replacement-q80-whole,view,524288,219521,4,34.44009,0.9367578,33.17019,5570560,672881
bookstore,toast,2048,jpeg-replacement-q80-whole,view,672881,672881,5,39.50342,0.981322,38.65999,22347776,672881
bookstore,toast,2048,jpeg-replacement-q80-whole,view-direct,8192,4562,1,25.83152,0.7313033,24.69356,65536,672881
bookstore,toast,2048,jpeg-replacement-q80-whole,view-direct,16384,4562,1,25.83152,0.7313033,24.69356,65536,672881
bookstore,toast,2048,jpeg-replacement-q80-whole,view-direct,32768,4562,1,25.83152,0.7313033,24.69356,65536,672881
bookstore,toast,2048,jpeg-replacement-q80-whole,view-direct,65536,4562,1,25.83152,0.7313033,24.69356,65536,672881
bookstore,toast,2048,jpeg-replacement-q80-whole,view-direct,131072,4562,1,25.83152,0.7313033,24.69356,65536,672881
bookstore,toast,2048,jpeg-replacement-q80-whole,view-direct,262144,4562,1,25.83152,0.7313033,24.69356,65536,672881
bookstore,toast,2048,jpeg-replacement-q80-whole,view-direct,524288,520643,4,39.50342,0.981322,38.65999,18153472,672881
bookstore,toast,2048,jpeg-replacement-q80-whole,view-direct,672881,672881,5,39.50342,0.981322,38.65999,22347776,672881
gardens,toast,2048,exact,all,,12582912,,36.71625,0.981534,,,
gardens,toast,2048,exact,coarse,,49152,,20.63934,0.4689994,,,
gardens,toast,2048,haar-residual-d12,level,8192,0,0,,,,0,1795042
gardens,toast,2048,haar-residual-d12,level,16384,0,0,,,,0,1795042
gardens,toast,2048,haar-residual-d12,level,32768,0,0,,,,0,1795042
gardens,toast,2048,haar-residual-d12,level,65536,35895,1,20.63808,0.469011,,65536,1795042
gardens,toast,2048,haar-residual-d12,level,131072,108066,2,22.64583,0.5808336,,327680,1795042
gardens,toast,2048,haar-residual-d12,level,262144,209286,4,24.04096,0.6662367,,851968,1795042
gardens,toast,2048,haar-residual-d12,level,524288,520063,13,27.12246,0.8168942,,3211264,1795042
gardens,toast,2048,haar-residual-d12,level,1048576,1037887,35,30.08757,0.9203473,,8978432,1795042
gardens,toast,2048,haar-residual-d12,level,1795042,1795042,86,33.67318,0.9729496,,22347776,1795042
gardens,toast,2048,haar-residual-d12,gain,8192,0,0,,,,0,1795042
gardens,toast,2048,haar-residual-d12,gain,16384,0,0,,,,0,1795042
gardens,toast,2048,haar-residual-d12,gain,32768,0,0,,,,0,1795042
gardens,toast,2048,haar-residual-d12,gain,65536,35895,1,20.63808,0.469011,,65536,1795042
gardens,toast,2048,haar-residual-d12,gain,131072,108066,2,22.64583,0.5808336,,327680,1795042
gardens,toast,2048,haar-residual-d12,gain,262144,214617,4,24.3372,0.6697557,,851968,1795042
gardens,toast,2048,haar-residual-d12,gain,524288,499705,11,26.44537,0.8241335,,2686976,1795042
gardens,toast,2048,haar-residual-d12,gain,1048576,1030655,31,30.00681,0.9229725,,7929856,1795042
gardens,toast,2048,haar-residual-d12,gain,1795042,1795042,86,33.67318,0.9729496,,22347776,1795042
gardens,toast,2048,haar-residual-d12,view,8192,0,0,,,,0,1795042
gardens,toast,2048,haar-residual-d12,view,16384,0,0,,,,0,1795042
gardens,toast,2048,haar-residual-d12,view,32768,0,0,,,,0,1795042
gardens,toast,2048,haar-residual-d12,view,65536,35895,1,20.63808,0.469011,19.77479,65536,1795042
gardens,toast,2048,haar-residual-d12,view,131072,108066,2,22.64583,0.5808336,21.45377,327680,1795042
gardens,toast,2048,haar-residual-d12,view,262144,242771.3,4.916667,25.34345,0.7710255,21.87488,1092267,1795042
gardens,toast,2048,haar-residual-d12,view,524288,513148.3,18.5,31.7897,0.9422087,22.46636,4653056,1795042
gardens,toast,2048,haar-residual-d12,view,1048576,1032214,39.41667,33.67318,0.9729496,27.78746,10136230,1795042
gardens,toast,2048,haar-residual-d12,view,1795042,1795042,86,33.67318,0.9729496,32.349,22347776,1795042
gardens,toast,2048,haar-residual-d12-p0.5,level,8192,0,0,,,,0,1605327
gardens,toast,2048,haar-residual-d12-p0.5,level,16384,0,0,,,,0,1605327
gardens,toast,2048,haar-residual-d12-p0.5,level,32768,22816,1,20.59322,0.4686252,,65536,1605327
gardens,toast,2048,haar-residual-d12-p0.5,level,65536,22816,1,20.59322,0.4686252,,65536,1605327
gardens,toast,2048,haar-residual-d12-p0.5,level,131072,108438,3,23.22152,0.6212822,,589824,1605327
gardens,toast,2048,haar-residual-d12-p0.5,level,262144,248619,7,25.19114,0.7574362,,1638400,1605327
gardens,toast,2048,haar-residual-d12-p0.5,level,524288,501689,18,27.40246,0.8424563,,4521984,1605327
gardens,toast,2048,haar-residual-d12-p0.5,level,1048576,1030597,46,29.51137,0.9235877,,11862016,1605327
gardens,toast,2048,haar-residual-d12-p0.5,level,1605327,1605327,86,31.24332,0.9619244,,22347776,1605327
gardens,toast,2048,haar-residual-d12-p0.5,gain,8192,0,0,,,,0,1605327
gardens,toast,2048,haar-residual-d12-p0.5,gain,16384,0,0,,,,0,1605327
gardens,toast,2048,haar-residual-d12-p0.5,gain,32768,22816,1,20.59322,0.4686252,,65536,1605327
gardens,toast,2048,haar-residual-d12-p0.5,gain,65536,22816,1,20.59322,0.4686252,,65536,1605327
gardens,toast,2048,haar-residual-d12-p0.5,gain,131072,108438,3,23.22152,0.6212822,,589824,1605327
gardens,toast,2048,haar-residual-d12-p0.5,gain,262144,248619,7,25.19114,0.7574362,,1638400,1605327
gardens,toast,2048,haar-residual-d12-p0.5,gain,524288,506701,16,26.96858,0.8640487,,3997696,1605327
gardens,toast,2048,haar-residual-d12-p0.5,gain,1048576,1035208,41,29.42823,0.9276794,,10551296,1605327
gardens,toast,2048,haar-residual-d12-p0.5,gain,1605327,1605327,86,31.24332,0.9619244,,22347776,1605327
gardens,toast,2048,haar-residual-d12-p0.5,view,8192,0,0,,,,0,1605327
gardens,toast,2048,haar-residual-d12-p0.5,view,16384,0,0,,,,0,1605327
gardens,toast,2048,haar-residual-d12-p0.5,view,32768,22816,1,20.59322,0.4686252,19.73958,65536,1605327
gardens,toast,2048,haar-residual-d12-p0.5,view,65536,22816,1,20.59322,0.4686252,19.73958,65536,1605327
gardens,toast,2048,haar-residual-d12-p0.5,view,131072,107612.6,3,23.87944,0.6873407,21.55769,589824,1605327
gardens,toast,2048,haar-residual-d12-p0.5,view,262144,253117.7,8.666667,27.6185,0.8615988,22.20893,2075307,1605327
gardens,toast,2048,haar-residual-d12-p0.5,view,524288,510603.4,25,30.86378,0.952774,22.73388,6356992,1605327
gardens,toast,2048,haar-residual-d12-p0.5,view,1048576,1038624,48.58333,31.24332,0.9619244,27.21277,12539220,1605327
gardens,toast,2048,haar-residual-d12-p0.5,view,1605327,1605327,86,31.24332,0.9619244,30.42078,22347776,1605327
gardens,toast,2048,jpeg-residual-q80,level,8192,6648,1,19.82845,0.4546799,,65536,1204834
gardens,toast,2048,jpeg-residual-q80,level,16384,6648,1,19.82845,0.4546799,,65536,1204834
gardens,toast,2048,jpeg-residual-q80,level,32768,25470,2,21.66577,0.557687,,327680,1204834
gardens,toast,2048,jpeg-residual-q80,level,65536,60206,4,22.89844,0.6431135,,851968,1204834
gardens,toast,2048,jpeg-residual-q80,level,131072,116688,7,24.22255,0.739657,,1638400,1204834
gardens,toast,2048,jpeg-residual-q80,level,262144,258495,17,26.77652,0.8290892,,4259840,1204834
gardens,toast,2048,jpeg-residual-q80,level,524288,520333,32,28.16361,0.9086445,,8192000,1204834
gardens,toast,2048,jpeg-residual-q80,level,1048576,1035225,76,31.86402,0.9542888,,19726336,1204834
gardens,toast,2048,jpeg-residual-q80,level,1204834,1204834,86,32.63044,0.9737701,,22347776,1204834
gardens,toast,2048,jpeg-residual-q80,gain,8192,6648,1,19.82845,0.4546799,,65536,1204834
gardens,toast,2048,jpeg-residual-q80,gain,16384,6648,1,19.82845,0.4546799,,65536,1204834
gardens,toast,2048,jpeg-residual-q80,gain,32768,25470,2,21.66577,0.557687,,327680,1204834
gardens,toast,2048,jpeg-residual-q80,gain,65536,62165,4,23.09279,0.645992,,851968,1204834
gardens,toast,2048,jpeg-residual-q80,gain,131072,116259,7,24.27499,0.7432603,,1638400,1204834
gardens,toast,2048,jpeg-residual-q80,gain,262144,261643,15,25.60653,0.8356179,,3735552,1204834
gardens,toast,2048,jpeg-residual-q80,gain,524288,513978,30,28.29956,0.9095946,,7667712,1204834
gardens,toast,2048,jpeg-residual-q80,gain,1048576,1047532,63,30.85861,0.9615956,,16318464,1204834
gardens,toast,2048,jpeg-residual-q80,gain,1204834,1204834,86,32.63044,0.9737701,,22347776,1204834
gardens,toast,2048,jpeg-residual-q80,view,8192,6648,1,19.82845,0.4546799,19.11134,65536,1204834
gardens,toast,2048,jpeg-residual-q80,view,16384,6648,1,19.82845,0.4546799,19.11134,65536,1204834
gardens,toast,2048,jpeg-residual-q80,view,32768,25470,2,21.66577,0.557687,20.66925,327680,1204834
gardens,toast,2048,jpeg-residual-q80,view,65536,60872.08,4,23.59953,0.7110652,20.94205,851968,1204834
gardens,toast,2048,jpeg-residual-q80,view,131072,123455.7,8.416667,26.9986,0.8527513,21.49133,2009771,1204834
gardens,toast,2048,jpeg-residual-q80,view,262144,255963,19.83333,31.06974,0.9442993,21.56752,5002581,1204834
gardens,toast,2048,jpeg-residual-q80,view,524288,517314.3,36.41667,32.63044,0.9737701,25.01583,9349803,1204834
gardens,toast,2048,jpeg-residual-q80,view,1048576,1039741,75.83333,32.63044,0.9737701,29.53768,19682650,1204834
gardens,toast,2048,jpeg-residual-q80,view,1204834,1204834,86,32.63044,0.9737701,31.13706,22347776,1204834
gardens,toast,2048,jpeg-replacement-q80,level,8192,6648,1,19.82845,0.4546799,,65536,1525812
gardens,toast,2048,jpeg-replacement-q80,level,16384,6648,1,19.82845,0.4546799,,65536,1525812
gardens,toast,2048,jpeg-replacement-q80,level,32768,30198,2,21.63678,0.5577575,,327680,1525812
gardens,toast,2048,jpeg-replacement-q80,level,65536,52891,3,22.30633,0.6008321,,589824,1525812
gardens,toast,2048,jpeg-replacement-q80,level,131072,117787,6,24.06812,0.7259102,,1376256,1525812
gardens,toast,2048,jpeg-replacement-q80,level,262144,252039,13,25.59306,0.7994156,,3211264,1525812
gardens,toast,2048,jpeg-replacement-q80,level,524288,518820,26,27.74165,0.8950679,,6619136,1525812
gardens,toast,2048,jpeg-replacement-q80,level,1048576,1038360,61,30.65028,0.9352176,,15794176,1525812
gardens,toast,2048,jpeg-replacement-q80,level,1525812,1525812,86,32.59482,0.9737917,,22347776,1525812
gardens,toast,2048,jpeg-replacement-q80,gain,8192,6648,1,19.82845,0.4546799,,65536,1525812
gardens,toast,2048,jpeg-replacement-q80,gain,16384,6648,1,19.82845,0.4546799,,65536,1525812
gardens,toast,2048,jpeg-replacement-q80,gain,32768,30198,2,21.63678,0.5577575,,327680,1525812
gardens,toast,2048,jpeg-replacement-q80,gain,65536,53187,3,22.23554,0.6030171,,589824,1525812
gardens,toast,2048,jpeg-replacement-q80,gain,131072,117787,6,24.06812,0.7259102,,1376256,1525812
gardens,toast,2048,jpeg-replacement-q80,gain,262144,239171,11,24.95093,0.7958878,,2686976,1525812
gardens,toast,2048,jpeg-replacement-q80,gain,524288,512679,24,27.68845,0.896332,,6094848,1525812
gardens,toast,2048,jpeg-replacement-q80,gain,1048576,1040154,49,29.62203,0.939143,,12648448,1525812
gardens,toast,2048,jpeg-replacement-q80,gain,1525812,1525812,86,32.59482,0.9737917,,22347776,1525812
gardens,toast,2048,jpeg-replacement-q80,view,8192,6648,1,19.82845,0.4546799,19.11134,65536,1525812
gardens,toast,2048,jpeg-replacement-q80,view,16384,6648,1,19.82845,0.4546799,19.11134,65536,1525812
gardens,toast,2048,jpeg-replacement-q80,view,32768,30198,2,21.63678,0.5577575,20.65045,327680,1525812
gardens,toast,2048,jpeg-replacement-q80,view,65536,52335.83,3,22.9173,0.6668424,20.83399,589824,1525812
gardens,toast,2048,jpeg-replacement-q80,view,131072,122947.2,6.5,25.56603,0.81179,21.47931,1507328,1525812
gardens,toast,2048,jpeg-replacement-q80,view,262144,252636.3,15.08333,29.17144,0.917663,21.47931,3757397,1525812
gardens,toast,2048,jpeg-replacement-q80,view,524288,512647.4,29.5,32.52071,0.9730338,22.95721,7536640,1525812
gardens,toast,2048,jpeg-replacement-q80,view,1048576,1036122,57.75,32.59482,0.9737917,27.05599,14942208,1525812
gardens,toast,2048,jpeg-replacement-q80,view,1525812,1525812,86,32.59482,0.9737917,31.08835,22347776,1525812
gardens,toast,2048,jpeg-replacement-q80,view-direct,8192,6648,1,19.82845,0.4546799,19.11134,65536,1525812
gardens,toast,2048,jpeg-replacement-q80,view-direct,16384,9795.333,1.416667,20.03634,0.4676145,19.11134,174762.7,1525812
gardens,toast,2048,jpeg-replacement-q80,view-direct,32768,25812.83,2.916667,20.65829,0.5263922,19.11134,567978.7,1525812
gardens,toast,2048,jpeg-replacement-q80,view-direct,65536,54162.75,5.25,22.30089,0.63364,19.11134,1179648,1525812
gardens,toast,2048,jpeg-replacement-q80,view-direct,131072,121614.7,9.833333,27.17352,0.8015116,19.11134,2381141,1525812
gardens,toast,2048,jpeg-replacement-q80,view-direct,262144,249059.8,16.41667,31.62045,0.9536276,19.96372,4106923,1525812
gardens,toast,2048,jpeg-replacement-q80,view-direct,524288,513305,29.5,32.59482,0.9737917,23.80254,7536640,1525812
gardens,toast,2048,jpeg-replacement-q80,view-direct,1048576,1036122,57.75,32.59482,0.9737917,27.05599,14942208,1525812
gardens,toast,2048,jpeg-replacement-q80,view-direct,1525812,1525812,86,32.59482,0.9737917,31.08835,22347776,1525812
gardens,toast,2048,webp-replacement-q80,level,8192,6316,1,20.05388,0.4629988,,65536,1404188
gardens,toast,2048,webp-replacement-q80,level,16384,6316,1,20.05388,0.4629988,,65536,1404188
gardens,toast,2048,webp-replacement-q80,level,32768,28662,2,21.92596,0.5687307,,327680,1404188
gardens,toast,2048,webp-replacement-q80,level,65536,50136,3,22.61727,0.6111616,,589824,1404188
gardens,toast,2048,webp-replacement-q80,level,131072,110238,6,24.42011,0.7339005,,1376256,1404188
gardens,toast,2048,webp-replacement-q80,level,262144,256856,14,26.17064,0.8112679,,3473408,1404188
gardens,toast,2048,webp-replacement-q80,level,524288,523204,28,28.33556,0.9012229,,7143424,1404188
gardens,toast,2048,webp-replacement-q80,level,1048576,1042828,68,31.4958,0.9422106,,17629184,1404188
gardens,toast,2048,webp-replacement-q80,level,1404188,1404188,86,32.91617,0.9722924,,22347776,1404188
gardens,toast,2048,webp-replacement-q80,gain,8192,6316,1,20.05388,0.4629988,,65536,1404188
gardens,toast,2048,webp-replacement-q80,gain,16384,6316,1,20.05388,0.4629988,,65536,1404188
gardens,toast,2048,webp-replacement-q80,gain,32768,28662,2,21.92596,0.5687307,,327680,1404188
gardens,toast,2048,webp-replacement-q80,gain,65536,49702,3,22.53991,0.6134777,,589824,1404188
gardens,toast,2048,webp-replacement-q80,gain,131072,110238,6,24.42011,0.7339005,,1376256,1404188
gardens,toast,2048,webp-replacement-q80,gain,262144,253028,12,25.6583,0.8179467,,2949120,1404188
gardens,toast,2048,webp-replacement-q80,gain,524288,504458,26,28.36942,0.9026062,,6619136,1404188
gardens,toast,2048,webp-replacement-q80,gain,1048576,1031830,51,30.27654,0.9434573,,13172736,1404188
gardens,toast,2048,webp-replacement-q80,gain,1404188,1404188,86,32.91617,0.9722924,,22347776,1404188
gardens,toast,2048,webp-replacement-q80,view,8192,6316,1,20.05388,0.4629988,19.2896,65536,1404188
gardens,toast,2048,webp-replacement-q80,view,16384,6316,1,20.05388,0.4629988,19.2896,65536,1404188
gardens,toast,2048,webp-replacement-q80,view,32768,28662,2,21.92596,0.5687307,20.86352,327680,1404188
gardens,toast,2048,webp-replacement-q80,view,65536,49452.17,3,23.24094,0.6763223,21.05675,589824,1404188
gardens,toast,2048,webp-replacement-q80,view,131072,119473.8,7,26.24217,0.8226246,21.7119,1638400,1404188
gardens,toast,2048,webp-replacement-q80,view,262144,253745.3,17.41667,30.41001,0.9277683,21.77341,4369067,1404188
gardens,toast,2048,webp-replacement-q80,view,524288,514883.8,31.75,32.86355,0.9718571,24.05693,8126464,1404188
gardens,toast,2048,webp-replacement-q80,view,1048576,1040472,64.16667,32.91617,0.9722924,27.99935,16624300,1404188
gardens,toast,2048,webp-replacement-q80,view,1404188,1404188,86,32.91617,0.9722924,31.53524,22347776,1404188
gardens,toast,2048,webp-replacement-q80,view-direct,8192,6316,1,20.05388,0.4629988,19.2896,65536,1404188
gardens,toast,2048,webp-replacement-q80,view-direct,16384,9704.833,1.916667,20.37419,0.4821189,19.2896,305834.7,1404188
gardens,toast,2048,webp-replacement-q80,view-direct,32768,23437.17,3.75,21.48249,0.5391226,19.2896,786432,1404188
gardens,toast,2048,webp-replacement-q80,view-direct,65536,55930.33,6.916667,24.96162,0.6629703,19.2896,1616555,1404188
gardens,toast,2048,webp-replacement-q80,view-direct,131072,120088,10.91667,27.70377,0.8134764,19.6116,2665131,1404188
gardens,toast,2048,webp-replacement-q80,view-direct,262144,248210.8,17.91667,32.06643,0.9557277,20.46647,4500139,1404188
gardens,toast,2048,webp-replacement-q80,view-direct,524288,516080.8,32.08333,32.91617,0.9722924,24.86501,8213845,1404188
gardens,toast,2048,webp-replacement-q80,view-direct,1048576,1040472,64.16667,32.91617,0.9722924,27.99935,16624300,1404188
gardens,toast,2048,webp-replacement-q80,view-direct,1404188,1404188,86,32.91617,0.9722924,31.53524,22347776,1404188
gardens,toast,2048,jpeg-replacement-q80-whole,level,8192,6648,1,19.82845,0.4546799,,65536,1505226
gardens,toast,2048,jpeg-replacement-q80-whole,level,16384,6648,1,19.82845,0.4546799,,65536,1505226
gardens,toast,2048,jpeg-replacement-q80-whole,level,32768,30198,2,21.63678,0.5577575,,327680,1505226
gardens,toast,2048,jpeg-replacement-q80-whole,level,65536,30198,2,21.63678,0.5577575,,327680,1505226
gardens,toast,2048,jpeg-replacement-q80-whole,level,131072,116677,3,24.07045,0.7259134,,1376256,1505226
gardens,toast,2048,jpeg-replacement-q80-whole,level,262144,116677,3,24.07045,0.7259134,,1376256,1505226
gardens,toast,2048,jpeg-replacement-q80-whole,level,524288,433757,4,27.58952,0.888656,,5570560,1505226
gardens,toast,2048,jpeg-replacement-q80-whole,level,1048576,433757,4,27.58952,0.888656,,5570560,1505226
gardens,toast,2048,jpeg-replacement-q80-whole,level,1505226,1505226,5,32.59879,0.9737931,,22347776,1505226
gardens,toast,2048,jpeg-replacement-q80-whole,gain,8192,6648,1,19.82845,0.4546799,,65536,1505226
gardens,toast,2048,jpeg-replacement-q80-whole,gain,16384,6648,1,19.82845,0.4546799,,65536,1505226
gardens,toast,2048,jpeg-replacement-q80-whole,gain,32768,30198,2,21.63678,0.5577575,,327680,1505226
gardens,toast,2048,jpeg-replacement-q80-whole,gain,65536,30198,2,21.63678,0.5577575,,327680,1505226
gardens,toast,2048,jpeg-replacement-q80-whole,gain,131072,116677,3,24.07045,0.7259134,,1376256,1505226
gardens,toast,2048,jpeg-replacement-q80-whole,gain,262144,116677,3,24.07045,0.7259134,,1376256,1505226
gardens,toast,2048,jpeg-replacement-q80-whole,gain,524288,433757,4,27.58952,0.888656,,5570560,1505226
gardens,toast,2048,jpeg-replacement-q80-whole,gain,1048576,433757,4,27.58952,0.888656,,5570560,1505226
gardens,toast,2048,jpeg-replacement-q80-whole,gain,1505226,1505226,5,32.59879,0.9737931,,22347776,1505226
gardens,toast,2048,jpeg-replacement-q80-whole,view,8192,6648,1,19.82845,0.4546799,19.11134,65536,1505226
gardens,toast,2048,jpeg-replacement-q80-whole,view,16384,6648,1,19.82845,0.4546799,19.11134,65536,1505226
gardens,toast,2048,jpeg-replacement-q80-whole,view,32768,30198,2,21.63678,0.5577575,20.65045,327680,1505226
gardens,toast,2048,jpeg-replacement-q80-whole,view,65536,30198,2,21.63678,0.5577575,20.65045,327680,1505226
gardens,toast,2048,jpeg-replacement-q80-whole,view,131072,116677,3,24.07045,0.7259134,22.81095,1376256,1505226
gardens,toast,2048,jpeg-replacement-q80-whole,view,262144,116677,3,24.07045,0.7259134,22.81095,1376256,1505226
gardens,toast,2048,jpeg-replacement-q80-whole,view,524288,433757,4,27.58952,0.888656,26.1339,5570560,1505226
gardens,toast,2048,jpeg-replacement-q80-whole,view,1048576,433757,4,27.58952,0.888656,26.1339,5570560,1505226
gardens,toast,2048,jpeg-replacement-q80-whole,view,1505226,1505226,5,32.59879,0.9737931,31.09106,22347776,1505226
gardens,toast,2048,jpeg-replacement-q80-whole,view-direct,8192,6648,1,19.82845,0.4546799,19.11134,65536,1505226
gardens,toast,2048,jpeg-replacement-q80-whole,view-direct,16384,6648,1,19.82845,0.4546799,19.11134,65536,1505226
gardens,toast,2048,jpeg-replacement-q80-whole,view-direct,32768,6648,1,19.82845,0.4546799,19.11134,65536,1505226
gardens,toast,2048,jpeg-replacement-q80-whole,view-direct,65536,6648,1,19.82845,0.4546799,19.11134,65536,1505226
gardens,toast,2048,jpeg-replacement-q80-whole,view-direct,131072,6648,1,19.82845,0.4546799,19.11134,65536,1505226
gardens,toast,2048,jpeg-replacement-q80-whole,view-direct,262144,6648,1,19.82845,0.4546799,19.11134,65536,1505226
gardens,toast,2048,jpeg-replacement-q80-whole,view-direct,524288,6648,1,19.82845,0.4546799,19.11134,65536,1505226
gardens,toast,2048,jpeg-replacement-q80-whole,view-direct,1048576,6648,1,19.82845,0.4546799,19.11134,65536,1505226
gardens,toast,2048,jpeg-replacement-q80-whole,view-direct,1505226,1505226,5,32.59879,0.9737931,31.09106,22347776,1505226
stadium,toast,2048,exact,all,,12582912,,37.19861,0.9596059,,,
stadium,toast,2048,exact,coarse,,49152,,25.35427,0.5449487,,,
stadium,toast,2048,haar-residual-d12,level,8192,0,0,,,,0,1334918
stadium,toast,2048,haar-residual-d12,level,16384,0,0,,,,0,1334918
stadium,toast,2048,haar-residual-d12,level,32768,29231,1,25.30096,0.5448795,,65536,1334918
stadium,toast,2048,haar-residual-d12,level,65536,29231,1,25.30096,0.5448795,,65536,1334918
stadium,toast,2048,haar-residual-d12,level,131072,115289,3,27.51151,0.6363285,,589824,1334918
stadium,toast,2048,haar-residual-d12,level,262144,248242,7,28.81145,0.737383,,1638400,1334918
stadium,toast,2048,haar-residual-d12,level,524288,522705,21,30.77017,0.836844,,5308416,1334918
stadium,toast,2048,haar-residual-d12,level,1048576,1037264,69,33.18903,0.9120752,,17891328,1334918
stadium,toast,2048,haar-residual-d12,level,1334918,1334918,86,34.41929,0.9512006,,22347776,1334918
stadium,toast,2048,haar-residual-d12,gain,8192,0,0,,,,0,1334918
stadium,toast,2048,haar-residual-d12,gain,16384,0,0,,,,0,1334918
stadium,toast,2048,haar-residual-d12,gain,32768,29231,1,25.30096,0.5448795,,65536,1334918
stadium,toast,2048,haar-residual-d12,gain,65536,29231,1,25.30096,0.5448795,,65536,1334918
stadium,toast,2048,haar-residual-d12,gain,131072,112896,3,27.23189,0.6378282,,589824,1334918
stadium,toast,2048,haar-residual-d12,gain,262144,260462,10,28.94676,0.7468483,,2424832,1334918
stadium,toast,2048,haar-residual-d12,gain,524288,501334,20,30.5306,0.8353377,,5046272,1334918
stadium,toast,2048,haar-residual-d12,gain,1048576,1045069,54,33.17977,0.9258778,,13959168,1334918
stadium,toast,2048,haar-residual-d12,gain,1334918,1334918,86,34.41929,0.9512006,,22347776,1334918
stadium,toast,2048,haar-residual-d12,view,8192,0,0,,,,0,1334918
stadium,toast,2048,haar-residual-d12,view,16384,0,0,,,,0,1334918
stadium,toast,2048,haar-residual-d12,view,32768,29231,1,25.30096,0.5448795,21.97765,65536,1334918
stadium,toast,2048,haar-residual-d12,view,65536,29231,1,25.30096,0.5448795,21.97765,65536,1334918
stadium,toast,2048,haar-residual-d12,view,131072,114881.6,3,28.2266,0.6864241,23.5153,589824,1334918
stadium,toast,2048,haar-residual-d12,view,262144,250239.7,10.75,30.76536,0.8270193,23.77108,2621440,1334918
stadium,toast,2048,haar-residual-d12,view,524288,510427,28,34.17206,0.9435808,24.90574,7143424,1334918
stadium,toast,2048,haar-residual-d12,view,1048576,1038762,63.25,34.41929,0.9512006,29.10355,16384000,1334918
stadium,toast,2048,haar-residual-d12,view,1334918,1334918,86,34.41929,0.9512006,31.92214,22347776,1334918
stadium,toast,2048,haar-residual-d12-p0.5,level,8192,0,0,,,,0,1203953
stadium,toast,2048,haar-residual-d12-p0.5,level,16384,0,0,,,,0,1203953
stadium,toast,2048,haar-residual-d12-p0.5,level,32768,16896,1,24.57962,0.5442836,,65536,1203953
stadium,toast,2048,haar-residual-d12-p0.5,level,65536,48868,2,25.86184,0.6091969,,327680,1203953
stadium,toast,2048,haar-residual-d12-p0.5,level,131072,122197,5,27.00501,0.6926675,,1114112,1203953
stadium,toast,2048,haar-residual-d12-p0.5,level,262144,258992,13,28.16764,0.774492,,3211264,1203953
stadium,toast,2048,haar-residual-d12-p0.5,level,524288,516984,27,29.59009,0.8593182,,6881280,1203953
stadium,toast,2048,haar-residual-d12-p0.5,level,1048576,1030521,77,31.5819,0.922642,,19988480,1203953
stadium,toast,2048,haar-residual-d12-p0.5,level,1203953,1203953,86,32.14363,0.9428438,,22347776,1203953
stadium,toast,2048,haar-residual-d12-p0.5,gain,8192,0,0,,,,0,1203953
stadium,toast,2048,haar-residual-d12-p0.5,gain,16384,0,0,,,,0,1203953
stadium,toast,2048,haar-residual-d12-p0.5,gain,32768,16896,1,24.57962,0.5442836,,65536,1203953
stadium,toast,2048,haar-residual-d12-p0.5,gain,65536,48868,2,25.86184,0.6091969,,327680,1203953
stadium,toast,2048,haar-residual-d12-p0.5,gain,131072,121595,5,26.90629,0.6893061,,1114112,1203953
stadium,toast,2048,haar-residual-d12-p0.5,gain,262144,251383,13,27.90614,0.7769384,,3211264,1203953
stadium,toast,2048,haar-residual-d12-p0.5,gain,524288,523509,28,29.67662,0.8653561,,7143424,1203953
stadium,toast,2048,haar-residual-d12-p0.5,gain,1048576,1042453,63,31.54236,0.9275807,,16318464,1203953
stadium,toast,2048,haar-residual-d12-p0.5,gain,1203953,1203953,86,32.14363,0.9428438,,22347776,1203953
stadium,toast,2048,haar-residual-d12-p0.5,view,8192,0,0,,,,0,1203953
stadium,toast,2048,haar-residual-d12-p0.5,view,16384,0,0,,,,0,1203953
stadium,toast,2048,haar-residual-d12-p0.5,view,32768,16896,1,24.57962,0.5442836,21.58317,65536,1203953
stadium,toast,2048,haar-residual-d12-p0.5,view,65536,48868,2,25.86184,0.6091969,22.90957,327680,1203953
stadium,toast,2048,haar-residual-d12-p0.5,view,131072,121028.9,5.416667,27.80706,0.7472774,23.1065,1223339,1203953
stadium,toast,2048,haar-residual-d12-p0.5,view,262144,250269.8,18.08333,30.36941,0.8781976,23.26176,4543829,1203953
stadium,toast,2048,haar-residual-d12-p0.5,view,524288,515417.2,33.33333,32.09991,0.9413768,25.52173,8541525,1203953
stadium,toast,2048,haar-residual-d12-p0.5,view,1048576,1034402,75.83333,32.14363,0.9428438,29.25557,19682650,1203953
stadium,toast,2048,haar-residual-d12-p0.5,view,1203953,1203953,86,32.14363,0.9428438,30.48664,22347776,1203953
stadium,toast,2048,jpeg-residual-q80,level,8192,5226,1,24.16663,0.5371754,,65536,1068835
stadium,toast,2048,jpeg-residual-q80,level,16384,5226,1,24.16663,0.5371754,,65536,1068835
stadium,toast,2048,jpeg-residual-q80,level,32768,19673,2,25.85085,0.5953441,,327680,1068835
stadium,toast,2048,jpeg-residual-q80,level,65536,60808,5,27.39825,0.6780515,,1114112,1068835
stadium,toast,2048,jpeg-residual-q80,level,131072,123885,9,28.29764,0.7389017,,2162688,1068835
stadium,toast,2048,jpeg-residual-q80,level,262144,248738,20,29.96412,0.8150679,,5046272,1068835
stadium,toast,2048,jpeg-residual-q80,level,524288,509929,36,31.21113,0.8726138,,9240576,1068835
stadium,toast,2048,jpeg-residual-q80,level,1048576,1028951,84,34.09071,0.9426176,,21823488,1068835
stadium,toast,2048,jpeg-residual-q80,level,1068835,1068835,86,34.28999,0.9486734,,22347776,1068835
stadium,toast,2048,jpeg-residual-q80,gain,8192,5226,1,24.16663,0.5371754,,65536,1068835
stadium,toast,2048,jpeg-residual-q80,gain,16384,5226,1,24.16663,0.5371754,,65536,1068835
stadium,toast,2048,jpeg-residual-q80,gain,32768,32764,3,26.17308,0.6202997,,589824,1068835
stadium,toast,2048,jpeg-residual-q80,gain,65536,60969,5,27.2048,0.6742588,,1114112,1068835
stadium,toast,2048,jpeg-residual-q80,gain,131072,119541,9,28.15466,0.739735,,2162688,1068835
stadium,toast,2048,jpeg-residual-q80,gain,262144,259297,19,29.7518,0.8244408,,4784128,1068835
stadium,toast,2048,jpeg-residual-q80,gain,524288,513824,35,31.23696,0.8823549,,8978432,1068835
stadium,toast,2048,jpeg-residual-q80,gain,1048576,1048447,75,33.84994,0.9474145,,19464192,1068835
stadium,toast,2048,jpeg-residual-q80,gain,1068835,1068835,86,34.28999,0.9486734,,22347776,1068835
stadium,toast,2048,jpeg-residual-q80,view,8192,5226,1,24.16663,0.5371754,21.27767,65536,1068835
stadium,toast,2048,jpeg-residual-q80,view,16384,5226,1,24.16663,0.5371754,21.27767,65536,1068835
stadium,toast,2048,jpeg-residual-q80,view,32768,24009.83,2.333333,26.41901,0.6341442,22.74834,415061.3,1068835
stadium,toast,2048,jpeg-residual-q80,view,65536,59773.83,5.166667,28.03861,0.7234903,23.07311,1157803,1068835
stadium,toast,2048,jpeg-residual-q80,view,131072,124706.9,12.16667,30.56424,0.8375191,23.18714,2992811,1068835
stadium,toast,2048,jpeg-residual-q80,view,262144,254884.3,23.66667,33.36179,0.9201575,23.49866,6007467,1068835
stadium,toast,2048,jpeg-residual-q80,view,524288,516454,40.91667,34.28999,0.9486734,27.41444,10529450,1068835
stadium,toast,2048,jpeg-residual-q80,view,1048576,1031041,84,34.28999,0.9486734,31.14053,21823488,1068835
stadium,toast,2048,jpeg-residual-q80,view,1068835,1068835,86,34.28999,0.9486734,31.60749,22347776,1068835
stadium,toast,2048,jpeg-replacement-q80,level,8192,5226,1,24.16663,0.5371754,,65536,1312245
stadium,toast,2048,jpeg-replacement-q80,level,16384,5226,1,24.16663,0.5371754,,65536,1312245
stadium,toast,2048,jpeg-replacement-q80,level,32768,23376,2,25.83959,0.5955048,,327680,1312245
stadium,toast,2048,jpeg-replacement-q80,level,65536,56036,4,26.94483,0.6481673,,851968,1312245
stadium,toast,2048,jpeg-replacement-q80,level,131072,114536,7,27.91186,0.7173685,,1638400,1312245
stadium,toast,2048,jpeg-replacement-q80,level,262144,261882,18,29.72816,0.7918593,,4521984,1312245
stadium,toast,2048,jpeg-replacement-q80,level,524288,506342,29,30.81137,0.8600583,,7405568,1312245
stadium,toast,2048,jpeg-replacement-q80,level,1048576,1043968,73,33.5441,0.9192502,,18939904,1312245
stadium,toast,2048,jpeg-replacement-q80,level,1312245,1312245,86,34.43873,0.9490184,,22347776,1312245
stadium,toast,2048,jpeg-replacement-q80,gain,8192,5226,1,24.16663,0.5371754,,65536,1312245
stadium,toast,2048,jpeg-replacement-q80,gain,16384,5226,1,24.16663,0.5371754,,65536,1312245
stadium,toast,2048,jpeg-replacement-q80,gain,32768,23376,2,25.83959,0.5955048,,327680,1312245
stadium,toast,2048,jpeg-replacement-q80,gain,65536,58314,4,26.5986,0.6505807,,851968,1312245
stadium,toast,2048,jpeg-replacement-q80,gain,131072,122339,8,28.07176,0.7258581,,1900544,1312245
stadium,toast,2048,jpeg-replacement-q80,gain,262144,243590,14,28.97721,0.7900698,,3473408,1312245
stadium,toast,2048,jpeg-replacement-q80,gain,524288,518014,30,30.90876,0.8678164,,7667712,1312245
stadium,toast,2048,jpeg-replacement-q80,gain,1048576,1038985,58,32.96179,0.9271428,,15007744,1312245
stadium,toast,2048,jpeg-replacement-q80,gain,1312245,1312245,86,34.43873,0.9490184,,22347776,1312245
stadium,toast,2048,jpeg-replacement-q80,view,8192,5226,1,24.16663,0.5371754,21.27767,65536,1312245
stadium,toast,2048,jpeg-replacement-q80,view,16384,5226,1,24.16663,0.5371754,21.27767,65536,1312245
stadium,toast,2048,jpeg-replacement-q80,view,32768,23376,2,25.83959,0.5955048,22.74088,327680,1312245
stadium,toast,2048,jpeg-replacement-q80,view,65536,57393,4.083333,27.62772,0.6958028,22.92235,873813.3,1312245
stadium,toast,2048,jpeg-replacement-q80,view,131072,121168,9.333333,30.0072,0.8052953,23.20911,2250069,1312245
stadium,toast,2048,jpeg-replacement-q80,view,262144,253299.3,20.08333,32.84118,0.8992436,23.32722,5068117,1312245
stadium,toast,2048,jpeg-replacement-q80,view,524288,512289.3,34.5,34.40136,0.9480044,25.89207,8847360,1312245
stadium,toast,2048,jpeg-replacement-q80,view,1048576,1042707,71.25,34.43873,0.9490184,29.72595,18481152,1312245
stadium,toast,2048,jpeg-replacement-q80,view,1312245,1312245,86,34.43873,0.9490184,31.6722,22347776,1312245
stadium,toast,2048,jpeg-replacement-q80,view-direct,8192,5557.333,1.166667,24.2119,0.5372819,21.27767,109226.7,1312245
stadium,toast,2048,jpeg-replacement-q80,view-direct,16384,9587.417,2.583333,24.8286,0.5437941,21.27767,480597.3,1312245
stadium,toast,2048,jpeg-replacement-q80,view-direct,32768,27105.67,5.083333,25.75151,0.5992682,21.27767,1135957,1312245
stadium,toast,2048,jpeg-replacement-q80,view-direct,65536,54089.58,7.416667,27.4373,0.6734306,21.27767,1747627,1312245
stadium,toast,2048,jpeg-replacement-q80,view-direct,131072,124413.5,11.83333,30.71588,0.8202912,21.56858,2905429,1312245
stadium,toast,2048,jpeg-replacement-q80,view-direct,262144,251671.7,19.33333,33.85768,0.9305656,22.49824,4871509,1312245
stadium,toast,2048,jpeg-replacement-q80,view-direct,524288,513005.8,35.08333,34.43873,0.9490184,26.51246,9000277,1312245
stadium,toast,2048,jpeg-replacement-q80,view-direct,1048576,1042707,71.25,34.43873,0.9490184,29.72595,18481152,1312245
stadium,toast,2048,jpeg-replacement-q80,view-direct,1312245,1312245,86,34.43873,0.9490184,31.6722,22347776,1312245
stadium,toast,2048,webp-replacement-q80,level,8192,4402,1,24.19841,0.5413983,,65536,1133432
stadium,toast,2048,webp-replacement-q80,level,16384,4402,1,24.19841,0.5413983,,65536,1133432
stadium,toast,2048,webp-replacement-q80,level,32768,19694,2,25.94284,0.6027846,,327680,1133432
stadium,toast,2048,webp-replacement-q80,level,65536,61714,5,27.44451,0.6849142,,1114112,1133432
stadium,toast,2048,webp-replacement-q80,level,131072,129972,9,28.36901,0.7457127,,2162688,1133432
stadium,toast,2048,webp-replacement-q80,level,262144,258520,20,29.97823,0.8197676,,5046272,1133432
stadium,toast,2048,webp-replacement-q80,level,524288,516350,32,30.92406,0.8717992,,8192000,1133432
stadium,toast,2048,webp-replacement-q80,level,1048576,1034722,81,33.9082,0.9401831,,21037056,1133432
stadium,toast,2048,webp-replacement-q80,level,1133432,1133432,86,34.1951,0.9487753,,22347776,1133432
stadium,toast,2048,webp-replacement-q80,gain,8192,4402,1,24.19841,0.5413983,,65536,1133432
stadium,toast,2048,webp-replacement-q80,gain,16384,4402,1,24.19841,0.5413983,,65536,1133432
stadium,toast,2048,webp-replacement-q80,gain,32768,19694,2,25.94284,0.6027846,,327680,1133432
stadium,toast,2048,webp-replacement-q80,gain,65536,61332,5,27.17391,0.6865054,,1114112,1133432
stadium,toast,2048,webp-replacement-q80,gain,131072,115804,11,28.21627,0.7264077,,2686976,1133432
stadium,toast,2048,webp-replacement-q80,gain,262144,242136,19,29.77643,0.8056941,,4784128,1133432
stadium,toast,2048,webp-replacement-q80,gain,524288,507876,35,31.15081,0.8762193,,8978432,1133432
stadium,toast,2048,webp-replacement-q80,gain,1048576,1030858,68,33.47183,0.9395971,,17629184,1133432
stadium,toast,2048,webp-replacement-q80,gain,1133432,1133432,86,34.1951,0.9487753,,22347776,1133432
stadium,toast,2048,webp-replacement-q80,view,8192,4402,1,24.19841,0.5413983,21.31516,65536,1133432
stadium,toast,2048,webp-replacement-q80,view,16384,4402,1,24.19841,0.5413983,21.31516,65536,1133432
stadium,toast,2048,webp-replacement-q80,view,32768,21852.33,2.166667,26.23816,0.6206447,22.82018,371370.7,1133432
stadium,toast,2048,webp-replacement-q80,view,65536,59035.83,5.083333,28.04466,0.7229929,23.1302,1135957,1133432
stadium,toast,2048,webp-replacement-q80,view,131072,122180.7,12.41667,30.47939,0.8318036,23.24941,3058347,1133432
stadium,toast,2048,webp-replacement-q80,view,262144,254569.5,23.16667,33.03066,0.9122688,23.56433,5876395,1133432
stadium,toast,2048,webp-replacement-q80,view,524288,514881.7,38.58333,34.17926,0.9483418,27.18793,9917781,1133432
stadium,toast,2048,webp-replacement-q80,view,1048576,1035879,80.75,34.1951,0.9487753,30.88463,20971520,1133432
stadium,toast,2048,webp-replacement-q80,view,1133432,1133432,86,34.1951,0.9487753,31.67642,22347776,1133432
stadium,toast,2048,webp-replacement-q80,view-direct,8192,5469.833,2.25,24.71126,0.5434342,21.31516,393216,1133432
stadium,toast,2048,webp-replacement-q80,view-direct,16384,9532.833,4.583333,25.48052,0.5569041,21.31516,1004885,1133432
stadium,toast,2048,webp-replacement-q80,view-direct,32768,24592.5,6.333333,26.56113,0.6096091,21.31516,1463637,1133432
stadium,toast,2048,webp-replacement-q80,view-direct,65536,55616.33,8.583333,27.69198,0.7002811,21.50895,2053461,1133432
stadium,toast,2048,webp-replacement-q80,view-direct,131072,121408.5,13.25,30.85308,0.8340435,21.78957,3276800,1133432
stadium,toast,2048,webp-replacement-q80,view-direct,262144,252872.2,22.33333,33.6691,0.9313444,23.2052,5657941,1133432
stadium,toast,2048,webp-replacement-q80,view-direct,524288,514092.5,39.08333,34.1951,0.9487753,27.43817,10048850,1133432
stadium,toast,2048,webp-replacement-q80,view-direct,1048576,1035879,80.75,34.1951,0.9487753,30.88463,20971520,1133432
stadium,toast,2048,webp-replacement-q80,view-direct,1133432,1133432,86,34.1951,0.9487753,31.67642,22347776,1133432
stadium,toast,2048,jpeg-replacement-q80-whole,level,8192,5226,1,24.16663,0.5371754,,65536,1298381
stadium,toast,2048,jpeg-replacement-q80-whole,level,16384,5226,1,24.16663,0.5371754,,65536,1298381
stadium,toast,2048,jpeg-replacement-q80-whole,level,32768,23376,2,25.83959,0.5955048,,327680,1298381
stadium,toast,2048,jpeg-replacement-q80-whole,level,65536,23376,2,25.83959,0.5955048,,327680,1298381
stadium,toast,2048,jpeg-replacement-q80-whole,level,131072,89834,3,27.80269,0.7032371,,1376256,1298381
stadium,toast,2048,jpeg-replacement-q80-whole,level,262144,89834,3,27.80269,0.7032371,,1376256,1298381
stadium,toast,2048,jpeg-replacement-q80-whole,level,524288,343454,4,30.34345,0.8401711,,5570560,1298381
stadium,toast,2048,jpeg-replacement-q80-whole,level,1048576,343454,4,30.34345,0.8401711,,5570560,1298381
stadium,toast,2048,jpeg-replacement-q80-whole,level,1298381,1298381,5,34.44125,0.9490195,,22347776,1298381
stadium,toast,2048,jpeg-replacement-q80-whole,gain,8192,5226,1,24.16663,0.5371754,,65536,1298381
stadium,toast,2048,jpeg-replacement-q80-whole,gain,16384,5226,1,24.16663,0.5371754,,65536,1298381
stadium,toast,2048,jpeg-replacement-q80-whole,gain,32768,23376,2,25.83959,0.5955048,,327680,1298381
stadium,toast,2048,jpeg-replacement-q80-whole,gain,65536,23376,2,25.83959,0.5955048,,327680,1298381
stadium,toast,2048,jpeg-replacement-q80-whole,gain,131072,89834,3,27.80269,0.7032371,,1376256,1298381
stadium,toast,2048,jpeg-replacement-q80-whole,gain,262144,89834,3,27.80269,0.7032371,,1376256,1298381
stadium,toast,2048,jpeg-replacement-q80-whole,gain,524288,343454,4,30.34345,0.8401711,,5570560,1298381
stadium,toast,2048,jpeg-replacement-q80-whole,gain,1048576,343454,4,30.34345,0.8401711,,5570560,1298381
stadium,toast,2048,jpeg-replacement-q80-whole,gain,1298381,1298381,5,34.44125,0.9490195,,22347776,1298381
stadium,toast,2048,jpeg-replacement-q80-whole,view,8192,5226,1,24.16663,0.5371754,21.27767,65536,1298381
stadium,toast,2048,jpeg-replacement-q80-whole,view,16384,5226,1,24.16663,0.5371754,21.27767,65536,1298381
stadium,toast,2048,jpeg-replacement-q80-whole,view,32768,23376,2,25.83959,0.5955048,22.74088,327680,1298381
stadium,toast,2048,jpeg-replacement-q80-whole,view,65536,23376,2,25.83959,0.5955048,22.74088,327680,1298381
stadium,toast,2048,jpeg-replacement-q80-whole,view,131072,89834,3,27.80269,0.7032371,24.61094,1376256,1298381
stadium,toast,2048,jpeg-replacement-q80-whole,view,262144,89834,3,27.80269,0.7032371,24.61094,1376256,1298381
stadium,toast,2048,jpeg-replacement-q80-whole,view,524288,343454,4,30.34345,0.8401711,27.24395,5570560,1298381
stadium,toast,2048,jpeg-replacement-q80-whole,view,1048576,343454,4,30.34345,0.8401711,27.24395,5570560,1298381
stadium,toast,2048,jpeg-replacement-q80-whole,view,1298381,1298381,5,34.44125,0.9490195,31.67352,22347776,1298381
stadium,toast,2048,jpeg-replacement-q80-whole,view-direct,8192,5226,1,24.16663,0.5371754,21.27767,65536,1298381
stadium,toast,2048,jpeg-replacement-q80-whole,view-direct,16384,5226,1,24.16663,0.5371754,21.27767,65536,1298381
stadium,toast,2048,jpeg-replacement-q80-whole,view-direct,32768,5226,1,24.16663,0.5371754,21.27767,65536,1298381
stadium,toast,2048,jpeg-replacement-q80-whole,view-direct,65536,5226,1,24.16663,0.5371754,21.27767,65536,1298381
stadium,toast,2048,jpeg-replacement-q80-whole,view-direct,131072,5226,1,24.16663,0.5371754,21.27767,65536,1298381
stadium,toast,2048,jpeg-replacement-q80-whole,view-direct,262144,5226,1,24.16663,0.5371754,21.27767,65536,1298381
stadium,toast,2048,jpeg-replacement-q80-whole,view-direct,524288,5226,1,24.16663,0.5371754,21.27767,65536,1298381
stadium,toast,2048,jpeg-replacement-q80-whole,view-direct,1048576,1044761,4,34.44125,0.9490195,31.67352,18153472,1298381
stadium,toast,2048,jpeg-replacement-q80-whole,view-direct,1298381,1298381,5,34.44125,0.9490195,31.67352,22347776,1298381
superblock,toast,2048,exact,all,,12582912,,32.62769,0.9679212,,,
superblock,toast,2048,exact,coarse,,49152,,19.11491,0.2875363,,,
superblock,toast,2048,haar-residual-d12,level,8192,0,0,,,,0,2105729
superblock,toast,2048,haar-residual-d12,level,16384,0,0,,,,0,2105729
superblock,toast,2048,haar-residual-d12,level,32768,0,0,,,,0,2105729
superblock,toast,2048,haar-residual-d12,level,65536,34889,1,19.11321,0.2874898,,65536,2105729
superblock,toast,2048,haar-residual-d12,level,131072,108673,2,20.45846,0.4035,,327680,2105729
superblock,toast,2048,haar-residual-d12,level,262144,211203,4,21.5244,0.5077792,,851968,2105729
superblock,toast,2048,haar-residual-d12,level,524288,518712,12,23.65832,0.6912312,,2949120,2105729
superblock,toast,2048,haar-residual-d12,level,1048576,1025713,29,26.47829,0.853873,,7405568,2105729
superblock,toast,2048,haar-residual-d12,level,2097152,2078071,85,30.82924,0.9592827,,22085632,2105729
superblock,toast,2048,haar-residual-d12,level,2105729,2105729,86,30.95602,0.9613264,,22347776,2105729
superblock,toast,2048,haar-residual-d12,gain,8192,0,0,,,,0,2105729
superblock,toast,2048,haar-residual-d12,gain,16384,0,0,,,,0,2105729
superblock,toast,2048,haar-residual-d12,gain,32768,0,0,,,,0,2105729
superblock,toast,2048,haar-residual-d12,gain,65536,34889,1,19.11321,0.2874898,,65536,2105729
superblock,toast,2048,haar-residual-d12,gain,131072,108673,2,20.45846,0.4035,,327680,2105729
superblock,toast,2048,haar-residual-d12,gain,262144,228674,4,21.34881,0.5107968,,851968,2105729
superblock,toast,2048,haar-residual-d12,gain,524288,499118,10,24.04421,0.7024333,,2424832,2105729
superblock,toast,2048,haar-residual-d12,gain,1048576,1044817,27,26.65206,0.8555976,,6881280,2105729
superblock,toast,2048,haar-residual-d12,gain,2097152,2092162,85,30.93102,0.9605602,,22085632,2105729
superblock,toast,2048,haar-residual-d12,gain,2105729,2105729,86,30.95602,0.9613264,,22347776,2105729
superblock,toast,2048,haar-residual-d12,view,8192,0,0,,,,0,2105729
superblock,toast,2048,haar-residual-d12,view,16384,0,0,,,,0,2105729
superblock,toast,2048,haar-residual-d12,view,32768,0,0,,,,0,2105729
superblock,toast,2048,haar-residual-d12,view,65536,34889,1,19.11321,0.2874898,19.17649,65536,2105729
superblock,toast,2048,haar-residual-d12,view,131072,108673,2,20.45846,0.4035,20.43562,327680,2105729
superblock,toast,2048,haar-residual-d12,view,262144,234518.3,4.583333,22.80319,0.6189594,20.62483,1004885,2105729
superblock,toast,2048,haar-residual-d12,view,524288,512529.3,13.75,27.62352,0.8853317,21.02015,3407872,2105729
superblock,toast,2048,haar-residual-d12,view,1048576,1030005,33.25,30.95602,0.9613264,23.65832,8519680,2105729
superblock,toast,2048,haar-residual-d12,view,2097152,2079381,85,30.95602,0.9613264,30.41988,22085632,2105729
superblock,toast,2048,haar-residual-d12,view,2105729,2105729,86,30.95602,0.9613264,30.64047,22347776,2105729
superblock,toast,2048,haar-residual-d12-p0.5,level,8192,0,0,,,,0,1896923
superblock,toast,2048,haar-residual-d12-p0.5,level,16384,0,0,,,,0,1896923
superblock,toast,2048,haar-residual-d12-p0.5,level,32768,22216,1,19.08569,0.2873217,,65536,1896923
superblock,toast,2048,haar-residual-d12-p0.5,level,65536,22216,1,19.08569,0.2873217,,65536,1896923
superblock,toast,2048,haar-residual-d12-p0.5,level,131072,106466,3,20.82602,0.4514666,,589824,1896923
superblock,toast,2048,haar-residual-d12-p0.5,level,262144,254938,7,22.46056,0.6254946,,1638400,1896923
superblock,toast,2048,haar-residual-d12-p0.5,level,524288,511391,16,24.52773,0.7580817,,3997696,1896923
superblock,toast,2048,haar-residual-d12-p0.5,level,1048576,1046595,45,26.57317,0.8737101,,11599872,1896923
superblock,toast,2048,haar-residual-d12-p0.5,level,1896923,1896923,86,29.35354,0.9546167,,22347776,1896923
superblock,toast,2048,haar-residual-d12-p0.5,gain,8192,0,0,,,,0,1896923
superblock,toast,2048,haar-residual-d12-p0.5,gain,16384,0,0,,,,0,1896923
superblock,toast,2048,haar-residual-d12-p0.5,gain,32768,22216,1,19.08569,0.2873217,,65536,1896923
superblock,toast,2048,haar-residual-d12-p0.5,gain,65536,22216,1,19.08569,0.2873217,,65536,1896923
superblock,toast,2048,haar-residual-d12-p0.5,gain,131072,112900,3,20.86412,0.4607091,,589824,1896923
superblock,toast,2048,haar-residual-d12-p0.5,gain,262144,227781,6,22.36491,0.6120519,,1376256,1896923
superblock,toast,2048,haar-residual-d12-p0.5,gain,524288,519588,15,24.41165,0.7628822,,3735552,1896923
superblock,toast,2048,haar-residual-d12-p0.5,gain,1048576,1048136,37,26.54947,0.8721519,,9502720,1896923
superblock,toast,2048,haar-residual-d12-p0.5,gain,1896923,1896923,86,29.35354,0.9546167,,22347776,1896923
superblock,toast,2048,haar-residual-d12-p0.5,view,8192,0,0,,,,0,1896923
superblock,toast,2048,haar-residual-d12-p0.5,view,16384,0,0,,,,0,1896923
superblock,toast,2048,haar-residual-d12-p0.5,view,32768,22216,1,19.08569,0.2873217,19.14993,65536,1896923
superblock,toast,2048,haar-residual-d12-p0.5,view,65536,22216,1,19.08569,0.2873217,19.14993,65536,1896923
superblock,toast,2048,haar-residual-d12-p0.5,view,131072,108495.5,3,21.44743,0.519278,20.46051,589824,1896923
superblock,toast,2048,haar-residual-d12-p0.5,view,262144,248231.7,7.166667,24.11322,0.7442911,20.91955,1682091,1896923
superblock,toast,2048,haar-residual-d12-p0.5,view,524288,511886.4,19.66667,28.09878,0.9230981,20.91955,4958891,1896923
superblock,toast,2048,haar-residual-d12-p0.5,view,1048576,1040038,40.25,29.35354,0.9546167,25.11627,10354688,1896923
superblock,toast,2048,haar-residual-d12-p0.5,view,1896923,1896923,86,29.35354,0.9546167,29.11026,22347776,1896923
superblock,toast,2048,jpeg-residual-q80,level,8192,6104,1,18.51529,0.2778975,,65536,1418589
superblock,toast,2048,jpeg-residual-q80,level,16384,6104,1,18.51529,0.2778975,,65536,1418589
superblock,toast,2048,jpeg-residual-q80,level,32768,24509,2,19.72276,0.3814479,,327680,1418589
superblock,toast,2048,jpeg-residual-q80,level,65536,59039,4,20.65316,0.4825344,,851968,1418589
superblock,toast,2048,jpeg-residual-q80,level,131072,129654,8,21.71077,0.6064419,,1900544,1418589
superblock,toast,2048,jpeg-residual-q80,level,262144,251215,15,23.07835,0.7136574,,3735552,1418589
superblock,toast,2048,jpeg-residual-q80,level,524288,520755,30,24.86076,0.8352472,,7667712,1418589
superblock,toast,2048,jpeg-residual-q80,level,1048576,1031956,64,27.50704,0.9068024,,16580608,1418589
superblock,toast,2048,jpeg-residual-q80,level,1418589,1418589,86,29.22988,0.9568663,,22347776,1418589
superblock,toast,2048,jpeg-residual-q80,gain,8192,6104,1,18.51529,0.2778975,,65536,1418589
superblock,toast,2048,jpeg-residual-q80,gain,16384,6104,1,18.51529,0.2778975,,65536,1418589
superblock,toast,2048,jpeg-residual-q80,gain,32768,24509,2,19.72276,0.3814479,,327680,1418589
superblock,toast,2048,jpeg-residual-q80,gain,65536,64427,4,20.47193,0.4849655,,851968,1418589
superblock,toast,2048,jpeg-residual-q80,gain,131072,123197,7,21.81486,0.6112709,,1638400,1418589
superblock,toast,2048,jpeg-residual-q80,gain,262144,255267,14,23.11604,0.7100171,,3473408,1418589
superblock,toast,2048,jpeg-residual-q80,gain,524288,519133,28,24.99901,0.8356372,,7143424,1418589
superblock,toast,2048,jpeg-residual-q80,gain,1048576,1038797,58,27.47428,0.9129757,,15007744,1418589
superblock,toast,2048,jpeg-residual-q80,gain,1418589,1418589,86,29.22988,0.9568663,,22347776,1418589
superblock,toast,2048,jpeg-residual-q80,view,8192,6104,1,18.51529,0.2778975,18.65852,65536,1418589
superblock,toast,2048,jpeg-residual-q80,view,16384,6104,1,18.51529,0.2778975,18.65852,65536,1418589
superblock,toast,2048,jpeg-residual-q80,view,32768,24509,2,19.72276,0.3814479,19.7698,327680,1418589
superblock,toast,2048,jpeg-residual-q80,view,65536,60537.25,4,21.23285,0.5509567,19.92955,851968,1418589
superblock,toast,2048,jpeg-residual-q80,view,131072,120272.2,7.25,23.22326,0.72641,20.25411,1703936,1418589
superblock,toast,2048,jpeg-residual-q80,view,262144,254922.1,15.33333,26.48895,0.8899626,20.25411,3822933,1418589
superblock,toast,2048,jpeg-residual-q80,view,524288,515792,31,29.22874,0.9568587,21.95432,7929856,1418589
superblock,toast,2048,jpeg-residual-q80,view,1048576,1038080,64.08333,29.22988,0.9568663,25.95019,16602450,1418589
superblock,toast,2048,jpeg-residual-q80,view,1418589,1418589,86,29.22988,0.9568663,29.06628,22347776,1418589
superblock,toast,2048,jpeg-replacement-q80,level,8192,6104,1,18.51529,0.2778975,,65536,1751347
superblock,toast,2048,jpeg-replacement-q80,level,16384,6104,1,18.51529,0.2778975,,65536,1751347
superblock,toast,2048,jpeg-replacement-q80,level,32768,28765,2,19.71922,0.3816198,,327680,1751347
superblock,toast,2048,jpeg-replacement-q80,level,65536,49728,3,20.11667,0.429677,,589824,1751347
superblock,toast,2048,jpeg-replacement-q80,level,131072,119220,6,21.48596,0.5857496,,1376256,1751347
superblock,toast,2048,jpeg-replacement-q80,level,262144,258651,13,22.77803,0.6908573,,3211264,1751347
superblock,toast,2048,jpeg-replacement-q80,level,524288,523678,24,24.49869,0.8232076,,6094848,1751347
superblock,toast,2048,jpeg-replacement-q80,level,1048576,1029891,53,26.53297,0.8838377,,13697024,1751347
superblock,toast,2048,jpeg-replacement-q80,level,1751347,1751347,86,29.16816,0.9569098,,22347776,1751347
superblock,toast,2048,jpeg-replacement-q80,gain,8192,6104,1,18.51529,0.2778975,,65536,1751347
superblock,toast,2048,jpeg-replacement-q80,gain,16384,6104,1,18.51529,0.2778975,,65536,1751347
superblock,toast,2048,jpeg-replacement-q80,gain,32768,28765,2,19.71922,0.3816198,,327680,1751347
superblock,toast,2048,jpeg-replacement-q80,gain,65536,52768,3,20.1314,0.4374718,,589824,1751347
superblock,toast,2048,jpeg-replacement-q80,gain,131072,119220,6,21.48596,0.5857496,,1376256,1751347
superblock,toast,2048,jpeg-replacement-q80,gain,262144,240663,11,22.76754,0.684804,,2686976,1751347
superblock,toast,2048,jpeg-replacement-q80,gain,524288,503687,23,24.51266,0.8214831,,5832704,1751347
superblock,toast,2048,jpeg-replacement-q80,gain,1048576,1022614,47,26.65863,0.8849503,,12124160,1751347
superblock,toast,2048,jpeg-replacement-q80,gain,1751347,1751347,86,29.16816,0.9569098,,22347776,1751347
superblock,toast,2048,jpeg-replacement-q80,view,8192,6104,1,18.51529,0.2778975,18.65852,65536,1751347
superblock,toast,2048,jpeg-replacement-q80,view,16384,6104,1,18.51529,0.2778975,18.65852,65536,1751347
superblock,toast,2048,jpeg-replacement-q80,view,32768,28765,2,19.71922,0.3816198,19.76861,327680,1751347
superblock,toast,2048,jpeg-replacement-q80,view,65536,50575.17,3,20.69359,0.495593,19.85096,589824,1751347
superblock,toast,2048,jpeg-replacement-q80,view,131072,120112.7,6.083333,22.6035,0.6745606,20.25168,1398101,1751347
superblock,toast,2048,jpeg-replacement-q80,view,262144,252222.7,12.41667,25.3783,0.8570164,20.25168,3058347,1751347
superblock,toast,2048,jpeg-replacement-q80,view,524288,513826.3,25.41667,28.99608,0.9529627,20.67544,6466219,1751347
superblock,toast,2048,jpeg-replacement-q80,view,1048576,1040665,52,29.16816,0.9569098,24.75064,13434880,1751347
superblock,toast,2048,jpeg-replacement-q80,view,1751347,1751347,86,29.16816,0.9569098,29.01393,22347776,1751347
superblock,toast,2048,jpeg-replacement-q80,view-direct,8192,6104,1,18.51529,0.2778975,18.65852,65536,1751347
superblock,toast,2048,jpeg-replacement-q80,view-direct,16384,6104,1,18.51529,0.2778975,18.65852,65536,1751347
superblock,toast,2048,jpeg-replacement-q80,view-direct,32768,23636.67,1.916667,18.95261,0.3488519,18.65852,305834.7,1751347
superblock,toast,2048,jpeg-replacement-q80,view-direct,65536,55825,3.666667,19.87432,0.4792715,18.65852,764586.7,1751347
superblock,toast,2048,jpeg-replacement-q80,view-direct,131072,125010.5,7.083333,22.65244,0.7018066,18.65852,1660245,1751347
superblock,toast,2048,jpeg-replacement-q80,view-direct,262144,251298.3,13.5,27.63026,0.917123,18.65852,3342336,1751347
superblock,toast,2048,jpeg-replacement-q80,view-direct,524288,515974,26.16667,29.16816,0.9569098,21.66889,6662827,1751347
superblock,toast,2048,jpeg-replacement-q80,view-direct,1048576,1040665,52,29.16816,0.9569098,24.75064,13434880,1751347
superblock,toast,2048,jpeg-replacement-q80,view-direct,1751347,1751347,86,29.16816,0.9569098,29.01393,22347776,1751347
superblock,toast,2048,webp-replacement-q80,level,8192,5788,1,18.65515,0.2836925,,65536,1675066
superblock,toast,2048,webp-replacement-q80,level,16384,5788,1,18.65515,0.2836925,,65536,1675066
superblock,toast,2048,webp-replacement-q80,level,32768,27978,2,19.89564,0.3943299,,327680,1675066
superblock,toast,2048,webp-replacement-q80,level,65536,48054,3,20.29657,0.4422274,,589824,1675066
superblock,toast,2048,webp-replacement-q80,level,131072,115886,6,21.70787,0.5994586,,1376256,1675066
superblock,toast,2048,webp-replacement-q80,level,262144,246478,13,23.04227,0.7021194,,3211264,1675066
superblock,toast,2048,webp-replacement-q80,level,524288,513292,24,24.87168,0.8321556,,6094848,1675066
superblock,toast,2048,webp-replacement-q80,level,1048576,1034358,56,27.11804,0.893685,,14483456,1675066
superblock,toast,2048,webp-replacement-q80,level,1675066,1675066,86,29.79914,0.9582839,,22347776,1675066
superblock,toast,2048,webp-replacement-q80,gain,8192,5788,1,18.65515,0.2836925,,65536,1675066
superblock,toast,2048,webp-replacement-q80,gain,16384,5788,1,18.65515,0.2836925,,65536,1675066
superblock,toast,2048,webp-replacement-q80,gain,32768,27978,2,19.89564,0.3943299,,327680,1675066
superblock,toast,2048,webp-replacement-q80,gain,65536,51486,3,20.32478,0.4512047,,589824,1675066
superblock,toast,2048,webp-replacement-q80,gain,131072,115886,6,21.70787,0.5994586,,1376256,1675066
superblock,toast,2048,webp-replacement-q80,gain,262144,257654,12,23.16919,0.7043808,,2949120,1675066
superblock,toast,2048,webp-replacement-q80,gain,524288,516100,24,25.02037,0.8345067,,6094848,1675066
superblock,toast,2048,webp-replacement-q80,gain,1048576,1048272,50,27.35229,0.8977593,,12910592,1675066
superblock,toast,2048,webp-replacement-q80,gain,1675066,1675066,86,29.79914,0.9582839,,22347776,1675066
superblock,toast,2048,webp-replacement-q80,view,8192,5788,1,18.65515,0.2836925,18.77356,65536,1675066
superblock,toast,2048,webp-replacement-q80,view,16384,5788,1,18.65515,0.2836925,18.77356,65536,1675066
superblock,toast,2048,webp-replacement-q80,view,32768,27978,2,19.89564,0.3943299,19.93184,327680,1675066
superblock,toast,2048,webp-replacement-q80,view,65536,49035.33,3,20.88947,0.5086803,20.01403,589824,1675066
superblock,toast,2048,webp-replacement-q80,view,131072,119663.2,6.25,22.966,0.6913629,20.42699,1441792,1675066
superblock,toast,2048,webp-replacement-q80,view,262144,256247.5,13.16667,26.09404,0.8692238,20.42699,3254955,1675066
superblock,toast,2048,webp-replacement-q80,view,524288,509728.8,26.08333,29.63782,0.9547034,21.0873,6640981,1675066
superblock,toast,2048,webp-replacement-q80,view,1048576,1037379,54.5,29.79914,0.9582839,25.28765,14090240,1675066
superblock,toast,2048,webp-replacement-q80,view,1675066,1675066,86,29.79914,0.9582839,29.64832,22347776,1675066
superblock,toast,2048,webp-replacement-q80,view-direct,8192,5788,1,18.65515,0.2836925,18.77356,65536,1675066
superblock,toast,2048,webp-replacement-q80,view-direct,16384,6455.167,1.083333,18.69545,0.2876142,18.77356,87381.33,1675066
superblock,toast,2048,webp-replacement-q80,view-direct,32768,23512.17,2,19.12809,0.3578769,18.77356,327680,1675066
superblock,toast,2048,webp-replacement-q80,view-direct,65536,58498.5,4,20.35309,0.506479,18.77356,851968,1675066
superblock,toast,2048,webp-replacement-q80,view-direct,131072,122480,7.5,23.16142,0.7178651,18.77356,1769472,1675066
superblock,toast,2048,webp-replacement-q80,view-direct,262144,247110,14,28.18632,0.9202326,18.98726,3473408,1675066
superblock,toast,2048,webp-replacement-q80,view-direct,524288,514317.8,27.16667,29.79914,0.9582839,22.04556,6924971,1675066
superblock,toast,2048,webp-replacement-q80,view-direct,1048576,1037379,54.5,29.79914,0.9582839,25.28765,14090240,1675066
superblock,toast,2048,webp-replacement-q80,view-direct,1675066,1675066,86,29.79914,0.9582839,29.64832,22347776,1675066
superblock,toast,2048,jpeg-replacement-q80-whole,level,8192,6104,1,18.51529,0.2778975,,65536,1727892
superblock,toast,2048,jpeg-replacement-q80-whole,level,16384,6104,1,18.51529,0.2778975,,65536,1727892
superblock,toast,2048,jpeg-replacement-q80-whole,level,32768,28765,2,19.71922,0.3816198,,327680,1727892
superblock,toast,2048,jpeg-replacement-q80-whole,level,65536,28765,2,19.71922,0.3816198,,327680,1727892
superblock,toast,2048,jpeg-replacement-q80-whole,level,131072,118168,3,21.4861,0.5857508,,1376256,1727892
superblock,toast,2048,jpeg-replacement-q80-whole,level,262144,118168,3,21.4861,0.5857508,,1376256,1727892
superblock,toast,2048,jpeg-replacement-q80-whole,level,524288,470541,4,24.42724,0.8189581,,5570560,1727892
superblock,toast,2048,jpeg-replacement-q80-whole,level,1048576,470541,4,24.42724,0.8189581,,5570560,1727892
superblock,toast,2048,jpeg-replacement-q80-whole,level,1727892,1727892,5,29.1698,0.9569114,,22347776,1727892
superblock,toast,2048,jpeg-replacement-q80-whole,gain,8192,6104,1,18.51529,0.2778975,,65536,1727892
superblock,toast,2048,jpeg-replacement-q80-whole,gain,16384,6104,1,18.51529,0.2778975,,65536,1727892
superblock,toast,2048,jpeg-replacement-q80-whole,gain,32768,28765,2,19.71922,0.3816198,,327680,1727892
superblock,toast,2048,jpeg-replacement-q80-whole,gain,65536,28765,2,19.71922,0.3816198,,327680,1727892
superblock,toast,2048,jpeg-replacement-q80-whole,gain,131072,118168,3,21.4861,0.5857508,,1376256,1727892
superblock,toast,2048,jpeg-replacement-q80-whole,gain,262144,118168,3,21.4861,0.5857508,,1376256,1727892
superblock,toast,2048,jpeg-replacement-q80-whole,gain,524288,470541,4,24.42724,0.8189581,,5570560,1727892
superblock,toast,2048,jpeg-replacement-q80-whole,gain,1048576,470541,4,24.42724,0.8189581,,5570560,1727892
superblock,toast,2048,jpeg-replacement-q80-whole,gain,1727892,1727892,5,29.1698,0.9569114,,22347776,1727892
superblock,toast,2048,jpeg-replacement-q80-whole,view,8192,6104,1,18.51529,0.2778975,18.65852,65536,1727892
superblock,toast,2048,jpeg-replacement-q80-whole,view,16384,6104,1,18.51529,0.2778975,18.65852,65536,1727892
superblock,toast,2048,jpeg-replacement-q80-whole,view,32768,28765,2,19.71922,0.3816198,19.76861,327680,1727892
superblock,toast,2048,jpeg-replacement-q80-whole,view,65536,28765,2,19.71922,0.3816198,19.76861,327680,1727892
superblock,toast,2048,jpeg-replacement-q80-whole,view,131072,118168,3,21.4861,0.5857508,21.43817,1376256,1727892
superblock,toast,2048,jpeg-replacement-q80-whole,view,262144,118168,3,21.4861,0.5857508,21.43817,1376256,1727892
superblock,toast,2048,jpeg-replacement-q80-whole,view,524288,470541,4,24.42724,0.8189581,24.32434,5570560,1727892
superblock,toast,2048,jpeg-replacement-q80-whole,view,1048576,470541,4,24.42724,0.8189581,24.32434,5570560,1727892
superblock,toast,2048,jpeg-replacement-q80-whole,view,1727892,1727892,5,29.1698,0.9569114,29.01557,22347776,1727892
superblock,toast,2048,jpeg-replacement-q80-whole,view-direct,8192,6104,1,18.51529,0.2778975,18.65852,65536,1727892
superblock,toast,2048,jpeg-replacement-q80-whole,view-direct,16384,6104,1,18.51529,0.2778975,18.65852,65536,1727892
superblock,toast,2048,jpeg-replacement-q80-whole,view-direct,32768,6104,1,18.51529,0.2778975,18.65852,65536,1727892
superblock,toast,2048,jpeg-replacement-q80-whole,view-direct,65536,6104,1,18.51529,0.2778975,18.65852,65536,1727892
superblock,toast,2048,jpeg-replacement-q80-whole,view-direct,131072,6104,1,18.51529,0.2778975,18.65852,65536,1727892
superblock,toast,2048,jpeg-replacement-q80-whole,view-direct,262144,6104,1,18.51529,0.2778975,18.65852,65536,1727892
superblock,toast,2048,jpeg-replacement-q80-whole,view-direct,524288,6104,1,18.51529,0.2778975,18.65852,65536,1727892
superblock,toast,2048,jpeg-replacement-q80-whole,view-direct,1048576,6104,1,18.51529,0.2778975,18.65852,65536,1727892
superblock,toast,2048,jpeg-replacement-q80-whole,view-direct,1727892,1727892,5,29.1698,0.9569114,29.01557,22347776,1727892
northrop-mall,healpix,512,exact,all,,9437184,,32.1364,0.9599333,,,
northrop-mall,healpix,512,exact,coarse,,36864,,21.1178,0.4813937,,,
northrop-mall,healpix,512,haar-residual-d12,level,8192,0,0,,,,0,1317047
northrop-mall,healpix,512,haar-residual-d12,level,16384,0,0,,,,0,1317047
northrop-mall,healpix,512,haar-residual-d12,level,32768,31354,4,21.50215,0.4900528,,98304,1317047
northrop-mall,healpix,512,haar-residual-d12,level,65536,64597,12,22.31726,0.5451686,,229376,1317047
northrop-mall,healpix,512,haar-residual-d12,level,131072,127876,20,23.60859,0.6209735,,704512,1317047
northrop-mall,healpix,512,haar-residual-d12,level,262144,252200,29,24.84638,0.7099102,,2080768,1317047
northrop-mall,healpix,512,haar-residual-d12,level,524288,488248,36,26.48288,0.820547,,3915776,1317047
northrop-mall,healpix,512,haar-residual-d12,level,1048576,1033860,74,29.70698,0.9082507,,13877248,1317047
northrop-mall,healpix,512,haar-residual-d12,level,1317047,1317047,85,30.92769,0.9513911,,16760832,1317047
northrop-mall,healpix,512,haar-residual-d12,gain,8192,0,0,,,,0,1317047
northrop-mall,healpix,512,haar-residual-d12,gain,16384,0,0,,,,0,1317047
northrop-mall,healpix,512,haar-residual-d12,gain,32768,28870,2,21.31883,0.4971062,,65536,1317047
northrop-mall,healpix,512,haar-residual-d12,gain,65536,64758,12,22.35064,0.547894,,229376,1317047
northrop-mall,healpix,512,haar-residual-d12,gain,131072,130019,19,23.5135,0.623242,,638976,1317047
northrop-mall,healpix,512,haar-residual-d12,gain,262144,261578,28,25.01138,0.7248768,,1818624,1317047
northrop-mall,healpix,512,haar-residual-d12,gain,524288,489018,36,26.54883,0.8248414,,3915776,1317047
northrop-mall,healpix,512,haar-residual-d12,gain,1048576,1046109,59,29.61875,0.9200052,,9945088,1317047
northrop-mall,healpix,512,haar-residual-d12,gain,1317047,1317047,85,30.92769,0.9513911,,16760832,1317047
northrop-mall,healpix,512,haar-residual-d12,view,8192,0,0,,,,0,1317047
northrop-mall,healpix,512,haar-residual-d12,view,16384,0,0,,,,0,1317047
northrop-mall,healpix,512,haar-residual-d12,view,32768,30865.08,3.166667,22.02321,0.5273285,20.11849,84650.67,1317047
northrop-mall,healpix,512,haar-residual-d12,view,65536,57753.92,7.75,23.45111,0.6261822,20.11849,270336,1317047
northrop-mall,healpix,512,haar-residual-d12,view,131072,115771.9,12.33333,25.38846,0.730536,20.11849,1029461,1317047
northrop-mall,healpix,512,haar-residual-d12,view,262144,255325,21.66667,28.36955,0.8707236,20.26396,3001003,1317047
northrop-mall,healpix,512,haar-residual-d12,view,524288,514493.4,39.5,30.84157,0.9483101,22.5376,5677056,1317047
northrop-mall,healpix,512,haar-residual-d12,view,1048576,1034083,73.25,30.92769,0.9513911,27.98186,13680640,1317047
northrop-mall,healpix,512,haar-residual-d12,view,1317047,1317047,85,30.92769,0.9513911,29.82309,16760832,1317047
northrop-mall,healpix,512,haar-residual-d12-p0.5,level,8192,0,0,,,,0,1201763
northrop-mall,healpix,512,haar-residual-d12-p0.5,level,16384,15574,2,21.06468,0.4860139,,65536,1201763
northrop-mall,healpix,512,haar-residual-d12-p0.5,level,32768,31483,9,21.79512,0.5257397,,180224,1201763
northrop-mall,healpix,512,haar-residual-d12-p0.5,level,65536,59388,17,22.47156,0.5704832,,507904,1201763
northrop-mall,healpix,512,haar-residual-d12-p0.5,level,131072,124070,24,23.51003,0.6666367,,966656,1201763
northrop-mall,healpix,512,haar-residual-d12-p0.5,level,262144,253501,32,25.19529,0.750307,,2867200,1201763
northrop-mall,healpix,512,haar-residual-d12-p0.5,level,524288,509101,49,26.88261,0.8497116,,7323648,1201763
northrop-mall,healpix,512,haar-residual-d12-p0.5,level,1048576,1026262,78,28.91842,0.9151829,,14925824,1201763
northrop-mall,healpix,512,haar-residual-d12-p0.5,level,1201763,1201763,85,29.69431,0.9448615,,16760832,1201763
northrop-mall,healpix,512,haar-residual-d12-p0.5,gain,8192,0,0,,,,0,1201763
northrop-mall,healpix,512,haar-residual-d12-p0.5,gain,16384,13937,1,20.86076,0.4808869,,49152,1201763
northrop-mall,healpix,512,haar-residual-d12-p0.5,gain,32768,31483,9,21.79512,0.5257397,,180224,1201763
northrop-mall,healpix,512,haar-residual-d12-p0.5,gain,65536,62032,16,22.63602,0.5892481,,442368,1201763
northrop-mall,healpix,512,haar-residual-d12-p0.5,gain,131072,124253,24,23.54824,0.6705307,,966656,1201763
northrop-mall,healpix,512,haar-residual-d12-p0.5,gain,262144,237267,30,24.64959,0.7405107,,2342912,1201763
northrop-mall,healpix,512,haar-residual-d12-p0.5,gain,524288,513173,42,26.8991,0.8507187,,5488640,1201763
northrop-mall,healpix,512,haar-residual-d12-p0.5,gain,1048576,1045540,67,29.17732,0.9265081,,12042240,1201763
northrop-mall,healpix,512,haar-residual-d12-p0.5,gain,1201763,1201763,85,29.69431,0.9448615,,16760832,1201763
northrop-mall,healpix,512,haar-residual-d12-p0.5,view,8192,0,0,,,,0,1201763
northrop-mall,healpix,512,haar-residual-d12-p0.5,view,16384,15031.58,1.583333,21.18014,0.491669,19.88851,58709.33,1201763
northrop-mall,healpix,512,haar-residual-d12-p0.5,view,32768,29730.83,6.583333,22.54261,0.577027,19.88851,193877.3,1201763
northrop-mall,healpix,512,haar-residual-d12-p0.5,view,65536,59013.58,10.08333,23.94615,0.6885802,19.88851,521557.3,1201763
northrop-mall,healpix,512,haar-residual-d12-p0.5,view,131072,121652.4,14.75,25.86575,0.7989012,19.88851,1662976,1201763
northrop-mall,healpix,512,haar-residual-d12-p0.5,view,262144,250582.8,25.58333,28.08939,0.8889892,20.3217,3540309,1201763
northrop-mall,healpix,512,haar-residual-d12-p0.5,view,524288,514272.3,44,29.66561,0.9439305,23.42444,6529024,1201763
northrop-mall,healpix,512,haar-residual-d12-p0.5,view,1048576,1031596,77.91667,29.69431,0.9448615,27.47946,14903980,1201763
northrop-mall,healpix,512,haar-residual-d12-p0.5,view,1201763,1201763,85,29.69431,0.9448615,28.63404,16760832,1201763
northrop-mall,healpix,512,jpeg-residual-q80,level,8192,8118,5,20.66208,0.4850643,,114688,982929
northrop-mall,healpix,512,jpeg-residual-q80,level,16384,16011,10,21.3041,0.5220941,,196608,982929
northrop-mall,healpix,512,jpeg-residual-q80,level,32768,30785,17,22.20787,0.5608303,,507904,982929
northrop-mall,healpix,512,jpeg-residual-q80,level,65536,61382,23,23.08811,0.6395137,,901120,982929
northrop-mall,healpix,512,jpeg-residual-q80,level,131072,122044,30,24.29408,0.7045484,,2342912,982929
northrop-mall,healpix,512,jpeg-residual-q80,level,262144,241774,36,25.67389,0.8087502,,3915776,982929
northrop-mall,healpix,512,jpeg-residual-q80,level,524288,517250,61,27.96061,0.8679157,,10469376,982929
northrop-mall,healpix,512,jpeg-residual-q80,level,982929,982929,85,30.2058,0.9497245,,16760832,982929
northrop-mall,healpix,512,jpeg-residual-q80,gain,8192,7756,3,20.23463,0.4961216,,81920,982929
northrop-mall,healpix,512,jpeg-residual-q80,gain,16384,16163,10,21.31244,0.5223028,,196608,982929
northrop-mall,healpix,512,jpeg-residual-q80,gain,32768,31065,15,21.85851,0.5732123,,376832,982929
northrop-mall,healpix,512,jpeg-residual-q80,gain,65536,61785,23,23.12969,0.6422469,,901120,982929
northrop-mall,healpix,512,jpeg-residual-q80,gain,131072,122347,29,24.32884,0.7144661,,2080768,982929
northrop-mall,healpix,512,jpeg-residual-q80,gain,262144,242131,36,25.73606,0.8131221,,3915776,982929
northrop-mall,healpix,512,jpeg-residual-q80,gain,524288,514982,49,27.50822,0.8746574,,7323648,982929
northrop-mall,healpix,512,jpeg-residual-q80,gain,982929,982929,85,30.2058,0.9497245,,16760832,982929
northrop-mall,healpix,512,jpeg-residual-q80,view,8192,7597.833,3.75,21.24224,0.5239397,19.01748,94208,982929
northrop-mall,healpix,512,jpeg-residual-q80,view,16384,13921.58,6.666667,22.18595,0.5715072,19.01748,199338.7,982929
northrop-mall,healpix,512,jpeg-residual-q80,view,32768,28714.42,9.75,23.60863,0.6756705,19.01748,434176,982929
northrop-mall,healpix,512,jpeg-residual-q80,view,65536,56991,12.83333,24.97402,0.7590009,19.01748,1160533,982929
northrop-mall,healpix,512,jpeg-residual-q80,view,131072,122992.7,18.83333,27.38243,0.852804,19.06822,2553173,982929
northrop-mall,healpix,512,jpeg-residual-q80,view,262144,253013.9,31.66667,29.5923,0.9298802,19.96338,4672171,982929
northrop-mall,healpix,512,jpeg-residual-q80,view,524288,515939.4,57,30.2058,0.9497245,25.09024,9420800,982929
northrop-mall,healpix,512,jpeg-residual-q80,view,982929,982929,85,30.2058,0.9497245,29.10301,16760832,982929
northrop-mall,healpix,512,jpeg-replacement-q80,level,8192,7797,4,20.47271,0.4831993,,98304,1185661
northrop-mall,healpix,512,jpeg-replacement-q80,level,16384,14671,8,21.3031,0.5125987,,163840,1185661
northrop-mall,healpix,512,jpeg-replacement-q80,level,32768,29860,15,22.08218,0.5542082,,376832,1185661
northrop-mall,healpix,512,jpeg-replacement-q80,level,65536,60546,21,22.98164,0.6155965,,770048,1185661
northrop-mall,healpix,512,jpeg-replacement-q80,level,131072,128683,29,24.19138,0.6960018,,2080768,1185661
northrop-mall,healpix,512,jpeg-replacement-q80,level,262144,238152,34,25.34183,0.7706872,,3391488,1185661
northrop-mall,healpix,512,jpeg-replacement-q80,level,524288,522247,56,27.30297,0.8537944,,9158656,1185661
northrop-mall,healpix,512,jpeg-replacement-q80,level,1048576,1034380,79,29.47218,0.9229117,,15187968,1185661
northrop-mall,healpix,512,jpeg-replacement-q80,level,1185661,1185661,85,30.2261,0.9499522,,16760832,1185661
northrop-mall,healpix,512,jpeg-replacement-q80,gain,8192,6521,2,20.13929,0.4900603,,65536,1185661
northrop-mall,healpix,512,jpeg-replacement-q80,gain,16384,15598,8,21.15817,0.5158973,,163840,1185661
northrop-mall,healpix,512,jpeg-replacement-q80,gain,32768,30811,14,21.87402,0.5643743,,311296,1185661
northrop-mall,healpix,512,jpeg-replacement-q80,gain,65536,64272,21,22.88359,0.6230254,,770048,1185661
northrop-mall,healpix,512,jpeg-replacement-q80,gain,131072,125013,27,24.18824,0.707074,,1556480,1185661
northrop-mall,healpix,512,jpeg-replacement-q80,gain,262144,257509,34,25.28762,0.7854824,,3391488,1185661
northrop-mall,healpix,512,jpeg-replacement-q80,gain,524288,496257,44,26.97985,0.85617,,6012928,1185661
northrop-mall,healpix,512,jpeg-replacement-q80,gain,1048576,1033326,69,29.57162,0.9294927,,12566528,1185661
northrop-mall,healpix,512,jpeg-replacement-q80,gain,1185661,1185661,85,30.2261,0.9499522,,16760832,1185661
northrop-mall,healpix,512,jpeg-replacement-q80,view,8192,7678.583,3.25,21.06007,0.5228894,19.01748,86016,1185661
northrop-mall,healpix,512,jpeg-replacement-q80,view,16384,14175.58,6.25,22.12063,0.5615898,19.01748,172032,1185661
northrop-mall,healpix,512,jpeg-replacement-q80,view,32768,28993.42,9.166667,23.24459,0.6613529,19.01748,363178.7,1185661
northrop-mall,healpix,512,jpeg-replacement-q80,view,65536,57498.75,11.91667,24.6962,0.7267737,19.01748,920234.7,1185661
northrop-mall,healpix,512,jpeg-replacement-q80,view,131072,120298.5,16.41667,26.64286,0.8316627,19.01748,2099883,1185661
northrop-mall,healpix,512,jpeg-replacement-q80,view,262144,252360.1,27.91667,29.09484,0.9135424,19.56166,4004523,1185661
northrop-mall,healpix,512,jpeg-replacement-q80,view,524288,517551.8,49,30.2261,0.9499522,24.11568,7389184,1185661
northrop-mall,healpix,512,jpeg-replacement-q80,view,1048576,1033377,78.83333,30.2261,0.9499522,28.02477,15144280,1185661
northrop-mall,healpix,512,jpeg-replacement-q80,view,1185661,1185661,85,30.2261,0.9499522,29.1213,16760832,1185661
northrop-mall,healpix,512,jpeg-replacement-q80,view-direct,8192,5232,1.5,19.97536,0.4755108,19.01748,180224,1185661
northrop-mall,healpix,512,jpeg-replacement-q80,view-direct,16384,7695,2.25,20.19524,0.4807703,19.01748,376832,1185661
northrop-mall,healpix,512,jpeg-replacement-q80,view-direct,32768,20261.5,3,20.8426,0.5279154,19.01748,573440,1185661
northrop-mall,healpix,512,jpeg-replacement-q80,view-direct,65536,58182.67,5.416667,23.37168,0.6684864,19.01748,1206955,1185661
northrop-mall,healpix,512,jpeg-replacement-q80,view-direct,131072,123423.8,12.66667,27.18532,0.8312631,19.12047,2271915,1185661
northrop-mall,healpix,512,jpeg-replacement-q80,view-direct,262144,253805.7,27.16667,29.8648,0.9353946,20.28427,3992235,1185661
northrop-mall,healpix,512,jpeg-replacement-q80,view-direct,524288,515879.1,49.58333,30.2261,0.9499522,24.75596,7476565,1185661
northrop-mall,healpix,512,jpeg-replacement-q80,view-direct,1048576,1033377,78.83333,30.2261,0.9499522,28.02477,15144280,1185661
northrop-mall,healpix,512,jpeg-replacement-q80,view-direct,1185661,1185661,85,30.2261,0.9499522,29.1213,16760832,1185661
northrop-mall,healpix,512,webp-replacement-q80,level,8192,7310,5,20.85885,0.4887347,,114688,1109418
northrop-mall,healpix,512,webp-replacement-q80,level,16384,15510,10,21.51842,0.5276376,,196608,1109418
northrop-mall,healpix,512,webp-replacement-q80,level,32768,30532,17,22.3514,0.5664647,,507904,1109418
northrop-mall,healpix,512,webp-replacement-q80,level,65536,65300,23,23.24988,0.6452254,,901120,1109418
northrop-mall,healpix,512,webp-replacement-q80,level,131072,128342,30,24.45504,0.7093532,,2342912,1109418
northrop-mall,healpix,512,webp-replacement-q80,level,262144,242268,35,25.64802,0.79058,,3653632,1109418
northrop-mall,healpix,512,webp-replacement-q80,level,524288,514172,59,27.5982,0.8623394,,9945088,1109418
northrop-mall,healpix,512,webp-replacement-q80,level,1048576,1034846,82,30.10224,0.9365269,,15974400,1109418
northrop-mall,healpix,512,webp-replacement-q80,level,1109418,1109418,85,30.50328,0.9499041,,16760832,1109418
northrop-mall,healpix,512,webp-replacement-q80,gain,8192,7618,3,20.39489,0.5000717,,81920,1109418
northrop-mall,healpix,512,webp-replacement-q80,gain,16384,15664,10,21.55197,0.5290136,,196608,1109418
northrop-mall,healpix,512,webp-replacement-q80,gain,32768,29742,15,22.0474,0.5744857,,376832,1109418
northrop-mall,healpix,512,webp-replacement-q80,gain,65536,59332,22,23.17949,0.6323823,,835584,1109418
northrop-mall,healpix,512,webp-replacement-q80,gain,131072,105970,28,24.09944,0.696564,,1818624,1109418
northrop-mall,healpix,512,webp-replacement-q80,gain,262144,244428,35,25.719,0.7935172,,3653632,1109418
northrop-mall,healpix,512,webp-replacement-q80,gain,524288,505374,47,27.89811,0.867455,,6799360,1109418
northrop-mall,healpix,512,webp-replacement-q80,gain,1048576,1041312,73,30.13238,0.9385611,,13615104,1109418
northrop-mall,healpix,512,webp-replacement-q80,gain,1109418,1109418,85,30.50328,0.9499041,,16760832,1109418
northrop-mall,healpix,512,webp-replacement-q80,view,8192,7467.5,3.916667,21.49805,0.5329598,19.15848,96938.67,1109418
northrop-mall,healpix,512,webp-replacement-q80,view,16384,13485.67,6.666667,22.39318,0.5726176,19.15848,199338.7,1109418
northrop-mall,healpix,512,webp-replacement-q80,view,32768,29168.17,9.583333,23.73534,0.6752381,19.15848,423253.3,1109418
northrop-mall,healpix,512,webp-replacement-q80,view,65536,54652,12.58333,24.93893,0.7413308,19.15848,1094997,1109418
northrop-mall,healpix,512,webp-replacement-q80,view,131072,122302.3,18.41667,27.36957,0.8407245,19.21112,2427563,1109418
northrop-mall,healpix,512,webp-replacement-q80,view,262144,247525.8,29.16667,29.45103,0.9178442,19.83659,4299435,1109418
northrop-mall,healpix,512,webp-replacement-q80,view,524288,517611.5,52.08333,30.50328,0.9499041,24.75965,8181077,1109418
northrop-mall,healpix,512,webp-replacement-q80,view,1048576,1035482,81.91667,30.50328,0.9499041,28.86097,15952550,1109418
northrop-mall,healpix,512,webp-replacement-q80,view,1109418,1109418,85,30.50328,0.9499041,29.42139,16760832,1109418
northrop-mall,healpix,512,webp-replacement-q80,view-direct,8192,4743.667,2,20.21841,0.4791666,19.15848,311296,1109418
northrop-mall,healpix,512,webp-replacement-q80,view-direct,16384,6463,2.5,20.49002,0.4851073,19.15848,442368,1109418
northrop-mall,healpix,512,webp-replacement-q80,view-direct,32768,20572.33,3.416667,21.64256,0.5422517,19.15848,682666.7,1109418
northrop-mall,healpix,512,webp-replacement-q80,view-direct,65536,58394.5,7,24.60459,0.678005,19.15848,1458176,1109418
northrop-mall,healpix,512,webp-replacement-q80,view-direct,131072,123535,15.41667,27.49936,0.839365,19.47719,2456235,1109418
northrop-mall,healpix,512,webp-replacement-q80,view-direct,262144,249635.7,29.66667,30.10983,0.9353871,20.79493,4221611,1109418
northrop-mall,healpix,512,webp-replacement-q80,view-direct,524288,516868.3,52.75,30.50328,0.9499041,25.17122,8306688,1109418
northrop-mall,healpix,512,webp-replacement-q80,view-direct,1048576,1035482,81.91667,30.50328,0.9499041,28.86097,15952550,1109418
northrop-mall,healpix,512,webp-replacement-q80,view-direct,1109418,1109418,85,30.50328,0.9499041,29.42139,16760832,1109418
northrop-mall,healpix,512,jpeg-replacement-q80-whole,level,8192,7797,4,20.47271,0.4831993,,98304,1178771
northrop-mall,healpix,512,jpeg-replacement-q80-whole,level,16384,14671,8,21.3031,0.5125987,,163840,1178771
northrop-mall,healpix,512,jpeg-replacement-q80-whole,level,32768,29860,15,22.08218,0.5542082,,376832,1178771
northrop-mall,healpix,512,jpeg-replacement-q80-whole,level,65536,60546,21,22.98164,0.6155965,,770048,1178771
northrop-mall,healpix,512,jpeg-replacement-q80-whole,level,131072,128683,29,24.19138,0.6960018,,2080768,1178771
northrop-mall,healpix,512,jpeg-replacement-q80-whole,level,262144,238152,34,25.34183,0.7706872,,3391488,1178771
northrop-mall,healpix,512,jpeg-replacement-q80-whole,level,524288,469070,41,27.16278,0.8484985,,8372224,1178771
northrop-mall,healpix,512,jpeg-replacement-q80-whole,level,1048576,970494,47,29.25376,0.9131661,,14663680,1178771
northrop-mall,healpix,512,jpeg-replacement-q80-whole,level,1178771,1178771,49,30.22675,0.949953,,16760832,1178771
northrop-mall,healpix,512,jpeg-replacement-q80-whole,gain,8192,6521,2,20.13929,0.4900603,,65536,1178771
northrop-mall,healpix,512,jpeg-replacement-q80-whole,gain,16384,15598,8,21.15817,0.5158973,,163840,1178771
northrop-mall,healpix,512,jpeg-replacement-q80-whole,gain,32768,30811,14,21.87402,0.5643743,,311296,1178771
northrop-mall,healpix,512,jpeg-replacement-q80-whole,gain,65536,64272,21,22.88359,0.6230254,,770048,1178771
northrop-mall,healpix,512,jpeg-replacement-q80-whole,gain,131072,125013,27,24.18824,0.707074,,1556480,1178771
northrop-mall,healpix,512,jpeg-replacement-q80-whole,gain,262144,257509,34,25.28762,0.7854824,,3391488,1178771
northrop-mall,healpix,512,jpeg-replacement-q80-whole,gain,524288,510687,40,26.88199,0.8564617,,7323648,1178771
northrop-mall,healpix,512,jpeg-replacement-q80-whole,gain,1048576,1036855,47,29.74725,0.9386045,,14663680,1178771
northrop-mall,healpix,512,jpeg-replacement-q80-whole,gain,1178771,1178771,49,30.22675,0.949953,,16760832,1178771
northrop-mall,healpix,512,jpeg-replacement-q80-whole,view,8192,7678.583,3.25,21.06007,0.5228894,19.01748,86016,1178771
northrop-mall,healpix,512,jpeg-replacement-q80-whole,view,16384,14175.58,6.25,22.12063,0.5615898,19.01748,172032,1178771
northrop-mall,healpix,512,jpeg-replacement-q80-whole,view,32768,28993.42,9.166667,23.24459,0.6613529,19.01748,363178.7,1178771
northrop-mall,healpix,512,jpeg-replacement-q80-whole,view,65536,57043.42,11.75,24.69459,0.7266733,19.01748,876544,1178771
northrop-mall,healpix,512,jpeg-replacement-q80-whole,view,131072,111216.3,14.08333,26.27219,0.8253422,19.01748,1619285,1178771
northrop-mall,healpix,512,jpeg-replacement-q80-whole,view,262144,223391.1,19,28.01472,0.8777576,19.27043,3788800,1178771
northrop-mall,healpix,512,jpeg-replacement-q80-whole,view,524288,494136.8,32.66667,30.06779,0.9437743,21.81387,7289515,1178771
northrop-mall,healpix,512,jpeg-replacement-q80-whole,view,1048576,979797.8,47,30.22675,0.949953,27.53447,14663680,1178771
northrop-mall,healpix,512,jpeg-replacement-q80-whole,view,1178771,1178771,49,30.22675,0.949953,29.12214,16760832,1178771
northrop-mall,healpix,512,jpeg-replacement-q80-whole,view-direct,8192,4329,1,19.93261,0.4753174,19.01748,49152,1178771
northrop-mall,healpix,512,jpeg-replacement-q80-whole,view-direct,16384,4329,1,19.93261,0.4753174,19.01748,49152,1178771
northrop-mall,healpix,512,jpeg-replacement-q80-whole,view-direct,32768,4329,1,19.93261,0.4753174,19.01748,49152,1178771
northrop-mall,healpix,512,jpeg-replacement-q80-whole,view-direct,65536,32075.17,1.583333,21.35826,0.5403068,19.01748,660821.3,1178771
northrop-mall,healpix,512,jpeg-replacement-q80-whole,view-direct,131072,99288,2.75,23.94106,0.70428,19.01748,1884160,1178771
northrop-mall,healpix,512,jpeg-replacement-q80-whole,view-direct,262144,224048.3,10,27.63617,0.8512806,19.35586,3751936,1178771
northrop-mall,healpix,512,jpeg-replacement-q80-whole,view-direct,524288,508711.4,35.91667,30.22675,0.949953,23.44591,7629483,1178771
northrop-mall,healpix,512,jpeg-replacement-q80-whole,view-direct,1048576,979797.8,47,30.22675,0.949953,27.53447,14663680,1178771
northrop-mall,healpix,512,jpeg-replacement-q80-whole,view-direct,1178771,1178771,49,30.22675,0.949953,29.12214,16760832,1178771
walter-study,healpix,512,exact,all,,9437184,,32.05039,0.9588968,,,
walter-study,healpix,512,exact,coarse,,36864,,18.37362,0.3393323,,,
walter-study,healpix,512,haar-residual-d12,level,8192,0,0,,,,0,1331847
walter-study,healpix,512,haar-residual-d12,level,16384,0,0,,,,0,1331847
walter-study,healpix,512,haar-residual-d12,level,32768,32662,2,18.62947,0.3563069,,65536,1331847
walter-study,healpix,512,haar-residual-d12,level,65536,64989,8,20.02523,0.4290108,,163840,1331847
walter-study,healpix,512,haar-residual-d12,level,131072,131046,16,21.29785,0.5269532,,442368,1331847
walter-study,healpix,512,haar-residual-d12,level,262144,252376,25,22.99152,0.6554121,,1032192,1331847
walter-study,healpix,512,haar-residual-d12,level,524288,506262,33,25.54697,0.7697751,,3129344,1331847
walter-study,healpix,512,haar-residual-d12,level,1048576,1033134,67,29.31288,0.8997597,,12042240,1331847
walter-study,healpix,512,haar-residual-d12,level,1331847,1331847,85,30.70882,0.9492184,,16760832,1331847
walter-study,healpix,512,haar-residual-d12,gain,8192,0,0,,,,0,1331847
walter-study,healpix,512,haar-residual-d12,gain,16384,0,0,,,,0,1331847
walter-study,healpix,512,haar-residual-d12,gain,32768,27392,1,18.37256,0.3393442,,49152,1331847
walter-study,healpix,512,haar-residual-d12,gain,65536,65461,8,19.7904,0.4178404,,163840,1331847
walter-study,healpix,512,haar-residual-d12,gain,131072,130556,15,21.0626,0.5001109,,425984,1331847
walter-study,healpix,512,haar-residual-d12,gain,262144,231658,23,22.83134,0.6273455,,901120,1331847
walter-study,healpix,512,haar-residual-d12,gain,524288,506262,33,25.54697,0.7697751,,3129344,1331847
walter-study,healpix,512,haar-residual-d12,gain,1048576,1042528,67,28.72126,0.8918728,,12042240,1331847
walter-study,healpix,512,haar-residual-d12,gain,1331847,1331847,85,30.70882,0.9492184,,16760832,1331847
walter-study,healpix,512,haar-residual-d12,view,8192,0,0,,,,0,1331847
walter-study,healpix,512,haar-residual-d12,view,16384,0,0,,,,0,1331847
walter-study,healpix,512,haar-residual-d12,view,32768,30639.33,1.666667,18.86131,0.3741036,19.05276,60074.67,1331847
walter-study,healpix,512,haar-residual-d12,view,65536,59324.67,6.166667,21.15743,0.518675,19.05276,166570.7,1331847
walter-study,healpix,512,haar-residual-d12,view,131072,116404.5,10,23.30216,0.6717569,19.05276,466944,1331847
walter-study,healpix,512,haar-residual-d12,view,262144,252262.7,15.33333,27.00166,0.8604307,19.05276,1815893,1331847
walter-study,healpix,512,haar-residual-d12,view,524288,516507.5,37.25,30.70863,0.9492139,21.71566,5173248,1331847
walter-study,healpix,512,haar-residual-d12,view,1048576,1038101,66.58333,30.70882,0.9492184,27.71362,11933010,1331847
walter-study,healpix,512,haar-residual-d12,view,1331847,1331847,85,30.70882,0.9492184,30.60989,16760832,1331847
walter-study,healpix,512,haar-residual-d12-p0.5,level,8192,0,0,,,,0,1176663
walter-study,healpix,512,haar-residual-d12-p0.5,level,16384,0,0,,,,0,1176663
walter-study,healpix,512,haar-residual-d12-p0.5,level,32768,31710,5,19.28633,0.3948591,,114688,1176663
walter-study,healpix,512,haar-residual-d12-p0.5,level,65536,56480,13,20.40197,0.4655763,,245760,1176663
walter-study,healpix,512,haar-residual-d12-p0.5,level,131072,128376,20,22.20929,0.5864313,,704512,1176663
walter-study,healpix,512,haar-residual-d12-p0.5,level,262144,240438,28,23.70561,0.7080759,,1818624,1176663
walter-study,healpix,512,haar-residual-d12-p0.5,level,524288,513897,41,26.07982,0.8417518,,5226496,1176663
walter-study,healpix,512,haar-residual-d12-p0.5,level,1048576,1044758,77,28.57976,0.9145573,,14663680,1176663
walter-study,healpix,512,haar-residual-d12-p0.5,level,1176663,1176663,85,29.21277,0.9403662,,16760832,1176663
walter-study,healpix,512,haar-residual-d12-p0.5,gain,8192,0,0,,,,0,1176663
walter-study,healpix,512,haar-residual-d12-p0.5,gain,16384,0,0,,,,0,1176663
walter-study,healpix,512,haar-residual-d12-p0.5,gain,32768,29146,4,18.85112,0.3672129,,98304,1176663
walter-study,healpix,512,haar-residual-d12-p0.5,gain,65536,64020,12,20.66107,0.47527,,278528,1176663
walter-study,healpix,512,haar-residual-d12-p0.5,gain,131072,129601,20,21.97892,0.5730418,,704512,1176663
walter-study,healpix,512,haar-residual-d12-p0.5,gain,262144,249320,28,23.50152,0.6830487,,1818624,1176663
walter-study,healpix,512,haar-residual-d12-p0.5,gain,524288,514228,41,26.06566,0.8359846,,5226496,1176663
walter-study,healpix,512,haar-residual-d12-p0.5,gain,1048576,1031586,76,28.63986,0.9148051,,14401536,1176663
walter-study,healpix,512,haar-residual-d12-p0.5,gain,1176663,1176663,85,29.21277,0.9403662,,16760832,1176663
walter-study,healpix,512,haar-residual-d12-p0.5,view,8192,0,0,,,,0,1176663
walter-study,healpix,512,haar-residual-d12-p0.5,view,16384,0,0,,,,0,1176663
walter-study,healpix,512,haar-residual-d12-p0.5,view,32768,30720.83,5.083333,20.39783,0.4653937,19.02317,116053.3,1176663
walter-study,healpix,512,haar-residual-d12-p0.5,view,65536,59127.25,8.416667,22.35812,0.6292077,19.02317,314026.7,1176663
walter-study,healpix,512,haar-residual-d12-p0.5,view,131072,118272.9,11.83333,24.47991,0.7654979,19.02317,898389.3,1176663
walter-study,healpix,512,haar-residual-d12-p0.5,view,262144,254733.3,19.33333,27.65658,0.8950905,19.02317,2864469,1176663
walter-study,healpix,512,haar-residual-d12-p0.5,view,524288,515603.8,44.08333,29.21277,0.9403662,23.40016,6051157,1176663
walter-study,healpix,512,haar-residual-d12-p0.5,view,1048576,1043984,76.91667,29.21277,0.9403662,28.15123,14641830,1176663
walter-study,healpix,512,haar-residual-d12-p0.5,view,1176663,1176663,85,29.21277,0.9403662,29.20055,16760832,1176663
walter-study,healpix,512,jpeg-residual-q80,level,8192,6717,2,18.0287,0.3444543,,65536,988563
walter-study,healpix,512,jpeg-residual-q80,level,16384,15068,7,19.00457,0.3950047,,147456,988563
walter-study,healpix,512,jpeg-residual-q80,level,32768,28761,14,20.00657,0.4625792,,311296,988563
walter-study,healpix,512,jpeg-residual-q80,level,65536,65354,21,21.60464,0.5657302,,770048,988563
walter-study,healpix,512,jpeg-residual-q80,level,131072,130251,28,23.00628,0.6804697,,1818624,988563
walter-study,healpix,512,jpeg-residual-q80,level,262144,249734,35,24.7476,0.7714163,,3653632,988563
walter-study,healpix,512,jpeg-residual-q80,level,524288,520643,54,27.06849,0.8627934,,8634368,988563
walter-study,healpix,512,jpeg-residual-q80,level,988563,988563,85,30.10881,0.9443988,,16760832,988563
walter-study,healpix,512,jpeg-residual-q80,gain,8192,7081,2,18.06359,0.3436001,,65536,988563
walter-study,healpix,512,jpeg-residual-q80,gain,16384,15803,7,18.89206,0.3897731,,147456,988563
walter-study,healpix,512,jpeg-residual-q80,gain,32768,27821,12,19.95829,0.4528556,,278528,988563
walter-study,healpix,512,jpeg-residual-q80,gain,65536,65354,21,21.60464,0.5657302,,770048,988563
walter-study,healpix,512,jpeg-residual-q80,gain,131072,120708,27,22.59364,0.6449177,,1556480,988563
walter-study,healpix,512,jpeg-residual-q80,gain,262144,251629,35,24.88475,0.7738507,,3653632,988563
walter-study,healpix,512,jpeg-residual-q80,gain,524288,519806,53,26.48473,0.8372647,,8372224,988563
walter-study,healpix,512,jpeg-residual-q80,gain,988563,988563,85,30.10881,0.9443988,,16760832,988563
walter-study,healpix,512,jpeg-residual-q80,view,8192,6988.333,2.166667,18.6702,0.3825499,18.51159,68266.67,988563
walter-study,healpix,512,jpeg-residual-q80,view,16384,13287.25,5.75,19.88405,0.45755,18.51159,139264,988563
walter-study,healpix,512,jpeg-residual-q80,view,32768,28586.75,8.916667,21.82451,0.6099181,18.51159,346794.7,988563
walter-study,healpix,512,jpeg-residual-q80,view,65536,57561,11.41667,23.58339,0.7214934,18.51159,789162.7,988563
walter-study,healpix,512,jpeg-residual-q80,view,131072,125712.3,15.66667,25.79363,0.838845,18.51159,1903275,988563
walter-study,healpix,512,jpeg-residual-q80,view,262144,257400.3,25.33333,29.78651,0.9393888,18.62393,4273493,988563
walter-study,healpix,512,jpeg-residual-q80,view,524288,517079,53.33333,30.10881,0.9443988,25.47228,8459605,988563
walter-study,healpix,512,jpeg-residual-q80,view,988563,988563,85,30.10881,0.9443988,30.08603,16760832,988563
walter-study,healpix,512,jpeg-replacement-q80,level,8192,7015,2,18.02644,0.3444816,,65536,1233979
walter-study,healpix,512,jpeg-replacement-q80,level,16384,15043,6,18.77194,0.3852833,,131072,1233979
walter-study,healpix,512,jpeg-replacement-q80,level,32768,27238,13,19.70642,0.4403225,,245760,1233979
walter-study,healpix,512,jpeg-replacement-q80,level,65536,63708,19,21.06509,0.5351811,,638976,1233979
walter-study,healpix,512,jpeg-replacement-q80,level,131072,118511,26,22.35981,0.6427116,,1294336,1233979
walter-study,healpix,512,jpeg-replacement-q80,level,262144,245588,32,24.26758,0.7341328,,2867200,1233979
walter-study,healpix,512,jpeg-replacement-q80,level,524288,523980,47,26.28912,0.845214,,6799360,1233979
walter-study,healpix,512,jpeg-replacement-q80,level,1048576,1041302,75,29.04829,0.9107226,,14139392,1233979
walter-study,healpix,512,jpeg-replacement-q80,level,1233979,1233979,85,30.06318,0.9443918,,16760832,1233979
walter-study,healpix,512,jpeg-replacement-q80,gain,8192,7385,2,18.06201,0.3435304,,65536,1233979
walter-study,healpix,512,jpeg-replacement-q80,gain,16384,15722,6,18.5778,0.3743437,,131072,1233979
walter-study,healpix,512,jpeg-replacement-q80,gain,32768,31990,12,19.94397,0.453043,,278528,1233979
walter-study,healpix,512,jpeg-replacement-q80,gain,65536,59864,18,20.73458,0.510748,,573440,1233979
walter-study,healpix,512,jpeg-replacement-q80,gain,131072,123093,26,22.42631,0.6383656,,1294336,1233979
walter-study,healpix,512,jpeg-replacement-q80,gain,262144,248661,32,23.91517,0.7175635,,2867200,1233979
walter-study,healpix,512,jpeg-replacement-q80,gain,524288,506696,45,25.97306,0.8258619,,6275072,1233979
walter-study,healpix,512,jpeg-replacement-q80,gain,1048576,1036297,74,29.04213,0.9079134,,13877248,1233979
walter-study,healpix,512,jpeg-replacement-q80,gain,1233979,1233979,85,30.06318,0.9443918,,16760832,1233979
walter-study,healpix,512,jpeg-replacement-q80,view,8192,7152.667,2.083333,18.58575,0.3793007,18.51159,66901.33,1233979
walter-study,healpix,512,jpeg-replacement-q80,view,16384,13732.17,5.583333,19.72123,0.4432069,18.51159,128341.3,1233979
walter-study,healpix,512,jpeg-replacement-q80,view,32768,30051.33,8.333333,21.58791,0.5965608,18.51159,308565.3,1233979
walter-study,healpix,512,jpeg-replacement-q80,view,65536,53987.75,10.66667,22.80907,0.6678443,18.51159,592554.7,1233979
walter-study,healpix,512,jpeg-replacement-q80,view,131072,120107.9,13.91667,25.14017,0.8103363,18.51159,1444523,1233979
walter-study,healpix,512,jpeg-replacement-q80,view,262144,254694.8,21.16667,28.54679,0.9126812,18.51159,3345067,1233979
walter-study,healpix,512,jpeg-replacement-q80,view,524288,512572.4,46.41667,30.06318,0.9443918,24.1842,6646443,1233979
walter-study,healpix,512,jpeg-replacement-q80,view,1048576,1040417,75,30.06318,0.9443918,28.53611,14139392,1233979
walter-study,healpix,512,jpeg-replacement-q80,view,1233979,1233979,85,30.06318,0.9443918,30.05342,16760832,1233979
walter-study,healpix,512,jpeg-replacement-q80,view-direct,8192,5131,1,17.80111,0.3296995,18.51159,49152,1233979
walter-study,healpix,512,jpeg-replacement-q80,view-direct,16384,5131,1,17.80111,0.3296995,18.51159,49152,1233979
walter-study,healpix,512,jpeg-replacement-q80,view-direct,32768,23623.67,2,18.40194,0.4259159,18.51159,311296,1233979
walter-study,healpix,512,jpeg-replacement-q80,view-direct,65536,55980.25,3.833333,20.02816,0.5858723,18.51159,791893.3,1233979
walter-study,healpix,512,jpeg-replacement-q80,view-direct,131072,116769.3,7.083333,24.20317,0.8037213,18.51159,1643861,1233979
walter-study,healpix,512,jpeg-replacement-q80,view-direct,262144,259318.9,25.16667,30.05236,0.9443476,20.16698,3553963,1233979
walter-study,healpix,512,jpeg-replacement-q80,view-direct,524288,512441.9,46.33333,30.06318,0.9443918,24.57176,6624597,1233979
walter-study,healpix,512,jpeg-replacement-q80,view-direct,1048576,1040417,75,30.06318,0.9443918,28.53611,14139392,1233979
walter-study,healpix,512,jpeg-replacement-q80,view-direct,1233979,1233979,85,30.06318,0.9443918,30.05342,16760832,1233979
walter-study,healpix,512,webp-replacement-q80,level,8192,6796,2,18.16595,0.3519766,,65536,1079762
walter-study,healpix,512,webp-replacement-q80,level,16384,15710,7,19.17087,0.4058896,,147456,1079762
walter-study,healpix,512,webp-replacement-q80,level,32768,30418,14,20.17736,0.4768049,,311296,1079762
walter-study,healpix,512,webp-replacement-q80,level,65536,64818,20,21.66496,0.572708,,704512,1079762
walter-study,healpix,512,webp-replacement-q80,level,131072,128442,27,23.00589,0.6806969,,1556480,1079762
walter-study,healpix,512,webp-replacement-q80,level,262144,258160,34,24.86966,0.7673387,,3391488,1079762
walter-study,healpix,512,webp-replacement-q80,level,524288,520880,51,26.95121,0.8617934,,7847936,1079762
walter-study,healpix,512,webp-replacement-q80,level,1048576,1033068,82,29.96316,0.9375298,,15974400,1079762
walter-study,healpix,512,webp-replacement-q80,level,1079762,1079762,85,30.34317,0.9451948,,16760832,1079762
walter-study,healpix,512,webp-replacement-q80,gain,8192,7208,2,18.19272,0.3500217,,65536,1079762
walter-study,healpix,512,webp-replacement-q80,gain,16384,14794,6,18.73575,0.3831197,,131072,1079762
walter-study,healpix,512,webp-replacement-q80,gain,32768,30670,13,20.1829,0.4708028,,294912,1079762
walter-study,healpix,512,webp-replacement-q80,gain,65536,60424,19,21.09073,0.5377689,,638976,1079762
walter-study,healpix,512,webp-replacement-q80,gain,131072,113222,26,22.67068,0.6538925,,1294336,1079762
walter-study,healpix,512,webp-replacement-q80,gain,262144,259492,34,25.00675,0.7694631,,3391488,1079762
walter-study,healpix,512,webp-replacement-q80,gain,524288,518146,51,26.57609,0.8406316,,7847936,1079762
walter-study,healpix,512,webp-replacement-q80,gain,1048576,1042392,83,30.13907,0.9378714,,16236544,1079762
walter-study,healpix,512,webp-replacement-q80,gain,1079762,1079762,85,30.34317,0.9451948,,16760832,1079762
walter-study,healpix,512,webp-replacement-q80,view,8192,7101.667,2.166667,18.805,0.3921353,18.64408,68266.67,1079762
walter-study,healpix,512,webp-replacement-q80,view,16384,12943.83,5.583333,19.90257,0.4577881,18.64408,128341.3,1079762
walter-study,healpix,512,webp-replacement-q80,view,32768,29458,8.583333,21.89462,0.6178538,18.64408,324949.3,1079762
walter-study,healpix,512,webp-replacement-q80,view,65536,54605.17,10.91667,23.36519,0.7004111,18.64408,658090.7,1079762
walter-study,healpix,512,webp-replacement-q80,view,131072,125328.7,14.83333,25.74667,0.8307339,18.64408,1684821,1079762
walter-study,healpix,512,webp-replacement-q80,view,262144,256107.3,23.08333,29.62004,0.9307545,18.64408,3847509,1079762
walter-study,healpix,512,webp-replacement-q80,view,524288,516103.7,49.91667,30.34317,0.9451948,25.50944,7563947,1079762
walter-study,healpix,512,webp-replacement-q80,view,1048576,1034455,82.16667,30.34317,0.9451948,29.8721,16018090,1079762
walter-study,healpix,512,webp-replacement-q80,view,1079762,1079762,85,30.34317,0.9451948,30.29585,16760832,1079762
walter-study,healpix,512,webp-replacement-q80,view-direct,8192,5138,1,17.9292,0.336004,18.64408,49152,1079762
walter-study,healpix,512,webp-replacement-q80,view-direct,16384,6067.167,1.083333,17.98646,0.342312,18.64408,70997.33,1079762
walter-study,healpix,512,webp-replacement-q80,view-direct,32768,22853.5,2.166667,18.62396,0.4409601,18.64408,354986.7,1079762
walter-study,healpix,512,webp-replacement-q80,view-direct,65536,57949.33,4.5,20.7866,0.6365485,18.64408,966656,1079762
walter-study,healpix,512,webp-replacement-q80,view-direct,131072,120626.2,8.333333,25.93962,0.8553942,18.64408,1971541,1079762
walter-study,healpix,512,webp-replacement-q80,view-direct,262144,258701,32.5,30.34317,0.9451948,21.44256,3952640,1079762
walter-study,healpix,512,webp-replacement-q80,view-direct,524288,516483.3,49.91667,30.34317,0.9451948,25.53617,7563947,1079762
walter-study,healpix,512,webp-replacement-q80,view-direct,1048576,1034455,82.16667,30.34317,0.9451948,29.8721,16018090,1079762
walter-study,healpix,512,webp-replacement-q80,view-direct,1079762,1079762,85,30.34317,0.9451948,30.29585,16760832,1079762
walter-study,healpix,512,jpeg-replacement-q80-whole,level,8192,7015,2,18.02644,0.3444816,,65536,1222565
walter-study,healpix,512,jpeg-replacement-q80-whole,level,16384,15043,6,18.77194,0.3852833,,131072,1222565
walter-study,healpix,512,jpeg-replacement-q80-whole,level,32768,27238,13,19.70642,0.4403225,,245760,1222565
walter-study,healpix,512,jpeg-replacement-q80-whole,level,65536,63708,19,21.06509,0.5351811,,638976,1222565
walter-study,healpix,512,jpeg-replacement-q80-whole,level,131072,118511,26,22.35981,0.6427116,,1294336,1222565
walter-study,healpix,512,jpeg-replacement-q80-whole,level,262144,245588,32,24.26758,0.7341328,,2867200,1222565
walter-study,healpix,512,jpeg-replacement-q80-whole,level,524288,489180,39,26.1944,0.8424495,,6275072,1222565
walter-study,healpix,512,jpeg-replacement-q80-whole,level,1048576,989415,46,28.90705,0.9034574,,13615104,1222565
walter-study,healpix,512,jpeg-replacement-q80-whole,level,1222565,1222565,49,30.06489,0.9443924,,16760832,1222565
walter-study,healpix,512,jpeg-replacement-q80-whole,gain,8192,7385,2,18.06201,0.3435304,,65536,1222565
walter-study,healpix,512,jpeg-replacement-q80-whole,gain,16384,15722,6,18.5778,0.3743437,,131072,1222565
walter-study,healpix,512,jpeg-replacement-q80-whole,gain,32768,31990,12,19.94397,0.453043,,278528,1222565
walter-study,healpix,512,jpeg-replacement-q80-whole,gain,65536,59864,18,20.73458,0.510748,,573440,1222565
walter-study,healpix,512,jpeg-replacement-q80-whole,gain,131072,123093,26,22.42631,0.6383656,,1294336,1222565
walter-study,healpix,512,jpeg-replacement-q80-whole,gain,262144,248661,32,23.91517,0.7175635,,2867200,1222565
walter-study,healpix,512,jpeg-replacement-q80-whole,gain,524288,504045,39,25.85004,0.8235287,,6275072,1222565
walter-study,healpix,512,jpeg-replacement-q80-whole,gain,1048576,988822,46,29.02523,0.9022124,,13615104,1222565
walter-study,healpix,512,jpeg-replacement-q80-whole,gain,1222565,1222565,49,30.06489,0.9443924,,16760832,1222565
walter-study,healpix,512,jpeg-replacement-q80-whole,view,8192,7152.667,2.083333,18.58575,0.3793007,18.51159,66901.33,1222565
walter-study,healpix,512,jpeg-replacement-q80-whole,view,16384,13732.17,5.583333,19.72123,0.4432069,18.51159,128341.3,1222565
walter-study,healpix,512,jpeg-replacement-q80-whole,view,32768,30051.33,8.333333,21.58791,0.5965608,18.51159,308565.3,1222565
walter-study,healpix,512,jpeg-replacement-q80-whole,view,65536,53987.75,10.66667,22.80907,0.6678443,18.51159,592554.7,1222565
walter-study,healpix,512,jpeg-replacement-q80-whole,view,131072,115626.3,13.66667,25.05208,0.8058427,18.51159,1378987,1222565
walter-study,healpix,512,jpeg-replacement-q80-whole,view,262144,224703,15.75,27.08702,0.8735168,18.51159,2908160,1222565
walter-study,healpix,512,jpeg-replacement-q80-whole,view,524288,512800.4,31.75,30.06144,0.9443284,21.63394,6897664,1222565
walter-study,healpix,512,jpeg-replacement-q80-whole,view,1048576,993201.1,46,30.06489,0.9443924,27.68529,13615104,1222565
walter-study,healpix,512,jpeg-replacement-q80-whole,view,1222565,1222565,49,30.06489,0.9443924,30.05485,16760832,1222565
walter-study,healpix,512,jpeg-replacement-q80-whole,view-direct,8192,5131,1,17.80111,0.3296995,18.51159,49152,1222565
walter-study,healpix,512,jpeg-replacement-q80-whole,view-direct,16384,5131,1,17.80111,0.3296995,18.51159,49152,1222565
walter-study,healpix,512,jpeg-replacement-q80-whole,view-direct,32768,5131,1,17.80111,0.3296995,18.51159,49152,1222565
walter-study,healpix,512,jpeg-replacement-q80-whole,view-direct,65536,5131,1,17.80111,0.3296995,18.51159,49152,1222565
walter-study,healpix,512,jpeg-replacement-q80-whole,view-direct,131072,78698.92,2,20.36416,0.5810307,18.51159,1097728,1222565
walter-study,healpix,512,jpeg-replacement-q80-whole,view-direct,262144,226139,5.916667,25.77639,0.8669677,18.84977,3238571,1222565
walter-study,healpix,512,jpeg-replacement-q80-whole,view-direct,524288,516624.7,33.75,30.06489,0.9443924,23.35833,6930432,1222565
walter-study,healpix,512,jpeg-replacement-q80-whole,view-direct,1048576,993201.1,46,30.06489,0.9443924,27.68529,13615104,1222565
walter-study,healpix,512,jpeg-replacement-q80-whole,view-direct,1222565,1222565,49,30.06489,0.9443924,30.05485,16760832,1222565
bookstore,healpix,512,exact,all,,9437184,,42.19895,0.9902194,,,
bookstore,healpix,512,exact,coarse,,36864,,26.20981,0.7384986,,,
bookstore,healpix,512,haar-residual-d12,level,8192,0,0,,,,0,475021
bookstore,healpix,512,haar-residual-d12,level,16384,0,0,,,,0,475021
bookstore,healpix,512,haar-residual-d12,level,32768,32103,6,27.08607,0.7583944,,131072,475021
bookstore,healpix,512,haar-residual-d12,level,65536,65416,17,29.00603,0.8080104,,507904,475021
bookstore,healpix,512,haar-residual-d12,level,131072,129636,26,31.35119,0.8809019,,1294336,475021
bookstore,healpix,512,haar-residual-d12,level,262144,256106,37,34.7258,0.947081,,4177920,475021
bookstore,healpix,512,haar-residual-d12,level,475021,475021,85,38.83077,0.9782839,,16760832,475021
bookstore,healpix,512,haar-residual-d12,gain,8192,0,0,,,,0,475021
bookstore,healpix,512,haar-residual-d12,gain,16384,0,0,,,,0,475021
bookstore,healpix,512,haar-residual-d12,gain,32768,31184,4,26.87959,0.7614018,,98304,475021
bookstore,healpix,512,haar-residual-d12,gain,65536,58023,11,28.30264,0.7984565,,262144,475021
bookstore,healpix,512,haar-residual-d12,gain,131072,115675,23,30.80467,0.8709635,,901120,475021
bookstore,healpix,512,haar-residual-d12,gain,262144,261304,39,34.72617,0.947425,,4702208,475021
bookstore,healpix,512,haar-residual-d12,gain,475021,475021,85,38.83077,0.9782839,,16760832,475021
bookstore,healpix,512,haar-residual-d12,view,8192,0,0,,,,0,475021
bookstore,healpix,512,haar-residual-d12,view,16384,0,0,,,,0,475021
bookstore,healpix,512,haar-residual-d12,view,32768,30625.92,5.166667,28.42016,0.793656,24.98611,121514.7,475021
bookstore,healpix,512,haar-residual-d12,view,65536,60148,10.41667,31.81213,0.886759,24.98611,625322.7,475021
bookstore,healpix,512,haar-residual-d12,view,131072,126587.3,23.08333,36.7275,0.9620558,25.28188,3282261,475021
bookstore,healpix,512,haar-residual-d12,view,262144,254825.5,44.66667,38.83077,0.9782839,30.16926,6253227,475021
bookstore,healpix,512,haar-residual-d12,view,475021,475021,85,38.83077,0.9782839,38.01315,16760832,475021
bookstore,healpix,512,haar-residual-d12-p0.5,level,8192,0,0,,,,0,401375
bookstore,healpix,512,haar-residual-d12-p0.5,level,16384,14456,5,26.57726,0.7488767,,114688,401375
bookstore,healpix,512,haar-residual-d12-p0.5,level,32768,31634,14,28.2398,0.7970862,,311296,401375
bookstore,healpix,512,haar-residual-d12-p0.5,level,65536,64957,22,30.0797,0.852779,,835584,401375
bookstore,healpix,512,haar-residual-d12-p0.5,level,131072,124821,31,31.74462,0.8950688,,2605056,401375
bookstore,healpix,512,haar-residual-d12-p0.5,level,262144,259046,58,33.95214,0.9436048,,9682944,401375
bookstore,healpix,512,haar-residual-d12-p0.5,level,401375,401375,85,36.09237,0.9663062,,16760832,401375
bookstore,healpix,512,haar-residual-d12-p0.5,gain,8192,0,0,,,,0,401375
bookstore,healpix,512,haar-residual-d12-p0.5,gain,16384,15431,3,26.55273,0.7561764,,81920,401375
bookstore,healpix,512,haar-residual-d12-p0.5,gain,32768,24600,9,27.72475,0.7840033,,180224,401375
bookstore,healpix,512,haar-residual-d12-p0.5,gain,65536,65095,21,30.06374,0.8560618,,770048,401375
bookstore,healpix,512,haar-residual-d12-p0.5,gain,131072,123789,29,31.61773,0.9017516,,2080768,401375
bookstore,healpix,512,haar-residual-d12-p0.5,gain,262144,251814,48,34.47614,0.9487286,,7061504,401375
bookstore,healpix,512,haar-residual-d12-p0.5,gain,401375,401375,85,36.09237,0.9663062,,16760832,401375
bookstore,healpix,512,haar-residual-d12-p0.5,view,8192,0,0,,,,0,401375
bookstore,healpix,512,haar-residual-d12-p0.5,view,16384,14786.67,4.333333,27.78427,0.7848538,24.8821,103765.3,401375
bookstore,healpix,512,haar-residual-d12-p0.5,view,32768,29477.33,9.166667,30.18211,0.8628818,24.8821,379562.7,401375
bookstore,healpix,512,haar-residual-d12-p0.5,view,65536,61785.75,15.41667,33.05986,0.9282893,24.8821,1796779,401375
bookstore,healpix,512,haar-residual-d12-p0.5,view,131072,128538.4,31.83333,35.57592,0.9619813,26.31741,4461909,401375
bookstore,healpix,512,haar-residual-d12-p0.5,view,262144,258683,56.75,36.09237,0.9663062,32.4524,9355264,401375
bookstore,healpix,512,haar-residual-d12-p0.5,view,401375,401375,85,36.09237,0.9663062,35.49037,16760832,401375
bookstore,healpix,512,jpeg-residual-q80,level,8192,6831,5,26.19005,0.7359294,,114688,444081
bookstore,healpix,512,jpeg-residual-q80,level,16384,16017,13,27.58937,0.7695095,,245760,444081
bookstore,healpix,512,jpeg-residual-q80,level,32768,31756,19,28.99544,0.8077163,,638976,444081
bookstore,healpix,512,jpeg-residual-q80,level,65536,63290,28,30.73658,0.8575947,,1818624,444081
bookstore,healpix,512,jpeg-residual-q80,level,131072,130381,35,33.05815,0.9099768,,3653632,444081
bookstore,healpix,512,jpeg-residual-q80,level,262144,261614,59,35.18684,0.9457713,,9945088,444081
bookstore,healpix,512,jpeg-residual-q80,level,444081,444081,85,38.69825,0.9800282,,16760832,444081
bookstore,healpix,512,jpeg-residual-q80,gain,8192,7666,4,26.19672,0.7481472,,98304,444081
bookstore,healpix,512,jpeg-residual-q80,gain,16384,12836,9,27.26181,0.7663742,,180224,444081
bookstore,healpix,512,jpeg-residual-q80,gain,32768,31034,17,28.89968,0.8111328,,507904,444081
bookstore,healpix,512,jpeg-residual-q80,gain,65536,64049,26,30.43674,0.854528,,1294336,444081
bookstore,healpix,512,jpeg-residual-q80,gain,131072,126948,33,32.90821,0.9159334,,3129344,444081
bookstore,healpix,512,jpeg-residual-q80,gain,262144,259494,50,35.54378,0.9467197,,7585792,444081
bookstore,healpix,512,jpeg-residual-q80,gain,444081,444081,85,38.69825,0.9800282,,16760832,444081
bookstore,healpix,512,jpeg-residual-q80,view,8192,7289,4.75,27.45331,0.7663078,24.50476,110592,444081
bookstore,healpix,512,jpeg-residual-q80,view,16384,14887.75,8.333333,29.63003,0.8299283,24.50476,308565.3,444081
bookstore,healpix,512,jpeg-residual-q80,view,32768,27870.17,11.25,31.46987,0.870572,24.50476,745472,444081
bookstore,healpix,512,jpeg-residual-q80,view,65536,62947.67,17,34.77115,0.9426626,24.50476,2252800,444081
bookstore,healpix,512,jpeg-residual-q80,view,131072,127390.7,31.75,38.08511,0.9759966,25.84758,4636672,444081
bookstore,healpix,512,jpeg-residual-q80,view,262144,260415.2,57.58333,38.69825,0.9800282,32.70011,9573717,444081
bookstore,healpix,512,jpeg-residual-q80,view,444081,444081,85,38.69825,0.9800282,37.81563,16760832,444081
bookstore,healpix,512,jpeg-replacement-q80,level,8192,7426,5,26.21255,0.7359989,,114688,546860
bookstore,healpix,512,jpeg-replacement-q80,level,16384,16152,11,27.40534,0.7669336,,212992,546860
bookstore,healpix,512,jpeg-replacement-q80,level,32768,27508,17,28.29208,0.7846745,,507904,546860
bookstore,healpix,512,jpeg-replacement-q80,level,65536,59169,25,30.17833,0.8463897,,1032192,546860
bookstore,healpix,512,jpeg-replacement-q80,level,131072,128274,32,32.50418,0.8910627,,2867200,546860
bookstore,healpix,512,jpeg-replacement-q80,level,262144,252674,53,34.67063,0.9402955,,8372224,546860
bookstore,healpix,512,jpeg-replacement-q80,level,524288,520118,82,38.27274,0.9752693,,15974400,546860
bookstore,healpix,512,jpeg-replacement-q80,level,546860,546860,85,38.73992,0.9805879,,16760832,546860
bookstore,healpix,512,jpeg-replacement-q80,gain,8192,7041,3,25.88678,0.7392265,,81920,546860
bookstore,healpix,512,jpeg-replacement-q80,gain,16384,14594,9,27.27799,0.7664865,,180224,546860
bookstore,healpix,512,jpeg-replacement-q80,gain,32768,31931,15,28.36959,0.797448,,425984,546860
bookstore,healpix,512,jpeg-replacement-q80,gain,65536,55369,23,29.86681,0.8409002,,901120,546860
bookstore,healpix,512,jpeg-replacement-q80,gain,131072,127409,30,32.06533,0.8928059,,2342912,546860
bookstore,healpix,512,jpeg-replacement-q80,gain,262144,259137,44,34.81484,0.9412379,,6012928,546860
bookstore,healpix,512,jpeg-replacement-q80,gain,524288,523378,78,38.08592,0.9761946,,14925824,546860
bookstore,healpix,512,jpeg-replacement-q80,gain,546860,546860,85,38.73992,0.9805879,,16760832,546860
bookstore,healpix,512,jpeg-replacement-q80,view,8192,7175,4.25,27.35361,0.7637838,24.50476,102400,546860
bookstore,healpix,512,jpeg-replacement-q80,view,16384,14894.25,7.5,29.14591,0.8160324,24.50476,253952,546860
bookstore,healpix,512,jpeg-replacement-q80,view,32768,28778.25,10.58333,30.85196,0.8588349,24.50476,587093.3,546860
bookstore,healpix,512,jpeg-replacement-q80,view,65536,60401.92,14.75,33.59534,0.9283495,24.50476,1662976,546860
bookstore,healpix,512,jpeg-replacement-q80,view,131072,123951.5,26.16667,36.91301,0.966638,24.94694,3824299,546860
bookstore,healpix,512,jpeg-replacement-q80,view,262144,256176.9,48.5,38.73992,0.9805879,31.2032,7192576,546860
bookstore,healpix,512,jpeg-replacement-q80,view,524288,519714.3,81.83333,38.73992,0.9805879,37.10929,15930710,546860
bookstore,healpix,512,jpeg-replacement-q80,view,546860,546860,85,38.73992,0.9805879,37.86375,16760832,546860
bookstore,healpix,512,jpeg-replacement-q80,view-direct,8192,4602.917,1.333333,25.7201,0.7320983,24.50476,136533.3,546860
bookstore,healpix,512,jpeg-replacement-q80,view-direct,16384,12392.67,2.916667,26.53121,0.7695196,24.50476,551594.7,546860
bookstore,healpix,512,jpeg-replacement-q80,view-direct,32768,28425.17,5.333333,28.91199,0.8394553,24.50476,1185109,546860
bookstore,healpix,512,jpeg-replacement-q80,view-direct,65536,62415.67,11.83333,33.74106,0.9407557,24.56222,2360661,546860
bookstore,healpix,512,jpeg-replacement-q80,view-direct,131072,127862.8,30.66667,38.71053,0.9805179,27.03375,4033195,546860
bookstore,healpix,512,jpeg-replacement-q80,view-direct,262144,256992.3,48.58333,38.73992,0.9805879,32.03676,7214421,546860
bookstore,healpix,512,jpeg-replacement-q80,view-direct,524288,519714.3,81.83333,38.73992,0.9805879,37.10929,15930710,546860
bookstore,healpix,512,jpeg-replacement-q80,view-direct,546860,546860,85,38.73992,0.9805879,37.86375,16760832,546860
bookstore,healpix,512,webp-replacement-q80,level,8192,7788,7,26.78493,0.7589192,,147456,331318
bookstore,healpix,512,webp-replacement-q80,level,16384,15580,15,28.03956,0.7873012,,376832,331318
bookstore,healpix,512,webp-replacement-q80,level,32768,32544,21,29.69809,0.8330668,,770048,331318
bookstore,healpix,512,webp-replacement-q80,level,65536,54922,29,30.93038,0.8681895,,2080768,331318
bookstore,healpix,512,webp-replacement-q80,level,131072,130578,39,33.85464,0.9336986,,4702208,331318
bookstore,healpix,512,webp-replacement-q80,level,262144,258838,68,36.59299,0.9557442,,12304384,331318
bookstore,healpix,512,webp-replacement-q80,level,331318,331318,85,38.25633,0.9758606,,16760832,331318
bookstore,healpix,512,webp-replacement-q80,gain,8192,7956,5,26.63821,0.7636339,,114688,331318
bookstore,healpix,512,webp-replacement-q80,gain,16384,12506,12,27.55696,0.7777925,,229376,331318
bookstore,healpix,512,webp-replacement-q80,gain,32768,31612,19,29.4713,0.8341723,,638976,331318
bookstore,healpix,512,webp-replacement-q80,gain,65536,64638,27,31.01509,0.8726208,,1556480,331318
bookstore,healpix,512,webp-replacement-q80,gain,131072,129030,39,33.79996,0.9343061,,4702208,331318
bookstore,healpix,512,webp-replacement-q80,gain,262144,257298,60,36.41624,0.95876,,10207232,331318
bookstore,healpix,512,webp-replacement-q80,gain,331318,331318,85,38.25633,0.9758606,,16760832,331318
bookstore,healpix,512,webp-replacement-q80,view,8192,7110.333,5.833333,28.02966,0.7852068,24.56661,152917.3,331318
bookstore,healpix,512,webp-replacement-q80,view,16384,14234.67,9.166667,29.96151,0.8481704,24.56661,379562.7,331318
bookstore,healpix,512,webp-replacement-q80,view,32768,28534,12.91667,32.21674,0.8980413,24.56661,1182379,331318
bookstore,healpix,512,webp-replacement-q80,view,65536,62944.33,21.66667,35.41233,0.9511487,24.75587,3119787,331318
bookstore,healpix,512,webp-replacement-q80,view,131072,128543,40.58333,38.20791,0.9757512,28.14428,5809493,331318
bookstore,healpix,512,webp-replacement-q80,view,262144,258667.8,68.91667,38.25633,0.9758606,34.3351,12544680,331318
bookstore,healpix,512,webp-replacement-q80,view,331318,331318,85,38.25633,0.9758606,37.49336,16760832,331318
bookstore,healpix,512,webp-replacement-q80,view-direct,8192,6626.667,2.666667,26.3447,0.764837,24.56661,486058.7,331318
bookstore,healpix,512,webp-replacement-q80,view-direct,16384,13832,5,28.21498,0.8188406,24.56661,1097728,331318
bookstore,healpix,512,webp-replacement-q80,view-direct,32768,29875.83,10.16667,32.22897,0.9052277,24.60557,2042539,331318
bookstore,healpix,512,webp-replacement-q80,view-direct,65536,64425.5,24.41667,37.47229,0.9732414,26.20711,3529387,331318
bookstore,healpix,512,webp-replacement-q80,view-direct,131072,127249.8,43.5,38.25633,0.9758606,30.14963,5881856,331318
bookstore,healpix,512,webp-replacement-q80,view-direct,262144,258667.8,68.91667,38.25633,0.9758606,34.3351,12544680,331318
bookstore,healpix,512,webp-replacement-q80,view-direct,331318,331318,85,38.25633,0.9758606,37.49336,16760832,331318
bookstore,healpix,512,jpeg-replacement-q80-whole,level,8192,7426,5,26.21255,0.7359989,,114688,536826
bookstore,healpix,512,jpeg-replacement-q80-whole,level,16384,16152,11,27.40534,0.7669336,,212992,536826
bookstore,healpix,512,jpeg-replacement-q80-whole,level,32768,27508,17,28.29208,0.7846745,,507904,536826
bookstore,healpix,512,jpeg-replacement-q80-whole,level,65536,59169,25,30.17833,0.8463897,,1032192,536826
bookstore,healpix,512,jpeg-replacement-q80-whole,level,131072,128274,32,32.50418,0.8910627,,2867200,536826
bookstore,healpix,512,jpeg-replacement-q80-whole,level,262144,249418,41,34.67089,0.9402954,,8372224,536826
bookstore,healpix,512,jpeg-replacement-q80-whole,level,524288,504554,48,38.12206,0.973812,,15712256,536826
bookstore,healpix,512,jpeg-replacement-q80-whole,level,536826,536826,49,38.74161,0.9805877,,16760832,536826
bookstore,healpix,512,jpeg-replacement-q80-whole,gain,8192,7041,3,25.88678,0.7392265,,81920,536826
bookstore,healpix,512,jpeg-replacement-q80-whole,gain,16384,14594,9,27.27799,0.7664865,,180224,536826
bookstore,healpix,512,jpeg-replacement-q80-whole,gain,32768,31931,15,28.36959,0.797448,,425984,536826
bookstore,healpix,512,jpeg-replacement-q80-whole,gain,65536,55369,23,29.86681,0.8409002,,901120,536826
bookstore,healpix,512,jpeg-replacement-q80-whole,gain,131072,127409,30,32.06533,0.8928059,,2342912,536826
bookstore,healpix,512,jpeg-replacement-q80-whole,gain,262144,235253,38,34.01132,0.9347902,,5226496,536826
bookstore,healpix,512,jpeg-replacement-q80-whole,gain,524288,522793,48,38.47862,0.9786445,,15712256,536826
bookstore,healpix,512,jpeg-replacement-q80-whole,gain,536826,536826,49,38.74161,0.9805877,,16760832,536826
bookstore,healpix,512,jpeg-replacement-q80-whole,view,8192,7175,4.25,27.35361,0.7637838,24.50476,102400,536826
bookstore,healpix,512,jpeg-replacement-q80-whole,view,16384,14894.25,7.5,29.14591,0.8160324,24.50476,253952,536826
bookstore,healpix,512,jpeg-replacement-q80-whole,view,32768,28778.25,10.58333,30.85196,0.8588349,24.50476,587093.3,536826
bookstore,healpix,512,jpeg-replacement-q80-whole,view,65536,56908.08,13.58333,33.29537,0.9238651,24.50476,1422677,536826
bookstore,healpix,512,jpeg-replacement-q80-whole,view,131072,121882.9,18.5,36.30291,0.9572119,24.8884,3919872,536826
bookstore,healpix,512,jpeg-replacement-q80-whole,view,262144,252594.7,34.25,38.74076,0.9805763,29.01322,7479296,536826
bookstore,healpix,512,jpeg-replacement-q80-whole,view,524288,504951.8,48,38.74161,0.9805877,36.81139,15712256,536826
bookstore,healpix,512,jpeg-replacement-q80-whole,view,536826,536826,49,38.74161,0.9805877,37.86558,16760832,536826
bookstore,healpix,512,jpeg-replacement-q80-whole,view-direct,8192,3530,1,25.5686,0.7283408,24.50476,49152,536826
bookstore,healpix,512,jpeg-replacement-q80-whole,view-direct,16384,3530,1,25.5686,0.7283408,24.50476,49152,536826
bookstore,healpix,512,jpeg-replacement-q80-whole,view-direct,32768,10574.58,1.416667,26.12039,0.743446,24.50476,486058.7,536826
bookstore,healpix,512,jpeg-replacement-q80-whole,view-direct,65536,53022.67,2.916667,30.69686,0.8768847,24.50476,2058923,536826
bookstore,healpix,512,jpeg-replacement-q80-whole,view-direct,131072,123436.8,13.66667,36.50395,0.9673138,25.95298,4270763,536826
bookstore,healpix,512,jpeg-replacement-q80-whole,view-direct,262144,256913.6,36.91667,38.74161,0.9805877,30.35169,7695019,536826
bookstore,healpix,512,jpeg-replacement-q80-whole,view-direct,524288,504951.8,48,38.74161,0.9805877,36.81139,15712256,536826
bookstore,healpix,512,jpeg-replacement-q80-whole,view-direct,536826,536826,49,38.74161,0.9805877,37.86558,16760832,536826
gardens,healpix,512,exact,all,,9437184,,35.84931,0.978464,,,
gardens,healpix,512,exact,coarse,,36864,,20.30772,0.4557255,,,
gardens,healpix,512,haar-residual-d12,level,8192,0,0,,,,0,1374749
gardens,healpix,512,haar-residual-d12,level,16384,0,0,,,,0,1374749
gardens,healpix,512,haar-residual-d12,level,32768,30676,2,20.43455,0.4640893,,65536,1374749
gardens,healpix,512,haar-residual-d12,level,65536,63342,9,21.85369,0.5278544,,180224,1374749
gardens,healpix,512,haar-residual-d12,level,131072,117234,17,23.42818,0.5909005,,507904,1374749
gardens,healpix,512,haar-residual-d12,level,262144,252543,26,24.94428,0.7260769,,1294336,1374749
gardens,healpix,512,haar-residual-d12,level,524288,494244,34,27.63659,0.8246793,,3391488,1374749
gardens,healpix,512,haar-residual-d12,level,1048576,1036471,70,31.14044,0.9264225,,12828672,1374749
gardens,healpix,512,haar-residual-d12,level,1374749,1374749,85,33.11383,0.9690787,,16760832,1374749
gardens,healpix,512,haar-residual-d12,gain,8192,0,0,,,,0,1374749
gardens,healpix,512,haar-residual-d12,gain,16384,0,0,,,,0,1374749
gardens,healpix,512,haar-residual-d12,gain,32768,32706,2,20.46776,0.4684912,,65536,1374749
gardens,healpix,512,haar-residual-d12,gain,65536,62834,8,21.29786,0.5175634,,163840,1374749
gardens,healpix,512,haar-residual-d12,gain,131072,115495,15,22.50089,0.5912926,,376832,1374749
gardens,healpix,512,haar-residual-d12,gain,262144,233785,24,24.59609,0.7169485,,966656,1374749
gardens,healpix,512,haar-residual-d12,gain,524288,522987,32,26.66556,0.8495826,,2867200,1374749
gardens,healpix,512,haar-residual-d12,gain,1048576,1042187,55,30.42507,0.9320953,,8896512,1374749
gardens,healpix,512,haar-residual-d12,gain,1374749,1374749,85,33.11383,0.9690787,,16760832,1374749
gardens,healpix,512,haar-residual-d12,view,8192,0,0,,,,0,1374749
gardens,healpix,512,haar-residual-d12,view,16384,0,0,,,,0,1374749
gardens,healpix,512,haar-residual-d12,view,32768,31881.67,2,20.88016,0.4986931,19.5903,65536,1374749
gardens,healpix,512,haar-residual-d12,view,65536,60535.67,6.583333,23.12241,0.6218778,19.5903,193877.3,1374749
gardens,healpix,512,haar-residual-d12,view,131072,112916.6,10.41667,25.65774,0.73487,19.5903,559786.7,1374749
gardens,healpix,512,haar-residual-d12,view,262144,249988.3,19.66667,29.74064,0.8872491,19.68744,2632363,1374749
gardens,healpix,512,haar-residual-d12,view,524288,515119.4,37.33333,33.04995,0.9677842,21.58823,5317973,1374749
gardens,healpix,512,haar-residual-d12,view,1048576,1037213,69.41667,33.11383,0.9690787,28.49821,12675750,1374749
gardens,healpix,512,haar-residual-d12,view,1374749,1374749,85,33.11383,0.9690787,31.8162,16760832,1374749
gardens,healpix,512,haar-residual-d12-p0.5,level,8192,0,0,,,,0,1228135
gardens,healpix,512,haar-residual-d12-p0.5,level,16384,0,0,,,,0,1228135
gardens,healpix,512,haar-residual-d12-p0.5,level,32768,30629,6,21.32863,0.4961886,,131072,1228135
gardens,healpix,512,haar-residual-d12-p0.5,level,65536,59159,14,22.21001,0.5612869,,311296,1228135
gardens,healpix,512,haar-residual-d12-p0.5,level,131072,123088,21,23.86528,0.6488662,,770048,1228135
gardens,healpix,512,haar-residual-d12-p0.5,level,262144,246803,30,25.58744,0.7457449,,2342912,1228135
gardens,healpix,512,haar-residual-d12-p0.5,level,524288,522141,46,27.86978,0.88002,,6537216,1228135
gardens,healpix,512,haar-residual-d12-p0.5,level,1048576,1045909,77,29.92419,0.9337083,,14663680,1228135
gardens,healpix,512,haar-residual-d12-p0.5,level,1228135,1228135,85,30.86193,0.9582233,,16760832,1228135
gardens,healpix,512,haar-residual-d12-p0.5,gain,8192,0,0,,,,0,1228135
gardens,healpix,512,haar-residual-d12-p0.5,gain,16384,0,0,,,,0,1228135
gardens,healpix,512,haar-residual-d12-p0.5,gain,32768,31773,5,20.68844,0.4890631,,114688,1228135
gardens,healpix,512,haar-residual-d12-p0.5,gain,65536,54361,13,22.10151,0.5559136,,245760,1228135
gardens,healpix,512,haar-residual-d12-p0.5,gain,131072,123962,19,22.99686,0.652926,,638976,1228135
gardens,healpix,512,haar-residual-d12-p0.5,gain,262144,235071,27,24.89806,0.7546718,,1556480,1228135
gardens,healpix,512,haar-residual-d12-p0.5,gain,524288,523797,39,27.7561,0.8822779,,4702208,1228135
gardens,healpix,512,haar-residual-d12-p0.5,gain,1048576,1041599,62,29.76466,0.9386123,,10731520,1228135
gardens,healpix,512,haar-residual-d12-p0.5,gain,1228135,1228135,85,30.86193,0.9582233,,16760832,1228135
gardens,healpix,512,haar-residual-d12-p0.5,view,8192,0,0,,,,0,1228135
gardens,healpix,512,haar-residual-d12-p0.5,view,16384,0,0,,,,0,1228135
gardens,healpix,512,haar-residual-d12-p0.5,view,32768,30516.33,5.333333,22.1074,0.5561216,19.55747,124245.3,1228135
gardens,healpix,512,haar-residual-d12-p0.5,view,65536,60378.75,9,24.30172,0.7018194,19.55747,368640,1228135
gardens,healpix,512,haar-residual-d12-p0.5,view,131072,116808.8,13.41667,26.53709,0.8028522,19.55747,1313451,1228135
gardens,healpix,512,haar-residual-d12-p0.5,view,262144,255738,24.25,29.13082,0.9111157,20.02904,3358720,1228135
gardens,healpix,512,haar-residual-d12-p0.5,view,524288,509535.5,43.41667,30.86068,0.9581975,23.65966,6163115,1228135
gardens,healpix,512,haar-residual-d12-p0.5,view,1048576,1044363,76.91667,30.86193,0.9582233,28.50723,14641830,1228135
gardens,healpix,512,haar-residual-d12-p0.5,view,1228135,1228135,85,30.86193,0.9582233,30.01858,16760832,1228135
gardens,healpix,512,jpeg-residual-q80,level,8192,7512,3,19.95791,0.4628007,,81920,932859
gardens,healpix,512,jpeg-residual-q80,level,16384,14844,8,20.94434,0.504029,,163840,932859
gardens,healpix,512,jpeg-residual-q80,level,32768,32096,16,22.23972,0.5676166,,442368,932859
gardens,healpix,512,jpeg-residual-q80,level,65536,61367,22,23.12972,0.6476128,,835584,932859
gardens,healpix,512,jpeg-residual-q80,level,131072,111214,29,24.8486,0.7238012,,2080768,932859
gardens,healpix,512,jpeg-residual-q80,level,262144,253376,36,26.64194,0.8468123,,3915776,932859
gardens,healpix,512,jpeg-residual-q80,level,524288,517617,62,29.41627,0.9043769,,10731520,932859
gardens,healpix,512,jpeg-residual-q80,level,932859,932859,85,31.96734,0.9694422,,16760832,932859
gardens,healpix,512,jpeg-residual-q80,gain,8192,6775,2,19.62606,0.4546022,,65536,932859
gardens,healpix,512,jpeg-residual-q80,gain,16384,16054,8,20.19318,0.4926575,,163840,932859
gardens,healpix,512,jpeg-residual-q80,gain,32768,28359,14,21.52247,0.5568956,,311296,932859
gardens,healpix,512,jpeg-residual-q80,gain,65536,64105,21,22.43732,0.6528473,,770048,932859
gardens,healpix,512,jpeg-residual-q80,gain,131072,120403,27,24.1777,0.7427568,,1556480,932859
gardens,healpix,512,jpeg-residual-q80,gain,262144,259325,35,26.07353,0.8583395,,3653632,932859
gardens,healpix,512,jpeg-residual-q80,gain,524288,517497,49,28.23294,0.9052091,,7323648,932859
gardens,healpix,512,jpeg-residual-q80,gain,932859,932859,85,31.96734,0.9694422,,16760832,932859
gardens,healpix,512,jpeg-residual-q80,view,8192,7642.5,2.833333,20.51517,0.5009984,18.9095,79189.33,932859
gardens,healpix,512,jpeg-residual-q80,view,16384,14580.58,6.25,21.88097,0.5725214,18.9095,172032,932859
gardens,healpix,512,jpeg-residual-q80,view,32768,28852.75,9.5,23.51363,0.6920407,18.9095,401408,932859
gardens,healpix,512,jpeg-residual-q80,view,65536,57435.75,12.33333,25.77492,0.7817885,18.9095,1029461,932859
gardens,healpix,512,jpeg-residual-q80,view,131072,123297.5,19.08333,28.69684,0.8868693,18.99073,2602325,932859
gardens,healpix,512,jpeg-residual-q80,view,262144,253875.2,31.08333,31.42786,0.9585054,19.82764,4801877,932859
gardens,healpix,512,jpeg-residual-q80,view,524288,517988.8,59.33333,31.96734,0.9694422,25.90026,10032470,932859
gardens,healpix,512,jpeg-residual-q80,view,932859,932859,85,31.96734,0.9694422,30.58979,16760832,932859
gardens,healpix,512,jpeg-replacement-q80,level,8192,8085,3,19.95707,0.462919,,81920,1171280
gardens,healpix,512,jpeg-replacement-q80,level,16384,14910,7,20.76447,0.4923592,,147456,1171280
gardens,healpix,512,jpeg-replacement-q80,level,32768,29755,14,21.42718,0.5426156,,311296,1171280
gardens,healpix,512,jpeg-replacement-q80,level,65536,61658,20,22.96496,0.6245852,,704512,1171280
gardens,healpix,512,jpeg-replacement-q80,level,131072,129454,28,24.70052,0.7209493,,1818624,1171280
gardens,healpix,512,jpeg-replacement-q80,level,262144,260148,34,26.09523,0.8098645,,3391488,1171280
gardens,healpix,512,jpeg-replacement-q80,level,524288,519182,55,28.57401,0.8869554,,8896512,1171280
gardens,healpix,512,jpeg-replacement-q80,level,1048576,1023802,79,30.91542,0.9482366,,15187968,1171280
gardens,healpix,512,jpeg-replacement-q80,level,1171280,1171280,85,31.92648,0.9694516,,16760832,1171280
gardens,healpix,512,jpeg-replacement-q80,gain,8192,7094,2,19.625,0.4546224,,65536,1171280
gardens,healpix,512,jpeg-replacement-q80,gain,16384,14906,6,19.9918,0.481139,,131072,1171280
gardens,healpix,512,jpeg-replacement-q80,gain,32768,26296,13,21.30779,0.5353103,,245760,1171280
gardens,healpix,512,jpeg-replacement-q80,gain,65536,60408,18,21.96031,0.6094654,,573440,1171280
gardens,healpix,512,jpeg-replacement-q80,gain,131072,120458,26,23.79847,0.7202018,,1294336,1171280
gardens,healpix,512,jpeg-replacement-q80,gain,262144,247670,31,24.95335,0.8077533,,2605056,1171280
gardens,healpix,512,jpeg-replacement-q80,gain,524288,522648,44,27.58179,0.8902329,,6012928,1171280
gardens,healpix,512,jpeg-replacement-q80,gain,1048576,1037021,69,30.04818,0.9534529,,12566528,1171280
gardens,healpix,512,jpeg-replacement-q80,gain,1171280,1171280,85,31.92648,0.9694516,,16760832,1171280
gardens,healpix,512,jpeg-replacement-q80,view,8192,7059.417,2.166667,20.16407,0.4856401,18.9095,68266.67,1171280
gardens,healpix,512,jpeg-replacement-q80,view,16384,13109.83,5.583333,21.31549,0.5358406,18.9095,128341.3,1171280
gardens,healpix,512,jpeg-replacement-q80,view,32768,29355,8.666667,23.36827,0.6818072,18.9095,330410.7,1171280
gardens,healpix,512,jpeg-replacement-q80,view,65536,58030.17,11.25,24.9971,0.7578131,18.9095,745472,1171280
gardens,healpix,512,jpeg-replacement-q80,view,131072,122143.3,15.58333,27.57725,0.8672558,18.9095,1881429,1171280
gardens,healpix,512,jpeg-replacement-q80,view,262144,253205.6,27.5,30.66802,0.9428731,19.65694,3977216,1171280
gardens,healpix,512,jpeg-replacement-q80,view,524288,511224,48.91667,31.92648,0.9694516,24.92483,7334571,1171280
gardens,healpix,512,jpeg-replacement-q80,view,1048576,1029359,79.16667,31.92648,0.9694516,28.97119,15231660,1171280
gardens,healpix,512,jpeg-replacement-q80,view,1171280,1171280,85,31.92648,0.9694516,30.54582,16760832,1171280
gardens,healpix,512,jpeg-replacement-q80,view-direct,8192,5065,1,19.47429,0.442971,18.9095,49152,1171280
gardens,healpix,512,jpeg-replacement-q80,view-direct,16384,8365.75,1.5,19.71279,0.4575427,18.9095,180224,1171280
gardens,healpix,512,jpeg-replacement-q80,view-direct,32768,27081.33,2.916667,20.84494,0.552917,18.9095,551594.7,1171280
gardens,healpix,512,jpeg-replacement-q80,view-direct,65536,56536.75,5.166667,23.49092,0.6747163,18.9095,1141419,1171280
gardens,healpix,512,jpeg-replacement-q80,view-direct,131072,120681.5,12.83333,28.05252,0.8502573,19.16131,2233685,1171280
gardens,healpix,512,jpeg-replacement-q80,view-direct,262144,253679.3,28.58333,31.70146,0.9654213,20.42545,4011349,1171280
gardens,healpix,512,jpeg-replacement-q80,view-direct,524288,512020.5,49.25,31.92648,0.9694516,25.48194,7389184,1171280
gardens,healpix,512,jpeg-replacement-q80,view-direct,1048576,1029359,79.16667,31.92648,0.9694516,28.97119,15231660,1171280
gardens,healpix,512,jpeg-replacement-q80,view-direct,1171280,1171280,85,31.92648,0.9694516,30.54582,16760832,1171280
gardens,healpix,512,webp-replacement-q80,level,8192,7302,3,20.15758,0.4700579,,81920,1105246
gardens,healpix,512,webp-replacement-q80,level,16384,15054,8,21.16463,0.5128471,,163840,1105246
gardens,healpix,512,webp-replacement-q80,level,32768,29852,15,22.05066,0.5647022,,376832,1105246
gardens,healpix,512,webp-replacement-q80,level,65536,62114,21,23.30222,0.6390822,,770048,1105246
gardens,healpix,512,webp-replacement-q80,level,131072,122734,29,25.14209,0.7279674,,2080768,1105246
gardens,healpix,512,webp-replacement-q80,level,262144,241772,34,26.46694,0.8132393,,3391488,1105246
gardens,healpix,512,webp-replacement-q80,level,524288,514828,58,28.99879,0.8956032,,9682944,1105246
gardens,healpix,512,webp-replacement-q80,level,1048576,1026860,82,31.78983,0.9567451,,15974400,1105246
gardens,healpix,512,webp-replacement-q80,level,1105246,1105246,85,32.3644,0.9681216,,16760832,1105246
gardens,healpix,512,webp-replacement-q80,gain,8192,6858,2,19.84643,0.46344,,65536,1105246
gardens,healpix,512,webp-replacement-q80,gain,16384,15334,7,20.53306,0.501096,,147456,1105246
gardens,healpix,512,webp-replacement-q80,gain,32768,30618,14,21.69317,0.5651206,,311296,1105246
gardens,healpix,512,webp-replacement-q80,gain,65536,60412,19,22.29261,0.6242897,,638976,1105246
gardens,healpix,512,webp-replacement-q80,gain,131072,113906,26,24.2313,0.7288608,,1294336,1105246
gardens,healpix,512,webp-replacement-q80,gain,262144,236846,31,25.37388,0.8098628,,2605056,1105246
gardens,healpix,512,webp-replacement-q80,gain,524288,524064,45,28.08864,0.8936135,,6275072,1105246
gardens,healpix,512,webp-replacement-q80,gain,1048576,1048106,73,31.22627,0.9600631,,13615104,1105246
gardens,healpix,512,webp-replacement-q80,gain,1105246,1105246,85,32.3644,0.9681216,,16760832,1105246
gardens,healpix,512,webp-replacement-q80,view,8192,7512.5,2.75,20.67072,0.5083771,19.07571,77824,1105246
gardens,healpix,512,webp-replacement-q80,view,16384,13015.17,5.916667,21.88579,0.5565363,19.07571,150186.7,1105246
gardens,healpix,512,webp-replacement-q80,view,32768,29361.67,9.083333,23.74354,0.6923341,19.07571,374101.3,1105246
gardens,healpix,512,webp-replacement-q80,view,65536,59654.67,12,25.82829,0.7764217,19.07571,942080,1105246
gardens,healpix,512,webp-replacement-q80,view,131072,121161,18,28.54901,0.8750793,19.15882,2318336,1105246
gardens,healpix,512,webp-replacement-q80,view,262144,251844.5,28.75,31.13899,0.9453615,19.93525,4222976,1105246
gardens,healpix,512,webp-replacement-q80,view,524288,517029.2,51.75,32.3644,0.9681216,25.68496,8060928,1105246
gardens,healpix,512,webp-replacement-q80,view,1048576,1026884,82,32.3644,0.9681216,30.23401,15974400,1105246
gardens,healpix,512,webp-replacement-q80,view,1105246,1105246,85,32.3644,0.9681216,31.06224,16760832,1105246
gardens,healpix,512,webp-replacement-q80,view-direct,8192,5399.167,1.166667,19.71807,0.4537718,19.07571,92842.67,1105246
gardens,healpix,512,webp-replacement-q80,view-direct,16384,8427.833,1.833333,20.12849,0.4748065,19.07571,267605.3,1105246
gardens,healpix,512,webp-replacement-q80,view-direct,32768,26254.83,3.666667,21.44862,0.5703999,19.07571,748202.7,1105246
gardens,healpix,512,webp-replacement-q80,view-direct,65536,55203.5,7.416667,25.33796,0.6846593,19.08626,1465003,1105246
gardens,healpix,512,webp-replacement-q80,view-direct,131072,122180.7,14.83333,28.65293,0.8569793,19.48933,2446677,1105246
gardens,healpix,512,webp-replacement-q80,view-direct,262144,253062.7,30.83333,32.11865,0.9640489,20.98613,4318549,1105246
gardens,healpix,512,webp-replacement-q80,view-direct,524288,516249.2,52,32.3644,0.9681216,25.96965,8110080,1105246
gardens,healpix,512,webp-replacement-q80,view-direct,1048576,1026884,82,32.3644,0.9681216,30.23401,15974400,1105246
gardens,healpix,512,webp-replacement-q80,view-direct,1105246,1105246,85,32.3644,0.9681216,31.06224,16760832,1105246
gardens,healpix,512,jpeg-replacement-q80-whole,level,8192,8085,3,19.95707,0.462919,,81920,1160816
gardens,healpix,512,jpeg-replacement-q80-whole,level,16384,14910,7,20.76447,0.4923592,,147456,1160816
gardens,healpix,512,jpeg-replacement-q80-whole,level,32768,29755,14,21.42718,0.5426156,,311296,1160816
gardens,healpix,512,jpeg-replacement-q80-whole,level,65536,61658,20,22.96496,0.6245852,,704512,1160816
gardens,healpix,512,jpeg-replacement-q80-whole,level,131072,129454,28,24.70052,0.7209493,,1818624,1160816
gardens,healpix,512,jpeg-replacement-q80-whole,level,262144,260148,34,26.09523,0.8098645,,3391488,1160816
gardens,healpix,512,jpeg-replacement-q80-whole,level,524288,465077,41,28.39529,0.8822671,,8372224,1160816
gardens,healpix,512,jpeg-replacement-q80-whole,level,1048576,977990,47,30.78977,0.9419357,,14663680,1160816
gardens,healpix,512,jpeg-replacement-q80-whole,level,1160816,1160816,49,31.92883,0.969452,,16760832,1160816
gardens,healpix,512,jpeg-replacement-q80-whole,gain,8192,7094,2,19.625,0.4546224,,65536,1160816
gardens,healpix,512,jpeg-replacement-q80-whole,gain,16384,14906,6,19.9918,0.481139,,131072,1160816
gardens,healpix,512,jpeg-replacement-q80-whole,gain,32768,26296,13,21.30779,0.5353103,,245760,1160816
gardens,healpix,512,jpeg-replacement-q80-whole,gain,65536,60408,18,21.96031,0.6094654,,573440,1160816
gardens,healpix,512,jpeg-replacement-q80-whole,gain,131072,120458,26,23.79847,0.7202018,,1294336,1160816
gardens,healpix,512,jpeg-replacement-q80-whole,gain,262144,247670,31,24.95335,0.8077533,,2605056,1160816
gardens,healpix,512,jpeg-replacement-q80-whole,gain,524288,518744,39,27.72133,0.8946285,,6275072,1160816
gardens,healpix,512,jpeg-replacement-q80-whole,gain,1048576,1033886,45,30.15894,0.959336,,12566528,1160816
gardens,healpix,512,jpeg-replacement-q80-whole,gain,1160816,1160816,49,31.92883,0.969452,,16760832,1160816
gardens,healpix,512,jpeg-replacement-q80-whole,view,8192,7059.417,2.166667,20.16407,0.4856401,18.9095,68266.67,1160816
gardens,healpix,512,jpeg-replacement-q80-whole,view,16384,13109.83,5.583333,21.31549,0.5358406,18.9095,128341.3,1160816
gardens,healpix,512,jpeg-replacement-q80-whole,view,32768,29355,8.666667,23.36827,0.6818072,18.9095,330410.7,1160816
gardens,healpix,512,jpeg-replacement-q80-whole,view,65536,58030.17,11.25,24.9971,0.7578131,18.9095,745472,1160816
gardens,healpix,512,jpeg-replacement-q80-whole,view,131072,110938.7,14,26.78502,0.8619303,18.9095,1531904,1160816
gardens,healpix,512,jpeg-replacement-q80-whole,view,262144,232456.2,18.83333,29.66599,0.9149316,19.17365,3941717,1160816
gardens,healpix,512,jpeg-replacement-q80-whole,view,524288,507235.4,34.75,31.87392,0.9683459,22.50011,7520256,1160816
gardens,healpix,512,jpeg-replacement-q80-whole,view,1048576,978842.3,47,31.92883,0.969452,28.55662,14663680,1160816
gardens,healpix,512,jpeg-replacement-q80-whole,view,1160816,1160816,49,31.92883,0.969452,30.54782,16760832,1160816
gardens,healpix,512,jpeg-replacement-q80-whole,view-direct,8192,5065,1,19.47429,0.442971,18.9095,49152,1160816
gardens,healpix,512,jpeg-replacement-q80-whole,view-direct,16384,5065,1,19.47429,0.442971,18.9095,49152,1160816
gardens,healpix,512,jpeg-replacement-q80-whole,view-direct,32768,9307.833,1.166667,19.59428,0.4530572,18.9095,223914.7,1160816
gardens,healpix,512,jpeg-replacement-q80-whole,view-direct,65536,19998.5,1.5,20.2761,0.4815801,18.9095,573440,1160816
gardens,healpix,512,jpeg-replacement-q80-whole,view-direct,131072,104920.8,2.916667,23.81458,0.7351863,18.9095,2058923,1160816
gardens,healpix,512,jpeg-replacement-q80-whole,view-direct,262144,228615.8,11.66667,29.09607,0.8840483,19.51493,3959467,1160816
gardens,healpix,512,jpeg-replacement-q80-whole,view-direct,524288,507863.3,36.41667,31.92883,0.969452,24.12906,7727787,1160816
gardens,healpix,512,jpeg-replacement-q80-whole,view-direct,1048576,978842.3,47,31.92883,0.969452,28.55662,14663680,1160816
gardens,healpix,512,jpeg-replacement-q80-whole,view-direct,1160816,1160816,49,31.92883,0.969452,30.54782,16760832,1160816
stadium,healpix,512,exact,all,,9437184,,37.1678,0.9569543,,,
stadium,healpix,512,exact,coarse,,36864,,25.51205,0.546527,,,
stadium,healpix,512,haar-residual-d12,level,8192,0,0,,,,0,989500
stadium,healpix,512,haar-residual-d12,level,16384,0,0,,,,0,989500
stadium,healpix,512,haar-residual-d12,level,32768,29356,5,25.95655,0.5539271,,114688,989500
stadium,healpix,512,haar-residual-d12,level,65536,62888,14,27.08327,0.6145314,,311296,989500
stadium,healpix,512,haar-residual-d12,level,131072,128782,22,28.41876,0.6823861,,835584,989500
stadium,healpix,512,haar-residual-d12,level,262144,261543,32,30.04044,0.7690905,,2867200,989500
stadium,healpix,512,haar-residual-d12,level,524288,516398,58,31.57273,0.8615198,,9682944,989500
stadium,healpix,512,haar-residual-d12,level,989500,989500,85,34.31294,0.9479542,,16760832,989500
stadium,healpix,512,haar-residual-d12,gain,8192,0,0,,,,0,989500
stadium,healpix,512,haar-residual-d12,gain,16384,0,0,,,,0,989500
stadium,healpix,512,haar-residual-d12,gain,32768,30637,3,25.65995,0.5561227,,81920,989500
stadium,healpix,512,haar-residual-d12,gain,65536,60076,13,27.03195,0.6119557,,245760,989500
stadium,healpix,512,haar-residual-d12,gain,131072,124068,20,28.07923,0.6824492,,704512,989500
stadium,healpix,512,haar-residual-d12,gain,262144,254286,29,29.49972,0.7699352,,2080768,989500
stadium,healpix,512,haar-residual-d12,gain,524288,514785,43,31.5259,0.8735907,,5750784,989500
stadium,healpix,512,haar-residual-d12,gain,989500,989500,85,34.31294,0.9479542,,16760832,989500
stadium,healpix,512,haar-residual-d12,view,8192,0,0,,,,0,989500
stadium,healpix,512,haar-residual-d12,view,16384,0,0,,,,0,989500
stadium,healpix,512,haar-residual-d12,view,32768,30406.92,4.083333,26.79905,0.6014542,22.05094,103765.3,989500
stadium,healpix,512,haar-residual-d12,view,65536,61090.08,9.25,28.73869,0.7076983,22.05094,450560,989500
stadium,healpix,512,haar-residual-d12,view,131072,121855.8,17.41667,30.56873,0.8015141,22.10765,2144939,989500
stadium,healpix,512,haar-residual-d12,view,262144,253183.8,28,33.09234,0.9059916,22.66203,4026368,989500
stadium,healpix,512,haar-residual-d12,view,524288,515802.6,50.33333,34.31294,0.9479542,27.14594,7705941,989500
stadium,healpix,512,haar-residual-d12,view,989500,989500,85,34.31294,0.9479542,31.69069,16760832,989500
stadium,healpix,512,haar-residual-d12-p0.5,level,8192,0,0,,,,0,892201
stadium,healpix,512,haar-residual-d12-p0.5,level,16384,15989,5,24.98467,0.5525345,,114688,892201
stadium,healpix,512,haar-residual-d12-p0.5,level,32768,31560,11,25.84029,0.5956068,,212992,892201
stadium,healpix,512,haar-residual-d12-p0.5,level,65536,59755,19,26.6691,0.6436465,,638976,892201
stadium,healpix,512,haar-residual-d12-p0.5,level,131072,122039,29,27.6568,0.7239724,,2080768,892201
stadium,healpix,512,haar-residual-d12-p0.5,level,262144,255409,35,28.87834,0.8006718,,3653632,892201
stadium,healpix,512,haar-residual-d12-p0.5,level,524288,512079,65,30.59895,0.8724436,,11517952,892201
stadium,healpix,512,haar-residual-d12-p0.5,level,892201,892201,85,32.11273,0.9403284,,16760832,892201
stadium,healpix,512,haar-residual-d12-p0.5,gain,8192,0,0,,,,0,892201
stadium,healpix,512,haar-residual-d12-p0.5,gain,16384,15534,3,24.91334,0.5523485,,81920,892201
stadium,healpix,512,haar-residual-d12-p0.5,gain,32768,30978,10,25.77988,0.5973213,,196608,892201
stadium,healpix,512,haar-residual-d12-p0.5,gain,65536,65161,18,26.59398,0.6476519,,573440,892201
stadium,healpix,512,haar-residual-d12-p0.5,gain,131072,126367,26,27.56251,0.7250387,,1294336,892201
stadium,healpix,512,haar-residual-d12-p0.5,gain,262144,255020,34,28.90215,0.8057184,,3391488,892201
stadium,healpix,512,haar-residual-d12-p0.5,gain,524288,515818,48,30.3517,0.8839152,,7061504,892201
stadium,healpix,512,haar-residual-d12-p0.5,gain,892201,892201,85,32.11273,0.9403284,,16760832,892201
stadium,healpix,512,haar-residual-d12-p0.5,view,8192,0,0,,,,0,892201
stadium,healpix,512,haar-residual-d12-p0.5,view,16384,15541.67,3.166667,25.49711,0.5819571,21.6909,84650.67,892201
stadium,healpix,512,haar-residual-d12-p0.5,view,32768,29667.83,8,26.88981,0.6672632,21.6909,319488,892201
stadium,healpix,512,haar-residual-d12-p0.5,view,65536,54640.08,13,27.8113,0.7291509,21.69993,1101824,892201
stadium,healpix,512,haar-residual-d12-p0.5,view,131072,121367.9,21,29.52679,0.8343618,21.9403,2670592,892201
stadium,healpix,512,haar-residual-d12-p0.5,view,262144,251164.5,32,31.54188,0.91951,22.66257,4784128,892201
stadium,healpix,512,haar-residual-d12-p0.5,view,524288,515295.7,60.08333,32.11273,0.9403284,27.2291,10229080,892201
stadium,healpix,512,haar-residual-d12-p0.5,view,892201,892201,85,32.11273,0.9403284,30.28596,16760832,892201
stadium,healpix,512,jpeg-residual-q80,level,8192,6884,5,24.55342,0.5472424,,114688,798354
stadium,healpix,512,jpeg-residual-q80,level,16384,15456,11,25.48637,0.5841775,,212992,798354
stadium,healpix,512,jpeg-residual-q80,level,32768,28928,18,26.63636,0.61412,,573440,798354
stadium,healpix,512,jpeg-residual-q80,level,65536,64189,26,27.8709,0.7032926,,1294336,798354
stadium,healpix,512,jpeg-residual-q80,level,131072,123794,32,29.35215,0.7519781,,2867200,798354
stadium,healpix,512,jpeg-residual-q80,level,262144,262116,49,30.8755,0.8377488,,7323648,798354
stadium,healpix,512,jpeg-residual-q80,level,524288,516512,70,32.62827,0.8819497,,12828672,798354
stadium,healpix,512,jpeg-residual-q80,level,798354,798354,85,34.22302,0.9454503,,16760832,798354
stadium,healpix,512,jpeg-residual-q80,gain,8192,6889,3,23.96286,0.5548416,,81920,798354
stadium,healpix,512,jpeg-residual-q80,gain,16384,16117,11,25.25077,0.5912733,,212992,798354
stadium,healpix,512,jpeg-residual-q80,gain,32768,31830,16,26.17426,0.6279875,,442368,798354
stadium,healpix,512,jpeg-residual-q80,gain,65536,60057,25,27.73991,0.7009855,,1032192,798354
stadium,healpix,512,jpeg-residual-q80,gain,131072,128924,30,28.897,0.7555179,,2342912,798354
stadium,healpix,512,jpeg-residual-q80,gain,262144,250752,39,30.40952,0.8416473,,4702208,798354
stadium,healpix,512,jpeg-residual-q80,gain,524288,511917,54,31.83922,0.893001,,8634368,798354
stadium,healpix,512,jpeg-residual-q80,gain,798354,798354,85,34.22302,0.9454503,,16760832,798354
stadium,healpix,512,jpeg-residual-q80,view,8192,7446.25,4.333333,25.40038,0.5913543,21.04492,103765.3,798354
stadium,healpix,512,jpeg-residual-q80,view,16384,14672.25,7.75,27.13765,0.6526998,21.04492,270336,798354
stadium,healpix,512,jpeg-residual-q80,view,32768,27959.67,10.75,28.42983,0.7071498,21.04492,647168,798354
stadium,healpix,512,jpeg-residual-q80,view,65536,58428.5,15.5,30.04043,0.7918932,21.04492,1777664,798354
stadium,healpix,512,jpeg-residual-q80,view,131072,123250.3,24.25,31.97433,0.8677839,21.42665,3313664,798354
stadium,healpix,512,jpeg-residual-q80,view,262144,255684.4,38.5,33.99994,0.9385189,23.50359,5709824,798354
stadium,healpix,512,jpeg-residual-q80,view,524288,516912.3,69,34.22302,0.9454503,28.41142,12566528,798354
stadium,healpix,512,jpeg-residual-q80,view,798354,798354,85,34.22302,0.9454503,31.42442,16760832,798354
stadium,healpix,512,jpeg-replacement-q80,level,8192,7482,5,24.80396,0.5472405,,114688,970922
stadium,healpix,512,jpeg-replacement-q80,level,16384,16069,10,25.72961,0.5800852,,196608,970922
stadium,healpix,512,jpeg-replacement-q80,level,32768,29149,17,26.64668,0.6063026,,507904,970922
stadium,healpix,512,jpeg-replacement-q80,level,65536,61605,23,27.6089,0.6740411,,901120,970922
stadium,healpix,512,jpeg-replacement-q80,level,131072,113996,30,28.69417,0.7188624,,2342912,970922
stadium,healpix,512,jpeg-replacement-q80,level,262144,258137,37,30.3062,0.8321502,,4177920,970922
stadium,healpix,512,jpeg-replacement-q80,level,524288,509011,63,32.25614,0.8678417,,10993664,970922
stadium,healpix,512,jpeg-replacement-q80,level,970922,970922,85,34.36649,0.9457367,,16760832,970922
stadium,healpix,512,jpeg-replacement-q80,gain,8192,7440,3,23.97269,0.554874,,81920,970922
stadium,healpix,512,jpeg-replacement-q80,gain,16384,16051,9,25.06198,0.5840547,,180224,970922
stadium,healpix,512,jpeg-replacement-q80,gain,32768,32330,15,26.31625,0.6200123,,376832,970922
stadium,healpix,512,jpeg-replacement-q80,gain,65536,65473,23,27.43138,0.6890413,,901120,970922
stadium,healpix,512,jpeg-replacement-q80,gain,131072,130341,28,28.48576,0.7348909,,1818624,970922
stadium,healpix,512,jpeg-replacement-q80,gain,262144,258137,37,30.3062,0.8321502,,4177920,970922
stadium,healpix,512,jpeg-replacement-q80,gain,524288,501197,48,31.45468,0.877856,,7061504,970922
stadium,healpix,512,jpeg-replacement-q80,gain,970922,970922,85,34.36649,0.9457367,,16760832,970922
stadium,healpix,512,jpeg-replacement-q80,view,8192,7353,3.833333,25.56094,0.5850875,21.04492,95573.33,970922
stadium,healpix,512,jpeg-replacement-q80,view,16384,14913.5,7.083333,26.99747,0.6368717,21.04492,226645.3,970922
stadium,healpix,512,jpeg-replacement-q80,view,32768,27885.58,10,28.14572,0.7007486,21.04492,483328,970922
stadium,healpix,512,jpeg-replacement-q80,view,65536,54665.58,13.33333,29.55176,0.7659934,21.04492,1291605,970922
stadium,healpix,512,jpeg-replacement-q80,view,131072,121965.1,21.58333,31.50543,0.8469997,21.29844,2839893,970922
stadium,healpix,512,jpeg-replacement-q80,view,262144,252547.8,32.41667,33.75455,0.9258967,22.08431,4872875,970922
stadium,healpix,512,jpeg-replacement-q80,view,524288,510969.7,58.75,34.36649,0.9457367,27.39572,9879552,970922
stadium,healpix,512,jpeg-replacement-q80,view,970922,970922,85,34.36649,0.9457367,31.48217,16760832,970922
stadium,healpix,512,jpeg-replacement-q80,view-direct,8192,5421.417,1.666667,23.67592,0.5424148,21.04492,223914.7,970922
stadium,healpix,512,jpeg-replacement-q80,view-direct,16384,8548.25,2.75,24.46975,0.5478755,21.04492,507904,970922
stadium,healpix,512,jpeg-replacement-q80,view-direct,32768,27178.75,4.666667,26.0206,0.6246055,21.04492,1010347,970922
stadium,healpix,512,jpeg-replacement-q80,view-direct,65536,57688,10,28.57877,0.7233524,21.16147,1675264,970922
stadium,healpix,512,jpeg-replacement-q80,view-direct,131072,121905.1,17.58333,31.79865,0.8639995,21.56255,2823509,970922
stadium,healpix,512,jpeg-replacement-q80,view-direct,262144,254009.9,34.58333,34.23123,0.9401893,23.38425,4945237,970922
stadium,healpix,512,jpeg-replacement-q80,view-direct,524288,511076.3,58.75,34.36649,0.9457367,27.40503,9879552,970922
stadium,healpix,512,jpeg-replacement-q80,view-direct,970922,970922,85,34.36649,0.9457367,31.48217,16760832,970922
stadium,healpix,512,webp-replacement-q80,level,8192,6980,6,24.8161,0.5548145,,131072,877868
stadium,healpix,512,webp-replacement-q80,level,16384,15568,12,25.75631,0.5959921,,229376,877868
stadium,healpix,512,webp-replacement-q80,level,32768,32050,19,27.00242,0.6381817,,638976,877868
stadium,healpix,512,webp-replacement-q80,level,65536,62538,25,27.81149,0.7100766,,1032192,877868
stadium,healpix,512,webp-replacement-q80,level,131072,127136,32,29.42259,0.7588833,,2867200,877868
stadium,healpix,512,webp-replacement-q80,level,262144,248824,45,30.69148,0.8399504,,6275072,877868
stadium,healpix,512,webp-replacement-q80,level,524288,518966,69,32.50981,0.8797437,,12566528,877868
stadium,healpix,512,webp-replacement-q80,level,877868,877868,85,34.14781,0.9456053,,16760832,877868
stadium,healpix,512,webp-replacement-q80,gain,8192,6846,4,24.48914,0.5598459,,98304,877868
stadium,healpix,512,webp-replacement-q80,gain,16384,15564,12,25.81016,0.5990999,,229376,877868
stadium,healpix,512,webp-replacement-q80,gain,32768,31760,16,26.37399,0.6355725,,442368,877868
stadium,healpix,512,webp-replacement-q80,gain,65536,62538,25,27.81149,0.7100766,,1032192,877868
stadium,healpix,512,webp-replacement-q80,gain,131072,126834,31,28.86504,0.7500882,,2605056,877868
stadium,healpix,512,webp-replacement-q80,gain,262144,258414,39,30.51304,0.8421247,,4702208,877868
stadium,healpix,512,webp-replacement-q80,gain,524288,504246,54,31.75169,0.8848348,,8634368,877868
stadium,healpix,512,webp-replacement-q80,gain,877868,877868,85,34.14781,0.9456053,,16760832,877868
stadium,healpix,512,webp-replacement-q80,view,8192,7331,4.916667,25.85248,0.600014,21.08469,121514.7,877868
stadium,healpix,512,webp-replacement-q80,view,16384,14258.17,7.916667,27.25321,0.6612501,21.08469,297642.7,877868
stadium,healpix,512,webp-replacement-q80,view,32768,28189.5,11.33333,28.56947,0.7158377,21.08469,800085.3,877868
stadium,healpix,512,webp-replacement-q80,view,65536,55575,16.58333,29.96103,0.7844778,21.14319,1946965,877868
stadium,healpix,512,webp-replacement-q80,view,131072,121354.8,24.25,31.7156,0.8609538,21.57811,3219456,877868
stadium,healpix,512,webp-replacement-q80,view,262144,257821.5,36.75,33.71583,0.9317256,23.2835,5414912,877868
stadium,healpix,512,webp-replacement-q80,view,524288,517904.8,65.41667,34.14781,0.9456053,27.86153,11627180,877868
stadium,healpix,512,webp-replacement-q80,view,877868,877868,85,34.14781,0.9456053,31.49403,16760832,877868
stadium,healpix,512,webp-replacement-q80,view-direct,8192,4875.5,2.583333,24.20048,0.5456789,21.08469,464213.3,877868
stadium,healpix,512,webp-replacement-q80,view-direct,16384,8551.167,3.916667,25.43611,0.5581845,21.08469,813738.7,877868
stadium,healpix,512,webp-replacement-q80,view-direct,32768,27362.67,7.416667,26.96009,0.6334819,21.14319,1284779,877868
stadium,healpix,512,webp-replacement-q80,view-direct,65536,60400.33,12.66667,29.46026,0.7516191,21.28479,1977003,877868
stadium,healpix,512,webp-replacement-q80,view-direct,131072,125844.5,20.66667,32.18592,0.8829709,21.74684,3279531,877868
stadium,healpix,512,webp-replacement-q80,view-direct,262144,255089.7,37.66667,34.01019,0.9400709,24.43403,5524139,877868
stadium,healpix,512,webp-replacement-q80,view-direct,524288,517904.8,65.41667,34.14781,0.9456053,27.86153,11627180,877868
stadium,healpix,512,webp-replacement-q80,view-direct,877868,877868,85,34.14781,0.9456053,31.49403,16760832,877868
stadium,healpix,512,jpeg-replacement-q80-whole,level,8192,7482,5,24.80396,0.5472405,,114688,961724
stadium,healpix,512,jpeg-replacement-q80-whole,level,16384,16069,10,25.72961,0.5800852,,196608,961724
stadium,healpix,512,jpeg-replacement-q80-whole,level,32768,29149,17,26.64668,0.6063026,,507904,961724
stadium,healpix,512,jpeg-replacement-q80-whole,level,65536,61605,23,27.6089,0.6740411,,901120,961724
stadium,healpix,512,jpeg-replacement-q80-whole,level,131072,113996,30,28.69417,0.7188624,,2342912,961724
stadium,healpix,512,jpeg-replacement-q80-whole,level,262144,258137,37,30.3062,0.8321502,,4177920,961724
stadium,healpix,512,jpeg-replacement-q80-whole,level,524288,468181,43,32.00188,0.8597679,,10469376,961724
stadium,healpix,512,jpeg-replacement-q80-whole,level,961724,961724,49,34.36744,0.9457372,,16760832,961724
stadium,healpix,512,jpeg-replacement-q80-whole,gain,8192,7440,3,23.97269,0.554874,,81920,961724
stadium,healpix,512,jpeg-replacement-q80-whole,gain,16384,16051,9,25.06198,0.5840547,,180224,961724
stadium,healpix,512,jpeg-replacement-q80-whole,gain,32768,32330,15,26.31625,0.6200123,,376832,961724
stadium,healpix,512,jpeg-replacement-q80-whole,gain,65536,65473,23,27.43138,0.6890413,,901120,961724
stadium,healpix,512,jpeg-replacement-q80-whole,gain,131072,130341,28,28.48576,0.7348909,,1818624,961724
stadium,healpix,512,jpeg-replacement-q80-whole,gain,262144,258137,37,30.3062,0.8321502,,4177920,961724
stadium,healpix,512,jpeg-replacement-q80-whole,gain,524288,517282,40,31.43447,0.8803345,,7323648,961724
stadium,healpix,512,jpeg-replacement-q80-whole,gain,961724,961724,49,34.36744,0.9457372,,16760832,961724
stadium,healpix,512,jpeg-replacement-q80-whole,view,8192,7353,3.833333,25.56094,0.5850875,21.04492,95573.33,961724
stadium,healpix,512,jpeg-replacement-q80-whole,view,16384,14913.5,7.083333,26.99747,0.6368717,21.04492,226645.3,961724
stadium,healpix,512,jpeg-replacement-q80-whole,view,32768,27885.58,10,28.14572,0.7007486,21.04492,483328,961724
stadium,healpix,512,jpeg-replacement-q80-whole,view,65536,53429.17,12.5,29.4366,0.765473,21.04492,1138688,961724
stadium,healpix,512,jpeg-replacement-q80-whole,view,131072,113338.8,16.08333,31.21214,0.8374312,21.10113,2700629,961724
stadium,healpix,512,jpeg-replacement-q80-whole,view,262144,230382.8,23.08333,32.68531,0.8943837,21.75206,4867413,961724
stadium,healpix,512,jpeg-replacement-q80-whole,view,524288,496328.4,39.66667,34.3651,0.94567,26.31018,9030315,961724
stadium,healpix,512,jpeg-replacement-q80-whole,view,961724,961724,49,34.36744,0.9457372,31.48293,16760832,961724
stadium,healpix,512,jpeg-replacement-q80-whole,view-direct,8192,3913,1,23.53261,0.5406515,21.04492,49152,961724
stadium,healpix,512,jpeg-replacement-q80-whole,view-direct,16384,3913,1,23.53261,0.5406515,21.04492,49152,961724
stadium,healpix,512,jpeg-replacement-q80-whole,view-direct,32768,9126.833,1.333333,24.04916,0.5465815,21.04492,398677.3,961724
stadium,healpix,512,jpeg-replacement-q80-whole,view-direct,65536,19276.5,1.833333,24.7601,0.5475089,21.04492,922965.3,961724
stadium,healpix,512,jpeg-replacement-q80-whole,view-direct,131072,94397.92,6.166667,29.11832,0.7474103,21.2092,2665131,961724
stadium,healpix,512,jpeg-replacement-q80-whole,view-direct,262144,232102,16.25,32.95402,0.8983463,21.91893,4882432,961724
stadium,healpix,512,jpeg-replacement-q80-whole,view-direct,524288,498543.9,40.75,34.36744,0.9457372,26.92292,9224192,961724
stadium,healpix,512,jpeg-replacement-q80-whole,view-direct,961724,961724,49,34.36744,0.9457372,31.48293,16760832,961724
superblock,healpix,512,exact,all,,9437184,,31.44263,0.9585315,,,
superblock,healpix,512,exact,coarse,,36864,,19.05382,0.2810519,,,
superblock,healpix,512,haar-residual-d12,level,8192,0,0,,,,0,1616056
superblock,healpix,512,haar-residual-d12,level,16384,0,0,,,,0,1616056
superblock,healpix,512,haar-residual-d12,level,32768,30567,2,19.17082,0.2912311,,65536,1616056
superblock,healpix,512,haar-residual-d12,level,65536,60782,8,19.99707,0.3515611,,163840,1616056
superblock,healpix,512,haar-residual-d12,level,131072,125721,16,20.95929,0.4495358,,442368,1616056
superblock,healpix,512,haar-residual-d12,level,262144,252299,25,22.16625,0.5750672,,1032192,1616056
superblock,healpix,512,haar-residual-d12,level,524288,513259,32,24.39059,0.7221476,,2867200,1616056
superblock,healpix,512,haar-residual-d12,level,1048576,1040477,54,27.30189,0.8653496,,8634368,1616056
superblock,healpix,512,haar-residual-d12,level,1616056,1616056,85,29.98788,0.9513201,,16760832,1616056
superblock,healpix,512,haar-residual-d12,gain,8192,0,0,,,,0,1616056
superblock,healpix,512,haar-residual-d12,gain,16384,0,0,,,,0,1616056
superblock,healpix,512,haar-residual-d12,gain,32768,31878,2,19.20251,0.293222,,65536,1616056
superblock,healpix,512,haar-residual-d12,gain,65536,61448,8,19.91255,0.3457285,,163840,1616056
superblock,healpix,512,haar-residual-d12,gain,131072,129800,15,20.74125,0.4251715,,425984,1616056
superblock,healpix,512,haar-residual-d12,gain,262144,224564,23,21.96871,0.5470005,,901120,1616056
superblock,healpix,512,haar-residual-d12,gain,524288,521014,32,24.12892,0.715234,,2867200,1616056
superblock,healpix,512,haar-residual-d12,gain,1048576,1044166,51,26.63614,0.8562858,,7847936,1616056
superblock,healpix,512,haar-residual-d12,gain,1616056,1616056,85,29.98788,0.9513201,,16760832,1616056
superblock,healpix,512,haar-residual-d12,view,8192,0,0,,,,0,1616056
superblock,healpix,512,haar-residual-d12,view,16384,0,0,,,,0,1616056
superblock,healpix,512,haar-residual-d12,view,32768,30882.67,2,19.54588,0.3211363,19.1141,65536,1616056
superblock,healpix,512,haar-residual-d12,view,65536,58634.33,6.333333,20.83652,0.4399599,19.1141,177493.3,1616056
superblock,healpix,512,haar-residual-d12,view,131072,117133.4,10.08333,22.33984,0.5945229,19.1141,472405.3,1616056
superblock,healpix,512,haar-residual-d12,view,262144,241536.1,13.91667,25.18768,0.8025828,19.1141,1444523,1616056
superblock,healpix,512,haar-residual-d12,view,524288,519255,30.41667,29.84754,0.9483435,20.1301,4549291,1616056
superblock,healpix,512,haar-residual-d12,view,1048576,1037914,55.66667,29.98788,0.9513201,25.50712,9071275,1616056
superblock,healpix,512,haar-residual-d12,view,1616056,1616056,85,29.98788,0.9513201,29.72636,16760832,1616056
superblock,healpix,512,haar-residual-d12-p0.5,level,8192,0,0,,,,0,1457158
superblock,healpix,512,haar-residual-d12-p0.5,level,16384,0,0,,,,0,1457158
superblock,healpix,512,haar-residual-d12-p0.5,level,32768,30316,5,19.5166,0.3226698,,114688,1457158
superblock,healpix,512,haar-residual-d12-p0.5,level,65536,63063,14,20.39532,0.399277,,311296,1457158
superblock,healpix,512,haar-residual-d12-p0.5,level,131072,128537,20,21.57478,0.5135702,,704512,1457158
superblock,healpix,512,haar-residual-d12-p0.5,level,262144,225954,27,22.55406,0.6223898,,1556480,1457158
superblock,healpix,512,haar-residual-d12-p0.5,level,524288,495463,36,24.63131,0.7784754,,3915776,1457158
superblock,healpix,512,haar-residual-d12-p0.5,level,1048576,1043061,64,27.22222,0.8791825,,11255808,1457158
superblock,healpix,512,haar-residual-d12-p0.5,level,1457158,1457158,85,28.6472,0.9447883,,16760832,1457158
superblock,healpix,512,haar-residual-d12-p0.5,gain,8192,0,0,,,,0,1457158
superblock,healpix,512,haar-residual-d12-p0.5,gain,16384,0,0,,,,0,1457158
superblock,healpix,512,haar-residual-d12-p0.5,gain,32768,31490,5,19.47682,0.3184635,,114688,1457158
superblock,healpix,512,haar-residual-d12-p0.5,gain,65536,64554,13,20.41272,0.3955649,,294912,1457158
superblock,healpix,512,haar-residual-d12-p0.5,gain,131072,130451,20,21.3894,0.5048389,,704512,1457158
superblock,healpix,512,haar-residual-d12-p0.5,gain,262144,253128,27,22.58992,0.619976,,1556480,1457158
superblock,healpix,512,haar-residual-d12-p0.5,gain,524288,500661,36,24.68114,0.7873276,,3915776,1457158
superblock,healpix,512,haar-residual-d12-p0.5,gain,1048576,1046721,58,26.73383,0.8809971,,9682944,1457158
superblock,healpix,512,haar-residual-d12-p0.5,gain,1457158,1457158,85,28.6472,0.9447883,,16760832,1457158
superblock,healpix,512,haar-residual-d12-p0.5,view,8192,0,0,,,,0,1457158
superblock,healpix,512,haar-residual-d12-p0.5,view,16384,0,0,,,,0,1457158
superblock,healpix,512,haar-residual-d12-p0.5,view,32768,29315.17,5.083333,20.21642,0.3759359,19.08756,116053.3,1457158
superblock,healpix,512,haar-residual-d12-p0.5,view,65536,61849.17,8.666667,21.76772,0.5522679,19.08756,330410.7,1457158
superblock,healpix,512,haar-residual-d12-p0.5,view,131072,115715,11.5,23.22686,0.6896083,19.08756,811008,1457158
superblock,healpix,512,haar-residual-d12-p0.5,view,262144,250510.2,16.91667,25.85532,0.8515861,19.08756,2230955,1457158
superblock,healpix,512,haar-residual-d12-p0.5,view,524288,515438.4,37.58333,28.64558,0.9447381,21.25573,5203285,1457158
superblock,healpix,512,haar-residual-d12-p0.5,view,1048576,1038758,63.16667,28.6472,0.9447883,25.65265,11037350,1457158
superblock,healpix,512,haar-residual-d12-p0.5,view,1457158,1457158,85,28.6472,0.9447883,28.41261,16760832,1457158
superblock,healpix,512,jpeg-residual-q80,level,8192,7225,3,18.68486,0.2923662,,81920,1089784
superblock,healpix,512,jpeg-residual-q80,level,16384,15132,8,19.32644,0.3362004,,163840,1089784
superblock,healpix,512,jpeg-residual-q80,level,32768,30057,15,19.92109,0.4019038,,376832,1089784
superblock,healpix,512,jpeg-residual-q80,level,65536,61609,21,20.8725,0.4985281,,770048,1089784
superblock,healpix,512,jpeg-residual-q80,level,131072,108918,27,21.7134,0.5987167,,1556480,1089784
superblock,healpix,512,jpeg-residual-q80,level,262144,259296,35,23.47611,0.7382614,,3653632,1089784
superblock,healpix,512,jpeg-residual-q80,level,524288,505361,50,25.34359,0.8356212,,7585792,1089784
superblock,healpix,512,jpeg-residual-q80,level,1048576,1035286,82,28.1046,0.9328034,,15974400,1089784
superblock,healpix,512,jpeg-residual-q80,level,1089784,1089784,85,28.4291,0.9462974,,16760832,1089784
superblock,healpix,512,jpeg-residual-q80,gain,8192,7886,3,18.61855,0.2903104,,81920,1089784
superblock,healpix,512,jpeg-residual-q80,gain,16384,15132,8,19.32644,0.3362004,,163840,1089784
superblock,healpix,512,jpeg-residual-q80,gain,32768,27675,14,19.79634,0.3825607,,311296,1089784
superblock,healpix,512,jpeg-residual-q80,gain,65536,61609,21,20.8725,0.4985281,,770048,1089784
superblock,healpix,512,jpeg-residual-q80,gain,131072,125148,27,21.72318,0.5940591,,1556480,1089784
superblock,healpix,512,jpeg-residual-q80,gain,262144,243760,34,23.36171,0.7279898,,3391488,1089784
superblock,healpix,512,jpeg-residual-q80,gain,524288,523909,48,25.11012,0.8281649,,7061504,1089784
superblock,healpix,512,jpeg-residual-q80,gain,1048576,1041629,81,28.09465,0.9349942,,15712256,1089784
superblock,healpix,512,jpeg-residual-q80,gain,1089784,1089784,85,28.4291,0.9462974,,16760832,1089784
superblock,healpix,512,jpeg-residual-q80,view,8192,7358.833,3,19.21763,0.329911,18.57497,81920,1089784
superblock,healpix,512,jpeg-residual-q80,view,16384,14741.17,6.333333,20.09299,0.4171708,18.57497,177493.3,1089784
superblock,healpix,512,jpeg-residual-q80,view,32768,29644.83,9.416667,21.19797,0.5454537,18.57497,379562.7,1089784
superblock,healpix,512,jpeg-residual-q80,view,65536,56910.67,11.5,22.41311,0.6687066,18.57497,811008,1089784
superblock,healpix,512,jpeg-residual-q80,view,131072,122721.9,15.08333,24.25845,0.8058277,18.57497,1750357,1089784
superblock,healpix,512,jpeg-residual-q80,view,262144,252311.4,23.83333,27.69491,0.9276111,18.7011,3884373,1089784
superblock,healpix,512,jpeg-residual-q80,view,524288,516103.8,50.91667,28.4291,0.9462974,23.84233,7826091,1089784
superblock,healpix,512,jpeg-residual-q80,view,1048576,1036645,82,28.4291,0.9462974,27.74688,15974400,1089784
superblock,healpix,512,jpeg-residual-q80,view,1089784,1089784,85,28.4291,0.9462974,28.28604,16760832,1089784
superblock,healpix,512,jpeg-replacement-q80,level,8192,7742,3,18.68331,0.2923142,,81920,1331252
superblock,healpix,512,jpeg-replacement-q80,level,16384,15269,7,19.19403,0.3265386,,147456,1331252
superblock,healpix,512,jpeg-replacement-q80,level,32768,29863,14,19.7562,0.3798322,,311296,1331252
superblock,healpix,512,jpeg-replacement-q80,level,65536,60981,19,20.64013,0.4720362,,638976,1331252
superblock,healpix,512,jpeg-replacement-q80,level,131072,130510,27,21.70891,0.5989064,,1556480,1331252
superblock,healpix,512,jpeg-replacement-q80,level,262144,250109,32,23.08176,0.6975609,,2867200,1331252
superblock,healpix,512,jpeg-replacement-q80,level,524288,507387,46,24.7148,0.8198076,,6537216,1331252
superblock,healpix,512,jpeg-replacement-q80,level,1048576,1036003,71,27.1081,0.8904261,,13090816,1331252
superblock,healpix,512,jpeg-replacement-q80,level,1331252,1331252,85,28.38637,0.9464115,,16760832,1331252
superblock,healpix,512,jpeg-replacement-q80,gain,8192,6535,2,18.538,0.2840822,,65536,1331252
superblock,healpix,512,jpeg-replacement-q80,gain,16384,15497,7,19.12146,0.3270973,,147456,1331252
superblock,healpix,512,jpeg-replacement-q80,gain,32768,32131,14,19.79935,0.3827205,,311296,1331252
superblock,healpix,512,jpeg-replacement-q80,gain,65536,62265,19,20.55824,0.4753204,,638976,1331252
superblock,healpix,512,jpeg-replacement-q80,gain,131072,122221,26,21.52307,0.5753713,,1294336,1331252
superblock,healpix,512,jpeg-replacement-q80,gain,262144,255530,32,22.8358,0.6901219,,2867200,1331252
superblock,healpix,512,jpeg-replacement-q80,gain,524288,515956,43,24.41282,0.806022,,5750784,1331252
superblock,healpix,512,jpeg-replacement-q80,gain,1048576,1043821,68,26.9543,0.8985788,,12304384,1331252
superblock,healpix,512,jpeg-replacement-q80,gain,1331252,1331252,85,28.38637,0.9464115,,16760832,1331252
superblock,healpix,512,jpeg-replacement-q80,view,8192,7409.583,2.75,19.11924,0.3228825,18.57497,77824,1331252
superblock,healpix,512,jpeg-replacement-q80,view,16384,13583,5.75,19.71755,0.3730651,18.57497,139264,1331252
superblock,healpix,512,jpeg-replacement-q80,view,32768,30005.83,8.666667,20.99633,0.5266982,18.57497,330410.7,1331252
superblock,healpix,512,jpeg-replacement-q80,view,65536,54956.33,10.83333,21.9186,0.6169453,18.57497,636245.3,1331252
superblock,healpix,512,jpeg-replacement-q80,view,131072,116613.7,13.66667,23.73689,0.7787871,18.57497,1378987,1331252
superblock,healpix,512,jpeg-replacement-q80,view,262144,252814.2,20.41667,26.60178,0.899633,18.57497,3148459,1331252
superblock,healpix,512,jpeg-replacement-q80,view,524288,514931.8,45.08333,28.38637,0.9464115,22.21573,6329685,1331252
superblock,healpix,512,jpeg-replacement-q80,view,1048576,1035727,70.75,28.38637,0.9464115,26.26197,13025280,1331252
superblock,healpix,512,jpeg-replacement-q80,view,1331252,1331252,85,28.38637,0.9464115,28.24525,16760832,1331252
superblock,healpix,512,jpeg-replacement-q80,view-direct,8192,4540,1,18.4138,0.2725304,18.57497,49152,1331252
superblock,healpix,512,jpeg-replacement-q80,view-direct,16384,5288.667,1.083333,18.43895,0.2754766,18.57497,70997.33,1331252
superblock,healpix,512,jpeg-replacement-q80,view-direct,32768,25774.5,2.083333,19.09338,0.3805348,18.57497,333141.3,1331252
superblock,healpix,512,jpeg-replacement-q80,view-direct,65536,55698.92,3.666667,20.34733,0.5310841,18.57497,748202.7,1331252
superblock,healpix,512,jpeg-replacement-q80,view-direct,131072,122612.9,7,23.61311,0.7828065,18.57497,1622016,1331252
superblock,healpix,512,jpeg-replacement-q80,view-direct,262144,256187.2,19.58333,28.13051,0.9394316,19.2979,3306837,1331252
superblock,healpix,512,jpeg-replacement-q80,view-direct,524288,516115.3,45.25,28.38637,0.9464115,22.76441,6340608,1331252
superblock,healpix,512,jpeg-replacement-q80,view-direct,1048576,1035727,70.75,28.38637,0.9464115,26.26197,13025280,1331252
superblock,healpix,512,jpeg-replacement-q80,view-direct,1331252,1331252,85,28.38637,0.9464115,28.24525,16760832,1331252
superblock,healpix,512,webp-replacement-q80,level,8192,7222,3,18.82717,0.2987333,,81920,1300816
superblock,healpix,512,webp-replacement-q80,level,16384,15810,8,19.48047,0.3448519,,163840,1300816
superblock,healpix,512,webp-replacement-q80,level,32768,31854,15,20.08259,0.4130549,,376832,1300816
superblock,healpix,512,webp-replacement-q80,level,65536,63462,20,20.99524,0.5024612,,704512,1300816
superblock,healpix,512,webp-replacement-q80,level,131072,122852,27,21.92983,0.6104187,,1556480,1300816
superblock,healpix,512,webp-replacement-q80,level,262144,261826,33,23.44187,0.7160235,,3129344,1300816
superblock,healpix,512,webp-replacement-q80,level,524288,515516,47,25.15735,0.8300922,,6799360,1300816
superblock,healpix,512,webp-replacement-q80,level,1048576,1030920,73,27.71393,0.8995426,,13615104,1300816
superblock,healpix,512,webp-replacement-q80,level,1300816,1300816,85,28.93812,0.9479614,,16760832,1300816
superblock,healpix,512,webp-replacement-q80,gain,8192,8154,3,18.78028,0.2965284,,81920,1300816
superblock,healpix,512,webp-replacement-q80,gain,16384,15810,8,19.48047,0.3448519,,163840,1300816
superblock,healpix,512,webp-replacement-q80,gain,32768,29888,14,19.95547,0.3937166,,311296,1300816
superblock,healpix,512,webp-replacement-q80,gain,65536,63462,20,20.99524,0.5024612,,704512,1300816
superblock,healpix,512,webp-replacement-q80,gain,131072,118892,26,21.74164,0.5883225,,1294336,1300816
superblock,healpix,512,webp-replacement-q80,gain,262144,261826,33,23.44187,0.7160235,,3129344,1300816
superblock,healpix,512,webp-replacement-q80,gain,524288,511204,43,24.76251,0.8148643,,5750784,1300816
superblock,healpix,512,webp-replacement-q80,gain,1048576,1029968,70,27.63441,0.9045824,,12828672,1300816
superblock,healpix,512,webp-replacement-q80,gain,1300816,1300816,85,28.93812,0.9479614,,16760832,1300816
superblock,healpix,512,webp-replacement-q80,view,8192,7520.5,3.083333,19.38404,0.3401194,18.6983,83285.33,1300816
superblock,healpix,512,webp-replacement-q80,view,16384,13743.67,6,20.0662,0.4016577,18.6983,155648,1300816
superblock,healpix,512,webp-replacement-q80,view,32768,28936.83,8.75,21.22224,0.54076,18.6983,335872,1300816
superblock,healpix,512,webp-replacement-q80,view,65536,53885.67,10.91667,22.25939,0.6375384,18.6983,658090.7,1300816
superblock,healpix,512,webp-replacement-q80,view,131072,117803.2,13.83333,24.15509,0.7937145,18.6983,1422677,1300816
superblock,healpix,512,webp-replacement-q80,view,262144,249880.7,20.83333,27.17785,0.905788,18.6983,3257685,1300816
superblock,healpix,512,webp-replacement-q80,view,524288,514276.3,45.83333,28.93812,0.9479614,22.67774,6509909,1300816
superblock,healpix,512,webp-replacement-q80,view,1048576,1036981,72.66667,28.93812,0.9479614,26.96713,13527720,1300816
superblock,healpix,512,webp-replacement-q80,view,1300816,1300816,85,28.93812,0.9479614,28.82967,16760832,1300816
superblock,healpix,512,webp-replacement-q80,view-direct,8192,4470,1,18.5683,0.2782165,18.6983,49152,1300816
superblock,healpix,512,webp-replacement-q80,view-direct,16384,6024.5,1.166667,18.63711,0.286913,18.6983,92842.67,1300816
superblock,healpix,512,webp-replacement-q80,view-direct,32768,25240.33,2.083333,19.26005,0.3852802,18.6983,333141.3,1300816
superblock,healpix,512,webp-replacement-q80,view-direct,65536,56656.5,3.916667,20.67412,0.5455593,18.6983,813738.7,1300816
superblock,healpix,512,webp-replacement-q80,view-direct,131072,120863,7.25,24.15697,0.7927524,18.6983,1687552,1300816
superblock,healpix,512,webp-replacement-q80,view-direct,262144,254061,21.83333,28.59847,0.9379392,19.75531,3372373,1300816
superblock,healpix,512,webp-replacement-q80,view-direct,524288,513283.7,45.91667,28.93812,0.9479614,23.2224,6515371,1300816
superblock,healpix,512,webp-replacement-q80,view-direct,1048576,1036981,72.66667,28.93812,0.9479614,26.96713,13527720,1300816
superblock,healpix,512,webp-replacement-q80,view-direct,1300816,1300816,85,28.93812,0.9479614,28.82967,16760832,1300816
superblock,healpix,512,jpeg-replacement-q80-whole,level,8192,7742,3,18.68331,0.2923142,,81920,1319987
superblock,healpix,512,jpeg-replacement-q80-whole,level,16384,15269,7,19.19403,0.3265386,,147456,1319987
superblock,healpix,512,jpeg-replacement-q80-whole,level,32768,29863,14,19.7562,0.3798322,,311296,1319987
superblock,healpix,512,jpeg-replacement-q80-whole,level,65536,60981,19,20.64013,0.4720362,,638976,1319987
superblock,healpix,512,jpeg-replacement-q80-whole,level,131072,130510,27,21.70891,0.5989064,,1556480,1319987
superblock,healpix,512,jpeg-replacement-q80-whole,level,262144,250109,32,23.08176,0.6975609,,2867200,1319987
superblock,healpix,512,jpeg-replacement-q80-whole,level,524288,482903,39,24.62821,0.8169546,,6275072,1319987
superblock,healpix,512,jpeg-replacement-q80-whole,level,1048576,982257,45,26.91667,0.8817263,,12566528,1319987
superblock,healpix,512,jpeg-replacement-q80-whole,level,1319987,1319987,49,28.38737,0.9464127,,16760832,1319987
superblock,healpix,512,jpeg-replacement-q80-whole,gain,8192,6535,2,18.538,0.2840822,,65536,1319987
superblock,healpix,512,jpeg-replacement-q80-whole,gain,16384,15497,7,19.12146,0.3270973,,147456,1319987
superblock,healpix,512,jpeg-replacement-q80-whole,gain,32768,32131,14,19.79935,0.3827205,,311296,1319987
superblock,healpix,512,jpeg-replacement-q80-whole,gain,65536,62265,19,20.55824,0.4753204,,638976,1319987
superblock,healpix,512,jpeg-replacement-q80-whole,gain,131072,122221,26,21.52307,0.5753713,,1294336,1319987
superblock,healpix,512,jpeg-replacement-q80-whole,gain,262144,255530,32,22.8358,0.6901219,,2867200,1319987
superblock,healpix,512,jpeg-replacement-q80-whole,gain,524288,461338,38,24.34221,0.8029695,,5226496,1319987
superblock,healpix,512,jpeg-replacement-q80-whole,gain,1048576,1017259,45,26.79316,0.8909162,,12566528,1319987
superblock,healpix,512,jpeg-replacement-q80-whole,gain,1319987,1319987,49,28.38737,0.9464127,,16760832,1319987
superblock,healpix,512,jpeg-replacement-q80-whole,view,8192,7409.583,2.75,19.11924,0.3228825,18.57497,77824,1319987
superblock,healpix,512,jpeg-replacement-q80-whole,view,16384,13583,5.75,19.71755,0.3730651,18.57497,139264,1319987
superblock,healpix,512,jpeg-replacement-q80-whole,view,32768,30005.83,8.666667,20.99633,0.5266982,18.57497,330410.7,1319987
superblock,healpix,512,jpeg-replacement-q80-whole,view,65536,54956.33,10.83333,21.9186,0.6169453,18.57497,636245.3,1319987
superblock,healpix,512,jpeg-replacement-q80-whole,view,131072,111896.5,13.41667,23.6482,0.7719616,18.57497,1313451,1319987
superblock,healpix,512,jpeg-replacement-q80-whole,view,262144,224184.9,15.75,25.33343,0.8491398,18.57497,2908160,1319987
superblock,healpix,512,jpeg-replacement-q80-whole,view,524288,499772.6,28.75,28.35815,0.9457343,20.45636,6283264,1319987
superblock,healpix,512,jpeg-replacement-q80-whole,view,1048576,993627.8,45,28.38737,0.9464127,25.54978,12566528,1319987
superblock,healpix,512,jpeg-replacement-q80-whole,view,1319987,1319987,49,28.38737,0.9464127,28.24612,16760832,1319987
superblock,healpix,512,jpeg-replacement-q80-whole,view-direct,8192,4540,1,18.4138,0.2725304,18.57497,49152,1319987
superblock,healpix,512,jpeg-replacement-q80-whole,view-direct,16384,4540,1,18.4138,0.2725304,18.57497,49152,1319987
superblock,healpix,512,jpeg-replacement-q80-whole,view-direct,32768,4540,1,18.4138,0.2725304,18.57497,49152,1319987
superblock,healpix,512,jpeg-replacement-q80-whole,view-direct,65536,19216,1.25,19.1376,0.3323015,18.57497,311296,1319987
superblock,healpix,512,jpeg-replacement-q80-whole,view-direct,131072,98566.42,2.333333,21.02857,0.5838214,18.57497,1447253,1319987
superblock,healpix,512,jpeg-replacement-q80-whole,view-direct,262144,224945.6,4.916667,24.99027,0.8325499,18.73027,3037867,1319987
superblock,healpix,512,jpeg-replacement-q80-whole,view-direct,524288,515809.8,30.75,28.38737,0.9464127,21.66298,6529024,1319987
superblock,healpix,512,jpeg-replacement-q80-whole,view-direct,1048576,993627.8,45,28.38737,0.9464127,25.54978,12566528,1319987
superblock,healpix,512,jpeg-replacement-q80-whole,view-direct,1319987,1319987,49,28.38737,0.9464127,28.24612,16760832,1319987
northrop-mall,ico-rhombus,512,exact,all,,7864320,,30.87465,0.9448307,,,
northrop-mall,ico-rhombus,512,exact,coarse,,30720,,20.86373,0.472779,,,
northrop-mall,ico-rhombus,512,haar-residual-d12,level,8192,0,0,,,,0,1145233
northrop-mall,ico-rhombus,512,haar-residual-d12,level,16384,0,0,,,,0,1145233
northrop-mall,ico-rhombus,512,haar-residual-d12,level,32768,30993,4,21.28509,0.4882297,,90112,1145233
northrop-mall,ico-rhombus,512,haar-residual-d12,level,65536,59574,11,22.08717,0.5326226,,204800,1145233
northrop-mall,ico-rhombus,512,haar-residual-d12,level,131072,125989,18,23.1175,0.6041848,,663552,1145233
northrop-mall,ico-rhombus,512,haar-residual-d12,level,262144,246172,25,24.48698,0.693494,,1908736,1145233
northrop-mall,ico-rhombus,512,haar-residual-d12,level,524288,514654,37,26.79254,0.8279187,,5054464,1145233
northrop-mall,ico-rhombus,512,haar-residual-d12,level,1048576,1042471,67,29.24462,0.9160921,,12918784,1145233
northrop-mall,ico-rhombus,512,haar-residual-d12,level,1145233,1145233,71,29.83241,0.9360709,,13967360,1145233
northrop-mall,ico-rhombus,512,haar-residual-d12,gain,8192,0,0,,,,0,1145233
northrop-mall,ico-rhombus,512,haar-residual-d12,gain,16384,0,0,,,,0,1145233
northrop-mall,ico-rhombus,512,haar-residual-d12,gain,32768,30743,4,21.40028,0.4908809,,90112,1145233
northrop-mall,ico-rhombus,512,haar-residual-d12,gain,65536,59574,11,22.08717,0.5326226,,204800,1145233
northrop-mall,ico-rhombus,512,haar-residual-d12,gain,131072,122508,17,23.07746,0.6020608,,598016,1145233
northrop-mall,ico-rhombus,512,haar-residual-d12,gain,262144,251280,24,24.56079,0.7073259,,1646592,1145233
northrop-mall,ico-rhombus,512,haar-residual-d12,gain,524288,508223,33,26.59604,0.8276147,,4005888,1145233
northrop-mall,ico-rhombus,512,haar-residual-d12,gain,1048576,1045584,59,29.35414,0.9200765,,10821632,1145233
northrop-mall,ico-rhombus,512,haar-residual-d12,gain,1145233,1145233,71,29.83241,0.9360709,,13967360,1145233
northrop-mall,ico-rhombus,512,haar-residual-d12,view,8192,0,0,,,,0,1145233
northrop-mall,ico-rhombus,512,haar-residual-d12,view,16384,0,0,,,,0,1145233
northrop-mall,ico-rhombus,512,haar-residual-d12,view,32768,31174.08,3.75,21.95435,0.5242241,19.82518,86016,1145233
northrop-mall,ico-rhombus,512,haar-residual-d12,view,65536,58968.67,7.583333,23.23091,0.6149533,19.82518,251221.3,1145233
northrop-mall,ico-rhombus,512,haar-residual-d12,view,131072,111809.2,11.16667,24.64032,0.7071474,19.82518,715434.7,1145233
northrop-mall,ico-rhombus,512,haar-residual-d12,view,262144,254288.9,19.58333,27.69931,0.8452241,19.86266,2860373,1145233
northrop-mall,ico-rhombus,512,haar-residual-d12,view,524288,513400.3,37.33333,29.78922,0.9343623,22.93369,5506389,1145233
northrop-mall,ico-rhombus,512,haar-residual-d12,view,1048576,1040543,66.66667,29.83241,0.9360709,28.1145,12831400,1145233
northrop-mall,ico-rhombus,512,haar-residual-d12,view,1145233,1145233,71,29.83241,0.9360709,28.70561,13967360,1145233
northrop-mall,ico-rhombus,512,haar-residual-d12-p0.5,level,8192,0,0,,,,0,1046799
northrop-mall,ico-rhombus,512,haar-residual-d12-p0.5,level,16384,14800,2,20.90242,0.4827455,,57344,1046799
northrop-mall,ico-rhombus,512,haar-residual-d12-p0.5,level,32768,31122,9,21.45787,0.5148764,,172032,1046799
northrop-mall,ico-rhombus,512,haar-residual-d12-p0.5,level,65536,60582,15,22.26857,0.563909,,466944,1046799
northrop-mall,ico-rhombus,512,haar-residual-d12-p0.5,level,131072,114961,21,23.19363,0.6510273,,860160,1046799
northrop-mall,ico-rhombus,512,haar-residual-d12-p0.5,level,262144,255336,28,24.58517,0.7389136,,2695168,1046799
northrop-mall,ico-rhombus,512,haar-residual-d12-p0.5,level,524288,523395,48,26.40276,0.8326988,,7938048,1046799
northrop-mall,ico-rhombus,512,haar-residual-d12-p0.5,level,1046799,1046799,71,28.75701,0.9289066,,13967360,1046799
northrop-mall,ico-rhombus,512,haar-residual-d12-p0.5,gain,8192,0,0,,,,0,1046799
northrop-mall,ico-rhombus,512,haar-residual-d12-p0.5,gain,16384,14800,2,20.90242,0.4827455,,57344,1046799
northrop-mall,ico-rhombus,512,haar-residual-d12-p0.5,gain,32768,29950,8,21.44949,0.5134405,,155648,1046799
northrop-mall,ico-rhombus,512,haar-residual-d12-p0.5,gain,65536,62301,15,22.33901,0.5640508,,466944,1046799
northrop-mall,ico-rhombus,512,haar-residual-d12-p0.5,gain,131072,114961,21,23.19363,0.6510273,,860160,1046799
northrop-mall,ico-rhombus,512,haar-residual-d12-p0.5,gain,262144,250849,27,24.59533,0.740652,,2433024,1046799
northrop-mall,ico-rhombus,512,haar-residual-d12-p0.5,gain,524288,516533,37,26.26545,0.8401405,,5054464,1046799
northrop-mall,ico-rhombus,512,haar-residual-d12-p0.5,gain,1046799,1046799,71,28.75701,0.9289066,,13967360,1046799
northrop-mall,ico-rhombus,512,haar-residual-d12-p0.5,view,8192,0,0,,,,0,1046799
northrop-mall,ico-rhombus,512,haar-residual-d12-p0.5,view,16384,14982,2.166667,21.12539,0.4998668,19.60273,60074.67,1046799
northrop-mall,ico-rhombus,512,haar-residual-d12-p0.5,view,32768,28967.83,6.416667,22.23945,0.5656611,19.60273,174762.7,1046799
northrop-mall,ico-rhombus,512,haar-residual-d12-p0.5,view,65536,56801.75,10,23.31202,0.6539775,19.60273,442368,1046799
northrop-mall,ico-rhombus,512,haar-residual-d12-p0.5,view,131072,120473.3,13,25.04742,0.7733528,19.60273,1196032,1046799
northrop-mall,ico-rhombus,512,haar-residual-d12-p0.5,view,262144,250410.3,23.25,27.46881,0.870924,19.96194,3403776,1046799
northrop-mall,ico-rhombus,512,haar-residual-d12-p0.5,view,524288,511320.8,41.66667,28.73417,0.9279775,23.72968,6462123,1046799
northrop-mall,ico-rhombus,512,haar-residual-d12-p0.5,view,1046799,1046799,71,28.75701,0.9289066,27.69919,13967360,1046799
northrop-mall,ico-rhombus,512,jpeg-residual-q80,level,8192,7699,4,20.15584,0.4804429,,90112,842857
northrop-mall,ico-rhombus,512,jpeg-residual-q80,level,16384,15975,10,21.04204,0.5111457,,188416,842857
northrop-mall,ico-rhombus,512,jpeg-residual-q80,level,32768,31383,15,21.89991,0.5541202,,466944,842857
northrop-mall,ico-rhombus,512,jpeg-residual-q80,level,65536,61396,21,22.85911,0.6392517,,860160,842857
northrop-mall,ico-rhombus,512,jpeg-residual-q80,level,131072,119389,26,24.11098,0.6885767,,2170880,842857
northrop-mall,ico-rhombus,512,jpeg-residual-q80,level,262144,259930,34,25.8748,0.8106245,,4268032,842857
northrop-mall,ico-rhombus,512,jpeg-residual-q80,level,524288,502417,55,27.20635,0.8523412,,9773056,842857
northrop-mall,ico-rhombus,512,jpeg-residual-q80,level,842857,842857,71,29.13162,0.93304,,13967360,842857
northrop-mall,ico-rhombus,512,jpeg-residual-q80,gain,8192,7634,4,20.3048,0.4828387,,90112,842857
northrop-mall,ico-rhombus,512,jpeg-residual-q80,gain,16384,16133,10,21.11012,0.5163597,,188416,842857
northrop-mall,ico-rhombus,512,jpeg-residual-q80,gain,32768,32326,15,21.98873,0.5539145,,466944,842857
northrop-mall,ico-rhombus,512,jpeg-residual-q80,gain,65536,61396,21,22.85911,0.6392517,,860160,842857
northrop-mall,ico-rhombus,512,jpeg-residual-q80,gain,131072,121322,25,24.12554,0.7016254,,1908736,842857
northrop-mall,ico-rhombus,512,jpeg-residual-q80,gain,262144,247572,32,25.68723,0.8082787,,3743744,842857
northrop-mall,ico-rhombus,512,jpeg-residual-q80,gain,524288,515715,45,27.33719,0.8718546,,7151616,842857
northrop-mall,ico-rhombus,512,jpeg-residual-q80,gain,842857,842857,71,29.13162,0.93304,,13967360,842857
northrop-mall,ico-rhombus,512,jpeg-residual-q80,view,8192,7572,3.75,20.8818,0.5125507,18.64241,86016,842857
northrop-mall,ico-rhombus,512,jpeg-residual-q80,view,16384,13748.67,6.5,21.80224,0.5655035,18.64241,180224,842857
northrop-mall,ico-rhombus,512,jpeg-residual-q80,view,32768,28415.5,9.833333,22.92538,0.6388172,18.64241,415061.3,842857
northrop-mall,ico-rhombus,512,jpeg-residual-q80,view,65536,59064.58,12,24.51779,0.7410138,18.64241,933888,842857
northrop-mall,ico-rhombus,512,jpeg-residual-q80,view,131072,122837.7,17.66667,26.44055,0.8239965,18.64241,2419371,842857
northrop-mall,ico-rhombus,512,jpeg-residual-q80,view,262144,252192.5,29.25,28.85523,0.9213082,19.80444,4460544,842857
northrop-mall,ico-rhombus,512,jpeg-residual-q80,view,524288,511999.3,52.75,29.13162,0.93304,25.03479,9183232,842857
northrop-mall,ico-rhombus,512,jpeg-residual-q80,view,842857,842857,71,29.13162,0.93304,28.01229,13967360,842857
northrop-mall,ico-rhombus,512,jpeg-replacement-q80,level,8192,6921,3,20.071,0.4791006,,73728,1016956
northrop-mall,ico-rhombus,512,jpeg-replacement-q80,level,16384,14585,8,20.86471,0.4994716,,155648,1016956
northrop-mall,ico-rhombus,512,jpeg-replacement-q80,level,32768,29337,13,21.77049,0.5438107,,335872,1016956
northrop-mall,ico-rhombus,512,jpeg-replacement-q80,level,65536,60143,19,22.54068,0.605638,,729088,1016956
northrop-mall,ico-rhombus,512,jpeg-replacement-q80,level,131072,130357,25,23.82979,0.6798154,,1908736,1016956
northrop-mall,ico-rhombus,512,jpeg-replacement-q80,level,262144,242649,30,25.00882,0.7762791,,3219456,1016956
northrop-mall,ico-rhombus,512,jpeg-replacement-q80,level,524288,519640,51,27.0637,0.8373171,,8724480,1016956
northrop-mall,ico-rhombus,512,jpeg-replacement-q80,level,1016956,1016956,71,29.16959,0.9332843,,13967360,1016956
northrop-mall,ico-rhombus,512,jpeg-replacement-q80,gain,8192,6921,3,20.071,0.4791006,,73728,1016956
northrop-mall,ico-rhombus,512,jpeg-replacement-q80,gain,16384,15348,8,20.85238,0.5065647,,155648,1016956
northrop-mall,ico-rhombus,512,jpeg-replacement-q80,gain,32768,29337,13,21.77049,0.5438107,,335872,1016956
northrop-mall,ico-rhombus,512,jpeg-replacement-q80,gain,65536,64202,19,22.64825,0.6217577,,729088,1016956
northrop-mall,ico-rhombus,512,jpeg-replacement-q80,gain,131072,104530,23,23.59334,0.6669794,,1384448,1016956
northrop-mall,ico-rhombus,512,jpeg-replacement-q80,gain,262144,247512,30,25.16603,0.7855344,,3219456,1016956
northrop-mall,ico-rhombus,512,jpeg-replacement-q80,gain,524288,510263,40,26.87078,0.8526863,,5840896,1016956
northrop-mall,ico-rhombus,512,jpeg-replacement-q80,gain,1016956,1016956,71,29.16959,0.9332843,,13967360,1016956
northrop-mall,ico-rhombus,512,jpeg-replacement-q80,view,8192,7093.333,3,20.54775,0.5058362,18.64241,73728,1016956
northrop-mall,ico-rhombus,512,jpeg-replacement-q80,view,16384,13625,6.083333,21.67656,0.5396928,18.64241,152917.3,1016956
northrop-mall,ico-rhombus,512,jpeg-replacement-q80,view,32768,30208.67,9.333333,22.84236,0.6314087,18.64241,365909.3,1016956
northrop-mall,ico-rhombus,512,jpeg-replacement-q80,view,65536,53505.17,11.16667,23.96627,0.6997401,18.64241,715434.7,1016956
northrop-mall,ico-rhombus,512,jpeg-replacement-q80,view,131072,122236.8,16,25.73086,0.8023594,18.64241,1982464,1016956
northrop-mall,ico-rhombus,512,jpeg-replacement-q80,view,262144,253120.5,25.66667,28.3778,0.9026244,19.13837,3840683,1016956
northrop-mall,ico-rhombus,512,jpeg-replacement-q80,view,524288,512368.2,44.91667,29.1622,0.933011,23.27321,7314091,1016956
northrop-mall,ico-rhombus,512,jpeg-replacement-q80,view,1016956,1016956,71,29.16959,0.9332843,28.04587,13967360,1016956
northrop-mall,ico-rhombus,512,jpeg-replacement-q80,view-direct,8192,5060.667,1.416667,19.70195,0.4681475,18.64241,150186.7,1016956
northrop-mall,ico-rhombus,512,jpeg-replacement-q80,view-direct,16384,8386.417,2.416667,20.0016,0.47477,18.64241,412330.7,1016956
northrop-mall,ico-rhombus,512,jpeg-replacement-q80,view-direct,32768,21723.08,3.25,20.66729,0.5348548,18.64241,630784,1016956
northrop-mall,ico-rhombus,512,jpeg-replacement-q80,view-direct,65536,57578.25,5.083333,23.22194,0.6662207,18.64241,1111381,1016956
northrop-mall,ico-rhombus,512,jpeg-replacement-q80,view-direct,131072,124581.3,10.91667,26.29257,0.842468,18.78208,2128555,1016956
northrop-mall,ico-rhombus,512,jpeg-replacement-q80,view-direct,262144,255897.3,25.91667,29.07696,0.9294468,20.30168,3820203,1016956
northrop-mall,ico-rhombus,512,jpeg-replacement-q80,view-direct,524288,513095.8,45.83333,29.16959,0.9332843,24.18539,7370069,1016956
northrop-mall,ico-rhombus,512,jpeg-replacement-q80,view-direct,1016956,1016956,71,29.16959,0.9332843,28.04587,13967360,1016956
northrop-mall,ico-rhombus,512,webp-replacement-q80,level,8192,8076,5,20.49078,0.4884832,,106496,953368
northrop-mall,ico-rhombus,512,webp-replacement-q80,level,16384,15668,10,21.26937,0.5171019,,188416,953368
northrop-mall,ico-rhombus,512,webp-replacement-q80,level,32768,31266,15,22.09351,0.5594641,,466944,953368
northrop-mall,ico-rhombus,512,webp-replacement-q80,level,65536,58984,20,22.87699,0.6254117,,794624,953368
northrop-mall,ico-rhombus,512,webp-replacement-q80,level,131072,124486,26,24.27715,0.6930748,,2170880,953368
northrop-mall,ico-rhombus,512,webp-replacement-q80,level,262144,251312,32,25.58831,0.8058313,,3743744,953368
northrop-mall,ico-rhombus,512,webp-replacement-q80,level,524288,508792,53,27.32455,0.8491817,,9248768,953368
northrop-mall,ico-rhombus,512,webp-replacement-q80,level,953368,953368,71,29.42445,0.9341043,,13967360,953368
northrop-mall,ico-rhombus,512,webp-replacement-q80,gain,8192,7122,4,20.4595,0.4873647,,90112,953368
northrop-mall,ico-rhombus,512,webp-replacement-q80,gain,16384,15934,10,21.34129,0.5222686,,188416,953368
northrop-mall,ico-rhombus,512,webp-replacement-q80,gain,32768,32200,15,22.15086,0.5595342,,466944,953368
northrop-mall,ico-rhombus,512,webp-replacement-q80,gain,65536,60386,20,22.98486,0.6345586,,794624,953368
northrop-mall,ico-rhombus,512,webp-replacement-q80,gain,131072,116776,25,24.08027,0.6845596,,1908736,953368
northrop-mall,ico-rhombus,512,webp-replacement-q80,gain,262144,248756,31,25.46801,0.8052621,,3481600,953368
northrop-mall,ico-rhombus,512,webp-replacement-q80,gain,524288,518146,43,27.51898,0.8631967,,6627328,953368
northrop-mall,ico-rhombus,512,webp-replacement-q80,gain,953368,953368,71,29.42445,0.9341043,,13967360,953368
northrop-mall,ico-rhombus,512,webp-replacement-q80,view,8192,7696.167,4.083333,21.13981,0.5195833,18.74623,91477.33,953368
northrop-mall,ico-rhombus,512,webp-replacement-q80,view,16384,13178.67,6.416667,21.96825,0.5611762,18.74623,174762.7,953368
northrop-mall,ico-rhombus,512,webp-replacement-q80,view,32768,28761.67,9.666667,23.10283,0.640785,18.74623,404138.7,953368
northrop-mall,ico-rhombus,512,webp-replacement-q80,view,65536,57842.67,11.75,24.53346,0.7310365,18.74623,868352,953368
northrop-mall,ico-rhombus,512,webp-replacement-q80,view,131072,119669.3,17,26.37807,0.8100444,18.74623,2244608,953368
northrop-mall,ico-rhombus,512,webp-replacement-q80,view,262144,249320.3,27.25,28.73329,0.9089485,19.45252,4157440,953368
northrop-mall,ico-rhombus,512,webp-replacement-q80,view,524288,513345,47.75,29.41635,0.9338309,23.88119,8056832,953368
northrop-mall,ico-rhombus,512,webp-replacement-q80,view,953368,953368,71,29.42445,0.9341043,28.33229,13967360,953368
northrop-mall,ico-rhombus,512,webp-replacement-q80,view-direct,8192,4490.833,1.833333,19.96312,0.4713508,18.74623,259413.3,953368
northrop-mall,ico-rhombus,512,webp-replacement-q80,view-direct,16384,6583.5,2.583333,20.19508,0.4784927,18.74623,456021.3,953368
northrop-mall,ico-rhombus,512,webp-replacement-q80,view-direct,32768,20040.5,3.5,20.95614,0.5373693,18.74623,696320,953368
northrop-mall,ico-rhombus,512,webp-replacement-q80,view-direct,65536,54631.33,5.5,23.97506,0.6724063,18.74623,1220608,953368
northrop-mall,ico-rhombus,512,webp-replacement-q80,view-direct,131072,123886.2,13.41667,27.03802,0.8454551,19.03914,2300587,953368
northrop-mall,ico-rhombus,512,webp-replacement-q80,view-direct,262144,252776.3,28.25,29.32511,0.9302654,20.71107,4153344,953368
northrop-mall,ico-rhombus,512,webp-replacement-q80,view-direct,524288,513312.7,48.66667,29.42445,0.9341043,24.67515,8112811,953368
northrop-mall,ico-rhombus,512,webp-replacement-q80,view-direct,953368,953368,71,29.42445,0.9341043,28.33229,13967360,953368
northrop-mall,ico-rhombus,512,jpeg-replacement-q80-whole,level,8192,6921,3,20.071,0.4791006,,73728,1010735
northrop-mall,ico-rhombus,512,jpeg-replacement-q80-whole,level,16384,14585,8,20.86471,0.4994716,,155648,1010735
northrop-mall,ico-rhombus,512,jpeg-replacement-q80-whole,level,32768,29337,13,21.77049,0.5438107,,335872,1010735
northrop-mall,ico-rhombus,512,jpeg-replacement-q80-whole,level,65536,60143,19,22.54068,0.605638,,729088,1010735
northrop-mall,ico-rhombus,512,jpeg-replacement-q80-whole,level,131072,130357,25,23.82979,0.6798154,,1908736,1010735
northrop-mall,ico-rhombus,512,jpeg-replacement-q80-whole,level,262144,242649,30,25.00882,0.7762791,,3219456,1010735
northrop-mall,ico-rhombus,512,jpeg-replacement-q80-whole,level,524288,517962,36,27.06391,0.8373171,,8724480,1010735
northrop-mall,ico-rhombus,512,jpeg-replacement-q80-whole,level,1010735,1010735,41,29.1701,0.9332844,,13967360,1010735
northrop-mall,ico-rhombus,512,jpeg-replacement-q80-whole,gain,8192,6921,3,20.071,0.4791006,,73728,1010735
northrop-mall,ico-rhombus,512,jpeg-replacement-q80-whole,gain,16384,15348,8,20.85238,0.5065647,,155648,1010735
northrop-mall,ico-rhombus,512,jpeg-replacement-q80-whole,gain,32768,29337,13,21.77049,0.5438107,,335872,1010735
northrop-mall,ico-rhombus,512,jpeg-replacement-q80-whole,gain,65536,64202,19,22.64825,0.6217577,,729088,1010735
northrop-mall,ico-rhombus,512,jpeg-replacement-q80-whole,gain,131072,104530,23,23.59334,0.6669794,,1384448,1010735
northrop-mall,ico-rhombus,512,jpeg-replacement-q80-whole,gain,262144,247512,30,25.16603,0.7855344,,3219456,1010735
northrop-mall,ico-rhombus,512,jpeg-replacement-q80-whole,gain,524288,441561,33,26.49405,0.8376121,,5578752,1010735
northrop-mall,ico-rhombus,512,jpeg-replacement-q80-whole,gain,1010735,1010735,41,29.1701,0.9332844,,13967360,1010735
northrop-mall,ico-rhombus,512,jpeg-replacement-q80-whole,view,8192,7093.333,3,20.54775,0.5058362,18.64241,73728,1010735
northrop-mall,ico-rhombus,512,jpeg-replacement-q80-whole,view,16384,13625,6.083333,21.67656,0.5396928,18.64241,152917.3,1010735
northrop-mall,ico-rhombus,512,jpeg-replacement-q80-whole,view,32768,30208.67,9.333333,22.84236,0.6314087,18.64241,365909.3,1010735
northrop-mall,ico-rhombus,512,jpeg-replacement-q80-whole,view,65536,53505.17,11.16667,23.96627,0.6997401,18.64241,715434.7,1010735
northrop-mall,ico-rhombus,512,jpeg-replacement-q80-whole,view,131072,112357.5,14.16667,25.35611,0.793678,18.64241,1567403,1010735
northrop-mall,ico-rhombus,512,jpeg-replacement-q80-whole,view,262144,227283.4,16.16667,27.52931,0.8710719,18.64241,3336875,1010735
northrop-mall,ico-rhombus,512,jpeg-replacement-q80-whole,view,524288,501392.3,30.16667,29.00768,0.9245713,21.80673,7092907,1010735
northrop-mall,ico-rhombus,512,jpeg-replacement-q80-whole,view,1010735,1010735,41,29.1701,0.9332844,28.0464,13967360,1010735
northrop-mall,ico-rhombus,512,jpeg-replacement-q80-whole,view-direct,8192,3836,1,19.55631,0.4669005,18.64241,40960,1010735
northrop-mall,ico-rhombus,512,jpeg-replacement-q80-whole,view-direct,16384,3836,1,19.55631,0.4669005,18.64241,40960,1010735
northrop-mall,ico-rhombus,512,jpeg-replacement-q80-whole,view-direct,32768,3836,1,19.55631,0.4669005,18.64241,40960,1010735
northrop-mall,ico-rhombus,512,jpeg-replacement-q80-whole,view-direct,65536,21440.5,1.416667,20.41072,0.5108953,18.64241,477866.7,1010735
northrop-mall,ico-rhombus,512,jpeg-replacement-q80-whole,view-direct,131072,95578.42,2.416667,22.66156,0.6895895,18.64241,1526443,1010735
northrop-mall,ico-rhombus,512,jpeg-replacement-q80-whole,view-direct,262144,234451.4,6.75,27.41515,0.8589518,18.75289,3579904,1010735
northrop-mall,ico-rhombus,512,jpeg-replacement-q80-whole,view-direct,524288,513560.9,31.83333,29.1701,0.9332844,23.30621,7370069,1010735
northrop-mall,ico-rhombus,512,jpeg-replacement-q80-whole,view-direct,1010735,1010735,41,29.1701,0.9332844,28.0464,13967360,1010735
walter-study,ico-rhombus,512,exact,all,,7864320,,30.57939,0.9416088,,,
walter-study,ico-rhombus,512,exact,coarse,,30720,,17.98941,0.3262716,,,
walter-study,ico-rhombus,512,haar-residual-d12,level,8192,0,0,,,,0,1159877
walter-study,ico-rhombus,512,haar-residual-d12,level,16384,0,0,,,,0,1159877
walter-study,ico-rhombus,512,haar-residual-d12,level,32768,28205,2,18.26597,0.3433236,,57344,1159877
walter-study,ico-rhombus,512,haar-residual-d12,level,65536,64348,9,19.59838,0.4185482,,172032,1159877
walter-study,ico-rhombus,512,haar-residual-d12,level,131072,119131,14,20.67299,0.4865472,,401408,1159877
walter-study,ico-rhombus,512,haar-residual-d12,level,262144,246284,22,22.78045,0.6396571,,1122304,1159877
walter-study,ico-rhombus,512,haar-residual-d12,level,524288,500483,30,25.13359,0.7843206,,3219456,1159877
walter-study,ico-rhombus,512,haar-residual-d12,level,1048576,1039150,64,28.53177,0.9088431,,12132352,1159877
walter-study,ico-rhombus,512,haar-residual-d12,level,1159877,1159877,71,29.49225,0.9313511,,13967360,1159877
walter-study,ico-rhombus,512,haar-residual-d12,gain,8192,0,0,,,,0,1159877
walter-study,ico-rhombus,512,haar-residual-d12,gain,16384,0,0,,,,0,1159877
walter-study,ico-rhombus,512,haar-residual-d12,gain,32768,28674,2,18.1156,0.3325942,,57344,1159877
walter-study,ico-rhombus,512,haar-residual-d12,gain,65536,65104,9,19.85308,0.4252049,,172032,1159877
walter-study,ico-rhombus,512,haar-residual-d12,gain,131072,118930,14,20.72362,0.4933489,,401408,1159877
walter-study,ico-rhombus,512,haar-residual-d12,gain,262144,248792,22,22.53239,0.6244359,,1122304,1159877
walter-study,ico-rhombus,512,haar-residual-d12,gain,524288,502053,30,25.29994,0.78967,,3219456,1159877
walter-study,ico-rhombus,512,haar-residual-d12,gain,1048576,1043346,64,28.8376,0.9056362,,12132352,1159877
walter-study,ico-rhombus,512,haar-residual-d12,gain,1159877,1159877,71,29.49225,0.9313511,,13967360,1159877
walter-study,ico-rhombus,512,haar-residual-d12,view,8192,0,0,,,,0,1159877
walter-study,ico-rhombus,512,haar-residual-d12,view,16384,0,0,,,,0,1159877
walter-study,ico-rhombus,512,haar-residual-d12,view,32768,29758.42,2.333333,18.83688,0.3828934,18.72337,62805.33,1159877
walter-study,ico-rhombus,512,haar-residual-d12,view,65536,61668.92,6.583333,20.97799,0.5208,18.72337,185685.3,1159877
walter-study,ico-rhombus,512,haar-residual-d12,view,131072,115695.3,10.16667,22.65355,0.6349412,18.72337,453290.7,1159877
walter-study,ico-rhombus,512,haar-residual-d12,view,262144,250244.8,15,25.78961,0.8137103,18.72337,1720320,1159877
walter-study,ico-rhombus,512,haar-residual-d12,view,524288,513939.8,34.91667,29.48918,0.9312386,21.53214,5057195,1159877
walter-study,ico-rhombus,512,haar-residual-d12,view,1048576,1037541,63.83333,29.49225,0.9313511,28.47159,12088660,1159877
walter-study,ico-rhombus,512,haar-residual-d12,view,1159877,1159877,71,29.49225,0.9313511,29.41808,13967360,1159877
walter-study,ico-rhombus,512,haar-residual-d12-p0.5,level,8192,0,0,,,,0,1028264
walter-study,ico-rhombus,512,haar-residual-d12-p0.5,level,16384,14772,1,17.96519,0.326199,,40960,1028264
walter-study,ico-rhombus,512,haar-residual-d12-p0.5,level,32768,29305,5,18.82032,0.3768469,,106496,1028264
walter-study,ico-rhombus,512,haar-residual-d12-p0.5,level,65536,57823,12,20.26373,0.4609639,,270336,1028264
walter-study,ico-rhombus,512,haar-residual-d12-p0.5,level,131072,126798,19,21.69653,0.5757697,,729088,1028264
walter-study,ico-rhombus,512,haar-residual-d12-p0.5,level,262144,247008,25,23.30186,0.6819947,,1908736,1028264
walter-study,ico-rhombus,512,haar-residual-d12-p0.5,level,524288,513837,39,25.5973,0.8212112,,5578752,1028264
walter-study,ico-rhombus,512,haar-residual-d12-p0.5,level,1028264,1028264,71,28.28252,0.9225632,,13967360,1028264
walter-study,ico-rhombus,512,haar-residual-d12-p0.5,gain,8192,0,0,,,,0,1028264
walter-study,ico-rhombus,512,haar-residual-d12-p0.5,gain,16384,14772,1,17.96519,0.326199,,40960,1028264
walter-study,ico-rhombus,512,haar-residual-d12-p0.5,gain,32768,29535,5,18.72695,0.373032,,106496,1028264
walter-study,ico-rhombus,512,haar-residual-d12-p0.5,gain,65536,59074,12,20.08563,0.4469035,,270336,1028264
walter-study,ico-rhombus,512,haar-residual-d12-p0.5,gain,131072,129158,19,21.99823,0.5867296,,729088,1028264
walter-study,ico-rhombus,512,haar-residual-d12-p0.5,gain,262144,251230,25,23.23349,0.6806006,,1908736,1028264
walter-study,ico-rhombus,512,haar-residual-d12-p0.5,gain,524288,515284,38,25.59207,0.8118789,,5316608,1028264
walter-study,ico-rhombus,512,haar-residual-d12-p0.5,gain,1028264,1028264,71,28.28252,0.9225632,,13967360,1028264
walter-study,ico-rhombus,512,haar-residual-d12-p0.5,view,8192,0,0,,,,0,1028264
walter-study,ico-rhombus,512,haar-residual-d12-p0.5,view,16384,14772,1,17.96519,0.326199,18.69518,40960,1028264
walter-study,ico-rhombus,512,haar-residual-d12-p0.5,view,32768,29746.17,5.333333,19.93426,0.4400024,18.69518,116053.3,1028264
walter-study,ico-rhombus,512,haar-residual-d12-p0.5,view,65536,59676.25,8.583333,21.89235,0.5896867,18.69518,316757.3,1028264
walter-study,ico-rhombus,512,haar-residual-d12-p0.5,view,131072,119845.9,11.83333,23.77464,0.7302265,18.69518,890197.3,1028264
walter-study,ico-rhombus,512,haar-residual-d12-p0.5,view,262144,254287,18.75,26.68976,0.8729134,18.69518,2703360,1028264
walter-study,ico-rhombus,512,haar-residual-d12-p0.5,view,524288,513588.3,40.16667,28.28252,0.9225632,23.55459,5900971,1028264
walter-study,ico-rhombus,512,haar-residual-d12-p0.5,view,1028264,1028264,71,28.28252,0.9225632,28.27676,13967360,1028264
walter-study,ico-rhombus,512,jpeg-residual-q80,level,8192,7656,3,17.85787,0.341423,,73728,844844
walter-study,ico-rhombus,512,jpeg-residual-q80,level,16384,16022,8,18.87828,0.3931372,,155648,844844
walter-study,ico-rhombus,512,jpeg-residual-q80,level,32768,30130,13,19.77925,0.4531226,,335872,844844
walter-study,ico-rhombus,512,jpeg-residual-q80,level,65536,65169,20,21.26255,0.5660005,,794624,844844
walter-study,ico-rhombus,512,jpeg-residual-q80,level,131072,119772,24,22.23131,0.6314402,,1646592,844844
walter-study,ico-rhombus,512,jpeg-residual-q80,level,262144,255753,32,24.63269,0.7829223,,3743744,844844
walter-study,ico-rhombus,512,jpeg-residual-q80,level,524288,510779,50,26.62247,0.8451087,,8462336,844844
walter-study,ico-rhombus,512,jpeg-residual-q80,level,844844,844844,71,28.85991,0.9239439,,13967360,844844
walter-study,ico-rhombus,512,jpeg-residual-q80,gain,8192,7927,3,17.71041,0.3321871,,73728,844844
walter-study,ico-rhombus,512,jpeg-residual-q80,gain,16384,16200,8,18.96395,0.3975096,,155648,844844
walter-study,ico-rhombus,512,jpeg-residual-q80,gain,32768,30937,13,19.73481,0.4492345,,335872,844844
walter-study,ico-rhombus,512,jpeg-residual-q80,gain,65536,65281,20,21.3992,0.567196,,794624,844844
walter-study,ico-rhombus,512,jpeg-residual-q80,gain,131072,121584,24,22.21901,0.6306821,,1646592,844844
walter-study,ico-rhombus,512,jpeg-residual-q80,gain,262144,257402,32,24.59629,0.7787505,,3743744,844844
walter-study,ico-rhombus,512,jpeg-residual-q80,gain,524288,518923,49,26.33884,0.833843,,8200192,844844
walter-study,ico-rhombus,512,jpeg-residual-q80,gain,844844,844844,71,28.85991,0.9239439,,13967360,844844
walter-study,ico-rhombus,512,jpeg-residual-q80,view,8192,7479,3,18.59332,0.385064,18.19796,73728,844844
walter-study,ico-rhombus,512,jpeg-residual-q80,view,16384,13711.92,5.916667,19.73623,0.4534795,18.19796,141994.7,844844
walter-study,ico-rhombus,512,jpeg-residual-q80,view,32768,29547.33,9.166667,21.2686,0.5657297,18.19796,354986.7,844844
walter-study,ico-rhombus,512,jpeg-residual-q80,view,65536,53466.75,11.16667,22.71624,0.6769004,18.19796,715434.7,844844
walter-study,ico-rhombus,512,jpeg-residual-q80,view,131072,120998,15.25,24.87084,0.7936937,18.19796,1785856,844844
walter-study,ico-rhombus,512,jpeg-residual-q80,view,262144,254461.9,25.25,28.69858,0.9202646,18.69567,4096000,844844
walter-study,ico-rhombus,512,jpeg-residual-q80,view,524288,516434.3,49.83333,28.85991,0.9239439,25.23972,8418645,844844
walter-study,ico-rhombus,512,jpeg-residual-q80,view,844844,844844,71,28.85991,0.9239439,28.86674,13967360,844844
walter-study,ico-rhombus,512,jpeg-replacement-q80,level,8192,6186,2,17.7165,0.3328498,,57344,1051027
walter-study,ico-rhombus,512,jpeg-replacement-q80,level,16384,16011,7,18.65919,0.381491,,139264,1051027
walter-study,ico-rhombus,512,jpeg-replacement-q80,level,32768,28659,12,19.59937,0.4384554,,270336,1051027
walter-study,ico-rhombus,512,jpeg-replacement-q80,level,65536,59616,17,20.63609,0.5144051,,598016,1051027
walter-study,ico-rhombus,512,jpeg-replacement-q80,level,131072,123722,23,22.07214,0.6225527,,1384448,1051027
walter-study,ico-rhombus,512,jpeg-replacement-q80,level,262144,250553,29,23.70395,0.7331984,,2957312,1051027
walter-study,ico-rhombus,512,jpeg-replacement-q80,level,524288,510277,43,25.39036,0.812444,,6627328,1051027
walter-study,ico-rhombus,512,jpeg-replacement-q80,level,1048576,1035379,70,28.56862,0.9208341,,13705216,1051027
walter-study,ico-rhombus,512,jpeg-replacement-q80,level,1051027,1051027,71,28.82245,0.9238926,,13967360,1051027
walter-study,ico-rhombus,512,jpeg-replacement-q80,gain,8192,6500,2,17.57196,0.3234834,,57344,1051027
walter-study,ico-rhombus,512,jpeg-replacement-q80,gain,16384,16347,7,18.63796,0.3824983,,139264,1051027
walter-study,ico-rhombus,512,jpeg-replacement-q80,gain,32768,29689,12,19.43496,0.4251281,,270336,1051027
walter-study,ico-rhombus,512,jpeg-replacement-q80,gain,65536,61346,17,20.67805,0.5207041,,598016,1051027
walter-study,ico-rhombus,512,jpeg-replacement-q80,gain,131072,126008,23,21.98997,0.6151786,,1384448,1051027
walter-study,ico-rhombus,512,jpeg-replacement-q80,gain,262144,253929,29,24.0619,0.7415928,,2957312,1051027
walter-study,ico-rhombus,512,jpeg-replacement-q80,gain,524288,510293,42,25.47271,0.8069247,,6365184,1051027
walter-study,ico-rhombus,512,jpeg-replacement-q80,gain,1048576,1034123,70,28.74802,0.9202316,,13705216,1051027
walter-study,ico-rhombus,512,jpeg-replacement-q80,gain,1051027,1051027,71,28.82245,0.9238926,,13967360,1051027
walter-study,ico-rhombus,512,jpeg-replacement-q80,view,8192,7517.5,2.75,18.43003,0.3763482,18.19796,69632,1051027
walter-study,ico-rhombus,512,jpeg-replacement-q80,view,16384,13263,5.583333,19.40325,0.4228189,18.19796,120149.3,1051027
walter-study,ico-rhombus,512,jpeg-replacement-q80,view,32768,30600,8.5,21.17563,0.5599935,18.19796,311296,1051027
walter-study,ico-rhombus,512,jpeg-replacement-q80,view,65536,55524.33,10.75,22.32373,0.6444177,18.19796,606208,1051027
walter-study,ico-rhombus,512,jpeg-replacement-q80,view,131072,124739.8,14.08333,24.2892,0.7679674,18.19796,1480021,1051027
walter-study,ico-rhombus,512,jpeg-replacement-q80,view,262144,249527.2,20.58333,27.80265,0.8988711,18.19796,3183957,1051027
walter-study,ico-rhombus,512,jpeg-replacement-q80,view,524288,512180,42.75,28.82245,0.9238926,24.05567,6561792,1051027
walter-study,ico-rhombus,512,jpeg-replacement-q80,view,1048576,1033893,70,28.82245,0.9238926,28.79666,13705216,1051027
walter-study,ico-rhombus,512,jpeg-replacement-q80,view,1051027,1051027,71,28.82245,0.9238926,28.83755,13967360,1051027
walter-study,ico-rhombus,512,jpeg-replacement-q80,view-direct,8192,4334,1,17.45549,0.3178156,18.19796,40960,1051027
walter-study,ico-rhombus,512,jpeg-replacement-q80,view-direct,16384,4334,1,17.45549,0.3178156,18.19796,40960,1051027
walter-study,ico-rhombus,512,jpeg-replacement-q80,view-direct,32768,23329.5,2,18.2574,0.4263209,18.19796,303104,1051027
walter-study,ico-rhombus,512,jpeg-replacement-q80,view-direct,65536,58341,3.916667,19.78409,0.6029885,18.19796,805546.7,1051027
walter-study,ico-rhombus,512,jpeg-replacement-q80,view-direct,131072,123102.6,7.333333,24.9389,0.8503812,18.19796,1701205,1051027
walter-study,ico-rhombus,512,jpeg-replacement-q80,view-direct,262144,258399.5,23.5,28.74664,0.9225258,20.14678,3452928,1051027
walter-study,ico-rhombus,512,jpeg-replacement-q80,view-direct,524288,512112.3,42.75,28.82245,0.9238926,24.43811,6561792,1051027
walter-study,ico-rhombus,512,jpeg-replacement-q80,view-direct,1048576,1033893,70,28.82245,0.9238926,28.79666,13705216,1051027
walter-study,ico-rhombus,512,jpeg-replacement-q80,view-direct,1051027,1051027,71,28.82245,0.9238926,28.83755,13967360,1051027
walter-study,ico-rhombus,512,webp-replacement-q80,level,8192,7806,3,17.9693,0.3481165,,73728,936438
walter-study,ico-rhombus,512,webp-replacement-q80,level,16384,14924,7,18.81309,0.3907231,,139264,936438
walter-study,ico-rhombus,512,webp-replacement-q80,level,32768,32384,13,19.94981,0.4654268,,335872,936438
walter-study,ico-rhombus,512,webp-replacement-q80,level,65536,61414,18,21.09433,0.5468701,,663552,936438
walter-study,ico-rhombus,512,webp-replacement-q80,level,131072,114292,23,22.29688,0.6364832,,1384448,936438
walter-study,ico-rhombus,512,webp-replacement-q80,level,262144,253590,30,24.35728,0.7663287,,3219456,936438
walter-study,ico-rhombus,512,webp-replacement-q80,level,524288,509426,47,26.20718,0.8358176,,7675904,936438
walter-study,ico-rhombus,512,webp-replacement-q80,level,936438,936438,71,29.12992,0.9263141,,13967360,936438
walter-study,ico-rhombus,512,webp-replacement-q80,gain,8192,8104,3,17.95917,0.345515,,73728,936438
walter-study,ico-rhombus,512,webp-replacement-q80,gain,16384,15276,7,18.93186,0.3975619,,139264,936438
walter-study,ico-rhombus,512,webp-replacement-q80,gain,32768,27578,12,19.60402,0.4370406,,270336,936438
walter-study,ico-rhombus,512,webp-replacement-q80,gain,65536,62348,18,21.23893,0.5562594,,663552,936438
walter-study,ico-rhombus,512,webp-replacement-q80,gain,131072,115628,23,22.20422,0.6295464,,1384448,936438
walter-study,ico-rhombus,512,webp-replacement-q80,gain,262144,252872,30,24.50904,0.765748,,3219456,936438
walter-study,ico-rhombus,512,webp-replacement-q80,gain,524288,524254,47,26.07688,0.8250228,,7675904,936438
walter-study,ico-rhombus,512,webp-replacement-q80,gain,936438,936438,71,29.12992,0.9263141,,13967360,936438
walter-study,ico-rhombus,512,webp-replacement-q80,view,8192,7602.833,3,18.72609,0.3948663,18.32399,73728,936438
walter-study,ico-rhombus,512,webp-replacement-q80,view,16384,12453,5.583333,19.57108,0.4347094,18.32399,120149.3,936438
walter-study,ico-rhombus,512,webp-replacement-q80,view,32768,28699.67,8.5,21.38161,0.5747965,18.32399,311296,936438
walter-study,ico-rhombus,512,webp-replacement-q80,view,65536,58232.67,11.08333,22.86305,0.6824791,18.32399,693589.3,936438
walter-study,ico-rhombus,512,webp-replacement-q80,view,131072,118721.2,14.33333,24.7195,0.7831147,18.32399,1545557,936438
walter-study,ico-rhombus,512,webp-replacement-q80,view,262144,253032.7,22.66667,28.66463,0.9153834,18.45393,3648171,936438
walter-study,ico-rhombus,512,webp-replacement-q80,view,524288,517631.8,46.25,29.12992,0.9263141,24.8403,7479296,936438
walter-study,ico-rhombus,512,webp-replacement-q80,view,936438,936438,71,29.12992,0.9263141,29.11046,13967360,936438
walter-study,ico-rhombus,512,webp-replacement-q80,view-direct,8192,4276,1,17.56726,0.3228815,18.32399,40960,936438
walter-study,ico-rhombus,512,webp-replacement-q80,view-direct,16384,6229.167,1.166667,17.73233,0.3363783,18.32399,84650.67,936438
walter-study,ico-rhombus,512,webp-replacement-q80,view-direct,32768,21657.33,2.083333,18.40755,0.4351038,18.32399,324949.3,936438
walter-study,ico-rhombus,512,webp-replacement-q80,view-direct,65536,58123.33,4.333333,20.26064,0.6417369,18.32399,914773.3,936438
walter-study,ico-rhombus,512,webp-replacement-q80,view-direct,131072,123883.8,8.333333,26.41631,0.8788442,18.32399,1963349,936438
walter-study,ico-rhombus,512,webp-replacement-q80,view-direct,262144,256667.7,29.08333,29.11311,0.9256415,21.27092,3790165,936438
walter-study,ico-rhombus,512,webp-replacement-q80,view-direct,524288,517244.7,46.25,29.12992,0.9263141,24.96221,7479296,936438
walter-study,ico-rhombus,512,webp-replacement-q80,view-direct,936438,936438,71,29.12992,0.9263141,29.11046,13967360,936438
walter-study,ico-rhombus,512,jpeg-replacement-q80-whole,level,8192,6186,2,17.7165,0.3328498,,57344,1042523
walter-study,ico-rhombus,512,jpeg-replacement-q80-whole,level,16384,16011,7,18.65919,0.381491,,139264,1042523
walter-study,ico-rhombus,512,jpeg-replacement-q80-whole,level,32768,28659,12,19.59937,0.4384554,,270336,1042523
walter-study,ico-rhombus,512,jpeg-replacement-q80-whole,level,65536,59616,17,20.63609,0.5144051,,598016,1042523
walter-study,ico-rhombus,512,jpeg-replacement-q80-whole,level,131072,123722,23,22.07214,0.6225527,,1384448,1042523
walter-study,ico-rhombus,512,jpeg-replacement-q80-whole,level,262144,250553,29,23.70395,0.7331984,,2957312,1042523
walter-study,ico-rhombus,512,jpeg-replacement-q80-whole,level,524288,507275,34,25.39061,0.8124447,,6627328,1042523
walter-study,ico-rhombus,512,jpeg-replacement-q80-whole,level,1042523,1042523,41,28.82372,0.9238944,,13967360,1042523
walter-study,ico-rhombus,512,jpeg-replacement-q80-whole,gain,8192,6500,2,17.57196,0.3234834,,57344,1042523
walter-study,ico-rhombus,512,jpeg-replacement-q80-whole,gain,16384,16347,7,18.63796,0.3824983,,139264,1042523
walter-study,ico-rhombus,512,jpeg-replacement-q80-whole,gain,32768,29689,12,19.43496,0.4251281,,270336,1042523
walter-study,ico-rhombus,512,jpeg-replacement-q80-whole,gain,65536,61346,17,20.67805,0.5207041,,598016,1042523
walter-study,ico-rhombus,512,jpeg-replacement-q80-whole,gain,131072,126008,23,21.98997,0.6151786,,1384448,1042523
walter-study,ico-rhombus,512,jpeg-replacement-q80-whole,gain,262144,253929,29,24.0619,0.7415928,,2957312,1042523
walter-study,ico-rhombus,512,jpeg-replacement-q80-whole,gain,524288,511846,34,25.33201,0.8103334,,6627328,1042523
walter-study,ico-rhombus,512,jpeg-replacement-q80-whole,gain,1042523,1042523,41,28.82372,0.9238944,,13967360,1042523
walter-study,ico-rhombus,512,jpeg-replacement-q80-whole,view,8192,7517.5,2.75,18.43003,0.3763482,18.19796,69632,1042523
walter-study,ico-rhombus,512,jpeg-replacement-q80-whole,view,16384,13263,5.583333,19.40325,0.4228189,18.19796,120149.3,1042523
walter-study,ico-rhombus,512,jpeg-replacement-q80-whole,view,32768,30600,8.5,21.17563,0.5599935,18.19796,311296,1042523
walter-study,ico-rhombus,512,jpeg-replacement-q80-whole,view,65536,55524.33,10.75,22.32373,0.6444177,18.19796,606208,1042523
walter-study,ico-rhombus,512,jpeg-replacement-q80-whole,view,131072,122050.5,13.91667,24.22768,0.763793,18.19796,1436331,1042523
walter-study,ico-rhombus,512,jpeg-replacement-q80-whole,view,262144,214723.2,15.58333,25.93151,0.8401497,18.19796,2725205,1042523
walter-study,ico-rhombus,512,jpeg-replacement-q80-whole,view,524288,507515,27.25,28.71167,0.9196285,21.01331,6717440,1042523
walter-study,ico-rhombus,512,jpeg-replacement-q80-whole,view,1042523,1042523,41,28.82372,0.9238944,28.83858,13967360,1042523
walter-study,ico-rhombus,512,jpeg-replacement-q80-whole,view-direct,8192,4334,1,17.45549,0.3178156,18.19796,40960,1042523
walter-study,ico-rhombus,512,jpeg-replacement-q80-whole,view-direct,16384,4334,1,17.45549,0.3178156,18.19796,40960,1042523
walter-study,ico-rhombus,512,jpeg-replacement-q80-whole,view-direct,32768,4334,1,17.45549,0.3178156,18.19796,40960,1042523
walter-study,ico-rhombus,512,jpeg-replacement-q80-whole,view-direct,65536,4334,1,17.45549,0.3178156,18.19796,40960,1042523
walter-study,ico-rhombus,512,jpeg-replacement-q80-whole,view-direct,131072,78221.08,2,19.83652,0.5775757,18.19796,1089536,1042523
walter-study,ico-rhombus,512,jpeg-replacement-q80-whole,view-direct,262144,229160,5.083333,25.47643,0.8391994,18.46235,3216725,1042523
walter-study,ico-rhombus,512,jpeg-replacement-q80-whole,view-direct,524288,516657.7,30.25,28.82372,0.9238944,23.07705,6823936,1042523
walter-study,ico-rhombus,512,jpeg-replacement-q80-whole,view-direct,1042523,1042523,41,28.82372,0.9238944,28.83858,13967360,1042523
bookstore,ico-rhombus,512,exact,all,,7864320,,40.99978,0.9859217,,,
bookstore,ico-rhombus,512,exact,coarse,,30720,,25.85963,0.7340983,,,
bookstore,ico-rhombus,512,haar-residual-d12,level,8192,0,0,,,,0,434076
bookstore,ico-rhombus,512,haar-residual-d12,level,16384,0,0,,,,0,434076
bookstore,ico-rhombus,512,haar-residual-d12,level,32768,30116,6,27.07222,0.7607542,,122880,434076
bookstore,ico-rhombus,512,haar-residual-d12,level,65536,63483,14,28.81349,0.8072267,,401408,434076
bookstore,ico-rhombus,512,haar-residual-d12,level,131072,118756,22,31.14681,0.8719956,,1122304,434076
bookstore,ico-rhombus,512,haar-residual-d12,level,262144,257789,38,34.68344,0.9406269,,5316608,434076
bookstore,ico-rhombus,512,haar-residual-d12,level,434076,434076,71,37.99694,0.9727808,,13967360,434076
bookstore,ico-rhombus,512,haar-residual-d12,gain,8192,0,0,,,,0,434076
bookstore,ico-rhombus,512,haar-residual-d12,gain,16384,0,0,,,,0,434076
bookstore,ico-rhombus,512,haar-residual-d12,gain,32768,32521,6,27.24192,0.7676908,,122880,434076
bookstore,ico-rhombus,512,haar-residual-d12,gain,65536,60683,13,28.42781,0.8003648,,335872,434076
bookstore,ico-rhombus,512,haar-residual-d12,gain,131072,124378,22,30.88905,0.8718746,,1122304,434076
bookstore,ico-rhombus,512,haar-residual-d12,gain,262144,258236,37,34.65547,0.94512,,5054464,434076
bookstore,ico-rhombus,512,haar-residual-d12,gain,434076,434076,71,37.99694,0.9727808,,13967360,434076
bookstore,ico-rhombus,512,haar-residual-d12,view,8192,0,0,,,,0,434076
bookstore,ico-rhombus,512,haar-residual-d12,view,16384,0,0,,,,0,434076
bookstore,ico-rhombus,512,haar-residual-d12,view,32768,30803.92,5.75,28.40073,0.7958488,24.58893,131072,434076
bookstore,ico-rhombus,512,haar-residual-d12,view,65536,62675.67,10.58333,31.29444,0.8798137,24.58893,562517.3,434076
bookstore,ico-rhombus,512,haar-residual-d12,view,131072,126066.7,18.83333,35.48061,0.9496261,24.58893,2704725,434076
bookstore,ico-rhombus,512,haar-residual-d12,view,262144,255870.3,40.66667,37.99694,0.9727808,30.96097,6015659,434076
bookstore,ico-rhombus,512,haar-residual-d12,view,434076,434076,71,37.99694,0.9727808,37.00039,13967360,434076
bookstore,ico-rhombus,512,haar-residual-d12-p0.5,level,8192,0,0,,,,0,369095
bookstore,ico-rhombus,512,haar-residual-d12-p0.5,level,16384,15401,5,26.64857,0.7570924,,106496,369095
bookstore,ico-rhombus,512,haar-residual-d12-p0.5,level,32768,29348,12,28.13346,0.7946418,,270336,369095
bookstore,ico-rhombus,512,haar-residual-d12-p0.5,level,65536,61652,20,29.69835,0.8475601,,794624,369095
bookstore,ico-rhombus,512,haar-residual-d12-p0.5,level,131072,122920,27,31.44601,0.8893871,,2433024,369095
bookstore,ico-rhombus,512,haar-residual-d12-p0.5,level,262144,257931,53,33.90252,0.9370418,,9248768,369095
bookstore,ico-rhombus,512,haar-residual-d12-p0.5,level,369095,369095,71,35.55524,0.9600976,,13967360,369095
bookstore,ico-rhombus,512,haar-residual-d12-p0.5,gain,8192,0,0,,,,0,369095
bookstore,ico-rhombus,512,haar-residual-d12-p0.5,gain,16384,14862,4,26.29885,0.7500799,,90112,369095
bookstore,ico-rhombus,512,haar-residual-d12-p0.5,gain,32768,31030,12,27.89035,0.7908098,,270336,369095
bookstore,ico-rhombus,512,haar-residual-d12-p0.5,gain,65536,63703,20,29.92757,0.8541437,,794624,369095
bookstore,ico-rhombus,512,haar-residual-d12-p0.5,gain,131072,123558,26,31.69046,0.8981906,,2170880,369095
bookstore,ico-rhombus,512,haar-residual-d12-p0.5,gain,262144,258008,44,34.22148,0.9435472,,6889472,369095
bookstore,ico-rhombus,512,haar-residual-d12-p0.5,gain,369095,369095,71,35.55524,0.9600976,,13967360,369095
bookstore,ico-rhombus,512,haar-residual-d12-p0.5,view,8192,0,0,,,,0,369095
bookstore,ico-rhombus,512,haar-residual-d12-p0.5,view,16384,15191.25,4.916667,27.59907,0.7809138,24.49631,105130.7,369095
bookstore,ico-rhombus,512,haar-residual-d12-p0.5,view,32768,29914.5,9,29.86679,0.8523033,24.49631,344064,369095
bookstore,ico-rhombus,512,haar-residual-d12-p0.5,view,65536,61346.92,13.08333,32.33751,0.9142702,24.49631,1217877,369095
bookstore,ico-rhombus,512,haar-residual-d12-p0.5,view,131072,128800.6,27.5,35.2805,0.9572816,25.72374,4190208,369095
bookstore,ico-rhombus,512,haar-residual-d12-p0.5,view,262144,257727.4,50.58333,35.55524,0.9600976,32.04842,8615253,369095
bookstore,ico-rhombus,512,haar-residual-d12-p0.5,view,369095,369095,71,35.55524,0.9600976,34.84843,13967360,369095
bookstore,ico-rhombus,512,jpeg-residual-q80,level,8192,8168,6,26.3879,0.7450056,,122880,391548
bookstore,ico-rhombus,512,jpeg-residual-q80,level,16384,13786,11,27.30009,0.7626439,,204800,391548
bookstore,ico-rhombus,512,jpeg-residual-q80,level,32768,30492,17,28.76245,0.8028441,,598016,391548
bookstore,ico-rhombus,512,jpeg-residual-q80,level,65536,60150,23,30.45785,0.8487897,,1384448,391548
bookstore,ico-rhombus,512,jpeg-residual-q80,level,131072,131050,32,33.12631,0.9165191,,3743744,391548
bookstore,ico-rhombus,512,jpeg-residual-q80,level,262144,260296,54,35.17599,0.9395537,,9510912,391548
bookstore,ico-rhombus,512,jpeg-residual-q80,level,391548,391548,71,37.71103,0.9723678,,13967360,391548
bookstore,ico-rhombus,512,jpeg-residual-q80,gain,8192,8042,5,26.31607,0.7461647,,106496,391548
bookstore,ico-rhombus,512,jpeg-residual-q80,gain,16384,13786,11,27.30009,0.7626439,,204800,391548
bookstore,ico-rhombus,512,jpeg-residual-q80,gain,32768,32742,17,29.0802,0.8158563,,598016,391548
bookstore,ico-rhombus,512,jpeg-residual-q80,gain,65536,64341,23,30.19664,0.8476125,,1384448,391548
bookstore,ico-rhombus,512,jpeg-residual-q80,gain,131072,128395,31,33.03502,0.9155123,,3481600,391548
bookstore,ico-rhombus,512,jpeg-residual-q80,gain,262144,259036,46,35.29259,0.9444348,,7413760,391548
bookstore,ico-rhombus,512,jpeg-residual-q80,gain,391548,391548,71,37.71103,0.9723678,,13967360,391548
bookstore,ico-rhombus,512,jpeg-residual-q80,view,8192,7466.5,5.166667,27.23413,0.7618028,24.10974,109226.7,391548
bookstore,ico-rhombus,512,jpeg-residual-q80,view,16384,14989.5,8.166667,29.1652,0.8184619,24.10974,289450.7,391548
bookstore,ico-rhombus,512,jpeg-residual-q80,view,32768,28720.75,11.08333,30.94108,0.8664349,24.10974,693589.3,391548
bookstore,ico-rhombus,512,jpeg-residual-q80,view,65536,61570.67,15.58333,33.48838,0.9209738,24.10974,1873237,391548
bookstore,ico-rhombus,512,jpeg-residual-q80,view,131072,127485.8,29,37.46387,0.9705453,25.44794,4407296,391548
bookstore,ico-rhombus,512,jpeg-residual-q80,view,262144,258635,52.08333,37.71103,0.9723678,32.45535,9008469,391548
bookstore,ico-rhombus,512,jpeg-residual-q80,view,391548,391548,71,37.71103,0.9723678,36.63746,13967360,391548
bookstore,ico-rhombus,512,jpeg-replacement-q80,level,8192,8141,5,26.24074,0.743648,,106496,482612
bookstore,ico-rhombus,512,jpeg-replacement-q80,level,16384,15757,11,27.30639,0.762721,,204800,482612
bookstore,ico-rhombus,512,jpeg-replacement-q80,level,32768,31555,16,28.5922,0.7958591,,532480,482612
bookstore,ico-rhombus,512,jpeg-replacement-q80,level,65536,61231,22,30.2414,0.8428346,,1122304,482612
bookstore,ico-rhombus,512,jpeg-replacement-q80,level,131072,124599,28,31.92401,0.8861597,,2695168,482612
bookstore,ico-rhombus,512,jpeg-replacement-q80,level,262144,261253,46,34.29757,0.9300687,,7413760,482612
bookstore,ico-rhombus,512,jpeg-replacement-q80,level,482612,482612,71,37.74154,0.97297,,13967360,482612
bookstore,ico-rhombus,512,jpeg-replacement-q80,gain,8192,7541,4,25.82229,0.7373653,,90112,482612
bookstore,ico-rhombus,512,jpeg-replacement-q80,gain,16384,15757,11,27.30639,0.762721,,204800,482612
bookstore,ico-rhombus,512,jpeg-replacement-q80,gain,32768,32379,15,28.3768,0.7983103,,466944,482612
bookstore,ico-rhombus,512,jpeg-replacement-q80,gain,65536,50790,21,29.77257,0.8325586,,860160,482612
bookstore,ico-rhombus,512,jpeg-replacement-q80,gain,131072,130395,28,32.22115,0.8935665,,2695168,482612
bookstore,ico-rhombus,512,jpeg-replacement-q80,gain,262144,257090,40,34.64395,0.9351478,,5840896,482612
bookstore,ico-rhombus,512,jpeg-replacement-q80,gain,482612,482612,71,37.74154,0.97297,,13967360,482612
bookstore,ico-rhombus,512,jpeg-replacement-q80,view,8192,7508.167,4.583333,27.1322,0.7616575,24.10974,99669.33,482612
bookstore,ico-rhombus,512,jpeg-replacement-q80,view,16384,14476.5,7.25,28.68128,0.8066189,24.10974,229376,482612
bookstore,ico-rhombus,512,jpeg-replacement-q80,view,32768,28714.5,10.5,30.34906,0.8503821,24.10974,540672,482612
bookstore,ico-rhombus,512,jpeg-replacement-q80,view,65536,59907.08,13.66667,32.71785,0.9088387,24.10974,1370795,482612
bookstore,ico-rhombus,512,jpeg-replacement-q80,view,131072,126907.8,22.91667,36.75318,0.9635648,24.36833,3574443,482612
bookstore,ico-rhombus,512,jpeg-replacement-q80,view,262144,257133.5,44.25,37.74154,0.97297,31.36781,6955008,482612
bookstore,ico-rhombus,512,jpeg-replacement-q80,view,482612,482612,71,37.74154,0.97297,36.67018,13967360,482612
bookstore,ico-rhombus,512,jpeg-replacement-q80,view-direct,8192,4051.417,1.333333,25.39908,0.7270726,24.10974,128341.3,482612
bookstore,ico-rhombus,512,jpeg-replacement-q80,view-direct,16384,13604.67,2.916667,26.73128,0.7785359,24.10974,543402.7,482612
bookstore,ico-rhombus,512,jpeg-replacement-q80,view-direct,32768,29480,5,29.19286,0.8487543,24.10974,1089536,482612
bookstore,ico-rhombus,512,jpeg-replacement-q80,view-direct,65536,60874.58,9.5,34.39475,0.9441712,24.11537,2146304,482612
bookstore,ico-rhombus,512,jpeg-replacement-q80,view-direct,131072,128222.2,28,37.73479,0.9729331,26.87384,3788800,482612
bookstore,ico-rhombus,512,jpeg-replacement-q80,view-direct,262144,257250.9,44.33333,37.74154,0.97297,31.50927,6976853,482612
bookstore,ico-rhombus,512,jpeg-replacement-q80,view-direct,482612,482612,71,37.74154,0.97297,36.67018,13967360,482612
bookstore,ico-rhombus,512,webp-replacement-q80,level,8192,7810,7,26.60562,0.7561247,,139264,303814
bookstore,ico-rhombus,512,webp-replacement-q80,level,16384,13874,12,27.80165,0.7841266,,270336,303814
bookstore,ico-rhombus,512,webp-replacement-q80,level,32768,31118,19,29.26096,0.8264577,,729088,303814
bookstore,ico-rhombus,512,webp-replacement-q80,level,65536,62610,25,31.11417,0.8686918,,1908736,303814
bookstore,ico-rhombus,512,webp-replacement-q80,level,131072,128496,36,33.68261,0.9251308,,4792320,303814
bookstore,ico-rhombus,512,webp-replacement-q80,level,262144,260316,63,36.10015,0.9559603,,11870208,303814
bookstore,ico-rhombus,512,webp-replacement-q80,level,303814,303814,71,37.40958,0.9692291,,13967360,303814
bookstore,ico-rhombus,512,webp-replacement-q80,gain,8192,7566,6,26.66133,0.7598539,,122880,303814
bookstore,ico-rhombus,512,webp-replacement-q80,gain,16384,14280,12,27.55413,0.7791267,,270336,303814
bookstore,ico-rhombus,512,webp-replacement-q80,gain,32768,32534,19,29.41614,0.8326756,,729088,303814
bookstore,ico-rhombus,512,webp-replacement-q80,gain,65536,64748,24,30.5977,0.8686957,,1646592,303814
bookstore,ico-rhombus,512,webp-replacement-q80,gain,131072,129016,36,33.54049,0.9280823,,4792320,303814
bookstore,ico-rhombus,512,webp-replacement-q80,gain,262144,261428,56,36.31049,0.9571055,,10035200,303814
bookstore,ico-rhombus,512,webp-replacement-q80,gain,303814,303814,71,37.40958,0.9692291,,13967360,303814
bookstore,ico-rhombus,512,webp-replacement-q80,view,8192,7044.667,5.833333,27.695,0.7796156,24.20414,136533.3,303814
bookstore,ico-rhombus,512,webp-replacement-q80,view,16384,14163.33,8.833333,29.50997,0.8351877,24.20414,333141.3,303814
bookstore,ico-rhombus,512,webp-replacement-q80,view,32768,28167.83,11.66667,31.42248,0.8867635,24.20414,846506.7,303814
bookstore,ico-rhombus,512,webp-replacement-q80,view,65536,62988.67,18.33333,34.71368,0.9383406,24.20414,2594133,303814
bookstore,ico-rhombus,512,webp-replacement-q80,view,131072,128317.3,36.5,37.40166,0.9691802,28.24897,5390336,303814
bookstore,ico-rhombus,512,webp-replacement-q80,view,262144,259373,62.83333,37.40958,0.9692291,34.69921,11826520,303814
bookstore,ico-rhombus,512,webp-replacement-q80,view,303814,303814,71,37.40958,0.9692291,36.47154,13967360,303814
bookstore,ico-rhombus,512,webp-replacement-q80,view-direct,8192,5738,2.5,26.34544,0.7550077,24.20414,434176,303814
bookstore,ico-rhombus,512,webp-replacement-q80,view-direct,16384,12324.83,4.166667,27.80788,0.8034619,24.20414,871082.7,303814
bookstore,ico-rhombus,512,webp-replacement-q80,view-direct,32768,30306.83,7.916667,32.26384,0.9138634,24.20414,1833643,303814
bookstore,ico-rhombus,512,webp-replacement-q80,view-direct,65536,63453.33,20.58333,36.7718,0.9658584,25.62709,3241301,303814
bookstore,ico-rhombus,512,webp-replacement-q80,view-direct,131072,127370.5,38.58333,37.40958,0.9692291,30.19578,5469525,303814
bookstore,ico-rhombus,512,webp-replacement-q80,view-direct,262144,259373,62.83333,37.40958,0.9692291,34.69921,11826520,303814
bookstore,ico-rhombus,512,webp-replacement-q80,view-direct,303814,303814,71,37.40958,0.9692291,36.47154,13967360,303814
bookstore,ico-rhombus,512,jpeg-replacement-q80-whole,level,8192,8141,5,26.24074,0.743648,,106496,475252
bookstore,ico-rhombus,512,jpeg-replacement-q80-whole,level,16384,15757,11,27.30639,0.762721,,204800,475252
bookstore,ico-rhombus,512,jpeg-replacement-q80-whole,level,32768,31555,16,28.5922,0.7958591,,532480,475252
bookstore,ico-rhombus,512,jpeg-replacement-q80-whole,level,65536,61231,22,30.2414,0.8428346,,1122304,475252
bookstore,ico-rhombus,512,jpeg-replacement-q80-whole,level,131072,124599,28,31.92401,0.8861597,,2695168,475252
bookstore,ico-rhombus,512,jpeg-replacement-q80-whole,level,262144,246553,34,34.13664,0.9277415,,6627328,475252
bookstore,ico-rhombus,512,jpeg-replacement-q80-whole,level,475252,475252,41,37.7425,0.9729703,,13967360,475252
bookstore,ico-rhombus,512,jpeg-replacement-q80-whole,gain,8192,7541,4,25.82229,0.7373653,,90112,475252
bookstore,ico-rhombus,512,jpeg-replacement-q80-whole,gain,16384,15757,11,27.30639,0.762721,,204800,475252
bookstore,ico-rhombus,512,jpeg-replacement-q80-whole,gain,32768,32379,15,28.3768,0.7983103,,466944,475252
bookstore,ico-rhombus,512,jpeg-replacement-q80-whole,gain,65536,50790,21,29.77257,0.8325586,,860160,475252
bookstore,ico-rhombus,512,jpeg-replacement-q80-whole,gain,131072,130395,28,32.22115,0.8935665,,2695168,475252
bookstore,ico-rhombus,512,jpeg-replacement-q80-whole,gain,262144,237814,33,33.62997,0.9256394,,5578752,475252
bookstore,ico-rhombus,512,jpeg-replacement-q80-whole,gain,475252,475252,41,37.7425,0.9729703,,13967360,475252
bookstore,ico-rhombus,512,jpeg-replacement-q80-whole,view,8192,7508.167,4.583333,27.1322,0.7616575,24.10974,99669.33,475252
bookstore,ico-rhombus,512,jpeg-replacement-q80-whole,view,16384,14476.5,7.25,28.68128,0.8066189,24.10974,229376,475252
bookstore,ico-rhombus,512,jpeg-replacement-q80-whole,view,32768,28714.5,10.5,30.34906,0.8503821,24.10974,540672,475252
bookstore,ico-rhombus,512,jpeg-replacement-q80-whole,view,65536,58506.67,13.41667,32.6402,0.9072204,24.10974,1305259,475252
bookstore,ico-rhombus,512,jpeg-replacement-q80-whole,view,131072,118781,16.16667,35.16941,0.9492283,24.10974,3336875,475252
bookstore,ico-rhombus,512,jpeg-replacement-q80-whole,view,262144,253859.2,30.08333,37.53933,0.9714711,28.63109,7099733,475252
bookstore,ico-rhombus,512,jpeg-replacement-q80-whole,view,475252,475252,41,37.7425,0.9729703,36.67105,13967360,475252
bookstore,ico-rhombus,512,jpeg-replacement-q80-whole,view-direct,8192,3047,1,25.21678,0.7238272,24.10974,40960,475252
bookstore,ico-rhombus,512,jpeg-replacement-q80-whole,view-direct,16384,3047,1,25.21678,0.7238272,24.10974,40960,475252
bookstore,ico-rhombus,512,jpeg-replacement-q80-whole,view-direct,32768,10204.5,1.333333,25.97788,0.7478847,24.10974,390485.3,475252
bookstore,ico-rhombus,512,jpeg-replacement-q80-whole,view-direct,65536,44847.5,2.5,28.52616,0.8575842,24.10974,1613824,475252
bookstore,ico-rhombus,512,jpeg-replacement-q80-whole,view-direct,131072,115477.3,7.333333,35.27436,0.9561534,24.79176,3859797,475252
bookstore,ico-rhombus,512,jpeg-replacement-q80-whole,view-direct,262144,258260.5,32,37.7425,0.9729703,30.14952,7282688,475252
bookstore,ico-rhombus,512,jpeg-replacement-q80-whole,view-direct,475252,475252,41,37.7425,0.9729703,36.67105,13967360,475252
gardens,ico-rhombus,512,exact,all,,7864320,,34.30641,0.9680767,,,
gardens,ico-rhombus,512,exact,coarse,,30720,,19.99681,0.4438891,,,
gardens,ico-rhombus,512,haar-residual-d12,level,8192,0,0,,,,0,1211968
gardens,ico-rhombus,512,haar-residual-d12,level,16384,0,0,,,,0,1211968
gardens,ico-rhombus,512,haar-residual-d12,level,32768,31350,3,20.29999,0.461252,,73728,1211968
gardens,ico-rhombus,512,haar-residual-d12,level,65536,60553,9,21.57633,0.5168737,,172032,1211968
gardens,ico-rhombus,512,haar-residual-d12,level,131072,127356,16,23.37779,0.5969868,,532480,1211968
gardens,ico-rhombus,512,haar-residual-d12,level,262144,251583,23,24.70944,0.7102379,,1384448,1211968
gardens,ico-rhombus,512,haar-residual-d12,level,524288,502622,30,27.41573,0.8350935,,3219456,1211968
gardens,ico-rhombus,512,haar-residual-d12,level,1048576,1045144,64,30.68484,0.9311766,,12132352,1211968
gardens,ico-rhombus,512,haar-residual-d12,level,1211968,1211968,71,31.96161,0.9578228,,13967360,1211968
gardens,ico-rhombus,512,haar-residual-d12,gain,8192,0,0,,,,0,1211968
gardens,ico-rhombus,512,haar-residual-d12,gain,16384,0,0,,,,0,1211968
gardens,ico-rhombus,512,haar-residual-d12,gain,32768,28604,2,20.11877,0.4529881,,57344,1211968
gardens,ico-rhombus,512,haar-residual-d12,gain,65536,61486,9,21.43799,0.5130916,,172032,1211968
gardens,ico-rhombus,512,haar-residual-d12,gain,131072,119270,14,22.34249,0.5878166,,401408,1211968
gardens,ico-rhombus,512,haar-residual-d12,gain,262144,253889,22,24.64418,0.7168528,,1122304,1211968
gardens,ico-rhombus,512,haar-residual-d12,gain,524288,516875,30,27.33757,0.8472688,,3219456,1211968
gardens,ico-rhombus,512,haar-residual-d12,gain,1048576,1038395,52,30.3425,0.9349918,,8986624,1211968
gardens,ico-rhombus,512,haar-residual-d12,gain,1211968,1211968,71,31.96161,0.9578228,,13967360,1211968
gardens,ico-rhombus,512,haar-residual-d12,view,8192,0,0,,,,0,1211968
gardens,ico-rhombus,512,haar-residual-d12,view,16384,0,0,,,,0,1211968
gardens,ico-rhombus,512,haar-residual-d12,view,32768,30467,2.583333,20.90147,0.4979241,19.28842,66901.33,1211968
gardens,ico-rhombus,512,haar-residual-d12,view,65536,57408,6.5,22.62413,0.6037103,19.28842,180224,1211968
gardens,ico-rhombus,512,haar-residual-d12,view,131072,120975.8,10.66667,24.97181,0.7228326,19.28842,584362.7,1211968
gardens,ico-rhombus,512,haar-residual-d12,view,262144,251270.2,16.58333,28.67887,0.8627138,19.28842,2135381,1211968
gardens,ico-rhombus,512,haar-residual-d12,view,524288,510753.7,34.83333,31.90565,0.9567042,21.87348,5084501,1211968
gardens,ico-rhombus,512,haar-residual-d12,view,1048576,1038933,63.5,31.96161,0.9578228,29.09584,12001280,1211968
gardens,ico-rhombus,512,haar-residual-d12,view,1211968,1211968,71,31.96161,0.9578228,30.54449,13967360,1211968
gardens,ico-rhombus,512,haar-residual-d12-p0.5,level,8192,0,0,,,,0,1084711
gardens,ico-rhombus,512,haar-residual-d12-p0.5,level,16384,14915,1,19.95476,0.4435628,,40960,1084711
gardens,ico-rhombus,512,haar-residual-d12-p0.5,level,32768,32759,7,21.24197,0.4967769,,139264,1084711
gardens,ico-rhombus,512,haar-residual-d12-p0.5,level,65536,61488,13,22.04927,0.5540279,,335872,1084711
gardens,ico-rhombus,512,haar-residual-d12-p0.5,level,131072,120872,19,23.58266,0.6470343,,729088,1084711
gardens,ico-rhombus,512,haar-residual-d12-p0.5,level,262144,241488,26,25.34399,0.7315615,,2170880,1084711
gardens,ico-rhombus,512,haar-residual-d12-p0.5,level,524288,506368,42,27.25591,0.8584634,,6365184,1084711
gardens,ico-rhombus,512,haar-residual-d12-p0.5,level,1048576,1038891,69,29.67424,0.9388222,,13443072,1084711
gardens,ico-rhombus,512,haar-residual-d12-p0.5,level,1084711,1084711,71,30.01849,0.9464224,,13967360,1084711
gardens,ico-rhombus,512,haar-residual-d12-p0.5,gain,8192,0,0,,,,0,1084711
gardens,ico-rhombus,512,haar-residual-d12-p0.5,gain,16384,14915,1,19.95476,0.4435628,,40960,1084711
gardens,ico-rhombus,512,haar-residual-d12-p0.5,gain,32768,31513,6,21.04678,0.4931766,,122880,1084711
gardens,ico-rhombus,512,haar-residual-d12-p0.5,gain,65536,59512,12,21.93248,0.5538661,,270336,1084711
gardens,ico-rhombus,512,haar-residual-d12-p0.5,gain,131072,129040,19,23.56424,0.6658044,,729088,1084711
gardens,ico-rhombus,512,haar-residual-d12-p0.5,gain,262144,248390,24,24.74343,0.7518954,,1646592,1084711
gardens,ico-rhombus,512,haar-residual-d12-p0.5,gain,524288,514643,35,27.20823,0.8631983,,4530176,1084711
gardens,ico-rhombus,512,haar-residual-d12-p0.5,gain,1048576,1043396,63,29.58942,0.9441573,,11870208,1084711
gardens,ico-rhombus,512,haar-residual-d12-p0.5,gain,1084711,1084711,71,30.01849,0.9464224,,13967360,1084711
gardens,ico-rhombus,512,haar-residual-d12-p0.5,view,8192,0,0,,,,0,1084711
gardens,ico-rhombus,512,haar-residual-d12-p0.5,view,16384,14915,1,19.95476,0.4435628,19.25714,40960,1084711
gardens,ico-rhombus,512,haar-residual-d12-p0.5,view,32768,29065.83,5.5,21.7514,0.5336011,19.25714,114688,1084711
gardens,ico-rhombus,512,haar-residual-d12-p0.5,view,65536,59242.25,8.75,23.71705,0.6718755,19.25714,327680,1084711
gardens,ico-rhombus,512,haar-residual-d12-p0.5,view,131072,119678.6,12,25.71067,0.7930388,19.25714,933888,1084711
gardens,ico-rhombus,512,haar-residual-d12-p0.5,view,262144,255088.8,21.58333,28.44214,0.8926603,19.43616,3204437,1084711
gardens,ico-rhombus,512,haar-residual-d12-p0.5,view,524288,513237.8,39.83333,30.006,0.9460571,23.4833,5997909,1084711
gardens,ico-rhombus,512,haar-residual-d12-p0.5,view,1048576,1037949,69,30.01849,0.9464224,28.91595,13443072,1084711
gardens,ico-rhombus,512,haar-residual-d12-p0.5,view,1084711,1084711,71,30.01849,0.9464224,29.08065,13967360,1084711
gardens,ico-rhombus,512,jpeg-residual-q80,level,8192,6915,3,19.50314,0.4487412,,73728,810142
gardens,ico-rhombus,512,jpeg-residual-q80,level,16384,16164,9,20.73903,0.497622,,172032,810142
gardens,ico-rhombus,512,jpeg-residual-q80,level,32768,30680,14,21.47474,0.5426016,,401408,810142
gardens,ico-rhombus,512,jpeg-residual-q80,level,65536,61646,20,22.95317,0.6484142,,794624,810142
gardens,ico-rhombus,512,jpeg-residual-q80,level,131072,127077,26,24.76971,0.7240185,,2170880,810142
gardens,ico-rhombus,512,jpeg-residual-q80,level,262144,249822,34,26.37475,0.8462186,,4268032,810142
gardens,ico-rhombus,512,jpeg-residual-q80,level,524288,518688,56,28.67022,0.8937957,,10035200,810142
gardens,ico-rhombus,512,jpeg-residual-q80,level,810142,810142,71,30.80203,0.9565323,,13967360,810142
gardens,ico-rhombus,512,jpeg-residual-q80,gain,8192,7586,3,19.45828,0.4465057,,73728,810142
gardens,ico-rhombus,512,jpeg-residual-q80,gain,16384,16316,9,20.82386,0.5008849,,172032,810142
gardens,ico-rhombus,512,jpeg-residual-q80,gain,32768,29754,13,21.31628,0.5396133,,335872,810142
gardens,ico-rhombus,512,jpeg-residual-q80,gain,65536,63125,20,22.81468,0.6504111,,794624,810142
gardens,ico-rhombus,512,jpeg-residual-q80,gain,131072,110926,23,23.63562,0.7130161,,1384448,810142
gardens,ico-rhombus,512,jpeg-residual-q80,gain,262144,257890,32,26.34917,0.8477305,,3743744,810142
gardens,ico-rhombus,512,jpeg-residual-q80,gain,524288,518221,45,27.81525,0.8981064,,7151616,810142
gardens,ico-rhombus,512,jpeg-residual-q80,gain,810142,810142,71,30.80203,0.9565323,,13967360,810142
gardens,ico-rhombus,512,jpeg-residual-q80,view,8192,7354.417,3,20.21424,0.4913734,18.62157,73728,810142
gardens,ico-rhombus,512,jpeg-residual-q80,view,16384,13713,6.166667,21.45373,0.5472473,18.62157,158378.7,810142
gardens,ico-rhombus,512,jpeg-residual-q80,view,32768,29154.08,9.5,23.04614,0.658275,18.62157,376832,810142
gardens,ico-rhombus,512,jpeg-residual-q80,view,65536,59015.42,11.75,24.75606,0.7776849,18.62157,868352,810142
gardens,ico-rhombus,512,jpeg-residual-q80,view,131072,125605.5,17.08333,27.78763,0.8648901,18.62157,2266453,810142
gardens,ico-rhombus,512,jpeg-residual-q80,view,262144,252435,29.75,30.60818,0.9515137,19.98768,4558848,810142
gardens,ico-rhombus,512,jpeg-residual-q80,view,524288,517257.1,54.33333,30.80203,0.9565323,25.63827,9598293,810142
gardens,ico-rhombus,512,jpeg-residual-q80,view,810142,810142,71,30.80203,0.9565323,29.34267,13967360,810142
gardens,ico-rhombus,512,jpeg-replacement-q80,level,8192,7522,3,19.49982,0.4485894,,73728,1014834
gardens,ico-rhombus,512,jpeg-replacement-q80,level,16384,14753,7,20.50243,0.4804975,,139264,1014834
gardens,ico-rhombus,512,jpeg-replacement-q80,level,32768,31540,13,21.29285,0.5365808,,335872,1014834
gardens,ico-rhombus,512,jpeg-replacement-q80,level,65536,60503,18,22.57298,0.6110806,,663552,1014834
gardens,ico-rhombus,512,jpeg-replacement-q80,level,131072,126643,24,23.6878,0.6937809,,1646592,1014834
gardens,ico-rhombus,512,jpeg-replacement-q80,level,262144,237146,29,25.49639,0.7936074,,2957312,1014834
gardens,ico-rhombus,512,jpeg-replacement-q80,level,524288,516624,50,28.19552,0.8725374,,8462336,1014834
gardens,ico-rhombus,512,jpeg-replacement-q80,level,1014834,1014834,71,30.7694,0.9565725,,13967360,1014834
gardens,ico-rhombus,512,jpeg-replacement-q80,gain,8192,6185,2,19.34542,0.4380582,,57344,1014834
gardens,ico-rhombus,512,jpeg-replacement-q80,gain,16384,15418,7,20.40376,0.4820514,,139264,1014834
gardens,ico-rhombus,512,jpeg-replacement-q80,gain,32768,29837,12,21.14693,0.5333572,,270336,1014834
gardens,ico-rhombus,512,jpeg-replacement-q80,gain,65536,60641,17,22.10875,0.6070353,,598016,1014834
gardens,ico-rhombus,512,jpeg-replacement-q80,gain,131072,109112,22,23.37661,0.6915168,,1122304,1014834
gardens,ico-rhombus,512,jpeg-replacement-q80,gain,262144,257866,29,25.19018,0.8114691,,2957312,1014834
gardens,ico-rhombus,512,jpeg-replacement-q80,gain,524288,517590,40,27.02377,0.8763168,,5840896,1014834
gardens,ico-rhombus,512,jpeg-replacement-q80,gain,1014834,1014834,71,30.7694,0.9565725,,13967360,1014834
gardens,ico-rhombus,512,jpeg-replacement-q80,view,8192,7468.583,2.75,20.14182,0.4867551,18.62157,69632,1014834
gardens,ico-rhombus,512,jpeg-replacement-q80,view,16384,13340.83,5.666667,21.05759,0.5245192,18.62157,125610.7,1014834
gardens,ico-rhombus,512,jpeg-replacement-q80,view,32768,29950.67,8.583333,22.73512,0.6505009,18.62157,316757.3,1014834
gardens,ico-rhombus,512,jpeg-replacement-q80,view,65536,49141.25,10.66667,23.71368,0.7012486,18.62157,584362.7,1014834
gardens,ico-rhombus,512,jpeg-replacement-q80,view,131072,120963.2,14.58333,26.43338,0.8362346,18.62157,1611093,1014834
gardens,ico-rhombus,512,jpeg-replacement-q80,view,262144,252753.5,24.75,29.95983,0.933478,19.13759,3776512,1014834
gardens,ico-rhombus,512,jpeg-replacement-q80,view,524288,517712.4,44.91667,30.7675,0.956486,23.90744,7314091,1014834
gardens,ico-rhombus,512,jpeg-replacement-q80,view,1014834,1014834,71,30.7694,0.9565725,29.30893,13967360,1014834
gardens,ico-rhombus,512,jpeg-replacement-q80,view-direct,8192,4339,1,19.18091,0.4333315,18.62157,40960,1014834
gardens,ico-rhombus,512,jpeg-replacement-q80,view-direct,16384,7348.083,1.416667,19.39278,0.4478104,18.62157,150186.7,1014834
gardens,ico-rhombus,512,jpeg-replacement-q80,view-direct,32768,27201.5,2.75,20.63412,0.557304,18.62157,499712,1014834
gardens,ico-rhombus,512,jpeg-replacement-q80,view-direct,65536,57827.83,4.833333,23.55792,0.6842693,18.62157,1045845,1014834
gardens,ico-rhombus,512,jpeg-replacement-q80,view-direct,131072,124727.7,10.66667,28.38253,0.8787175,18.76306,2157227,1014834
gardens,ico-rhombus,512,jpeg-replacement-q80,view-direct,262144,258054.8,28.08333,30.70192,0.9550601,20.69633,3937621,1014834
gardens,ico-rhombus,512,jpeg-replacement-q80,view-direct,524288,517830.2,45.83333,30.7694,0.9565725,24.79293,7370069,1014834
gardens,ico-rhombus,512,jpeg-replacement-q80,view-direct,1014834,1014834,71,30.7694,0.9565725,29.30893,13967360,1014834
gardens,ico-rhombus,512,webp-replacement-q80,level,8192,6944,3,19.72068,0.454972,,73728,959738
gardens,ico-rhombus,512,webp-replacement-q80,level,16384,14878,8,20.79558,0.4985415,,155648,959738
gardens,ico-rhombus,512,webp-replacement-q80,level,32768,28038,13,21.50539,0.5461009,,335872,959738
gardens,ico-rhombus,512,webp-replacement-q80,level,65536,61968,19,23.01133,0.6378667,,729088,959738
gardens,ico-rhombus,512,webp-replacement-q80,level,131072,128400,25,24.41367,0.7180536,,1908736,959738
gardens,ico-rhombus,512,webp-replacement-q80,level,262144,249580,30,26.27038,0.8235761,,3219456,959738
gardens,ico-rhombus,512,webp-replacement-q80,level,524288,501430,52,28.57313,0.8807282,,8986624,959738
gardens,ico-rhombus,512,webp-replacement-q80,level,959738,959738,71,31.22312,0.9564253,,13967360,959738
gardens,ico-rhombus,512,webp-replacement-q80,gain,8192,7840,3,19.6977,0.4536583,,73728,959738
gardens,ico-rhombus,512,webp-replacement-q80,gain,16384,15364,8,20.88458,0.5024351,,155648,959738
gardens,ico-rhombus,512,webp-replacement-q80,gain,32768,32406,13,21.51669,0.5503764,,335872,959738
gardens,ico-rhombus,512,webp-replacement-q80,gain,65536,65338,19,22.90969,0.6427444,,729088,959738
gardens,ico-rhombus,512,webp-replacement-q80,gain,131072,129216,23,23.93159,0.7228052,,1384448,959738
gardens,ico-rhombus,512,webp-replacement-q80,gain,262144,249580,30,26.27038,0.8235761,,3219456,959738
gardens,ico-rhombus,512,webp-replacement-q80,gain,524288,518018,41,27.84812,0.8855012,,6103040,959738
gardens,ico-rhombus,512,webp-replacement-q80,gain,959738,959738,71,31.22312,0.9564253,,13967360,959738
gardens,ico-rhombus,512,webp-replacement-q80,view,8192,7531.167,3,20.42892,0.5004981,18.79507,73728,959738
gardens,ico-rhombus,512,webp-replacement-q80,view,16384,14410.67,6.166667,21.6512,0.5571894,18.79507,158378.7,959738
gardens,ico-rhombus,512,webp-replacement-q80,view,32768,29193.67,8.916667,23.12213,0.6623401,18.79507,338602.7,959738
gardens,ico-rhombus,512,webp-replacement-q80,view,65536,54952.33,11.25,24.5663,0.7383894,18.79507,737280,959738
gardens,ico-rhombus,512,webp-replacement-q80,view,131072,120794,15.83333,27.492,0.8445091,18.79507,1938773,959738
gardens,ico-rhombus,512,webp-replacement-q80,view,262144,250840.5,26.41667,30.56003,0.9378793,19.76508,3971755,959738
gardens,ico-rhombus,512,webp-replacement-q80,view,524288,512157,47.16667,31.22117,0.9563472,24.50151,7903915,959738
gardens,ico-rhombus,512,webp-replacement-q80,view,959738,959738,71,31.22312,0.9564253,29.79182,13967360,959738
gardens,ico-rhombus,512,webp-replacement-q80,view-direct,8192,4767.667,1.166667,19.43678,0.4418031,18.79507,84650.67,959738
gardens,ico-rhombus,512,webp-replacement-q80,view-direct,16384,8268.5,1.75,19.93189,0.4675983,18.79507,237568,959738
gardens,ico-rhombus,512,webp-replacement-q80,view-direct,32768,24735.67,3.25,22.02827,0.5659387,18.79507,630784,959738
gardens,ico-rhombus,512,webp-replacement-q80,view-direct,65536,57799.67,5.666667,24.96946,0.6990855,18.79507,1264299,959738
gardens,ico-rhombus,512,webp-replacement-q80,view-direct,131072,123235.8,13.16667,28.93188,0.88208,19.16808,2337451,959738
gardens,ico-rhombus,512,webp-replacement-q80,view-direct,262144,252728,29.83333,31.09654,0.9539031,21.12786,4191573,959738
gardens,ico-rhombus,512,webp-replacement-q80,view-direct,524288,510755.8,48.08333,31.22312,0.9564253,25.41244,7959893,959738
gardens,ico-rhombus,512,webp-replacement-q80,view-direct,959738,959738,71,31.22312,0.9564253,29.79182,13967360,959738
gardens,ico-rhombus,512,jpeg-replacement-q80-whole,level,8192,7522,3,19.49982,0.4485894,,73728,1006463
gardens,ico-rhombus,512,jpeg-replacement-q80-whole,level,16384,14753,7,20.50243,0.4804975,,139264,1006463
gardens,ico-rhombus,512,jpeg-replacement-q80-whole,level,32768,31540,13,21.29285,0.5365808,,335872,1006463
gardens,ico-rhombus,512,jpeg-replacement-q80-whole,level,65536,60503,18,22.57298,0.6110806,,663552,1006463
gardens,ico-rhombus,512,jpeg-replacement-q80-whole,level,131072,126643,24,23.6878,0.6937809,,1646592,1006463
gardens,ico-rhombus,512,jpeg-replacement-q80-whole,level,262144,237146,29,25.49639,0.7936074,,2957312,1006463
gardens,ico-rhombus,512,jpeg-replacement-q80-whole,level,524288,485454,35,27.39817,0.8682464,,7675904,1006463
gardens,ico-rhombus,512,jpeg-replacement-q80-whole,level,1006463,1006463,41,30.77077,0.9565732,,13967360,1006463
gardens,ico-rhombus,512,jpeg-replacement-q80-whole,gain,8192,6185,2,19.34542,0.4380582,,57344,1006463
gardens,ico-rhombus,512,jpeg-replacement-q80-whole,gain,16384,15418,7,20.40376,0.4820514,,139264,1006463
gardens,ico-rhombus,512,jpeg-replacement-q80-whole,gain,32768,29837,12,21.14693,0.5333572,,270336,1006463
gardens,ico-rhombus,512,jpeg-replacement-q80-whole,gain,65536,60641,17,22.10875,0.6070353,,598016,1006463
gardens,ico-rhombus,512,jpeg-replacement-q80-whole,gain,131072,109112,22,23.37661,0.6915168,,1122304,1006463
gardens,ico-rhombus,512,jpeg-replacement-q80-whole,gain,262144,257866,29,25.19018,0.8114691,,2957312,1006463
gardens,ico-rhombus,512,jpeg-replacement-q80-whole,gain,524288,486688,33,26.88864,0.874968,,5578752,1006463
gardens,ico-rhombus,512,jpeg-replacement-q80-whole,gain,1006463,1006463,41,30.77077,0.9565732,,13967360,1006463
gardens,ico-rhombus,512,jpeg-replacement-q80-whole,view,8192,7468.583,2.75,20.14182,0.4867551,18.62157,69632,1006463
gardens,ico-rhombus,512,jpeg-replacement-q80-whole,view,16384,13340.83,5.666667,21.05759,0.5245192,18.62157,125610.7,1006463
gardens,ico-rhombus,512,jpeg-replacement-q80-whole,view,32768,29950.67,8.583333,22.73512,0.6505009,18.62157,316757.3,1006463
gardens,ico-rhombus,512,jpeg-replacement-q80-whole,view,65536,49141.25,10.66667,23.71368,0.7012486,18.62157,584362.7,1006463
gardens,ico-rhombus,512,jpeg-replacement-q80-whole,view,131072,114207.3,13.91667,26.03584,0.8312676,18.62157,1436331,1006463
gardens,ico-rhombus,512,jpeg-replacement-q80-whole,view,262144,219874,16,28.08457,0.8993479,18.62157,3162112,1006463
gardens,ico-rhombus,512,jpeg-replacement-q80-whole,view,524288,499817.4,29.83333,30.53623,0.9494076,21.99437,7005525,1006463
gardens,ico-rhombus,512,jpeg-replacement-q80-whole,view,1006463,1006463,41,30.77077,0.9565732,29.3102,13967360,1006463
gardens,ico-rhombus,512,jpeg-replacement-q80-whole,view-direct,8192,4339,1,19.18091,0.4333315,18.62157,40960,1006463
gardens,ico-rhombus,512,jpeg-replacement-q80-whole,view-direct,16384,4339,1,19.18091,0.4333315,18.62157,40960,1006463
gardens,ico-rhombus,512,jpeg-replacement-q80-whole,view-direct,32768,4339,1,19.18091,0.4333315,18.62157,40960,1006463
gardens,ico-rhombus,512,jpeg-replacement-q80-whole,view-direct,65536,32570.75,1.583333,20.27443,0.5188209,18.62157,652629.3,1006463
gardens,ico-rhombus,512,jpeg-replacement-q80-whole,view-direct,131072,92158.42,2.416667,22.01213,0.6905924,18.62157,1526443,1006463
gardens,ico-rhombus,512,jpeg-replacement-q80-whole,view-direct,262144,241370,7.083333,29.50999,0.910221,18.79656,3847509,1006463
gardens,ico-rhombus,512,jpeg-replacement-q80-whole,view-direct,524288,513011.6,31.66667,30.77077,0.9565732,23.63766,7277227,1006463
gardens,ico-rhombus,512,jpeg-replacement-q80-whole,view-direct,1006463,1006463,41,30.77077,0.9565732,29.3102,13967360,1006463
stadium,ico-rhombus,512,exact,all,,7864320,,35.52343,0.9360706,,,
stadium,ico-rhombus,512,exact,coarse,,30720,,24.88637,0.5328821,,,
stadium,ico-rhombus,512,haar-residual-d12,level,8192,0,0,,,,0,860046
stadium,ico-rhombus,512,haar-residual-d12,level,16384,0,0,,,,0,860046
stadium,ico-rhombus,512,haar-residual-d12,level,32768,30785,5,25.38861,0.5478157,,106496,860046
stadium,ico-rhombus,512,haar-residual-d12,level,65536,63306,13,26.65038,0.5961008,,335872,860046
stadium,ico-rhombus,512,haar-residual-d12,level,131072,128089,20,27.81042,0.6657893,,794624,860046
stadium,ico-rhombus,512,haar-residual-d12,level,262144,261101,28,29.15853,0.7476789,,2695168,860046
stadium,ico-rhombus,512,haar-residual-d12,level,524288,514056,53,30.88207,0.8404179,,9248768,860046
stadium,ico-rhombus,512,haar-residual-d12,level,860046,860046,71,32.92901,0.9265909,,13967360,860046
stadium,ico-rhombus,512,haar-residual-d12,gain,8192,0,0,,,,0,860046
stadium,ico-rhombus,512,haar-residual-d12,gain,16384,0,0,,,,0,860046
stadium,ico-rhombus,512,haar-residual-d12,gain,32768,31088,5,25.30208,0.5497769,,106496,860046
stadium,ico-rhombus,512,haar-residual-d12,gain,65536,64939,13,26.50967,0.5901358,,335872,860046
stadium,ico-rhombus,512,haar-residual-d12,gain,131072,129305,20,27.94326,0.6723888,,794624,860046
stadium,ico-rhombus,512,haar-residual-d12,gain,262144,249508,27,29.05622,0.7435461,,2433024,860046
stadium,ico-rhombus,512,haar-residual-d12,gain,524288,514090,40,30.73578,0.8517978,,5840896,860046
stadium,ico-rhombus,512,haar-residual-d12,gain,860046,860046,71,32.92901,0.9265909,,13967360,860046
stadium,ico-rhombus,512,haar-residual-d12,view,8192,0,0,,,,0,860046
stadium,ico-rhombus,512,haar-residual-d12,view,16384,0,0,,,,0,860046
stadium,ico-rhombus,512,haar-residual-d12,view,32768,30727,4.583333,26.34146,0.5810172,21.51768,99669.33,860046
stadium,ico-rhombus,512,haar-residual-d12,view,65536,63162.42,9.166667,27.96648,0.6727816,21.51768,354986.7,860046
stadium,ico-rhombus,512,haar-residual-d12,view,131072,120733.6,12.75,29.50907,0.7704143,21.51768,1130496,860046
stadium,ico-rhombus,512,haar-residual-d12,view,262144,254262.1,25.75,32.1062,0.885556,22.11553,3813376,860046
stadium,ico-rhombus,512,haar-residual-d12,view,524288,512962.3,46.5,32.92485,0.9264451,26.66422,7729152,860046
stadium,ico-rhombus,512,haar-residual-d12,view,860046,860046,71,32.92901,0.9265909,30.17364,13967360,860046
stadium,ico-rhombus,512,haar-residual-d12-p0.5,level,8192,0,0,,,,0,775314
stadium,ico-rhombus,512,haar-residual-d12-p0.5,level,16384,15538,4,24.41028,0.5400226,,90112,775314
stadium,ico-rhombus,512,haar-residual-d12-p0.5,level,32768,31518,11,25.40367,0.5824698,,204800,775314
stadium,ico-rhombus,512,haar-residual-d12-p0.5,level,65536,59790,17,26.01992,0.6184472,,598016,775314
stadium,ico-rhombus,512,haar-residual-d12-p0.5,level,131072,123057,24,27.02293,0.6930534,,1646592,775314
stadium,ico-rhombus,512,haar-residual-d12-p0.5,level,262144,239611,30,28.09984,0.7810353,,3219456,775314
stadium,ico-rhombus,512,haar-residual-d12-p0.5,level,524288,523764,58,29.44978,0.8539106,,10559488,775314
stadium,ico-rhombus,512,haar-residual-d12-p0.5,level,775314,775314,71,30.9269,0.9181243,,13967360,775314
stadium,ico-rhombus,512,haar-residual-d12-p0.5,gain,8192,0,0,,,,0,775314
stadium,ico-rhombus,512,haar-residual-d12-p0.5,gain,16384,16029,4,24.54685,0.5475511,,90112,775314
stadium,ico-rhombus,512,haar-residual-d12-p0.5,gain,32768,31518,11,25.40367,0.5824698,,204800,775314
stadium,ico-rhombus,512,haar-residual-d12-p0.5,gain,65536,62739,17,26.06453,0.6269667,,598016,775314
stadium,ico-rhombus,512,haar-residual-d12-p0.5,gain,131072,121386,24,26.94227,0.6865433,,1646592,775314
stadium,ico-rhombus,512,haar-residual-d12-p0.5,gain,262144,242859,30,28.28151,0.7905408,,3219456,775314
stadium,ico-rhombus,512,haar-residual-d12-p0.5,gain,524288,520099,46,29.63271,0.8640427,,7413760,775314
stadium,ico-rhombus,512,haar-residual-d12-p0.5,gain,775314,775314,71,30.9269,0.9181243,,13967360,775314
stadium,ico-rhombus,512,haar-residual-d12-p0.5,view,8192,0,0,,,,0,775314
stadium,ico-rhombus,512,haar-residual-d12-p0.5,view,16384,15262.67,3.25,25.02303,0.5695235,21.17355,77824,775314
stadium,ico-rhombus,512,haar-residual-d12-p0.5,view,32768,28888.42,7.25,26.15277,0.6345909,21.17355,229376,775314
stadium,ico-rhombus,512,haar-residual-d12-p0.5,view,65536,57885.08,11.08333,27.2014,0.7009202,21.17355,693589.3,775314
stadium,ico-rhombus,512,haar-residual-d12-p0.5,view,131072,122683.1,18,28.63317,0.7996641,21.23538,2404352,775314
stadium,ico-rhombus,512,haar-residual-d12-p0.5,view,262144,253121.1,29.75,30.5914,0.9000174,22.38444,4521984,775314
stadium,ico-rhombus,512,haar-residual-d12-p0.5,view,524288,517274.3,55.33333,30.9269,0.9181243,26.96042,9860437,775314
stadium,ico-rhombus,512,haar-residual-d12-p0.5,view,775314,775314,71,30.9269,0.9181243,29.01637,13967360,775314
stadium,ico-rhombus,512,jpeg-residual-q80,level,8192,7631,5,23.97215,0.5398034,,106496,684017
stadium,ico-rhombus,512,jpeg-residual-q80,level,16384,15663,11,25.11845,0.5705481,,204800,684017
stadium,ico-rhombus,512,jpeg-residual-q80,level,32768,28910,16,26.28141,0.5974452,,532480,684017
stadium,ico-rhombus,512,jpeg-residual-q80,level,65536,59619,22,27.34083,0.6724416,,1122304,684017
stadium,ico-rhombus,512,jpeg-residual-q80,level,131072,126049,28,28.53294,0.7303296,,2695168,684017
stadium,ico-rhombus,512,jpeg-residual-q80,level,262144,250621,42,29.83755,0.8070276,,6365184,684017
stadium,ico-rhombus,512,jpeg-residual-q80,level,524288,519899,62,31.53708,0.8762606,,11608064,684017
stadium,ico-rhombus,512,jpeg-residual-q80,level,684017,684017,71,32.7985,0.9218684,,13967360,684017
stadium,ico-rhombus,512,jpeg-residual-q80,gain,8192,7971,5,23.77331,0.5414343,,106496,684017
stadium,ico-rhombus,512,jpeg-residual-q80,gain,16384,15663,11,25.11845,0.5705481,,204800,684017
stadium,ico-rhombus,512,jpeg-residual-q80,gain,32768,30539,16,26.12703,0.6023055,,532480,684017
stadium,ico-rhombus,512,jpeg-residual-q80,gain,65536,62030,22,27.17063,0.6658059,,1122304,684017
stadium,ico-rhombus,512,jpeg-residual-q80,gain,131072,130281,28,28.68548,0.7378981,,2695168,684017
stadium,ico-rhombus,512,jpeg-residual-q80,gain,262144,251190,35,29.90921,0.8185421,,4530176,684017
stadium,ico-rhombus,512,jpeg-residual-q80,gain,524288,517945,51,31.35879,0.8835753,,8724480,684017
stadium,ico-rhombus,512,jpeg-residual-q80,gain,684017,684017,71,32.7985,0.9218684,,13967360,684017
stadium,ico-rhombus,512,jpeg-residual-q80,view,8192,7467,4.416667,24.92247,0.5675519,20.53217,96938.67,684017
stadium,ico-rhombus,512,jpeg-residual-q80,view,16384,14670.25,7.25,26.35631,0.6304804,20.53217,229376,684017
stadium,ico-rhombus,512,jpeg-residual-q80,view,32768,27244.08,10.33333,27.47702,0.6680761,20.53217,513365.3,684017
stadium,ico-rhombus,512,jpeg-residual-q80,view,65536,61593.75,13.5,29.08354,0.7660717,20.53217,1327104,684017
stadium,ico-rhombus,512,jpeg-residual-q80,view,131072,124472.3,21.66667,31.11833,0.8400805,20.75329,3144363,684017
stadium,ico-rhombus,512,jpeg-residual-q80,view,262144,255718,36.16667,32.74141,0.9189611,23.13407,5507755,684017
stadium,ico-rhombus,512,jpeg-residual-q80,view,524288,518628.8,61.41667,32.7985,0.9218684,28.18711,11455150,684017
stadium,ico-rhombus,512,jpeg-residual-q80,view,684017,684017,71,32.7985,0.9218684,29.87337,13967360,684017
stadium,ico-rhombus,512,jpeg-replacement-q80,level,8192,7062,4,23.68559,0.5338543,,90112,835754
stadium,ico-rhombus,512,jpeg-replacement-q80,level,16384,16167,10,25.19269,0.5641931,,188416,835754
stadium,ico-rhombus,512,jpeg-replacement-q80,level,32768,31477,15,26.06,0.5946284,,466944,835754
stadium,ico-rhombus,512,jpeg-replacement-q80,level,65536,62400,21,27.1973,0.6625343,,860160,835754
stadium,ico-rhombus,512,jpeg-replacement-q80,level,131072,114705,26,28.24927,0.6950935,,2170880,835754
stadium,ico-rhombus,512,jpeg-replacement-q80,level,262144,261558,37,29.77938,0.8035413,,5054464,835754
stadium,ico-rhombus,512,jpeg-replacement-q80,level,524288,503400,56,31.02152,0.8435158,,10035200,835754
stadium,ico-rhombus,512,jpeg-replacement-q80,level,835754,835754,71,32.92439,0.9221344,,13967360,835754
stadium,ico-rhombus,512,jpeg-replacement-q80,gain,8192,7404,4,23.6923,0.5403184,,90112,835754
stadium,ico-rhombus,512,jpeg-replacement-q80,gain,16384,16190,10,25.29169,0.5660312,,188416,835754
stadium,ico-rhombus,512,jpeg-replacement-q80,gain,32768,30650,15,26.08229,0.5871182,,466944,835754
stadium,ico-rhombus,512,jpeg-replacement-q80,gain,65536,62400,21,27.1973,0.6625343,,860160,835754
stadium,ico-rhombus,512,jpeg-replacement-q80,gain,131072,124794,26,28.04801,0.7026058,,2170880,835754
stadium,ico-rhombus,512,jpeg-replacement-q80,gain,262144,247714,32,29.52037,0.803605,,3743744,835754
stadium,ico-rhombus,512,jpeg-replacement-q80,gain,524288,515254,45,30.73445,0.8592638,,7151616,835754
stadium,ico-rhombus,512,jpeg-replacement-q80,gain,835754,835754,71,32.92439,0.9221344,,13967360,835754
stadium,ico-rhombus,512,jpeg-replacement-q80,view,8192,7552.25,3.916667,24.90202,0.5668204,20.53217,88746.67,835754
stadium,ico-rhombus,512,jpeg-replacement-q80,view,16384,13659.33,6.583333,26.10757,0.5996362,20.53217,185685.3,835754
stadium,ico-rhombus,512,jpeg-replacement-q80,view,32768,27425.92,9.666667,27.16111,0.6575278,20.53217,387754.7,835754
stadium,ico-rhombus,512,jpeg-replacement-q80,view,65536,56722.58,12,28.61745,0.7456326,20.53217,933888,835754
stadium,ico-rhombus,512,jpeg-replacement-q80,view,131072,120819.1,18.58333,30.443,0.809236,20.59638,2557269,835754
stadium,ico-rhombus,512,jpeg-replacement-q80,view,262144,252554.7,30.16667,32.6174,0.9068618,21.86294,4598443,835754
stadium,ico-rhombus,512,jpeg-replacement-q80,view,524288,514902,54.33333,32.92439,0.9221344,27.07125,9598293,835754
stadium,ico-rhombus,512,jpeg-replacement-q80,view,835754,835754,71,32.92439,0.9221344,29.92797,13967360,835754
stadium,ico-rhombus,512,jpeg-replacement-q80,view-direct,8192,4524.25,1.5,23.22811,0.5275028,20.53217,172032,835754
stadium,ico-rhombus,512,jpeg-replacement-q80,view-direct,16384,7573.083,2.583333,23.74987,0.5322254,20.53217,456021.3,835754
stadium,ico-rhombus,512,jpeg-replacement-q80,view-direct,32768,25802.92,4,25.12639,0.6078414,20.53217,827392,835754
stadium,ico-rhombus,512,jpeg-replacement-q80,view-direct,65536,59014.25,7.25,28.01357,0.7212334,20.59638,1458176,835754
stadium,ico-rhombus,512,jpeg-replacement-q80,view-direct,131072,121376.8,15.41667,31.39141,0.8714318,20.9937,2542251,835754
stadium,ico-rhombus,512,jpeg-replacement-q80,view-direct,262144,254877.8,33.75,32.87966,0.9205861,23.78867,4718592,835754
stadium,ico-rhombus,512,jpeg-replacement-q80,view-direct,524288,514783.2,54.5,32.92439,0.9221344,27.18754,9641984,835754
stadium,ico-rhombus,512,jpeg-replacement-q80,view-direct,835754,835754,71,32.92439,0.9221344,29.92797,13967360,835754
stadium,ico-rhombus,512,webp-replacement-q80,level,8192,7370,6,24.56298,0.5449978,,122880,750786
stadium,ico-rhombus,512,webp-replacement-q80,level,16384,14774,11,25.28337,0.5777647,,204800,750786
stadium,ico-rhombus,512,webp-replacement-q80,level,32768,32092,17,26.44163,0.6139598,,598016,750786
stadium,ico-rhombus,512,webp-replacement-q80,level,65536,61074,22,27.42205,0.6805281,,1122304,750786
stadium,ico-rhombus,512,webp-replacement-q80,level,131072,111280,27,28.37513,0.7155185,,2433024,750786
stadium,ico-rhombus,512,webp-replacement-q80,level,262144,259682,42,29.91046,0.813298,,6365184,750786
stadium,ico-rhombus,512,webp-replacement-q80,level,524288,513928,60,31.34494,0.8704944,,11083776,750786
stadium,ico-rhombus,512,webp-replacement-q80,level,750786,750786,71,32.78033,0.9235644,,13967360,750786
stadium,ico-rhombus,512,webp-replacement-q80,gain,8192,7912,6,24.29598,0.5471354,,122880,750786
stadium,ico-rhombus,512,webp-replacement-q80,gain,16384,14774,11,25.28337,0.5777647,,204800,750786
stadium,ico-rhombus,512,webp-replacement-q80,gain,32768,32440,17,26.52831,0.6203945,,598016,750786
stadium,ico-rhombus,512,webp-replacement-q80,gain,65536,63448,22,27.24571,0.6745695,,1122304,750786
stadium,ico-rhombus,512,webp-replacement-q80,gain,131072,114418,27,28.45379,0.7217449,,2433024,750786
stadium,ico-rhombus,512,webp-replacement-q80,gain,262144,254520,34,29.80236,0.817915,,4268032,750786
stadium,ico-rhombus,512,webp-replacement-q80,gain,524288,520054,51,31.37585,0.8772418,,8724480,750786
stadium,ico-rhombus,512,webp-replacement-q80,gain,750786,750786,71,32.78033,0.9235644,,13967360,750786
stadium,ico-rhombus,512,webp-replacement-q80,view,8192,7330.333,4.916667,25.22746,0.5750393,20.61133,105130.7,750786
stadium,ico-rhombus,512,webp-replacement-q80,view,16384,13818.33,7.25,26.38528,0.6292522,20.61133,229376,750786
stadium,ico-rhombus,512,webp-replacement-q80,view,32768,27831.5,10.41667,27.65163,0.6794882,20.61133,535210.7,750786
stadium,ico-rhombus,512,webp-replacement-q80,view,65536,58201.33,14.16667,29.08102,0.7589162,20.61133,1501867,750786
stadium,ico-rhombus,512,webp-replacement-q80,view,131072,122953.3,21.91667,30.81586,0.8323091,20.96018,3046059,750786
stadium,ico-rhombus,512,webp-replacement-q80,view,262144,254058.7,33.08333,32.59599,0.9134043,22.59742,5096789,750786
stadium,ico-rhombus,512,webp-replacement-q80,view,524288,514692.5,58.58333,32.78033,0.9235644,27.90438,10712410,750786
stadium,ico-rhombus,512,webp-replacement-q80,view,750786,750786,71,32.78033,0.9235644,29.9865,13967360,750786
stadium,ico-rhombus,512,webp-replacement-q80,view-direct,8192,4844.667,2.5,23.90086,0.534576,20.61133,434176,750786
stadium,ico-rhombus,512,webp-replacement-q80,view-direct,16384,6393.5,3.083333,24.56352,0.5370564,20.61133,587093.3,750786
stadium,ico-rhombus,512,webp-replacement-q80,view-direct,32768,24992.67,5.25,26.19622,0.6164048,20.61729,1032192,750786
stadium,ico-rhombus,512,webp-replacement-q80,view-direct,65536,56395.83,10.5,28.57435,0.7283505,20.82531,1773568,750786
stadium,ico-rhombus,512,webp-replacement-q80,view-direct,131072,126897,18.83333,31.82011,0.890168,21.32644,3020117,750786
stadium,ico-rhombus,512,webp-replacement-q80,view-direct,262144,255350.3,36.66667,32.73572,0.9220395,24.28076,5352107,750786
stadium,ico-rhombus,512,webp-replacement-q80,view-direct,524288,514158.3,58.66667,32.78033,0.9235644,27.99962,10734250,750786
stadium,ico-rhombus,512,webp-replacement-q80,view-direct,750786,750786,71,32.78033,0.9235644,29.9865,13967360,750786
stadium,ico-rhombus,512,jpeg-replacement-q80-whole,level,8192,7062,4,23.68559,0.5338543,,90112,829332
stadium,ico-rhombus,512,jpeg-replacement-q80-whole,level,16384,16167,10,25.19269,0.5641931,,188416,829332
stadium,ico-rhombus,512,jpeg-replacement-q80-whole,level,32768,31477,15,26.06,0.5946284,,466944,829332
stadium,ico-rhombus,512,jpeg-replacement-q80-whole,level,65536,62400,21,27.1973,0.6625343,,860160,829332
stadium,ico-rhombus,512,jpeg-replacement-q80-whole,level,131072,114705,26,28.24927,0.6950935,,2170880,829332
stadium,ico-rhombus,512,jpeg-replacement-q80-whole,level,262144,254935,32,29.74459,0.8031766,,4530176,829332
stadium,ico-rhombus,512,jpeg-replacement-q80-whole,level,524288,476412,37,30.94241,0.8360025,,9773056,829332
stadium,ico-rhombus,512,jpeg-replacement-q80-whole,level,829332,829332,41,32.9254,0.9221345,,13967360,829332
stadium,ico-rhombus,512,jpeg-replacement-q80-whole,gain,8192,7404,4,23.6923,0.5403184,,90112,829332
stadium,ico-rhombus,512,jpeg-replacement-q80-whole,gain,16384,16190,10,25.29169,0.5660312,,188416,829332
stadium,ico-rhombus,512,jpeg-replacement-q80-whole,gain,32768,30650,15,26.08229,0.5871182,,466944,829332
stadium,ico-rhombus,512,jpeg-replacement-q80-whole,gain,65536,62400,21,27.1973,0.6625343,,860160,829332
stadium,ico-rhombus,512,jpeg-replacement-q80-whole,gain,131072,124794,26,28.04801,0.7026058,,2170880,829332
stadium,ico-rhombus,512,jpeg-replacement-q80-whole,gain,262144,221729,31,29.40963,0.7944492,,3481600,829332
stadium,ico-rhombus,512,jpeg-replacement-q80-whole,gain,524288,523501,35,30.94655,0.867547,,7675904,829332
stadium,ico-rhombus,512,jpeg-replacement-q80-whole,gain,829332,829332,41,32.9254,0.9221345,,13967360,829332
stadium,ico-rhombus,512,jpeg-replacement-q80-whole,view,8192,7552.25,3.916667,24.90202,0.5668204,20.53217,88746.67,829332
stadium,ico-rhombus,512,jpeg-replacement-q80-whole,view,16384,13659.33,6.583333,26.10757,0.5996362,20.53217,185685.3,829332
stadium,ico-rhombus,512,jpeg-replacement-q80-whole,view,32768,27425.92,9.666667,27.16111,0.6575278,20.53217,387754.7,829332
stadium,ico-rhombus,512,jpeg-replacement-q80-whole,view,65536,56722.58,12,28.61745,0.7456326,20.53217,933888,829332
stadium,ico-rhombus,512,jpeg-replacement-q80-whole,view,131072,108799.3,14.83333,29.87607,0.7964822,20.53217,2004309,829332
stadium,ico-rhombus,512,jpeg-replacement-q80-whole,view,262144,234990.4,18.16667,31.79441,0.8749963,20.6923,4401835,829332
stadium,ico-rhombus,512,jpeg-replacement-q80-whole,view,524288,493266.6,34.58333,32.85543,0.9178714,25.57698,8668501,829332
stadium,ico-rhombus,512,jpeg-replacement-q80-whole,view,829332,829332,41,32.9254,0.9221345,29.92869,13967360,829332
stadium,ico-rhombus,512,jpeg-replacement-q80-whole,view-direct,8192,3458,1,23.06371,0.526942,20.53217,40960,829332
stadium,ico-rhombus,512,jpeg-replacement-q80-whole,view-direct,16384,3458,1,23.06371,0.526942,20.53217,40960,829332
stadium,ico-rhombus,512,jpeg-replacement-q80-whole,view-direct,32768,5860.167,1.083333,23.2181,0.5372855,20.53217,128341.3,829332
stadium,ico-rhombus,512,jpeg-replacement-q80-whole,view-direct,65536,23242,1.583333,24.44807,0.5801454,20.53217,652629.3,829332
stadium,ico-rhombus,512,jpeg-replacement-q80-whole,view-direct,131072,91701.08,2.833333,27.02165,0.741616,20.53217,1963349,829332
stadium,ico-rhombus,512,jpeg-replacement-q80-whole,view-direct,262144,240990.1,14.5,31.92422,0.8866309,21.59324,4546560,829332
stadium,ico-rhombus,512,jpeg-replacement-q80-whole,view-direct,524288,495193.6,35.25,32.9254,0.9221345,26.28537,8724480,829332
stadium,ico-rhombus,512,jpeg-replacement-q80-whole,view-direct,829332,829332,41,32.9254,0.9221345,29.92869,13967360,829332
superblock,ico-rhombus,512,exact,all,,7864320,,30.20356,0.9432079,,,
superblock,ico-rhombus,512,exact,coarse,,30720,,18.76954,0.2689877,,,
superblock,ico-rhombus,512,haar-residual-d12,level,8192,0,0,,,,0,1409398
superblock,ico-rhombus,512,haar-residual-d12,level,16384,0,0,,,,0,1409398
superblock,ico-rhombus,512,haar-residual-d12,level,32768,32360,3,19.04657,0.2890604,,73728,1409398
superblock,ico-rhombus,512,haar-residual-d12,level,65536,61522,9,19.68863,0.3371261,,172032,1409398
superblock,ico-rhombus,512,haar-residual-d12,level,131072,116820,14,20.47784,0.4068684,,401408,1409398
superblock,ico-rhombus,512,haar-residual-d12,level,262144,244789,22,22.0399,0.5633764,,1122304,1409398
superblock,ico-rhombus,512,haar-residual-d12,level,524288,522061,29,24.01878,0.728543,,2957312,1409398
superblock,ico-rhombus,512,haar-residual-d12,level,1048576,1036071,52,27.06534,0.8549834,,8986624,1409398
superblock,ico-rhombus,512,haar-residual-d12,level,1409398,1409398,71,28.9902,0.9354276,,13967360,1409398
superblock,ico-rhombus,512,haar-residual-d12,gain,8192,0,0,,,,0,1409398
superblock,ico-rhombus,512,haar-residual-d12,gain,16384,0,0,,,,0,1409398
superblock,ico-rhombus,512,haar-residual-d12,gain,32768,27992,2,18.87078,0.2772935,,57344,1409398
superblock,ico-rhombus,512,haar-residual-d12,gain,65536,65336,10,19.85223,0.3422638,,188416,1409398
superblock,ico-rhombus,512,haar-residual-d12,gain,131072,121522,14,20.53618,0.4160808,,401408,1409398
superblock,ico-rhombus,512,haar-residual-d12,gain,262144,257781,22,21.87315,0.5484168,,1122304,1409398
superblock,ico-rhombus,512,haar-residual-d12,gain,524288,519655,29,24.10007,0.7345974,,2957312,1409398
superblock,ico-rhombus,512,haar-residual-d12,gain,1048576,1023750,48,26.90866,0.8618815,,7938048,1409398
superblock,ico-rhombus,512,haar-residual-d12,gain,1409398,1409398,71,28.9902,0.9354276,,13967360,1409398
superblock,ico-rhombus,512,haar-residual-d12,view,8192,0,0,,,,0,1409398
superblock,ico-rhombus,512,haar-residual-d12,view,16384,0,0,,,,0,1409398
superblock,ico-rhombus,512,haar-residual-d12,view,32768,31294.17,2.916667,19.4923,0.3211466,18.84951,72362.67,1409398
superblock,ico-rhombus,512,haar-residual-d12,view,65536,59274.33,6.583333,20.68523,0.4334833,18.84951,185685.3,1409398
superblock,ico-rhombus,512,haar-residual-d12,view,131072,114562,10.16667,21.90902,0.5541466,18.84951,453290.7,1409398
superblock,ico-rhombus,512,haar-residual-d12,view,262144,243215.9,13.91667,24.35323,0.7498392,18.84951,1436331,1409398
superblock,ico-rhombus,512,haar-residual-d12,view,524288,513228.9,28,28.84054,0.9320498,19.6461,4386816,1409398
superblock,ico-rhombus,512,haar-residual-d12,view,1048576,1035356,52,28.9902,0.9354276,25.49405,8986624,1409398
superblock,ico-rhombus,512,haar-residual-d12,view,1409398,1409398,71,28.9902,0.9354276,28.72229,13967360,1409398
superblock,ico-rhombus,512,haar-residual-d12-p0.5,level,8192,0,0,,,,0,1274239
superblock,ico-rhombus,512,haar-residual-d12-p0.5,level,16384,14220,1,18.74186,0.268843,,40960,1274239
superblock,ico-rhombus,512,haar-residual-d12-p0.5,level,32768,31408,6,19.40545,0.3184081,,122880,1274239
superblock,ico-rhombus,512,haar-residual-d12-p0.5,level,65536,54768,12,20.11098,0.374121,,270336,1274239
superblock,ico-rhombus,512,haar-residual-d12-p0.5,level,131072,130387,19,21.22885,0.5015331,,729088,1274239
superblock,ico-rhombus,512,haar-residual-d12-p0.5,level,262144,247776,24,22.29819,0.5986506,,1646592,1274239
superblock,ico-rhombus,512,haar-residual-d12-p0.5,level,524288,514806,35,24.55028,0.7842541,,4530176,1274239
superblock,ico-rhombus,512,haar-residual-d12-p0.5,level,1048576,1043994,59,26.77156,0.8768487,,10821632,1274239
superblock,ico-rhombus,512,haar-residual-d12-p0.5,level,1274239,1274239,71,27.86744,0.9286598,,13967360,1274239
superblock,ico-rhombus,512,haar-residual-d12-p0.5,gain,8192,0,0,,,,0,1274239
superblock,ico-rhombus,512,haar-residual-d12-p0.5,gain,16384,14220,1,18.74186,0.268843,,40960,1274239
superblock,ico-rhombus,512,haar-residual-d12-p0.5,gain,32768,31408,6,19.40545,0.3184081,,122880,1274239
superblock,ico-rhombus,512,haar-residual-d12-p0.5,gain,65536,59047,12,20.04417,0.3686102,,270336,1274239
superblock,ico-rhombus,512,haar-residual-d12-p0.5,gain,131072,128755,19,21.23238,0.4967583,,729088,1274239
superblock,ico-rhombus,512,haar-residual-d12-p0.5,gain,262144,260185,24,22.43791,0.6090485,,1646592,1274239
superblock,ico-rhombus,512,haar-residual-d12-p0.5,gain,524288,504046,33,24.29294,0.769512,,4005888,1274239
superblock,ico-rhombus,512,haar-residual-d12-p0.5,gain,1048576,1048312,56,26.71277,0.8820321,,10035200,1274239
superblock,ico-rhombus,512,haar-residual-d12-p0.5,gain,1274239,1274239,71,27.86744,0.9286598,,13967360,1274239
superblock,ico-rhombus,512,haar-residual-d12-p0.5,view,8192,0,0,,,,0,1274239
superblock,ico-rhombus,512,haar-residual-d12-p0.5,view,16384,14220,1,18.74186,0.268843,18.8214,40960,1274239
superblock,ico-rhombus,512,haar-residual-d12-p0.5,view,32768,29329.83,5.583333,19.93051,0.3547952,18.8214,120149.3,1274239
superblock,ico-rhombus,512,haar-residual-d12-p0.5,view,65536,59671.75,8.666667,21.26633,0.50177,18.8214,322218.7,1274239
superblock,ico-rhombus,512,haar-residual-d12-p0.5,view,131072,117328.6,11.5,22.89741,0.6538936,18.8214,802816,1274239
superblock,ico-rhombus,512,haar-residual-d12-p0.5,view,262144,249820,16.41667,25.06466,0.8101987,18.8214,2091691,1274239
superblock,ico-rhombus,512,haar-residual-d12-p0.5,view,524288,511047.5,33.75,27.8452,0.9280643,20.75934,4980736,1274239
superblock,ico-rhombus,512,haar-residual-d12-p0.5,view,1048576,1037771,58.91667,27.86744,0.9286598,25.96515,10799790,1274239
superblock,ico-rhombus,512,haar-residual-d12-p0.5,view,1274239,1274239,71,27.86744,0.9286598,27.62984,13967360,1274239
superblock,ico-rhombus,512,jpeg-residual-q80,level,8192,6922,3,18.43036,0.2795767,,73728,938047
superblock,ico-rhombus,512,jpeg-residual-q80,level,16384,15645,9,19.02977,0.3216105,,172032,938047
superblock,ico-rhombus,512,jpeg-residual-q80,level,32768,28295,13,19.64081,0.3751783,,335872,938047
superblock,ico-rhombus,512,jpeg-residual-q80,level,65536,62049,20,20.61035,0.4906029,,794624,938047
superblock,ico-rhombus,512,jpeg-residual-q80,level,131072,125269,24,21.4909,0.5747296,,1646592,938047
superblock,ico-rhombus,512,jpeg-residual-q80,level,262144,251136,31,23.26409,0.7469004,,3481600,938047
superblock,ico-rhombus,512,jpeg-residual-q80,level,524288,506791,45,24.6874,0.8086701,,7151616,938047
superblock,ico-rhombus,512,jpeg-residual-q80,level,938047,938047,71,27.42691,0.9271874,,13967360,938047
superblock,ico-rhombus,512,jpeg-residual-q80,gain,8192,7151,3,18.3209,0.2746744,,73728,938047
superblock,ico-rhombus,512,jpeg-residual-q80,gain,16384,15584,9,19.04084,0.3195513,,172032,938047
superblock,ico-rhombus,512,jpeg-residual-q80,gain,32768,29730,13,19.51395,0.3622706,,335872,938047
superblock,ico-rhombus,512,jpeg-residual-q80,gain,65536,62049,20,20.61035,0.4906029,,794624,938047
superblock,ico-rhombus,512,jpeg-residual-q80,gain,131072,111365,23,21.40791,0.569447,,1384448,938047
superblock,ico-rhombus,512,jpeg-residual-q80,gain,262144,251136,31,23.26409,0.7469004,,3481600,938047
superblock,ico-rhombus,512,jpeg-residual-q80,gain,524288,512550,44,24.98289,0.8164979,,6889472,938047
superblock,ico-rhombus,512,jpeg-residual-q80,gain,938047,938047,71,27.42691,0.9271874,,13967360,938047
superblock,ico-rhombus,512,jpeg-residual-q80,view,8192,7202.417,3.333333,19.00269,0.3132408,18.32516,79189.33,938047
superblock,ico-rhombus,512,jpeg-residual-q80,view,16384,15155.42,6.5,19.88483,0.4072702,18.32516,180224,938047
superblock,ico-rhombus,512,jpeg-residual-q80,view,32768,29617.92,9.5,20.7058,0.4931691,18.32516,376832,938047
superblock,ico-rhombus,512,jpeg-residual-q80,view,65536,55565.67,11.33333,21.95706,0.6249929,18.32516,759125.3,938047
superblock,ico-rhombus,512,jpeg-residual-q80,view,131072,120344.1,14.91667,23.51706,0.7575349,18.32516,1698475,938047
superblock,ico-rhombus,512,jpeg-residual-q80,view,262144,254005.1,23.25,26.96331,0.9133938,18.52285,3690496,938047
superblock,ico-rhombus,512,jpeg-residual-q80,view,524288,515510.3,46.58333,27.42691,0.9271874,23.4468,7566677,938047
superblock,ico-rhombus,512,jpeg-residual-q80,view,938047,938047,71,27.42691,0.9271874,27.31603,13967360,938047
superblock,ico-rhombus,512,jpeg-replacement-q80,level,8192,7523,3,18.42862,0.2796394,,73728,1143990
superblock,ico-rhombus,512,jpeg-replacement-q80,level,16384,16230,8,18.95425,0.3164125,,155648,1143990
superblock,ico-rhombus,512,jpeg-replacement-q80,level,32768,26126,12,19.49233,0.3564814,,270336,1143990
superblock,ico-rhombus,512,jpeg-replacement-q80,level,65536,63374,18,20.38168,0.4657891,,663552,1143990
superblock,ico-rhombus,512,jpeg-replacement-q80,level,131072,124765,23,21.33004,0.5597996,,1384448,1143990
superblock,ico-rhombus,512,jpeg-replacement-q80,level,262144,240515,28,22.55611,0.6822654,,2695168,1143990
superblock,ico-rhombus,512,jpeg-replacement-q80,level,524288,517403,41,24.18251,0.7909894,,6103040,1143990
superblock,ico-rhombus,512,jpeg-replacement-q80,level,1048576,1046905,66,26.66043,0.9055858,,12656640,1143990
superblock,ico-rhombus,512,jpeg-replacement-q80,level,1143990,1143990,71,27.39035,0.9273354,,13967360,1143990
superblock,ico-rhombus,512,jpeg-replacement-q80,gain,8192,7754,3,18.32157,0.2746486,,73728,1143990
superblock,ico-rhombus,512,jpeg-replacement-q80,gain,16384,16239,8,18.94215,0.315363,,155648,1143990
superblock,ico-rhombus,512,jpeg-replacement-q80,gain,32768,28101,12,19.41264,0.35097,,270336,1143990
superblock,ico-rhombus,512,jpeg-replacement-q80,gain,65536,62739,18,20.40488,0.4630909,,663552,1143990
superblock,ico-rhombus,512,jpeg-replacement-q80,gain,131072,106715,22,21.01761,0.5290207,,1122304,1143990
superblock,ico-rhombus,512,jpeg-replacement-q80,gain,262144,240797,28,22.59406,0.6871997,,2695168,1143990
superblock,ico-rhombus,512,jpeg-replacement-q80,gain,524288,513678,39,24.34856,0.7932031,,5578752,1143990
superblock,ico-rhombus,512,jpeg-replacement-q80,gain,1048576,1035292,65,26.84761,0.9030073,,12394496,1143990
superblock,ico-rhombus,512,jpeg-replacement-q80,gain,1143990,1143990,71,27.39035,0.9273354,,13967360,1143990
superblock,ico-rhombus,512,jpeg-replacement-q80,view,8192,7300.667,3,18.86951,0.3087601,18.32516,73728,1143990
superblock,ico-rhombus,512,jpeg-replacement-q80,view,16384,12570.75,5.666667,19.38367,0.343564,18.32516,125610.7,1143990
superblock,ico-rhombus,512,jpeg-replacement-q80,view,32768,28723.5,8.5,20.55433,0.4773372,18.32516,311296,1143990
superblock,ico-rhombus,512,jpeg-replacement-q80,view,65536,57884.5,10.91667,21.64499,0.5943591,18.32516,649898.7,1143990
superblock,ico-rhombus,512,jpeg-replacement-q80,view,131072,117250.6,13.66667,22.96647,0.7196426,18.32516,1370795,1143990
superblock,ico-rhombus,512,jpeg-replacement-q80,view,262144,254926.8,20,26.03164,0.8843594,18.32516,3031040,1143990
superblock,ico-rhombus,512,jpeg-replacement-q80,view,524288,515702.1,41.25,27.39035,0.9273354,22.39159,6168576,1143990
superblock,ico-rhombus,512,jpeg-replacement-q80,view,1048576,1043958,65.91667,27.39035,0.9273354,26.70776,12634790,1143990
superblock,ico-rhombus,512,jpeg-replacement-q80,view,1143990,1143990,71,27.39035,0.9273354,27.28268,13967360,1143990
superblock,ico-rhombus,512,jpeg-replacement-q80,view-direct,8192,3933,1,18.15334,0.2617153,18.32516,40960,1143990
superblock,ico-rhombus,512,jpeg-replacement-q80,view-direct,16384,3933,1,18.15334,0.2617153,18.32516,40960,1143990
superblock,ico-rhombus,512,jpeg-replacement-q80,view-direct,32768,25788.83,2,18.91974,0.3872587,18.32516,303104,1143990
superblock,ico-rhombus,512,jpeg-replacement-q80,view-direct,65536,51008.08,3.25,20.01633,0.5169035,18.32516,630784,1143990
superblock,ico-rhombus,512,jpeg-replacement-q80,view-direct,131072,117203.4,6.416667,23.45291,0.7820017,18.32516,1460907,1143990
superblock,ico-rhombus,512,jpeg-replacement-q80,view-direct,262144,255452.5,18.91667,27.24123,0.9230987,19.14768,3152555,1143990
superblock,ico-rhombus,512,jpeg-replacement-q80,view-direct,524288,516412.3,41.25,27.39035,0.9273354,22.77607,6168576,1143990
superblock,ico-rhombus,512,jpeg-replacement-q80,view-direct,1048576,1043958,65.91667,27.39035,0.9273354,26.70776,12634790,1143990
superblock,ico-rhombus,512,jpeg-replacement-q80,view-direct,1143990,1143990,71,27.39035,0.9273354,27.28268,13967360,1143990
superblock,ico-rhombus,512,webp-replacement-q80,level,8192,7136,3,18.5712,0.2856395,,73728,1121634
superblock,ico-rhombus,512,webp-replacement-q80,level,16384,15012,8,19.12381,0.3252192,,155648,1121634
superblock,ico-rhombus,512,webp-replacement-q80,level,32768,30786,13,19.8042,0.3854866,,335872,1121634
superblock,ico-rhombus,512,webp-replacement-q80,level,65536,65364,19,20.65525,0.4903547,,729088,1121634
superblock,ico-rhombus,512,webp-replacement-q80,level,131072,119556,23,21.53433,0.5723206,,1384448,1121634
superblock,ico-rhombus,512,webp-replacement-q80,level,262144,257046,29,23.01646,0.7143718,,2957312,1121634
superblock,ico-rhombus,512,webp-replacement-q80,level,524288,504978,41,24.53448,0.8001071,,6103040,1121634
superblock,ico-rhombus,512,webp-replacement-q80,level,1048576,1047566,67,27.34685,0.9143402,,12918784,1121634
superblock,ico-rhombus,512,webp-replacement-q80,level,1121634,1121634,71,27.95131,0.9315125,,13967360,1121634
superblock,ico-rhombus,512,webp-replacement-q80,gain,8192,7472,3,18.46572,0.2801557,,73728,1121634
superblock,ico-rhombus,512,webp-replacement-q80,gain,16384,16242,9,19.21029,0.3289385,,172032,1121634
superblock,ico-rhombus,512,webp-replacement-q80,gain,32768,26244,12,19.58137,0.3615309,,270336,1121634
superblock,ico-rhombus,512,webp-replacement-q80,gain,65536,64490,19,20.65534,0.4852964,,729088,1121634
superblock,ico-rhombus,512,webp-replacement-q80,gain,131072,129606,23,21.36772,0.5569229,,1384448,1121634
superblock,ico-rhombus,512,webp-replacement-q80,gain,262144,256252,29,23.09201,0.7204949,,2957312,1121634
superblock,ico-rhombus,512,webp-replacement-q80,gain,524288,508084,39,24.57687,0.79622,,5578752,1121634
superblock,ico-rhombus,512,webp-replacement-q80,gain,1048576,1047356,67,27.61409,0.9153142,,12918784,1121634
superblock,ico-rhombus,512,webp-replacement-q80,gain,1121634,1121634,71,27.95131,0.9315125,,13967360,1121634
superblock,ico-rhombus,512,webp-replacement-q80,view,8192,7274.5,3.333333,19.15107,0.3227698,18.44457,79189.33,1121634
superblock,ico-rhombus,512,webp-replacement-q80,view,16384,12395.5,5.833333,19.70107,0.3673378,18.44457,136533.3,1121634
superblock,ico-rhombus,512,webp-replacement-q80,view,32768,28833.67,8.833333,20.76662,0.4931906,18.44457,333141.3,1121634
superblock,ico-rhombus,512,webp-replacement-q80,view,65536,57208.5,11,21.92647,0.612525,18.44457,671744,1121634
superblock,ico-rhombus,512,webp-replacement-q80,view,131072,123437,14.08333,23.44238,0.7442791,18.44457,1480021,1121634
superblock,ico-rhombus,512,webp-replacement-q80,view,262144,251373.8,20.16667,26.48795,0.8899343,18.44457,3074731,1121634
superblock,ico-rhombus,512,webp-replacement-q80,view,524288,514145.3,41.66667,27.95131,0.9315125,22.74688,6277803,1121634
superblock,ico-rhombus,512,webp-replacement-q80,view,1048576,1042555,66.83333,27.95131,0.9315125,27.42527,12875090,1121634
superblock,ico-rhombus,512,webp-replacement-q80,view,1121634,1121634,71,27.95131,0.9315125,27.84762,13967360,1121634
superblock,ico-rhombus,512,webp-replacement-q80,view-direct,8192,3854,1,18.29243,0.2666393,18.44457,40960,1121634
superblock,ico-rhombus,512,webp-replacement-q80,view-direct,16384,3854,1,18.29243,0.2666393,18.44457,40960,1121634
superblock,ico-rhombus,512,webp-replacement-q80,view-direct,32768,21411.5,1.916667,19.02265,0.3736349,18.44457,281258.7,1121634
superblock,ico-rhombus,512,webp-replacement-q80,view-direct,65536,53187.67,3.5,20.4382,0.5398636,18.44457,696320,1121634
superblock,ico-rhombus,512,webp-replacement-q80,view-direct,131072,117574,6.583333,23.94962,0.7871125,18.44457,1504597,1121634
superblock,ico-rhombus,512,webp-replacement-q80,view-direct,262144,256600.8,19.91667,27.83042,0.9279192,19.39569,3218091,1121634
superblock,ico-rhombus,512,webp-replacement-q80,view-direct,524288,514290.8,41.66667,27.95131,0.9315125,23.08933,6277803,1121634
superblock,ico-rhombus,512,webp-replacement-q80,view-direct,1048576,1042555,66.83333,27.95131,0.9315125,27.42527,12875090,1121634
superblock,ico-rhombus,512,webp-replacement-q80,view-direct,1121634,1121634,71,27.95131,0.9315125,27.84762,13967360,1121634
superblock,ico-rhombus,512,jpeg-replacement-q80-whole,level,8192,7523,3,18.42862,0.2796394,,73728,1134711
superblock,ico-rhombus,512,jpeg-replacement-q80-whole,level,16384,16230,8,18.95425,0.3164125,,155648,1134711
superblock,ico-rhombus,512,jpeg-replacement-q80-whole,level,32768,26126,12,19.49233,0.3564814,,270336,1134711
superblock,ico-rhombus,512,jpeg-replacement-q80-whole,level,65536,63374,18,20.38168,0.4657891,,663552,1134711
superblock,ico-rhombus,512,jpeg-replacement-q80-whole,level,131072,124765,23,21.33004,0.5597996,,1384448,1134711
superblock,ico-rhombus,512,jpeg-replacement-q80-whole,level,262144,240515,28,22.55611,0.6822654,,2695168,1134711
superblock,ico-rhombus,512,jpeg-replacement-q80-whole,level,524288,465016,33,24.01105,0.7840198,,5578752,1134711
superblock,ico-rhombus,512,jpeg-replacement-q80-whole,level,1048576,976982,39,26.41034,0.8888377,,11870208,1134711
superblock,ico-rhombus,512,jpeg-replacement-q80-whole,level,1134711,1134711,41,27.391,0.927336,,13967360,1134711
superblock,ico-rhombus,512,jpeg-replacement-q80-whole,gain,8192,7754,3,18.32157,0.2746486,,73728,1134711
superblock,ico-rhombus,512,jpeg-replacement-q80-whole,gain,16384,16239,8,18.94215,0.315363,,155648,1134711
superblock,ico-rhombus,512,jpeg-replacement-q80-whole,gain,32768,28101,12,19.41264,0.35097,,270336,1134711
superblock,ico-rhombus,512,jpeg-replacement-q80-whole,gain,65536,62739,18,20.40488,0.4630909,,663552,1134711
superblock,ico-rhombus,512,jpeg-replacement-q80-whole,gain,131072,106715,22,21.01761,0.5290207,,1122304,1134711
superblock,ico-rhombus,512,jpeg-replacement-q80-whole,gain,262144,240797,28,22.59406,0.6871997,,2695168,1134711
superblock,ico-rhombus,512,jpeg-replacement-q80-whole,gain,524288,501435,33,24.16724,0.789084,,5578752,1134711
superblock,ico-rhombus,512,jpeg-replacement-q80-whole,gain,1048576,976982,39,26.41034,0.8888377,,11870208,1134711
superblock,ico-rhombus,512,jpeg-replacement-q80-whole,gain,1134711,1134711,41,27.391,0.927336,,13967360,1134711
superblock,ico-rhombus,512,jpeg-replacement-q80-whole,view,8192,7300.667,3,18.86951,0.3087601,18.32516,73728,1134711
superblock,ico-rhombus,512,jpeg-replacement-q80-whole,view,16384,12570.75,5.666667,19.38367,0.343564,18.32516,125610.7,1134711
superblock,ico-rhombus,512,jpeg-replacement-q80-whole,view,32768,28723.5,8.5,20.55433,0.4773372,18.32516,311296,1134711
superblock,ico-rhombus,512,jpeg-replacement-q80-whole,view,65536,57884.5,10.91667,21.64499,0.5943591,18.32516,649898.7,1134711
superblock,ico-rhombus,512,jpeg-replacement-q80-whole,view,131072,114450.8,13.5,22.89459,0.7153761,18.32516,1327104,1134711
superblock,ico-rhombus,512,jpeg-replacement-q80-whole,view,262144,226002.1,15.58333,24.8069,0.8289532,18.32516,2725205,1134711
superblock,ico-rhombus,512,jpeg-replacement-q80-whole,view,524288,505086.3,24.33333,27.05833,0.9157691,19.78405,6214997,1134711
superblock,ico-rhombus,512,jpeg-replacement-q80-whole,view,1048576,978274.3,39.08333,27.391,0.927336,25.91252,11957590,1134711
superblock,ico-rhombus,512,jpeg-replacement-q80-whole,view,1134711,1134711,41,27.391,0.927336,27.28327,13967360,1134711
superblock,ico-rhombus,512,jpeg-replacement-q80-whole,view-direct,8192,3933,1,18.15334,0.2617153,18.32516,40960,1134711
superblock,ico-rhombus,512,jpeg-replacement-q80-whole,view-direct,16384,3933,1,18.15334,0.2617153,18.32516,40960,1134711
superblock,ico-rhombus,512,jpeg-replacement-q80-whole,view-direct,32768,3933,1,18.15334,0.2617153,18.32516,40960,1134711
superblock,ico-rhombus,512,jpeg-replacement-q80-whole,view-direct,65536,13571.67,1.166667,18.33221,0.2875799,18.32516,215722.7,1134711
superblock,ico-rhombus,512,jpeg-replacement-q80-whole,view-direct,131072,98644.08,2.25,20.67678,0.5813413,18.32516,1351680,1134711
superblock,ico-rhombus,512,jpeg-replacement-q80-whole,view-direct,262144,207523.9,4.666667,23.99281,0.7775795,18.46484,2779819,1134711
superblock,ico-rhombus,512,jpeg-replacement-q80-whole,view-direct,524288,512753.4,28,27.391,0.927336,21.45629,6266880,1134711
superblock,ico-rhombus,512,jpeg-replacement-q80-whole,view-direct,1048576,978274.3,39.08333,27.391,0.927336,25.91252,11957590,1134711
superblock,ico-rhombus,512,jpeg-replacement-q80-whole,view-direct,1134711,1134711,41,27.391,0.927336,27.28327,13967360,1134711
