set,variant,panorama,projection,tile,bootstrap,refinement,payload,insurance,profile,megabitsPerSecond,roundTripMs,trace,start,bootstrapMs,acceptableMs,highMs,meanShortfallDb,shareOfTimeHigh,finalPsnr,finalSsim,completePsnr,bytesAt1s,bytesAt2s,bytesAt5s,bytesAt10s,bytes,requests,cancelled,cancelledBytes,bytesNeverShown,insuranceBytes,failures,redownloads,evictions,levelCapped,peakInflightRequests,peakPendingTiles,peakResidentTiles,peakDecodedBytes,afterTurnShortfallDb,afterTurnPsnr,afterTurnAcceptableMs,afterTurnHighMs,beforeTurnShortfallDb
policies,direct,northrop-mall,eac,192,48,direct,replacement,off,fast,50,20,stationary,face-centre,20,250,250,0,0.97561,31.5496,0.97617,31.5496,540649,540649,540649,540649,540649,49,0,0,158301,0,0,0,0,0,6,5,48,0,,,,,
policies,direct,northrop-mall,eac,192,48,direct,replacement,off,fast,50,20,stationary,off-axis,20,250,500,0.0341439,0.95122,31.9272,0.976746,31.9272,491485,491485,491485,491485,491485,46,0,0,56456,0,0,0,0,0,6,5,45,0,,,,,
policies,direct,northrop-mall,eac,192,48,direct,replacement,off,fast,50,20,stationary,cube-corner,20,250,250,0.00001678,0.97561,35.4324,0.98364,35.4324,317422,317422,317422,317422,317422,51,0,0,61469,0,0,0,0,0,6,6,50,0,,,,,
policies,direct,northrop-mall,eac,192,48,direct,replacement,off,fast,50,20,stationary,up,20,250,250,0,0.97561,35.976,0.983365,35.976,238636,238636,238636,238636,238636,51,0,0,68990,0,0,0,0,0,6,6,50,0,,,,,
policies,direct,northrop-mall,eac,192,48,direct,replacement,off,fast,50,20,quick-turn,face-centre,20,250,250,0.751258,0.926829,33.3431,0.976149,33.3431,540649,540649,1575444,1575444,1575444,163,0,0,192147,0,0,0,0,0,6,6,162,0,0,33.3431,150,150,0
policies,direct,northrop-mall,eac,192,48,direct,replacement,off,fast,50,20,quick-turn,off-axis,20,250,500,0.800328,0.902439,32.3097,0.975833,32.3097,491485,491485,1454804,1454804,1454804,167,0,0,129405,0,0,0,0,0,6,5,166,0,0,32.3097,150,150,0
policies,direct,northrop-mall,eac,192,48,direct,replacement,off,fast,50,20,quick-turn,cube-corner,20,250,250,0.625161,0.926829,34.9629,0.98167,34.9629,317422,317422,976200,976200,976200,157,0,0,71927,0,0,0,0,0,6,6,156,0,0,34.9629,150,150,0
policies,direct,northrop-mall,eac,192,48,direct,replacement,off,fast,50,20,quick-turn,down,20,250,500,0.0719144,0.95122,28.5649,0.971309,28.5649,730007,730007,1431661,1431661,1431661,102,0,0,155829,0,0,0,0,0,6,6,101,0,0,28.5649,150,150,0
policies,direct,northrop-mall,eac,192,48,direct,replacement,off,fast,50,20,slow-turn,face-centre,20,250,500,0.0366793,0.975309,31.5496,0.97617,31.5496,588372,734177,1033161,1720456,3014922,321,0,0,139827,0,0,40,124,0,6,6,196,0,,,,,
policies,direct,northrop-mall,eac,192,48,direct,replacement,off,fast,50,20,explore,face-centre,20,250,250,0.0146502,0.984615,30.2614,0.972698,30.2614,714354,794615,1074888,2431109,3751528,397,0,0,191718,0,0,44,200,0,6,6,196,0,,,,,
policies,direct,northrop-mall,eac,192,48,direct,replacement,off,moderate-mobile,10,50,stationary,face-centre,50,750,750,0.623735,0.926829,31.5496,0.97617,31.5496,540649,540649,540649,540649,540649,49,0,0,158301,0,0,0,0,0,6,5,48,0,,,,,
policies,direct,northrop-mall,eac,192,48,direct,replacement,off,moderate-mobile,10,50,stationary,off-axis,50,750,750,0.57475,0.926829,31.9272,0.976746,31.9272,491485,491485,491485,491485,491485,46,0,0,56456,0,0,0,0,0,6,5,45,0,,,,,
policies,direct,northrop-mall,eac,192,48,direct,replacement,off,moderate-mobile,10,50,stationary,cube-corner,50,500,500,0.37274,0.95122,35.4324,0.98364,35.4324,317422,317422,317422,317422,317422,51,0,0,61469,0,0,0,0,0,6,3,50,0,,,,,
policies,direct,northrop-mall,eac,192,48,direct,replacement,off,moderate-mobile,10,50,stationary,up,50,500,500,0.317924,0.95122,35.976,0.983365,35.976,238636,238636,238636,238636,238636,51,0,0,68990,0,0,0,0,0,6,4,50,0,,,,,
policies,direct,northrop-mall,eac,192,48,direct,replacement,off,moderate-mobile,10,50,quick-turn,face-centre,50,750,750,1.77633,0.853659,33.3431,0.976149,33.3431,540649,540649,1226509,1226509,1226509,129,9,29283,328612,0,0,0,0,0,6,5,119,0,12.2732,21.0699,400,400,0
policies,direct,northrop-mall,eac,192,48,direct,replacement,off,moderate-mobile,10,50,quick-turn,off-axis,50,750,750,1.73975,0.853659,32.3097,0.975833,32.3097,491485,491485,1162775,1162775,1162775,133,4,0,134513,0,0,0,0,0,6,5,128,0,10.8973,21.4124,400,400,0
policies,direct,northrop-mall,eac,192,48,direct,replacement,off,moderate-mobile,10,50,quick-turn,cube-corner,50,500,500,1.49655,0.878049,34.9629,0.98167,34.9629,317422,317422,819729,819729,819729,135,3,5329,127294,0,0,0,0,0,6,3,131,0,10.7931,24.1698,400,400,0
policies,direct,northrop-mall,eac,192,48,direct,replacement,off,moderate-mobile,10,50,quick-turn,down,50,750,750,0.892903,0.878049,28.5649,0.971309,28.5649,730007,730007,1367870,1367870,1367870,97,1,13162.3,142531,0,0,1,0,0,6,6,95,0,0,28.5649,150,150,0
policies,direct,northrop-mall,eac,192,48,direct,replacement,off,moderate-mobile,10,50,slow-turn,face-centre,50,750,750,0.310848,0.962963,31.5496,0.97617,31.5496,573964,719769,957864,1615298,2921792,318,0,0,139827,0,0,37,115,0,6,6,196,0,,,,,
policies,direct,northrop-mall,eac,192,48,direct,replacement,off,moderate-mobile,10,50,explore,face-centre,50,750,750,0.450574,0.953846,30.2614,0.972698,30.2614,522272,612032,891134,2259316,3581679,381,0,0,173018,0,0,32,184,0,6,6,196,0,,,,,
policies,direct,northrop-mall,eac,192,48,direct,replacement,off,constrained-mobile,2,100,stationary,face-centre,120,2000,2000,2.44247,0.804878,31.5496,0.97617,31.5496,155335,384444,540649,540649,540649,49,0,0,158301,0,0,0,0,0,6,5,48,0,,,,,
policies,direct,northrop-mall,eac,192,48,direct,replacement,off,constrained-mobile,2,100,stationary,off-axis,120,2000,2250,2.23993,0.780488,31.9272,0.976746,31.9272,158468,405186,491485,491485,491485,46,0,0,56456,0,0,0,0,0,6,3,45,0,,,,,
policies,direct,northrop-mall,eac,192,48,direct,replacement,off,constrained-mobile,2,100,stationary,cube-corner,120,1250,1500,1.47159,0.853659,35.4324,0.98364,35.4324,173683,317422,317422,317422,317422,51,0,0,61469,0,0,0,0,0,6,2,50,0,,,,,
policies,direct,northrop-mall,eac,192,48,direct,replacement,off,constrained-mobile,2,100,stationary,up,120,1250,1250,1.16789,0.878049,35.976,0.983365,35.976,123587,238636,238636,238636,238636,51,0,0,68990,0,0,0,0,0,6,3,50,0,,,,,
policies,direct,northrop-mall,eac,192,48,direct,replacement,off,constrained-mobile,2,100,quick-turn,face-centre,120,2000,2000,4.857,0.634146,33.3431,0.976149,33.3431,155335,384444,942578,942578,942578,111,25,47917,217477,0,0,0,0,0,6,5,85,0,16.1866,17.1566,1400,1400,7.94736
policies,direct,northrop-mall,eac,192,48,direct,replacement,off,constrained-mobile,2,100,quick-turn,off-axis,120,2000,4000,4.60991,0.609756,32.3097,0.975833,32.3097,158468,405186,936971,936971,936971,113,19,40911.5,148916,0,0,0,0,0,6,3,93,0,15.9686,16.3411,1400,1400,4.60333
policies,direct,northrop-mall,eac,192,48,direct,replacement,off,constrained-mobile,2,100,quick-turn,cube-corner,120,1250,1500,3.47055,0.707317,34.9629,0.98167,34.9629,173683,317422,659907,659907,659907,120,11,5000,129499,0,0,0,0,0,6,3,108,0,15.9235,19.0394,1150,1150,0
policies,direct,northrop-mall,eac,192,48,direct,replacement,off,constrained-mobile,2,100,quick-turn,down,120,3500,3750,3.19091,0.634146,28.5649,0.971309,28.5649,119780,372542,942178,942178,942178,76,14,56175,195378,0,0,0,0,0,6,4,61,0,9.94943,18.6155,900,1150,8.01195
policies,direct,northrop-mall,eac,192,48,direct,replacement,off,constrained-mobile,2,100,slow-turn,face-centre,120,2750,3000,2.15287,0.641975,31.5496,0.97617,31.5496,157230,373436,787396,1460898,2759912,304,0,0,139827,0,0,23,101,0,6,5,196,0,,,,,
policies,direct,northrop-mall,eac,192,48,direct,replacement,off,constrained-mobile,2,100,explore,face-centre,120,2000,2000,6.53173,0.415385,20.5343,0.683389,30.2614,176513,376075,664570,1855840,2726980,314,4,41980.6,171451,0,0,11,107,0,6,3,196,0,,,,,
policies,direct,northrop-mall,eac,192,48,direct,replacement,off,very-constrained,0.75,150,stationary,face-centre,200,4750,4750,6.04419,0.536585,31.5496,0.97617,31.5496,13182,129501,403110,540649,540649,49,0,0,158301,0,0,0,0,0,6,3,48,0,,,,,
policies,direct,northrop-mall,eac,192,48,direct,replacement,off,very-constrained,0.75,150,stationary,off-axis,200,5000,5250,5.71652,0.487805,31.9272,0.976746,31.9272,15278,134504,411950,491485,491485,46,0,0,56456,0,0,0,0,0,6,2,45,0,,,,,
policies,direct,northrop-mall,eac,192,48,direct,replacement,off,very-constrained,0.75,150,stationary,cube-corner,200,3000,3000,3.63976,0.707317,35.4324,0.98364,35.4324,48269,155703,317422,317422,317422,51,0,0,61469,0,0,0,0,0,6,1,50,0,,,,,
policies,direct,northrop-mall,eac,192,48,direct,replacement,off,very-constrained,0.75,150,stationary,up,200,2250,2500,2.45978,0.756098,35.976,0.983365,35.976,65428,125449,238636,238636,238636,51,0,0,68990,0,0,0,0,0,6,2,50,0,,,,,
policies,direct,northrop-mall,eac,192,48,direct,replacement,off,very-constrained,0.75,150,quick-turn,face-centre,200,6000,6000,8.34936,0.414634,33.3431,0.976149,33.3431,13182,129501,354143,636231,636231,88,26,11250,170844,0,0,0,0,0,6,3,61,0,16.5613,16.7818,3400,3400,15.9923
policies,direct,northrop-mall,eac,192,48,direct,replacement,off,very-constrained,0.75,150,quick-turn,off-axis,200,6500,6750,8.61605,0.341463,32.3097,0.975833,32.3097,15278,134504,360565,600377,600377,85,26,15813,73440,0,0,0,0,0,6,2,58,0,16.5254,15.7844,3900,4150,15.7303
policies,direct,northrop-mall,eac,192,48,direct,replacement,off,very-constrained,0.75,150,quick-turn,cube-corner,200,5250,5250,7.16838,0.487805,34.9629,0.98167,34.9629,48269,155703,390887,489717,489717,95,15,14153.8,80483.8,0,0,0,0,0,6,2,79,0,16.5587,18.4042,2650,2650,14.9057
policies,direct,northrop-mall,eac,192,48,direct,replacement,off,very-constrained,0.75,150,quick-turn,down,200,6250,6500,6.04524,0.365854,28.5649,0.971309,28.5649,5531,91599,381293,782254,782254,61,7,13114.7,229615,0,0,0,0,0,6,2,53,0,11.4951,17.0698,3650,3900,12.162
policies,direct,northrop-mall,eac,192,48,direct,replacement,off,very-constrained,0.75,150,slow-turn,face-centre,200,,,14.342,0,18.7028,0.655983,31.5496,5531,148112,404360,872967,1794640,211,3,30832.6,69261.6,0,0,3,5,0,6,3,196,0,,,,,
policies,direct,northrop-mall,eac,192,48,direct,replacement,off,very-constrained,0.75,150,explore,face-centre,200,2750,2750,12.8804,0.0307692,16.7819,0.265047,30.2614,54163.4,153077,381343,885228,1403340,207,25,196949,334023,0,0,1,0,0,6,3,175,0,,,,,
policies,direct,bookstore,eac,192,48,direct,replacement,off,fast,50,20,stationary,face-centre,20,250,250,0,0.97561,44.0894,0.990835,44.0894,170381,170381,170381,170381,170381,49,0,0,54332,0,0,0,0,0,6,6,48,0,,,,,
policies,direct,bookstore,eac,192,48,direct,replacement,off,fast,50,20,stationary,off-axis,20,250,250,0.000317157,0.97561,43.6365,0.990461,43.6365,167790,167790,167790,167790,167790,46,0,0,16504,0,0,0,0,0,6,6,45,0,,,,,
policies,direct,bookstore,eac,192,48,direct,replacement,off,fast,50,20,stationary,cube-corner,20,250,250,0.0000145639,0.97561,43.2311,0.991969,43.2311,160189,160189,160189,160189,160189,51,0,0,33133,0,0,0,0,0,6,6,50,0,,,,,
policies,direct,bookstore,eac,192,48,direct,replacement,off,fast,50,20,stationary,up,20,250,250,0,0.97561,45.9679,0.989397,45.9679,105813,105813,105813,105813,105813,51,0,0,28399,0,0,0,0,0,6,6,50,0,,,,,
policies,direct,bookstore,eac,192,48,direct,replacement,off,fast,50,20,quick-turn,face-centre,20,250,250,1.04009,0.926829,44.6587,0.992499,44.6587,170381,170381,592241,592241,592241,163,0,0,53568,0,0,0,0,0,6,6,162,0,0,44.6587,150,150,0
policies,direct,bookstore,eac,192,48,direct,replacement,off,fast,50,20,quick-turn,off-axis,20,250,250,0.977858,0.926829,46.0367,0.993095,46.0367,167790,167790,591233,591233,591233,167,0,0,45333,0,0,0,0,0,6,6,166,0,0,46.0367,150,150,0
policies,direct,bookstore,eac,192,48,direct,replacement,off,fast,50,20,quick-turn,cube-corner,20,250,250,0.867509,0.926829,46.1957,0.99213,46.1957,160189,160189,476811,476811,476811,157,0,0,33842,0,0,0,0,0,6,6,156,0,0,46.1957,150,150,0
policies,direct,bookstore,eac,192,48,direct,replacement,off,fast,50,20,quick-turn,down,20,250,250,0.0118838,0.97561,43.2216,0.990562,43.2216,153467,153467,320487,320487,320487,102,0,0,41170,0,0,0,0,0,6,6,101,0,0,43.2216,150,150,0
policies,direct,bookstore,eac,192,48,direct,replacement,off,fast,50,20,slow-turn,face-centre,20,500,500,0.0713308,0.975309,44.0894,0.990835,44.0894,193951,261493,431168,664403,1125980,321,0,0,37405,0,0,40,124,0,6,6,196,0,,,,,
policies,direct,bookstore,eac,192,48,direct,replacement,off,fast,50,20,explore,face-centre,20,250,250,0.000635969,0.984615,42.578,0.989788,42.578,289461,365338,458703,898552,1320696,398,0,0,57452,0,0,45,201,0,6,6,196,0,,,,,
policies,direct,bookstore,eac,192,48,direct,replacement,off,moderate-mobile,10,50,stationary,face-centre,50,500,500,0.492328,0.95122,44.0894,0.990835,44.0894,170381,170381,170381,170381,170381,49,0,0,54332,0,0,0,0,0,6,5,48,0,,,,,
policies,direct,bookstore,eac,192,48,direct,replacement,off,moderate-mobile,10,50,stationary,off-axis,50,500,500,0.460152,0.95122,43.6365,0.990461,43.6365,167790,167790,167790,167790,167790,46,0,0,16504,0,0,0,0,0,6,4,45,0,,,,,
policies,direct,bookstore,eac,192,48,direct,replacement,off,moderate-mobile,10,50,stationary,cube-corner,50,500,500,0.416144,0.95122,43.2311,0.991969,43.2311,160189,160189,160189,160189,160189,51,0,0,33133,0,0,0,0,0,6,4,50,0,,,,,
policies,direct,bookstore,eac,192,48,direct,replacement,off,moderate-mobile,10,50,stationary,up,50,500,500,0.20439,0.95122,45.9679,0.989397,45.9679,105813,105813,105813,105813,105813,51,0,0,28399,0,0,0,0,0,6,4,50,0,,,,,
policies,direct,bookstore,eac,192,48,direct,replacement,off,moderate-mobile,10,50,quick-turn,face-centre,50,500,500,2.01075,0.878049,44.6587,0.992499,44.6587,170381,170381,436587,436587,436587,131,4,3545.5,98362.5,0,0,0,0,0,6,5,126,0,15.6566,29.0021,400,400,0
policies,direct,bookstore,eac,192,48,direct,replacement,off,moderate-mobile,10,50,quick-turn,off-axis,50,500,500,1.91805,0.878049,46.0367,0.993095,46.0367,167790,167790,442943,442943,442943,134,2,0,46963,0,0,0,0,0,6,4,131,0,14.16,31.8767,400,400,0
policies,direct,bookstore,eac,192,48,direct,replacement,off,moderate-mobile,10,50,quick-turn,cube-corner,50,500,500,1.76492,0.878049,46.1957,0.99213,46.1957,160189,160189,407813,407813,407813,136,0,0,47893,0,0,0,0,0,6,4,135,0,13.037,33.1587,400,400,0
policies,direct,bookstore,eac,192,48,direct,replacement,off,moderate-mobile,10,50,quick-turn,down,50,500,500,0.811067,0.902439,43.2216,0.990562,43.2216,153467,153467,315296,315296,315296,101,1,0,38056,0,0,0,0,0,6,6,99,0,0,43.2216,150,150,0
policies,direct,bookstore,eac,192,48,direct,replacement,off,moderate-mobile,10,50,slow-turn,face-centre,50,500,500,0.235829,0.975309,44.0894,0.990835,44.0894,193951,261493,423665,656551,1117838,321,0,0,37405,0,0,40,118,0,6,6,196,0,,,,,
policies,direct,bookstore,eac,192,48,direct,replacement,off,moderate-mobile,10,50,explore,face-centre,50,500,500,0.35557,0.969231,42.578,0.989788,42.578,246111,328574,419000,860187,1283932,386,0,0,54107,0,0,35,189,0,6,4,196,0,,,,,
policies,direct,bookstore,eac,192,48,direct,replacement,off,constrained-mobile,2,100,stationary,face-centre,110,1000,1000,1.51282,0.902439,44.0894,0.990835,44.0894,123340,170381,170381,170381,170381,49,0,0,54332,0,0,0,0,0,6,3,48,0,,,,,
policies,direct,bookstore,eac,192,48,direct,replacement,off,constrained-mobile,2,100,stationary,off-axis,110,1250,1250,1.56597,0.878049,43.6365,0.990461,43.6365,144084,167790,167790,167790,167790,46,0,0,16504,0,0,0,0,0,6,2,45,0,,,,,
policies,direct,bookstore,eac,192,48,direct,replacement,off,constrained-mobile,2,100,stationary,cube-corner,110,1000,1000,1.2592,0.902439,43.2311,0.991969,43.2311,122016,160189,160189,160189,160189,51,0,0,33133,0,0,0,0,0,6,3,50,0,,,,,
policies,direct,bookstore,eac,192,48,direct,replacement,off,constrained-mobile,2,100,stationary,up,110,1000,1000,0.642977,0.902439,45.9679,0.989397,45.9679,86642,105813,105813,105813,105813,51,0,0,28399,0,0,0,0,0,6,3,50,0,,,,,
policies,direct,bookstore,eac,192,48,direct,replacement,off,constrained-mobile,2,100,quick-turn,face-centre,110,1000,1000,3.5922,0.804878,44.6587,0.992499,44.6587,123340,170381,357298,357298,357298,117,18,19749,103068,0,0,0,0,0,6,3,98,0,20.3698,24.2889,650,650,0
policies,direct,bookstore,eac,192,48,direct,replacement,off,constrained-mobile,2,100,quick-turn,off-axis,110,1250,1250,3.73645,0.756098,46.0367,0.993095,46.0367,144084,167790,345951,345951,345951,116,10,3750,62207,0,0,0,0,0,6,3,105,0,20.352,25.6847,900,900,0
policies,direct,bookstore,eac,192,48,direct,replacement,off,constrained-mobile,2,100,quick-turn,cube-corner,110,1000,1000,3.05119,0.804878,46.1957,0.99213,46.1957,122016,160189,313032,313032,313032,120,11,5000,66246,0,0,0,0,0,6,3,108,0,16.7322,29.4634,650,650,0
policies,direct,bookstore,eac,192,48,direct,replacement,off,constrained-mobile,2,100,quick-turn,down,110,1000,1250,2.15379,0.804878,43.2216,0.990562,43.2216,96081,153467,278502,278502,278502,91,3,903,59302,0,0,0,0,0,6,5,87,0,10.6083,32.6133,400,400,0
policies,direct,bookstore,eac,192,48,direct,replacement,off,constrained-mobile,2,100,slow-turn,face-centre,110,1250,1250,0.938425,0.938272,44.0894,0.990835,44.0894,132748,220766,372873,615892,1066649,311,0,0,37405,0,0,30,108,0,6,6,196,0,,,,,
policies,direct,bookstore,eac,192,48,direct,replacement,off,constrained-mobile,2,100,explore,face-centre,110,1750,1750,1.86816,0.846154,42.578,0.989788,42.578,122632,268588,378624,821106,1243620,374,0,0,56955,0,0,29,176,0,6,4,196,0,,,,,
policies,direct,bookstore,eac,192,48,direct,replacement,off,very-constrained,0.75,150,stationary,face-centre,190,2000,2000,3.33247,0.804878,44.0894,0.990835,44.0894,54005,128049,170381,170381,170381,49,0,0,54332,0,0,0,0,0,6,2,48,0,,,,,
policies,direct,bookstore,eac,192,48,direct,replacement,off,very-constrained,0.75,150,stationary,off-axis,190,2000,2000,3.22855,0.804878,43.6365,0.990461,43.6365,51881,147598,167790,167790,167790,46,0,0,16504,0,0,0,0,0,6,2,45,0,,,,,
policies,direct,bookstore,eac,192,48,direct,replacement,off,very-constrained,0.75,150,stationary,cube-corner,190,2000,2000,2.55875,0.804878,43.2311,0.991969,43.2311,56667,130993,160189,160189,160189,51,0,0,33133,0,0,0,0,0,6,2,50,0,,,,,
policies,direct,bookstore,eac,192,48,direct,replacement,off,very-constrained,0.75,150,stationary,up,190,1500,1750,1.24524,0.829268,45.9679,0.989397,45.9679,42415,101132,105813,105813,105813,51,0,0,28399,0,0,0,0,0,6,3,50,0,,,,,
policies,direct,bookstore,eac,192,48,direct,replacement,off,very-constrained,0.75,150,quick-turn,face-centre,190,2000,2000,6.74572,0.634146,44.6587,0.992499,44.6587,54005,128049,313051,313051,313051,113,23,5186.73,72410.7,0,0,0,0,0,6,2,89,0,20.7749,23.8838,1400,1400,13.1847
policies,direct,bookstore,eac,192,48,direct,replacement,off,very-constrained,0.75,150,quick-turn,off-axis,190,2000,2000,6.45162,0.634146,46.0367,0.993095,46.0367,51881,147598,301353,301353,301353,111,20,7190.25,34592.3,0,0,0,0,0,6,2,90,0,20.8075,25.2292,1400,1400,11.4477
policies,direct,bookstore,eac,192,48,direct,replacement,off,very-constrained,0.75,150,quick-turn,cube-corner,190,2000,2000,5.19995,0.634146,46.1957,0.99213,46.1957,56667,130993,275399,275399,275399,115,17,8550.44,38322.4,0,0,0,0,0,6,3,97,0,17.0982,29.0974,1150,1400,4.61459
policies,direct,bookstore,eac,192,48,direct,replacement,off,very-constrained,0.75,150,quick-turn,down,190,2000,2000,3.88984,0.682927,43.2216,0.990562,43.2216,40352,101779,222005,222005,222005,82,13,6739.05,41996.1,0,0,0,0,0,6,4,68,0,13.1542,30.0674,650,900,7.42535
policies,direct,bookstore,eac,192,48,direct,replacement,off,very-constrained,0.75,150,slow-turn,face-centre,190,3250,3250,4.71674,0.506173,44.0894,0.990835,44.0894,54528,136096,349177,592196,1042953,304,0,0,34547,0,0,24,101,0,6,4,196,0,,,,,
policies,direct,bookstore,eac,192,48,direct,replacement,off,very-constrained,0.75,150,explore,face-centre,190,2500,2750,10.1066,0.323077,28.3299,0.949006,42.578,41849.3,129935,299533,700563,1026130,316,5,13690.5,55029.3,0,0,14,108,0,6,4,196,0,,,,,
policies,direct,superblock,eac,192,48,direct,replacement,off,fast,50,20,stationary,face-centre,20,250,250,0,0.97561,38.4231,0.986026,38.4231,289276,289276,289276,289276,289276,49,0,0,88030,0,0,0,0,0,6,6,48,0,,,,,
policies,direct,superblock,eac,192,48,direct,replacement,off,fast,50,20,stationary,off-axis,20,250,250,0.00539086,0.97561,39.8548,0.987626,39.8548,278082,278082,278082,278082,278082,46,0,0,49739,0,0,0,0,0,6,6,45,0,,,,,
policies,direct,superblock,eac,192,48,direct,replacement,off,fast,50,20,stationary,cube-corner,20,250,250,0.0000640341,0.97561,34.086,0.986691,34.086,409942,409942,409942,409942,409942,51,0,0,108589,0,0,0,0,0,6,6,50,0,,,,,
policies,direct,superblock,eac,192,48,direct,replacement,off,fast,50,20,stationary,up,20,250,250,0,0.97561,31.5621,0.985721,31.5621,441544,441544,441544,441544,441544,51,0,0,107447,0,0,0,0,0,6,6,50,0,,,,,
policies,direct,superblock,eac,192,48,direct,replacement,off,fast,50,20,quick-turn,face-centre,20,250,250,0.762697,0.926829,35.3022,0.983531,35.3022,289276,289276,1345178,1345178,1345178,163,0,0,152860,0,0,0,0,0,6,6,162,0,0,35.3022,150,150,0
policies,direct,superblock,eac,192,48,direct,replacement,off,fast,50,20,quick-turn,off-axis,20,250,250,0.739103,0.926829,34.5794,0.983764,34.5794,278082,278082,1462301,1462301,1462301,167,0,0,125546,0,0,0,0,0,6,6,166,0,0,34.5794,150,150,0
policies,direct,superblock,eac,192,48,direct,replacement,off,fast,50,20,quick-turn,cube-corner,20,250,250,0.471619,0.926829,31.6225,0.984972,31.6225,409942,409942,1554179,1554179,1554179,157,0,0,122821,0,0,0,0,0,6,6,156,0,0,31.6225,150,150,0
policies,direct,superblock,eac,192,48,direct,replacement,off,fast,50,20,quick-turn,down,20,250,250,0.00283593,0.97561,30.2373,0.976826,30.2373,614167,614167,1127108,1127108,1127108,102,0,0,117097,0,0,0,0,0,6,5,101,0,0,30.2373,150,150,0
policies,direct,superblock,eac,192,48,direct,replacement,off,fast,50,20,slow-turn,face-centre,20,250,500,0.0130402,0.975309,38.4231,0.986026,38.4231,327556,475188,873879,1586193,2685185,321,0,0,170187,0,0,40,124,0,6,6,196,0,,,,,
policies,direct,superblock,eac,192,48,direct,replacement,off,fast,50,20,explore,face-centre,20,250,250,0.00116785,0.984615,33.2656,0.977398,33.2656,609482,850248,1111764,2572214,3725358,398,0,0,205832,0,0,45,201,0,6,6,196,0,,,,,
policies,direct,superblock,eac,192,48,direct,replacement,off,moderate-mobile,10,50,stationary,face-centre,50,500,500,0.39714,0.95122,38.4231,0.986026,38.4231,289276,289276,289276,289276,289276,49,0,0,88030,0,0,0,0,0,6,4,48,0,,,,,
policies,direct,superblock,eac,192,48,direct,replacement,off,moderate-mobile,10,50,stationary,off-axis,50,500,500,0.441258,0.95122,39.8548,0.987626,39.8548,278082,278082,278082,278082,278082,46,0,0,49739,0,0,0,0,0,6,4,45,0,,,,,
policies,direct,superblock,eac,192,48,direct,replacement,off,moderate-mobile,10,50,stationary,cube-corner,50,500,750,0.408451,0.926829,34.086,0.986691,34.086,409942,409942,409942,409942,409942,51,0,0,108589,0,0,0,0,0,6,5,50,0,,,,,
policies,direct,superblock,eac,192,48,direct,replacement,off,moderate-mobile,10,50,stationary,up,50,500,500,0.309979,0.95122,31.5621,0.985721,31.5621,441544,441544,441544,441544,441544,51,0,0,107447,0,0,0,0,0,6,3,50,0,,,,,
policies,direct,superblock,eac,192,48,direct,replacement,off,moderate-mobile,10,50,quick-turn,face-centre,50,500,500,1.5499,0.878049,35.3022,0.983531,35.3022,289276,289276,1010570,1010570,1010570,130,4,11955.4,330338,0,0,0,0,0,6,4,125,0,11.7014,23.6008,400,400,0
policies,direct,superblock,eac,192,48,direct,replacement,off,moderate-mobile,10,50,quick-turn,off-axis,50,500,500,1.63897,0.878049,34.5794,0.983764,34.5794,278082,278082,1034992,1034992,1034992,129,4,2500,229958,0,0,0,0,0,6,4,124,0,12.7617,21.8177,400,400,0
policies,direct,superblock,eac,192,48,direct,replacement,off,moderate-mobile,10,50,quick-turn,cube-corner,50,500,750,1.48225,0.853659,31.6225,0.984972,31.6225,409942,409942,1225112,1225112,1225112,128,2,0,205100,0,0,0,0,0,6,5,125,0,11.5066,20.1158,400,400,0
policies,direct,superblock,eac,192,48,direct,replacement,off,moderate-mobile,10,50,quick-turn,down,50,750,750,0.580828,0.878049,30.2373,0.976826,30.2373,614167,614167,1074920,1074920,1074920,96,0,0,89445,0,0,0,0,0,6,5,95,0,0,30.2373,150,150,0
policies,direct,superblock,eac,192,48,direct,replacement,off,moderate-mobile,10,50,slow-turn,face-centre,50,750,750,0.271637,0.962963,38.4231,0.986026,38.4231,327556,475188,793501,1509973,2670320,321,0,0,170187,0,0,40,119,0,6,6,196,0,,,,,
policies,direct,superblock,eac,192,48,direct,replacement,off,moderate-mobile,10,50,explore,face-centre,50,750,750,0.408339,0.953846,33.2656,0.977398,33.2656,492053,757744,1006224,2466436,3632854,385,0,0,205512,0,0,34,188,0,6,4,196,0,,,,,
policies,direct,superblock,eac,192,48,direct,replacement,off,constrained-mobile,2,100,stationary,face-centre,120,1250,1250,1.48329,0.878049,38.4231,0.986026,38.4231,167301,289276,289276,289276,289276,49,0,0,88030,0,0,0,0,0,6,3,48,0,,,,,
policies,direct,superblock,eac,192,48,direct,replacement,off,constrained-mobile,2,100,stationary,off-axis,120,1250,1250,1.5096,0.878049,39.8548,0.987626,39.8548,151335,278082,278082,278082,278082,46,0,0,49739,0,0,0,0,0,6,4,45,0,,,,,
policies,direct,superblock,eac,192,48,direct,replacement,off,constrained-mobile,2,100,stationary,cube-corner,120,1500,1750,1.70496,0.829268,34.086,0.986691,34.086,170805,374563,409942,409942,409942,51,0,0,108589,0,0,0,0,0,6,2,50,0,,,,,
policies,direct,superblock,eac,192,48,direct,replacement,off,constrained-mobile,2,100,stationary,up,120,1500,1750,1.45457,0.829268,31.5621,0.985721,31.5621,161882,386877,441544,441544,441544,51,0,0,107447,0,0,0,0,0,6,3,50,0,,,,,
policies,direct,superblock,eac,192,48,direct,replacement,off,constrained-mobile,2,100,quick-turn,face-centre,120,1250,1250,3.94943,0.707317,35.3022,0.983531,35.3022,167301,289276,788555,788555,788555,118,19,23612,226874,0,0,0,0,0,6,3,98,0,16.9049,18.3973,1400,1400,0
policies,direct,superblock,eac,192,48,direct,replacement,off,constrained-mobile,2,100,quick-turn,off-axis,120,1250,1250,4.10504,0.682927,34.5794,0.983764,34.5794,151335,278082,782443,782443,782443,114,20,41097.3,138905,0,0,0,0,0,6,4,93,0,17.0198,17.5596,1400,1650,0
policies,direct,superblock,eac,192,48,direct,replacement,off,constrained-mobile,2,100,quick-turn,cube-corner,120,1500,1750,4.13829,0.634146,31.6225,0.984972,31.6225,170805,374563,1012727,1012727,1012727,117,14,30783,204749,0,0,0,0,0,6,2,102,0,15.8438,15.7786,1400,1650,0
policies,direct,superblock,eac,192,48,direct,replacement,off,constrained-mobile,2,100,quick-turn,down,120,1750,2000,2.36579,0.707317,30.2373,0.976826,30.2373,168822,400124,837195,837195,837195,81,13,54479.3,165492,0,0,0,0,0,6,3,67,0,8.31686,21.9205,650,650,2.62762
policies,direct,superblock,eac,192,48,direct,replacement,off,constrained-mobile,2,100,slow-turn,face-centre,120,1500,1750,1.5387,0.703704,38.4231,0.986026,38.4231,154568,319738,734957,1451429,2583296,310,0,0,170187,0,0,29,107,0,6,5,196,0,,,,,
policies,direct,superblock,eac,192,48,direct,replacement,off,constrained-mobile,2,100,explore,face-centre,120,2500,2750,6.79557,0.323077,26.8201,0.878356,33.2656,124753,367174,871418,2008740,3137490,335,2,18605.3,120140,0,0,16,130,0,6,3,196,0,,,,,
policies,direct,superblock,eac,192,48,direct,replacement,off,very-constrained,0.75,150,stationary,face-centre,210,2750,2750,3.68763,0.731707,38.4231,0.986026,38.4231,50263,124202,289276,289276,289276,49,0,0,88030,0,0,0,0,0,6,3,48,0,,,,,
policies,direct,superblock,eac,192,48,direct,replacement,off,very-constrained,0.75,150,stationary,off-axis,210,2750,2750,3.56401,0.731707,39.8548,0.987626,39.8548,33407,143140,278082,278082,278082,46,0,0,49739,0,0,0,0,0,6,3,45,0,,,,,
policies,direct,superblock,eac,192,48,direct,replacement,off,very-constrained,0.75,150,stationary,cube-corner,210,3500,3500,4.02136,0.658537,34.086,0.986691,34.086,39283,143111,409942,409942,409942,51,0,0,108589,0,0,0,0,0,6,2,50,0,,,,,
policies,direct,superblock,eac,192,48,direct,replacement,off,very-constrained,0.75,150,stationary,up,210,3500,3750,3.67004,0.634146,31.5621,0.985721,31.5621,8972,151126,411642,441544,441544,51,0,0,107447,0,0,0,0,0,6,2,50,0,,,,,
policies,direct,superblock,eac,192,48,direct,replacement,off,very-constrained,0.75,150,quick-turn,face-centre,210,6250,6250,8.76597,0.390244,35.3022,0.983531,35.3022,50263,124202,369853,645519,645519,101,25,18103,185395,0,0,0,0,0,6,3,75,0,17.2044,18.0978,3650,3650,14.5472
policies,direct,superblock,eac,192,48,direct,replacement,off,very-constrained,0.75,150,quick-turn,off-axis,210,6500,7000,9.03343,0.317073,34.5794,0.983764,34.5794,33407,143140,376308,620789,620789,102,25,13259,69362,0,0,0,0,0,6,3,76,0,17.4586,17.1208,3900,4400,10.6659
policies,direct,superblock,eac,192,48,direct,replacement,off,very-constrained,0.75,150,quick-turn,cube-corner,210,6500,7000,8.60211,0.317073,31.6225,0.984972,31.6225,39283,143111,411650,745061,745061,89,19,40134,164830,0,0,0,0,0,6,2,69,0,16.2944,15.3281,3900,4400,13.8156
policies,direct,superblock,eac,192,48,direct,replacement,off,very-constrained,0.75,150,quick-turn,down,210,5000,5750,4.79571,0.439024,30.2373,0.976826,30.2373,5813,113909,410720,646788,646788,69,14,7031.25,158352,0,0,0,0,0,6,3,54,0,9.5807,20.6566,2400,3150,11.223
policies,direct,superblock,eac,192,48,direct,replacement,off,very-constrained,0.75,150,slow-turn,face-centre,210,,,14.5461,0,26.6836,0.907006,38.4231,57043,145700,406772,895044,1823558,229,0,0,11878,0,0,14,25,0,6,2,196,0,,,,,
policies,direct,superblock,eac,192,48,direct,replacement,off,very-constrained,0.75,150,explore,face-centre,210,,,14.7547,0,21.2927,0.482926,33.2656,54529.2,126954,419289,887812,1455810,165,24,169132,319610,0,0,3,0,0,6,2,132,0,,,,,
policies,levels,northrop-mall,eac,192,48,levels,replacement,off,fast,50,20,stationary,face-centre,20,500,500,0.0946528,0.95122,31.5496,0.97617,31.5496,839664,839664,839664,839664,839664,70,0,0,258282,0,0,0,0,0,6,6,69,0,,,,,
policies,levels,northrop-mall,eac,192,48,levels,replacement,off,fast,50,20,stationary,off-axis,20,500,500,0.106246,0.95122,31.9272,0.976746,31.9272,770983,770983,770983,770983,770983,69,0,0,56456,0,0,0,0,0,6,5,68,0,,,,,
policies,levels,northrop-mall,eac,192,48,levels,replacement,off,fast,50,20,stationary,cube-corner,20,500,500,0.0920368,0.95122,35.4324,0.98364,35.4324,540868,540868,540868,540868,540868,79,0,0,98037,0,0,0,0,0,6,6,78,0,,,,,
policies,levels,northrop-mall,eac,192,48,levels,replacement,off,fast,50,20,stationary,up,20,500,500,0.0997465,0.95122,35.976,0.983365,35.976,405541,405541,405541,405541,405541,78,0,0,103766,0,0,0,0,0,6,6,77,0,,,,,
policies,levels,northrop-mall,eac,192,48,levels,replacement,off,fast,50,20,quick-turn,face-centre,20,500,500,0.507594,0.902439,33.3431,0.976149,33.3431,839664,839664,2151864,2151864,2151864,201,0,0,376879,0,0,0,4,0,6,6,196,0,0,33.3431,150,150,0
policies,levels,northrop-mall,eac,192,48,levels,replacement,off,fast,50,20,quick-turn,off-axis,20,500,500,0.581205,0.902439,32.3097,0.975833,32.3097,770983,770983,1981564,1981564,1981564,207,0,0,116174,0,0,0,10,0,6,5,196,0,0,32.3097,150,150,0
policies,levels,northrop-mall,eac,192,48,levels,replacement,off,fast,50,20,quick-turn,cube-corner,20,500,500,0.535916,0.902439,34.9629,0.98167,34.9629,540868,540868,1480272,1480272,1480272,209,0,0,158003,0,0,0,12,0,6,6,196,0,0,34.9629,150,150,0
policies,levels,northrop-mall,eac,192,48,levels,replacement,off,fast,50,20,quick-turn,down,20,500,500,0.134789,0.95122,28.5649,0.971309,28.5649,1185166,1185166,2129425,2129425,2129425,145,0,0,226948,0,0,0,0,0,6,6,144,0,0,28.5649,150,150,0
policies,levels,northrop-mall,eac,192,48,levels,replacement,off,fast,50,20,slow-turn,face-centre,20,500,500,0.0459052,0.975309,31.5496,0.97617,31.5496,903692,1121267,1561751,2560301,4457710,442,0,0,1074265,0,0,59,242,0,6,6,196,0,,,,,
policies,levels,northrop-mall,eac,192,48,levels,replacement,off,fast,50,20,explore,face-centre,20,500,500,0.0710282,0.969231,30.2614,0.972698,30.2614,993054,1129030,1540271,3489570,5429081,538,0,0,1429527,0,0,65,341,0,6,6,196,0,,,,,
policies,levels,northrop-mall,eac,192,48,levels,replacement,off,moderate-mobile,10,50,stationary,face-centre,50,750,1000,0.466064,0.902439,31.5496,0.97617,31.5496,751669,839664,839664,839664,839664,70,0,0,258282,0,0,0,0,0,6,5,69,0,,,,,
policies,levels,northrop-mall,eac,192,48,levels,replacement,off,moderate-mobile,10,50,stationary,off-axis,50,750,1000,0.52911,0.902439,31.9272,0.976746,31.9272,758160,770983,770983,770983,770983,69,0,0,56456,0,0,0,0,0,6,4,68,0,,,,,
policies,levels,northrop-mall,eac,192,48,levels,replacement,off,moderate-mobile,10,50,stationary,cube-corner,50,750,750,0.382388,0.926829,35.4324,0.98364,35.4324,540868,540868,540868,540868,540868,79,0,0,112742,0,0,0,0,0,6,3,78,0,,,,,
policies,levels,northrop-mall,eac,192,48,levels,replacement,off,moderate-mobile,10,50,stationary,up,50,750,750,0.319467,0.926829,35.976,0.983365,35.976,405541,405541,405541,405541,405541,78,0,0,103766,0,0,0,0,0,6,4,77,0,,,,,
policies,levels,northrop-mall,eac,192,48,levels,replacement,off,moderate-mobile,10,50,quick-turn,face-centre,50,750,1000,1.24087,0.804878,33.3431,0.976149,33.3431,751669,839664,1852020,1852020,1852020,165,1,8333.33,438085,0,0,0,0,0,6,5,163,0,5.33152,28.0116,400,650,0
policies,levels,northrop-mall,eac,192,48,levels,replacement,off,moderate-mobile,10,50,quick-turn,off-axis,50,750,1000,1.34385,0.829268,32.3097,0.975833,32.3097,758160,770983,1662910,1662910,1662910,163,1,11732.5,127069,0,0,0,0,0,6,4,161,0,5.58852,26.7212,400,400,0
policies,levels,northrop-mall,eac,192,48,levels,replacement,off,moderate-mobile,10,50,quick-turn,cube-corner,50,750,750,1.10034,0.853659,34.9629,0.98167,34.9629,540868,540868,1272609,1272609,1272609,179,0,0,172998,0,0,0,0,0,6,4,178,0,5.64149,29.3214,400,400,0
policies,levels,northrop-mall,eac,192,48,levels,replacement,off,moderate-mobile,10,50,quick-turn,down,50,1000,1000,0.76224,0.853659,28.5649,0.971309,28.5649,798050,1185166,1956306,1956306,1956306,132,1,14661,227961,0,0,1,0,0,6,5,130,0,0.0312936,28.5336,150,150,0
policies,levels,northrop-mall,eac,192,48,levels,replacement,off,moderate-mobile,10,50,slow-turn,face-centre,50,750,1000,0.256834,0.950617,31.5496,0.97617,31.5496,792474,1038766,1355195,2329860,4233866,428,0,0,1074265,0,0,45,225,0,6,5,196,0,,,,,
policies,levels,northrop-mall,eac,192,48,levels,replacement,off,moderate-mobile,10,50,explore,face-centre,50,1000,1250,0.406731,0.923077,30.2614,0.972698,30.2614,705627,901945,1334503,3295763,5203669,520,1,0,1158234,0,0,52,322,0,6,5,196,0,,,,,
policies,levels,northrop-mall,eac,192,48,levels,replacement,off,constrained-mobile,2,100,stationary,face-centre,120,2500,3000,2.1803,0.707317,31.5496,0.97617,31.5496,157463,354369,839664,839664,839664,70,0,0,258282,0,0,0,0,0,6,3,69,0,,,,,
policies,levels,northrop-mall,eac,192,48,levels,replacement,off,constrained-mobile,2,100,stationary,off-axis,120,2500,3000,2.29687,0.707317,31.9272,0.976746,31.9272,152291,391656,770983,770983,770983,69,0,0,56456,0,0,0,0,0,6,3,68,0,,,,,
policies,levels,northrop-mall,eac,192,48,levels,replacement,off,constrained-mobile,2,100,stationary,cube-corner,120,1750,2000,1.5579,0.804878,35.4324,0.98364,35.4324,167426,418216,540868,540868,540868,79,0,0,109275,0,0,0,0,0,6,3,78,0,,,,,
policies,levels,northrop-mall,eac,192,48,levels,replacement,off,constrained-mobile,2,100,stationary,up,120,1500,1750,1.12086,0.829268,35.976,0.983365,35.976,158498,341398,405541,405541,405541,78,0,0,103766,0,0,0,0,0,6,3,77,0,,,,,
policies,levels,northrop-mall,eac,192,48,levels,replacement,off,constrained-mobile,2,100,quick-turn,face-centre,120,4250,4500,4.04508,0.560976,33.3431,0.976149,33.3431,157463,354369,1056240,1227150,1227150,119,16,54250,323214,0,0,2,0,0,6,3,102,0,13.5722,19.7709,1650,1900,5.23398
policies,levels,northrop-mall,eac,192,48,levels,replacement,off,constrained-mobile,2,100,quick-turn,off-axis,120,4500,4750,4.31903,0.536585,32.3097,0.975833,32.3097,152291,391656,1115149,1172776,1172776,119,11,33254,119160,0,0,0,0,0,6,2,107,0,13.4883,18.8214,1900,2150,6.29332
policies,levels,northrop-mall,eac,192,48,levels,replacement,off,constrained-mobile,2,100,quick-turn,cube-corner,120,1750,2000,3.22913,0.634146,34.9629,0.98167,34.9629,167426,418216,1014400,1014400,1014400,151,9,37804.1,137829,0,0,0,0,0,6,3,141,0,11.6832,23.2797,1400,1400,1.84009
policies,levels,northrop-mall,eac,192,48,levels,replacement,off,constrained-mobile,2,100,quick-turn,down,120,3750,4250,3.1412,0.585366,28.5649,0.971309,28.5649,99156,404856,1154240,1357920,1357920,93,5,22900.3,297982,0,0,0,0,0,6,3,87,0,8.23039,20.3345,1150,1650,6.23891
policies,levels,northrop-mall,eac,192,48,levels,replacement,off,constrained-mobile,2,100,slow-turn,face-centre,120,3750,4500,2.15862,0.54321,31.5496,0.97617,31.5496,113112,376340,1006930,1985650,3889650,399,1,8791.67,243952,0,0,23,195,0,6,4,196,0,,,,,
policies,levels,northrop-mall,eac,192,48,levels,replacement,off,constrained-mobile,2,100,explore,face-centre,120,2000,2000,4.76151,0.292308,24.706,0.872641,30.2614,171788,394350,798606,2018170,3048790,342,1,10833.3,157707,0,0,13,138,0,6,4,196,0,,,,,
policies,levels,northrop-mall,eac,192,48,levels,replacement,off,very-constrained,0.75,150,stationary,face-centre,200,5750,6750,5.32266,0.341463,31.5496,0.97617,31.5496,5531,100507,426744,839664,839664,70,0,0,258282,0,0,0,0,0,6,2,69,0,,,,,
policies,levels,northrop-mall,eac,192,48,levels,replacement,off,very-constrained,0.75,150,stationary,off-axis,200,6250,7250,5.79139,0.292683,31.9272,0.976746,31.9272,8998,108999,428014,770983,770983,69,0,0,56456,0,0,0,0,0,6,2,68,0,,,,,
policies,levels,northrop-mall,eac,192,48,levels,replacement,off,very-constrained,0.75,150,stationary,cube-corner,200,4000,4500,4.1374,0.560976,35.4324,0.98364,35.4324,44497,141874,431082,540868,540868,79,0,0,109275,0,0,0,0,0,6,2,78,0,,,,,
policies,levels,northrop-mall,eac,192,48,levels,replacement,off,very-constrained,0.75,150,stationary,up,200,3000,3750,2.93454,0.634146,35.976,0.983365,35.976,21825,144462,405541,405541,405541,78,0,0,103766,0,0,0,0,0,6,3,77,0,,,,,
policies,levels,northrop-mall,eac,192,48,levels,replacement,off,very-constrained,0.75,150,quick-turn,face-centre,200,7000,7750,7.54918,0.243902,33.3431,0.976149,33.3431,5531,100507,399292,860954,860954,94,17,74623.3,266472,0,0,2,0,0,6,2,70,0,16.5639,16.7792,4400,5150,11.2305
policies,levels,northrop-mall,eac,192,48,levels,replacement,off,very-constrained,0.75,150,quick-turn,off-axis,200,7500,8500,8.02667,0.170732,32.3097,0.975833,32.3097,8998,108999,407839,850677,850677,91,12,53093.9,126028,0,0,0,0,0,6,2,78,0,16.4611,15.8486,4900,5900,11.6306
policies,levels,northrop-mall,eac,192,48,levels,replacement,off,very-constrained,0.75,150,quick-turn,cube-corner,200,6250,6500,6.94201,0.365854,34.9629,0.98167,34.9629,44497,141874,391381,697396,697396,107,10,33991.5,123521,0,0,0,0,0,6,3,96,0,16.4165,18.5464,3650,3900,11.1533
policies,levels,northrop-mall,eac,192,48,levels,replacement,off,very-constrained,0.75,150,quick-turn,down,200,7750,8750,6.57786,0.146341,28.5217,0.970891,28.5649,5531,99156,404642,865542,865542,64,2,13828.1,13828.1,0,0,0,0,0,6,2,55,0,9.78041,18.7845,5150,6150,11.2147
policies,levels,northrop-mall,eac,192,48,levels,replacement,off,very-constrained,0.75,150,slow-turn,face-centre,200,,,9.46208,0,24.0606,0.859539,31.5496,5531,96329,423293,865222,1812700,191,1,13058.8,86517.8,0,0,0,0,0,6,2,183,0,,,,,
policies,levels,northrop-mall,eac,192,48,levels,replacement,off,very-constrained,0.75,150,explore,face-centre,200,3750,,9.80789,0,20.7232,0.627589,30.2614,16217.2,147556,390154,850672,1403460,182,7,64914.7,155557,0,0,2,0,0,6,2,168,0,,,,,
policies,levels,bookstore,eac,192,48,levels,replacement,off,fast,50,20,stationary,face-centre,20,250,500,0.0731707,0.95122,44.0894,0.990835,44.0894,275722,275722,275722,275722,275722,70,0,0,89333,0,0,0,0,0,6,6,69,0,,,,,
policies,levels,bookstore,eac,192,48,levels,replacement,off,fast,50,20,stationary,off-axis,20,500,500,0.101676,0.95122,43.6365,0.990461,43.6365,276671,276671,276671,276671,276671,69,0,0,16504,0,0,0,0,0,6,6,68,0,,,,,
policies,levels,bookstore,eac,192,48,levels,replacement,off,fast,50,20,stationary,cube-corner,20,250,500,0.049043,0.95122,43.2311,0.991969,43.2311,291149,291149,291149,291149,291149,79,0,0,60745,0,0,0,0,0,6,6,78,0,,,,,
policies,levels,bookstore,eac,192,48,levels,replacement,off,fast,50,20,stationary,up,20,250,250,0.0183783,0.97561,45.9679,0.989397,45.9679,193789,193789,193789,193789,193789,78,0,0,59091,0,0,0,0,0,6,6,77,0,,,,,
policies,levels,bookstore,eac,192,48,levels,replacement,off,fast,50,20,quick-turn,face-centre,20,250,500,0.581924,0.902439,44.6587,0.992499,44.6587,275722,275722,817841,817841,817841,201,0,0,123044,0,0,0,4,0,6,6,196,0,0,44.6587,150,150,0
policies,levels,bookstore,eac,192,48,levels,replacement,off,fast,50,20,quick-turn,off-axis,20,500,500,0.636989,0.902439,46.0367,0.993095,46.0367,276671,276671,817341,817341,817341,207,0,0,37476,0,0,0,10,0,6,6,196,0,0,46.0367,150,150,0
policies,levels,bookstore,eac,192,48,levels,replacement,off,fast,50,20,quick-turn,cube-corner,20,250,500,0.522764,0.902439,46.1957,0.99213,46.1957,291149,291149,755830,755830,755830,209,0,0,74712,0,0,0,12,0,6,6,196,0,0,46.1957,150,150,0
policies,levels,bookstore,eac,192,48,levels,replacement,off,fast,50,20,quick-turn,down,20,500,500,0.0832359,0.95122,43.2216,0.990562,43.2216,283785,283785,541573,541573,541573,145,0,0,72041,0,0,0,0,0,6,6,144,0,0,43.2216,150,150,0
policies,levels,bookstore,eac,192,48,levels,replacement,off,fast,50,20,slow-turn,face-centre,20,500,500,0.0413422,0.975309,44.0894,0.990835,44.0894,311167,425987,679528,1033554,1748523,442,0,0,470456,0,0,59,243,0,6,6,196,0,,,,,
policies,levels,bookstore,eac,192,48,levels,replacement,off,fast,50,20,explore,face-centre,20,500,500,0.0620371,0.969231,42.578,0.989788,42.578,437246,562600,693655,1364692,2023655,540,0,0,578684,0,0,66,343,0,6,6,196,0,,,,,
policies,levels,bookstore,eac,192,48,levels,replacement,off,moderate-mobile,10,50,stationary,face-centre,50,750,750,0.280552,0.926829,44.0894,0.990835,44.0894,275722,275722,275722,275722,275722,70,0,0,89333,0,0,0,0,0,6,5,69,0,,,,,
policies,levels,bookstore,eac,192,48,levels,replacement,off,moderate-mobile,10,50,stationary,off-axis,50,750,750,0.385186,0.926829,43.6365,0.990461,43.6365,276671,276671,276671,276671,276671,69,0,0,16504,0,0,0,0,0,6,4,68,0,,,,,
policies,levels,bookstore,eac,192,48,levels,replacement,off,moderate-mobile,10,50,stationary,cube-corner,50,750,750,0.334111,0.926829,43.2311,0.991969,43.2311,291149,291149,291149,291149,291149,79,0,0,73233,0,0,0,0,0,6,5,78,0,,,,,
policies,levels,bookstore,eac,192,48,levels,replacement,off,moderate-mobile,10,50,stationary,up,50,500,500,0.129472,0.95122,45.9679,0.989397,45.9679,193789,193789,193789,193789,193789,78,0,0,59091,0,0,0,0,0,6,5,77,0,,,,,
policies,levels,bookstore,eac,192,48,levels,replacement,off,moderate-mobile,10,50,quick-turn,face-centre,50,750,750,1.06876,0.853659,44.6587,0.992499,44.6587,275722,275722,705941,705941,705941,169,1,0,127045,0,0,0,0,0,6,5,167,0,5.68289,38.9758,400,400,0
policies,levels,bookstore,eac,192,48,levels,replacement,off,moderate-mobile,10,50,quick-turn,off-axis,50,750,750,1.20503,0.853659,46.0367,0.993095,46.0367,276671,276671,674746,674746,674746,169,0,0,32004,0,0,0,0,0,6,4,168,0,5.22265,40.8141,400,400,0
policies,levels,bookstore,eac,192,48,levels,replacement,off,moderate-mobile,10,50,quick-turn,cube-corner,50,750,750,0.953576,0.853659,46.1957,0.99213,46.1957,291149,291149,658348,658348,658348,180,0,0,71226,0,0,0,0,0,6,5,179,0,3.33778,42.8579,400,400,0
policies,levels,bookstore,eac,192,48,levels,replacement,off,moderate-mobile,10,50,quick-turn,down,50,750,750,0.548053,0.878049,43.2216,0.990562,43.2216,283785,283785,523478,523478,523478,139,0,0,79805,0,0,0,0,0,6,6,138,0,0,43.2216,150,150,0
policies,levels,bookstore,eac,192,48,levels,replacement,off,moderate-mobile,10,50,slow-turn,face-centre,50,750,750,0.152158,0.962963,44.0894,0.990835,44.0894,304493,419313,643271,1006883,1712340,440,0,0,470456,0,0,57,233,0,6,6,196,0,,,,,
policies,levels,bookstore,eac,192,48,levels,replacement,off,moderate-mobile,10,50,explore,face-centre,50,750,1000,0.258348,0.938462,42.578,0.989788,42.578,360378,502042,637363,1309738,1967535,523,0,0,490462,0,0,55,326,0,6,5,196,0,,,,,
policies,levels,bookstore,eac,192,48,levels,replacement,off,constrained-mobile,2,100,stationary,face-centre,110,1250,1500,1.1714,0.853659,44.0894,0.990835,44.0894,133888,275722,275722,275722,275722,70,0,0,89333,0,0,0,0,0,6,3,69,0,,,,,
policies,levels,bookstore,eac,192,48,levels,replacement,off,constrained-mobile,2,100,stationary,off-axis,110,1500,1750,1.31974,0.829268,43.6365,0.990461,43.6365,140717,276671,276671,276671,276671,69,0,0,16504,0,0,0,0,0,6,3,68,0,,,,,
policies,levels,bookstore,eac,192,48,levels,replacement,off,constrained-mobile,2,100,stationary,cube-corner,110,1250,1750,1.16538,0.829268,43.2311,0.991969,43.2311,141786,289401,291149,291149,291149,79,0,0,73233,0,0,0,0,0,6,5,78,0,,,,,
policies,levels,bookstore,eac,192,48,levels,replacement,off,constrained-mobile,2,100,stationary,up,110,750,1000,0.54,0.902439,45.9679,0.989397,45.9679,99699,193789,193789,193789,193789,78,0,0,59091,0,0,0,0,0,6,3,77,0,,,,,
policies,levels,bookstore,eac,192,48,levels,replacement,off,constrained-mobile,2,100,quick-turn,face-centre,110,1250,1500,2.97564,0.707317,44.6587,0.992499,44.6587,133888,275722,594868,594868,594868,153,5,3125,159972,0,0,0,0,0,6,3,147,0,10.5417,34.117,1150,1150,0
policies,levels,bookstore,eac,192,48,levels,replacement,off,constrained-mobile,2,100,quick-turn,off-axis,110,1500,1750,2.94127,0.682927,46.0367,0.993095,46.0367,140717,276671,558954,558954,558954,149,6,16064,60912,0,0,0,0,0,6,3,142,0,11.0379,34.9988,900,1150,0
policies,levels,bookstore,eac,192,48,levels,replacement,off,constrained-mobile,2,100,quick-turn,cube-corner,110,1250,1750,2.34747,0.707317,46.1957,0.99213,46.1957,141786,289401,562044,562044,562044,165,5,15350.8,113232,0,0,0,0,0,6,5,159,0,8.84357,37.3521,900,900,0
policies,levels,bookstore,eac,192,48,levels,replacement,off,constrained-mobile,2,100,quick-turn,down,110,1500,1750,1.85589,0.756098,43.2216,0.990562,43.2216,113304,260658,469962,469962,469962,123,3,7345,96517,0,0,0,0,0,6,4,119,0,3.0059,40.2157,400,400,0
policies,levels,bookstore,eac,192,48,levels,replacement,off,constrained-mobile,2,100,slow-turn,face-centre,110,2000,2000,0.908818,0.888889,44.0894,0.990835,44.0894,133015,315276,573399,941342,1637763,420,0,0,173900,0,0,37,217,0,6,6,196,0,,,,,
policies,levels,bookstore,eac,192,48,levels,replacement,off,constrained-mobile,2,100,explore,face-centre,110,1750,2000,1.57672,0.738462,42.578,0.989788,42.578,153198,309430,524006,1192688,1815425,479,0,0,148526,0,0,38,279,0,6,4,196,0,,,,,
policies,levels,bookstore,eac,192,48,levels,replacement,off,very-constrained,0.75,150,stationary,face-centre,190,2500,3000,2.55259,0.707317,44.0894,0.990835,44.0894,52877,130328,275722,275722,275722,70,0,0,89333,0,0,0,0,0,6,3,69,0,,,,,
policies,levels,bookstore,eac,192,48,levels,replacement,off,very-constrained,0.75,150,stationary,off-axis,190,2750,3250,2.87424,0.682927,43.6365,0.990461,43.6365,52380,138128,276671,276671,276671,69,0,0,16504,0,0,0,0,0,6,2,68,0,,,,,
policies,levels,bookstore,eac,192,48,levels,replacement,off,very-constrained,0.75,150,stationary,cube-corner,190,2500,3250,2.74734,0.682927,43.2311,0.991969,43.2311,63680,141786,291149,291149,291149,79,0,0,73233,0,0,0,0,0,6,2,78,0,,,,,
policies,levels,bookstore,eac,192,48,levels,replacement,off,very-constrained,0.75,150,stationary,up,190,1250,1750,1.07172,0.829268,45.9679,0.989397,45.9679,55593,116350,193789,193789,193789,78,0,0,59091,0,0,0,0,0,6,2,77,0,,,,,
policies,levels,bookstore,eac,192,48,levels,replacement,off,very-constrained,0.75,150,quick-turn,face-centre,190,4750,4750,5.14743,0.536585,44.6587,0.992499,44.6587,52877,130328,354130,430334,430334,120,16,18135.5,116401,0,0,1,0,0,6,3,103,0,16.34,28.3187,2150,2150,6.16261
policies,levels,bookstore,eac,192,48,levels,replacement,off,very-constrained,0.75,150,quick-turn,off-axis,190,4500,5000,5.48169,0.512195,46.0367,0.993095,46.0367,52380,138128,375219,395365,395365,114,13,19598.5,45442.5,0,0,0,0,0,6,2,100,0,20.8509,25.1858,1900,2400,6.95707
policies,levels,bookstore,eac,192,48,levels,replacement,off,very-constrained,0.75,150,quick-turn,cube-corner,190,4250,4750,4.65716,0.536585,46.1957,0.99213,46.1957,63680,141786,348197,390369,390369,122,9,14853.4,70676.4,0,0,0,0,0,6,3,112,0,15.3338,30.8619,1650,2150,5.61571
policies,levels,bookstore,eac,192,48,levels,replacement,off,very-constrained,0.75,150,quick-turn,down,190,3500,3750,3.70453,0.634146,43.2216,0.990562,43.2216,41293,134117,366028,366028,366028,100,8,9375,78949,0,0,0,0,0,6,3,91,0,10.6483,32.5733,900,1150,6.19771
policies,levels,bookstore,eac,192,48,levels,replacement,off,very-constrained,0.75,150,slow-turn,face-centre,190,5750,9500,3.99765,0.320988,44.0894,0.990835,44.0894,56279,115428,392214,808583,1505004,385,0,0,60479,0,0,21,182,0,6,3,196,0,,,,,
policies,levels,bookstore,eac,192,48,levels,replacement,off,very-constrained,0.75,150,explore,face-centre,190,2750,4000,6.4307,0.169231,36.3364,0.968248,42.578,45278.5,144269,391527,798844,1216020,315,2,5811.79,49895.3,0,0,8,110,0,6,4,196,0,,,,,
policies,levels,superblock,eac,192,48,levels,replacement,off,fast,50,20,stationary,face-centre,20,500,500,0.0940813,0.95122,38.4231,0.986026,38.4231,452022,452022,452022,452022,452022,70,0,0,144753,0,0,0,0,0,6,6,69,0,,,,,
policies,levels,superblock,eac,192,48,levels,replacement,off,fast,50,20,stationary,off-axis,20,500,500,0.112327,0.95122,39.8548,0.987626,39.8548,494996,494996,494996,494996,494996,69,0,0,49739,0,0,0,0,0,6,6,68,0,,,,,
policies,levels,superblock,eac,192,48,levels,replacement,off,fast,50,20,stationary,cube-corner,20,500,500,0.080712,0.95122,34.086,0.986691,34.086,745038,745038,745038,745038,745038,79,0,0,226331,0,0,0,0,0,6,5,78,0,,,,,
policies,levels,superblock,eac,192,48,levels,replacement,off,fast,50,20,stationary,up,20,250,500,0.0503809,0.95122,31.5621,0.985721,31.5621,782338,782338,782338,782338,782338,78,0,0,222609,0,0,0,0,0,6,4,77,0,,,,,
policies,levels,superblock,eac,192,48,levels,replacement,off,fast,50,20,quick-turn,face-centre,20,500,500,0.552828,0.902439,35.3022,0.983531,35.3022,452022,452022,1886326,1886326,1886326,200,0,0,304430,0,0,0,3,0,6,6,196,0,0,35.3022,150,150,0
policies,levels,superblock,eac,192,48,levels,replacement,off,fast,50,20,quick-turn,off-axis,20,500,500,0.585545,0.902439,34.5794,0.983764,34.5794,494996,494996,2030061,2030061,2030061,207,0,0,132359,0,0,0,10,0,6,6,196,0,0,34.5794,150,150,0
policies,levels,superblock,eac,192,48,levels,replacement,off,fast,50,20,quick-turn,cube-corner,20,500,500,0.385959,0.902439,31.6225,0.984972,31.6225,745038,745038,2292782,2292782,2292782,209,0,0,263874,0,0,0,12,0,6,5,196,0,0,31.6225,150,150,0
policies,levels,superblock,eac,192,48,levels,replacement,off,fast,50,20,quick-turn,down,20,500,500,0.0976123,0.95122,30.2373,0.976826,30.2373,1002773,1002773,1696937,1696937,1696937,145,0,0,181760,0,0,0,0,0,6,6,144,0,0,30.2373,150,150,0
policies,levels,superblock,eac,192,48,levels,replacement,off,fast,50,20,slow-turn,face-centre,20,500,500,0.0509079,0.975309,38.4231,0.986026,38.4231,546922,774394,1357718,2414165,4068683,442,0,0,1286725,0,0,59,243,0,6,6,196,0,,,,,
policies,levels,superblock,eac,192,48,levels,replacement,off,fast,50,20,explore,face-centre,20,500,500,0.0589745,0.969231,33.2656,0.977398,33.2656,914515,1280414,1655849,3817821,5515651,540,0,0,1662245,0,0,66,343,0,6,6,196,0,,,,,
policies,levels,superblock,eac,192,48,levels,replacement,off,moderate-mobile,10,50,stationary,face-centre,50,750,750,0.349279,0.926829,38.4231,0.986026,38.4231,452022,452022,452022,452022,452022,70,0,0,144753,0,0,0,0,0,6,4,69,0,,,,,
policies,levels,superblock,eac,192,48,levels,replacement,off,moderate-mobile,10,50,stationary,off-axis,50,750,750,0.495177,0.926829,39.8548,0.987626,39.8548,494996,494996,494996,494996,494996,69,0,0,49739,0,0,0,0,0,6,4,68,0,,,,,
policies,levels,superblock,eac,192,48,levels,replacement,off,moderate-mobile,10,50,stationary,cube-corner,50,750,750,0.376197,0.926829,34.086,0.986691,34.086,709659,745038,745038,745038,745038,79,0,0,226331,0,0,0,0,0,6,4,78,0,,,,,
policies,levels,superblock,eac,192,48,levels,replacement,off,moderate-mobile,10,50,stationary,up,50,750,750,0.329518,0.926829,31.5621,0.985721,31.5621,727671,782338,782338,782338,782338,78,0,0,222609,0,0,0,0,0,6,4,77,0,,,,,
policies,levels,superblock,eac,192,48,levels,replacement,off,moderate-mobile,10,50,quick-turn,face-centre,50,750,750,1.36851,0.829268,35.3022,0.983531,35.3022,452022,452022,1456900,1456900,1456900,160,2,4166.67,433163,0,0,0,0,0,6,4,157,0,6.32443,28.9778,400,650,0
policies,levels,superblock,eac,192,48,levels,replacement,off,moderate-mobile,10,50,quick-turn,off-axis,50,750,750,1.42635,0.829268,34.5794,0.983764,34.5794,494996,494996,1558090,1558090,1558090,164,1,4192.61,170065,0,0,0,0,0,6,4,162,0,7.52061,27.0588,650,650,0
policies,levels,superblock,eac,192,48,levels,replacement,off,moderate-mobile,10,50,quick-turn,cube-corner,50,750,750,1.06325,0.829268,31.6225,0.984972,31.6225,709659,745038,1927171,1927171,1927171,175,0,0,274381,0,0,0,0,0,6,4,174,0,5.76722,25.8552,400,650,0
policies,levels,superblock,eac,192,48,levels,replacement,off,moderate-mobile,10,50,quick-turn,down,50,750,750,0.547993,0.878049,30.2373,0.976826,30.2373,806896,1002773,1606333,1606333,1606333,135,0,0,193131,0,0,0,0,0,6,5,134,0,0,30.2373,150,150,0
policies,levels,superblock,eac,192,48,levels,replacement,off,moderate-mobile,10,50,slow-turn,face-centre,50,750,750,0.176025,0.962963,38.4231,0.986026,38.4231,501055,728527,1179094,2240922,3981873,435,0,0,1272877,0,0,52,229,0,6,6,196,0,,,,,
policies,levels,superblock,eac,192,48,levels,replacement,off,moderate-mobile,10,50,explore,face-centre,50,1000,1250,0.336874,0.923077,33.2656,0.977398,33.2656,629258,1136485,1519150,3680884,5372666,521,1,4989,1366219,0,0,53,323,0,6,5,196,0,,,,,
policies,levels,superblock,eac,192,48,levels,replacement,off,constrained-mobile,2,100,stationary,face-centre,120,1750,2000,1.41331,0.804878,38.4231,0.986026,38.4231,150285,366318,452022,452022,452022,70,0,0,144753,0,0,0,0,0,6,2,69,0,,,,,
policies,levels,superblock,eac,192,48,levels,replacement,off,constrained-mobile,2,100,stationary,off-axis,120,1750,2000,1.63948,0.804878,39.8548,0.987626,39.8548,168366,385876,494996,494996,494996,69,0,0,49739,0,0,0,0,0,6,2,68,0,,,,,
policies,levels,superblock,eac,192,48,levels,replacement,off,constrained-mobile,2,100,stationary,cube-corner,120,2000,2250,1.71994,0.780488,34.086,0.986691,34.086,172671,395122,745038,745038,745038,79,0,0,242526,0,0,0,0,0,6,3,78,0,,,,,
policies,levels,superblock,eac,192,48,levels,replacement,off,constrained-mobile,2,100,stationary,up,120,2000,2250,1.55554,0.780488,31.5621,0.985721,31.5621,188271,417381,782338,782338,782338,78,0,0,222609,0,0,0,0,0,6,2,77,0,,,,,
policies,levels,superblock,eac,192,48,levels,replacement,off,constrained-mobile,2,100,quick-turn,face-centre,120,1750,2000,3.65036,0.560976,35.3022,0.983531,35.3022,150285,366318,1037280,1205500,1205500,147,16,59270.3,366348,0,0,2,0,0,6,3,130,0,14.6746,20.6276,1650,2150,2.40043
policies,levels,superblock,eac,192,48,levels,replacement,off,constrained-mobile,2,100,quick-turn,off-axis,120,1750,2000,4.20461,0.512195,34.5794,0.983764,34.5794,168366,385876,1063190,1230600,1230600,138,10,45736.9,101840,0,0,0,0,0,6,3,127,0,14.3625,20.2169,2150,2650,2.09171
policies,levels,superblock,eac,192,48,levels,replacement,off,constrained-mobile,2,100,quick-turn,cube-corner,120,2000,5000,4.00014,0.512195,31.6225,0.984972,31.6225,172671,395122,1109150,1414450,1414450,134,9,36540.1,287564,0,0,0,0,0,6,2,124,0,13.5224,18.1001,2150,2400,4.29158
policies,levels,superblock,eac,192,48,levels,replacement,off,constrained-mobile,2,100,quick-turn,down,120,3500,3750,2.36748,0.634146,30.2373,0.976826,30.2373,179737,402840,1156830,1156830,1156830,97,5,20331.3,245798,0,0,0,0,0,6,2,91,0,5.36101,24.8763,900,1150,4.69512
policies,levels,superblock,eac,192,48,levels,replacement,off,constrained-mobile,2,100,slow-turn,face-centre,120,3250,3750,1.81818,0.555556,38.4231,0.986026,38.4231,161851,365609,1063834,2125662,3836754,413,0,0,280663,0,0,32,210,0,6,3,196,0,,,,,
policies,levels,superblock,eac,192,48,levels,replacement,off,constrained-mobile,2,100,explore,face-centre,120,3250,3750,5.11672,0.169231,29.9326,0.933586,33.2656,139935,411762,1091060,2329730,3778580,352,3,24630.3,210995,0,0,14,145,0,6,3,196,0,,,,,
policies,levels,superblock,eac,192,48,levels,replacement,off,very-constrained,0.75,150,stationary,face-centre,210,3750,4000,3.3723,0.609756,38.4231,0.986026,38.4231,62470,150285,385505,452022,452022,70,0,0,144753,0,0,0,0,0,6,2,69,0,,,,,
policies,levels,superblock,eac,192,48,levels,replacement,off,very-constrained,0.75,150,stationary,off-axis,210,4250,5000,4.36018,0.512195,39.8548,0.987626,39.8548,50151,139123,421063,494996,494996,69,0,0,49739,0,0,0,0,0,6,2,68,0,,,,,
policies,levels,superblock,eac,192,48,levels,replacement,off,very-constrained,0.75,150,stationary,cube-corner,210,4750,5250,4.32843,0.487805,34.086,0.986691,34.086,15166,103160,398153,745038,745038,79,0,0,242526,0,0,0,0,0,6,2,78,0,,,,,
policies,levels,superblock,eac,192,48,levels,replacement,off,very-constrained,0.75,150,stationary,up,210,4750,5750,4.13942,0.439024,31.5621,0.985721,31.5621,22085,116401,417381,782338,782338,78,0,0,222609,0,0,0,0,0,6,2,77,0,,,,,
policies,levels,superblock,eac,192,48,levels,replacement,off,very-constrained,0.75,150,quick-turn,face-centre,210,7000,7750,7.29864,0.243902,35.3022,0.983531,35.3022,62470,150285,380168,844973,852595,108,18,22968.8,211917,0,0,2,0,0,6,2,83,0,17.2044,18.0978,4400,5150,7.276
policies,levels,superblock,eac,192,48,levels,replacement,off,very-constrained,0.75,150,quick-turn,off-axis,210,8500,9000,8.98086,0.121951,34.4116,0.983186,34.5794,50151,139123,404488,861143,861143,96,12,26343.8,26343.8,0,0,0,0,0,6,2,77,0,17.2377,17.3417,5900,6400,11.8815
policies,levels,superblock,eac,192,48,levels,replacement,off,very-constrained,0.75,150,quick-turn,cube-corner,210,8500,9250,8.33701,0.097561,31.5554,0.984719,31.6225,15166,103160,388539,862017,862017,84,7,11343.8,41591.8,0,0,0,0,0,6,3,69,0,15.1737,16.4487,5900,6650,10.5872
policies,levels,superblock,eac,192,48,levels,replacement,off,very-constrained,0.75,150,quick-turn,down,210,6750,7750,5.2193,0.243902,30.2373,0.976826,30.2373,5813,103849,431671,896415,896415,80,2,3536.78,152265,0,0,0,0,0,6,2,71,0,8.63001,21.6073,4150,5150,10.438
policies,levels,superblock,eac,192,48,levels,replacement,off,very-constrained,0.75,150,slow-turn,face-centre,210,,,9.64883,0,32.8735,0.957013,38.4231,61022,110905,389962,857486,1815715,185,0,0,126285,0,0,0,0,0,6,2,178,0,,,,,
policies,levels,superblock,eac,192,48,levels,replacement,off,very-constrained,0.75,150,explore,face-centre,210,,,10.613,0,24.9878,0.738386,33.2656,38837.5,119627,426035,865468,1443370,125,10,80862.7,201358,0,0,5,0,0,6,2,108,0,,,,,
policies,residual,northrop-mall,eac,192,48,direct,residual,off,fast,50,20,stationary,face-centre,20,500,500,0.0773138,0.95122,31.5673,0.976138,31.5673,686171,686171,686171,686171,686171,70,0,0,209320,0,0,0,0,0,6,6,69,3161424,,,,,
policies,residual,northrop-mall,eac,192,48,direct,residual,off,fast,50,20,stationary,off-axis,20,500,500,0.111382,0.95122,31.936,0.976675,31.936,631788,631788,631788,631788,631788,69,0,0,46089,0,0,0,0,0,6,6,68,3462512,,,,,
policies,residual,northrop-mall,eac,192,48,direct,residual,off,fast,50,20,stationary,cube-corner,20,500,500,0.0918125,0.95122,35.4417,0.983119,35.4417,452493,452493,452493,452493,452493,79,0,0,82103,0,0,0,0,0,6,6,78,4215232,,,,,
policies,residual,northrop-mall,eac,192,48,direct,residual,off,fast,50,20,stationary,up,20,250,500,0.074701,0.95122,35.9567,0.982537,35.9567,348685,348685,348685,348685,348685,78,0,0,89388,0,0,0,0,0,6,7,77,4064688,,,,,
policies,residual,northrop-mall,eac,192,48,direct,residual,off,fast,50,20,quick-turn,face-centre,20,500,500,0.519456,0.902439,33.3571,0.976054,33.3571,686171,686171,1779645,1779645,1779645,201,0,0,327501,0,0,0,4,0,6,7,196,10989712,0,33.3571,150,150,0
policies,residual,northrop-mall,eac,192,48,direct,residual,off,fast,50,20,quick-turn,off-axis,20,500,500,0.577269,0.902439,32.3431,0.975768,32.3431,631788,631788,1636581,1636581,1636581,207,0,0,108682,0,0,0,10,0,6,6,196,10989712,0,32.3431,150,150,0
policies,residual,northrop-mall,eac,192,48,direct,residual,off,fast,50,20,quick-turn,cube-corner,20,500,500,0.534176,0.902439,34.9703,0.981111,34.9703,452493,452493,1235610,1235610,1235610,209,0,0,121785,0,0,0,12,0,6,6,196,10538080,0,34.9703,150,150,0
policies,residual,northrop-mall,eac,192,48,direct,residual,off,fast,50,20,quick-turn,down,20,500,500,0.131357,0.95122,28.6429,0.971457,28.6429,986673,986673,1764458,1764458,1764458,145,0,0,188940,0,0,0,0,0,6,6,144,6473392,0,28.6429,150,150,0
policies,residual,northrop-mall,eac,192,48,direct,residual,off,fast,50,20,slow-turn,face-centre,20,500,500,0.0483644,0.975309,31.5673,0.976138,31.5673,742409,922241,1289311,2106875,3430938,423,0,0,901437,0,0,40,226,0,6,8,196,15355488,,,,,
policies,residual,northrop-mall,eac,192,48,direct,residual,off,fast,50,20,explore,face-centre,20,500,500,0.066593,0.969231,30.3272,0.972752,30.3272,819789,938053,1283103,2878036,4159541,510,0,0,1098897,0,0,37,313,0,6,6,196,18366368,,,,,
policies,residual,northrop-mall,eac,192,48,direct,residual,off,moderate-mobile,10,50,stationary,face-centre,50,750,750,0.403771,0.926829,31.5673,0.976138,31.5673,663931,686171,686171,686171,686171,70,0,0,209320,0,0,0,0,0,6,6,69,3161424,,,,,
policies,residual,northrop-mall,eac,192,48,direct,residual,off,moderate-mobile,10,50,stationary,off-axis,50,750,1000,0.468129,0.902439,31.936,0.976675,31.936,631788,631788,631788,631788,631788,69,0,0,46089,0,0,0,0,0,6,5,68,3462512,,,,,
policies,residual,northrop-mall,eac,192,48,direct,residual,off,moderate-mobile,10,50,stationary,cube-corner,50,750,750,0.371153,0.926829,35.4417,0.983119,35.4417,452493,452493,452493,452493,452493,79,0,0,82103,0,0,0,0,0,6,4,78,4215232,,,,,
policies,residual,northrop-mall,eac,192,48,direct,residual,off,moderate-mobile,10,50,stationary,up,50,500,750,0.262623,0.926829,35.9567,0.982537,35.9567,348685,348685,348685,348685,348685,78,0,0,89388,0,0,0,0,0,6,4,77,4064688,,,,,
policies,residual,northrop-mall,eac,192,48,direct,residual,off,moderate-mobile,10,50,quick-turn,face-centre,50,750,750,1.19687,0.853659,33.3571,0.976054,33.3571,663931,686171,1534880,1534880,1534880,166,1,0,322889,0,0,0,0,0,6,6,164,10236992,5.66568,27.6914,400,400,0
policies,residual,northrop-mall,eac,192,48,direct,residual,off,moderate-mobile,10,50,quick-turn,off-axis,50,750,1000,1.27503,0.829268,32.3431,0.975768,32.3431,631788,631788,1394420,1394420,1394420,165,1,9837.78,101991,0,0,0,0,0,6,5,163,9935904,5.24699,27.0961,400,400,0
policies,residual,northrop-mall,eac,192,48,direct,residual,off,moderate-mobile,10,50,quick-turn,cube-corner,50,750,750,1.02646,0.853659,34.9703,0.981111,34.9703,452493,452493,1062474,1062474,1062474,180,0,0,133594,0,0,0,0,0,6,4,179,10236992,4.94139,30.0289,400,400,0
policies,residual,northrop-mall,eac,192,48,direct,residual,off,moderate-mobile,10,50,quick-turn,down,50,750,1000,0.710825,0.853659,28.6429,0.971457,28.6429,748273,986673,1656790,1656790,1656790,135,1,8535.92,189571,0,0,0,0,0,6,6,133,6473392,0,28.6429,150,150,0
policies,residual,northrop-mall,eac,192,48,direct,residual,off,moderate-mobile,10,50,slow-turn,face-centre,50,750,1000,0.215848,0.950617,31.5673,0.976138,31.5673,676414,856246,1128402,1920439,3343584,414,0,0,901437,0,0,31,210,0,6,6,196,15355488,,,,,
policies,residual,northrop-mall,eac,192,48,direct,residual,off,moderate-mobile,10,50,explore,face-centre,50,1000,1000,0.344949,0.938462,30.3272,0.972752,30.3272,592767,745024,1107586,2711852,3983209,491,0,0,964170,0,0,23,294,0,6,6,196,18366368,,,,,
policies,residual,northrop-mall,eac,192,48,direct,residual,off,constrained-mobile,2,100,stationary,face-centre,120,2250,2500,1.8977,0.756098,31.5673,0.976138,31.5673,182460,370231,686171,686171,686171,70,0,0,209320,0,0,0,0,0,6,6,69,3161424,,,,,
policies,residual,northrop-mall,eac,192,48,direct,residual,off,constrained-mobile,2,100,stationary,off-axis,120,2250,2500,2.01689,0.756098,31.936,0.976675,31.936,161799,398819,631788,631788,631788,69,0,0,46089,0,0,0,0,0,6,5,68,3462512,,,,,
policies,residual,northrop-mall,eac,192,48,direct,residual,off,constrained-mobile,2,100,stationary,cube-corner,120,1750,1750,1.41813,0.829268,35.4417,0.983119,35.4417,180889,363238,452493,452493,452493,79,0,0,82103,0,0,0,0,0,6,4,78,4215232,,,,,
policies,residual,northrop-mall,eac,192,48,direct,residual,off,constrained-mobile,2,100,stationary,up,120,1250,1500,0.995698,0.853659,35.9567,0.982537,35.9567,167872,342699,348685,348685,348685,78,0,0,89388,0,0,0,0,0,6,5,77,4064688,,,,,
policies,residual,northrop-mall,eac,192,48,direct,residual,off,constrained-mobile,2,100,quick-turn,face-centre,120,4000,4250,3.77071,0.585366,33.3571,0.976054,33.3571,182460,370231,1020646,1085468,1085468,126,16,59250,288498,0,0,2,0,0,6,6,109,5269040,13.5862,19.7709,1400,1650,5.24208
policies,residual,northrop-mall,eac,192,48,direct,residual,off,constrained-mobile,2,100,quick-turn,off-axis,120,4000,4500,3.96192,0.560976,32.3431,0.975768,32.3431,161799,398819,1045490,1045490,1045490,124,7,34592.9,90388.9,0,0,0,0,0,6,5,116,7226112,13.0511,19.292,1400,1900,5.29077
policies,residual,northrop-mall,eac,192,48,direct,residual,off,constrained-mobile,2,100,quick-turn,cube-corner,120,1750,1750,3.00045,0.658537,34.9703,0.981111,34.9703,180889,363238,880629,880629,880629,156,8,30120.9,133400,0,0,0,0,0,6,3,147,7978832,12.0093,22.961,1150,1400,0.717545
policies,residual,northrop-mall,eac,192,48,direct,residual,off,constrained-mobile,2,100,quick-turn,down,120,3500,3750,2.7613,0.634146,28.6429,0.971457,28.6429,152075,395929,1160290,1172890,1172890,98,7,21350.2,249531,0,0,0,0,0,6,3,90,5269040,7.22182,21.4211,900,1150,5.81333
policies,residual,northrop-mall,eac,192,48,direct,residual,off,constrained-mobile,2,100,slow-turn,face-centre,120,3250,3500,1.58683,0.728395,31.5673,0.976138,31.5673,176647,390005,907873,1709916,3085846,391,0,0,231379,0,0,10,188,0,6,6,196,15355488,,,,,
policies,residual,northrop-mall,eac,192,48,direct,residual,off,constrained-mobile,2,100,explore,face-centre,120,2000,2000,4.49661,0.323077,22.0093,0.775232,30.3272,175389,358299,706078,1887870,2783920,372,2,11458.3,117895,0,0,2,167,0,6,5,196,17914736,,,,,
policies,residual,northrop-mall,eac,192,48,direct,residual,off,very-constrained,0.75,150,stationary,face-centre,200,4750,5500,4.61012,0.463415,31.5673,0.976138,31.5673,5531,114202,413233,686171,686171,70,0,0,209320,0,0,0,0,0,6,6,69,3161424,,,,,
policies,residual,northrop-mall,eac,192,48,direct,residual,off,very-constrained,0.75,150,stationary,off-axis,200,5250,6000,4.9032,0.414634,31.936,0.976675,31.936,12471,109219,415253,631788,631788,69,0,0,46089,0,0,0,0,0,6,6,68,3462512,,,,,
policies,residual,northrop-mall,eac,192,48,direct,residual,off,very-constrained,0.75,150,stationary,cube-corner,200,3500,4000,3.61951,0.609756,35.4417,0.983119,35.4417,42205,131752,416557,452493,452493,79,0,0,82103,0,0,0,0,0,6,3,78,4215232,,,,,
policies,residual,northrop-mall,eac,192,48,direct,residual,off,very-constrained,0.75,150,stationary,up,200,2500,3000,2.57934,0.707317,35.9567,0.982537,35.9567,19268,138675,348685,348685,348685,78,0,0,89388,0,0,0,0,0,6,4,77,4064688,,,,,
policies,residual,northrop-mall,eac,192,48,direct,residual,off,very-constrained,0.75,150,quick-turn,face-centre,200,6000,6750,6.88979,0.341463,33.3571,0.976054,33.3571,5531,114202,409429,806897,806897,99,17,36163.3,252636,0,0,2,0,0,6,6,81,4967952,16.5779,16.7792,3400,4150,11.2443
policies,residual,northrop-mall,eac,192,48,direct,residual,off,very-constrained,0.75,150,quick-turn,off-axis,200,6500,7500,7.22757,0.268293,32.3431,0.975768,32.3431,12471,109219,400056,735372,735372,92,9,26248.9,73077.9,0,0,0,0,0,6,6,82,5570128,16.4484,15.8946,3900,4900,11.543
policies,residual,northrop-mall,eac,192,48,direct,residual,off,very-constrained,0.75,150,quick-turn,cube-corner,200,5750,5750,6.28341,0.439024,34.9703,0.981111,34.9703,42205,131752,422316,619065,619065,109,9,33491.5,116083,0,0,0,0,0,6,3,99,7075568,16.4246,18.5457,3150,3150,9.21069
policies,residual,northrop-mall,eac,192,48,direct,residual,off,very-constrained,0.75,150,quick-turn,down,200,7000,7750,5.90875,0.243902,28.6429,0.971457,28.6429,5531,90977,391271,871821,871821,78,4,4687.5,108085,0,0,0,0,0,6,3,66,4365776,9.8504,18.7925,4400,5150,11.3056
policies,residual,northrop-mall,eac,192,48,direct,residual,off,very-constrained,0.75,150,slow-turn,face-centre,200,,,8.68521,0,21.5347,0.711987,31.5673,5531,116758,420325,876608,1817146,233,0,0,36247,0,0,0,30,0,6,6,196,15355488,,,,,
policies,residual,northrop-mall,eac,192,48,direct,residual,off,very-constrained,0.75,150,explore,face-centre,200,3500,3750,8.84504,0.0153846,21.3832,0.696746,30.3272,16217.2,140537,400531,879774,1396650,212,6,26596.2,90318,0,0,3,3,0,6,4,196,15054400,,,,,
policies,residual,bookstore,eac,192,48,direct,residual,off,fast,50,20,stationary,face-centre,20,500,500,0.0872065,0.95122,43.4107,0.98933,43.4107,225009,225009,225009,225009,225009,70,0,0,71200,0,0,0,0,0,6,7,69,3161424,,,,,
policies,residual,bookstore,eac,192,48,direct,residual,off,fast,50,20,stationary,off-axis,20,500,500,0.0925512,0.95122,43.0852,0.989217,43.0852,226866,226866,226866,226866,226866,69,0,0,14647,0,0,0,0,0,6,6,68,3462512,,,,,
policies,residual,bookstore,eac,192,48,direct,residual,off,fast,50,20,stationary,cube-corner,20,250,500,0.0451631,0.95122,42.9102,0.99078,42.9102,241510,241510,241510,241510,241510,79,0,0,50606,0,0,0,0,0,6,6,78,4215232,,,,,
policies,residual,bookstore,eac,192,48,direct,residual,off,fast,50,20,stationary,up,20,250,250,0.0156959,0.97561,45.7249,0.987955,45.7249,175761,175761,175761,175761,175761,78,0,0,53396,0,0,0,0,0,6,6,77,4064688,,,,,
policies,residual,bookstore,eac,192,48,direct,residual,off,fast,50,20,quick-turn,face-centre,20,500,500,0.604214,0.902439,43.8034,0.990901,43.8034,225009,225009,670891,670891,670891,201,0,0,101875,0,0,0,4,0,6,7,196,10989712,0,43.8034,150,150,0
policies,residual,bookstore,eac,192,48,direct,residual,off,fast,50,20,quick-turn,off-axis,20,500,500,0.592471,0.902439,44.9974,0.991374,44.9974,226866,226866,668908,668908,668908,207,0,0,39023,0,0,0,10,0,6,6,196,10989712,0,44.9974,150,150,0
policies,residual,bookstore,eac,192,48,direct,residual,off,fast,50,20,quick-turn,cube-corner,20,250,500,0.48628,0.902439,45.4973,0.990541,45.4973,241510,241510,622163,622163,622163,209,0,0,56229,0,0,0,12,0,6,6,196,10538080,0,45.4973,150,150,0
policies,residual,bookstore,eac,192,48,direct,residual,off,fast,50,20,quick-turn,down,20,250,500,0.077993,0.95122,42.9183,0.989177,42.9183,255447,255447,480342,480342,480342,145,0,0,62699,0,0,0,0,0,6,6,144,6473392,0,42.9183,150,150,0
policies,residual,bookstore,eac,192,48,direct,residual,off,fast,50,20,slow-turn,face-centre,20,500,500,0.0439022,0.975309,43.4107,0.98933,43.4107,256541,349281,547359,836679,1334180,423,0,0,394433,0,0,40,226,0,6,7,196,15355488,,,,,
policies,residual,bookstore,eac,192,48,direct,residual,off,fast,50,20,explore,face-centre,20,500,500,0.0563108,0.969231,42.2347,0.988705,42.2347,358117,459075,569594,1125889,1548916,512,0,0,451676,0,0,38,315,0,6,7,196,18366368,,,,,
policies,residual,bookstore,eac,192,48,direct,residual,off,moderate-mobile,10,50,stationary,face-centre,50,500,750,0.231417,0.926829,43.4107,0.98933,43.4107,225009,225009,225009,225009,225009,70,0,0,71200,0,0,0,0,0,6,6,69,3161424,,,,,
policies,residual,bookstore,eac,192,48,direct,residual,off,moderate-mobile,10,50,stationary,off-axis,50,750,750,0.362822,0.926829,43.0852,0.989217,43.0852,226866,226866,226866,226866,226866,69,0,0,14647,0,0,0,0,0,6,5,68,3462512,,,,,
policies,residual,bookstore,eac,192,48,direct,residual,off,moderate-mobile,10,50,stationary,cube-corner,50,500,750,0.306927,0.926829,42.9102,0.99078,42.9102,241510,241510,241510,241510,241510,79,0,0,50606,0,0,0,0,0,6,5,78,4215232,,,,,
policies,residual,bookstore,eac,192,48,direct,residual,off,moderate-mobile,10,50,stationary,up,50,500,500,0.107612,0.95122,45.7249,0.987955,45.7249,175761,175761,175761,175761,175761,78,0,0,53396,0,0,0,0,0,6,6,77,4064688,,,,,
policies,residual,bookstore,eac,192,48,direct,residual,off,moderate-mobile,10,50,quick-turn,face-centre,50,500,750,0.984108,0.853659,43.8034,0.990901,43.8034,225009,225009,577468,577468,577468,169,2,0,102898,0,0,0,0,0,6,6,166,10538080,4.91493,38.8884,400,400,0
policies,residual,bookstore,eac,192,48,direct,residual,off,moderate-mobile,10,50,quick-turn,off-axis,50,750,750,1.1016,0.853659,44.9974,0.991374,44.9974,226866,226866,557818,557818,557818,169,0,0,28070,0,0,0,0,0,6,5,168,10688624,4.23268,40.7647,400,400,0
policies,residual,bookstore,eac,192,48,direct,residual,off,moderate-mobile,10,50,quick-turn,cube-corner,50,500,750,0.888487,0.853659,45.4973,0.990541,45.4973,241510,241510,540189,540189,540189,181,1,0,58836,0,0,0,0,0,6,5,179,10236992,2.87389,42.6234,150,400,0
policies,residual,bookstore,eac,192,48,direct,residual,off,moderate-mobile,10,50,quick-turn,down,50,750,750,0.607582,0.878049,42.9183,0.989177,42.9183,255447,255447,465107,465107,465107,139,0,0,63246,0,0,0,0,0,6,6,138,6473392,0,42.9183,150,150,0
policies,residual,bookstore,eac,192,48,direct,residual,off,moderate-mobile,10,50,slow-turn,face-centre,50,750,750,0.143106,0.962963,43.4107,0.98933,43.4107,250738,343478,519182,815215,1321508,421,0,0,394433,0,0,38,218,0,6,6,196,15355488,,,,,
policies,residual,bookstore,eac,192,48,direct,residual,off,moderate-mobile,10,50,explore,face-centre,50,750,1000,0.240049,0.938462,42.2347,0.988705,42.2347,300832,408448,522540,1079822,1504385,496,0,0,394975,0,0,27,299,0,6,6,196,18366368,,,,,
policies,residual,bookstore,eac,192,48,direct,residual,off,constrained-mobile,2,100,stationary,face-centre,110,1250,1250,1.01503,0.878049,43.4107,0.98933,43.4107,122223,225009,225009,225009,225009,70,0,0,71200,0,0,0,0,0,6,6,69,3161424,,,,,
policies,residual,bookstore,eac,192,48,direct,residual,off,constrained-mobile,2,100,stationary,off-axis,110,1250,1500,1.19174,0.853659,43.0852,0.989217,43.0852,119561,226866,226866,226866,226866,69,0,0,14647,0,0,0,0,0,6,5,68,3462512,,,,,
policies,residual,bookstore,eac,192,48,direct,residual,off,constrained-mobile,2,100,stationary,cube-corner,110,1000,1500,1.04734,0.853659,42.9102,0.99078,42.9102,134782,241510,241510,241510,241510,79,0,0,50606,0,0,0,0,0,6,3,78,4215232,,,,,
policies,residual,bookstore,eac,192,48,direct,residual,off,constrained-mobile,2,100,stationary,up,110,750,1000,0.514427,0.902439,45.7249,0.987955,45.7249,94027,175761,175761,175761,175761,78,0,0,53396,0,0,0,0,0,6,4,77,4064688,,,,,
policies,residual,bookstore,eac,192,48,direct,residual,off,constrained-mobile,2,100,quick-turn,face-centre,110,1250,1250,2.63235,0.756098,43.8034,0.990901,43.8034,122223,225009,492514,492514,492514,153,5,4375,142078,0,0,0,0,0,6,6,147,7677744,9.69799,34.1054,900,900,0
policies,residual,bookstore,eac,192,48,direct,residual,off,constrained-mobile,2,100,quick-turn,off-axis,110,1250,1500,2.64298,0.707317,44.9974,0.991374,44.9974,119561,226866,469953,469953,469953,151,4,0,48212,0,0,0,0,0,6,5,146,8129376,8.76849,36.2289,900,1150,0
policies,residual,bookstore,eac,192,48,direct,residual,off,constrained-mobile,2,100,quick-turn,cube-corner,110,1000,1500,2.10256,0.731707,45.4973,0.990541,45.4973,134782,241510,474538,474538,474538,166,6,17642.7,93867.7,0,0,0,0,0,6,4,159,8430464,7.66839,37.8289,650,900,0
policies,residual,bookstore,eac,192,48,direct,residual,off,constrained-mobile,2,100,quick-turn,down,110,1500,1500,1.82751,0.780488,42.9183,0.989177,42.9183,105100,235268,416382,416382,416382,125,4,500,75312,0,0,0,0,0,6,6,120,6322848,3.0998,39.8185,400,400,0
policies,residual,bookstore,eac,192,48,direct,residual,off,constrained-mobile,2,100,slow-turn,face-centre,110,1500,1750,0.643737,0.91358,43.4107,0.98933,43.4107,133118,298891,469254,768441,1271926,408,0,0,150782,0,0,25,205,0,6,6,196,15355488,,,,,
policies,residual,bookstore,eac,192,48,direct,residual,off,constrained-mobile,2,100,explore,face-centre,110,1750,2000,1.49832,0.769231,42.2347,0.988705,42.2347,135164,272644,435708,989801,1411288,460,0,0,136161,0,0,15,262,0,6,6,196,18065280,,,,,
policies,residual,bookstore,eac,192,48,direct,residual,off,very-constrained,0.75,150,stationary,face-centre,190,2000,2250,2.05395,0.780488,43.4107,0.98933,43.4107,54143,133550,225009,225009,225009,70,0,0,71200,0,0,0,0,0,6,6,69,3161424,,,,,
policies,residual,bookstore,eac,192,48,direct,residual,off,very-constrained,0.75,150,stationary,off-axis,190,2500,3000,2.47673,0.707317,43.0852,0.989217,43.0852,54675,122374,226866,226866,226866,69,0,0,14647,0,0,0,0,0,6,5,68,3462512,,,,,
policies,residual,bookstore,eac,192,48,direct,residual,off,very-constrained,0.75,150,stationary,cube-corner,190,2250,3000,2.4732,0.707317,42.9102,0.99078,42.9102,57575,123266,241510,241510,241510,79,0,0,50606,0,0,0,0,0,6,3,78,4215232,,,,,
policies,residual,bookstore,eac,192,48,direct,residual,off,very-constrained,0.75,150,stationary,up,190,1250,1750,1.00472,0.829268,45.7249,0.987955,45.7249,53755,105731,175761,175761,175761,78,0,0,53396,0,0,0,0,0,6,4,77,4064688,,,,,
policies,residual,bookstore,eac,192,48,direct,residual,off,very-constrained,0.75,150,quick-turn,face-centre,190,2000,4750,4.59803,0.536585,43.8034,0.990901,43.8034,54143,133550,317422,376865,376865,128,15,10174.3,93336.3,0,0,2,0,0,6,6,112,5118496,15.4847,28.3187,1900,2150,4.40298
policies,residual,bookstore,eac,192,48,direct,residual,off,very-constrained,0.75,150,quick-turn,off-axis,190,4000,4500,4.49935,0.560976,44.9974,0.991374,44.9974,54675,122374,347592,347592,347592,118,12,17812.5,32049.5,0,0,0,0,0,6,5,105,6774480,13.1212,31.8762,1400,1900,5.83169
policies,residual,bookstore,eac,192,48,direct,residual,off,very-constrained,0.75,150,quick-turn,cube-corner,190,3750,4250,4.09931,0.585366,45.4973,0.990541,45.4973,57575,123266,332966,346945,346945,125,6,5490.5,59758.5,0,0,0,0,0,6,3,118,7376656,14.6161,30.8812,1150,1650,4.54625
policies,residual,bookstore,eac,192,48,direct,residual,off,very-constrained,0.75,150,quick-turn,down,190,3500,3750,3.6227,0.634146,42.9183,0.989177,42.9183,38715,113256,325032,325032,325032,97,5,2343.75,70161.8,0,0,0,0,0,6,4,91,5419584,11.2345,31.6838,900,1150,5.69462
policies,residual,bookstore,eac,192,48,direct,residual,off,very-constrained,0.75,150,slow-turn,face-centre,190,3750,5000,2.64225,0.493827,43.4107,0.98933,43.4107,52761,136719,396008,695195,1198680,383,0,0,71481,0,0,10,180,0,6,6,196,15355488,,,,,
policies,residual,bookstore,eac,192,48,direct,residual,off,very-constrained,0.75,150,explore,face-centre,190,2250,2750,5.72365,0.230769,29.5448,0.959825,42.2347,58755.3,138897,352443,739765,1117060,358,3,6251.31,39013,0,0,3,151,0,6,6,196,17914736,,,,,
policies,residual,superblock,eac,192,48,direct,residual,off,fast,50,20,stationary,face-centre,20,500,500,0.101448,0.95122,38.2524,0.985226,38.2524,364642,364642,364642,364642,364642,70,0,0,114502,0,0,0,0,0,6,7,69,3161424,,,,,
policies,residual,superblock,eac,192,48,direct,residual,off,fast,50,20,stationary,off-axis,20,500,500,0.107935,0.95122,39.6201,0.986562,39.6201,405118,405118,405118,405118,405118,69,0,0,38629,0,0,0,0,0,6,6,68,3462512,,,,,
policies,residual,superblock,eac,192,48,direct,residual,off,fast,50,20,stationary,cube-corner,20,500,500,0.0809168,0.95122,34.1646,0.986111,34.1646,601441,601441,601441,601441,601441,79,0,0,180613,0,0,0,0,0,6,5,78,4215232,,,,,
policies,residual,superblock,eac,192,48,direct,residual,off,fast,50,20,stationary,up,20,250,500,0.0582152,0.95122,31.7294,0.985259,31.7294,634847,634847,634847,634847,634847,78,0,0,181314,0,0,0,0,0,6,5,77,4064688,,,,,
policies,residual,superblock,eac,192,48,direct,residual,off,fast,50,20,quick-turn,face-centre,20,500,500,0.567015,0.902439,35.2557,0.983585,35.2557,364642,364642,1512710,1512710,1512710,200,0,0,267648,0,0,0,3,0,6,8,196,10989712,0,35.2557,150,150,0
policies,residual,superblock,eac,192,48,direct,residual,off,fast,50,20,quick-turn,off-axis,20,500,500,0.581723,0.902439,34.5917,0.983796,34.5917,405118,405118,1627251,1627251,1627251,207,0,0,118648,0,0,0,10,0,6,6,196,10989712,0,34.5917,150,150,0
policies,residual,superblock,eac,192,48,direct,residual,off,fast,50,20,quick-turn,cube-corner,20,500,500,0.389087,0.902439,31.7536,0.984999,31.7536,601441,601441,1819341,1819341,1819341,209,0,0,204742,0,0,0,12,0,6,5,196,10538080,0,31.7536,150,150,0
policies,residual,superblock,eac,192,48,direct,residual,off,fast,50,20,quick-turn,down,20,250,500,0.0649337,0.95122,30.3093,0.976918,30.3093,827283,827283,1388245,1388245,1388245,145,0,0,148536,0,0,0,0,0,6,6,144,6473392,0,30.3093,150,150,0
policies,residual,superblock,eac,192,48,direct,residual,off,fast,50,20,slow-turn,face-centre,20,500,500,0.0518668,0.975309,38.2524,0.985226,38.2524,449031,631898,1086836,1922040,3100831,423,0,0,1051827,0,0,40,226,0,6,7,196,15355488,,,,,
policies,residual,superblock,eac,192,48,direct,residual,off,fast,50,20,explore,face-centre,20,500,500,0.0563104,0.969231,33.3239,0.977457,33.3239,738217,1024929,1327878,3019092,4131727,512,0,0,1257774,0,0,38,315,0,6,8,196,18366368,,,,,
policies,residual,superblock,eac,192,48,direct,residual,off,moderate-mobile,10,50,stationary,face-centre,50,750,750,0.291248,0.926829,38.2524,0.985226,38.2524,364642,364642,364642,364642,364642,70,0,0,114502,0,0,0,0,0,6,6,69,3161424,,,,,
policies,residual,superblock,eac,192,48,direct,residual,off,moderate-mobile,10,50,stationary,off-axis,50,750,750,0.443912,0.926829,39.6201,0.986562,39.6201,405118,405118,405118,405118,405118,69,0,0,38629,0,0,0,0,0,6,5,68,3462512,,,,,
policies,residual,superblock,eac,192,48,direct,residual,off,moderate-mobile,10,50,stationary,cube-corner,50,750,750,0.393245,0.926829,34.1646,0.986111,34.1646,556081,601441,601441,601441,601441,79,0,0,180613,0,0,0,0,0,6,5,78,4215232,,,,,
policies,residual,superblock,eac,192,48,direct,residual,off,moderate-mobile,10,50,stationary,up,50,750,750,0.334471,0.926829,31.7294,0.985259,31.7294,629939,634847,634847,634847,634847,78,0,0,181314,0,0,0,0,0,6,5,77,4064688,,,,,
policies,residual,superblock,eac,192,48,direct,residual,off,moderate-mobile,10,50,quick-turn,face-centre,50,750,750,1.24369,0.829268,35.2557,0.983585,35.2557,364642,364642,1194815,1194815,1194815,161,3,10300,337619,0,0,0,0,0,6,6,157,9183184,6.18339,29.0723,400,650,0
policies,residual,superblock,eac,192,48,direct,residual,off,moderate-mobile,10,50,quick-turn,off-axis,50,750,750,1.24535,0.853659,34.5917,0.983796,34.5917,405118,405118,1278443,1278443,1278443,165,0,0,128159,0,0,0,0,0,6,5,164,10086448,5.62562,28.9661,400,400,0
policies,residual,superblock,eac,192,48,direct,residual,off,moderate-mobile,10,50,quick-turn,cube-corner,50,750,750,1.0529,0.853659,31.7536,0.984999,31.7536,556081,601441,1545094,1545094,1545094,176,0,0,232170,0,0,0,0,0,6,5,175,10086448,5.84775,25.9058,400,400,0
policies,residual,superblock,eac,192,48,direct,residual,off,moderate-mobile,10,50,quick-turn,down,50,750,750,0.513034,0.878049,30.3093,0.976918,30.3093,738393,827283,1324964,1324964,1324964,136,1,6250,149336,0,0,0,0,0,6,5,134,6473392,0,30.3093,150,150,0
policies,residual,superblock,eac,192,48,direct,residual,off,moderate-mobile,10,50,slow-turn,face-centre,50,750,750,0.156262,0.962963,38.2524,0.985226,38.2524,418312,601179,952717,1792195,3058279,418,0,0,1051827,0,0,35,217,0,6,6,196,15355488,,,,,
policies,residual,superblock,eac,192,48,direct,residual,off,moderate-mobile,10,50,explore,face-centre,50,1000,1000,0.310508,0.938462,33.3239,0.977457,33.3239,532872,920947,1229875,2921289,4044069,496,0,0,1079024,0,0,27,299,0,6,6,196,18366368,,,,,
policies,residual,superblock,eac,192,48,direct,residual,off,constrained-mobile,2,100,stationary,face-centre,120,1500,1750,1.25164,0.829268,38.2524,0.985226,38.2524,130929,320634,364642,364642,364642,70,0,0,114502,0,0,0,0,0,6,6,69,3161424,,,,,
policies,residual,superblock,eac,192,48,direct,residual,off,constrained-mobile,2,100,stationary,off-axis,120,1750,2000,1.48617,0.804878,39.6201,0.986562,39.6201,171390,354253,405118,405118,405118,69,0,0,38629,0,0,0,0,0,6,5,68,3462512,,,,,
policies,residual,superblock,eac,192,48,direct,residual,off,constrained-mobile,2,100,stationary,cube-corner,120,1750,2000,1.58869,0.804878,34.1646,0.986111,34.1646,153007,371529,601441,601441,601441,79,0,0,180613,0,0,0,0,0,6,4,78,4215232,,,,,
policies,residual,superblock,eac,192,48,direct,residual,off,constrained-mobile,2,100,stationary,up,120,1750,2000,1.43109,0.804878,31.7294,0.985259,31.7294,163243,407513,634847,634847,634847,78,0,0,181314,0,0,0,0,0,6,5,77,4064688,,,,,
policies,residual,superblock,eac,192,48,direct,residual,off,constrained-mobile,2,100,quick-turn,face-centre,120,1500,1750,3.14917,0.634146,35.2557,0.983585,35.2557,130929,320634,992922,1025860,1025860,153,11,45769.7,304421,0,0,2,0,0,6,6,141,6623936,13.3564,21.8993,1400,1650,0
policies,residual,superblock,eac,192,48,direct,residual,off,constrained-mobile,2,100,quick-turn,off-axis,120,1750,2000,3.71651,0.560976,34.5917,0.983796,34.5917,171390,354253,1045218,1045218,1045218,143,8,40918,106239,0,0,0,0,0,6,5,134,6925024,12,22.5918,1900,2150,1.5695
policies,residual,superblock,eac,192,48,direct,residual,off,constrained-mobile,2,100,quick-turn,cube-corner,120,1750,2000,3.5238,0.585366,31.7536,0.984999,31.7536,153007,371529,1081870,1190100,1190100,142,8,26910.7,212231,0,0,0,0,0,6,4,133,7226112,13.6195,18.1341,1650,1900,2.6982
policies,residual,superblock,eac,192,48,direct,residual,off,constrained-mobile,2,100,quick-turn,down,120,2000,3500,2.08772,0.658537,30.3093,0.976918,30.3093,172983,427941,995265,995265,995265,102,7,28007.1,180183,0,0,0,0,0,6,4,94,5269040,4.67831,25.631,400,900,4.22885
policies,residual,superblock,eac,192,48,direct,residual,off,constrained-mobile,2,100,slow-turn,face-centre,120,2500,3250,1.46955,0.62963,38.2524,0.985226,38.2524,141843,351918,887957,1727435,2971139,402,0,0,286020,0,0,19,199,0,6,6,196,15355488,,,,,
policies,residual,superblock,eac,192,48,direct,residual,off,constrained-mobile,2,100,explore,face-centre,120,2750,3000,4.51991,0.276923,28.4488,0.919937,33.3239,153099,376239,921386,2146010,3319110,394,1,3114.75,146696,0,0,4,190,0,6,6,196,17764192,,,,,
policies,residual,superblock,eac,192,48,direct,residual,off,very-constrained,0.75,150,stationary,face-centre,210,3250,3500,2.9055,0.658537,38.2524,0.985226,38.2524,54720,130929,364642,364642,364642,70,0,0,114502,0,0,0,0,0,6,5,69,3161424,,,,,
policies,residual,superblock,eac,192,48,direct,residual,off,very-constrained,0.75,150,stationary,off-axis,210,3500,4000,3.64816,0.609756,39.6201,0.986562,39.6201,44500,135881,405118,405118,405118,69,0,0,38629,0,0,0,0,0,6,5,68,3462512,,,,,
policies,residual,superblock,eac,192,48,direct,residual,off,very-constrained,0.75,150,stationary,cube-corner,210,4000,4500,3.75376,0.560976,34.1646,0.986111,34.1646,24444,151733,420828,601441,601441,79,0,0,180613,0,0,0,0,0,6,4,78,4215232,,,,,
policies,residual,superblock,eac,192,48,direct,residual,off,very-constrained,0.75,150,stationary,up,210,4000,4750,3.59524,0.536585,31.7294,0.985259,31.7294,20915,139802,408792,634847,634847,78,0,0,181314,0,0,0,0,0,6,4,77,4064688,,,,,
policies,residual,superblock,eac,192,48,direct,residual,off,very-constrained,0.75,150,quick-turn,face-centre,210,6250,6750,6.38144,0.341463,35.2557,0.983585,35.2557,54720,130929,387136,769352,769352,111,14,20177.8,241360,0,0,2,0,0,6,5,96,5118496,17.1579,18.0978,3650,4150,6.98754
policies,residual,superblock,eac,192,48,direct,residual,off,very-constrained,0.75,150,quick-turn,off-axis,210,7250,8000,7.8468,0.219512,34.5917,0.983796,34.5917,44500,135881,404703,794903,794903,101,14,36801.7,90333.7,0,0,0,0,0,6,5,86,6172304,17.25,17.3417,4650,5400,9.5064
policies,residual,superblock,eac,192,48,direct,residual,off,very-constrained,0.75,150,quick-turn,cube-corner,210,7250,7750,7.29315,0.243902,31.7536,0.984999,31.7536,24444,151733,412342,889507,889507,103,10,33750,181885,0,0,0,0,0,6,4,86,6322848,15.3048,16.4487,4650,5150,10.6452
policies,residual,superblock,eac,192,48,direct,residual,off,very-constrained,0.75,150,quick-turn,down,210,5750,6750,4.66462,0.341463,30.3093,0.976918,30.3093,5813,117151,415489,849260,849260,88,6,8125,209202,0,0,0,0,0,6,4,81,4666864,8.69414,21.6152,3150,4150,10.2506
policies,residual,superblock,eac,192,48,direct,residual,off,very-constrained,0.75,150,slow-turn,face-centre,210,,,8.76981,0,35.2344,0.97133,38.2524,63127,99940.5,411533,880946,1797610,227,1,3527.49,82770,0,0,2,23,0,6,6,196,15355488,,,,,
policies,residual,superblock,eac,192,48,direct,residual,off,very-constrained,0.75,150,explore,face-centre,210,,,9.92892,0,27.4839,0.873556,33.3239,36137.5,108428,417621,879299,1460120,154,5,24065.1,129140,0,0,2,0,0,6,3,142,16258752,,,,,
representation,eac,northrop-mall,eac,192,48,direct,replacement,off,moderate-mobile,10,50,stationary,face-centre,50,750,750,0.623735,0.926829,31.5496,0.97617,31.5496,540649,540649,540649,540649,540649,49,0,0,158301,0,0,0,0,0,6,5,48,0,,,,,
representation,eac,northrop-mall,eac,192,48,direct,replacement,off,moderate-mobile,10,50,stationary,off-axis,50,750,750,0.57475,0.926829,31.9272,0.976746,31.9272,491485,491485,491485,491485,491485,46,0,0,56456,0,0,0,0,0,6,5,45,0,,,,,
representation,eac,northrop-mall,eac,192,48,direct,replacement,off,moderate-mobile,10,50,stationary,cube-corner,50,500,500,0.37274,0.95122,35.4324,0.98364,35.4324,317422,317422,317422,317422,317422,51,0,0,61469,0,0,0,0,0,6,3,50,0,,,,,
representation,eac,northrop-mall,eac,192,48,direct,replacement,off,moderate-mobile,10,50,stationary,up,50,500,500,0.317924,0.95122,35.976,0.983365,35.976,238636,238636,238636,238636,238636,51,0,0,68990,0,0,0,0,0,6,4,50,0,,,,,
representation,eac,northrop-mall,eac,192,48,direct,replacement,off,moderate-mobile,10,50,quick-turn,face-centre,50,750,750,1.77633,0.853659,33.3431,0.976149,33.3431,540649,540649,1226509,1226509,1226509,129,9,29283,328612,0,0,0,0,0,6,5,119,0,12.2732,21.0699,400,400,0
representation,eac,northrop-mall,eac,192,48,direct,replacement,off,moderate-mobile,10,50,quick-turn,off-axis,50,750,750,1.73975,0.853659,32.3097,0.975833,32.3097,491485,491485,1162775,1162775,1162775,133,4,0,134513,0,0,0,0,0,6,5,128,0,10.8973,21.4124,400,400,0
representation,eac,northrop-mall,eac,192,48,direct,replacement,off,moderate-mobile,10,50,quick-turn,cube-corner,50,500,500,1.49655,0.878049,34.9629,0.98167,34.9629,317422,317422,819729,819729,819729,135,3,5329,127294,0,0,0,0,0,6,3,131,0,10.7931,24.1698,400,400,0
representation,eac,northrop-mall,eac,192,48,direct,replacement,off,moderate-mobile,10,50,quick-turn,down,50,750,750,0.892903,0.878049,28.5649,0.971309,28.5649,730007,730007,1367870,1367870,1367870,97,1,13162.3,142531,0,0,1,0,0,6,6,95,0,0,28.5649,150,150,0
representation,eac,northrop-mall,eac,192,48,direct,replacement,off,constrained-mobile,2,100,stationary,face-centre,120,2000,2000,2.44247,0.804878,31.5496,0.97617,31.5496,155335,384444,540649,540649,540649,49,0,0,158301,0,0,0,0,0,6,5,48,0,,,,,
representation,eac,northrop-mall,eac,192,48,direct,replacement,off,constrained-mobile,2,100,stationary,off-axis,120,2000,2250,2.23993,0.780488,31.9272,0.976746,31.9272,158468,405186,491485,491485,491485,46,0,0,56456,0,0,0,0,0,6,3,45,0,,,,,
representation,eac,northrop-mall,eac,192,48,direct,replacement,off,constrained-mobile,2,100,stationary,cube-corner,120,1250,1500,1.47159,0.853659,35.4324,0.98364,35.4324,173683,317422,317422,317422,317422,51,0,0,61469,0,0,0,0,0,6,2,50,0,,,,,
representation,eac,northrop-mall,eac,192,48,direct,replacement,off,constrained-mobile,2,100,stationary,up,120,1250,1250,1.16789,0.878049,35.976,0.983365,35.976,123587,238636,238636,238636,238636,51,0,0,68990,0,0,0,0,0,6,3,50,0,,,,,
representation,eac,northrop-mall,eac,192,48,direct,replacement,off,constrained-mobile,2,100,quick-turn,face-centre,120,2000,2000,4.857,0.634146,33.3431,0.976149,33.3431,155335,384444,942578,942578,942578,111,25,47917,217477,0,0,0,0,0,6,5,85,0,16.1866,17.1566,1400,1400,7.94736
representation,eac,northrop-mall,eac,192,48,direct,replacement,off,constrained-mobile,2,100,quick-turn,off-axis,120,2000,4000,4.60991,0.609756,32.3097,0.975833,32.3097,158468,405186,936971,936971,936971,113,19,40911.5,148916,0,0,0,0,0,6,3,93,0,15.9686,16.3411,1400,1400,4.60333
representation,eac,northrop-mall,eac,192,48,direct,replacement,off,constrained-mobile,2,100,quick-turn,cube-corner,120,1250,1500,3.47055,0.707317,34.9629,0.98167,34.9629,173683,317422,659907,659907,659907,120,11,5000,129499,0,0,0,0,0,6,3,108,0,15.9235,19.0394,1150,1150,0
representation,eac,northrop-mall,eac,192,48,direct,replacement,off,constrained-mobile,2,100,quick-turn,down,120,3500,3750,3.19091,0.634146,28.5649,0.971309,28.5649,119780,372542,942178,942178,942178,76,14,56175,195378,0,0,0,0,0,6,4,61,0,9.94943,18.6155,900,1150,8.01195
representation,eac,northrop-mall,eac,192,48,direct,replacement,off,very-constrained,0.75,150,stationary,face-centre,200,4750,4750,6.04419,0.536585,31.5496,0.97617,31.5496,13182,129501,403110,540649,540649,49,0,0,158301,0,0,0,0,0,6,3,48,0,,,,,
representation,eac,northrop-mall,eac,192,48,direct,replacement,off,very-constrained,0.75,150,stationary,off-axis,200,5000,5250,5.71652,0.487805,31.9272,0.976746,31.9272,15278,134504,411950,491485,491485,46,0,0,56456,0,0,0,0,0,6,2,45,0,,,,,
representation,eac,northrop-mall,eac,192,48,direct,replacement,off,very-constrained,0.75,150,stationary,cube-corner,200,3000,3000,3.63976,0.707317,35.4324,0.98364,35.4324,48269,155703,317422,317422,317422,51,0,0,61469,0,0,0,0,0,6,1,50,0,,,,,
representation,eac,northrop-mall,eac,192,48,direct,replacement,off,very-constrained,0.75,150,stationary,up,200,2250,2500,2.45978,0.756098,35.976,0.983365,35.976,65428,125449,238636,238636,238636,51,0,0,68990,0,0,0,0,0,6,2,50,0,,,,,
representation,eac,northrop-mall,eac,192,48,direct,replacement,off,very-constrained,0.75,150,quick-turn,face-centre,200,6000,6000,8.34936,0.414634,33.3431,0.976149,33.3431,13182,129501,354143,636231,636231,88,26,11250,170844,0,0,0,0,0,6,3,61,0,16.5613,16.7818,3400,3400,15.9923
representation,eac,northrop-mall,eac,192,48,direct,replacement,off,very-constrained,0.75,150,quick-turn,off-axis,200,6500,6750,8.61605,0.341463,32.3097,0.975833,32.3097,15278,134504,360565,600377,600377,85,26,15813,73440,0,0,0,0,0,6,2,58,0,16.5254,15.7844,3900,4150,15.7303
representation,eac,northrop-mall,eac,192,48,direct,replacement,off,very-constrained,0.75,150,quick-turn,cube-corner,200,5250,5250,7.16838,0.487805,34.9629,0.98167,34.9629,48269,155703,390887,489717,489717,95,15,14153.8,80483.8,0,0,0,0,0,6,2,79,0,16.5587,18.4042,2650,2650,14.9057
representation,eac,northrop-mall,eac,192,48,direct,replacement,off,very-constrained,0.75,150,quick-turn,down,200,6250,6500,6.04524,0.365854,28.5649,0.971309,28.5649,5531,91599,381293,782254,782254,61,7,13114.7,229615,0,0,0,0,0,6,2,53,0,11.4951,17.0698,3650,3900,12.162
representation,eac,bookstore,eac,192,48,direct,replacement,off,moderate-mobile,10,50,stationary,face-centre,50,500,500,0.492328,0.95122,44.0894,0.990835,44.0894,170381,170381,170381,170381,170381,49,0,0,54332,0,0,0,0,0,6,5,48,0,,,,,
representation,eac,bookstore,eac,192,48,direct,replacement,off,moderate-mobile,10,50,stationary,off-axis,50,500,500,0.460152,0.95122,43.6365,0.990461,43.6365,167790,167790,167790,167790,167790,46,0,0,16504,0,0,0,0,0,6,4,45,0,,,,,
representation,eac,bookstore,eac,192,48,direct,replacement,off,moderate-mobile,10,50,stationary,cube-corner,50,500,500,0.416144,0.95122,43.2311,0.991969,43.2311,160189,160189,160189,160189,160189,51,0,0,33133,0,0,0,0,0,6,4,50,0,,,,,
representation,eac,bookstore,eac,192,48,direct,replacement,off,moderate-mobile,10,50,stationary,up,50,500,500,0.20439,0.95122,45.9679,0.989397,45.9679,105813,105813,105813,105813,105813,51,0,0,28399,0,0,0,0,0,6,4,50,0,,,,,
representation,eac,bookstore,eac,192,48,direct,replacement,off,moderate-mobile,10,50,quick-turn,face-centre,50,500,500,2.01075,0.878049,44.6587,0.992499,44.6587,170381,170381,436587,436587,436587,131,4,3545.5,98362.5,0,0,0,0,0,6,5,126,0,15.6566,29.0021,400,400,0
representation,eac,bookstore,eac,192,48,direct,replacement,off,moderate-mobile,10,50,quick-turn,off-axis,50,500,500,1.91805,0.878049,46.0367,0.993095,46.0367,167790,167790,442943,442943,442943,134,2,0,46963,0,0,0,0,0,6,4,131,0,14.16,31.8767,400,400,0
representation,eac,bookstore,eac,192,48,direct,replacement,off,moderate-mobile,10,50,quick-turn,cube-corner,50,500,500,1.76492,0.878049,46.1957,0.99213,46.1957,160189,160189,407813,407813,407813,136,0,0,47893,0,0,0,0,0,6,4,135,0,13.037,33.1587,400,400,0
representation,eac,bookstore,eac,192,48,direct,replacement,off,moderate-mobile,10,50,quick-turn,down,50,500,500,0.811067,0.902439,43.2216,0.990562,43.2216,153467,153467,315296,315296,315296,101,1,0,38056,0,0,0,0,0,6,6,99,0,0,43.2216,150,150,0
representation,eac,bookstore,eac,192,48,direct,replacement,off,constrained-mobile,2,100,stationary,face-centre,110,1000,1000,1.51282,0.902439,44.0894,0.990835,44.0894,123340,170381,170381,170381,170381,49,0,0,54332,0,0,0,0,0,6,3,48,0,,,,,
representation,eac,bookstore,eac,192,48,direct,replacement,off,constrained-mobile,2,100,stationary,off-axis,110,1250,1250,1.56597,0.878049,43.6365,0.990461,43.6365,144084,167790,167790,167790,167790,46,0,0,16504,0,0,0,0,0,6,2,45,0,,,,,
representation,eac,bookstore,eac,192,48,direct,replacement,off,constrained-mobile,2,100,stationary,cube-corner,110,1000,1000,1.2592,0.902439,43.2311,0.991969,43.2311,122016,160189,160189,160189,160189,51,0,0,33133,0,0,0,0,0,6,3,50,0,,,,,
representation,eac,bookstore,eac,192,48,direct,replacement,off,constrained-mobile,2,100,stationary,up,110,1000,1000,0.642977,0.902439,45.9679,0.989397,45.9679,86642,105813,105813,105813,105813,51,0,0,28399,0,0,0,0,0,6,3,50,0,,,,,
representation,eac,bookstore,eac,192,48,direct,replacement,off,constrained-mobile,2,100,quick-turn,face-centre,110,1000,1000,3.5922,0.804878,44.6587,0.992499,44.6587,123340,170381,357298,357298,357298,117,18,19749,103068,0,0,0,0,0,6,3,98,0,20.3698,24.2889,650,650,0
representation,eac,bookstore,eac,192,48,direct,replacement,off,constrained-mobile,2,100,quick-turn,off-axis,110,1250,1250,3.73645,0.756098,46.0367,0.993095,46.0367,144084,167790,345951,345951,345951,116,10,3750,62207,0,0,0,0,0,6,3,105,0,20.352,25.6847,900,900,0
representation,eac,bookstore,eac,192,48,direct,replacement,off,constrained-mobile,2,100,quick-turn,cube-corner,110,1000,1000,3.05119,0.804878,46.1957,0.99213,46.1957,122016,160189,313032,313032,313032,120,11,5000,66246,0,0,0,0,0,6,3,108,0,16.7322,29.4634,650,650,0
representation,eac,bookstore,eac,192,48,direct,replacement,off,constrained-mobile,2,100,quick-turn,down,110,1000,1250,2.15379,0.804878,43.2216,0.990562,43.2216,96081,153467,278502,278502,278502,91,3,903,59302,0,0,0,0,0,6,5,87,0,10.6083,32.6133,400,400,0
representation,eac,bookstore,eac,192,48,direct,replacement,off,very-constrained,0.75,150,stationary,face-centre,190,2000,2000,3.33247,0.804878,44.0894,0.990835,44.0894,54005,128049,170381,170381,170381,49,0,0,54332,0,0,0,0,0,6,2,48,0,,,,,
representation,eac,bookstore,eac,192,48,direct,replacement,off,very-constrained,0.75,150,stationary,off-axis,190,2000,2000,3.22855,0.804878,43.6365,0.990461,43.6365,51881,147598,167790,167790,167790,46,0,0,16504,0,0,0,0,0,6,2,45,0,,,,,
representation,eac,bookstore,eac,192,48,direct,replacement,off,very-constrained,0.75,150,stationary,cube-corner,190,2000,2000,2.55875,0.804878,43.2311,0.991969,43.2311,56667,130993,160189,160189,160189,51,0,0,33133,0,0,0,0,0,6,2,50,0,,,,,
representation,eac,bookstore,eac,192,48,direct,replacement,off,very-constrained,0.75,150,stationary,up,190,1500,1750,1.24524,0.829268,45.9679,0.989397,45.9679,42415,101132,105813,105813,105813,51,0,0,28399,0,0,0,0,0,6,3,50,0,,,,,
representation,eac,bookstore,eac,192,48,direct,replacement,off,very-constrained,0.75,150,quick-turn,face-centre,190,2000,2000,6.74572,0.634146,44.6587,0.992499,44.6587,54005,128049,313051,313051,313051,113,23,5186.73,72410.7,0,0,0,0,0,6,2,89,0,20.7749,23.8838,1400,1400,13.1847
representation,eac,bookstore,eac,192,48,direct,replacement,off,very-constrained,0.75,150,quick-turn,off-axis,190,2000,2000,6.45162,0.634146,46.0367,0.993095,46.0367,51881,147598,301353,301353,301353,111,20,7190.25,34592.3,0,0,0,0,0,6,2,90,0,20.8075,25.2292,1400,1400,11.4477
representation,eac,bookstore,eac,192,48,direct,replacement,off,very-constrained,0.75,150,quick-turn,cube-corner,190,2000,2000,5.19995,0.634146,46.1957,0.99213,46.1957,56667,130993,275399,275399,275399,115,17,8550.44,38322.4,0,0,0,0,0,6,3,97,0,17.0982,29.0974,1150,1400,4.61459
representation,eac,bookstore,eac,192,48,direct,replacement,off,very-constrained,0.75,150,quick-turn,down,190,2000,2000,3.88984,0.682927,43.2216,0.990562,43.2216,40352,101779,222005,222005,222005,82,13,6739.05,41996.1,0,0,0,0,0,6,4,68,0,13.1542,30.0674,650,900,7.42535
representation,eac,superblock,eac,192,48,direct,replacement,off,moderate-mobile,10,50,stationary,face-centre,50,500,500,0.39714,0.95122,38.4231,0.986026,38.4231,289276,289276,289276,289276,289276,49,0,0,88030,0,0,0,0,0,6,4,48,0,,,,,
representation,eac,superblock,eac,192,48,direct,replacement,off,moderate-mobile,10,50,stationary,off-axis,50,500,500,0.441258,0.95122,39.8548,0.987626,39.8548,278082,278082,278082,278082,278082,46,0,0,49739,0,0,0,0,0,6,4,45,0,,,,,
representation,eac,superblock,eac,192,48,direct,replacement,off,moderate-mobile,10,50,stationary,cube-corner,50,500,750,0.408451,0.926829,34.086,0.986691,34.086,409942,409942,409942,409942,409942,51,0,0,108589,0,0,0,0,0,6,5,50,0,,,,,
representation,eac,superblock,eac,192,48,direct,replacement,off,moderate-mobile,10,50,stationary,up,50,500,500,0.309979,0.95122,31.5621,0.985721,31.5621,441544,441544,441544,441544,441544,51,0,0,107447,0,0,0,0,0,6,3,50,0,,,,,
representation,eac,superblock,eac,192,48,direct,replacement,off,moderate-mobile,10,50,quick-turn,face-centre,50,500,500,1.5499,0.878049,35.3022,0.983531,35.3022,289276,289276,1010570,1010570,1010570,130,4,11955.4,330338,0,0,0,0,0,6,4,125,0,11.7014,23.6008,400,400,0
representation,eac,superblock,eac,192,48,direct,replacement,off,moderate-mobile,10,50,quick-turn,off-axis,50,500,500,1.63897,0.878049,34.5794,0.983764,34.5794,278082,278082,1034992,1034992,1034992,129,4,2500,229958,0,0,0,0,0,6,4,124,0,12.7617,21.8177,400,400,0
representation,eac,superblock,eac,192,48,direct,replacement,off,moderate-mobile,10,50,quick-turn,cube-corner,50,500,750,1.48225,0.853659,31.6225,0.984972,31.6225,409942,409942,1225112,1225112,1225112,128,2,0,205100,0,0,0,0,0,6,5,125,0,11.5066,20.1158,400,400,0
representation,eac,superblock,eac,192,48,direct,replacement,off,moderate-mobile,10,50,quick-turn,down,50,750,750,0.580828,0.878049,30.2373,0.976826,30.2373,614167,614167,1074920,1074920,1074920,96,0,0,89445,0,0,0,0,0,6,5,95,0,0,30.2373,150,150,0
representation,eac,superblock,eac,192,48,direct,replacement,off,constrained-mobile,2,100,stationary,face-centre,120,1250,1250,1.48329,0.878049,38.4231,0.986026,38.4231,167301,289276,289276,289276,289276,49,0,0,88030,0,0,0,0,0,6,3,48,0,,,,,
representation,eac,superblock,eac,192,48,direct,replacement,off,constrained-mobile,2,100,stationary,off-axis,120,1250,1250,1.5096,0.878049,39.8548,0.987626,39.8548,151335,278082,278082,278082,278082,46,0,0,49739,0,0,0,0,0,6,4,45,0,,,,,
representation,eac,superblock,eac,192,48,direct,replacement,off,constrained-mobile,2,100,stationary,cube-corner,120,1500,1750,1.70496,0.829268,34.086,0.986691,34.086,170805,374563,409942,409942,409942,51,0,0,108589,0,0,0,0,0,6,2,50,0,,,,,
representation,eac,superblock,eac,192,48,direct,replacement,off,constrained-mobile,2,100,stationary,up,120,1500,1750,1.45457,0.829268,31.5621,0.985721,31.5621,161882,386877,441544,441544,441544,51,0,0,107447,0,0,0,0,0,6,3,50,0,,,,,
representation,eac,superblock,eac,192,48,direct,replacement,off,constrained-mobile,2,100,quick-turn,face-centre,120,1250,1250,3.94943,0.707317,35.3022,0.983531,35.3022,167301,289276,788555,788555,788555,118,19,23612,226874,0,0,0,0,0,6,3,98,0,16.9049,18.3973,1400,1400,0
representation,eac,superblock,eac,192,48,direct,replacement,off,constrained-mobile,2,100,quick-turn,off-axis,120,1250,1250,4.10504,0.682927,34.5794,0.983764,34.5794,151335,278082,782443,782443,782443,114,20,41097.3,138905,0,0,0,0,0,6,4,93,0,17.0198,17.5596,1400,1650,0
representation,eac,superblock,eac,192,48,direct,replacement,off,constrained-mobile,2,100,quick-turn,cube-corner,120,1500,1750,4.13829,0.634146,31.6225,0.984972,31.6225,170805,374563,1012727,1012727,1012727,117,14,30783,204749,0,0,0,0,0,6,2,102,0,15.8438,15.7786,1400,1650,0
representation,eac,superblock,eac,192,48,direct,replacement,off,constrained-mobile,2,100,quick-turn,down,120,1750,2000,2.36579,0.707317,30.2373,0.976826,30.2373,168822,400124,837195,837195,837195,81,13,54479.3,165492,0,0,0,0,0,6,3,67,0,8.31686,21.9205,650,650,2.62762
representation,eac,superblock,eac,192,48,direct,replacement,off,very-constrained,0.75,150,stationary,face-centre,210,2750,2750,3.68763,0.731707,38.4231,0.986026,38.4231,50263,124202,289276,289276,289276,49,0,0,88030,0,0,0,0,0,6,3,48,0,,,,,
representation,eac,superblock,eac,192,48,direct,replacement,off,very-constrained,0.75,150,stationary,off-axis,210,2750,2750,3.56401,0.731707,39.8548,0.987626,39.8548,33407,143140,278082,278082,278082,46,0,0,49739,0,0,0,0,0,6,3,45,0,,,,,
representation,eac,superblock,eac,192,48,direct,replacement,off,very-constrained,0.75,150,stationary,cube-corner,210,3500,3500,4.02136,0.658537,34.086,0.986691,34.086,39283,143111,409942,409942,409942,51,0,0,108589,0,0,0,0,0,6,2,50,0,,,,,
representation,eac,superblock,eac,192,48,direct,replacement,off,very-constrained,0.75,150,stationary,up,210,3500,3750,3.67004,0.634146,31.5621,0.985721,31.5621,8972,151126,411642,441544,441544,51,0,0,107447,0,0,0,0,0,6,2,50,0,,,,,
representation,eac,superblock,eac,192,48,direct,replacement,off,very-constrained,0.75,150,quick-turn,face-centre,210,6250,6250,8.76597,0.390244,35.3022,0.983531,35.3022,50263,124202,369853,645519,645519,101,25,18103,185395,0,0,0,0,0,6,3,75,0,17.2044,18.0978,3650,3650,14.5472
representation,eac,superblock,eac,192,48,direct,replacement,off,very-constrained,0.75,150,quick-turn,off-axis,210,6500,7000,9.03343,0.317073,34.5794,0.983764,34.5794,33407,143140,376308,620789,620789,102,25,13259,69362,0,0,0,0,0,6,3,76,0,17.4586,17.1208,3900,4400,10.6659
representation,eac,superblock,eac,192,48,direct,replacement,off,very-constrained,0.75,150,quick-turn,cube-corner,210,6500,7000,8.60211,0.317073,31.6225,0.984972,31.6225,39283,143111,411650,745061,745061,89,19,40134,164830,0,0,0,0,0,6,2,69,0,16.2944,15.3281,3900,4400,13.8156
representation,eac,superblock,eac,192,48,direct,replacement,off,very-constrained,0.75,150,quick-turn,down,210,5000,5750,4.79571,0.439024,30.2373,0.976826,30.2373,5813,113909,410720,646788,646788,69,14,7031.25,158352,0,0,0,0,0,6,3,54,0,9.5807,20.6566,2400,3150,11.223
representation,cube,northrop-mall,cube,192,48,direct,replacement,off,moderate-mobile,10,50,stationary,face-centre,50,500,750,0.326486,0.926829,29.7565,0.961341,29.7565,391904,391904,391904,391904,391904,33,0,0,0,0,0,0,0,0,6,3,32,0,,,,,
representation,cube,northrop-mall,cube,192,48,direct,replacement,off,moderate-mobile,10,50,stationary,off-axis,50,750,750,0.498238,0.926829,30.7353,0.967918,30.7353,475367,475367,475367,475367,475367,45,0,0,64144,0,0,0,0,0,6,4,44,0,,,,,
representation,cube,northrop-mall,cube,192,48,direct,replacement,off,moderate-mobile,10,50,stationary,cube-corner,50,750,750,0.529776,0.926829,35.79,0.984217,35.79,326921,326921,326921,326921,326921,53,0,0,62193,0,0,0,0,0,6,6,52,0,,,,,
representation,cube,northrop-mall,cube,192,48,direct,replacement,off,moderate-mobile,10,50,stationary,up,50,500,500,0.417636,0.95122,36.4765,0.983433,36.4765,239816,239816,239816,239816,239816,45,0,0,53910,0,0,0,0,0,6,6,44,0,,,,,
representation,cube,northrop-mall,cube,192,48,direct,replacement,off,moderate-mobile,10,50,quick-turn,face-centre,50,500,750,1.25356,0.853659,31.5624,0.962107,31.5624,391904,391904,936397,936397,936397,97,6,10000,123213,0,0,0,0,0,6,4,90,0,5.33757,26.2248,400,400,0
representation,cube,northrop-mall,cube,192,48,direct,replacement,off,moderate-mobile,10,50,quick-turn,off-axis,50,750,750,1.48441,0.853659,31.5362,0.967027,31.5362,475367,475367,1147640,1147640,1147640,128,5,0,127190,0,0,0,0,0,6,4,122,0,8.30068,23.2356,400,400,0
representation,cube,northrop-mall,cube,192,48,direct,replacement,off,moderate-mobile,10,50,quick-turn,cube-corner,50,750,750,1.65117,0.853659,35.3565,0.982047,35.3565,326921,326921,860657,860657,860657,138,0,0,108114,0,0,0,0,0,6,6,137,0,11.5172,23.8393,400,400,0
representation,cube,northrop-mall,cube,192,48,direct,replacement,off,moderate-mobile,10,50,quick-turn,down,50,750,750,0.743304,0.878049,27.3244,0.959413,27.3244,645897,645897,1313234,1313234,1313234,96,2,0,166066,0,0,0,0,0,6,6,93,0,0,27.3244,150,150,0
representation,cube,northrop-mall,cube,192,48,direct,replacement,off,constrained-mobile,2,100,stationary,face-centre,120,1750,1750,1.62074,0.829268,29.7565,0.961341,29.7565,175880,391904,391904,391904,391904,33,0,0,0,0,0,0,0,0,6,2,32,0,,,,,
representation,cube,northrop-mall,cube,192,48,direct,replacement,off,constrained-mobile,2,100,stationary,off-axis,120,2000,2000,2.02438,0.804878,30.7353,0.967918,30.7353,146782,389307,475367,475367,475367,45,0,0,64144,0,0,0,0,0,6,3,44,0,,,,,
representation,cube,northrop-mall,cube,192,48,direct,replacement,off,constrained-mobile,2,100,stationary,cube-corner,120,1500,1500,1.69173,0.853659,35.79,0.984217,35.79,145990,326921,326921,326921,326921,53,0,0,62193,0,0,0,0,0,6,3,52,0,,,,,
representation,cube,northrop-mall,cube,192,48,direct,replacement,off,constrained-mobile,2,100,stationary,up,120,1250,1250,1.44241,0.878049,36.4765,0.983433,36.4765,128069,239816,239816,239816,239816,45,0,0,53910,0,0,0,0,0,6,6,44,0,,,,,
representation,cube,northrop-mall,cube,192,48,direct,replacement,off,constrained-mobile,2,100,quick-turn,face-centre,120,1750,1750,3.48062,0.682927,31.5624,0.962107,31.5624,175880,391904,739243,739243,739243,87,22,22500,22500,0,0,0,0,0,6,2,64,0,14.7626,16.7998,1150,1150,0.539248
representation,cube,northrop-mall,cube,192,48,direct,replacement,off,constrained-mobile,2,100,quick-turn,off-axis,120,2000,2000,4.24462,0.634146,31.5362,0.967027,31.5362,146782,389307,899464,899464,899464,108,21,46360.8,122026,0,0,0,0,0,6,3,86,0,15.9528,15.5835,1400,1400,4.78873
representation,cube,northrop-mall,cube,192,48,direct,replacement,off,constrained-mobile,2,100,quick-turn,cube-corner,120,1500,1500,3.97352,0.682927,35.3565,0.982047,35.3565,145990,326921,694771,694771,694771,125,14,37082,131119,0,0,0,0,0,6,3,110,0,16.295,19.0615,1150,1400,0
representation,cube,northrop-mall,cube,192,48,direct,replacement,off,constrained-mobile,2,100,quick-turn,down,120,2000,3750,2.70014,0.634146,27.3244,0.959413,27.3244,101496,395944,913385,913385,913385,75,15,66108.3,209442,0,0,0,0,0,6,4,59,0,8.50668,18.8178,900,1150,5.30477
representation,cube,northrop-mall,cube,192,48,direct,replacement,off,very-constrained,0.75,150,stationary,face-centre,200,4000,4250,4.01993,0.585366,29.7565,0.961341,29.7565,25100,117902,391904,391904,391904,33,0,0,0,0,0,0,0,0,6,2,32,0,,,,,
representation,cube,northrop-mall,cube,192,48,direct,replacement,off,very-constrained,0.75,150,stationary,off-axis,200,4500,4500,4.85381,0.560976,30.7353,0.967918,30.7353,15344,146782,403939,475367,475367,45,0,0,64144,0,0,0,0,0,6,2,44,0,,,,,
representation,cube,northrop-mall,cube,192,48,direct,replacement,off,very-constrained,0.75,150,stationary,cube-corner,200,3250,3250,4.13786,0.682927,35.79,0.984217,35.79,42938,125534,326921,326921,326921,53,0,0,62193,0,0,0,0,0,6,2,52,0,,,,,
representation,cube,northrop-mall,cube,192,48,direct,replacement,off,very-constrained,0.75,150,stationary,up,200,2750,2750,3.27572,0.731707,36.4765,0.983433,36.4765,25417,119249,239816,239816,239816,45,0,0,53910,0,0,0,0,0,6,5,44,0,,,,,
representation,cube,northrop-mall,cube,192,48,direct,replacement,off,very-constrained,0.75,150,quick-turn,face-centre,200,5500,6000,6.76587,0.414634,31.5624,0.962107,31.5624,25100,117902,386988,502594,502594,72,25,1875,20755,0,0,0,0,0,6,2,46,0,15.1165,16.4458,2900,3400,11.8705
representation,cube,northrop-mall,cube,192,48,direct,replacement,off,very-constrained,0.75,150,quick-turn,off-axis,200,6000,6250,7.63343,0.390244,31.5362,0.967027,31.5362,15344,146782,374684,585680,585680,82,24,23156.3,90608.3,0,0,0,0,0,6,3,57,0,16.0185,15.5177,3400,3650,14.626
representation,cube,northrop-mall,cube,192,48,direct,replacement,off,very-constrained,0.75,150,quick-turn,cube-corner,200,5500,5500,7.67085,0.463415,35.3565,0.982047,35.3565,42938,125534,390835,491213,491213,99,17,17826,73162,0,0,0,0,0,6,2,81,0,16.8933,18.4632,2900,2900,13.4988
representation,cube,northrop-mall,cube,192,48,direct,replacement,off,very-constrained,0.75,150,quick-turn,down,200,5500,6250,5.02865,0.390244,27.3244,0.959413,27.3244,5496,101496,379480,660594,660594,48,3,21562.5,156848,0,0,1,0,0,6,2,44,0,9.47683,17.8476,2900,3650,10.1674
representation,cube,bookstore,cube,192,48,direct,replacement,off,moderate-mobile,10,50,stationary,face-centre,50,500,500,0.349413,0.95122,41.8749,0.988093,41.8749,120171,120171,120171,120171,120171,33,0,0,0,0,0,0,0,0,6,5,32,0,,,,,
representation,cube,bookstore,cube,192,48,direct,replacement,off,moderate-mobile,10,50,stationary,off-axis,50,500,500,0.340368,0.95122,42.0141,0.988618,42.0141,158026,158026,158026,158026,158026,45,0,0,26106,0,0,0,0,0,6,5,44,0,,,,,
representation,cube,bookstore,cube,192,48,direct,replacement,off,moderate-mobile,10,50,stationary,cube-corner,50,500,500,0.393757,0.95122,43.1779,0.991965,43.1779,162862,162862,162862,162862,162862,53,0,0,35216,0,0,0,0,0,6,4,52,0,,,,,
representation,cube,bookstore,cube,192,48,direct,replacement,off,moderate-mobile,10,50,stationary,up,50,500,500,0.249497,0.95122,45.4045,0.988171,45.4045,94277,94277,94277,94277,94277,45,0,0,23116,0,0,0,0,0,6,6,44,0,,,,,
representation,cube,bookstore,cube,192,48,direct,replacement,off,moderate-mobile,10,50,quick-turn,face-centre,50,500,500,1.39425,0.902439,42.1939,0.989932,42.1939,120171,120171,356698,356698,356698,102,6,8658,42166,0,0,0,0,0,6,5,95,0,0.0416269,42.1523,150,150,0
representation,cube,bookstore,cube,192,48,direct,replacement,off,moderate-mobile,10,50,quick-turn,off-axis,50,500,500,1.39158,0.878049,44.1205,0.991794,44.1205,158026,158026,439961,439961,439961,129,4,0,70373,0,0,0,0,0,6,5,124,0,3.31078,40.8097,400,400,0
representation,cube,bookstore,cube,192,48,direct,replacement,off,moderate-mobile,10,50,quick-turn,cube-corner,50,500,500,1.68425,0.878049,45.8465,0.992063,45.8465,162862,162862,407401,407401,407401,138,0,0,42545,0,0,0,0,0,6,4,137,0,13.9839,31.8626,400,400,0
representation,cube,bookstore,cube,192,48,direct,replacement,off,moderate-mobile,10,50,quick-turn,down,50,500,500,0.743078,0.902439,42.3522,0.989713,42.3522,137720,137720,314258,314258,314258,101,1,0,44812,0,0,0,0,0,6,6,99,0,0,42.3522,150,150,0
representation,cube,bookstore,cube,192,48,direct,replacement,off,constrained-mobile,2,100,stationary,face-centre,110,1000,1000,1.14653,0.902439,41.8749,0.988093,41.8749,120171,120171,120171,120171,120171,33,0,0,0,0,0,0,0,0,6,3,32,0,,,,,
representation,cube,bookstore,cube,192,48,direct,replacement,off,constrained-mobile,2,100,stationary,off-axis,110,1000,1000,1.20571,0.902439,42.0141,0.988618,42.0141,119977,158026,158026,158026,158026,45,0,0,26106,0,0,0,0,0,6,3,44,0,,,,,
representation,cube,bookstore,cube,192,48,direct,replacement,off,constrained-mobile,2,100,stationary,cube-corner,110,1250,1250,1.45981,0.878049,43.1779,0.991965,43.1779,107002,162862,162862,162862,162862,53,0,0,35216,0,0,0,0,0,6,4,52,0,,,,,
representation,cube,bookstore,cube,192,48,direct,replacement,off,constrained-mobile,2,100,stationary,up,110,750,1000,0.658907,0.902439,45.4045,0.988171,45.4045,85281,94277,94277,94277,94277,45,0,0,23116,0,0,0,0,0,6,4,44,0,,,,,
representation,cube,bookstore,cube,192,48,direct,replacement,off,constrained-mobile,2,100,quick-turn,face-centre,110,1000,1000,2.75672,0.804878,42.1939,0.989932,42.1939,120171,120171,250962,250962,250962,88,20,17243,23033,0,0,0,0,0,6,3,67,0,17.8555,24.3384,650,650,0
representation,cube,bookstore,cube,192,48,direct,replacement,off,constrained-mobile,2,100,quick-turn,off-axis,110,1000,1000,2.83494,0.804878,44.1205,0.991794,44.1205,119977,158026,319748,319748,319748,115,18,14792.6,49463.6,0,0,0,0,0,6,3,96,0,15.3394,28.7811,650,650,0
representation,cube,bookstore,cube,192,48,direct,replacement,off,constrained-mobile,2,100,quick-turn,cube-corner,110,1250,1250,3.53312,0.756098,45.8465,0.992063,45.8465,107002,162862,329654,329654,329654,124,10,13373.8,71074.8,0,0,0,0,0,6,4,113,0,15.8567,29.9898,900,900,0
representation,cube,bookstore,cube,192,48,direct,replacement,off,constrained-mobile,2,100,quick-turn,down,110,1000,1000,1.8185,0.829268,42.3522,0.989713,42.3522,97796,137720,267407,267407,267407,90,5,1875,61020,0,0,1,0,0,6,5,84,0,8.65325,33.699,400,400,0
representation,cube,bookstore,cube,192,48,direct,replacement,off,very-constrained,0.75,150,stationary,face-centre,190,1750,1750,2.28096,0.829268,41.8749,0.988093,41.8749,51320,120171,120171,120171,120171,33,0,0,0,0,0,0,0,0,6,2,32,0,,,,,
representation,cube,bookstore,cube,192,48,direct,replacement,off,very-constrained,0.75,150,stationary,off-axis,190,1750,1750,2.52098,0.829268,42.0141,0.988618,42.0141,47975,137790,158026,158026,158026,45,0,0,26106,0,0,0,0,0,6,2,44,0,,,,,
representation,cube,bookstore,cube,192,48,direct,replacement,off,very-constrained,0.75,150,stationary,cube-corner,190,2000,2000,2.74288,0.804878,43.1779,0.991965,43.1779,50801,127646,162862,162862,162862,53,0,0,35216,0,0,0,0,0,6,2,52,0,,,,,
representation,cube,bookstore,cube,192,48,direct,replacement,off,very-constrained,0.75,150,stationary,up,190,1500,1750,1.2,0.829268,45.4045,0.988171,45.4045,41255,94277,94277,94277,94277,45,0,0,23116,0,0,0,0,0,6,3,44,0,,,,,
representation,cube,bookstore,cube,192,48,direct,replacement,off,very-constrained,0.75,150,quick-turn,face-centre,190,1750,1750,4.81343,0.658537,42.1939,0.989932,42.1939,51320,120171,229712,229712,229712,87,22,3750,3750,0,0,0,0,0,6,2,64,0,18.8461,23.3478,1150,1400,0.442
representation,cube,bookstore,cube,192,48,direct,replacement,off,very-constrained,0.75,150,quick-turn,off-axis,190,1750,1750,4.78296,0.682927,44.1205,0.991794,44.1205,47975,137790,285968,285968,285968,109,23,11309,35626,0,0,0,0,0,6,2,85,0,18.8439,25.2766,1150,1150,0.442816
representation,cube,bookstore,cube,192,48,direct,replacement,off,very-constrained,0.75,150,quick-turn,cube-corner,190,2000,2000,5.58992,0.634146,45.8465,0.992063,45.8465,50801,127646,277638,277638,277638,117,15,1186,42254,0,0,0,0,0,6,2,101,0,17.2661,28.5804,1400,1400,9.88634
representation,cube,bookstore,cube,192,48,direct,replacement,off,very-constrained,0.75,150,quick-turn,down,190,1750,2000,3.2235,0.682927,42.3522,0.989713,42.3522,43467,107457,223380,223380,223380,84,13,754.625,41508.6,0,0,0,0,0,6,5,70,0,12.7722,29.5801,650,900,1.91302
representation,cube,superblock,cube,192,48,direct,replacement,off,moderate-mobile,10,50,stationary,face-centre,50,500,500,0.275624,0.95122,36.2537,0.978462,36.2537,199927,199927,199927,199927,199927,33,0,0,0,0,0,0,0,0,6,3,32,0,,,,,
representation,cube,superblock,cube,192,48,direct,replacement,off,moderate-mobile,10,50,stationary,off-axis,50,500,500,0.298361,0.95122,37.8924,0.982469,37.8924,253294,253294,253294,253294,253294,45,0,0,62295,0,0,0,0,0,6,5,44,0,,,,,
representation,cube,superblock,cube,192,48,direct,replacement,off,moderate-mobile,10,50,stationary,cube-corner,50,750,750,0.461801,0.926829,33.5645,0.984365,33.5645,403644,403644,403644,403644,403644,53,0,0,100420,0,0,0,0,0,6,3,52,0,,,,,
representation,cube,superblock,cube,192,48,direct,replacement,off,moderate-mobile,10,50,stationary,up,50,500,750,0.279309,0.926829,30.0482,0.976944,30.0482,362747,362747,362747,362747,362747,45,0,0,79708,0,0,0,0,0,6,6,44,0,,,,,
representation,cube,superblock,cube,192,48,direct,replacement,off,moderate-mobile,10,50,quick-turn,face-centre,50,500,500,1.20203,0.878049,33.4781,0.97415,33.4781,199927,199927,745245,745245,745245,101,10,15625,108011,0,0,0,0,0,6,4,90,0,5.35079,28.1273,400,400,0
representation,cube,superblock,cube,192,48,direct,replacement,off,moderate-mobile,10,50,quick-turn,off-axis,50,500,500,1.38174,0.878049,34.0458,0.978711,34.0458,253294,253294,989013,989013,989013,126,4,7098,192456,0,0,0,0,0,6,5,121,0,10.9635,23.0823,400,400,0
representation,cube,superblock,cube,192,48,direct,replacement,off,moderate-mobile,10,50,quick-turn,cube-corner,50,750,750,1.50229,0.853659,31.693,0.98405,31.693,403644,403644,1284316,1284316,1284316,134,0,0,200577,0,0,0,0,0,6,3,133,0,11.5736,20.1194,400,400,0
representation,cube,superblock,cube,192,48,direct,replacement,off,moderate-mobile,10,50,quick-turn,down,50,500,750,0.481937,0.878049,28.9562,0.965235,28.9562,534138,534138,1056844,1056844,1056844,100,2,0,121574,0,0,1,0,0,6,4,97,0,0,28.9562,150,150,0
representation,cube,superblock,cube,192,48,direct,replacement,off,constrained-mobile,2,100,stationary,face-centre,120,1250,1250,1.08918,0.878049,36.2537,0.978462,36.2537,147457,199927,199927,199927,199927,33,0,0,0,0,0,0,0,0,6,3,32,0,,,,,
representation,cube,superblock,cube,192,48,direct,replacement,off,constrained-mobile,2,100,stationary,off-axis,120,1250,1250,1.09664,0.878049,37.8924,0.982469,37.8924,138819,253294,253294,253294,253294,45,0,0,62295,0,0,0,0,0,6,3,44,0,,,,,
representation,cube,superblock,cube,192,48,direct,replacement,off,constrained-mobile,2,100,stationary,cube-corner,120,1750,1750,1.61423,0.829268,33.5645,0.984365,33.5645,150200,354740,403644,403644,403644,53,0,0,100420,0,0,0,0,0,6,2,52,0,,,,,
representation,cube,superblock,cube,192,48,direct,replacement,off,constrained-mobile,2,100,stationary,up,120,1500,1500,1.26176,0.853659,30.0482,0.976944,30.0482,158258,362747,362747,362747,362747,45,0,0,79708,0,0,0,0,0,6,4,44,0,,,,,
representation,cube,superblock,cube,192,48,direct,replacement,off,constrained-mobile,2,100,quick-turn,face-centre,120,1250,1250,3.11062,0.707317,33.4781,0.97415,33.4781,147457,199927,554572,554572,554572,88,20,19391,22775,0,0,0,0,0,6,3,67,0,15.4716,18.0066,1150,1400,0
representation,cube,superblock,cube,192,48,direct,replacement,off,constrained-mobile,2,100,quick-turn,off-axis,120,1250,1250,3.37436,0.707317,34.0458,0.978711,34.0458,138819,253294,743938,743938,743938,114,21,29916.7,131631,0,0,0,0,0,6,3,92,0,16.9522,17.0937,1400,1400,0
representation,cube,superblock,cube,192,48,direct,replacement,off,constrained-mobile,2,100,quick-turn,cube-corner,120,1750,1750,4.27995,0.609756,31.693,0.98405,31.693,150200,354740,1033300,1033300,1033300,121,12,22251.5,190750,0,0,0,0,0,6,3,108,0,15.7583,15.9346,1650,1900,0
representation,cube,superblock,cube,192,48,direct,replacement,off,constrained-mobile,2,100,quick-turn,down,120,1750,2000,2.00577,0.682927,28.9562,0.965235,28.9562,148011,384405,787049,787049,787049,80,11,18624.7,131496,0,0,0,0,0,6,2,68,0,7.06081,21.8954,650,900,1.60596
representation,cube,superblock,cube,192,48,direct,replacement,off,very-constrained,0.75,150,stationary,face-centre,210,2250,2500,2.55067,0.756098,36.2537,0.978462,36.2537,44916,139084,199927,199927,199927,33,0,0,0,0,0,0,0,0,6,2,32,0,,,,,
representation,cube,superblock,cube,192,48,direct,replacement,off,very-constrained,0.75,150,stationary,off-axis,210,2250,2250,2.5148,0.780488,37.8924,0.982469,37.8924,60575,128697,253294,253294,253294,45,0,0,62295,0,0,0,0,0,6,2,44,0,,,,,
representation,cube,superblock,cube,192,48,direct,replacement,off,very-constrained,0.75,150,stationary,cube-corner,210,3500,3750,3.74911,0.634146,33.5645,0.984365,33.5645,23016,150200,403644,403644,403644,53,0,0,100420,0,0,0,0,0,6,2,52,0,,,,,
representation,cube,superblock,cube,192,48,direct,replacement,off,very-constrained,0.75,150,stationary,up,210,3500,3500,3.10556,0.658537,30.0482,0.976944,30.0482,5641,87133,362747,362747,362747,45,0,0,79708,0,0,0,0,0,6,3,44,0,,,,,
representation,cube,superblock,cube,192,48,direct,replacement,off,very-constrained,0.75,150,quick-turn,face-centre,210,5500,6250,6.84129,0.390244,33.4781,0.97415,33.4781,44916,139084,366544,498256,498256,84,24,13184,21557,0,0,0,0,0,6,2,59,0,15.567,17.9111,2900,3650,8.45917
representation,cube,superblock,cube,192,48,direct,replacement,off,very-constrained,0.75,150,quick-turn,off-axis,210,6250,6250,7.4981,0.390244,34.0458,0.978711,34.0458,60575,128697,373184,607013,607013,101,27,24256.6,107587,0,0,0,0,0,6,2,73,0,16.9925,17.0533,3650,3650,7.01204
representation,cube,superblock,cube,192,48,direct,replacement,off,very-constrained,0.75,150,quick-turn,cube-corner,210,7250,7500,9.00398,0.268293,31.693,0.98405,31.693,23016,150200,393810,748869,748869,88,18,34816.5,141386,0,0,0,0,0,6,2,69,0,16.3394,15.3536,4650,4900,12.8951
representation,cube,superblock,cube,192,48,direct,replacement,off,very-constrained,0.75,150,quick-turn,down,210,4500,5250,3.76655,0.487805,28.9562,0.965235,28.9562,5641,94486,384928,543210,543210,52,7,26809.1,126946,0,0,1,0,0,6,2,44,0,8.11988,20.8363,1900,2650,9.18716
insurance,A,northrop-mall,eac,192,48,direct,replacement,off,moderate-mobile,10,50,stationary,face-centre,50,750,750,0.623735,0.926829,31.5496,0.97617,31.5496,540649,540649,540649,540649,540649,49,0,0,158301,0,0,0,0,0,6,5,48,0,,,,,
insurance,A,northrop-mall,eac,192,48,direct,replacement,off,moderate-mobile,10,50,stationary,off-axis,50,750,750,0.57475,0.926829,31.9272,0.976746,31.9272,491485,491485,491485,491485,491485,46,0,0,56456,0,0,0,0,0,6,5,45,0,,,,,
insurance,A,northrop-mall,eac,192,48,direct,replacement,off,moderate-mobile,10,50,quick-turn,face-centre,50,750,750,1.77633,0.853659,33.3431,0.976149,33.3431,540649,540649,1226509,1226509,1226509,129,9,29283,328612,0,0,0,0,0,6,5,119,0,12.2732,21.0699,400,400,0
insurance,A,northrop-mall,eac,192,48,direct,replacement,off,moderate-mobile,10,50,quick-turn,off-axis,50,750,750,1.73975,0.853659,32.3097,0.975833,32.3097,491485,491485,1162775,1162775,1162775,133,4,0,134513,0,0,0,0,0,6,5,128,0,10.8973,21.4124,400,400,0
insurance,A,northrop-mall,eac,192,48,direct,replacement,off,moderate-mobile,10,50,quick-turn,cube-corner,50,500,500,1.49655,0.878049,34.9629,0.98167,34.9629,317422,317422,819729,819729,819729,135,3,5329,127294,0,0,0,0,0,6,3,131,0,10.7931,24.1698,400,400,0
insurance,A,northrop-mall,eac,192,48,direct,replacement,off,constrained-mobile,2,100,stationary,face-centre,120,2000,2000,2.44247,0.804878,31.5496,0.97617,31.5496,155335,384444,540649,540649,540649,49,0,0,158301,0,0,0,0,0,6,5,48,0,,,,,
insurance,A,northrop-mall,eac,192,48,direct,replacement,off,constrained-mobile,2,100,stationary,off-axis,120,2000,2250,2.23993,0.780488,31.9272,0.976746,31.9272,158468,405186,491485,491485,491485,46,0,0,56456,0,0,0,0,0,6,3,45,0,,,,,
insurance,A,northrop-mall,eac,192,48,direct,replacement,off,constrained-mobile,2,100,quick-turn,face-centre,120,2000,2000,4.857,0.634146,33.3431,0.976149,33.3431,155335,384444,942578,942578,942578,111,25,47917,217477,0,0,0,0,0,6,5,85,0,16.1866,17.1566,1400,1400,7.94736
insurance,A,northrop-mall,eac,192,48,direct,replacement,off,constrained-mobile,2,100,quick-turn,off-axis,120,2000,4000,4.60991,0.609756,32.3097,0.975833,32.3097,158468,405186,936971,936971,936971,113,19,40911.5,148916,0,0,0,0,0,6,3,93,0,15.9686,16.3411,1400,1400,4.60333
insurance,A,northrop-mall,eac,192,48,direct,replacement,off,constrained-mobile,2,100,quick-turn,cube-corner,120,1250,1500,3.47055,0.707317,34.9629,0.98167,34.9629,173683,317422,659907,659907,659907,120,11,5000,129499,0,0,0,0,0,6,3,108,0,15.9235,19.0394,1150,1150,0
insurance,A,northrop-mall,eac,192,48,direct,replacement,off,very-constrained,0.75,150,stationary,face-centre,200,4750,4750,6.04419,0.536585,31.5496,0.97617,31.5496,13182,129501,403110,540649,540649,49,0,0,158301,0,0,0,0,0,6,3,48,0,,,,,
insurance,A,northrop-mall,eac,192,48,direct,replacement,off,very-constrained,0.75,150,stationary,off-axis,200,5000,5250,5.71652,0.487805,31.9272,0.976746,31.9272,15278,134504,411950,491485,491485,46,0,0,56456,0,0,0,0,0,6,2,45,0,,,,,
insurance,A,northrop-mall,eac,192,48,direct,replacement,off,very-constrained,0.75,150,quick-turn,face-centre,200,6000,6000,8.34936,0.414634,33.3431,0.976149,33.3431,13182,129501,354143,636231,636231,88,26,11250,170844,0,0,0,0,0,6,3,61,0,16.5613,16.7818,3400,3400,15.9923
insurance,A,northrop-mall,eac,192,48,direct,replacement,off,very-constrained,0.75,150,quick-turn,off-axis,200,6500,6750,8.61605,0.341463,32.3097,0.975833,32.3097,15278,134504,360565,600377,600377,85,26,15813,73440,0,0,0,0,0,6,2,58,0,16.5254,15.7844,3900,4150,15.7303
insurance,A,northrop-mall,eac,192,48,direct,replacement,off,very-constrained,0.75,150,quick-turn,cube-corner,200,5250,5250,7.16838,0.487805,34.9629,0.98167,34.9629,48269,155703,390887,489717,489717,95,15,14153.8,80483.8,0,0,0,0,0,6,2,79,0,16.5587,18.4042,2650,2650,14.9057
insurance,A,bookstore,eac,192,48,direct,replacement,off,moderate-mobile,10,50,stationary,face-centre,50,500,500,0.492328,0.95122,44.0894,0.990835,44.0894,170381,170381,170381,170381,170381,49,0,0,54332,0,0,0,0,0,6,5,48,0,,,,,
insurance,A,bookstore,eac,192,48,direct,replacement,off,moderate-mobile,10,50,stationary,off-axis,50,500,500,0.460152,0.95122,43.6365,0.990461,43.6365,167790,167790,167790,167790,167790,46,0,0,16504,0,0,0,0,0,6,4,45,0,,,,,
insurance,A,bookstore,eac,192,48,direct,replacement,off,moderate-mobile,10,50,quick-turn,face-centre,50,500,500,2.01075,0.878049,44.6587,0.992499,44.6587,170381,170381,436587,436587,436587,131,4,3545.5,98362.5,0,0,0,0,0,6,5,126,0,15.6566,29.0021,400,400,0
insurance,A,bookstore,eac,192,48,direct,replacement,off,moderate-mobile,10,50,quick-turn,off-axis,50,500,500,1.91805,0.878049,46.0367,0.993095,46.0367,167790,167790,442943,442943,442943,134,2,0,46963,0,0,0,0,0,6,4,131,0,14.16,31.8767,400,400,0
insurance,A,bookstore,eac,192,48,direct,replacement,off,moderate-mobile,10,50,quick-turn,cube-corner,50,500,500,1.76492,0.878049,46.1957,0.99213,46.1957,160189,160189,407813,407813,407813,136,0,0,47893,0,0,0,0,0,6,4,135,0,13.037,33.1587,400,400,0
insurance,A,bookstore,eac,192,48,direct,replacement,off,constrained-mobile,2,100,stationary,face-centre,110,1000,1000,1.51282,0.902439,44.0894,0.990835,44.0894,123340,170381,170381,170381,170381,49,0,0,54332,0,0,0,0,0,6,3,48,0,,,,,
insurance,A,bookstore,eac,192,48,direct,replacement,off,constrained-mobile,2,100,stationary,off-axis,110,1250,1250,1.56597,0.878049,43.6365,0.990461,43.6365,144084,167790,167790,167790,167790,46,0,0,16504,0,0,0,0,0,6,2,45,0,,,,,
insurance,A,bookstore,eac,192,48,direct,replacement,off,constrained-mobile,2,100,quick-turn,face-centre,110,1000,1000,3.5922,0.804878,44.6587,0.992499,44.6587,123340,170381,357298,357298,357298,117,18,19749,103068,0,0,0,0,0,6,3,98,0,20.3698,24.2889,650,650,0
insurance,A,bookstore,eac,192,48,direct,replacement,off,constrained-mobile,2,100,quick-turn,off-axis,110,1250,1250,3.73645,0.756098,46.0367,0.993095,46.0367,144084,167790,345951,345951,345951,116,10,3750,62207,0,0,0,0,0,6,3,105,0,20.352,25.6847,900,900,0
insurance,A,bookstore,eac,192,48,direct,replacement,off,constrained-mobile,2,100,quick-turn,cube-corner,110,1000,1000,3.05119,0.804878,46.1957,0.99213,46.1957,122016,160189,313032,313032,313032,120,11,5000,66246,0,0,0,0,0,6,3,108,0,16.7322,29.4634,650,650,0
insurance,A,bookstore,eac,192,48,direct,replacement,off,very-constrained,0.75,150,stationary,face-centre,190,2000,2000,3.33247,0.804878,44.0894,0.990835,44.0894,54005,128049,170381,170381,170381,49,0,0,54332,0,0,0,0,0,6,2,48,0,,,,,
insurance,A,bookstore,eac,192,48,direct,replacement,off,very-constrained,0.75,150,stationary,off-axis,190,2000,2000,3.22855,0.804878,43.6365,0.990461,43.6365,51881,147598,167790,167790,167790,46,0,0,16504,0,0,0,0,0,6,2,45,0,,,,,
insurance,A,bookstore,eac,192,48,direct,replacement,off,very-constrained,0.75,150,quick-turn,face-centre,190,2000,2000,6.74572,0.634146,44.6587,0.992499,44.6587,54005,128049,313051,313051,313051,113,23,5186.73,72410.7,0,0,0,0,0,6,2,89,0,20.7749,23.8838,1400,1400,13.1847
insurance,A,bookstore,eac,192,48,direct,replacement,off,very-constrained,0.75,150,quick-turn,off-axis,190,2000,2000,6.45162,0.634146,46.0367,0.993095,46.0367,51881,147598,301353,301353,301353,111,20,7190.25,34592.3,0,0,0,0,0,6,2,90,0,20.8075,25.2292,1400,1400,11.4477
insurance,A,bookstore,eac,192,48,direct,replacement,off,very-constrained,0.75,150,quick-turn,cube-corner,190,2000,2000,5.19995,0.634146,46.1957,0.99213,46.1957,56667,130993,275399,275399,275399,115,17,8550.44,38322.4,0,0,0,0,0,6,3,97,0,17.0982,29.0974,1150,1400,4.61459
insurance,A,superblock,eac,192,48,direct,replacement,off,moderate-mobile,10,50,stationary,face-centre,50,500,500,0.39714,0.95122,38.4231,0.986026,38.4231,289276,289276,289276,289276,289276,49,0,0,88030,0,0,0,0,0,6,4,48,0,,,,,
insurance,A,superblock,eac,192,48,direct,replacement,off,moderate-mobile,10,50,stationary,off-axis,50,500,500,0.441258,0.95122,39.8548,0.987626,39.8548,278082,278082,278082,278082,278082,46,0,0,49739,0,0,0,0,0,6,4,45,0,,,,,
insurance,A,superblock,eac,192,48,direct,replacement,off,moderate-mobile,10,50,quick-turn,face-centre,50,500,500,1.5499,0.878049,35.3022,0.983531,35.3022,289276,289276,1010570,1010570,1010570,130,4,11955.4,330338,0,0,0,0,0,6,4,125,0,11.7014,23.6008,400,400,0
insurance,A,superblock,eac,192,48,direct,replacement,off,moderate-mobile,10,50,quick-turn,off-axis,50,500,500,1.63897,0.878049,34.5794,0.983764,34.5794,278082,278082,1034992,1034992,1034992,129,4,2500,229958,0,0,0,0,0,6,4,124,0,12.7617,21.8177,400,400,0
insurance,A,superblock,eac,192,48,direct,replacement,off,moderate-mobile,10,50,quick-turn,cube-corner,50,500,750,1.48225,0.853659,31.6225,0.984972,31.6225,409942,409942,1225112,1225112,1225112,128,2,0,205100,0,0,0,0,0,6,5,125,0,11.5066,20.1158,400,400,0
insurance,A,superblock,eac,192,48,direct,replacement,off,constrained-mobile,2,100,stationary,face-centre,120,1250,1250,1.48329,0.878049,38.4231,0.986026,38.4231,167301,289276,289276,289276,289276,49,0,0,88030,0,0,0,0,0,6,3,48,0,,,,,
insurance,A,superblock,eac,192,48,direct,replacement,off,constrained-mobile,2,100,stationary,off-axis,120,1250,1250,1.5096,0.878049,39.8548,0.987626,39.8548,151335,278082,278082,278082,278082,46,0,0,49739,0,0,0,0,0,6,4,45,0,,,,,
insurance,A,superblock,eac,192,48,direct,replacement,off,constrained-mobile,2,100,quick-turn,face-centre,120,1250,1250,3.94943,0.707317,35.3022,0.983531,35.3022,167301,289276,788555,788555,788555,118,19,23612,226874,0,0,0,0,0,6,3,98,0,16.9049,18.3973,1400,1400,0
insurance,A,superblock,eac,192,48,direct,replacement,off,constrained-mobile,2,100,quick-turn,off-axis,120,1250,1250,4.10504,0.682927,34.5794,0.983764,34.5794,151335,278082,782443,782443,782443,114,20,41097.3,138905,0,0,0,0,0,6,4,93,0,17.0198,17.5596,1400,1650,0
insurance,A,superblock,eac,192,48,direct,replacement,off,constrained-mobile,2,100,quick-turn,cube-corner,120,1500,1750,4.13829,0.634146,31.6225,0.984972,31.6225,170805,374563,1012727,1012727,1012727,117,14,30783,204749,0,0,0,0,0,6,2,102,0,15.8438,15.7786,1400,1650,0
insurance,A,superblock,eac,192,48,direct,replacement,off,very-constrained,0.75,150,stationary,face-centre,210,2750,2750,3.68763,0.731707,38.4231,0.986026,38.4231,50263,124202,289276,289276,289276,49,0,0,88030,0,0,0,0,0,6,3,48,0,,,,,
insurance,A,superblock,eac,192,48,direct,replacement,off,very-constrained,0.75,150,stationary,off-axis,210,2750,2750,3.56401,0.731707,39.8548,0.987626,39.8548,33407,143140,278082,278082,278082,46,0,0,49739,0,0,0,0,0,6,3,45,0,,,,,
insurance,A,superblock,eac,192,48,direct,replacement,off,very-constrained,0.75,150,quick-turn,face-centre,210,6250,6250,8.76597,0.390244,35.3022,0.983531,35.3022,50263,124202,369853,645519,645519,101,25,18103,185395,0,0,0,0,0,6,3,75,0,17.2044,18.0978,3650,3650,14.5472
insurance,A,superblock,eac,192,48,direct,replacement,off,very-constrained,0.75,150,quick-turn,off-axis,210,6500,7000,9.03343,0.317073,34.5794,0.983764,34.5794,33407,143140,376308,620789,620789,102,25,13259,69362,0,0,0,0,0,6,3,76,0,17.4586,17.1208,3900,4400,10.6659
insurance,A,superblock,eac,192,48,direct,replacement,off,very-constrained,0.75,150,quick-turn,cube-corner,210,6500,7000,8.60211,0.317073,31.6225,0.984972,31.6225,39283,143111,411650,745061,745061,89,19,40134,164830,0,0,0,0,0,6,2,69,0,16.2944,15.3281,3900,4400,13.8156
insurance,B-level0-2slots,northrop-mall,eac,192,48,direct,replacement,"level 0, 2 slots",moderate-mobile,10,50,stationary,face-centre,50,750,750,0.623735,0.926829,31.5496,0.97617,31.5496,611288,611288,611288,611288,611288,55,0,0,228940,70639,0,0,0,0,6,5,54,0,,,,,
insurance,B-level0-2slots,northrop-mall,eac,192,48,direct,replacement,"level 0, 2 slots",moderate-mobile,10,50,stationary,off-axis,50,750,750,0.57475,0.926829,31.9272,0.976746,31.9272,562124,562124,562124,562124,562124,52,0,0,127095,70639,0,0,0,0,6,5,51,0,,,,,
insurance,B-level0-2slots,northrop-mall,eac,192,48,direct,replacement,"level 0, 2 slots",moderate-mobile,10,50,quick-turn,face-centre,50,750,750,1.53298,0.853659,33.3431,0.976149,33.3431,611288,611288,1297148,1297148,1297148,135,9,29283,338951,70639,0,0,0,0,6,5,125,0,9.00367,24.3395,400,400,0
insurance,B-level0-2slots,northrop-mall,eac,192,48,direct,replacement,"level 0, 2 slots",moderate-mobile,10,50,quick-turn,off-axis,50,750,750,1.48393,0.853659,32.3097,0.975833,32.3097,562124,562124,1233414,1233414,1233414,139,4,0,176377,70639,0,0,0,0,6,5,134,0,8.04085,24.2689,400,400,0
insurance,B-level0-2slots,northrop-mall,eac,192,48,direct,replacement,"level 0, 2 slots",moderate-mobile,10,50,quick-turn,cube-corner,50,500,500,1.26945,0.878049,34.9629,0.98167,34.9629,388061,388061,890368,890368,890368,141,3,5329,158819,70639,0,0,0,0,6,3,137,0,7.85516,27.1077,400,400,0
insurance,B-level0-2slots,northrop-mall,eac,192,48,direct,replacement,"level 0, 2 slots",constrained-mobile,2,100,stationary,face-centre,120,2000,2000,2.44247,0.804878,31.5496,0.97617,31.5496,155335,384444,611288,611288,611288,55,0,0,228940,70639,0,0,0,0,6,5,54,0,,,,,
insurance,B-level0-2slots,northrop-mall,eac,192,48,direct,replacement,"level 0, 2 slots",constrained-mobile,2,100,stationary,off-axis,120,2000,2250,2.23993,0.780488,31.9272,0.976746,31.9272,158468,405186,562124,562124,562124,52,0,0,127095,70639,0,0,0,0,6,3,51,0,,,,,
insurance,B-level0-2slots,northrop-mall,eac,192,48,direct,replacement,"level 0, 2 slots",constrained-mobile,2,100,quick-turn,face-centre,120,2000,2000,4.857,0.634146,33.3431,0.976149,33.3431,155335,384444,1013217,1013217,1013217,117,25,47917,288116,70639,0,0,0,0,6,5,91,0,16.1866,17.1566,1400,1400,7.94736
insurance,B-level0-2slots,northrop-mall,eac,192,48,direct,replacement,"level 0, 2 slots",constrained-mobile,2,100,quick-turn,off-axis,120,2000,4000,4.60991,0.609756,32.3097,0.975833,32.3097,158468,405186,1007610,1007610,1007610,119,19,40911.5,219555,70639,0,0,0,0,6,3,99,0,15.9686,16.3411,1400,1400,4.60333
insurance,B-level0-2slots,northrop-mall,eac,192,48,direct,replacement,"level 0, 2 slots",constrained-mobile,2,100,quick-turn,cube-corner,120,1250,1500,3.0411,0.707317,34.9629,0.98167,34.9629,173683,363652,729296,729296,729296,126,11,3750,154415,70639,0,0,0,0,6,3,114,0,13.2408,21.7221,900,1150,0
insurance,B-level0-2slots,northrop-mall,eac,192,48,direct,replacement,"level 0, 2 slots",very-constrained,0.75,150,stationary,face-centre,200,4750,4750,6.04419,0.536585,31.5496,0.97617,31.5496,13182,129501,403110,611288,611288,55,0,0,228940,70639,0,0,0,0,6,3,54,0,,,,,
insurance,B-level0-2slots,northrop-mall,eac,192,48,direct,replacement,"level 0, 2 slots",very-constrained,0.75,150,stationary,off-axis,200,5000,5250,5.71652,0.487805,31.9272,0.976746,31.9272,15278,134504,411950,562124,562124,52,0,0,127095,70639,0,0,0,0,6,2,51,0,,,,,
insurance,B-level0-2slots,northrop-mall,eac,192,48,direct,replacement,"level 0, 2 slots",very-constrained,0.75,150,quick-turn,face-centre,200,6000,6000,8.34936,0.414634,33.3431,0.976149,33.3431,13182,129501,354143,706870,706870,94,26,11250,241483,70639,0,0,0,0,6,3,67,0,16.5613,16.7818,3400,3400,15.9923
insurance,B-level0-2slots,northrop-mall,eac,192,48,direct,replacement,"level 0, 2 slots",very-constrained,0.75,150,quick-turn,off-axis,200,6500,6750,8.61605,0.341463,32.3097,0.975833,32.3097,15278,134504,360565,671016,671016,91,26,15813,144079,70639,0,0,0,0,6,2,64,0,16.5254,15.7844,3900,4150,15.7303
insurance,B-level0-2slots,northrop-mall,eac,192,48,direct,replacement,"level 0, 2 slots",very-constrained,0.75,150,quick-turn,cube-corner,200,5250,5250,7.16838,0.487805,34.9629,0.98167,34.9629,48269,155703,390887,560356,560356,101,15,14153.8,151123,70639,0,0,0,0,6,2,85,0,16.5587,18.4042,2650,2650,14.9057
insurance,B-level0-2slots,bookstore,eac,192,48,direct,replacement,"level 0, 2 slots",moderate-mobile,10,50,stationary,face-centre,50,500,500,0.492328,0.95122,44.0894,0.990835,44.0894,211038,211038,211038,211038,211038,55,0,0,94989,40657,0,0,0,0,6,5,54,0,,,,,
insurance,B-level0-2slots,bookstore,eac,192,48,direct,replacement,"level 0, 2 slots",moderate-mobile,10,50,stationary,off-axis,50,500,500,0.460152,0.95122,43.6365,0.990461,43.6365,208447,208447,208447,208447,208447,52,0,0,57161,40657,0,0,0,0,6,4,51,0,,,,,
insurance,B-level0-2slots,bookstore,eac,192,48,direct,replacement,"level 0, 2 slots",moderate-mobile,10,50,quick-turn,face-centre,50,500,500,1.60605,0.878049,44.6587,0.992499,44.6587,211038,211038,477244,477244,477244,137,4,3545.5,105937,40657,0,0,0,0,6,5,132,0,11.2492,33.4094,400,400,0
insurance,B-level0-2slots,bookstore,eac,192,48,direct,replacement,"level 0, 2 slots",moderate-mobile,10,50,quick-turn,off-axis,50,500,500,1.55036,0.878049,46.0367,0.993095,46.0367,208447,208447,483600,483600,483600,140,2,0,67933,40657,0,0,0,0,6,4,137,0,10.0851,35.9516,400,400,0
insurance,B-level0-2slots,bookstore,eac,192,48,direct,replacement,"level 0, 2 slots",moderate-mobile,10,50,quick-turn,cube-corner,50,500,500,1.38651,0.878049,46.1957,0.99213,46.1957,200846,200846,448470,448470,448470,142,0,0,61289,40657,0,0,0,0,6,4,141,0,9.35943,36.8362,400,400,0
insurance,B-level0-2slots,bookstore,eac,192,48,direct,replacement,"level 0, 2 slots",constrained-mobile,2,100,stationary,face-centre,110,1000,1000,1.51282,0.902439,44.0894,0.990835,44.0894,123340,211038,211038,211038,211038,55,0,0,94989,40657,0,0,0,0,6,3,54,0,,,,,
insurance,B-level0-2slots,bookstore,eac,192,48,direct,replacement,"level 0, 2 slots",constrained-mobile,2,100,stationary,off-axis,110,1250,1250,1.56597,0.878049,43.6365,0.990461,43.6365,144084,208447,208447,208447,208447,52,0,0,57161,40657,0,0,0,0,6,2,51,0,,,,,
insurance,B-level0-2slots,bookstore,eac,192,48,direct,replacement,"level 0, 2 slots",constrained-mobile,2,100,quick-turn,face-centre,110,1000,1000,3.06794,0.804878,44.6587,0.992499,44.6587,123340,211038,397955,397955,397955,123,18,19749,110642,40657,0,0,0,0,6,3,104,0,15.7292,28.9295,650,650,0
insurance,B-level0-2slots,bookstore,eac,192,48,direct,replacement,"level 0, 2 slots",constrained-mobile,2,100,quick-turn,off-axis,110,1250,1250,3.14152,0.756098,46.0367,0.993095,46.0367,144084,208447,386608,386608,386608,122,10,3750,83177,40657,0,0,0,0,6,3,111,0,14.9337,31.103,900,900,0
insurance,B-level0-2slots,bookstore,eac,192,48,direct,replacement,"level 0, 2 slots",constrained-mobile,2,100,quick-turn,cube-corner,110,1000,1000,2.54696,0.804878,46.1957,0.99213,46.1957,122016,200846,353689,353689,353689,126,11,5000,79642,40657,0,0,0,0,6,3,114,0,11.7093,34.4863,650,650,0
insurance,B-level0-2slots,bookstore,eac,192,48,direct,replacement,"level 0, 2 slots",very-constrained,0.75,150,stationary,face-centre,190,2000,2000,3.33247,0.804878,44.0894,0.990835,44.0894,54005,128049,211038,211038,211038,55,0,0,94989,40657,0,0,0,0,6,2,54,0,,,,,
insurance,B-level0-2slots,bookstore,eac,192,48,direct,replacement,"level 0, 2 slots",very-constrained,0.75,150,stationary,off-axis,190,2000,2000,3.22855,0.804878,43.6365,0.990461,43.6365,51881,147598,208447,208447,208447,52,0,0,57161,40657,0,0,0,0,6,2,51,0,,,,,
insurance,B-level0-2slots,bookstore,eac,192,48,direct,replacement,"level 0, 2 slots",very-constrained,0.75,150,quick-turn,face-centre,190,2000,2000,6.74572,0.634146,44.6587,0.992499,44.6587,54005,128049,338715,353708,353708,119,23,5186.73,113068,40657,0,0,0,0,6,2,95,0,20.7749,23.8838,1400,1400,13.1847
insurance,B-level0-2slots,bookstore,eac,192,48,direct,replacement,"level 0, 2 slots",very-constrained,0.75,150,quick-turn,off-axis,190,2000,2000,6.45162,0.634146,46.0367,0.993095,46.0367,51881,147598,342010,342010,342010,117,20,7190.25,75249.3,40657,0,0,0,0,6,2,96,0,20.8075,25.2292,1400,1400,11.4477
insurance,B-level0-2slots,bookstore,eac,192,48,direct,replacement,"level 0, 2 slots",very-constrained,0.75,150,quick-turn,cube-corner,190,2000,2000,5.19995,0.634146,46.1957,0.99213,46.1957,56667,130993,299142,316056,316056,121,17,8550.44,78979.4,40657,0,0,0,0,6,3,103,0,17.0982,29.0974,1150,1400,4.61459
insurance,B-level0-2slots,superblock,eac,192,48,direct,replacement,"level 0, 2 slots",moderate-mobile,10,50,stationary,face-centre,50,500,500,0.39714,0.95122,38.4231,0.986026,38.4231,368680,368680,368680,368680,368680,55,0,0,167434,79404,0,0,0,0,6,4,54,0,,,,,
insurance,B-level0-2slots,superblock,eac,192,48,direct,replacement,"level 0, 2 slots",moderate-mobile,10,50,stationary,off-axis,50,500,500,0.441258,0.95122,39.8548,0.987626,39.8548,357486,357486,357486,357486,357486,52,0,0,129143,79404,0,0,0,0,6,4,51,0,,,,,
insurance,B-level0-2slots,superblock,eac,192,48,direct,replacement,"level 0, 2 slots",moderate-mobile,10,50,quick-turn,face-centre,50,500,500,1.34799,0.878049,35.3022,0.983531,35.3022,368680,368680,1089980,1089980,1089980,136,4,11955.4,343428,79404,0,0,0,0,6,4,131,0,9.23401,26.0682,400,400,0
insurance,B-level0-2slots,superblock,eac,192,48,direct,replacement,"level 0, 2 slots",moderate-mobile,10,50,quick-turn,off-axis,50,500,500,1.4114,0.878049,34.5794,0.983764,34.5794,357486,357486,1114396,1114396,1114396,135,4,2500,264913,79404,0,0,0,0,6,4,130,0,9.59662,24.9828,400,400,0
insurance,B-level0-2slots,superblock,eac,192,48,direct,replacement,"level 0, 2 slots",moderate-mobile,10,50,quick-turn,cube-corner,50,500,750,1.28452,0.853659,31.6225,0.984972,31.6225,489346,489346,1304516,1304516,1304516,134,2,0,226965,79404,0,0,0,0,6,4,131,0,9.26613,22.3563,400,400,0
insurance,B-level0-2slots,superblock,eac,192,48,direct,replacement,"level 0, 2 slots",constrained-mobile,2,100,stationary,face-centre,120,1250,1250,1.48329,0.878049,38.4231,0.986026,38.4231,167301,341714,368680,368680,368680,55,0,0,167434,79404,0,0,0,0,6,3,54,0,,,,,
insurance,B-level0-2slots,superblock,eac,192,48,direct,replacement,"level 0, 2 slots",constrained-mobile,2,100,stationary,off-axis,120,1250,1250,1.5096,0.878049,39.8548,0.987626,39.8548,151335,357486,357486,357486,357486,52,0,0,129143,79404,0,0,0,0,6,4,51,0,,,,,
insurance,B-level0-2slots,superblock,eac,192,48,direct,replacement,"level 0, 2 slots",constrained-mobile,2,100,quick-turn,face-centre,120,1250,1250,3.49221,0.707317,35.3022,0.983531,35.3022,167301,341714,867959,867959,867959,124,19,23612,239964,79404,0,0,0,0,6,3,104,0,14.3244,20.9778,1400,1400,0
insurance,B-level0-2slots,superblock,eac,192,48,direct,replacement,"level 0, 2 slots",constrained-mobile,2,100,quick-turn,off-axis,120,1250,1250,3.54588,0.682927,34.5794,0.983764,34.5794,151335,357486,861847,861847,861847,120,20,41097.3,173860,79404,0,0,0,0,6,4,99,0,14.044,20.5354,1400,1650,0
insurance,B-level0-2slots,superblock,eac,192,48,direct,replacement,"level 0, 2 slots",constrained-mobile,2,100,quick-turn,cube-corner,120,1500,1750,4.13829,0.634146,31.6225,0.984972,31.6225,170805,374563,1089470,1103270,1103270,124,16,53619.7,295293,89682.6,0,1,0,0,6,2,107,0,15.8438,15.7786,1400,1650,0
insurance,B-level0-2slots,superblock,eac,192,48,direct,replacement,"level 0, 2 slots",very-constrained,0.75,150,stationary,face-centre,210,2750,2750,3.68763,0.731707,38.4231,0.986026,38.4231,50263,124202,368680,368680,368680,55,0,0,167434,79404,0,0,0,0,6,3,54,0,,,,,
insurance,B-level0-2slots,superblock,eac,192,48,direct,replacement,"level 0, 2 slots",very-constrained,0.75,150,stationary,off-axis,210,2750,2750,3.56401,0.731707,39.8548,0.987626,39.8548,33407,143140,357486,357486,357486,52,0,0,129143,79404,0,0,0,0,6,3,51,0,,,,,
insurance,B-level0-2slots,superblock,eac,192,48,direct,replacement,"level 0, 2 slots",very-constrained,0.75,150,quick-turn,face-centre,210,6250,6250,8.76597,0.390244,35.3022,0.983531,35.3022,50263,124202,369853,724923,724923,107,25,18103,264799,79404,0,0,0,0,6,3,81,0,17.2044,18.0978,3650,3650,14.5472
insurance,B-level0-2slots,superblock,eac,192,48,direct,replacement,"level 0, 2 slots",very-constrained,0.75,150,quick-turn,off-axis,210,6500,7000,9.03343,0.317073,34.5794,0.983764,34.5794,33407,143140,376308,700193,700193,108,25,13259,148766,79404,0,0,0,0,6,3,82,0,17.4586,17.1208,3900,4400,10.6659
insurance,B-level0-2slots,superblock,eac,192,48,direct,replacement,"level 0, 2 slots",very-constrained,0.75,150,quick-turn,cube-corner,210,6500,7000,8.60211,0.317073,31.6225,0.984972,31.6225,39283,143111,411650,824465,824465,95,19,40134,244234,79404,0,0,0,0,6,2,75,0,16.2944,15.3281,3900,4400,13.8156
insurance,B-level1-2slots,northrop-mall,eac,192,48,direct,replacement,"level 1, 2 slots",moderate-mobile,10,50,stationary,face-centre,50,750,750,0.623735,0.926829,31.5496,0.97617,31.5496,611288,897444,897444,897444,897444,79,0,0,515096,356795,0,0,0,0,6,5,78,0,,,,,
insurance,B-level1-2slots,northrop-mall,eac,192,48,direct,replacement,"level 1, 2 slots",moderate-mobile,10,50,stationary,off-axis,50,750,750,0.57475,0.926829,31.9272,0.976746,31.9272,600148,815277,815277,815277,815277,74,0,0,380248,323792,0,0,0,0,6,5,73,0,,,,,
insurance,B-level1-2slots,northrop-mall,eac,192,48,direct,replacement,"level 1, 2 slots",moderate-mobile,10,50,quick-turn,face-centre,50,750,750,1.35813,0.853659,33.3431,0.976149,33.3431,611288,897444,1583304,1583304,1583304,159,9,29283,512097,356795,0,0,0,0,6,5,149,0,6.79924,26.5439,400,400,0
insurance,B-level1-2slots,northrop-mall,eac,192,48,direct,replacement,"level 1, 2 slots",moderate-mobile,10,50,quick-turn,off-axis,50,750,750,1.30141,0.853659,32.3097,0.975833,32.3097,600148,815277,1486567,1486567,1486567,161,4,0,350232,323792,0,0,0,0,6,5,156,0,5.95525,26.3545,400,400,0
insurance,B-level1-2slots,northrop-mall,eac,192,48,direct,replacement,"level 1, 2 slots",moderate-mobile,10,50,quick-turn,cube-corner,50,500,500,1.08718,0.878049,34.9629,0.98167,34.9629,467118,670028,1172335,1172335,1172335,164,3,5329,355337,352606,0,0,0,0,6,3,160,0,5.87238,29.0905,400,400,0
insurance,B-level1-2slots,northrop-mall,eac,192,48,direct,replacement,"level 1, 2 slots",constrained-mobile,2,100,stationary,face-centre,120,2000,2000,2.44247,0.804878,31.5496,0.97617,31.5496,155335,384444,897444,897444,897444,79,0,0,515096,356795,0,0,0,0,6,5,78,0,,,,,
insurance,B-level1-2slots,northrop-mall,eac,192,48,direct,replacement,"level 1, 2 slots",constrained-mobile,2,100,stationary,off-axis,120,2000,2250,2.23993,0.780488,31.9272,0.976746,31.9272,158468,405186,815277,815277,815277,74,0,0,380248,323792,0,0,0,0,6,3,73,0,,,,,
insurance,B-level1-2slots,northrop-mall,eac,192,48,direct,replacement,"level 1, 2 slots",constrained-mobile,2,100,quick-turn,face-centre,120,2000,2000,4.857,0.634146,33.3431,0.976149,33.3431,155335,384444,1013217,1299373,1299373,141,25,47917,574272,356795,0,0,0,0,6,5,115,0,16.1866,17.1566,1400,1400,7.94736
insurance,B-level1-2slots,northrop-mall,eac,192,48,direct,replacement,"level 1, 2 slots",constrained-mobile,2,100,quick-turn,off-axis,120,2000,4000,4.60991,0.609756,32.3097,0.975833,32.3097,158468,405186,1041370,1244960,1244960,140,19,40911.5,456910,307994,0,0,0,0,6,3,120,0,15.9686,16.3411,1400,1400,4.60333
insurance,B-level1-2slots,northrop-mall,eac,192,48,direct,replacement,"level 1, 2 slots",constrained-mobile,2,100,quick-turn,cube-corner,120,1250,1500,3.0411,0.707317,34.9629,0.98167,34.9629,173683,363652,861667,999632,999632,148,12,3750,424751,340975,0,0,0,0,6,3,135,0,13.2408,21.7221,900,1150,0
insurance,B-level1-2slots,northrop-mall,eac,192,48,direct,replacement,"level 1, 2 slots",very-constrained,0.75,150,stationary,face-centre,200,4750,4750,6.04419,0.536585,31.5496,0.97617,31.5496,13182,129501,403110,803742,803742,74,0,0,421394,263093,0,0,0,0,6,3,71,0,,,,,
insurance,B-level1-2slots,northrop-mall,eac,192,48,direct,replacement,"level 1, 2 slots",very-constrained,0.75,150,stationary,off-axis,200,5000,5250,5.71652,0.487805,31.9272,0.976746,31.9272,15278,134504,411950,784592,784592,74,0,0,349563,293107,0,0,0,0,6,2,71,0,,,,,
insurance,B-level1-2slots,northrop-mall,eac,192,48,direct,replacement,"level 1, 2 slots",very-constrained,0.75,150,quick-turn,face-centre,200,6000,6000,8.34936,0.414634,33.3431,0.976149,33.3431,13182,129501,354143,787979,787979,103,26,11250,322592,151748,0,0,0,0,6,3,74,0,16.5613,16.7818,3400,3400,15.9923
insurance,B-level1-2slots,northrop-mall,eac,192,48,direct,replacement,"level 1, 2 slots",very-constrained,0.75,150,quick-turn,off-axis,200,6500,6750,8.61605,0.341463,32.3097,0.975833,32.3097,15278,134504,360565,792068,792068,105,26,15813,265131,191691,0,0,0,0,6,2,76,0,16.5254,15.7844,3900,4150,15.7303
insurance,B-level1-2slots,northrop-mall,eac,192,48,direct,replacement,"level 1, 2 slots",very-constrained,0.75,150,quick-turn,cube-corner,200,5250,5250,7.16838,0.487805,34.9629,0.98167,34.9629,48269,155703,390887,782420,782420,122,15,14153.8,373187,292703,0,0,0,0,6,2,104,0,16.5587,18.4042,2650,2650,14.9057
insurance,B-level1-2slots,bookstore,eac,192,48,direct,replacement,"level 1, 2 slots",moderate-mobile,10,50,stationary,face-centre,50,500,500,0.492328,0.95122,44.0894,0.990835,44.0894,264059,346288,346288,346288,346288,79,0,0,230239,175907,0,0,0,0,6,5,78,0,,,,,
insurance,B-level1-2slots,bookstore,eac,192,48,direct,replacement,"level 1, 2 slots",moderate-mobile,10,50,stationary,off-axis,50,500,500,0.460152,0.95122,43.6365,0.990461,43.6365,249564,328758,328758,328758,328758,74,0,0,177472,160968,0,0,0,0,6,4,73,0,,,,,
insurance,B-level1-2slots,bookstore,eac,192,48,direct,replacement,"level 1, 2 slots",moderate-mobile,10,50,quick-turn,face-centre,50,500,500,1.33157,0.878049,44.6587,0.992499,44.6587,264059,346288,612494,612494,612494,161,4,3545.5,188296,175907,0,0,0,0,6,5,156,0,8.08193,36.5768,400,400,0
insurance,B-level1-2slots,bookstore,eac,192,48,direct,replacement,"level 1, 2 slots",moderate-mobile,10,50,quick-turn,off-axis,50,500,500,1.26816,0.878049,46.0367,0.993095,46.0367,249564,328758,603911,603911,603911,162,2,0,144921,160968,0,0,0,0,6,4,159,0,7.08661,38.9501,400,400,0
insurance,B-level1-2slots,bookstore,eac,192,48,direct,replacement,"level 1, 2 slots",moderate-mobile,10,50,quick-turn,cube-corner,50,500,500,1.10771,0.878049,46.1957,0.99213,46.1957,242328,333588,581212,581212,581212,165,0,0,147931,173399,0,0,0,0,6,4,164,0,6.30622,39.8895,400,400,0
insurance,B-level1-2slots,bookstore,eac,192,48,direct,replacement,"level 1, 2 slots",constrained-mobile,2,100,stationary,face-centre,110,1000,1000,1.51282,0.902439,44.0894,0.990835,44.0894,123340,235427,346288,346288,346288,79,0,0,230239,175907,0,0,0,0,6,3,78,0,,,,,
insurance,B-level1-2slots,bookstore,eac,192,48,direct,replacement,"level 1, 2 slots",constrained-mobile,2,100,stationary,off-axis,110,1250,1250,1.56597,0.878049,43.6365,0.990461,43.6365,144084,238555,328758,328758,328758,74,0,0,177472,160968,0,0,0,0,6,2,73,0,,,,,
insurance,B-level1-2slots,bookstore,eac,192,48,direct,replacement,"level 1, 2 slots",constrained-mobile,2,100,quick-turn,face-centre,110,1000,1000,2.96297,0.804878,44.6587,0.992499,44.6587,123340,235427,535705,535705,535705,150,20,19312,225025,175907,0,2,0,0,6,3,129,0,15.7292,28.9295,650,650,0
insurance,B-level1-2slots,bookstore,eac,192,48,direct,replacement,"level 1, 2 slots",constrained-mobile,2,100,quick-turn,off-axis,110,1250,1250,3.09287,0.756098,46.0367,0.993095,46.0367,144084,238555,505196,505196,505196,145,12,6250,179252,156651,0,2,0,0,6,2,132,0,14.9337,31.103,900,900,0
insurance,B-level1-2slots,bookstore,eac,192,48,direct,replacement,"level 1, 2 slots",constrained-mobile,2,100,quick-turn,cube-corner,110,1000,1000,2.46453,0.804878,46.1957,0.99213,46.1957,122016,231632,484301,484301,484301,148,11,5000,183121,171269,0,0,0,0,6,3,136,0,11.7707,34.4249,650,650,0
insurance,B-level1-2slots,bookstore,eac,192,48,direct,replacement,"level 1, 2 slots",very-constrained,0.75,150,stationary,face-centre,190,2000,2000,3.33247,0.804878,44.0894,0.990835,44.0894,54005,128049,309003,346288,346288,79,0,0,230239,175907,0,0,0,0,6,2,78,0,,,,,
insurance,B-level1-2slots,bookstore,eac,192,48,direct,replacement,"level 1, 2 slots",very-constrained,0.75,150,stationary,off-axis,190,2000,2000,3.22855,0.804878,43.6365,0.990461,43.6365,51881,147598,304171,328758,328758,74,0,0,177472,160968,0,0,0,0,6,2,73,0,,,,,
insurance,B-level1-2slots,bookstore,eac,192,48,direct,replacement,"level 1, 2 slots",very-constrained,0.75,150,quick-turn,face-centre,190,2000,2000,6.74572,0.634146,44.6587,0.992499,44.6587,54005,128049,338715,488958,488958,143,23,5186.73,248318,175907,0,0,0,0,6,2,119,0,20.7749,23.8838,1400,1400,13.1847
insurance,B-level1-2slots,bookstore,eac,192,48,direct,replacement,"level 1, 2 slots",very-constrained,0.75,150,quick-turn,off-axis,190,2000,2000,6.45162,0.634146,46.0367,0.993095,46.0367,51881,147598,342010,459797,459797,138,20,7190.25,193036,158444,0,0,0,0,6,2,117,0,20.8075,25.2292,1400,1400,11.4477
insurance,B-level1-2slots,bookstore,eac,192,48,direct,replacement,"level 1, 2 slots",very-constrained,0.75,150,quick-turn,cube-corner,190,2000,2000,5.19995,0.634146,46.1957,0.99213,46.1957,56667,130993,299142,449176,449176,144,17,8550.44,212099,173777,0,0,0,0,6,3,126,0,17.0982,29.0974,1150,1400,4.61459
insurance,B-level1-2slots,superblock,eac,192,48,direct,replacement,"level 1, 2 slots",moderate-mobile,10,50,stationary,face-centre,50,500,500,0.39714,0.95122,38.4231,0.986026,38.4231,429550,695230,695230,695230,695230,79,0,0,493984,405954,0,0,0,0,6,4,78,0,,,,,
insurance,B-level1-2slots,superblock,eac,192,48,direct,replacement,"level 1, 2 slots",moderate-mobile,10,50,stationary,off-axis,50,500,500,0.441258,0.95122,39.8548,0.987626,39.8548,431438,666927,666927,666927,666927,74,0,0,438584,388845,0,0,0,0,6,4,73,0,,,,,
insurance,B-level1-2slots,superblock,eac,192,48,direct,replacement,"level 1, 2 slots",moderate-mobile,10,50,quick-turn,face-centre,50,500,500,1.14859,0.878049,35.3022,0.983531,35.3022,429550,695230,1416530,1416530,1416530,160,4,11955.4,542175,405954,0,0,0,0,6,4,155,0,6.84073,28.4615,400,400,0
insurance,B-level1-2slots,superblock,eac,192,48,direct,replacement,"level 1, 2 slots",moderate-mobile,10,50,quick-turn,off-axis,50,500,500,1.20109,0.878049,34.5794,0.983764,34.5794,431438,666927,1423837,1423837,1423837,157,4,2500,454361,388845,0,0,0,0,6,4,152,0,6.94618,27.6332,400,400,0
insurance,B-level1-2slots,superblock,eac,192,48,direct,replacement,"level 1, 2 slots",moderate-mobile,10,50,quick-turn,cube-corner,50,500,750,1.08482,0.853659,31.6225,0.984972,31.6225,522150,800891,1616061,1616061,1616061,157,2,0,418080,390949,0,0,0,0,6,4,154,0,6.9049,24.7176,400,400,0
insurance,B-level1-2slots,superblock,eac,192,48,direct,replacement,"level 1, 2 slots",constrained-mobile,2,100,stationary,face-centre,120,1250,1250,1.48329,0.878049,38.4231,0.986026,38.4231,167301,341714,695230,695230,695230,79,0,0,493984,405954,0,0,0,0,6,3,78,0,,,,,
insurance,B-level1-2slots,superblock,eac,192,48,direct,replacement,"level 1, 2 slots",constrained-mobile,2,100,stationary,off-axis,120,1250,1250,1.5096,0.878049,39.8548,0.987626,39.8548,151335,364591,666927,666927,666927,74,0,0,438584,388845,0,0,0,0,6,4,73,0,,,,,
insurance,B-level1-2slots,superblock,eac,192,48,direct,replacement,"level 1, 2 slots",constrained-mobile,2,100,quick-turn,face-centre,120,1250,1250,3.49221,0.707317,35.3022,0.983531,35.3022,167301,341714,926051,1194509,1194509,151,22,23612,566514,405954,0,2,0,0,6,3,128,0,14.3244,20.9778,1400,1400,0
insurance,B-level1-2slots,superblock,eac,192,48,direct,replacement,"level 1, 2 slots",constrained-mobile,2,100,quick-turn,off-axis,120,1250,1250,3.54588,0.682927,34.5794,0.983764,34.5794,151335,364591,983968,1169990,1169990,143,21,48482.3,482002,380046,0,2,0,0,6,4,121,0,14.044,20.5354,1400,1650,0
insurance,B-level1-2slots,superblock,eac,192,48,direct,replacement,"level 1, 2 slots",constrained-mobile,2,100,quick-turn,cube-corner,120,1500,1750,4.13829,0.634146,31.6225,0.984972,31.6225,170805,374563,1089470,1395900,1395900,146,16,53619.7,587918,382308,0,1,0,0,6,2,129,0,15.8438,15.7786,1400,1650,0
insurance,B-level1-2slots,superblock,eac,192,48,direct,replacement,"level 1, 2 slots",very-constrained,0.75,150,stationary,face-centre,210,2750,2750,3.68763,0.731707,38.4231,0.986026,38.4231,50263,124202,403665,695230,695230,79,0,0,493984,405954,0,0,0,0,6,3,78,0,,,,,
insurance,B-level1-2slots,superblock,eac,192,48,direct,replacement,"level 1, 2 slots",very-constrained,0.75,150,stationary,off-axis,210,2750,2750,3.56401,0.731707,39.8548,0.987626,39.8548,33407,143140,405377,666927,666927,74,0,0,438584,388845,0,0,0,0,6,3,73,0,,,,,
insurance,B-level1-2slots,superblock,eac,192,48,direct,replacement,"level 1, 2 slots",very-constrained,0.75,150,quick-turn,face-centre,210,6250,6250,8.76597,0.390244,35.3022,0.983531,35.3022,50263,124202,369853,783015,783015,113,25,18103,322891,137496,0,0,0,0,6,3,85,0,17.2044,18.0978,3650,3650,14.5472
insurance,B-level1-2slots,superblock,eac,192,48,direct,replacement,"level 1, 2 slots",very-constrained,0.75,150,quick-turn,off-axis,210,6500,7000,9.03343,0.317073,34.5794,0.983764,34.5794,33407,143140,376308,794493,794493,116,25,13259,243066,173704,0,0,0,0,6,3,88,0,17.4586,17.1208,3900,4400,10.6659
insurance,B-level1-2slots,superblock,eac,192,48,direct,replacement,"level 1, 2 slots",very-constrained,0.75,150,quick-turn,cube-corner,210,6500,7000,8.60211,0.317073,31.6225,0.984972,31.6225,39283,143111,411650,856148,856148,99,19,40134,275917,111087,0,0,0,0,6,2,77,0,16.2944,15.3281,3900,4400,13.8156
insurance,B-level2-2slots,northrop-mall,eac,192,48,direct,replacement,"level 2, 2 slots",moderate-mobile,10,50,stationary,face-centre,50,750,750,0.623735,0.926829,31.5496,0.97617,31.5496,611288,982265,1837088,1837088,1837088,167,0,0,1454740,1296439,0,0,0,0,6,5,166,0,,,,,
insurance,B-level2-2slots,northrop-mall,eac,192,48,direct,replacement,"level 2, 2 slots",moderate-mobile,10,50,stationary,off-axis,50,750,750,0.57475,0.926829,31.9272,0.976746,31.9272,600148,933324,1758475,1758475,1758475,162,0,0,1323446,1266990,0,0,0,0,6,5,161,0,,,,,
insurance,B-level2-2slots,northrop-mall,eac,192,48,direct,replacement,"level 2, 2 slots",moderate-mobile,10,50,quick-turn,face-centre,50,750,750,1.3283,0.853659,33.3431,0.976149,33.3431,611288,982265,2330770,2754550,2754550,263,7,15426.5,1652450,1514119,0,18,59,0,6,5,196,0,6.43892,26.9042,400,400,0
insurance,B-level2-2slots,northrop-mall,eac,192,48,direct,replacement,"level 2, 2 slots",moderate-mobile,10,50,quick-turn,off-axis,50,750,750,1.29087,0.853659,32.3097,0.975833,32.3097,600148,933324,2234000,2679580,2679580,270,8,10801.5,1532740,1555800,0,22,65,0,6,5,196,0,6.41685,25.8929,400,400,0
insurance,B-level2-2slots,northrop-mall,eac,192,48,direct,replacement,"level 2, 2 slots",moderate-mobile,10,50,quick-turn,cube-corner,50,500,500,1.04918,0.878049,34.9629,0.98167,34.9629,467118,796500,2003904,2519332,2519332,282,3,5329,1656661,1699603,0,29,82,0,6,3,196,0,5.87238,29.0905,400,400,0
insurance,B-level2-2slots,northrop-mall,eac,192,48,direct,replacement,"level 2, 2 slots",constrained-mobile,2,100,stationary,face-centre,120,2000,2000,2.44247,0.804878,31.5496,0.97617,31.5496,155335,384444,897444,1571514,1571514,147,0,0,1189166,1030865,0,0,0,0,6,5,144,0,,,,,
insurance,B-level2-2slots,northrop-mall,eac,192,48,direct,replacement,"level 2, 2 slots",constrained-mobile,2,100,stationary,off-axis,120,2000,2250,2.23993,0.780488,31.9272,0.976746,31.9272,158468,405186,870778,1485666,1485666,144,0,0,1050637,994181,0,0,0,0,6,3,141,0,,,,,
insurance,B-level2-2slots,northrop-mall,eac,192,48,direct,replacement,"level 2, 2 slots",constrained-mobile,2,100,quick-turn,face-centre,120,2000,2000,4.857,0.634146,33.3431,0.976149,33.3431,155335,384444,1013217,1708949,1708949,182,25,47917,983848,766371,0,0,0,0,6,5,154,0,16.1866,17.1566,1400,1400,7.94736
insurance,B-level2-2slots,northrop-mall,eac,192,48,direct,replacement,"level 2, 2 slots",constrained-mobile,2,100,quick-turn,off-axis,120,2000,4000,4.60991,0.609756,32.3097,0.975833,32.3097,158468,405186,1041370,1657760,1657760,186,19,40911.5,869709,720793,0,0,0,0,6,3,164,0,15.9686,16.3411,1400,1400,4.60333
insurance,B-level2-2slots,northrop-mall,eac,192,48,direct,replacement,"level 2, 2 slots",constrained-mobile,2,100,quick-turn,cube-corner,120,1250,1500,3.0411,0.707317,34.9629,0.98167,34.9629,173683,363652,861667,1531543,1542039,201,12,3750,967158,883382,0,0,0,0,6,3,185,0,13.2408,21.7221,900,1150,0
insurance,B-level2-2slots,northrop-mall,eac,192,48,direct,replacement,"level 2, 2 slots",very-constrained,0.75,150,stationary,face-centre,200,4750,4750,6.04419,0.536585,31.5496,0.97617,31.5496,13182,129501,403110,803742,803742,74,0,0,421394,263093,0,0,0,0,6,3,71,0,,,,,
insurance,B-level2-2slots,northrop-mall,eac,192,48,direct,replacement,"level 2, 2 slots",very-constrained,0.75,150,stationary,off-axis,200,5000,5250,5.71652,0.487805,31.9272,0.976746,31.9272,15278,134504,411950,784592,784592,74,0,0,349563,293107,0,0,0,0,6,2,71,0,,,,,
insurance,B-level2-2slots,northrop-mall,eac,192,48,direct,replacement,"level 2, 2 slots",very-constrained,0.75,150,quick-turn,face-centre,200,6000,6000,8.34936,0.414634,33.3431,0.976149,33.3431,13182,129501,354143,787979,787979,103,26,11250,322592,151748,0,0,0,0,6,3,74,0,16.5613,16.7818,3400,3400,15.9923
insurance,B-level2-2slots,northrop-mall,eac,192,48,direct,replacement,"level 2, 2 slots",very-constrained,0.75,150,quick-turn,off-axis,200,6500,6750,8.61605,0.341463,32.3097,0.975833,32.3097,15278,134504,360565,792068,792068,105,26,15813,265131,191691,0,0,0,0,6,2,76,0,16.5254,15.7844,3900,4150,15.7303
insurance,B-level2-2slots,northrop-mall,eac,192,48,direct,replacement,"level 2, 2 slots",very-constrained,0.75,150,quick-turn,cube-corner,200,5250,5250,7.16838,0.487805,34.9629,0.98167,34.9629,48269,155703,390887,782420,782420,122,15,14153.8,373187,292703,0,0,0,0,6,2,104,0,16.5587,18.4042,2650,2650,14.9057
insurance,B-level2-2slots,bookstore,eac,192,48,direct,replacement,"level 2, 2 slots",moderate-mobile,10,50,stationary,face-centre,50,500,500,0.492328,0.95122,44.0894,0.990835,44.0894,264059,428273,721402,721402,721402,167,0,0,605353,551021,0,0,0,0,6,5,166,0,,,,,
insurance,B-level2-2slots,bookstore,eac,192,48,direct,replacement,"level 2, 2 slots",moderate-mobile,10,50,stationary,off-axis,50,500,500,0.460152,0.95122,43.6365,0.990461,43.6365,249564,406948,697607,697607,697607,162,0,0,546321,529817,0,0,0,0,6,4,161,0,,,,,
insurance,B-level2-2slots,bookstore,eac,192,48,direct,replacement,"level 2, 2 slots",moderate-mobile,10,50,quick-turn,face-centre,50,500,500,1.30401,0.878049,44.6587,0.992499,44.6587,264059,428273,1002807,1106977,1106977,275,5,0,646008,668644,0,26,73,0,6,5,196,0,8.50688,36.1518,400,400,0
insurance,B-level2-2slots,bookstore,eac,192,48,direct,replacement,"level 2, 2 slots",moderate-mobile,10,50,quick-turn,off-axis,50,500,500,1.218,0.878049,46.0367,0.993095,46.0367,249564,406948,1003541,1111365,1111365,279,4,0,621320,671561,0,30,78,0,6,4,196,0,7.08661,38.9501,400,400,0
insurance,B-level2-2slots,bookstore,eac,192,48,direct,replacement,"level 2, 2 slots",moderate-mobile,10,50,quick-turn,cube-corner,50,500,500,1.07741,0.878049,46.1957,0.99213,46.1957,242328,412540,986422,1137202,1137202,284,1,0,663216,732186,0,32,86,0,6,4,196,0,6.30622,39.8895,400,400,0
insurance,B-level2-2slots,bookstore,eac,192,48,direct,replacement,"level 2, 2 slots",constrained-mobile,2,100,stationary,face-centre,110,1000,1000,1.51282,0.902439,44.0894,0.990835,44.0894,123340,235427,470536,721402,721402,167,0,0,605353,551021,0,0,0,0,6,3,166,0,,,,,
insurance,B-level2-2slots,bookstore,eac,192,48,direct,replacement,"level 2, 2 slots",constrained-mobile,2,100,stationary,off-axis,110,1250,1250,1.56597,0.878049,43.6365,0.990461,43.6365,144084,238555,462349,697607,697607,162,0,0,546321,529817,0,0,0,0,6,2,161,0,,,,,
insurance,B-level2-2slots,bookstore,eac,192,48,direct,replacement,"level 2, 2 slots",constrained-mobile,2,100,quick-turn,face-centre,110,1000,1000,2.96297,0.804878,44.6587,0.992499,44.6587,123340,235427,561672,871188,871188,229,20,19312,560508,511390,0,2,12,0,6,3,196,0,15.7292,28.9295,650,650,0
insurance,B-level2-2slots,bookstore,eac,192,48,direct,replacement,"level 2, 2 slots",constrained-mobile,2,100,quick-turn,off-axis,110,1250,1250,3.09287,0.756098,46.0367,0.993095,46.0367,144084,238555,553927,906247,906247,236,12,6250,580303,557702,0,6,27,0,6,2,196,0,14.9337,31.103,900,900,0
insurance,B-level2-2slots,bookstore,eac,192,48,direct,replacement,"level 2, 2 slots",constrained-mobile,2,100,quick-turn,cube-corner,110,1000,1000,2.46453,0.804878,46.1957,0.99213,46.1957,122016,231632,515034,873778,873778,234,11,5000,572598,560746,0,3,26,0,6,3,196,0,11.7707,34.4249,650,650,0
insurance,B-level2-2slots,bookstore,eac,192,48,direct,replacement,"level 2, 2 slots",very-constrained,0.75,150,stationary,face-centre,190,2000,2000,3.33247,0.804878,44.0894,0.990835,44.0894,54005,128049,309003,509856,509856,120,0,0,393807,339475,0,0,0,0,6,2,117,0,,,,,
insurance,B-level2-2slots,bookstore,eac,192,48,direct,replacement,"level 2, 2 slots",very-constrained,0.75,150,stationary,off-axis,190,2000,2000,3.22855,0.804878,43.6365,0.990461,43.6365,51881,147598,304171,509823,509823,121,0,0,358537,342033,0,0,0,0,6,2,118,0,,,,,
insurance,B-level2-2slots,bookstore,eac,192,48,direct,replacement,"level 2, 2 slots",very-constrained,0.75,150,quick-turn,face-centre,190,2000,2000,6.74572,0.634146,44.6587,0.992499,44.6587,54005,128049,338715,573388,573388,164,23,5186.73,332748,260337,0,0,0,0,6,2,136,0,20.7749,23.8838,1400,1400,13.1847
insurance,B-level2-2slots,bookstore,eac,192,48,direct,replacement,"level 2, 2 slots",very-constrained,0.75,150,quick-turn,off-axis,190,2000,2000,6.45162,0.634146,46.0367,0.993095,46.0367,51881,147598,342010,565988,565988,165,20,7190.25,299227,264635,0,0,0,0,6,2,142,0,20.8075,25.2292,1400,1400,11.4477
insurance,B-level2-2slots,bookstore,eac,192,48,direct,replacement,"level 2, 2 slots",very-constrained,0.75,150,quick-turn,cube-corner,190,2000,2000,5.19995,0.634146,46.1957,0.99213,46.1957,56667,130993,299142,525747,525747,165,17,8550.44,288670,250348,0,0,0,0,6,3,145,0,17.0982,29.0974,1150,1400,4.61459
insurance,B-level2-2slots,superblock,eac,192,48,direct,replacement,"level 2, 2 slots",moderate-mobile,10,50,stationary,face-centre,50,500,500,0.39714,0.95122,38.4231,0.986026,38.4231,429550,795643,1815895,1815895,1815895,167,0,0,1614649,1526619,0,0,0,0,6,4,166,0,,,,,
insurance,B-level2-2slots,superblock,eac,192,48,direct,replacement,"level 2, 2 slots",moderate-mobile,10,50,stationary,off-axis,50,500,500,0.441258,0.95122,39.8548,0.987626,39.8548,431438,795499,1790960,1790960,1790960,162,0,0,1562617,1512878,0,0,0,0,6,4,161,0,,,,,
insurance,B-level2-2slots,superblock,eac,192,48,direct,replacement,"level 2, 2 slots",moderate-mobile,10,50,quick-turn,face-centre,50,500,500,1.13623,0.878049,35.3022,0.983531,35.3022,429550,795643,2303870,2683240,2683240,270,11,29166.7,1742090,1705086,0,22,62,0,6,4,196,0,7.2406,28.0616,400,400,0
insurance,B-level2-2slots,superblock,eac,192,48,direct,replacement,"level 2, 2 slots",moderate-mobile,10,50,quick-turn,off-axis,50,500,500,1.18553,0.878049,34.5794,0.983764,34.5794,431438,795499,2403151,2776085,2776085,269,4,12500,1687062,1729748,0,23,68,0,6,4,196,0,6.92672,27.6527,400,400,0
insurance,B-level2-2slots,superblock,eac,192,48,direct,replacement,"level 2, 2 slots",moderate-mobile,10,50,quick-turn,cube-corner,50,500,750,1.05185,0.853659,31.6225,0.984972,31.6225,522150,906510,2521660,3021380,3021380,274,3,23643.2,1707840,1747371,0,25,74,0,6,4,196,0,7.25432,24.3681,400,400,0
insurance,B-level2-2slots,superblock,eac,192,48,direct,replacement,"level 2, 2 slots",constrained-mobile,2,100,stationary,face-centre,120,1250,1250,1.48329,0.878049,38.4231,0.986026,38.4231,167301,341714,735066,1441306,1441306,141,0,0,1240060,1152030,0,0,0,0,6,3,138,0,,,,,
insurance,B-level2-2slots,superblock,eac,192,48,direct,replacement,"level 2, 2 slots",constrained-mobile,2,100,stationary,off-axis,120,1250,1250,1.5096,0.878049,39.8548,0.987626,39.8548,151335,364591,811380,1618915,1618915,150,0,0,1390572,1340833,0,0,0,0,6,4,146,0,,,,,
insurance,B-level2-2slots,superblock,eac,192,48,direct,replacement,"level 2, 2 slots",constrained-mobile,2,100,quick-turn,face-centre,120,1250,1250,3.49221,0.707317,35.3022,0.983531,35.3022,167301,341714,926051,1605514,1605514,183,22,23612,977519,816959,0,2,0,0,6,3,158,0,14.3244,20.9778,1400,1400,0
insurance,B-level2-2slots,superblock,eac,192,48,direct,replacement,"level 2, 2 slots",constrained-mobile,2,100,quick-turn,off-axis,120,1250,1250,3.54588,0.682927,34.5794,0.983764,34.5794,151335,364591,983968,1779160,1779160,188,21,48482.3,1091170,989212,0,2,0,0,6,4,164,0,14.044,20.5354,1400,1650,0
insurance,B-level2-2slots,superblock,eac,192,48,direct,replacement,"level 2, 2 slots",constrained-mobile,2,100,quick-turn,cube-corner,120,1500,1750,4.13829,0.634146,31.6225,0.984972,31.6225,170805,374563,1089470,1775710,1775710,178,16,53619.7,967732,762122,0,1,0,0,6,2,159,0,15.8438,15.7786,1400,1650,0
insurance,B-level2-2slots,superblock,eac,192,48,direct,replacement,"level 2, 2 slots",very-constrained,0.75,150,stationary,face-centre,210,2750,2750,3.68763,0.731707,38.4231,0.986026,38.4231,50263,124202,403665,735066,735066,87,0,0,533820,445790,0,0,0,0,6,3,84,0,,,,,
insurance,B-level2-2slots,superblock,eac,192,48,direct,replacement,"level 2, 2 slots",very-constrained,0.75,150,stationary,off-axis,210,2750,2750,3.56401,0.731707,39.8548,0.987626,39.8548,33407,143140,405377,786251,786251,89,0,0,557908,508169,0,0,0,0,6,3,86,0,,,,,
insurance,B-level2-2slots,superblock,eac,192,48,direct,replacement,"level 2, 2 slots",very-constrained,0.75,150,quick-turn,face-centre,210,6250,6250,8.76597,0.390244,35.3022,0.983531,35.3022,50263,124202,369853,783015,783015,113,25,18103,322891,137496,0,0,0,0,6,3,85,0,17.2044,18.0978,3650,3650,14.5472
insurance,B-level2-2slots,superblock,eac,192,48,direct,replacement,"level 2, 2 slots",very-constrained,0.75,150,quick-turn,off-axis,210,6500,7000,9.03343,0.317073,34.5794,0.983764,34.5794,33407,143140,376308,794493,794493,116,25,13259,243066,173704,0,0,0,0,6,3,88,0,17.4586,17.1208,3900,4400,10.6659
insurance,B-level2-2slots,superblock,eac,192,48,direct,replacement,"level 2, 2 slots",very-constrained,0.75,150,quick-turn,cube-corner,210,6500,7000,8.60211,0.317073,31.6225,0.984972,31.6225,39283,143111,411650,856148,856148,99,19,40134,275917,111087,0,0,0,0,6,2,77,0,16.2944,15.3281,3900,4400,13.8156
insurance,B-level1-6slots,northrop-mall,eac,192,48,direct,replacement,"level 1, 6 slots",moderate-mobile,10,50,stationary,face-centre,50,750,750,0.623735,0.926829,31.5496,0.97617,31.5496,708640,897444,897444,897444,897444,79,0,0,515096,356795,0,0,0,0,6,5,78,0,,,,,
insurance,B-level1-6slots,northrop-mall,eac,192,48,direct,replacement,"level 1, 6 slots",moderate-mobile,10,50,stationary,off-axis,50,750,750,0.57475,0.926829,31.9272,0.976746,31.9272,711054,815277,815277,815277,815277,74,0,0,380248,323792,0,0,0,0,6,5,73,0,,,,,
insurance,B-level1-6slots,northrop-mall,eac,192,48,direct,replacement,"level 1, 6 slots",moderate-mobile,10,50,quick-turn,face-centre,50,750,750,1.35813,0.853659,33.3431,0.976149,33.3431,708640,897444,1583304,1583304,1583304,159,9,29283,512097,356795,0,0,0,0,6,5,149,0,6.79924,26.5439,400,400,0
insurance,B-level1-6slots,northrop-mall,eac,192,48,direct,replacement,"level 1, 6 slots",moderate-mobile,10,50,quick-turn,off-axis,50,750,750,1.30141,0.853659,32.3097,0.975833,32.3097,711054,815277,1486567,1486567,1486567,161,4,0,350232,323792,0,0,0,0,6,5,156,0,5.95525,26.3545,400,400,0
insurance,B-level1-6slots,northrop-mall,eac,192,48,direct,replacement,"level 1, 6 slots",moderate-mobile,10,50,quick-turn,cube-corner,50,500,500,1.08718,0.878049,34.9629,0.98167,34.9629,670028,670028,1172335,1172335,1172335,164,3,5329,355337,352606,0,0,0,0,6,3,160,0,5.87238,29.0905,400,400,0
insurance,B-level1-6slots,northrop-mall,eac,192,48,direct,replacement,"level 1, 6 slots",constrained-mobile,2,100,stationary,face-centre,120,2000,2000,2.44247,0.804878,31.5496,0.97617,31.5496,155335,384444,897444,897444,897444,79,0,0,515096,356795,0,0,0,0,6,5,78,0,,,,,
insurance,B-level1-6slots,northrop-mall,eac,192,48,direct,replacement,"level 1, 6 slots",constrained-mobile,2,100,stationary,off-axis,120,2000,2250,2.23993,0.780488,31.9272,0.976746,31.9272,158468,405186,815277,815277,815277,74,0,0,380248,323792,0,0,0,0,6,3,73,0,,,,,
insurance,B-level1-6slots,northrop-mall,eac,192,48,direct,replacement,"level 1, 6 slots",constrained-mobile,2,100,quick-turn,face-centre,120,2000,2000,4.857,0.634146,33.3431,0.976149,33.3431,155335,384444,1023792,1299373,1299373,141,25,47917,574272,356795,0,0,0,0,6,5,115,0,16.1866,17.1566,1400,1400,7.94736
insurance,B-level1-6slots,northrop-mall,eac,192,48,direct,replacement,"level 1, 6 slots",constrained-mobile,2,100,quick-turn,off-axis,120,2000,4000,4.60991,0.609756,32.3097,0.975833,32.3097,158468,405186,1071930,1259140,1259140,141,19,40911.5,471084,322168,0,0,0,0,6,3,121,0,15.9686,16.3411,1400,1400,4.60333
insurance,B-level1-6slots,northrop-mall,eac,192,48,direct,replacement,"level 1, 6 slots",constrained-mobile,2,100,quick-turn,cube-corner,120,1250,1500,3.04278,0.707317,34.9629,0.98167,34.9629,173683,396989,985272,1035520,1035520,154,19,44108.7,457067,381148,0,5,0,0,6,2,134,0,12.8449,22.118,900,1150,0
insurance,B-level1-6slots,northrop-mall,eac,192,48,direct,replacement,"level 1, 6 slots",very-constrained,0.75,150,stationary,face-centre,200,4750,4750,6.04419,0.536585,31.5496,0.97617,31.5496,13182,129501,403110,880933,880933,79,0,0,498585,340284,0,0,0,0,6,3,75,0,,,,,
insurance,B-level1-6slots,northrop-mall,eac,192,48,direct,replacement,"level 1, 6 slots",very-constrained,0.75,150,stationary,off-axis,200,5000,5250,5.71652,0.487805,31.9272,0.976746,31.9272,15278,134504,411950,830164,830164,75,0,0,395135,338679,0,0,0,0,6,2,74,0,,,,,
insurance,B-level1-6slots,northrop-mall,eac,192,48,direct,replacement,"level 1, 6 slots",very-constrained,0.75,150,quick-turn,face-centre,200,6000,6000,8.34936,0.414634,33.3431,0.976149,33.3431,13182,129501,354143,823153,823153,112,26,11250,357766,186922,0,0,0,0,6,3,79,0,16.5613,16.7818,3400,3400,15.9923
insurance,B-level1-6slots,northrop-mall,eac,192,48,direct,replacement,"level 1, 6 slots",very-constrained,0.75,150,quick-turn,off-axis,200,6500,6750,8.61605,0.341463,32.3097,0.975833,32.3097,15278,134504,360565,817549,817549,112,26,15813,290612,217172,0,0,0,0,6,2,79,0,16.5254,15.7844,3900,4150,15.7303
insurance,B-level1-6slots,northrop-mall,eac,192,48,direct,replacement,"level 1, 6 slots",very-constrained,0.75,150,quick-turn,cube-corner,200,5250,5250,7.16838,0.487805,34.9629,0.98167,34.9629,48269,155703,390887,843809,843809,124,15,14153.8,434576,354092,0,0,0,0,6,2,108,0,16.5587,18.4042,2650,2650,14.9057
insurance,B-level1-6slots,bookstore,eac,192,48,direct,replacement,"level 1, 6 slots",moderate-mobile,10,50,stationary,face-centre,50,500,500,0.492328,0.95122,44.0894,0.990835,44.0894,346288,346288,346288,346288,346288,79,0,0,230239,175907,0,0,0,0,6,5,78,0,,,,,
insurance,B-level1-6slots,bookstore,eac,192,48,direct,replacement,"level 1, 6 slots",moderate-mobile,10,50,stationary,off-axis,50,500,500,0.460152,0.95122,43.6365,0.990461,43.6365,328758,328758,328758,328758,328758,74,0,0,177472,160968,0,0,0,0,6,4,73,0,,,,,
insurance,B-level1-6slots,bookstore,eac,192,48,direct,replacement,"level 1, 6 slots",moderate-mobile,10,50,quick-turn,face-centre,50,500,500,1.33157,0.878049,44.6587,0.992499,44.6587,346288,346288,612494,612494,612494,161,4,3545.5,188296,175907,0,0,0,0,6,5,156,0,8.08193,36.5768,400,400,0
insurance,B-level1-6slots,bookstore,eac,192,48,direct,replacement,"level 1, 6 slots",moderate-mobile,10,50,quick-turn,off-axis,50,500,500,1.26816,0.878049,46.0367,0.993095,46.0367,328758,328758,603911,603911,603911,162,2,0,144921,160968,0,0,0,0,6,4,159,0,7.08661,38.9501,400,400,0
insurance,B-level1-6slots,bookstore,eac,192,48,direct,replacement,"level 1, 6 slots",moderate-mobile,10,50,quick-turn,cube-corner,50,500,500,1.10771,0.878049,46.1957,0.99213,46.1957,333588,333588,581212,581212,581212,165,0,0,147931,173399,0,0,0,0,6,4,164,0,6.30622,39.8895,400,400,0
insurance,B-level1-6slots,bookstore,eac,192,48,direct,replacement,"level 1, 6 slots",constrained-mobile,2,100,stationary,face-centre,110,1000,1000,1.51282,0.902439,44.0894,0.990835,44.0894,123340,316586,346288,346288,346288,79,0,0,230239,175907,0,0,0,0,6,3,78,0,,,,,
insurance,B-level1-6slots,bookstore,eac,192,48,direct,replacement,"level 1, 6 slots",constrained-mobile,2,100,stationary,off-axis,110,1250,1250,1.56597,0.878049,43.6365,0.990461,43.6365,144084,328758,328758,328758,328758,74,0,0,177472,160968,0,0,0,0,6,2,73,0,,,,,
insurance,B-level1-6slots,bookstore,eac,192,48,direct,replacement,"level 1, 6 slots",constrained-mobile,2,100,quick-turn,face-centre,110,1000,1000,2.70024,0.804878,44.6587,0.992499,44.6587,123340,316586,533205,533205,533205,147,18,19749,193001,175907,0,0,0,0,6,3,128,0,12.1191,32.5396,650,650,0
insurance,B-level1-6slots,bookstore,eac,192,48,direct,replacement,"level 1, 6 slots",constrained-mobile,2,100,quick-turn,off-axis,110,1250,1250,2.73632,0.756098,46.0367,0.993095,46.0367,144084,328758,506919,506919,506919,144,10,3750,160165,160968,0,0,0,0,6,3,133,0,11.4231,34.6136,650,900,0
insurance,B-level1-6slots,bookstore,eac,192,48,direct,replacement,"level 1, 6 slots",constrained-mobile,2,100,quick-turn,cube-corner,110,1000,1000,2.3329,0.804878,46.1957,0.99213,46.1957,122016,297805,488931,488931,488931,150,12,7500,162918,175899,0,1,0,0,6,3,137,0,10.1235,36.0722,650,650,0
insurance,B-level1-6slots,bookstore,eac,192,48,direct,replacement,"level 1, 6 slots",very-constrained,0.75,150,stationary,face-centre,190,2000,2000,3.33247,0.804878,44.0894,0.990835,44.0894,54005,128049,346288,346288,346288,79,0,0,230239,175907,0,0,0,0,6,2,78,0,,,,,
insurance,B-level1-6slots,bookstore,eac,192,48,direct,replacement,"level 1, 6 slots",very-constrained,0.75,150,stationary,off-axis,190,2000,2000,3.22855,0.804878,43.6365,0.990461,43.6365,51881,147598,328758,328758,328758,74,0,0,177472,160968,0,0,0,0,6,2,73,0,,,,,
insurance,B-level1-6slots,bookstore,eac,192,48,direct,replacement,"level 1, 6 slots",very-constrained,0.75,150,quick-turn,face-centre,190,2000,2000,6.74572,0.634146,44.6587,0.992499,44.6587,54005,128049,323243,488958,488958,143,23,5186.73,248318,175907,0,0,0,0,6,2,119,0,20.7749,23.8838,1400,1400,13.1847
insurance,B-level1-6slots,bookstore,eac,192,48,direct,replacement,"level 1, 6 slots",very-constrained,0.75,150,quick-turn,off-axis,190,2000,2000,6.45162,0.634146,46.0367,0.993095,46.0367,51881,147598,374047,459797,459797,138,20,7190.25,193036,158444,0,0,0,0,6,2,117,0,20.8075,25.2292,1400,1400,11.4477
insurance,B-level1-6slots,bookstore,eac,192,48,direct,replacement,"level 1, 6 slots",very-constrained,0.75,150,quick-turn,cube-corner,190,2000,2000,5.19995,0.634146,46.1957,0.99213,46.1957,56667,130993,326166,449176,449176,144,17,8550.44,212099,173777,0,0,0,0,6,3,126,0,17.0982,29.0974,1150,1400,4.61459
insurance,B-level1-6slots,superblock,eac,192,48,direct,replacement,"level 1, 6 slots",moderate-mobile,10,50,stationary,face-centre,50,500,500,0.39714,0.95122,38.4231,0.986026,38.4231,669418,695230,695230,695230,695230,79,0,0,493984,405954,0,0,0,0,6,4,78,0,,,,,
insurance,B-level1-6slots,superblock,eac,192,48,direct,replacement,"level 1, 6 slots",moderate-mobile,10,50,stationary,off-axis,50,500,500,0.441258,0.95122,39.8548,0.987626,39.8548,666927,666927,666927,666927,666927,74,0,0,438584,388845,0,0,0,0,6,4,73,0,,,,,
insurance,B-level1-6slots,superblock,eac,192,48,direct,replacement,"level 1, 6 slots",moderate-mobile,10,50,quick-turn,face-centre,50,500,500,1.14859,0.878049,35.3022,0.983531,35.3022,669418,695230,1416530,1416530,1416530,160,4,11955.4,542175,405954,0,0,0,0,6,4,155,0,6.84073,28.4615,400,400,0
insurance,B-level1-6slots,superblock,eac,192,48,direct,replacement,"level 1, 6 slots",moderate-mobile,10,50,quick-turn,off-axis,50,500,500,1.20109,0.878049,34.5794,0.983764,34.5794,666927,666927,1423837,1423837,1423837,157,4,2500,454361,388845,0,0,0,0,6,4,152,0,6.94618,27.6332,400,400,0
insurance,B-level1-6slots,superblock,eac,192,48,direct,replacement,"level 1, 6 slots",moderate-mobile,10,50,quick-turn,cube-corner,50,500,750,1.08482,0.853659,31.6225,0.984972,31.6225,658166,800891,1616061,1616061,1616061,157,2,0,418080,390949,0,0,0,0,6,4,154,0,6.9049,24.7176,400,400,0
insurance,B-level1-6slots,superblock,eac,192,48,direct,replacement,"level 1, 6 slots",constrained-mobile,2,100,stationary,face-centre,120,1250,1250,1.48329,0.878049,38.4231,0.986026,38.4231,167301,393475,695230,695230,695230,79,0,0,493984,405954,0,0,0,0,6,3,78,0,,,,,
insurance,B-level1-6slots,superblock,eac,192,48,direct,replacement,"level 1, 6 slots",constrained-mobile,2,100,stationary,off-axis,120,1250,1250,1.5096,0.878049,39.8548,0.987626,39.8548,151335,375362,666927,666927,666927,74,0,0,438584,388845,0,0,0,0,6,4,73,0,,,,,
insurance,B-level1-6slots,superblock,eac,192,48,direct,replacement,"level 1, 6 slots",constrained-mobile,2,100,quick-turn,face-centre,120,1250,1250,3.49221,0.707317,35.3022,0.983531,35.3022,167301,393475,1007912,1211819,1211819,154,26,43649,577229,428264,0,6,0,0,6,3,127,0,14.3244,20.9778,1400,1400,0
insurance,B-level1-6slots,superblock,eac,192,48,direct,replacement,"level 1, 6 slots",constrained-mobile,2,100,quick-turn,off-axis,120,1250,1250,3.54618,0.682927,34.5794,0.983764,34.5794,151335,375362,1041060,1196090,1196090,147,27,93227.3,519132,426775,0,6,0,0,6,4,119,0,14.044,20.5354,1400,1650,0
insurance,B-level1-6slots,superblock,eac,192,48,direct,replacement,"level 1, 6 slots",constrained-mobile,2,100,quick-turn,cube-corner,120,1500,1750,4.13829,0.634146,31.6225,0.984972,31.6225,170805,374563,1110120,1402750,1402750,148,17,48775.7,594771,391013,0,3,0,0,6,2,130,0,15.8438,15.7786,1400,1650,0
insurance,B-level1-6slots,superblock,eac,192,48,direct,replacement,"level 1, 6 slots",very-constrained,0.75,150,stationary,face-centre,210,2750,2750,3.68763,0.731707,38.4231,0.986026,38.4231,50263,124202,403665,695230,695230,79,0,0,493984,405954,0,0,0,0,6,3,78,0,,,,,
insurance,B-level1-6slots,superblock,eac,192,48,direct,replacement,"level 1, 6 slots",very-constrained,0.75,150,stationary,off-axis,210,2750,2750,3.56401,0.731707,39.8548,0.987626,39.8548,33407,143140,386237,666927,666927,74,0,0,438584,388845,0,0,0,0,6,3,73,0,,,,,
insurance,B-level1-6slots,superblock,eac,192,48,direct,replacement,"level 1, 6 slots",very-constrained,0.75,150,quick-turn,face-centre,210,6250,6250,8.76597,0.390244,35.3022,0.983531,35.3022,50263,124202,369853,812581,812581,119,25,18103,352457,167062,0,0,0,0,6,3,87,0,17.2044,18.0978,3650,3650,14.5472
insurance,B-level1-6slots,superblock,eac,192,48,direct,replacement,"level 1, 6 slots",very-constrained,0.75,150,quick-turn,off-axis,210,6500,7000,9.03343,0.317073,34.5794,0.983764,34.5794,33407,143140,376308,825860,825860,122,25,13259,274433,205071,0,0,0,0,6,3,89,0,17.4586,17.1208,3900,4400,10.6659
insurance,B-level1-6slots,superblock,eac,192,48,direct,replacement,"level 1, 6 slots",very-constrained,0.75,150,quick-turn,cube-corner,210,6500,7000,8.60211,0.317073,31.6225,0.984972,31.6225,39283,143111,411650,868067,868067,104,19,40134,287836,123006,0,0,0,0,6,2,78,0,16.2944,15.3281,3900,4400,13.8156
sweeps,default,northrop-mall,eac,192,48,direct,replacement,off,moderate-mobile,10,50,stationary,off-axis,50,750,750,0.57475,0.926829,31.9272,0.976746,31.9272,491485,491485,491485,491485,491485,46,0,0,56456,0,0,0,0,0,6,5,45,0,,,,,
sweeps,default,northrop-mall,eac,192,48,direct,replacement,off,moderate-mobile,10,50,quick-turn,off-axis,50,750,750,1.73975,0.853659,32.3097,0.975833,32.3097,491485,491485,1162775,1162775,1162775,133,4,0,134513,0,0,0,0,0,6,5,128,0,10.8973,21.4124,400,400,0
sweeps,default,northrop-mall,eac,192,48,direct,replacement,off,constrained-mobile,2,100,stationary,off-axis,120,2000,2250,2.23993,0.780488,31.9272,0.976746,31.9272,158468,405186,491485,491485,491485,46,0,0,56456,0,0,0,0,0,6,3,45,0,,,,,
sweeps,default,northrop-mall,eac,192,48,direct,replacement,off,constrained-mobile,2,100,quick-turn,off-axis,120,2000,4000,4.60991,0.609756,32.3097,0.975833,32.3097,158468,405186,936971,936971,936971,113,19,40911.5,148916,0,0,0,0,0,6,3,93,0,15.9686,16.3411,1400,1400,4.60333
sweeps,default,northrop-mall,eac,192,48,direct,replacement,off,very-constrained,0.75,150,stationary,off-axis,200,5000,5250,5.71652,0.487805,31.9272,0.976746,31.9272,15278,134504,411950,491485,491485,46,0,0,56456,0,0,0,0,0,6,2,45,0,,,,,
sweeps,default,northrop-mall,eac,192,48,direct,replacement,off,very-constrained,0.75,150,quick-turn,off-axis,200,6500,6750,8.61605,0.341463,32.3097,0.975833,32.3097,15278,134504,360565,600377,600377,85,26,15813,73440,0,0,0,0,0,6,2,58,0,16.5254,15.7844,3900,4150,15.7303
sweeps,default,superblock,eac,192,48,direct,replacement,off,moderate-mobile,10,50,stationary,off-axis,50,500,500,0.441258,0.95122,39.8548,0.987626,39.8548,278082,278082,278082,278082,278082,46,0,0,49739,0,0,0,0,0,6,4,45,0,,,,,
sweeps,default,superblock,eac,192,48,direct,replacement,off,moderate-mobile,10,50,quick-turn,off-axis,50,500,500,1.63897,0.878049,34.5794,0.983764,34.5794,278082,278082,1034992,1034992,1034992,129,4,2500,229958,0,0,0,0,0,6,4,124,0,12.7617,21.8177,400,400,0
sweeps,default,superblock,eac,192,48,direct,replacement,off,constrained-mobile,2,100,stationary,off-axis,120,1250,1250,1.5096,0.878049,39.8548,0.987626,39.8548,151335,278082,278082,278082,278082,46,0,0,49739,0,0,0,0,0,6,4,45,0,,,,,
sweeps,default,superblock,eac,192,48,direct,replacement,off,constrained-mobile,2,100,quick-turn,off-axis,120,1250,1250,4.10504,0.682927,34.5794,0.983764,34.5794,151335,278082,782443,782443,782443,114,20,41097.3,138905,0,0,0,0,0,6,4,93,0,17.0198,17.5596,1400,1650,0
sweeps,default,superblock,eac,192,48,direct,replacement,off,very-constrained,0.75,150,stationary,off-axis,210,2750,2750,3.56401,0.731707,39.8548,0.987626,39.8548,33407,143140,278082,278082,278082,46,0,0,49739,0,0,0,0,0,6,3,45,0,,,,,
sweeps,default,superblock,eac,192,48,direct,replacement,off,very-constrained,0.75,150,quick-turn,off-axis,210,6500,7000,9.03343,0.317073,34.5794,0.983764,34.5794,33407,143140,376308,620789,620789,102,25,13259,69362,0,0,0,0,0,6,3,76,0,17.4586,17.1208,3900,4400,10.6659
sweeps,tile-96,northrop-mall,eac,96,48,direct,replacement,off,moderate-mobile,10,50,stationary,off-axis,50,1250,1500,1.4377,0.853659,31.9286,0.976724,31.9286,308198,548029,548029,548029,548029,162,0,0,127144,0,0,0,0,0,6,6,161,0,,,,,
sweeps,tile-96,northrop-mall,eac,96,48,direct,replacement,off,moderate-mobile,10,50,quick-turn,off-axis,50,1250,1500,3.52585,0.707317,32.3118,0.975803,32.3118,308198,548029,1125448,1125448,1125448,370,8,0,198298,0,0,0,165,0,6,6,196,0,15.5975,16.7142,1150,1150,0
sweeps,tile-96,northrop-mall,eac,96,48,direct,replacement,off,constrained-mobile,2,100,stationary,off-axis,120,2750,3000,3.46803,0.707317,31.9286,0.976724,31.9286,116782,261741,548029,548029,548029,162,0,0,127144,0,0,0,0,0,6,5,161,0,,,,,
sweeps,tile-96,northrop-mall,eac,96,48,direct,replacement,off,constrained-mobile,2,100,quick-turn,off-axis,120,5000,5250,6.87584,0.487805,32.3118,0.975803,32.3118,116782,261741,645889,788969,788969,274,22,0,129265,0,0,0,55,0,6,5,196,0,16.289,16.0228,2400,2650,13.2918
sweeps,tile-96,northrop-mall,eac,96,48,direct,replacement,off,very-constrained,0.75,150,stationary,off-axis,200,5250,5500,6.87815,0.463415,31.9286,0.976724,31.9286,50622,123962,356954,548029,548029,162,0,0,127144,0,0,0,0,0,6,4,161,0,,,,,
sweeps,tile-96,northrop-mall,eac,96,48,direct,replacement,off,very-constrained,0.75,150,quick-turn,off-axis,200,7000,7000,9.62573,0.317073,32.3118,0.975803,32.3118,50622,123962,334188,619930,619930,229,31,6562.5,110655,0,0,0,1,0,6,4,196,0,16.4918,15.8199,4400,4400,15.9386
sweeps,tile-96,superblock,eac,96,48,direct,replacement,off,moderate-mobile,10,50,stationary,off-axis,50,1250,1500,1.66076,0.853659,39.8613,0.987597,39.8613,157015,318776,318776,318776,318776,162,0,0,90656,0,0,0,0,0,6,6,161,0,,,,,
sweeps,tile-96,superblock,eac,96,48,direct,replacement,off,moderate-mobile,10,50,quick-turn,off-axis,50,1250,1500,3.81436,0.707317,34.588,0.983731,34.588,157015,318776,910066,910066,910066,370,8,0,208653,0,0,0,165,0,6,6,196,0,16.2656,18.3223,1150,1150,0
sweeps,tile-96,superblock,eac,96,48,direct,replacement,off,constrained-mobile,2,100,stationary,off-axis,120,2500,2750,3.43174,0.731707,39.8613,0.987597,39.8613,63826,170343,318776,318776,318776,162,0,0,90656,0,0,0,0,0,6,4,161,0,,,,,
sweeps,tile-96,superblock,eac,96,48,direct,replacement,off,constrained-mobile,2,100,quick-turn,off-axis,120,5000,5250,7.35638,0.487805,34.588,0.983731,34.588,63826,170343,535989,707232,707232,294,23,2500,153109,0,0,0,74,0,6,4,196,0,17.2667,17.3212,2400,2650,14.397
sweeps,tile-96,superblock,eac,96,48,direct,replacement,off,very-constrained,0.75,150,stationary,off-axis,210,4000,4250,5.81363,0.585366,39.8613,0.987597,39.8613,38495,91800,270753,318776,318776,162,0,0,90656,0,0,0,0,0,6,3,161,0,,,,,
sweeps,tile-96,superblock,eac,96,48,direct,replacement,off,very-constrained,0.75,150,quick-turn,off-axis,210,7000,7250,10.1983,0.292683,34.588,0.983731,34.588,38495,91800,292672,606870,606870,251,31,4062.5,145111,0,0,0,23,0,6,3,196,0,17.4207,17.1673,4400,4650,17.6198
sweeps,tile-384,northrop-mall,eac,384,48,direct,replacement,off,moderate-mobile,10,50,stationary,off-axis,50,750,750,0.592643,0.926829,31.9264,0.976752,31.9264,556630,556630,556630,556630,556630,16,0,0,0,0,0,0,0,0,6,3,15,0,,,,,
sweeps,tile-384,northrop-mall,eac,384,48,direct,replacement,off,moderate-mobile,10,50,quick-turn,off-axis,50,750,750,1.75425,0.853659,32.3081,0.975842,32.3081,556630,556630,1495806,1495806,1495806,51,5,123393,221039,0,0,0,0,0,6,3,45,0,12.4553,19.8527,400,400,0
sweeps,tile-384,northrop-mall,eac,384,48,direct,replacement,off,constrained-mobile,2,100,stationary,off-axis,120,2500,2500,2.95976,0.756098,31.9264,0.976752,31.9264,34310,321146,556630,556630,556630,16,0,0,0,0,0,0,0,0,6,1,15,0,,,,,
sweeps,tile-384,northrop-mall,eac,384,48,direct,replacement,off,constrained-mobile,2,100,quick-turn,off-axis,120,4500,4500,6.09367,0.560976,32.3081,0.975842,32.3081,34310,321146,1012610,1012610,1012610,47,18,109336,113716,0,0,0,0,0,6,2,28,0,16.5105,15.7976,1900,1900,11.1433
sweeps,tile-384,northrop-mall,eac,384,48,direct,replacement,off,very-constrained,0.75,150,stationary,off-axis,200,6000,6000,7.89368,0.414634,31.9264,0.976752,31.9264,5531,5531,298977,556630,556630,16,0,0,0,0,0,0,0,0,6,1,15,0,,,,,
sweeps,tile-384,northrop-mall,eac,384,48,direct,replacement,off,very-constrained,0.75,150,quick-turn,off-axis,200,7500,7500,10.9408,0.268293,32.3081,0.975842,32.3081,5531,5531,325352,660250,660250,39,22,148409,148409,0,0,0,0,0,6,1,16,0,16.5255,15.7826,4900,4900,17.3367
sweeps,tile-384,superblock,eac,384,48,direct,replacement,off,moderate-mobile,10,50,stationary,off-axis,50,500,500,0.280947,0.95122,39.8509,0.987641,39.8509,359730,359730,359730,359730,359730,16,0,0,0,0,0,0,0,0,6,3,15,0,,,,,
sweeps,tile-384,superblock,eac,384,48,direct,replacement,off,moderate-mobile,10,50,quick-turn,off-axis,50,500,500,1.52765,0.878049,34.5757,0.983775,34.5757,359730,359730,1420470,1420470,1420470,50,10,200080,339572,0,0,0,0,0,6,3,39,0,14.5446,20.0311,400,400,0
sweeps,tile-384,superblock,eac,384,48,direct,replacement,off,constrained-mobile,2,100,stationary,off-axis,120,1750,1750,2.19796,0.829268,39.8509,0.987641,39.8509,170617,359730,359730,359730,359730,16,0,0,0,0,0,0,0,0,6,2,15,0,,,,,
sweeps,tile-384,superblock,eac,384,48,direct,replacement,off,constrained-mobile,2,100,quick-turn,off-axis,120,1750,1750,5.8954,0.585366,34.5757,0.983775,34.5757,170617,359730,997892,997892,997892,48,17,70000,70000,0,0,0,0,0,6,2,30,0,17.455,17.1208,2150,2150,0
sweeps,tile-384,superblock,eac,384,48,direct,replacement,off,very-constrained,0.75,150,stationary,off-axis,210,4250,4250,5.76353,0.585366,39.8509,0.987641,39.8509,16095,94270,359730,359730,359730,16,0,0,0,0,0,0,0,0,6,2,15,0,,,,,
sweeps,tile-384,superblock,eac,384,48,direct,replacement,off,very-constrained,0.75,150,quick-turn,off-axis,210,8750,8750,12.8223,0.146341,34.5757,0.983775,34.5757,16095,94270,355033,755850,755850,45,21,39593,39593,0,0,0,0,0,6,1,23,0,17.455,17.1208,6150,6150,19.0843
sweeps,requests-2,northrop-mall,eac,192,48,direct,replacement,off,moderate-mobile,10,50,stationary,off-axis,50,1500,1500,1.31029,0.853659,31.9272,0.976746,31.9272,321965,491485,491485,491485,491485,46,0,0,56456,0,0,0,0,0,2,2,45,0,,,,,
sweeps,requests-2,northrop-mall,eac,192,48,direct,replacement,off,moderate-mobile,10,50,quick-turn,off-axis,50,1500,1500,3.14432,0.707317,32.3097,0.975833,32.3097,321965,491485,1004985,1004985,1004985,105,1,0,114597,0,0,0,0,0,2,2,103,0,14.9261,17.3836,1150,1150,0
sweeps,requests-2,northrop-mall,eac,192,48,direct,replacement,off,constrained-mobile,2,100,stationary,off-axis,120,3250,3250,3.39904,0.682927,31.9272,0.976746,31.9272,104584,253847,491485,491485,491485,46,0,0,56456,0,0,0,0,0,2,2,45,0,,,,,
sweeps,requests-2,northrop-mall,eac,192,48,direct,replacement,off,constrained-mobile,2,100,quick-turn,off-axis,120,5250,5250,6.41083,0.487805,32.3097,0.975833,32.3097,104584,253847,618854,717188,717188,78,6,5000,75025,0,0,0,0,0,2,1,71,0,16.326,15.9837,2650,2650,11.5365
sweeps,requests-2,northrop-mall,eac,192,48,direct,replacement,off,very-constrained,0.75,150,stationary,off-axis,200,6000,6500,6.72768,0.365854,31.9272,0.976746,31.9272,54742,115695,347154,491485,491485,46,0,0,56456,0,0,0,0,0,2,2,45,0,,,,,
sweeps,requests-2,northrop-mall,eac,192,48,direct,replacement,off,very-constrained,0.75,150,quick-turn,off-axis,200,7500,7750,9.35342,0.243902,32.3097,0.975833,32.3097,54742,115695,313096,555803,555803,64,8,0,57627,0,0,0,0,0,2,1,55,0,16.5254,15.7844,4900,5150,15.4437
sweeps,requests-2,superblock,eac,192,48,direct,replacement,off,moderate-mobile,10,50,stationary,off-axis,50,1250,1250,1.47933,0.878049,39.8548,0.987626,39.8548,151335,278082,278082,278082,278082,46,0,0,49739,0,0,0,0,0,2,2,45,0,,,,,
sweeps,requests-2,superblock,eac,192,48,direct,replacement,off,moderate-mobile,10,50,quick-turn,off-axis,50,1250,1250,3.42301,0.731707,34.5794,0.983764,34.5794,151335,278082,830808,830808,830808,105,1,0,114676,0,0,0,0,0,2,2,103,0,15.266,19.3134,1150,1150,0
sweeps,requests-2,superblock,eac,192,48,direct,replacement,off,constrained-mobile,2,100,stationary,off-axis,120,3000,3000,3.65823,0.707317,39.8548,0.987626,39.8548,53400,134728,278082,278082,278082,46,0,0,49739,0,0,0,0,0,2,2,45,0,,,,,
sweeps,requests-2,superblock,eac,192,48,direct,replacement,off,constrained-mobile,2,100,quick-turn,off-axis,120,5250,5500,7.04518,0.463415,34.5794,0.983764,34.5794,53400,134728,488662,609402,609402,82,6,5000,66788,0,0,0,0,0,2,2,75,0,17.0263,17.5531,2650,2900,12.1657
sweeps,requests-2,superblock,eac,192,48,direct,replacement,off,very-constrained,0.75,150,stationary,off-axis,210,5000,5000,6.57003,0.512195,39.8548,0.987626,39.8548,25135,68815,212619,278082,278082,46,0,0,49739,0,0,0,0,0,2,2,45,0,,,,,
sweeps,requests-2,superblock,eac,192,48,direct,replacement,off,very-constrained,0.75,150,quick-turn,off-axis,210,8750,9250,11.8485,0.097561,34.5794,0.983764,34.5794,25135,68815,227208,518101,518101,69,8,5156.25,56236.3,0,0,0,0,0,2,2,59,0,17.4586,17.1208,6150,6650,17.394
sweeps,requests-12,northrop-mall,eac,192,48,direct,replacement,off,moderate-mobile,10,50,stationary,off-axis,50,500,750,0.424037,0.926829,31.9272,0.976746,31.9272,491485,491485,491485,491485,491485,46,0,0,56456,0,0,0,0,0,12,8,45,0,,,,,
sweeps,requests-12,northrop-mall,eac,192,48,direct,replacement,off,moderate-mobile,10,50,quick-turn,off-axis,50,500,750,1.45844,0.853659,32.3097,0.975833,32.3097,491485,491485,1344480,1344480,1344480,157,6,28337.1,248154,0,0,0,0,0,12,8,150,0,6.37915,25.9306,400,400,0
sweeps,requests-12,northrop-mall,eac,192,48,direct,replacement,off,constrained-mobile,2,100,stationary,off-axis,120,2000,2250,2.34877,0.780488,31.9272,0.976746,31.9272,158468,406772,491485,491485,491485,46,0,0,56456,0,0,0,0,0,12,4,45,0,,,,,
sweeps,requests-12,northrop-mall,eac,192,48,direct,replacement,off,constrained-mobile,2,100,quick-turn,off-axis,120,2000,4250,5.07316,0.585366,32.3097,0.975833,32.3097,158468,406772,968810,968810,968810,135,37,72915.8,177237,0,0,0,0,0,12,4,97,0,16.5121,15.7976,1650,1650,6.6928
sweeps,requests-12,northrop-mall,eac,192,48,direct,replacement,off,very-constrained,0.75,150,stationary,off-axis,200,5000,5500,6.32779,0.463415,31.9272,0.976746,31.9272,5531,134504,394433,491485,491485,46,0,0,56456,0,0,0,0,0,12,3,45,0,,,,,
sweeps,requests-12,northrop-mall,eac,192,48,direct,replacement,off,very-constrained,0.75,150,quick-turn,off-axis,200,6750,7000,9.40989,0.317073,32.3097,0.975833,32.3097,5531,134504,366261,608865,608865,110,51,32327.5,91879.5,0,0,0,0,0,12,3,58,0,16.5254,15.7844,4150,4400,16.9278
sweeps,requests-12,superblock,eac,192,48,direct,replacement,off,moderate-mobile,10,50,stationary,off-axis,50,500,500,0.363229,0.95122,39.8548,0.987626,39.8548,278082,278082,278082,278082,278082,46,0,0,49739,0,0,0,0,0,12,7,45,0,,,,,
sweeps,requests-12,superblock,eac,192,48,direct,replacement,off,moderate-mobile,10,50,quick-turn,off-axis,50,500,500,1.54846,0.878049,34.5794,0.983764,34.5794,278082,278082,1209560,1209560,1209560,149,9,12852.9,327697,0,0,0,0,0,12,7,139,0,12.0783,22.5011,400,400,0
sweeps,requests-12,superblock,eac,192,48,direct,replacement,off,constrained-mobile,2,100,stationary,off-axis,120,1250,1250,1.47856,0.878049,39.8548,0.987626,39.8548,151335,278082,278082,278082,278082,46,0,0,49739,0,0,0,0,0,12,3,45,0,,,,,
sweeps,requests-12,superblock,eac,192,48,direct,replacement,off,constrained-mobile,2,100,quick-turn,off-axis,120,1250,1250,4.41677,0.658537,34.5794,0.983764,34.5794,151335,278082,802485,802485,802485,134,40,61139,169973,0,0,0,0,0,12,3,93,0,17.4586,17.1208,1650,1900,0
sweeps,requests-12,superblock,eac,192,48,direct,replacement,off,very-constrained,0.75,150,stationary,off-axis,210,3000,3000,3.97355,0.707317,39.8548,0.987626,39.8548,26652,130261,278082,278082,278082,46,0,0,49739,0,0,0,0,0,12,3,45,0,,,,,
sweeps,requests-12,superblock,eac,192,48,direct,replacement,off,very-constrained,0.75,150,quick-turn,off-axis,210,7000,7500,10.1496,0.268293,34.5794,0.983764,34.5794,26652,130261,390392,633560,633560,125,50,38756.8,102054,0,0,0,0,0,12,3,74,0,17.4586,17.1208,4400,4900,13.7247
sweeps,bootstrap-24,northrop-mall,eac,192,24,direct,replacement,off,moderate-mobile,10,50,stationary,off-axis,50,750,750,0.626849,0.926829,31.9272,0.976746,31.9272,488090,488090,488090,488090,488090,46,0,0,56456,0,0,0,0,0,6,5,45,0,,,,,
sweeps,bootstrap-24,northrop-mall,eac,192,24,direct,replacement,off,moderate-mobile,10,50,quick-turn,off-axis,50,750,750,1.88892,0.853659,32.3097,0.975833,32.3097,488090,488090,1159380,1159380,1159380,133,4,0,134513,0,0,0,0,0,6,5,128,0,12.2541,20.0556,400,400,0
sweeps,bootstrap-24,northrop-mall,eac,192,24,direct,replacement,off,constrained-mobile,2,100,stationary,off-axis,100,2000,2250,2.41932,0.780488,31.9272,0.976746,31.9272,164999,401791,488090,488090,488090,46,0,0,56456,0,0,0,0,0,6,3,45,0,,,,,
sweeps,bootstrap-24,northrop-mall,eac,192,24,direct,replacement,off,constrained-mobile,2,100,quick-turn,off-axis,100,2000,4250,5.05571,0.585366,32.3097,0.975833,32.3097,164999,401791,940848,940848,940848,112,16,30756,156188,0,0,0,0,0,6,3,95,0,17.4581,14.8517,1400,1650,5.74934
sweeps,bootstrap-24,northrop-mall,eac,192,24,direct,replacement,off,very-constrained,0.75,150,stationary,off-axis,170,5000,5250,6.13852,0.487805,31.9272,0.976746,31.9272,11883,145121,408555,488090,488090,46,0,0,56456,0,0,0,0,0,6,2,45,0,,,,,
sweeps,bootstrap-24,northrop-mall,eac,192,24,direct,replacement,off,very-constrained,0.75,150,quick-turn,off-axis,170,6500,6750,9.30491,0.341463,32.3097,0.975833,32.3097,11883,145121,359983,599795,599795,85,26,18625.5,76252.5,0,0,0,0,0,6,2,58,0,17.6781,14.6317,3900,4150,16.4104
sweeps,bootstrap-24,superblock,eac,192,24,direct,replacement,off,moderate-mobile,10,50,stationary,off-axis,50,500,500,0.484649,0.95122,39.8548,0.987626,39.8548,274468,274468,274468,274468,274468,46,0,0,49739,0,0,0,0,0,6,4,45,0,,,,,
sweeps,bootstrap-24,superblock,eac,192,24,direct,replacement,off,moderate-mobile,10,50,quick-turn,off-axis,50,500,500,1.76261,0.878049,34.5794,0.983764,34.5794,274468,274468,1031378,1031378,1031378,129,4,2500,229958,0,0,0,0,0,6,4,124,0,13.7113,20.8681,400,400,0
sweeps,bootstrap-24,superblock,eac,192,24,direct,replacement,off,constrained-mobile,2,100,stationary,off-axis,100,1250,1250,1.61459,0.878049,39.8548,0.987626,39.8548,154763,274468,274468,274468,274468,46,0,0,49739,0,0,0,0,0,6,4,45,0,,,,,
sweeps,bootstrap-24,superblock,eac,192,24,direct,replacement,off,constrained-mobile,2,100,quick-turn,off-axis,100,1250,1250,4.41504,0.682927,34.5794,0.983764,34.5794,154763,274468,778829,778829,778829,114,20,41097.3,138905,0,0,0,0,0,6,4,93,0,17.9268,16.6526,1650,1650,0
sweeps,bootstrap-24,superblock,eac,192,24,direct,replacement,off,very-constrained,0.75,150,stationary,off-axis,170,2750,2750,3.8511,0.731707,39.8548,0.987626,39.8548,29793,142654,274468,274468,274468,46,0,0,49739,0,0,0,0,0,6,3,45,0,,,,,
sweeps,bootstrap-24,superblock,eac,192,24,direct,replacement,off,very-constrained,0.75,150,quick-turn,off-axis,170,6750,7000,9.74473,0.317073,34.5794,0.983764,34.5794,29793,142654,378788,623269,623269,102,25,19352.8,75455.8,0,0,0,0,0,6,3,76,0,18.4192,16.1602,4150,4400,12.165
sweeps,bootstrap-96,northrop-mall,eac,192,96,direct,replacement,off,moderate-mobile,10,50,stationary,off-axis,60,750,750,0.512076,0.926829,31.9272,0.976746,31.9272,503976,503976,503976,503976,503976,46,0,0,56456,0,0,0,0,0,6,5,45,0,,,,,
sweeps,bootstrap-96,northrop-mall,eac,192,96,direct,replacement,off,moderate-mobile,10,50,quick-turn,off-axis,60,750,750,1.55353,0.853659,32.3097,0.975833,32.3097,503976,503976,1175266,1175266,1175266,133,4,0,134513,0,0,0,0,0,6,5,128,0,9.41718,22.8926,400,400,0
sweeps,bootstrap-96,northrop-mall,eac,192,96,direct,replacement,off,constrained-mobile,2,100,stationary,off-axis,170,2000,2250,2.07515,0.780488,31.9272,0.976746,31.9272,170959,417677,503976,503976,503976,46,0,0,56456,0,0,0,0,0,6,3,45,0,,,,,
sweeps,bootstrap-96,northrop-mall,eac,192,96,direct,replacement,off,constrained-mobile,2,100,quick-turn,off-axis,170,2000,4000,4.18757,0.609756,32.3097,0.975833,32.3097,170959,417677,939376,939376,939376,111,20,56654.5,153230,0,0,0,0,0,6,3,90,0,14.5566,17.7531,1400,1400,3.41551
sweeps,bootstrap-96,northrop-mall,eac,192,96,direct,replacement,off,very-constrained,0.75,150,stationary,off-axis,340,4750,5250,5.12441,0.487805,31.9272,0.976746,31.9272,18022,124649,405338,503976,503976,46,0,0,56456,0,0,0,0,0,6,2,45,0,,,,,
sweeps,bootstrap-96,northrop-mall,eac,192,96,direct,replacement,off,very-constrained,0.75,150,quick-turn,off-axis,340,6250,6750,7.60927,0.341463,32.3097,0.975833,32.3097,18022,124649,362263,602075,602075,83,24,5019.64,86610.6,0,0,0,0,0,6,2,58,0,15.1558,17.1539,3650,4150,14.4422
sweeps,bootstrap-96,superblock,eac,192,96,direct,replacement,off,moderate-mobile,10,50,stationary,off-axis,60,500,750,0.446592,0.926829,39.8548,0.987626,39.8548,291683,291683,291683,291683,291683,46,0,0,49739,0,0,0,0,0,6,4,45,0,,,,,
sweeps,bootstrap-96,superblock,eac,192,96,direct,replacement,off,moderate-mobile,10,50,quick-turn,off-axis,60,500,750,1.54973,0.853659,34.5794,0.983764,34.5794,291683,291683,1048593,1048593,1048593,129,4,2500,229958,0,0,0,0,0,6,4,124,0,11.3922,23.1872,400,400,0
sweeps,bootstrap-96,superblock,eac,192,96,direct,replacement,off,constrained-mobile,2,100,stationary,off-axis,170,1250,1250,1.38686,0.878049,39.8548,0.987626,39.8548,164936,291683,291683,291683,291683,46,0,0,49739,0,0,0,0,0,6,4,45,0,,,,,
sweeps,bootstrap-96,superblock,eac,192,96,direct,replacement,off,constrained-mobile,2,100,quick-turn,off-axis,170,1250,1250,3.73595,0.682927,34.5794,0.983764,34.5794,164936,291683,796044,796044,796044,114,20,41097.3,138905,0,0,0,0,0,6,4,93,0,15.7876,18.7918,1400,1650,0
sweeps,bootstrap-96,superblock,eac,192,96,direct,replacement,off,very-constrained,0.75,150,stationary,off-axis,350,2750,3000,3.1329,0.707317,39.8548,0.987626,39.8548,47008,148329,291683,291683,291683,46,0,0,49739,0,0,0,0,0,6,3,45,0,,,,,
sweeps,bootstrap-96,superblock,eac,192,96,direct,replacement,off,very-constrained,0.75,150,quick-turn,off-axis,350,6500,7000,8.09409,0.317073,34.5794,0.983764,34.5794,47008,148329,376431,620912,620912,100,25,8593.75,71738.8,0,0,0,0,0,6,3,74,0,16.2247,18.3547,3900,4400,13.1889
sweeps,bootstrap-192,northrop-mall,eac,192,192,direct,replacement,off,moderate-mobile,10,50,stationary,off-axis,100,750,750,0.489754,0.926829,31.9272,0.976746,31.9272,552411,552411,552411,552411,552411,46,0,0,56456,0,0,0,0,0,6,5,45,0,,,,,
sweeps,bootstrap-192,northrop-mall,eac,192,192,direct,replacement,off,moderate-mobile,10,50,quick-turn,off-axis,100,750,750,1.39921,0.853659,32.3097,0.975833,32.3097,552411,552411,1223701,1223701,1223701,133,4,0,134513,0,0,0,0,0,6,5,128,0,8.03341,24.2763,400,400,0
sweeps,bootstrap-192,northrop-mall,eac,192,192,direct,replacement,off,constrained-mobile,2,100,stationary,off-axis,360,2000,2250,1.7624,0.780488,31.9272,0.976746,31.9272,153073,416307,552411,552411,552411,46,0,0,56456,0,0,0,0,0,6,3,45,0,,,,,
sweeps,bootstrap-192,northrop-mall,eac,192,192,direct,replacement,off,constrained-mobile,2,100,quick-turn,off-axis,360,2000,4250,3.69379,0.585366,32.3097,0.975833,32.3097,153073,416307,940109,940109,940109,107,16,31178.7,109173,0,0,0,0,0,6,3,90,0,13.0331,19.2766,1400,1650,5.56809
sweeps,bootstrap-192,northrop-mall,eac,192,192,direct,replacement,off,very-constrained,0.75,150,stationary,off-axis,850,5000,5750,4.62261,0.439024,31.9272,0.976746,31.9272,66457,139744,418598,552411,552411,46,0,0,56456,0,0,0,0,0,6,2,45,0,,,,,
sweeps,bootstrap-192,northrop-mall,eac,192,192,direct,replacement,off,very-constrained,0.75,150,quick-turn,off-axis,850,6000,6750,6.38081,0.341463,32.3097,0.975833,32.3097,66457,139744,363366,603178,603178,78,26,37338,94965,0,0,0,0,0,6,2,51,0,13.6435,18.6663,3400,4150,14.0848
sweeps,bootstrap-192,superblock,eac,192,192,direct,replacement,off,moderate-mobile,10,50,stationary,off-axis,100,750,750,0.484463,0.926829,39.8548,0.987626,39.8548,346982,346982,346982,346982,346982,46,0,0,49739,0,0,0,0,0,6,4,45,0,,,,,
sweeps,bootstrap-192,superblock,eac,192,192,direct,replacement,off,moderate-mobile,10,50,quick-turn,off-axis,100,750,750,1.4546,0.853659,34.5794,0.983764,34.5794,346982,346982,1103892,1103892,1103892,129,4,2500,229958,0,0,0,0,0,6,4,124,0,9.58092,24.9985,400,400,0
sweeps,bootstrap-192,superblock,eac,192,192,direct,replacement,off,constrained-mobile,2,100,stationary,off-axis,390,1500,1500,1.19119,0.853659,39.8548,0.987626,39.8548,173233,346982,346982,346982,346982,46,0,0,49739,0,0,0,0,0,6,4,45,0,,,,,
sweeps,bootstrap-192,superblock,eac,192,192,direct,replacement,off,constrained-mobile,2,100,quick-turn,off-axis,390,1500,1500,3.27781,0.658537,34.5794,0.983764,34.5794,173233,346982,851343,851343,851343,114,20,41097.3,138905,0,0,0,0,0,6,4,93,0,14.0386,20.5408,1400,1650,0
sweeps,bootstrap-192,superblock,eac,192,192,direct,replacement,off,very-constrained,0.75,150,stationary,off-axis,940,3500,3500,2.84055,0.658537,39.8548,0.987626,39.8548,74713,151635,346982,346982,346982,46,0,0,49739,0,0,0,0,0,6,3,45,0,,,,,
sweeps,bootstrap-192,superblock,eac,192,192,direct,replacement,off,very-constrained,0.75,150,quick-turn,off-axis,940,6500,7000,6.83686,0.317073,34.5794,0.983764,34.5794,74713,151635,377870,622351,622351,88,26,21562.5,77665.5,0,0,0,0,0,6,3,61,0,14.4584,20.121,3900,4400,14.6045
sweeps,margin-0,northrop-mall,eac,192,48,direct,replacement,off,moderate-mobile,10,50,stationary,off-axis,50,750,750,0.57475,0.926829,31.9272,0.976746,31.9272,435029,435029,435029,435029,435029,41,0,0,0,0,0,0,0,0,6,5,40,0,,,,,
sweeps,margin-0,northrop-mall,eac,192,48,direct,replacement,off,moderate-mobile,10,50,quick-turn,off-axis,50,750,750,1.70594,0.853659,32.3097,0.975833,32.3097,435029,435029,1036027,1036027,1036027,117,2,0,31796,0,0,0,0,0,6,5,114,0,9.52708,22.7827,400,400,0
sweeps,margin-0,northrop-mall,eac,192,48,direct,replacement,off,constrained-mobile,2,100,stationary,off-axis,120,2000,2250,2.23993,0.780488,31.9272,0.976746,31.9272,158468,418712,435029,435029,435029,41,0,0,0,0,0,0,0,0,6,3,40,0,,,,,
sweeps,margin-0,northrop-mall,eac,192,48,direct,replacement,off,constrained-mobile,2,100,quick-turn,off-axis,120,2000,4250,4.76381,0.585366,32.3097,0.975833,32.3097,158468,418712,830072,830072,830072,107,23,21250,24777,0,0,0,0,0,6,3,83,0,16.1847,16.1251,1650,1650,4.60333
sweeps,margin-0,northrop-mall,eac,192,48,direct,replacement,off,very-constrained,0.75,150,stationary,off-axis,200,4750,5000,5.67118,0.512195,31.9272,0.976746,31.9272,15278,134504,435029,435029,435029,41,0,0,0,0,0,0,0,0,6,2,40,0,,,,,
sweeps,margin-0,northrop-mall,eac,192,48,direct,replacement,off,very-constrained,0.75,150,quick-turn,off-axis,200,6500,6750,8.63403,0.341463,32.3097,0.975833,32.3097,15278,134504,390435,540875,540875,85,31,13938,13938,0,0,0,0,0,6,2,53,0,16.5254,15.7844,3900,4150,15.7303
sweeps,margin-0,superblock,eac,192,48,direct,replacement,off,moderate-mobile,10,50,stationary,off-axis,50,500,500,0.441258,0.95122,39.8548,0.987626,39.8548,228343,228343,228343,228343,228343,41,0,0,0,0,0,0,0,0,6,4,40,0,,,,,
sweeps,margin-0,superblock,eac,192,48,direct,replacement,off,moderate-mobile,10,50,quick-turn,off-axis,50,500,500,1.71636,0.853659,34.5794,0.983764,34.5794,228343,228343,914972,914972,914972,118,7,19791.7,64200.7,0,0,0,0,0,6,4,110,0,14.0973,20.4821,400,650,0
sweeps,margin-0,superblock,eac,192,48,direct,replacement,off,constrained-mobile,2,100,stationary,off-axis,120,1250,1250,1.5096,0.878049,39.8548,0.987626,39.8548,151335,228343,228343,228343,228343,41,0,0,0,0,0,0,0,0,6,4,40,0,,,,,
sweeps,margin-0,superblock,eac,192,48,direct,replacement,off,constrained-mobile,2,100,quick-turn,off-axis,120,1250,1250,4.16558,0.682927,34.5794,0.983764,34.5794,151335,228343,661393,661393,661393,110,27,36915,36915,0,0,0,0,0,6,4,82,0,17.3665,17.2129,1650,1650,0
sweeps,margin-0,superblock,eac,192,48,direct,replacement,off,very-constrained,0.75,150,stationary,off-axis,210,2750,2750,3.56385,0.731707,39.8548,0.987626,39.8548,33407,143140,228343,228343,228343,41,0,0,0,0,0,0,0,0,6,3,40,0,,,,,
sweeps,margin-0,superblock,eac,192,48,direct,replacement,off,very-constrained,0.75,150,quick-turn,off-axis,210,6750,7000,9.02896,0.317073,34.5794,0.983764,34.5794,33407,143140,372965,562552,562552,102,30,11125.3,11125.3,0,0,0,0,0,6,3,71,0,17.4586,17.1208,4150,4400,10.6659
sweeps,margin-15,northrop-mall,eac,192,48,direct,replacement,off,moderate-mobile,10,50,stationary,off-axis,50,750,750,0.57475,0.926829,31.9272,0.976746,31.9272,712655,712655,712655,712655,712655,73,0,0,277626,0,0,0,0,0,6,5,72,0,,,,,
sweeps,margin-15,northrop-mall,eac,192,48,direct,replacement,off,moderate-mobile,10,50,quick-turn,off-axis,50,750,750,1.71517,0.853659,32.3097,0.975833,32.3097,712655,712655,1566693,1566693,1566693,181,0,0,503550,0,0,0,0,0,6,5,180,0,10.6918,21.6179,400,400,0
sweeps,margin-15,northrop-mall,eac,192,48,direct,replacement,off,constrained-mobile,2,100,stationary,off-axis,120,2000,2250,2.23993,0.780488,31.9272,0.976746,31.9272,158468,405186,712655,712655,712655,73,0,0,277626,0,0,0,0,0,6,3,72,0,,,,,
sweeps,margin-15,northrop-mall,eac,192,48,direct,replacement,off,constrained-mobile,2,100,quick-turn,off-axis,120,2000,4250,4.69879,0.585366,32.3097,0.975833,32.3097,158468,405186,1099443,1145303,1145303,135,10,27492,335828,0,0,0,0,0,6,3,124,0,15.9926,16.3171,1650,1650,4.60333
sweeps,margin-15,northrop-mall,eac,192,48,direct,replacement,off,very-constrained,0.75,150,stationary,off-axis,200,5000,5250,5.71652,0.487805,31.9272,0.976746,31.9272,15278,134504,416797,712655,712655,73,0,0,277626,0,0,0,0,0,6,3,72,0,,,,,
sweeps,margin-15,northrop-mall,eac,192,48,direct,replacement,off,very-constrained,0.75,150,quick-turn,off-axis,200,6750,6750,8.71926,0.341463,32.3097,0.975833,32.3097,15278,134504,387082,807020,807020,106,20,18625.5,280083,0,0,0,0,0,6,3,85,0,16.5254,15.7844,4150,4150,15.7303
sweeps,margin-15,superblock,eac,192,48,direct,replacement,off,moderate-mobile,10,50,stationary,off-axis,50,500,500,0.441258,0.95122,39.8548,0.987626,39.8548,495878,495878,495878,495878,495878,73,0,0,267535,0,0,0,0,0,6,4,72,0,,,,,
sweeps,margin-15,superblock,eac,192,48,direct,replacement,off,moderate-mobile,10,50,quick-turn,off-axis,50,500,500,1.58369,0.878049,34.5794,0.983764,34.5794,495878,495878,1565158,1565158,1565158,180,1,6250,575577,0,0,0,0,0,6,6,178,0,12.7648,21.8146,400,400,0
sweeps,margin-15,superblock,eac,192,48,direct,replacement,off,constrained-mobile,2,100,stationary,off-axis,120,1250,1250,1.5096,0.878049,39.8548,0.987626,39.8548,151335,377146,495878,495878,495878,73,0,0,267535,0,0,0,0,0,6,4,72,0,,,,,
sweeps,margin-15,superblock,eac,192,48,direct,replacement,off,constrained-mobile,2,100,quick-turn,off-axis,120,1250,1250,4.2322,0.658537,34.5794,0.983764,34.5794,151335,377146,1117938,1244063,1244063,155,14,64877,563910,0,0,0,0,0,6,5,140,0,17.3665,17.2129,1650,1900,0
sweeps,margin-15,superblock,eac,192,48,direct,replacement,off,very-constrained,0.75,150,stationary,off-axis,210,2750,2750,3.56385,0.731707,39.8548,0.987626,39.8548,33407,143140,399631,495878,495878,73,0,0,267535,0,0,0,0,0,6,3,72,0,,,,,
sweeps,margin-15,superblock,eac,192,48,direct,replacement,off,very-constrained,0.75,150,quick-turn,off-axis,210,7000,7250,9.27349,0.292683,34.5794,0.983764,34.5794,33407,143140,385311,862985,862985,122,18,18415.3,311558,0,0,0,0,0,6,3,99,0,17.4586,17.1208,4400,4650,10.6659
sweeps,no-cancel,northrop-mall,eac,192,48,direct,replacement,off,moderate-mobile,10,50,stationary,off-axis,50,750,750,0.57475,0.926829,31.9272,0.976746,31.9272,491485,491485,491485,491485,491485,46,0,0,56456,0,0,0,0,0,6,5,45,0,,,,,
sweeps,no-cancel,northrop-mall,eac,192,48,direct,replacement,off,moderate-mobile,10,50,quick-turn,off-axis,50,750,750,1.74532,0.853659,32.3097,0.975833,32.3097,491485,491485,1183592,1183592,1183592,132,0,0,160100,0,0,0,0,0,6,5,131,0,11.2277,21.082,400,400,0
sweeps,no-cancel,northrop-mall,eac,192,48,direct,replacement,off,constrained-mobile,2,100,stationary,off-axis,120,2000,2250,2.23993,0.780488,31.9272,0.976746,31.9272,158468,405186,491485,491485,491485,46,0,0,56456,0,0,0,0,0,6,3,45,0,,,,,
sweeps,no-cancel,northrop-mall,eac,192,48,direct,replacement,off,constrained-mobile,2,100,quick-turn,off-axis,120,2000,4250,4.77757,0.585366,32.3097,0.975833,32.3097,158468,405186,1005072,1005072,1005072,105,0,0,221864,0,0,0,0,0,6,3,104,0,16.5254,15.7844,1650,1650,4.60333
sweeps,no-cancel,northrop-mall,eac,192,48,direct,replacement,off,very-constrained,0.75,150,stationary,off-axis,200,5000,5250,5.71652,0.487805,31.9272,0.976746,31.9272,15278,134504,411950,491485,491485,46,0,0,56456,0,0,0,0,0,6,2,45,0,,,,,
sweeps,no-cancel,northrop-mall,eac,192,48,direct,replacement,off,very-constrained,0.75,150,quick-turn,off-axis,200,7000,7000,9.09145,0.317073,32.3097,0.975833,32.3097,15278,134504,407926,673481,673481,67,0,0,146544,0,0,0,0,0,6,2,66,0,16.5271,15.7826,4400,4400,15.7303
sweeps,no-cancel,superblock,eac,192,48,direct,replacement,off,moderate-mobile,10,50,stationary,off-axis,50,500,500,0.441258,0.95122,39.8548,0.987626,39.8548,278082,278082,278082,278082,278082,46,0,0,49739,0,0,0,0,0,6,4,45,0,,,,,
sweeps,no-cancel,superblock,eac,192,48,direct,replacement,off,moderate-mobile,10,50,quick-turn,off-axis,50,500,500,1.71912,0.853659,34.5794,0.983764,34.5794,278082,278082,1058766,1058766,1058766,128,0,0,248290,0,0,0,0,0,6,4,127,0,13.0515,21.5279,400,650,0
sweeps,no-cancel,superblock,eac,192,48,direct,replacement,off,constrained-mobile,2,100,stationary,off-axis,120,1250,1250,1.5096,0.878049,39.8548,0.987626,39.8548,151335,278082,278082,278082,278082,46,0,0,49739,0,0,0,0,0,6,4,45,0,,,,,
sweeps,no-cancel,superblock,eac,192,48,direct,replacement,off,constrained-mobile,2,100,quick-turn,off-axis,120,1250,1250,4.35591,0.658537,34.5794,0.983764,34.5794,151335,278082,856240,856240,856240,106,0,0,212702,0,0,0,0,0,6,4,105,0,17.4586,17.1208,1650,1900,0
sweeps,no-cancel,superblock,eac,192,48,direct,replacement,off,very-constrained,0.75,150,stationary,off-axis,210,2750,2750,3.56401,0.731707,39.8548,0.987626,39.8548,33407,143140,278082,278082,278082,46,0,0,49739,0,0,0,0,0,6,3,45,0,,,,,
sweeps,no-cancel,superblock,eac,192,48,direct,replacement,off,very-constrained,0.75,150,quick-turn,off-axis,210,7000,7250,9.30518,0.292683,34.5794,0.983764,34.5794,33407,143140,414722,676799,676799,85,0,0,132414,0,0,0,0,0,6,3,84,0,17.4586,17.1208,4400,4650,10.6659
sweeps,bootstrap-not-alone,northrop-mall,eac,192,48,direct,replacement,off,moderate-mobile,10,50,stationary,off-axis,80,750,750,0.457726,0.926829,31.9272,0.976746,31.9272,491485,491485,491485,491485,491485,46,0,0,56456,0,0,0,0,0,7,4,45,0,,,,,
sweeps,bootstrap-not-alone,northrop-mall,eac,192,48,direct,replacement,off,moderate-mobile,10,50,quick-turn,off-axis,80,750,750,1.62272,0.853659,32.3097,0.975833,32.3097,491485,491485,1162775,1162775,1162775,133,4,0,134513,0,0,0,0,0,7,4,128,0,10.8973,21.4124,400,400,0
sweeps,bootstrap-not-alone,northrop-mall,eac,192,48,direct,replacement,off,constrained-mobile,2,100,stationary,off-axis,250,2000,2000,1.60637,0.804878,31.9272,0.976746,31.9272,177819,435029,491485,491485,491485,46,0,0,56456,0,0,0,0,0,7,3,45,0,,,,,
sweeps,bootstrap-not-alone,northrop-mall,eac,192,48,direct,replacement,off,constrained-mobile,2,100,quick-turn,off-axis,250,2000,2000,4.13958,0.609756,32.3097,0.975833,32.3097,177819,435029,958596,958596,958596,115,17,25983.7,133902,0,0,0,0,0,7,3,97,0,15.9777,16.3321,1650,1650,3.01085
sweeps,bootstrap-not-alone,northrop-mall,eac,192,48,direct,replacement,off,very-constrained,0.75,150,stationary,off-axis,560,4750,5000,4.78336,0.512195,31.9272,0.976746,31.9272,78818,148516,435029,491485,491485,46,0,0,56456,0,0,0,0,0,7,2,45,0,,,,,
sweeps,bootstrap-not-alone,northrop-mall,eac,192,48,direct,replacement,off,very-constrained,0.75,150,quick-turn,off-axis,560,6500,6750,8.09381,0.341463,32.3097,0.975833,32.3097,78818,148516,374721,614533,614533,86,27,29969.5,87596.5,0,0,0,0,0,7,2,58,0,16.5254,15.7844,3900,4150,14.8961
sweeps,bootstrap-not-alone,superblock,eac,192,48,direct,replacement,off,moderate-mobile,10,50,stationary,off-axis,60,500,500,0.368517,0.95122,39.8548,0.987626,39.8548,278082,278082,278082,278082,278082,46,0,0,49739,0,0,0,0,0,7,4,45,0,,,,,
sweeps,bootstrap-not-alone,superblock,eac,192,48,direct,replacement,off,moderate-mobile,10,50,quick-turn,off-axis,60,500,500,1.56623,0.878049,34.5794,0.983764,34.5794,278082,278082,1034992,1034992,1034992,129,4,2500,229958,0,0,0,0,0,7,4,124,0,12.7617,21.8177,400,400,0
sweeps,bootstrap-not-alone,superblock,eac,192,48,direct,replacement,off,constrained-mobile,2,100,stationary,off-axis,180,1250,1250,1.32003,0.878049,39.8548,0.987626,39.8548,168962,278082,278082,278082,278082,46,0,0,49739,0,0,0,0,0,7,3,45,0,,,,,
sweeps,bootstrap-not-alone,superblock,eac,192,48,direct,replacement,off,constrained-mobile,2,100,quick-turn,off-axis,180,1250,1250,3.91548,0.682927,34.5794,0.983764,34.5794,168962,278082,782443,782443,782443,114,20,41097.3,138905,0,0,0,0,0,7,3,93,0,17.0198,17.5596,1400,1650,0
sweeps,bootstrap-not-alone,superblock,eac,192,48,direct,replacement,off,very-constrained,0.75,150,stationary,off-axis,370,2500,2500,2.86251,0.756098,39.8548,0.987626,39.8548,50582,158377,278082,278082,278082,46,0,0,49739,0,0,0,0,0,7,3,45,0,,,,,
sweeps,bootstrap-not-alone,superblock,eac,192,48,direct,replacement,off,very-constrained,0.75,150,quick-turn,off-axis,370,6500,7000,8.67646,0.317073,34.5794,0.983764,34.5794,50582,158377,397525,642006,642006,102,24,29611,90579,0,0,0,0,0,7,3,77,0,17.4586,17.1208,3900,4400,10.2848
sweeps,detail-ratio-2,northrop-mall,eac,192,48,direct,replacement,off,moderate-mobile,10,50,stationary,off-axis,50,750,750,0.57475,0.926829,31.9272,0.976746,31.9272,491485,491485,491485,491485,491485,46,0,0,56456,0,0,0,0,0,6,5,45,0,,,,,
sweeps,detail-ratio-2,northrop-mall,eac,192,48,direct,replacement,off,moderate-mobile,10,50,quick-turn,off-axis,50,750,750,1.73975,0.853659,32.3097,0.975833,32.3097,491485,491485,1162775,1162775,1162775,133,4,0,134513,0,0,0,0,0,6,5,128,0,10.8973,21.4124,400,400,0
sweeps,detail-ratio-2,northrop-mall,eac,192,48,direct,replacement,off,constrained-mobile,2,100,stationary,off-axis,120,2000,2250,2.23993,0.780488,31.9272,0.976746,31.9272,158468,405186,491485,491485,491485,46,0,0,56456,0,0,0,0,0,6,3,45,0,,,,,
sweeps,detail-ratio-2,northrop-mall,eac,192,48,direct,replacement,off,constrained-mobile,2,100,quick-turn,off-axis,120,2000,4000,4.60991,0.609756,32.3097,0.975833,32.3097,158468,405186,936971,936971,936971,113,19,40911.5,148916,0,0,0,0,0,6,3,93,0,15.9686,16.3411,1400,1400,4.60333
sweeps,detail-ratio-2,northrop-mall,eac,192,48,direct,replacement,off,very-constrained,0.75,150,stationary,off-axis,200,5000,5250,5.71652,0.487805,31.9272,0.976746,31.9272,15278,134504,411950,491485,491485,46,0,0,56456,0,0,0,0,0,6,2,45,0,,,,,
sweeps,detail-ratio-2,northrop-mall,eac,192,48,direct,replacement,off,very-constrained,0.75,150,quick-turn,off-axis,200,6500,6750,8.61605,0.341463,32.3097,0.975833,32.3097,15278,134504,360565,600377,600377,85,26,15813,73440,0,0,0,0,0,6,2,58,0,16.5254,15.7844,3900,4150,15.7303
sweeps,detail-ratio-2,superblock,eac,192,48,direct,replacement,off,moderate-mobile,10,50,stationary,off-axis,50,500,500,0.441258,0.95122,39.8548,0.987626,39.8548,278082,278082,278082,278082,278082,46,0,0,49739,0,0,0,0,0,6,4,45,0,,,,,
sweeps,detail-ratio-2,superblock,eac,192,48,direct,replacement,off,moderate-mobile,10,50,quick-turn,off-axis,50,500,500,1.63897,0.878049,34.5794,0.983764,34.5794,278082,278082,1034992,1034992,1034992,129,4,2500,229958,0,0,0,0,0,6,4,124,0,12.7617,21.8177,400,400,0
sweeps,detail-ratio-2,superblock,eac,192,48,direct,replacement,off,constrained-mobile,2,100,stationary,off-axis,120,1250,1250,1.5096,0.878049,39.8548,0.987626,39.8548,151335,278082,278082,278082,278082,46,0,0,49739,0,0,0,0,0,6,4,45,0,,,,,
sweeps,detail-ratio-2,superblock,eac,192,48,direct,replacement,off,constrained-mobile,2,100,quick-turn,off-axis,120,1250,1250,4.10504,0.682927,34.5794,0.983764,34.5794,151335,278082,782443,782443,782443,114,20,41097.3,138905,0,0,0,0,0,6,4,93,0,17.0198,17.5596,1400,1650,0
sweeps,detail-ratio-2,superblock,eac,192,48,direct,replacement,off,very-constrained,0.75,150,stationary,off-axis,210,2750,2750,3.56401,0.731707,39.8548,0.987626,39.8548,33407,143140,278082,278082,278082,46,0,0,49739,0,0,0,0,0,6,3,45,0,,,,,
sweeps,detail-ratio-2,superblock,eac,192,48,direct,replacement,off,very-constrained,0.75,150,quick-turn,off-axis,210,6500,7000,9.03343,0.317073,34.5794,0.983764,34.5794,33407,143140,376308,620789,620789,102,25,13259,69362,0,0,0,0,0,6,3,76,0,17.4586,17.1208,3900,4400,10.6659
sweeps,link-to-earliest,northrop-mall,eac,192,48,direct,replacement,off,moderate-mobile,10,50,stationary,off-axis,50,750,750,0.425727,0.926829,31.9272,0.976746,31.9272,491485,491485,491485,491485,491485,46,0,0,56456,0,0,0,0,0,6,2,45,0,,,,,
sweeps,link-to-earliest,northrop-mall,eac,192,48,direct,replacement,off,moderate-mobile,10,50,quick-turn,off-axis,50,750,750,1.59147,0.853659,32.3097,0.975833,32.3097,491485,491485,1163074,1163074,1163074,133,4,0,130902,0,0,0,0,0,6,3,128,0,11.0705,21.2392,400,400,0
sweeps,link-to-earliest,northrop-mall,eac,192,48,direct,replacement,off,constrained-mobile,2,100,stationary,off-axis,120,2000,2000,2.02392,0.804878,31.9272,0.976746,31.9272,189124,435029,491485,491485,491485,46,0,0,56456,0,0,0,0,0,6,1,45,0,,,,,
sweeps,link-to-earliest,northrop-mall,eac,192,48,direct,replacement,off,constrained-mobile,2,100,quick-turn,off-axis,120,2000,2000,4.35482,0.634146,32.3097,0.975833,32.3097,189124,435029,958947,958947,958947,111,11,14645,136178,0,0,0,0,0,6,1,99,0,15.9836,16.3261,1400,1400,3.02377
sweeps,link-to-earliest,northrop-mall,eac,192,48,direct,replacement,off,very-constrained,0.75,150,stationary,off-axis,200,4750,5000,5.36218,0.512195,31.9272,0.976746,31.9272,54742,158468,435029,491485,491485,46,0,0,56456,0,0,0,0,0,6,1,45,0,,,,,
sweeps,link-to-earliest,northrop-mall,eac,192,48,direct,replacement,off,very-constrained,0.75,150,quick-turn,off-axis,200,6250,6500,8.24442,0.365854,32.3097,0.975833,32.3097,54742,158468,396614,600377,600377,86,26,5887,73440,0,0,0,0,0,6,1,59,0,16.5174,15.7923,3650,3900,14.7171
sweeps,link-to-earliest,superblock,eac,192,48,direct,replacement,off,moderate-mobile,10,50,stationary,off-axis,50,500,500,0.431281,0.95122,39.8548,0.987626,39.8548,278082,278082,278082,278082,278082,46,0,0,49739,0,0,0,0,0,6,4,45,0,,,,,
sweeps,link-to-earliest,superblock,eac,192,48,direct,replacement,off,moderate-mobile,10,50,quick-turn,off-axis,50,500,500,1.5951,0.878049,34.5794,0.983764,34.5794,278082,278082,1086660,1086660,1086660,133,5,0,162707,0,0,0,0,0,6,4,127,0,12.3379,22.2415,400,400,0
sweeps,link-to-earliest,superblock,eac,192,48,direct,replacement,off,constrained-mobile,2,100,stationary,off-axis,120,1250,1250,1.47066,0.878049,39.8548,0.987626,39.8548,161920,278082,278082,278082,278082,46,0,0,49739,0,0,0,0,0,6,2,45,0,,,,,
sweeps,link-to-earliest,superblock,eac,192,48,direct,replacement,off,constrained-mobile,2,100,quick-turn,off-axis,120,1250,1250,3.97109,0.682927,34.5794,0.983764,34.5794,161920,278082,794735,794735,794735,115,20,45774,143582,0,0,0,0,0,6,2,94,0,16.9784,17.601,1400,1650,0
sweeps,link-to-earliest,superblock,eac,192,48,direct,replacement,off,very-constrained,0.75,150,stationary,off-axis,210,2750,2750,3.48475,0.731707,39.8548,0.987626,39.8548,53400,148207,278082,278082,278082,46,0,0,49739,0,0,0,0,0,6,1,45,0,,,,,
sweeps,link-to-earliest,superblock,eac,192,48,direct,replacement,off,very-constrained,0.75,150,quick-turn,off-axis,210,6500,6750,8.64839,0.341463,34.5794,0.983764,34.5794,53400,148207,399560,622413,622413,102,25,14883,70986,0,0,0,0,0,6,1,76,0,17.3665,17.2129,3900,4150,10.6787
